did	meanlog	sdlog
did:plc:225ye7dykffy6bpc2ppyud37	6.83493249822891	2.01223196358604
did:plc:22bofth3ephz7mwjenak6ves	7.48215484125799	2.34307927896429
did:plc:22c2ok43udop4zqoqpy72ejg	8.74955272717838	1.3483214856152
did:plc:22fyoakkfli6tcd5kmozvvxp	7.29150374863096	1.54264275262567
did:plc:22ggikaclis4opquajbyyjeb	6.8459108610551	2.76426910813589
did:plc:22jk6fbbgwlrwmfiqufttb6s	6.76173456749319	2.01120574435492
did:plc:22m4kc2r5hfwx3r22fowd3ld	7.75307029549489	2.04753577872336
did:plc:22mq5gwrane3v3resyjs62qg	7.4190001924697	1.56863277557961
did:plc:22nkscs2h22gouiaj3k76xoh	7.44374786751311	1.95348474825008
did:plc:236ugng2r3dvndkupiyubnxv	8.46053817825102	1.76634852031363
did:plc:23aerrvpwy3ncnnkn7m7stho	6.95093453494528	1.92825254439069
did:plc:23bmz75s75dmj4yb32w5yeew	7.05114555306449	2.8389673815363
did:plc:23cetdqpg4p56a7lo6s6hhr5	6.89932358810452	2.0742639923119
did:plc:23dqupyzm76rr36ohwh4cfn4	6.60545431157323	1.90134178136989
did:plc:23hw3atxbjz7ukueu5vflclm	6.86460451432063	2.2024285557653
did:plc:23oekqdowvyql2yqm6dx25iy	7.40257758432451	1.934198187261
did:plc:23vrwzeox3gsyk6vw4srzkcw	6.51917386870364	1.67626571151861
did:plc:23xjb5aeghfvfz7ewgcbbajz	8.39532764515251	1.49539412704071
did:plc:242pryljgkmzgl5gzdwp7pfu	7.18447636684172	1.722583302778
did:plc:2452u7s6seau4ty63cccblyh	6.92959017246349	2.15639128878562
did:plc:245epjggozlt6yqnlnrs6oir	8.37684676412545	1.56152233118431
did:plc:246i3y35k5cwsjdibwekixfv	7.57639188154787	1.88575833447455
did:plc:246nozpk25f5hqvrihpr5zlk	7.39523126607933	1.99887932023642
did:plc:247r4pqjbead3ja4gi6luuqv	6.83678199211112	2.15715034881392
did:plc:24bknnf7nhi55pbo5vnohttr	8.19270003184719	1.47074445924704
did:plc:24dfjxegqyieedx5tz4qoai4	6.38537436947742	1.99600043048084
did:plc:24h73yzg24afxgs5bhubwxwm	7.09476273275176	2.69889905025987
did:plc:24icq75goz5q5hhyccao75qf	7.03010766005972	1.93978029295817
did:plc:24jxec6pqzzhzaffl36vq3mx	7.51918062787019	1.87240464704228
did:plc:24mb7e2rc3t33di3awulo5x3	8.10134853049189	1.48323876659569
did:plc:24w7pmdkexffaoinhjdktnvz	6.92535819467348	2.19493430641218
did:plc:257wekqxg4hyapkq6k47igmp	6.90195062958678	1.79029111399935
did:plc:25cbnme325tnqcac6znukgei	7.09918932412926	2.0923211588589
did:plc:25i6cpod7srfq65ve4avgyzk	7.49250419737792	1.62025583857163
did:plc:25pvf7lsgdsryibpd7wwc4uh	7.86631684099565	1.39381869022729
did:plc:25qqquy3xbzrrco6zbpjizqf	7.12245780182273	1.71395714142567
did:plc:25wek72o2vmmzo4vr7baey4w	6.60164578778076	2.81168382199883
did:plc:25zaihfainr3taifdoqic53h	6.90690812671503	1.87912265453486
did:plc:263ixbri4holavs2wnyjfngc	6.42662523254689	1.83125699498544
did:plc:2644m7jnaobv5gbehy53ohui	7.78675180610761	1.32222625961128
did:plc:26ayhdsynfm3rbjm2w3bsvtz	6.67417818118777	1.77419665378153
did:plc:26d5atq6hnmdmwb736wimdfg	7.72621626160835	1.39417836602472
did:plc:26g4zlr5bgjkvkjw2i2ukr3m	8.10774812196081	1.40896226483937
did:plc:26imfrif6xc3xlodobfcypod	7.54203929899409	1.71638516324746
did:plc:26l47egxeqpkbdrjg24wesvp	7.16102765740104	2.10710682710974
did:plc:26ohjahylcmxt47kx3gklvap	7.79144359917262	1.90754445592084
did:plc:26p3k3tkrqgmxrs2mevng25y	7.82077510239857	1.76297437185188
did:plc:26wtidwfuthodvhfcjccu5md	8.19890122270215	1.71694938869772
did:plc:26xnq4uegxbtvlrkrpevtnoh	7.26951100438922	2.37877461793935
did:plc:272qkfam5t7gunl5agkvjcay	8.37093449868402	1.72891688289662
did:plc:275ylb3lzlfsgdjb7t2m5ofy	6.4084875037609	2.20528545289935
did:plc:277uyfkatg6mzwtfitjmboye	7.21805130739847	2.1387275244412
did:plc:27bgp6atgohtxxa3njy5g2el	8.85039991007006	1.38291346358698
did:plc:27bl4ma44vh4aby42eaaix4n	6.56582434389687	1.85907548637724
did:plc:27iiolpcamfan7y6xthggmb6	7.46059266893849	1.9399334949447
did:plc:27k7pbbtynaqtjj5hd6fi75d	7.00694477385785	2.04638512574674
did:plc:27kyj6dmb5oe63j6cposh3io	8.11115074495102	1.66623856552849
did:plc:27sdlb3f6oqn43l6nptffhee	8.38260216908199	1.19794110533084
did:plc:27tzszvb6fvtc6vinuemvl3x	6.96001380418801	1.46650985489571
did:plc:27vpikmkrlmoyk3lz77n6n7l	7.04126164649953	2.22365913370011
did:plc:27vxrn2zc6lcv364ala4zjip	7.43424553890897	2.37428027083549
did:plc:27wdndxpjo7luivtese2za4e	6.28235368270022	1.7566534551152
did:plc:27xn73b4paztyyts6daa27fb	7.23009275123316	1.6138223689367
did:plc:2a667lmb5oneu7aze66osiif	7.32876665141425	1.85562760835493
did:plc:2a6pqcmfw57ilswfbshpyjw5	6.62092084815135	2.15309230779668
did:plc:2aczg2wxwl6wzc2qshqgsbtu	7.09825030216396	2.45357412872475
did:plc:2adwwe7ycqxiq6htrlfpfq3v	7.16917568408841	1.49498554684353
did:plc:2agpggb7qrmu2vhxhewbugvu	7.38482667181524	2.04889776790292
did:plc:2aj6f7v5eefb77t7fnetnknd	7.1703631807304	2.6118290114313
did:plc:2amvd4gclzbffgpyixw7avzk	8.02777715577196	1.69204395947424
did:plc:2aqybdhkgskcgdhm5gh3coqw	7.47481460842088	1.55292812836076
did:plc:2avf66vd6ityw5bpjmovsrwp	7.32334470794947	2.29944370242631
did:plc:2awnpmkjbzltpr3bbq3cnrlp	7.88511877899722	2.01299228921372
did:plc:2aypdhihxjfvvlor5nnikcpm	7.661819806466	2.16754329334201
did:plc:2b33wsregwr5laxshti2w34a	6.43221727347209	0.942309779883399
did:plc:2b3ldl5iw5gua4ihkyzuzurn	6.70945724641469	2.13889033660417
did:plc:2b63hv6xpuuwby5e2smvezwk	7.11645422193336	2.61004203484065
did:plc:2bffmluopgwofqko4pxc4y32	7.45899151575563	1.9275200845592
did:plc:2bippqetokgbw6b5ka5rqffi	7.44219035821161	1.67997183542566
did:plc:2bjoelsss77ctiw5d4gnpdnr	6.65399594195864	1.9169080602232
did:plc:2btg42uudtcuzobcamwztgrh	8.06359520429163	1.97483917447194
did:plc:2bw3rmsxra5vdofx7eb34xpl	7.34255770994453	2.46092348273875
did:plc:2bxwgcie2w4hhyrexdjj4ge7	6.96038397655635	1.9947543878488
did:plc:2by2ubq4j4xkgqhnt3h27x4t	6.35885102383161	1.94159788966322
did:plc:2c2wkphix2apu3negrptsbi5	6.90789861723265	2.35088180383027
did:plc:2c5oxf3jakzvmzq5vlttaala	7.22022875341713	2.00807072535051
did:plc:2cfwhq3haaw47zcr3gtu3el6	7.71706367681413	1.78029610339003
did:plc:2cjs7gsehmhzczsk6tc7o4y3	7.36924813432555	1.89211090052569
did:plc:2ckzf43ucemnr2uxlcluj7vo	6.94765004265049	2.30860099839356
did:plc:2coiglturus6fxvm7afrutup	7.48309118555273	1.66362454585816
did:plc:2cvbaevozize4lbivzlhjrf3	7.34224137313817	2.21287801808655
did:plc:2cwkm4qt5xp43nonn5wuwmwn	7.31918386804298	2.41759657329387
did:plc:2cwm3os6tzkcayb4jr5x5jsq	7.30612964847236	2.08607661380371
did:plc:2d47y6spvdua4fvbekyopwag	6.5726945540558	1.82314498794587
did:plc:2d6z3pbvksrb5glnbc7ox24g	7.62548593277919	1.78495941107104
did:plc:2d7dppz5rrvcu7yinte77464	6.7427529224167	2.05227984219678
did:plc:2dfexqe5ocpu6y3iwdw3tdqk	7.58274569584856	2.00021135330904
did:plc:2drkk3txe7ritjybnlihowhj	6.55334156204686	2.55022886000645
did:plc:2dt6thyfke44suyypsnvzsbp	7.1544525888907	2.05404984721165
did:plc:2dwt3zfv6ijuuci7l3xto5yu	7.74482043534908	1.85109741624074
did:plc:2dxhc67tuhmfggw4tqmdn72b	7.58774799904848	1.84301708783502
did:plc:2e2evblhba2novxiofqzzrki	8.62827751994994	1.4457888088581
did:plc:2e2m5enduxheosbpqx6tqgzp	6.10471333543456	1.96137225632195
did:plc:2e7r63tqkfrb5zjpgjj3khbe	7.84189128333514	1.65024439008549
did:plc:2ehtxyxekinl5q7drk6mjagr	7.13171738465868	1.94959504477685
did:plc:2ei7fknyiw4dggcio35r5k7u	7.54462665905353	2.19449502943987
did:plc:2ekx4dsupwiobwdfjovauxj4	7.23190100501672	2.29794663360328
did:plc:2eq3273yo4eq7xi7wxz2wqav	7.32897297065059	1.80328516959791
did:plc:2ewd4z2bghnf25y5lghzz5sg	6.29320708804903	1.9931704486054
did:plc:2f2hj2uzsrkcjlr4a6crcf3v	6.35139446812054	1.97164029932524
did:plc:2f3onovjc4guj7ys3hmw7uic	8.81023566102075	1.24437115362934
did:plc:2fg6nqvpmpqe3qqjfe3ohhjh	5.96872916219414	1.87632286705866
did:plc:2flh2miwa3pqfvww4hlu5mpj	8.53751361361026	1.22720572919256
did:plc:2fmvs5mxj33yvv4vcdtw4d2u	7.0479236421086	1.91155471399305
did:plc:2fomrpx4jkvehobzzvjxubk7	7.34611011126365	1.78589473163706
did:plc:2fopterjpcgcxfozbra63w4g	6.74019771030204	2.46670360154972
did:plc:2fqqhimzn6nk3iclureepd4z	7.05771649319038	1.80055702505317
did:plc:2fs2wbyn3mti3h5emj35c54o	7.0787358624527	1.70722180642012
did:plc:2fu6fiy4m6kzk2lt5rdzjanm	7.7858025341151	1.93700111736252
did:plc:2fvxsn2e7vao3kb5yjibk4jq	6.77839809221013	2.47617012164612
did:plc:2g5cfqehwdexjadcvfrsqlek	8.12418767635452	1.6865728096657
did:plc:2g6ywlkazb63lgtlq5migf4h	7.58418728682689	2.15455208931272
did:plc:2gajc43itmwhngl7h2wchse4	6.93669770976068	2.01222383741855
did:plc:2giaqro5nztkd64wq42lq2oq	5.92353983672428	1.49541392264721
did:plc:2gjf7dbfvu5vg6h7x3l3lot4	6.92512489202021	1.99866748283775
did:plc:2gjzleaibcw55mnpazie67bn	7.52311523252324	1.70968561552517
did:plc:2gtosy77tjnd246hzjmnyczq	7.07168870808121	1.68051547383861
did:plc:2gvji5g2rhuzrplemtu5idrv	7.098414381428	2.073653667863
did:plc:2gy7kfae7qsi7frycuexolah	6.77524056953415	2.17227522917879
did:plc:2gz5b6xn4m2taq3u3btah3wm	8.20769754793189	1.7993721474523
did:plc:2h24hp6fuw4xedkuobt3bgmw	6.62578955733127	2.70819673681115
did:plc:2h2dugxutmjljgnker6ndy7k	8.10133108696373	1.73767169200599
did:plc:2h7qnz5tgglxp25ysq6tixzn	6.72450426051177	2.21438095064484
did:plc:2haevfjz6gsy5lbm7vfwogbn	6.35192019471587	1.76291434633814
did:plc:2hf2oy7klxldmtznuz2zdpvm	7.45603507437117	1.77224548971328
did:plc:2hfz2kuxj3lxx4xyuhtd73gk	7.41899751744042	1.92967841633423
did:plc:2hl67cxlbnm5yxydsqhrgfoi	6.67005476518489	2.2783909630749
did:plc:2htr6vzopp6mejep7qcpszru	8.51638814009407	1.02197056403139
did:plc:2hwofeyn7fwnwjnjz2ery7eo	6.39843019756089	1.84043153748421
did:plc:2hxzdn5lz7mqpelwxcziym2r	7.31049396387585	2.5252116136354
did:plc:2hydmee4p3evne3avg5enmpm	8.16493974551908	1.72049089415162
did:plc:2i24wpyolqidbm3jww7ijknj	7.48409497045232	2.02460505474784
did:plc:2i3xrw3uzhwcc3gyxcq2huhp	7.450682996314	2.0251041783593
did:plc:2i6nw3wc7vws4rb43kd7oxxy	8.26249046593008	1.41591573248078
did:plc:2ikn3ak5dgihkfski47wzvwc	7.21301031810304	2.07404816304849
did:plc:2ioreeuirkvnzsanuk3by3kk	6.81589469838177	2.27166468346483
did:plc:2ipscb7uwokwat7wzthtvz2h	6.56382772317588	1.95765446091353
did:plc:2iqx5ho4l7vcrtquexgqrkza	7.55679957485801	1.67765335590857
did:plc:2iuc7x737aqvwmmvbopyq774	6.97958821274548	1.87262382236571
did:plc:2izbas4qb3puhcbk5kahuhj6	8.00725916006899	1.93628629715462
did:plc:2izstpzy4vo65r75xok4smk2	7.40429083784551	2.42072032093872
did:plc:2j3mksekirmhng3j2tv4ucft	6.86426766697906	2.25683295015727
did:plc:2j6vcdelrcxt7zo5ygzcc7ys	7.6164366837739	2.08399499950117
did:plc:2jbaiktfwmngvjcqeuwjkqio	6.66277713568409	1.70544156537978
did:plc:2jbskuctfoqbzy6547lwwfkk	7.06939531564233	1.91669477046371
did:plc:2jcqipcd27yakldx5qr3636q	6.95517568491792	2.31471124910273
did:plc:2jgslrv7zmshjkuuvvmfiptz	7.4159526564426	1.69607023947329
did:plc:2jm5xfl3tbcmngji3dxl4ija	6.53389359963829	1.89323997219911
did:plc:2jmyspnq5az5dpgnk2veqgwm	8.26893116446015	1.55003222279968
did:plc:2jrav4p4nqwqdp72kf5o2i74	7.69712421038883	1.42338730899335
did:plc:2jsolhrvcpzv63grjxuafwy6	8.17399766384796	1.6405948360263
did:plc:2juhvrsumi43ld4zo4k4zbku	7.92450609825164	1.48484077028779
did:plc:2jvhrglbws53sxdb22sejgou	7.04029946725299	2.73136309820547
did:plc:2jx5qra6gw2z4gpbpljm4k4z	6.94138054772883	2.32991417935881
did:plc:2kbzfsjnt73szvctr6xsmy75	6.92891959939674	2.36924646649156
did:plc:2kdxeq5u4yf6xwp3m6o2dlq3	6.82910466301808	1.57906535164075
did:plc:2kkhhg5fe4j2fyszrxajlrjk	7.57339636868408	1.91962434891377
did:plc:2koh6n365lvj2k4jtnnpevxn	6.58162171402419	1.61842509931353
did:plc:2kskrzezhpicylhdofg75sgl	5.91271390732572	1.98640799867687
did:plc:2ktk7f7mfzuc6zsqpc7vrnne	6.31024546984702	1.9012453694742
did:plc:2ky42gbvtxgstspotlidifwh	8.05037670803331	0.513312749622912
did:plc:2l7uxpqqirho5hjudeqa62fu	6.72273416808345	2.01373805405274
did:plc:2lj2ovbk2movzadm4ghpawp2	7.22918642570469	1.34636590494381
did:plc:2lntny2pam3y7qjkqfr3z4qz	8.25142467717876	1.46453973876636
did:plc:2lnzohxdi7dw7z3e7747qjnm	6.61138547081857	1.88024674391495
did:plc:2lrji4okkw7iackae577xnh5	6.52595281434271	1.7792931556738
did:plc:2lv5zdhr6aqncw46v7zgxbio	6.55168387318742	2.22649956733002
did:plc:2lxhtfhtkpakvbdp6qyzkdrv	6.365929705347	2.00657791649856
did:plc:2lzhtb5hqihvah362p43j7wh	8.30565441729437	1.56254752704529
did:plc:2m6w3loikkt2tpvk54jj43fk	7.31421773597297	2.10146306477039
did:plc:2maeifdzjsiawobymlym5mwb	7.35366391816918	1.88066124738133
did:plc:2mawqdtzrznxmorwd2mptpn4	6.49863275588834	2.09939563872759
did:plc:2mdnjmtxv7dztw2xu4do3psf	7.29890624772647	1.84303455843718
did:plc:2mfdnz6ywxj5op2fbnlohjdj	8.22601125481502	1.12054199179173
did:plc:2mh5ljppxyxx47osccp6pxqn	8.01903663539549	1.25361784221309
did:plc:2ms44uy6bwvyeeskeznuxgny	7.24710770384949	2.31143619394886
did:plc:2mvegtjtk2f7bx7o6mn7v23l	6.0596840515641	2.39668856259185
did:plc:2mwiuffwso27hrjk2foke4rw	7.20426671480134	1.42524838474939
did:plc:2mzm4isvftblgpgxgxpmjlqq	7.06856078115937	2.66711761653837
did:plc:2n7ykpcaipiyyk6kbqfsx4ht	6.80787759683274	1.8662421130755
did:plc:2niam6l3ne32crenevafqmph	6.67505716979174	2.43152597043681
did:plc:2nihw4qce5tb4fwltf6apgmg	6.55075971357129	2.01119494946613
did:plc:2nimhjymjz7zcwdi5r6rhi54	8.61462288472564	1.54432908055809
did:plc:2nkakzg65ipbbiqzyulgvkoq	7.61377868629635	1.60429351481151
did:plc:2nmbbb427fmcrz32wgzd5aui	6.58276710325967	2.60092203029629
did:plc:2nxdiuvxtzt7nkqlmoqh6clq	7.36141578588997	2.24746582551468
did:plc:2nxp2fi6huvukvz7qtu2cdai	7.03301145841524	2.21387662696071
did:plc:2o2j5p7zjadyx6bvgtxpqdvi	8.33281244399726	1.34929684315052
did:plc:2ocomzjp7wsrq5cpn5rmswps	6.97895175694879	2.67003349115253
did:plc:2ofgyjvvykdcelzy52xt4pks	8.23788356016897	1.98612224333087
did:plc:2olahvc3kvo4ayhilce6w23d	7.29180157151259	1.9704224977093
did:plc:2ongdojneryazei4ybqoyvqv	7.45108777207936	1.91018907737904
did:plc:2oqsj6fzichmlfdaytbleyiv	7.40126094252919	1.04330622466864
did:plc:2osrvx6kjuu7hnp2lyz3dgxf	7.23945961599486	2.27550729743108
did:plc:2otejz54xcx5es6hskvuv34u	5.51431358173314	1.42691041211091
did:plc:2p22nhcoyi56w7vmtbdf5bol	8.86950003120005	1.07599315399499
did:plc:2p2mhxoxrm26o3y6jnegvb6e	7.323682533189	1.38117501875093
did:plc:2p5nbmyjgdt3p6y3khtj5qdg	7.54470369841571	1.72894332440739
did:plc:2p5o5supd4wr5p4v6qpsmuhg	8.01037415395085	1.98579234217215
did:plc:2pf3pg3il5rx5esrqejdmwck	6.82005660998987	1.9221876913985
did:plc:2pfl4ydk7itvk6iwbayfgquy	8.35402585620763	1.21431675444156
did:plc:2pnbimdszewlmysurctod7xs	7.33238235239511	2.36451541563096
did:plc:2pptk5dsvn5x6mie2oadlsu6	7.06949858321637	1.11511120731859
did:plc:2pqheitu62jnwjnuxbbh66pq	6.96711751990982	2.38298735169876
did:plc:2pqyad74a76lzgpbrachdyu6	8.91105488538231	0.480319254703795
did:plc:2prqgjbna5myxdwv7xckunmn	7.46175769608408	2.08717521050111
did:plc:2psan2wbmwpq2cndv35czicr	7.25658071090068	1.62586976011696
did:plc:2pue2gtnibsyku2amyiskydk	7.03485844293938	3.05584089700931
did:plc:2pxbmm6wqqxkn5crksc5drh5	7.88956108134262	1.58405761482222
did:plc:2pyckyxnxpsvhjra6cex46ia	7.11487240135917	1.68023354824286
did:plc:2pzh6omi4v7vqar6qs6ris6z	6.18336428360616	1.87095575284859
did:plc:2qayigykdw3fg4chfmp5ob2z	7.45729909568445	1.90252437836177
did:plc:2qdacui4fiueyjegm5xxfb55	7.19354760006845	1.68398922110976
did:plc:2qeg5hf3gkddc3zh2776wnb5	6.06647965863486	0.891715127945967
did:plc:2qhfb3wtbeexgmwigs7d2l2f	6.71365723818932	1.99997729176988
did:plc:2qlj24abmpdbtn6eeun5beun	7.52766338608873	1.72074472925155
did:plc:2qnryibpoaresbggk2t7c67v	7.31699005795035	2.04845000300196
did:plc:2qqdwaek7bdnua5wclml6mm5	7.6546267038917	2.12625014522625
did:plc:2qrxf4kc7qu2nv2ioy7atz4t	6.95105454694059	2.09350166590655
did:plc:2qwt7mponb46vzmrjdopnwfw	7.1894212052888	2.20691368356876
did:plc:2qya3rtbw64idyg4sny5w7i5	9.61919806610958	0.681527880072437
did:plc:2qyt5jseqhogi5pmcgt2rbvv	8.25684671833216	1.58599677655575
did:plc:2r4vir3vhe2625vjq4aliexy	6.3570987888019	2.2618522511245
did:plc:2r6y7zd2ofyszeslg7thmsmw	8.04589364975329	1.5582245279705
did:plc:2r7c2c6272knuwdev2sh3exs	7.69572543186445	1.84625676119231
did:plc:2rbfvwsscuol62r3quye2hf5	7.34501690676876	1.82661879356943
did:plc:2rgvzhdjb726rp5hfrcx5rtr	7.40589440160395	1.85948177089009
did:plc:2rszsn3u3ipilv5oh5lm5w5t	7.44389692255688	1.68115680550775
did:plc:2ruar6rgum65burg5jwthixl	5.37956043513093	1.49277471756272
did:plc:2rvjj32nntb6btynrhudoabf	7.70340525319718	1.53005104355608
did:plc:2rwajsgxivt5aog3kl46pwvb	7.94409712895958	1.46386859369638
did:plc:2rwymgvdumcwznjda3c3q65j	7.4923578112283	1.68120551431659
did:plc:2sb762lmhdu3uwvauzteif6k	8.41503256469587	0.961164594904312
did:plc:2seabpxsywmjvicd24dlzwds	6.3170717177235	2.184478092451
did:plc:2slgxaxskf5roafkecx4kefh	7.31547998272455	1.66535330369754
did:plc:2slt42cjc3p7iwyjovbe67bs	7.37967328273938	1.6776364071776
did:plc:2smm75g4dsztlixhibipfjiv	6.87560245413541	1.90725524450899
did:plc:2so3nma6j4wpqtijaesh4kng	7.22712145407282	1.90776345580113
did:plc:2so5zz34voibojgmjtvyl4ff	7.56565409323915	1.95443133939805
did:plc:2soib54a3maqj6lsaoxgkft7	7.48971208284715	1.95140066034477
did:plc:2sqiykw2rm2on6elq47z6i74	7.40683023975569	1.36184872976371
did:plc:2sqzvffq6actc26jpx3mxlnl	6.90714010947413	2.53078740126464
did:plc:2swv24gntfkjro56sgcismgs	6.91601417950049	1.96432580821568
did:plc:2sxwagwdbnbtsuwx5ijtcvsj	7.33269233014849	2.17542719035794
did:plc:2sxwgbuof4lbiyshjc4iyben	8.42510708167752	1.11113944001867
did:plc:2t2adxalfguxmhnwh77ckkb4	7.23409752716133	2.37845109484671
did:plc:2t65wz7ke4nwnmdwf5pv6nl6	6.94963592260911	1.92798084690875
did:plc:2tb7fkoauxv2wb25aosnomwu	6.73106363502187	2.51937020239573
did:plc:2tcaabgjrjsomqtps7l7jree	7.4271982960694	1.85584546210329
did:plc:2tdnjfyneljoivs55gqppe34	7.44261903127072	1.83219882401754
did:plc:2tfuhqcmzeu22hw6c4f63gnf	7.21796814074666	1.77253807304307
did:plc:2tipqrwshjcsnleurhe22uk3	6.66998266280512	2.0304820188031
did:plc:2tmgcusock7cnudac42mmbnb	7.40463079469839	1.9072823259333
did:plc:2toghcmd7eh2celhb6ns7etk	7.11295719410431	1.67218715457143
did:plc:2tpiak45i643xkqxqqtris2o	7.91526430409879	1.36319192754243
did:plc:2u2hz7cxv5p3mwkugaoalpcy	6.07726685591753	2.24082565725519
did:plc:2u65soqo54d42bqkphkh6q7o	8.07779697749469	1.83786569786598
did:plc:2uhkpvzwubzt4ig7dfybdudv	6.15411208446345	1.86605708839265
did:plc:2ukzn6kfoaxi6gcvd2ejfdbs	6.78816323211837	1.95590673834967
did:plc:2utofn4rquxpytszye7xkelz	7.15207984298175	2.64042786093441
did:plc:2uued5ghxzppmzntu7i6wcqj	7.62303941178387	1.95201560517682
did:plc:2uwxb6d5jgeubjnbggbqaew5	7.38193237325735	1.72913205142975
did:plc:2uxi7gz4offcyb76wjkflhjx	8.34098748746083	1.84629283204865
did:plc:2uz2mvi6bu44ppacglcqiokg	7.74049511620132	2.29753614355672
did:plc:2uzcipd7euj7ebll3vgvb6da	8.3568625661224	0.407976875756865
did:plc:2v2fa4i42pyc75i6trtdtshu	6.60257036427039	1.84167091615621
did:plc:2v3gggghca3gm2sk2otvccmm	8.06012196859492	2.1156321175107
did:plc:2v6wpg7f7qo2nmrtrzsxyiax	6.93326995498204	2.29620026091472
did:plc:2v7orsdzbaefnglnf5l2oalm	8.64441456702551	0.960968924331412
did:plc:2vby2s5pygwo673fj3rnt4j5	7.30588348723635	2.14719941712632
did:plc:2vd3trnb44af7waeq22kzcsv	6.71387538965317	1.68018619957387
did:plc:2veej7dyvpeeczrhtxdrxo4h	7.17950284271668	1.89213777004409
did:plc:2vkhgjar4ifsclezp2nkwnid	7.0474553557172	1.32495281922716
did:plc:2vlgzpq5xlzbdpewtvc3bg3b	6.95818280819584	2.48734036256382
did:plc:2vmlfhmtann2q34533vq36yf	7.06108980259018	2.35247926283206
did:plc:2voxu74oyu5gtm2xpoa6tyje	7.43247696349053	1.94729192977614
did:plc:2vr4zbnnmk5vm6pxif34dut7	7.88265240951249	2.10822658593375
did:plc:2vum2juf24qeaqe4jybw2xp7	7.52239844017422	2.23388861606598
did:plc:2we4yfi34vzddwdi7fxalzwz	8.46866377237972	1.28589481257096
did:plc:2wf37x2xp6krfixdh2kji7ia	6.82185118640997	1.72595231221072
did:plc:2wguwgmudsq3n7phyzjcfg5r	7.04948176279662	2.26954144363893
did:plc:2wi44bixw5sawrbh7sm5edkw	7.4089167003975	2.21758386653582
did:plc:2wmoegrzkm32u4sw6bnfmefe	7.47159922315686	1.84668619432572
did:plc:2wntmkjqkxusq743muo7sfh5	7.55532789358895	1.84548550745821
did:plc:2x274uc6xlswmxnse7ivzryd	6.49613007763442	1.95189460513866
did:plc:2x47lfaxdtixz4bvemfhwwwm	5.91893799527401	2.22676500171629
did:plc:2x7ptxgzav4ii3bbfquuaptk	6.82685876502892	1.84136194143326
did:plc:2xakxi6beuxzhh5myv2ur2zw	7.89223674013486	1.2441271032654
did:plc:2xawstckahxt7apsbfvkelbd	7.37352785740667	2.16348677741358
did:plc:2xcbvilihmodjueepqnhbghr	7.00478419773942	1.91560887865029
did:plc:2xlqd2qezihmx6iwrlh54m4a	6.83132270296356	1.91761924640277
did:plc:2xmyrlbajfevm6xebndvbyu4	7.54475248986034	1.60273240322327
did:plc:2xn6fwwms4qa4em6fpbkr3uq	7.11362425557673	2.00411701644509
did:plc:2xnvhdbnd7nqfxjyotg5bwrs	8.38740035013608	1.55056802801186
did:plc:2xr5ktxcklpm3mttvhrwqzuq	6.38253828029184	2.21344525126855
did:plc:2xrkpkfer6tj3q47msdzj53p	6.79652409711014	2.33801254161002
did:plc:2xt4eoxbdqstxqtapfaminsm	6.85028252375593	2.14644938630414
did:plc:2xtqrr5lfmlv4yrmqdt45d4c	7.88437298529057	2.30474692874568
did:plc:2ybomgululsjokm52sdaygh3	7.94323053454448	1.59224073814661
did:plc:2ydgdkbotxysqlnfzw4tylrc	8.01372119775339	2.01025162189772
did:plc:2yl7qipyvgqq753yaevod62v	6.18690615638864	1.85435705798141
did:plc:2yolquk23xmhjmy73n3emzxn	7.11946986031831	1.65580605959064
did:plc:2youpah7y4vykb4t2oyhpe2w	6.49863826368191	2.44890092431922
did:plc:2ystqc5jsj7aw2x4fdajo57w	8.07181216177329	1.51877729096524
did:plc:2ytdovdlpndfg2kau6awxncw	7.52501827846701	1.80831698535718
did:plc:2ytyon7uhamz56thrmpah4hr	6.78642557111151	0.919974909667762
did:plc:2z3ewzfjln36qh4tn2cumxdt	6.421797340676	2.91722762817624
did:plc:2z6vshttwxjo22ix7a6iocwr	8.17797934427573	1.46788527782281
did:plc:2z7dy3zzhzwomwrovnvwgceq	8.10343227800803	1.82501441504244
did:plc:2zf3fz6ddjzjwqzame6r2con	7.97206333239465	2.20719698044988
did:plc:2znylzwe25mmdvfph32ruyqa	7.54516489080101	1.95104494699657
did:plc:2zqgnhkmcxmmakttrtoufl7d	7.03657114267587	2.19591970073876
did:plc:322dnqtb5w25z2z5wc47gob4	6.6520111752488	1.90560967005469
did:plc:322rl6k3lgxthjbnmvovhqyq	6.90084712273918	1.89971031626411
did:plc:322ygozeeawpeqyeimz32zxd	6.84502486110273	1.71761588953819
did:plc:3272gdrjsuikiff7qsgokgas	7.30419458042659	2.08314860989824
did:plc:32gnfy5gudgqtavcss3yhnqx	7.42011607736238	1.627439132251
did:plc:32izcxjwrrqa4ticgp3rpmym	8.31774099476177	1.33495921183948
did:plc:32j7ybb3rqcdlkbsszgnio7l	7.18414314934204	1.71390844145602
did:plc:32kks7uirrqnxlgr2oukq5ve	8.00241619179165	2.00816427835414
did:plc:32lfkpzqdux54bpcc6gyyabu	7.85766488225885	1.94578948666163
did:plc:32n5iygmovwjhqlvvdu5rtru	7.22567430255612	1.89590592901379
did:plc:32n6ixqyuv5u2rzs4xdwck5b	7.85241495909534	1.67412606260021
did:plc:32ueklumfilovmzpgl6quqeq	7.30255181317719	2.28597924260683
did:plc:32v445njeky2ix524gdvdaim	7.16092840637131	2.33630873263181
did:plc:32vy6z55p7mp736a7e2e2izd	7.91035411750931	1.32788010097943
did:plc:32xi3cieilefis7tnxt7nolv	8.60020249090185	1.53686408248871
did:plc:333wgtwobzp6re6phosuoraa	7.07388124066613	2.24971496197443
did:plc:337c4tj2y7cftxroqsept23m	6.68823589984847	1.82452664134592
did:plc:33dsk2lkgbew6jsabocp4rad	7.44501456880764	1.75912522361469
did:plc:33dstzztb2h7arh7gprclwpw	6.24640511146386	1.64752646820256
did:plc:33lv6am6hdchmhzqqthdoruy	7.20449410641922	1.82715747834768
did:plc:33ngf3z2denxksvcqzx6hjc3	7.66202475695943	2.22665568911862
did:plc:33q2gxxopru7za277vfomvp7	7.24732811060894	2.27826480114056
did:plc:33rgcvflsw4k5frzjxxhtii2	7.95737255516679	1.8489378537394
did:plc:33tf65n43mnbbnfzq2c2cjhm	7.93327541545787	1.45234386527983
did:plc:33vbfm2kvewinfgva4idl6fn	6.15367855645366	2.66274588121048
did:plc:33vlabr5n5naktrl6xgyopoc	6.93964169672687	2.11920352452982
did:plc:33vypdwjjgzr6owncbjagh7r	6.95194255177421	1.97514796990746
did:plc:33zwrap6wsexsdebz7c3xzis	7.44051475935429	2.0309158545565
did:plc:33zz76je2t3oovcedgpgtzwx	7.5851500685639	1.89540059561688
did:plc:344xgca3woy3wtchs23xozvk	7.93382210319924	1.75994034550078
did:plc:345jypsiud4yikqb752gepkp	6.53212147040702	2.05585388161958
did:plc:345la3ibbcfagvquk7elfqe4	7.32145097672997	1.7725026424751
did:plc:345zh3npc5ypfmyyi4pvbdf5	7.6850747039968	1.61340747244304
did:plc:347hskn4tnblvsztybafeq4a	9.19534297268621	1.04953079232138
did:plc:34b5u75c6zr4xfd5iuziodu2	7.81525076328578	1.36021435612226
did:plc:34fqffntvjawcmbala6msqws	7.37135188355518	1.82429094110495
did:plc:34iygifak3exswhbfkokoxdq	8.1620412051889	1.60151384302558
did:plc:34jiz5jaj2nh65o6xndebrqi	6.89341645936737	2.18702262493941
did:plc:34jz3n47bju35dl4kkzxwkmt	6.66399625859933	2.09505530026828
did:plc:34nkvarukqmdwmpwnec4hwzu	7.84040824658794	2.22421003977604
did:plc:34on3swk5vxrmphew5ccl4d3	7.14375689030049	1.7929825529027
did:plc:34xbp7nwoowvpj6ucq27eica	7.01943422817885	1.52334055413458
did:plc:34xeqdo4s2v5lqehmfyq3fkh	7.6665369002888	2.13327747059032
did:plc:34xols2elovm3ypn6bfiduvp	6.51354757319579	1.61793670339025
did:plc:34xouvcaolrr6ecubc6o4e6c	6.73309964708829	1.96732631079437
did:plc:356vf3h26qcjvm7upg7ogzxe	6.88881373726035	2.0785517820655
did:plc:35euy5jxetj2h5cqtvaookwj	7.66975523892673	1.57818252957525
did:plc:35eye5kup5xcano44i5py7xc	7.76856639439934	1.68356438291159
did:plc:35ly6wx35ajkwfhjmfafuuqg	7.18289053571767	1.68818329995408
did:plc:35n7deou7tgaetmivilr6oke	7.65173654735729	1.97357602755592
did:plc:35oebk3ekl3c4x3ozcza26yc	7.8887567629655	1.59152009427154
did:plc:35pkuqksqksvgwp7zzrf2kzj	7.52642259155481	2.39354905936487
did:plc:35qcja3zyn4dzca3bt7hos6s	7.23747360942392	2.66098569595345
did:plc:35xhg7q23jmabxf663helxmn	6.72083886777965	2.66180377766117
did:plc:35zoypno3jydvi3cuaahdnqj	6.27022480234574	2.12721006080236
did:plc:35zvsdc5kvac2brrj6ekkarm	7.08144062260983	2.27158342245161
did:plc:366bv6bkwvsg4fwcuvb4k4qv	7.66450500782711	1.89393012210569
did:plc:367azvzat67wlpmwaprxqfux	7.24449951042034	1.94140452988213
did:plc:36huvqbekpwwkdrfqsyifjra	9.17521868995362	1.24258366494534
did:plc:36j3kkjovahthadtn5foriot	6.81948473533145	2.23502106728292
did:plc:36kgccebiem4pagsufte2t7e	7.16138457500857	2.284163892718
did:plc:36lhbobhxl767ubn3av6jq4e	7.94183319066165	1.9997363951873
did:plc:36lm7t4hmzdezc6dw2d7aada	6.65122778241729	1.7561972609783
did:plc:36oo2njds2qg5h7nvwo7a352	8.80350912684864	1.18394988768393
did:plc:36p5xgvsjbjb3ashtwa3qfco	7.72011720901038	2.10484204926299
did:plc:36qdsc4mso5ajumpch6t6beq	6.16468802141036	2.03255519834858
did:plc:36qw6xfl3rlslxuum72pg6hg	8.1670973429702	0.518724963351871
did:plc:36rmblsv5haqhyhan4ipiays	7.08041335704472	2.33434499893101
did:plc:36tqtl2bnpnzj5dd7ao77nt7	7.68934485721388	1.7946728451894
did:plc:374d5gtrz32l5ygk7tjn7bnv	6.81630483366387	2.18098216086316
did:plc:375tiijsv3an5v2u6kbp6gs5	7.98212567831078	1.54679709434338
did:plc:37ag3bl3nqnrxbk3wm2yx3un	6.98855228346694	1.84639231502418
did:plc:37ayxxns3vz3rr6nacgdzfi6	6.69205219456265	2.69533887258453
did:plc:37eafgax67jm3v7apim5vy4s	6.52815606485903	2.17150688515849
did:plc:37nxvthdcadidzhluykip57y	6.32704722540293	2.14561010900964
did:plc:37opqbf235hmxzrrmmbdd543	7.3585965339628	2.52114737049745
did:plc:37paei2nc62rnzvrl2whb5mu	7.28567208952231	2.07880725627412
did:plc:37skur46e6ewwe26fm2kjkrv	8.61243995124346	1.87204631974556
did:plc:37x672c26ymev4rygdviy2vt	7.6269624115564	1.66168414941645
did:plc:37ydjm3mdguwole6jjx4acmh	6.25358868760539	1.73440754784716
did:plc:37zmlcooxfjfxkcqm34kst2u	6.44436695388483	2.23935301758603
did:plc:3a2hyayz7rnzdk77se7kr75u	6.54588744496524	1.84558430044334
did:plc:3a6cpdwh4bgir5zjfsjqq7pr	8.05372357904033	1.6725897334304
did:plc:3abztybratpe46v4gge7fvlq	7.02748083698502	2.10602063078305
did:plc:3aga7oupdqr7yzvn2kpxua72	7.70712334632546	1.75951043870147
did:plc:3alc6sjowfkeydvwzh57mwbd	6.96222283993221	1.65775969610255
did:plc:3amxqvky5tx2plberac3qfwf	6.40624073058044	1.88863160513191
did:plc:3aozfglato2bxejjnt2y4cul	6.32401500483645	1.76327620635987
did:plc:3aqptur4syevjyl3yg3hsum5	7.4492032805621	2.31909973335002
did:plc:3avgncuh7hkag5grqzu4pqnb	7.60400971665372	2.03470574554045
did:plc:3b5leg735jtg5s4efwhgqwse	7.0281511082264	2.3683304442958
did:plc:3b6d4szr6w3t5gk4ycy6o2wq	6.16858744454379	2.01128884721941
did:plc:3bbhm7hjvcqaepbzqwc62tmj	7.62320805358855	1.75485509367145
did:plc:3bcxotv4bw5pxw7udsd4bknt	8.48301371913301	1.46536687176095
did:plc:3bhlwv6i7debryu4jxxv5t3c	6.93817971706782	1.92803463854568
did:plc:3bloog2puhqaay4gw5g2qobk	8.1476312015216	1.7338798297228
did:plc:3bmqerihiw7kj7lax7yysumd	7.60527657347295	1.93438689631247
did:plc:3bseypuduq7dapaqpxtdoybv	9.2081873165767	1.02650987253066
did:plc:3bsmdrbzmiz6pcshrwsgchgi	7.00482853271639	2.62642370026868
did:plc:3bvo6hnztf6jd5gncrf7yf5w	7.38423599333753	1.4992372856425
did:plc:3c4n2wfitqijjr4n33brmeh4	7.34645853558563	2.26583200999055
did:plc:3c5b25fn6jhnf6mcc2mb4lh2	8.14382690371023	1.60621845154938
did:plc:3c5jgoau5nb42r6ecka4pmpw	6.81923110430883	1.91431078933049
did:plc:3c5uxjjvlgzkm6gtvjyjv4e2	7.84777045489948	1.86677654883714
did:plc:3cdk6b5fmnbfhtsnulnlulpj	7.82946011801756	1.95223342667992
did:plc:3cg46anvw5vmwyy555rjn46g	6.78576207745285	1.84359287953678
did:plc:3ciyj6qr3ovc5265333dmakw	7.2982758089892	2.27534549827087
did:plc:3cm6kq5sw4w6bht22vmxivyi	7.26676174117495	1.94640736608657
did:plc:3cnl7qxcavfysv6lrxbe4p4i	6.84258809854259	2.10635873419906
did:plc:3cnwo37x5pvjbyxhgbgtvnwf	7.66918106639995	1.88203136839485
did:plc:3csnfhahgnt24jwf57hzhtqp	6.66798383486606	1.99129099840959
did:plc:3d77qlsyppa4d4v6fjxqgwfx	7.86738448716128	1.75502122976705
did:plc:3dfuulf54lajaohh3m7kdsxt	7.13823251617707	1.74523653684224
did:plc:3dobeb3qtnilg5tehu25xt5o	7.0447368135961	2.1080528652795
did:plc:3dqg6sy3cnajewh7k3fmqsyw	6.67237575476454	1.97463353266661
did:plc:3dqog432r7dijk3m2aqnhpc7	6.57907051215164	1.57382619845253
did:plc:3ds7otwrtczs7v2qzbyqyawm	6.84426059013268	1.87309298301089
did:plc:3dwfobkn7bifdd4dhns2wx6o	7.00834659044712	2.17450116190453
did:plc:3e3kpsjaxrllns4ay2ddywzm	7.81084669792113	1.80820188210315
did:plc:3e6udmne34d3asjky2op7z4w	7.65626257108472	1.77564023521993
did:plc:3e7txemgxnl3sjfu743cmvj3	7.19763870682076	1.67480721805783
did:plc:3ectqo6hhpu52yyw27c4wfiw	6.83400881551175	2.33214139691487
did:plc:3ejhoisou6ylus6nqhmzn4cz	7.00459836407869	2.15548313462931
did:plc:3ejpx5l4msek7xvsbjw7izyy	7.94945712492996	2.00159155470702
did:plc:3elceqtginkoe6gzsxqde2lv	7.10596458951153	2.03083050945141
did:plc:3elzlxaw5vbeodzci67ee3rn	7.39094233901666	1.81348742933767
did:plc:3eoeuvzq4hqnkpqdect4mz6m	7.85813282983473	1.87438514187256
did:plc:3eqsf3jsfsuokbdraqvtrupm	6.64049721900691	1.69678231527599
did:plc:3esi5q2tavnhmbqnqxqyowf3	8.11822749094007	2.03823975844158
did:plc:3evu7wzlzqx2vvbkegoeb7h2	7.55010422842824	1.68778462361043
did:plc:3ex2n666mqbn6b64vayzn4ry	7.97409109405804	2.0453916263924
did:plc:3f7gcdkhpnzpvbdd5cohrbt6	7.3080792658628	1.83087988468412
did:plc:3fcsituvo6jy46nb7xvcjmkq	7.05286620671266	2.04660357500459
did:plc:3ffsiftahtrm6igfmwwjgxj7	7.01086746745461	1.834950196497
did:plc:3fliregfksxysyti5uc7bz2c	7.69401406355711	1.71716588951522
did:plc:3foo7e4yyoc2b3mqv6whxlj6	7.5760355048511	1.8825637823187
did:plc:3fvlhe5v66n6gyztxfs7nquk	7.89140693974886	1.51924152622568
did:plc:3fwd2s7rvr47ldj25rx6fgbf	7.01417757607007	2.45558506097547
did:plc:3fyp23qc6gzzvlsbfyql3o5b	7.08530618656375	2.55327757914199
did:plc:3fywjynhm6jsbhgi6zxbqjbf	6.44283539689322	1.86873055517023
did:plc:3fzznecbp2gcueu4emubrvjr	6.69913499350888	1.83492505461368
did:plc:3g34y3i3fxnxg6wi6wmowsxs	7.12929254884799	2.07394531312721
did:plc:3gai5vqqjigmm4oxovbdiiiq	7.08779642873218	2.04866751648798
did:plc:3gmddi4rqvz5odxxd3wybc35	6.47468025320874	1.79921558240003
did:plc:3hdjking5ovutefnovvp6bj3	7.64137976641379	1.5707443427702
did:plc:3hev7helv7pw3yytcyp23zwn	7.63753611109297	2.42204562521303
did:plc:3hh7oqx2wevkor6tnebeqf3w	7.14272721625258	2.63407602220732
did:plc:3homkvqhwrnsjhlvkwlfdagf	7.88424751140535	1.75906446120209
did:plc:3hv76pahuvgscgjlapt7zuf5	7.89182763239645	2.3037750622118
did:plc:3hwgwhpentohrrobaoglq34w	9.5262538123105	0.888720070758217
did:plc:3hxpdbbzzz55vv44eeko2h2v	7.29817866607997	1.97267861313406
did:plc:3hzsbqgzgjq55yidqovjpeg5	7.94712015546012	1.63313709228337
did:plc:3i4mbu7w4vw7vgccm5nlec6e	7.05140030083137	1.87316884890941
did:plc:3i5j76pt4y5jvxkrrp7suegp	8.53841050949742	1.27107882688522
did:plc:3ibpfimy2zs3pigtpjl27dt2	7.63431669481467	1.56771197785882
did:plc:3id6rykjje7rinu6uizkofg2	8.26012024435233	1.27958589887757
did:plc:3il5p6rjpkfnio274cu4jlaq	7.08753544024798	1.93266441444063
did:plc:3ioi3dxrpshisbykzkmsb66a	6.96568227591403	1.91811513029346
did:plc:3iwamklsawepojnfms5h5tuh	8.22305273593774	2.08922494474911
did:plc:3j2nckoixiokzemudup4vcaa	6.89783626635103	2.80936197646318
did:plc:3j2pffk54nmoxcptmvbl4lr5	6.84638920581278	2.04668313883475
did:plc:3j4gg53cycuztswz7u76qrqj	7.37849771353973	1.73344715132833
did:plc:3j4uhi33f6uqxlokgjf5xdvq	6.92730736450003	1.99518957387726
did:plc:3j5ncgls55tpxefn6mwkfb72	7.35449330606915	1.89365957683863
did:plc:3j5uai77bkczdy2yy7gcwthb	7.64843805033251	1.584226393485
did:plc:3j7jy7dokifrtpi3iz73cbyr	6.7270218704933	2.09599509786203
did:plc:3jcr725h7oiip6pmzbktmrsc	7.77246502287018	1.80306960866464
did:plc:3jjitkwizhujuejcjig6ujy6	7.49004487018992	1.72990141678291
did:plc:3jmww34janlwgyijperkciie	7.28783795880002	1.91811185203135
did:plc:3jsrlnhs3lqotqvlxeadavg7	7.4104030017116	1.97701466977144
did:plc:3jzn52efmt4qneh4cccl5ruv	7.44736420188221	1.98366341277645
did:plc:3kafr2bm3khiiicecsgfrq7v	6.80939397038264	2.28570192927651
did:plc:3kdkfzygaqclil5gzlzedlfn	7.37982392518623	1.77732144112869
did:plc:3kebwys6ttluba24dbt36qy4	6.93909992567645	1.7474708034824
did:plc:3kfqfbhhbp64oaixubs4qusw	6.5454034752021	1.79923868343729
did:plc:3kiqdxzzrdlhgo2hwaujhn4l	7.38748909818418	1.88619416949558
did:plc:3kizmntq7zuoxi4vemgmsooq	7.05209577509373	2.49071806653571
did:plc:3kjwonbgy2dcacfakethwiyb	6.70895990080953	1.7008115733319
did:plc:3kpuoy4ilxec4kk6wlw5dqjz	7.21439988197861	2.18426213456164
did:plc:3l3a7vehwglckpqpieuxykti	8.65466010031332	1.64278271102225
did:plc:3ld73f6obhkonuqacrb7vyql	8.15364973054709	1.63065312089294
did:plc:3le7dvxqc2rhvyswiida2cgf	6.39510593084656	1.87788448180318
did:plc:3lieybvoimi4hr4dpt4gpybe	7.52094059754476	2.01399745069531
did:plc:3lkp6xj3vtrwvtd3szj4x2hy	6.77032734613403	2.1360707676622
did:plc:3loekjwbl4fcskg274i5zznl	6.79083132611404	2.05465931639123
did:plc:3loid7u66zgssjdt3hvw4m7l	7.02389534621522	2.39840883187328
did:plc:3lpmr2bvrd4lr7bex73jf3g7	8.00022945125787	1.9737844994503
did:plc:3lqqu3gc7lxmqwl7yynlzyfr	7.51238135771483	1.64233099985096
did:plc:3m5fbweqvp3m3k2swevhkqjz	7.6150401452435	2.14617296770749
did:plc:3m5pygqmdysjqhrg6m6l7zal	8.5294441325811	1.7588500943204
did:plc:3m6acae3yn5ctcw5n3zxbczh	6.37497628768724	1.87293296237764
did:plc:3m6khaocecsrv7nkve4okcpd	8.05168025606693	1.68920570101794
did:plc:3m7lvcehd6omuzlg4aeu2bzp	6.21930059168751	2.08902352797446
did:plc:3megmyckx7m5xoobqlb7vtv5	6.40373294481278	2.72986317751032
did:plc:3mf5tprwe2h3mwbr2k72zh5b	6.59485347704216	2.17926836200207
did:plc:3mnpuawcimp7l43om7yarkvs	6.50085173559188	2.32787296535894
did:plc:3mpb7pr6nqp6jxzlv76mn6f4	6.83402707567505	2.31138552148809
did:plc:3mrs3cq4iv2eku5f3ehiijao	7.57666787884623	1.89318855038327
did:plc:3muyqevo7kaw3ewbtrl2rh7l	7.07941981611396	2.11307368404907
did:plc:3mvwwv4q3aehb46yk7zgrzsh	5.76841466768988	0.78601992382065
did:plc:3mxzesxqtawou4q2dtzty7ab	8.16495532332742	1.60542559807777
did:plc:3mz4aqgof5fhbk2wzgdmerva	6.60467235994312	1.90227741838851
did:plc:3n372hf4ionzh4itkckwhpos	6.23170605129478	1.91989711876605
did:plc:3n5mjkngvt57ystzdy4inmmc	7.25344559861087	2.49504450395977
did:plc:3naiqp2mqjlz6dubttzm24ul	7.20311665637521	1.17785243653083
did:plc:3ndls44ookped7wtrvt2qozy	7.91747706856818	1.75102315160403
did:plc:3nft6fvnuptaabfvaj4iva7j	6.15243232524032	2.38552954361453
did:plc:3nj3yrimenotccmbneb6fd7b	7.36655907051045	1.93704876519475
did:plc:3nn3zu7qoeghzfdljrjfj5go	6.48103400345351	1.85980975995638
did:plc:3nsxlhcvklnpixqvua7ygp3v	6.65511079151322	1.95339629033114
did:plc:3ntz74qvwracs7scophzk5us	6.94968874202066	2.16077176622522
did:plc:3nuqybmaukrl2pnhoqw2wgww	6.80564718702722	1.54466137912701
did:plc:3o5uxmhs5ripbbyn2dcjcqx6	6.45536720309393	2.26677079608385
did:plc:3ofdoncixart72qmybappcet	7.28337598812592	1.93364606040884
did:plc:3om6mwzftu2aea6m6yclgimh	6.67404098755806	3.01643226132833
did:plc:3ovdnvpc7quufjh5xdbgdcvo	7.31735880633131	1.93060916915476
did:plc:3ovulqar5kzesb27bltt7vi4	8.35258956225878	1.45546450051192
did:plc:3oxkyuev3ng4mcwlsxe2pik6	6.79123641422212	2.30077784086992
did:plc:3oznqzpfy3gk25c4vydqrypq	8.40397067347104	1.52621846161319
did:plc:3p2osshc4ic3vz5nai3e4ayu	7.09823525313708	2.38204015779392
did:plc:3p3atkqlg643vdfbdnayqlzh	8.00463766241523	2.04580664697981
did:plc:3p4z3sojqdkrakzei53jtili	8.5909792922508	1.03337342228519
did:plc:3p5w4z3ooiuy335pzqbj4znu	7.52232733378637	1.92006859655099
did:plc:3pdnotgca7tmage46oufekbo	7.90557940870369	2.02782016758119
did:plc:3peqbofbj63iajb74rrfdklr	8.51877304811209	1.38352100240294
did:plc:3pmeedi3rzcla73ia2vzmips	7.5544248834771	1.81517231217793
did:plc:3pnbozzs3jg3nrnxqclgtbvz	7.73668315190221	2.07665118984481
did:plc:3pr72xnuhqq2mprdfpuqvlso	6.47282741145775	1.9718838645005
did:plc:3pu5cizl35pqfvmfbgcucm52	7.22206624397734	1.82659243711005
did:plc:3pv22qwyjfvclriugibfbaii	8.61837854297449	1.51376872299922
did:plc:3pvkqrtjrvlecswlb54kspe5	8.93013935220519	1.42919146039261
did:plc:3pvsefo4venos3dgzprp3on7	7.58775011474208	1.4153577196144
did:plc:3pwdlyj6nxs7zkj5kixxenb7	7.70723779857193	1.96541373012358
did:plc:3q6wspcnspv23o2kij5oyutt	7.11903057220248	1.8910241057708
did:plc:3qn5sno2ua7ztgqbkh6dfrmd	6.77194322807983	2.37440969555672
did:plc:3qotytguhjcdjxpfr2ghd6lz	6.97821795274821	1.7590664066953
did:plc:3qpp46jmcneh5xuskrnusefd	8.18721680599886	1.75011085919989
did:plc:3re3woiwfjewdwgkpgq5w6lg	7.14379079601272	1.34705774817817
did:plc:3riolvtxfdbikdaffog4m6zc	6.93369323231942	1.87631466381387
did:plc:3rizd6kdxg7jsluit7kqgx7h	6.24302016979541	1.84773957769641
did:plc:3rvgs4in7sdpks3j5k64ratx	6.58005520275196	1.82883529267644
did:plc:3s7tyww74rstqxp75pq4pjfw	7.72408766734799	1.9591610839239
did:plc:3s7wpvhgp5topp2yisy3mzga	6.15773871116543	1.81002274194809
did:plc:3sdieehpztedn63k2oqyn53f	6.91823589173372	1.93764361619444
did:plc:3sghjfxugcpwcypclxooqo4t	7.65704661263426	1.80312856394111
did:plc:3sglctjxxgxtgnbt54n36ybk	7.54888557130736	1.79908215161387
did:plc:3sh54jiymmfy7oktaxof6s4f	6.81017639201673	2.13334639162561
did:plc:3sjguwp4rdl4iaylcge42nmu	6.23171093173668	2.40062272671057
did:plc:3sl32jleionyx5kex5l42kel	6.96547839296536	1.83672968690633
did:plc:3slvfkz32s4n4akd7hr4oigf	7.65978514329357	1.97613023169889
did:plc:3soxccyzncng7ap4wbman44m	6.22116325510024	1.84321014889079
did:plc:3spasscg4r6q3vomj4sqc2ud	5.92109371418141	1.804221850724
did:plc:3sr3c6bxu4puhggubeij2cmi	6.78248329153179	2.13924006185144
did:plc:3ssjju6otoz6jdukaqbdhxb2	6.60159905852541	2.52619436744652
did:plc:3sy3dexoruvl7s6qhbz74shl	7.15853586900529	2.05173263556682
did:plc:3szf4dhac523k5yers6txqgd	7.58246684583465	1.91325251974657
did:plc:3t42mywy5pedfosvxcr5ba42	6.99167619533034	2.83628746266995
did:plc:3t6cffqi2ueqz27d2zp3h745	7.05902557508506	2.49950269136511
did:plc:3t77mr46s3hgxjh7yg27civ5	8.62742501918747	1.58753441267893
did:plc:3ta3t2ky2v45qwn6ctn4iaxu	6.97619144677137	1.91448340657514
did:plc:3taf4nzx7wd325kdfwv3z2yp	6.64688028781956	2.10924586511949
did:plc:3taohzxmieasp7k2iv4fo4bf	7.91819941723003	1.75713710139595
did:plc:3tb6prz6ubbkjw3roa4xmtff	8.59328146050134	1.46825476209083
did:plc:3tbobiobug327iq7tqb2brcl	7.53860081224862	1.90701185565065
did:plc:3tcbpxqcaoc3pnn6omv56kuh	7.01353636361863	1.86640850526201
did:plc:3tkzwgjyisabseet64thynri	6.74273152923495	2.21535152101371
did:plc:3tndo2mqg2vgpxnpyrxiol6p	6.78389800318216	2.16835786424714
did:plc:3trbgygy72lcnmfgohkcbxg7	7.36875680099775	1.66732401656056
did:plc:3tsfdv5gerc2lcmi3opcavj4	8.63271039765862	1.6114444771609
did:plc:3tsrkwklsvmf7z6ca2bo5xfd	6.59551617408731	2.46551837441688
did:plc:3tszw4lixdscb5oq3jdaetqg	7.76085030938357	1.59303435920773
did:plc:3tta5nidkaqpxlal6ures2xt	6.74671216759629	1.93381248868686
did:plc:3tv22of4f4gklbrapbm7zub3	8.1837986655143	1.82725844569783
did:plc:3tzalrepmd7xaux5l7iqsuu5	6.8327473973135	2.27706133691222
did:plc:3u5xfuh2ewj2x4kh4iwghz44	6.99550687070384	2.08505404691787
did:plc:3ucxnk6qvyndxdykugut5zjo	7.38138326681862	1.60440160796339
did:plc:3ufkwcgmo52zhin5bri5xixy	7.89405104643839	1.68945810211055
did:plc:3uj5chhfuhlkdkorm4ljlvem	7.0350871007586	2.36312046047406
did:plc:3uj6d37tmsemybe7k6u4bk3s	7.6083864739327	1.5252409307063
did:plc:3uleakbyif22fbygfaf4ttrv	8.1411992764707	1.84608502814182
did:plc:3ungxtysaaskw3iec3lif6sv	7.50782207175624	1.75184756946742
did:plc:3uqmtjkpihoaufjra2cfciua	6.8967983367776	2.20245095233382
did:plc:3usqiq57sc52dwm3wygmj533	7.24001110143582	2.48044996256126
did:plc:3utsszkf4kvxv3fxpzmyffpt	7.35993374301124	2.26932543682497
did:plc:3v2iwh7a6ccgq2kviuv2xpru	7.17412294440627	1.71896660208929
did:plc:3v3b6swri27ctyo2mlh55bst	7.6902635348177	1.65952601089344
did:plc:3v54kdumvictn247uqxvydxl	7.82680294572071	1.89111973014905
did:plc:3vcjpemfilohg6lx74ywwmgz	7.97015907522234	1.58295356208115
did:plc:3vhmrn4zlxpq2d7dddmbqi5x	6.78213087909292	1.78833325386923
did:plc:3vnxxjoetq2btx6egtdxvfhr	6.82577603283072	2.42487269901706
did:plc:3vzgjgj46qwfduflbr5lsud7	8.27224665360432	1.3836546298291
did:plc:3w3ryyaiyrmo6ffwztlkxwma	7.71915288581595	1.66552603477451
did:plc:3w5r5mxzxmtvxu2elgrgjjtc	7.56950298715418	1.86800096967831
did:plc:3wbm4w2soxmb223lvrqfgzdi	6.98709896436292	1.83441263751826
did:plc:3wopqlfyd45bkgwnwi2sk3zx	7.05845015772207	2.11818603711047
did:plc:3woux2yc7mvjrd4ga7jh2r5t	7.01013028010595	1.78600687736009
did:plc:3wr7pgmdllrm7nwrnvcxdcpi	7.7119943606504	1.79003968596146
did:plc:3x2ubr42og2mions7hmyzli2	8.37020954731118	1.37573113363601
did:plc:3x3y454rudq2keaf6amjodso	8.24397474211012	1.31136970715987
did:plc:3x5npw4cb2twifyqcox7jmqj	7.35355982267681	1.98153353884717
did:plc:3x6ppfwykuxfr7hfdfx2w7v7	7.63524712377487	1.64849658590309
did:plc:3xapt22phw6nkeoaexw4wq5g	7.1093616140875	1.92973033679258
did:plc:3xcnk5ctrswgpwpfmpuocfwm	8.64867626225357	1.49134538482517
did:plc:3xdf7xqjh7z7pesfbsxdqive	9.13373504178283	1.29230688325407
did:plc:3xhw4njptwv554x2opdllnn3	6.72079326275462	1.52360436994234
did:plc:3xjodaqkpjks32uto3sreuxu	8.09583160013894	2.0480738472125
did:plc:3xpfrrnnlewxm4gv32u4bsgy	8.31333108613087	1.83747321808144
did:plc:3xpkiuce273sgzkj23ocsgmu	7.63565575525178	1.94307245696018
did:plc:3xtmdlqdaw47wiyd45rxthdu	6.94630098968096	2.21418275746403
did:plc:3xtujdom64pl6hcdguktt6gj	7.57140633355447	1.66438015894836
did:plc:3y256j4kph54te5gdjlm4mna	7.45766670822244	1.75674149856727
did:plc:3y6yy2b5kxc7idk6kncmlsdg	6.91517724940613	2.19398979466532
did:plc:3yfdqjqksdhgkkhlpzajbw5f	7.61884059907141	1.73567385749025
did:plc:3ygexof4nbctst2ujwea5bzr	7.99780370060028	1.86269755967661
did:plc:3ykhdlrgtjhcwffzyu5h54nc	7.22452738950536	1.90488067468556
did:plc:3yog2duvekv27yhzd4y2t2jr	7.0090946845623	2.16865200035366
did:plc:3yrxvtbkgqmbzgmlsij3amvg	7.03976084993049	1.92192025875944
did:plc:3ys63m2obfawesr4qmko3ryf	6.66773874683605	1.64257180563567
did:plc:3ywyu7c7poawndf7hzlf24ct	7.68523040786162	1.77813467820081
did:plc:3yxutweiruaijzxmmk6igjgc	8.98138724885499	1.15296556784024
did:plc:3z4mnskldouu4zmuklu7go6c	7.35511531526649	1.65963205711738
did:plc:3zbbrgjqzhv5jnaih2kgfcp2	7.33118109830097	2.05138007559572
did:plc:3zbccvglbfcqdtqzewldnjhp	8.03781809867743	1.81173099276356
did:plc:3zfcjrvskqxjksbcfapyefyb	7.24181342547481	1.9029624929793
did:plc:3zfvirowfpo6kodekpnde4zs	7.81783321388882	2.09061110736961
did:plc:3zhgo5cecer6ni6smuafmi74	7.48543013578758	1.67509370211094
did:plc:3zl33ofwkb2pcpan2fyg5co3	6.59744181905169	1.92334250089281
did:plc:3zlubtambng7ryldmgak55i3	8.50728915179064	1.66540921945786
did:plc:3znqbv67gnyts7w2osp2tck3	7.47133030569537	1.83556345114295
did:plc:3zo3f2wu3t4p74vd2egxidmm	6.60731646980963	2.32425063817614
did:plc:3zzlsgsgutxdohhnug6be42s	7.54727325825445	2.02134646248897
did:plc:4236i7c6zcxxzt4wvgat3ee4	7.96192380781406	1.45419794252265
did:plc:427ec2ypul4efp43zf2ouhd7	7.12280513500786	2.39994708487488
did:plc:42e3jfh2hgwvkwe2d7m3zpbg	7.05595250611736	2.07821881664176
did:plc:434yt3x2ozfk7ucwbj7un4q6	7.52989195425839	1.92738231026941
did:plc:436yngjc2esjas3urmwoe24f	7.365152000152	2.18732403442545
did:plc:43ba4fge2bq6xhwp64ngmscp	7.35290025200127	1.89802418353709
did:plc:43i7thojcird7mpd3rl7osll	7.45353738562813	2.14858653408372
did:plc:43igpxg5ynhdhqfv4cjdl2ky	7.96673308887354	2.4615689695375
did:plc:43jiklmif2excm3b2rngeawc	6.65313033315031	1.83361484589859
did:plc:43kw35jc3v3wlolytyrai7p4	7.44939398383124	2.06007732534809
did:plc:43pp7we7dk4pmibe4ahfdhzi	6.48794438030986	2.0930882359891
did:plc:43rg63vs44gzz74xg5hs7k2j	7.673883766227	1.87207432993149
did:plc:43unoaxtd2a6nev2bbic7eki	8.22813521310238	1.64301530801114
did:plc:43ut7f2nvk2u4f5pigewfolk	6.20422062230329	2.09738778489974
did:plc:43xwqh7rhglmc3mgowbqjxgu	7.32267792320885	1.93804501993144
did:plc:4457pows7ympqzcxpxlcil7u	6.69876975584193	2.03197330467806
did:plc:447baz4chyvqlfcvy4c33tl5	6.85752162909409	2.01460972822134
did:plc:44fq43g7dj2wrowalmv74ucd	6.64509516561142	1.99791900890908
did:plc:44gighuru5oupnlgblmj6wnl	9.35464725685581	1.0469467098935
did:plc:44naabiscvp2rxuqltc26s6w	6.87068146819058	1.83669625805841
did:plc:44r45lcvav3q7z7afqeudqme	6.66016885138781	1.66193953767894
did:plc:44xyctapu34nzfj5kzne4x6i	7.42132842463184	2.13226173272521
did:plc:44yvz66mt4spg6akhk3g6sg3	6.94952627893053	1.82172956845224
did:plc:4536y4la6nlbiqraactlbpl7	6.41601288045268	2.13812674323178
did:plc:45fr5chffwj2hekyxuj3gd77	7.84022580598902	0.758529833827508
did:plc:45j64mjfbznoqpdhch7jwd5l	6.70282807047139	1.91238186788456
did:plc:45lsslwff3pmgpn27w26my27	8.00236424666283	2.07996334377073
did:plc:45tcubtva6zdsfzsp5fqyaqb	6.39618122965047	1.6903756389263
did:plc:466hecrklvelpoikermkr5fr	7.52389052733803	1.83933886153429
did:plc:466l55csmtmnvcg24w2uz5ev	6.90815045926133	1.64613351171068
did:plc:46cvxhhkegw3j3ul5cbtuxf5	6.88339684485942	2.37344282029959
did:plc:46fxiis3uykt2zvruvcyvxiz	7.83337155359171	2.11046704325638
did:plc:46gmbdzpw6mwauew6il3eeb3	7.00165292767698	2.31455548972751
did:plc:46h7h3zaswvog2q73exe3yfq	6.8029087201005	2.30765557135524
did:plc:46hrjyqrvkaf2ineynk4syf7	6.31490411666678	2.22324949344616
did:plc:46ii4wtsrkmbrxkwtbpzctxw	8.86624575263305	1.66268821003296
did:plc:46jyfnjqn2hhgtj7jl6osjqe	7.64370021851703	1.52491994711735
did:plc:46lognw53xopmajmnfvep4ij	6.83113064555433	1.86152205296596
did:plc:46mdue5ryphystro6xw22dsh	9.68709965934387	0.596786709242513
did:plc:46mmdc6jzamu35opijgedihw	7.1144729959105	1.57968204330679
did:plc:46mmwyg3cn4f4asmknp5n6me	8.23337936675756	1.49009242206299
did:plc:46n5mx3pou22fbs6j55cqmdr	7.50978950625335	2.39912500951948
did:plc:46nyrb43x5oct5cnhzstlrl4	7.08732997283479	1.81403239621916
did:plc:46rhzfbdfq6odqctu3lmhpk6	6.8431978851484	1.8653752969114
did:plc:46u3oodug3tkqfukgr2tnfam	7.08059691527544	1.93961498098044
did:plc:473bkprfwkviuedclokzao72	6.94381176103354	2.06460520862436
did:plc:474452dgksnq5ukgmgswis7s	6.65532444779387	1.87502534835618
did:plc:47cnqulpmr4laelkip565g3p	7.00148532569238	2.01769267229094
did:plc:47dzezz3dd5kipvar5lr2kdc	7.86149189601709	1.95389246971041
did:plc:47fcnrgpvrdc3z6gmsufdza4	8.05343499607057	1.64812855540865
did:plc:47h35qd5jb7s5dysrcaqpivf	6.69586343940479	1.99386798604871
did:plc:47lio6xq5er5udrrututz645	7.42069183592551	2.51226505714906
did:plc:47lngbh3tuzhttlus6b7bqid	7.20559572756179	1.70118936340105
did:plc:47m7ipom3rcpo5viqknlmjh2	7.68842904392575	2.46647172294613
did:plc:47mh5rpbiozxegobv25mbnmw	5.96314550372667	1.65346515220016
did:plc:47q6jbawco6aab3eiqyysbcb	6.8415178675928	2.16681671905647
did:plc:47qr5rrrzchxdvxljmxc2geg	7.7728348960417	1.79473421652073
did:plc:47tpsvuxkskvg7brvzsjnivo	7.11654868818405	2.2851291346675
did:plc:47ufcf2hloyfgz62zp7ayhyp	6.87891075333775	1.90834153715591
did:plc:4a2orh4yiqgace7cuwdxvpjn	7.07134530873776	1.91227505398378
did:plc:4a3iykfx35pllfs6fmxzzbgn	7.30055030564214	2.58841292682457
did:plc:4a4vqwifegk4ks5efybbye3a	6.85447287247202	2.72854086663706
did:plc:4afhh7o34h7klco3seymmmwp	6.51308805897023	2.52553790178276
did:plc:4alsm5rrmlek5dg4l3uiof5r	7.46806514216049	1.90079468431097
did:plc:4arwt23pxe6ti2bnfaoviepn	7.65910905682189	1.86891992307503
did:plc:4asssywwlkavha3cffgelkel	7.83953854004436	1.87292490359347
did:plc:4atd23l7l3hdqfwsemabdj2c	7.23946211005086	2.1790371890127
did:plc:4atuqx43wsygpfow3tbdiox5	6.98065712888197	2.8564672170872
did:plc:4aujm2wvbflgioz4zmlnyxrz	7.46843814037379	1.74183955298415
did:plc:4auq5yyi3kyplitpbxc7zwfm	8.9337677353963	1.27573035516805
did:plc:4awc2jchrcfgb2i4g4ukpr2m	6.7754554361717	2.2130383632437
did:plc:4b2e3urtj67pazbi4qm76ye2	7.05310816371622	2.24112282199092
did:plc:4bayl7upqlad6c6b4mhdssmk	7.76997338598939	2.34781109940396
did:plc:4bengsysx6ci3pzjqpvplxqo	7.04866608411665	1.86826092992179
did:plc:4bkk7xyptitabfxzaxbyteqn	7.23709238077614	2.44207608241556
did:plc:4bnoddkgwb3kuybwy4abilfx	8.31952693628002	1.48173360388727
did:plc:4bnzcgk4r6h26tphrs2rlywt	6.59253737164832	2.54859329786857
did:plc:4boxpmbwwbirydzeq6onq7xb	7.51058020958437	1.94499178333208
did:plc:4bppj6bocvoocuh6ezaykonx	7.4689212797995	1.83703799810243
did:plc:4bq4rmdwxql4tetmupyz2jwv	6.98389209821142	2.14077600499886
did:plc:4btm52qjhp25a3kiwf2oo7un	6.90105194072418	2.66022390633209
did:plc:4buqidoart76uwm3mpm7zj2k	7.2951249704675	1.76614029489113
did:plc:4bv5lfsqiintrour4bfpfxs4	7.69864435220652	2.4557393299283
did:plc:4bzwwkvgr42ku267bxenaab5	7.02780164760036	2.40859930078361
did:plc:4c2co57uzadomggihxut7ege	6.72141398937899	1.9907734435349
did:plc:4ce4bxibflket4ydmtywjdum	6.38811315560285	1.97613799064772
did:plc:4clug4i74bpcvpui6g2y2bns	6.88613051084798	2.54079541604417
did:plc:4cmqw5tuxnoxvmcwzesg4ugl	8.49059735366024	1.45560613832134
did:plc:4coe6wqffzlln3zl7jlm6udt	9.11901327776847	0.858906566553376
did:plc:4cq32palqdox6tyuahgr635b	6.95090847005231	2.13176047130419
did:plc:4ctoyd5znkmbxvbiysu5733w	9.13822714277533	1.21053621592632
did:plc:4cws4nn2gipweak3ijgyllpe	8.03601734135929	2.05593778071994
did:plc:4cximot25tjshq2vzytso43i	6.70933276186137	2.72925144828692
did:plc:4cycrxzfkjgkilirus7vli52	6.78660069669485	1.98562524667653
did:plc:4d2ifz5xvmsaknydtzatvojg	7.64043650561158	1.53507778533918
did:plc:4dbcznh7o3z3mqcfue3vss6m	7.30281099636913	2.42628822576636
did:plc:4dcr6gxxzut5btes4nv2zuny	7.57495868793085	1.63057363347755
did:plc:4dlomhgt5nfa2vus3edtw56l	8.76020440550691	1.1979902895977
did:plc:4dnr3n72ojxvljisb2gwgkmb	7.43181293818912	1.0791582896355
did:plc:4dv3qjdgih2ykqoncggs2d3e	7.03349238995213	1.95345174440596
did:plc:4dvq2u63ic33w4zvkrnhukzb	7.31741576436738	2.72809198137242
did:plc:4e3lphqo4onm4sax73euhwul	7.04728505806496	1.64939816696139
did:plc:4e5x2zccgs3treo5bgdhsddd	7.06297463996352	2.13010095432428
did:plc:4ea4hmtxyc4ituw3tf2qwx52	7.70687782425677	1.38738129776786
did:plc:4ebhh7ylkpupkin4ailwp5cz	7.35330412199378	2.29340501628732
did:plc:4edojy5wazeeowzmghpuvzed	7.10220529077745	1.83988963405753
did:plc:4eh2m46nhzevm7tl4hpzsiuo	7.76709477954505	1.49032226012413
did:plc:4eklelmrix7lm65gzyulqijf	6.85601922984342	1.83172896872235
did:plc:4eolapupelrejgpsbztg7uuo	6.82628078273358	2.30945569844185
did:plc:4epcov3fjchus6uktvwmahl2	6.81981907590686	2.28347130128384
did:plc:4eqgyne7xmhqaxzastfo54ph	7.54099457999397	2.0520493897327
did:plc:4euoeapsiodekqyp7hsdzsls	6.74362676550678	2.92668267718237
did:plc:4evoj4f53mzesei26fkyctqx	7.60647750996599	2.00069783369235
did:plc:4ezxslz4gvxzifmt5gzdcf2w	6.45528493184388	2.12280182676115
did:plc:4f4z4k4y4nimqbmj2embbnek	6.70546021242116	2.51375413861477
did:plc:4f6q2myyn7loi6pesip43sct	7.56656220235843	1.96297408055205
did:plc:4f7qdmxuzsvaevvkskt4giyw	7.63228230427649	1.74515301832168
did:plc:4fgurj7h4d4cyzdgxpzi5nlu	7.86013521393456	2.01630343640048
did:plc:4fgyxni7ouv2chbun6yktnd7	7.60115678776811	1.87707805275315
did:plc:4fhatk32smtkkv3hngviqefq	7.49168227321727	2.08272522752047
did:plc:4fjkitzru237vsyc3xvqj6pg	7.6082276867035	2.32322319761496
did:plc:4fn27fcz3d27ymstd5oy5ogs	7.37388080020607	1.44932458855322
did:plc:4fp42xap5c6r6cahkfhgd2ck	7.74760496080938	2.2196213321284
did:plc:4fq36hliuksnhe65m3b7dtjg	8.45797769214703	1.23931660559678
did:plc:4ft4itfpcp42e3tj7oi7vmfe	6.81207484162188	2.38830882147956
did:plc:4ftdox4t24anchuwcc7vnbpr	7.43519317208044	2.1551998540872
did:plc:4fvt2vlsjikzb6xf2nrc5cvx	6.76414060316317	1.71624391816963
did:plc:4fzlqwkli2rhikbjz4jwgile	7.01343654547284	1.92852918641231
did:plc:4g342igiouhf76t3n6xfd62m	8.70059218647364	1.59646076563543
did:plc:4g4hjjaadnxdksm5imjye7uv	7.52871520742883	1.88455485039466
did:plc:4ga4u5jhhqehghyeh57mcfzi	6.64099735446562	1.86036003132689
did:plc:4gcmuuqu73uikfnh6bv5txko	6.97543415597292	2.24548312121526
did:plc:4gebzeqfh2ee2hstljbghnhz	7.07947907384073	2.09185430066766
did:plc:4ggb7jaee2u7fsbsrssb5nbo	8.48834461888681	1.67961210594458
did:plc:4gks7vj3k5vlolk5xzrfpjjd	6.66726446788163	2.00056845915886
did:plc:4gl4vujmybza33w2s5pcttsu	6.90036113824341	2.39756466986129
did:plc:4gs4l2nlffw66jms6objau6j	6.98966614392107	2.06681603897476
did:plc:4gw3dfjz4mvielbfochwc53r	7.38318546354333	2.72610971250153
did:plc:4gwvxp5a3adukk4eebwmqics	8.15761207715091	1.39194362289153
did:plc:4h2ynui4hdpjuhw4ufug6rn4	7.52530023717696	2.0809728909017
did:plc:4h42lyu55tjabnenh34ewhxc	7.69971757883426	2.10751149355031
did:plc:4h5i777qrlks2ew6nqtw4qy7	6.47369977849787	1.90073899438684
did:plc:4hawmtgzjx3vclfyphbhfn7v	6.50621159830578	1.61339827405725
did:plc:4hcbbpdrj3fs4mdfzs6j5gn2	7.70750308505153	1.51015065448439
did:plc:4hjpj3myugkuhh5dm56mqyev	7.00827341308858	2.574104901899
did:plc:4hqdejn55rcngtemkuaagvai	7.24809179016405	2.46553955907284
did:plc:4htozp4ptwguakqntjwqixhz	6.97379326604665	2.24844385098936
did:plc:4hvnyn4nuke4tznft4yahyxk	8.05135051320983	1.65264833755528
did:plc:4hz2deayamgkgjzokx4ytbjt	6.8676729620108	1.83109458808134
did:plc:4i257d4kttcuwtfips5qfjf7	7.14425446334478	1.65951732674254
did:plc:4i77yvyfj6hvf7pooosmg5zg	7.70438962140438	1.8874990437478
did:plc:4i7luiru3am7hw5rpgb5dqjn	6.32684729045861	2.13542737274694
did:plc:4ibpkxnmg5xsfzaridijhrw5	6.6682147481296	1.77052947733507
did:plc:4iclohhncthgjctef46uzxo6	7.56825461687028	1.49892934242847
did:plc:4idjr62xesijpzzmebbz2fcy	6.75354337232336	1.9215685134079
did:plc:4ie5ehbvjkjtzcku5k7lpq5u	8.83201325862535	1.13752552529966
did:plc:4ihmhdqbwccg4bfeskuaar63	7.39174391678399	2.19081915113144
did:plc:4io26pbbbkkxsfuosavlrfdu	7.14912957410181	2.17666873258781
did:plc:4isvywrtzxu45osgrr2epnnm	6.66212014015256	1.97974133511081
did:plc:4ivuziykkvos4tv5v6wtk5ne	7.8227429947072	1.90542090387899
did:plc:4iwvgz7m4lncghdnb2anrkgx	7.6382269664787	2.23832204890869
did:plc:4j2cwlphbdoxqti3jmoocnoa	8.52556663312834	1.7666170311771
did:plc:4j35ob37e57e4deamdcwxuho	6.26083551339659	1.96166986962257
did:plc:4j56evpoxobndtboywq4daqf	7.2075672444495	2.47791669349809
did:plc:4j7zrviejosvpfweg7uthoo6	8.20751905791597	1.89068063022839
did:plc:4jbkggcgtnpkh2ininttqj5s	6.81408558893323	2.60765097582547
did:plc:4jevteomcpx5dazf55jey7it	6.81841108551515	1.75358222134773
did:plc:4jigrg2tftlgrlinkop246id	7.00599364104781	2.44319151713723
did:plc:4jmt42zmpu4lclvy5ccgofah	6.25863593339677	2.16361324512688
did:plc:4jvdfu6wdwmpz4ssk575io7s	7.8717920591889	1.68758771385083
did:plc:4jw3azncqhlv7ja47jdd2gdi	7.87902178463465	2.21349768838147
did:plc:4k67al4jllhythvbyv66fbh4	7.55301394702245	1.77769582314714
did:plc:4kbzqn5czn7ltcuozxtqdfho	8.06236001951911	1.62950867748093
did:plc:4kcyw4iqkogxy7fucbtlpjf2	7.33514263377008	1.91008980381588
did:plc:4kilfql7jdcwenbho2osd47e	6.57683551947444	2.08194498534812
did:plc:4kmvcieewax2mznxnvdd3k3g	6.58786236588902	2.72561540440767
did:plc:4kt4rq2wc5ydc4thtbbynz53	6.57731446778988	1.68776312867502
did:plc:4kvtbatcwj2c7xttbed4wo6g	6.93973799075287	1.89105254511549
did:plc:4kz2bqibkzkg6m6f4qsjaxmk	6.96023868991691	1.93202355470764
did:plc:4l4f77ht56eqqjuew4mvvtiv	9.1854908522043	1.2924302131974
did:plc:4l4hjfzgzmi2eqxzykeufc2v	6.50239227048727	1.90897673710177
did:plc:4l5apnxn4t2h5ortsmoqmsmo	7.23684479402745	1.85642944872116
did:plc:4lc6pqywym2xyu4rm6os2c3q	7.08583150102622	1.80491051235797
did:plc:4ldh7qcmsf4sj75s2zmeskbv	6.22520450477983	1.96856103340642
did:plc:4lhlmdkib4e7wmxxyvfvzslw	7.71499411247139	2.15186755728703
did:plc:4lk2ylmhxy2mhvybyr3jufzo	6.85283241980626	2.24277927786296
did:plc:4lkia6fx3eclk5j3ubp6aps3	7.77421799700472	1.35095964915132
did:plc:4lm4iyugsjlrckj23k6q3rcz	8.61773585570412	1.55826217990766
did:plc:4lou644nmrekevxbwu7ycijg	6.80068779284214	1.96035533585971
did:plc:4lpb4np2plfth222eid5afer	9.26447573435335	0.967382767079236
did:plc:4lru666oyter4w5alxz2xzlj	8.05492948752194	1.4241729891236
did:plc:4lrydnf2d6s3gsykvi73fp23	8.34615254165801	1.94971511275632
did:plc:4ltnabymefz35y3p6djfnjwu	7.4204366670188	1.72019168337051
did:plc:4ltocawqnymholilohexitwl	7.47521774084906	1.88491174902169
did:plc:4lxi6x4cjjbootbk7exh5ihy	7.25428476917824	2.3415418366952
did:plc:4m47c66cpwereuygypm547nx	6.75138255356412	1.28345893235476
did:plc:4m6jt6eraahqhkedqfnvdjib	7.85544691170062	1.59966627271877
did:plc:4mc4x4s33v2xzg6l23sdsgof	7.09931592680515	2.83109314972682
did:plc:4mew6nqv75kq4loscpcyhimj	7.12489617004185	2.38738054577488
did:plc:4mfdffojd7esfvpndilsaoc5	6.54784719404714	1.48569664881112
did:plc:4mgpcegge3yh62pfxwc4guhh	7.75926387666868	1.46837317260958
did:plc:4mja3p325laczuz7e7zussjr	6.0808806421533	1.81706832945635
did:plc:4moaf6bos4ebm53rqvb343ol	7.24240722920009	1.08581198065054
did:plc:4mpk4tfb6iv55esdyhlng4j7	7.55937658664689	2.5228096583865
did:plc:4mrq4xux3prpj4ym732yccj3	7.0487546053606	1.53825572768504
did:plc:4ms53y3nynkcwqeic7b2htag	8.84779694054452	1.58518224592213
did:plc:4mta23c2jvbfuwdd6hcaxng5	6.81813869702303	2.19132891209315
did:plc:4mxiyd2lrn66ii4l3rqpureq	6.90794886753987	2.08104613721671
did:plc:4mxydgrnr2jrg2qej2hvaynt	6.58666744577605	1.97718719070553
did:plc:4n23tl2n6qr54u6vdy5egvgf	7.64660962191725	2.11267933491337
did:plc:4n425f57e3hdk6me6xi4matu	7.68968709580356	1.92684015323873
did:plc:4n5sijprbankdb4rstz457ti	8.21366142244622	1.52790806122492
did:plc:4n6s6pdifi2jxpkznb2gs476	7.96089658312212	1.40237737521165
did:plc:4nhdwm7odfqvjq6vtk4cqupc	7.93836434625334	1.86746593029998
did:plc:4nk6ja3wxvushzu3wrq3coo3	7.6430979472049	1.74507387498186
did:plc:4np5atzk7hoigz6f5gsknhck	8.64973895272499	1.61514558397765
did:plc:4npmgdviwjhsidhpre7rqdgm	6.66385994270855	2.16115869052387
did:plc:4o2cwrhuf3uum26wbkme72za	7.56644152457695	1.49412229142585
did:plc:4o2lheqzlujfp4hdhaqed4d4	8.19512455214138	1.786962854618
did:plc:4o7sh75ezyffjajyqk3kyjle	5.93357355163052	1.84957974739337
did:plc:4ocq2kyy26bfrsj4u5lbm76k	6.98610960680863	2.13949359950757
did:plc:4od47dvjgrd72dzdj5nahlzh	6.91313821334656	2.3393983945117
did:plc:4ofvl3mwl2cqxdcnmp53yilu	6.62473770209095	1.70107693559385
did:plc:4ogwouyyzjwkqlw2qs2womcc	6.88551298033773	2.25576184285216
did:plc:4oiywaaekee5mhwc2niktu5k	7.67183855403819	2.03454043564526
did:plc:4olws2hoh67cqzrochsonxxb	7.3777190022561	2.12243516797375
did:plc:4opfw4ivp2odgiotm7olkivt	7.19853318636412	2.30027473685275
did:plc:4oqdzjvc4u3wgirszorb4i4t	6.92605591337505	2.13044021258604
did:plc:4ovhoxz3bovlvb7szxhqsg3s	6.81262653247969	1.90707965122329
did:plc:4oxsu376maqzs36zgqdufdeu	7.63241013183159	1.74654304936647
did:plc:4p2kcmcevcknv3m2ns4cyafk	6.71606941943017	2.28550840096873
did:plc:4p3dx6ribr7oneeljae3didq	6.90309834603042	1.84956910230452
did:plc:4p3td2ytoojamkbpymqmh5ff	7.66587228866247	2.30904020695431
did:plc:4p4hetz2xbzyr2gtyqgl3wxv	6.95161741513161	2.00745860820794
did:plc:4pbnjzslfjt7ed37hjatc4qf	6.62183713850038	1.78045451562378
did:plc:4pctfpmdwe6iwhti7ax2aoco	7.40141745170953	2.19284787885181
did:plc:4pdwpk25qqvnjmkzr2l6wdce	7.54405180381902	1.98844711988381
did:plc:4piuepcyzzyvcyfyx2qwin3k	7.4396745234819	2.03876430711683
did:plc:4psdfk6g6tblfm5yty4rmrzf	7.08819145660153	1.73435324513443
did:plc:4py2tkxyawxv3qngnwyohe7m	8.09403648613196	1.8431098038473
did:plc:4qd7ld4dd6iplyj4dxbadjdm	7.09902610487665	2.2162641994609
did:plc:4qhrdwkaibldebx3hn7nlk2o	7.36783189224546	1.92980984376523
did:plc:4qr7d7xy5mpcyz2gcgx7tsfj	8.47748663495162	1.1742948087633
did:plc:4qrfhdod3jssfnogtytnuy4c	7.05851878466477	2.28970562882084
did:plc:4qss526urpn4rdvfckp4cntv	7.24271058044231	1.97402755605252
did:plc:4qth5bnqqdv2md5ie7w565r3	7.7218218437043	2.04375399233793
did:plc:4qufnxverwtoawuehlifewrx	7.17892119031148	1.94745693327259
did:plc:4qyehtmnnkp2o4ku2f5qxzox	8.29911037510153	0.619643536252815
did:plc:4rbb4524gzbc3da4xasgrsx2	7.68126300536353	2.11466424646452
did:plc:4rcpxzo6kizugdxuc64hftxo	7.63873361472292	2.32672933730496
did:plc:4rd2qhkvjutfzejwvm42c2kq	7.18768221463644	2.29168811666251
did:plc:4rgmlbxvvlegey6vy6bx7j3g	7.25798879836521	1.99089065574785
did:plc:4rgrv2iwvxhhwerx2yzjtole	7.55787759951336	1.76461672177352
did:plc:4rkoc7ackpjol3tsrorxbv3t	7.17410054981575	2.16390488852299
did:plc:4rlh46czb2ix4azam3cfyzys	7.15801278529936	2.41349615815999
did:plc:4rnqeea6l6qweyf3z2bieybk	7.53980153475175	2.1612230061644
did:plc:4rqqyzgpau7ier2hkhog2ida	7.61705568184322	1.76606234527764
did:plc:4ru5jlpy4e4a3pnbzq4zqfgo	7.28451876643095	2.18148382125001
did:plc:4rutyte74nr7cynyvo3zeal6	6.96036542277356	1.81124280170517
did:plc:4rvcldhw2i36wizbyqe575qc	7.2023631762672	2.51350696463387
did:plc:4ryg6dat2jzjyjl5mosswfgl	8.0547793109036	1.8853758646499
did:plc:4s3jkctmympymprdmu5tiadh	7.14453959884693	1.54269540003698
did:plc:4s7xyeaqeljg5bmlpqw2t2of	7.53903802336068	1.58186868029727
did:plc:4scckx2owkkev6mzkcsgsgaf	7.42340783980617	1.90989535049276
did:plc:4scr77algwvni7sofwrfumai	7.08020183749509	2.06308422026392
did:plc:4sdfopvmm7gkv5bxnqhysexg	7.23352556536958	1.83425318833876
did:plc:4sibcktj5sltnfkpqsrb46gf	6.80404127572625	2.70991062774926
did:plc:4sjapxhrpmk7hhd5xf7gqwtn	7.30504976668731	2.00689302705365
did:plc:4smolk3h4greo2ellyps4qbe	7.5086895672248	2.00137363661532
did:plc:4svjn4xqj7cniyvwz6gzcisd	7.32691190984152	1.7733249018006
did:plc:4sybdthfsdridoxbkm4zsclx	6.93389096514574	1.72523480818125
did:plc:4t3tvxwoxmwwkct7rusmpf7b	8.14134255315503	1.47756936740676
did:plc:4t5lmzxh3urgbvnvggmx4mh4	7.07134529789126	1.85567953222208
did:plc:4t6f5di4xcctr5cj5rvhuzib	7.13319418966731	1.96149370611419
did:plc:4t6px3e4skdot63dfvnay6xq	7.43091134212837	1.75473649468254
did:plc:4taf42pyghpq5dnjum6gik3h	7.37731087604166	2.0019506808745
did:plc:4tbrrddsqruas4qi25h427gn	6.81477465478471	1.33745989488449
did:plc:4tco3j2ivbawwtk23f6bqka4	6.67004495559571	1.69553497224981
did:plc:4tjygfpdzof7zeyfry2ftqka	7.81918773142453	1.6965701224445
did:plc:4tq6ywhhfjn3iyf7bbc6t3ek	8.0911987026723	1.63146511924584
did:plc:4tqkt3e2wcpgu2zdxb2ba3s5	7.09533301773234	1.92376879803501
did:plc:4trzislrbf35gbvk5bb4maly	6.66225947852304	1.79873064867536
did:plc:4tx6ge76smwc5ejzbdlmmyiu	6.82423321075955	2.20138668705692
did:plc:4u5sbronp4lakyetpgn3ysvu	7.65931303865877	1.50170449746773
did:plc:4u5wtkqowd3r3h24tmradl7t	8.24302159742783	1.50467514467275
did:plc:4ui4djmjnxrxjwirbpzjlcml	7.8700398743893	1.80645975772991
did:plc:4ujjmfdztfycdxao5dncipui	6.53013589311665	2.36898434214855
did:plc:4ulh2w2233elfc6yldo2g25l	6.59427562411487	2.96404075773398
did:plc:4un25xhooairmblzxdgz24xm	6.61682249315334	1.8160167271345
did:plc:4ur5wwkhtz2yngzh4ggw5rma	7.88093345257672	1.57255999681347
did:plc:4uw2w2fitgnofrtkspma7iy4	6.55665451218729	2.26255422054841
did:plc:4ux4ifozqz5qpwf4cn6nrhrm	7.794562127125	1.87861635839099
did:plc:4uxm4e6boovnx7bxb7wizfgu	6.96983696441992	1.53447389212214
did:plc:4uydnq32tukxpooqrnfbb3dl	7.6889273470481	1.99103179870612
did:plc:4v4g663jamqugshd6pjng6fp	8.44921867820053	1.356978230433
did:plc:4v5d5je5tjsllhf7huj5pzaj	8.01473457221634	1.83497432112111
did:plc:4v6zfjnjhrjcbb65j2fz27an	7.47677046535129	1.77000101043254
did:plc:4vajcp4vehpzsk2ro7dvsuzy	7.34242754758905	1.8614141431716
did:plc:4vde7n76sipohnsezvvcfhjy	7.92297268045639	1.64046225519741
did:plc:4vh4litkthbkfgsmgig55jha	7.06700906656521	2.84065010952849
did:plc:4vjm3ionlq6fztwqyrgfi6uu	7.22864178305141	1.89626280924881
did:plc:4vpc5xxmkc2tjshmd4kmobea	6.79955817774094	2.04154953497111
did:plc:4vptlqlnajvj2ejnads7pzxd	8.38582365770478	1.56736110605787
did:plc:4vrgv7t72afdlvijo7qsg2on	6.47938990730207	1.81249034270564
did:plc:4vrjsvhjo63oj6jl7v3tn3sj	7.82100378983212	1.74794527527709
did:plc:4vvkuq2ggp5r4onjlhibka7c	7.10770984574021	2.13541841424283
did:plc:4vvogcs32ytdaz24kf5pmaod	7.82153272377902	2.22428360163764
did:plc:4w3lx5jmokfvihilz2q562ev	7.68619846339046	1.75109114886485
did:plc:4w5pzqbxcbjnbyus47bdlqx4	7.40631549493707	2.06840491611783
did:plc:4wambgr6ev6hlpy6pufl6ofz	7.56865839292628	2.11788977576436
did:plc:4wepwszk4f74npx5voqqhfnl	7.59297478592233	1.69098937520458
did:plc:4wg2pkbqkpuqyga5nqjlc55i	7.69284547549046	2.02618646927302
did:plc:4wgtcvptdxzbbuea73ezjob5	6.93874774181404	2.13629922092126
did:plc:4whn72n3tuy6swsayvikbo7j	8.17250008306467	1.44161497387297
did:plc:4wpg4zezohatcxxyy3udm3tf	7.76313949838762	1.82847654615798
did:plc:4wpnke3slan2uhe4cvbf7c62	6.40498230260425	2.66184223840808
did:plc:4wq6y2x7a2k2ruot5fcdzka2	7.63176221614055	1.48242837555186
did:plc:4wqcrmsku73c3zcjwh5jplve	6.61500813269792	1.89853441775445
did:plc:4wqnkfgjqodsf4qe254mepjz	8.00679555603744	1.70409296665204
did:plc:4ws367crtczxyj2tdt34gkpn	7.19972228995445	1.71724719603325
did:plc:4wykdggtoo5s5mpenrlubgj5	7.47202411064009	2.18371330583064
did:plc:4wzooxttcuobe4jq6wlz5gsa	8.40957696459513	1.42108485363443
did:plc:4x7x7dc2udvsqomq6cuv6evo	8.31460321779065	1.66078423453976
did:plc:4xa3jew6o5xdcqlazxwhpqad	8.31177938164197	1.66507593716415
did:plc:4xcmqcsp3ru67c5i5ceiv4k7	7.79465155088945	2.03200427790544
did:plc:4xemrxpdc4lnrfnelrkxok5z	6.94321859511718	2.52546566674091
did:plc:4xfclfdbymgliufdkgza4zr7	7.40331668481417	1.81699905789766
did:plc:4xfwzdn47viu3254m3jqg7sw	7.06185094903331	1.81892315044239
did:plc:4xikv3qea262grcxsg3lug5b	7.16491354211732	2.01289046617523
did:plc:4xm5m4zcuue6bhbxglhfdm6t	7.40154157599356	1.56229084762377
did:plc:4xm7fwyjps3m7dghjnokozy2	7.02464558838476	1.84949093185428
did:plc:4xpilm6xs36ebd3cfxlp7cql	8.2691733175746	1.30509829719598
did:plc:4xsvycd5patuukhmgzs3o4gr	8.27756045729763	1.34759704950375
did:plc:4xujbmzeyo23b77zjtw4drkn	6.81719357312308	1.76551132069939
did:plc:4xxad4hvir63latd4v6god26	6.77660848235132	2.08286832677931
did:plc:4xzpxz5s72hmda3qcu2k2fej	7.89406055114358	1.76058472518799
did:plc:4y3x37hqy32zsdveqnt7afu7	7.08812266737078	1.7802784502719
did:plc:4yehisp7wuxhu6mwtp5ppk2x	6.45165583060579	1.8800326961584
did:plc:4yg3g3b7uruuzo3xgqsjztyh	6.94959616503789	2.38399078439689
did:plc:4ygaaqk3i5opg5uizulkhdez	8.26985816464833	1.39314392639796
did:plc:4yh6p4sqp3nlmreppu66qttd	7.6123407576455	1.89364535488926
did:plc:4yit3yxzw25juclj6ydsmrig	7.7759514236559	2.42130673817608
did:plc:4yqe7nrbzmalhu545rleqz7z	8.42033524787995	1.61647952714426
did:plc:4yxzdta7jnrtpcojdpnspafe	8.0288300741846	1.47328031264769
did:plc:4yyiwnne7e5kxk3wejey56fp	7.67354909938989	1.767381654126
did:plc:4z7nptbv2rn4ewdzzwtctyzt	7.11260699703375	1.90353107050425
did:plc:4z7vjxv47t6gk4yknfxiaiwb	7.016076775048	2.08086755276636
did:plc:4zfeipzhpsoxgvtya3buxlip	8.35455083465034	1.63729812940006
did:plc:4zjzhz3pwyri5t64ci7gd76g	7.29332449602271	1.79577164704682
did:plc:4zkyysuoytd5pqbxzgbj2t5a	7.49570263392405	1.77954920421392
did:plc:4znapnqata55zjj4wldujfcn	6.87185677714721	2.20988504386657
did:plc:4znhrfs6nmsxm3wi6osnst65	7.31017951891242	1.7755915432496
did:plc:4zpzstmkjfhd7sxvnwfwryln	6.57369655090668	1.95079152904695
did:plc:4zszdfl3yh4rtsnaxzhq3tkv	6.94758802647651	1.51108652551373
did:plc:4ztpwx3lcwh4jeio5pyoo2cy	7.28527630385837	2.12495430133958
did:plc:4zw7nb2bsg6olrna4mmokk5w	7.67212123509877	1.78257536592264
did:plc:4zwuqippoghnzvnogxtlzola	7.33774918560498	1.78645802930477
did:plc:4zyummphxa2nahhi3vf2kiic	7.69474618369532	1.69088317197531
did:plc:523ewzaljcp6neupiepifw76	6.34408974297824	1.65809374280982
did:plc:52o4brusxgupbkmy6q6dhmm4	7.08140863059576	2.08696821136592
did:plc:52z7bcyandvzayq3ol4cod5k	7.25124807730374	2.38973789698727
did:plc:52zujzzm2l6enbjpsh3tw33z	8.117934614571	1.79888727831495
did:plc:534f6kyi2muugro6ubzofcih	7.53219761131846	2.40217804790255
did:plc:536sdg3m5ypmd47nxdcq5ovr	6.46041128009195	2.27246420343093
did:plc:53ckw3l5knowiwdunld3etfz	7.64021968339347	1.85027211080491
did:plc:53hguy6gtro74cuqk5i23nqv	7.96860539025736	1.8266325353679
did:plc:53nz3fgxgnvbp5m2c5zppitf	8.1730255981791	1.52544667391062
did:plc:53puhljmg2oae5csxksls7yi	7.4258366379288	2.27268855160012
did:plc:53uzx6lpcw4v4rjgp3dqwikw	8.00322621255403	1.69985356786844
did:plc:53ww7cgvs74zayueilj2vr3t	7.19108501036326	1.7756476839154
did:plc:54bktx5vbkwpf2iwtyy44dv5	7.14416734931226	2.3563801842523
did:plc:54clubmhy6vcofpxj32z6zce	6.27841795827947	2.51937050918171
did:plc:54e365sx35dr7kde2pyzy3mo	8.07395921548436	1.77903247189072
did:plc:54gejgkbppslfvsmeigmhpw5	6.84164413975796	2.19887065416988
did:plc:54omjfcu7gnclbbg2jwydvaw	7.92852749570758	1.93270399314761
did:plc:54tkpbjumgz5nu7zs65kvqgn	7.07455521165825	1.53249959314529
did:plc:553fw2mah3vothl7jtetqb4l	6.88996447558621	1.84875713936102
did:plc:557wtuhosodbqwhe54l7j4am	7.25988432753349	1.76362590941877
did:plc:55grsgix6dubcsi3pfkpp25k	6.28935472385159	2.6921417535403
did:plc:55k4um67z6bqct5eqfvybpz2	8.48098658138555	1.73838394085105
did:plc:55olwzk3rw6dvcbqn4i5zyaw	8.22585408278416	1.63467411087552
did:plc:55zt77jyhfaxakkn7fltomtv	7.54947929906532	1.66429947132807
did:plc:562atitew7zf5kfuucvdoysp	7.31505338085112	1.60669822093706
did:plc:562tmfhu3s4xssrxys6ib6pe	8.20624300024154	1.90831093617456
did:plc:5645spg47jog72ucjq3spe3x	7.45095482139908	1.71934850279101
did:plc:565wkvrlkbe4lncuf6qzlghm	7.62803112732876	2.63612708550328
did:plc:567fxod3y7rp6nh7uz2dzitq	6.62767865548484	1.70333334931989
did:plc:56ah3ymaxw4tccjl5vjq6fos	7.32178311058111	2.17913678955805
did:plc:56lcqzui6guqirdhxpu2yiwu	7.99039010903819	1.65617654187725
did:plc:56lxb7o2lwiq2g7kmojlbhab	8.2125999031553	1.31871668016681
did:plc:56rbxjhjcoilzgerf57ppulg	6.62338467791729	2.10486187454455
did:plc:56tjp4bpx2clnhgiiyvofq4h	7.03502025069407	2.26790871997022
did:plc:56xwaofggscpyonhrnye3dct	7.18602694080326	2.30802080363493
did:plc:5737tvllihzdrlq6fumqyzx3	7.79322403433702	1.74687130330622
did:plc:57dd32nx3my4vkyq25kh2fwr	6.96103178087465	2.08775613479462
did:plc:57dyusod64f5nprpfw3zxpp2	7.00785877322063	2.25899736042792
did:plc:57hgxa2yprruomzmwrefsv36	7.98989671805719	1.83986323823964
did:plc:57ivsv75jt4ann2srt5i73hr	7.36455686169632	2.08403037007007
did:plc:57ljtp2s7evujssfo2trx3pc	8.73166560990398	1.35295207290207
did:plc:57qtpjv4owoyhkbydbndcynx	6.6791395497335	1.95992258230337
did:plc:57sqnfdakeycrvdd7jjcqfjb	7.71405961127659	1.44076794236747
did:plc:57vu26epiepgqczzz4gkj3ms	6.67954545671637	1.97515422345767
did:plc:5a3m5zh6tx4ryhku24rzukkc	6.76659334779157	2.03822131928168
did:plc:5aeagkpy2ch5eencyi2elahk	6.46575387502533	1.8153873568859
did:plc:5agcxlgbathfdk7vo446w3ti	7.89701849944207	1.64724976136677
did:plc:5agvo2zylxuvuq2554d7ukw4	8.13643353278656	1.91611484008818
did:plc:5ajduijwgayqu44syequ5plv	7.23874123226551	1.91551405466502
did:plc:5akdssdt2kzwrcnfjr46cnpe	8.66737492316575	1.595342656201
did:plc:5anpbjavt7qsfflxvqku25vl	7.15032495067294	1.90674672234616
did:plc:5aokstuylglqxwavwhlmaeuv	8.18781683563351	1.86008867343398
did:plc:5aqhf5ok3jg2kulmwypn6c63	6.70508475572471	2.62826645235272
did:plc:5asxal442plxlu6gpaeqva54	6.80178138075515	2.03246068595449
did:plc:5aukznp66qos6g46gpeigh5d	7.25984129951078	1.87237703005563
did:plc:5aytnbhlunjloxhnmmzsjrei	6.45187573627707	2.01720454095893
did:plc:5azaothhmjcdlm5ywlkzc4kl	7.12998611881668	1.70834032385735
did:plc:5b2423cuyhs37k3vicdyzlk2	6.64628320042569	2.1969310974718
did:plc:5b2lfahi7dssdiuxrwd4nbws	6.83911494748572	1.96127009175673
did:plc:5bbedpdbhwp7sr3avijer5v7	7.74728187869438	2.02644098897571
did:plc:5bhh32em4hw3qinaotyg6t3p	7.1347643307802	2.13664418596481
did:plc:5bjwt2ur2ley5ol7peeiipdo	5.98242487001689	1.95664521010389
did:plc:5bkjufrq2nnfdky3264mjxwp	7.61235989112941	2.03669952822265
did:plc:5bp2taffu7bgsltt5tgawaqs	7.54843690797356	2.12273885452552
did:plc:5bs2kkmxt7cnomw5emsz4hrf	8.5595235878685	1.48806398551541
did:plc:5byca67iaonfv4uuql67nd2j	6.8478630763213	1.72664182571246
did:plc:5c2zwzo3owsxr26gwuzqtqvd	6.54428320413089	1.86842376309279
did:plc:5c3l4ohh45yeqxvwdqzhxuh5	7.29003067287231	2.0954038355159
did:plc:5c6cakcrficq72mjzxkwjzhf	6.81013239176088	1.79823568397535
did:plc:5c7cnvgjxvnwk25qagstehu5	7.71227373050212	1.81735850495119
did:plc:5cgjixlnfgqnnhgu42dbaulm	7.28610305722339	2.27664830310344
did:plc:5cjtlwhckfhm5oidxvvqxsrz	8.64679721404731	0.940929631086236
did:plc:5clj3lccfcmlrfdriwwwqsy2	6.98921778720671	2.28358220001727
did:plc:5cmvjmvs2yhh5x4ikdridamz	7.62815458944986	1.72518053506717
did:plc:5ctwansbwzamzvwz2hru3gl4	7.21940732001058	1.63492116757512
did:plc:5cu4f5depsnnzwsd6mb6vzqs	6.91532752608783	2.05649498182429
did:plc:5cuu3kt6fmiwbggo46u2wpry	6.57160795636164	1.6515207706585
did:plc:5ddkpkil7kgf5okm236j62ph	6.89820327242484	1.90399415414993
did:plc:5ddxiddzhhbjqmsn6fnyd4dc	7.48376363817544	1.97177360240379
did:plc:5dfpu6yjersf547gsuymszyq	6.90341806631734	1.2762463490536
did:plc:5dipuyjky2g5m7tp3a36qcqd	7.14385918129525	1.71552475661792
did:plc:5djecowfoxdhpl6v6lih3m6p	6.94480316383497	1.88047009897608
did:plc:5dmpkbctkroctht4jnsu3igl	6.5952010894688	1.85209697141156
did:plc:5dvcozzcqkqgzr6ynu5d5ykr	7.04396187998962	2.10550897946475
did:plc:5dwykhki32qvqdeowwdiv6xk	7.67366380329769	1.83922897512007
did:plc:5dx7dczkoqv57dfydkksod5s	6.78180770387616	2.46746066419712
did:plc:5dxn3ri6o5atiwttjutgccgh	6.34283510755035	2.01626830153092
did:plc:5dyrzkid6vj7ygyefu75uvdi	6.65322244421976	1.53620316888401
did:plc:5dzu3ffu3h23bqtc3rrqepyi	7.27826539943728	2.18816001803158
did:plc:5e2n2rhgrxtlnctxcj6xz6ua	6.56068308895187	2.58376016735554
did:plc:5e2obxjboke2gfa7adtz2xtx	7.04721684716707	2.74227346095259
did:plc:5e5wsath6jz4d5r6vc7emi4q	6.99446696687761	2.28365193908751
did:plc:5ebaazqa3ghohwlelj7jmt5o	7.25651890819545	1.92375247502838
did:plc:5ebgl6aarllylqadodmxkloj	6.54789679767759	1.86011172046851
did:plc:5eh65be5a5vapopmd75vtiuc	8.16261208010897	1.75356419269946
did:plc:5ehnegjskbhct2ph65h2fsas	7.17808650648105	2.02669757970974
did:plc:5en5g3z5jw34rj5bcxz5abls	8.03893851026313	1.87868212111037
did:plc:5epsacohiwtia344qdnmj3lm	6.71540367384485	2.87862413834208
did:plc:5exigvibv3kkrgknahggva2c	8.06595901641123	1.47282734951304
did:plc:5f3wp32k2e5varyfcwdv6muy	6.30875369973885	2.61599442859212
did:plc:5f66zic5y3pryxlc6zl7vhji	6.44653321606262	1.87739767861937
did:plc:5f6ifjolnyw3bx3jimm5izy5	7.65486108938741	1.79267118447729
did:plc:5f7f6i4ssg3dvo6evpwgd73j	6.89302545087331	2.34755897319201
did:plc:5fa474nb3nfbhxwpspi3ncz5	6.67686095206012	1.96376753943389
did:plc:5fcmhch4su5ekor3zwtjpd3q	7.33756414791453	2.53298384892823
did:plc:5fdykrv3uragcbjeyixktq4l	6.82156401830446	1.78392079007312
did:plc:5feoj3ro4tgow4jqycgltcrl	6.24661868526924	2.00749946208857
did:plc:5fk7vmzcgskqd2hoje2bkc5s	7.21305014928246	1.60344983364018
did:plc:5fltbsdyrvmttt47ueyzodur	6.50765218470408	2.26823641050712
did:plc:5fmlsmh6kkgmo5hm3xbju4k5	8.33648676744902	1.02046179427927
did:plc:5foqpamtsdc6fbwipu2eir7s	7.09588180172939	1.80440231893846
did:plc:5fqvxrl3zg7g5ud5pyly6osi	7.26403939909997	2.60995257072878
did:plc:5frw2k6cd26i4sm2rr4ehm52	7.09072006036943	2.18268014354102
did:plc:5fwyh6ivoywndwzr5vqwlxpz	6.18461428814303	1.83343541667301
did:plc:5fxmqfxui3fumq5qulah3erq	7.98241014512943	1.98305448099647
did:plc:5fxuhb2b4w7uzxfjn2y32dbz	7.87442535677908	1.89922521129612
did:plc:5fy7mqte7mpgcnybizsyvsuz	7.29622524293522	2.13573500972129
did:plc:5g4k3spuh37chzhe6prrxm7g	6.65564126652255	2.33936465968806
did:plc:5g5w6trzfbpnqukyonaugz6m	6.3947947181851	0.00246594810646211
did:plc:5gbkbakrvvm345oft6nf5bri	7.21107204493659	1.8846057278603
did:plc:5gct5deo7pwjzwbbqfdaslzf	7.18649496183659	1.1311334558229
did:plc:5gdovd4uuie5oj4hip7fhi2e	6.60406314985075	1.84599505039168
did:plc:5gez45jjpxtbj5sjkutfvzd2	7.6386446521271	1.69097584562101
did:plc:5gmyjkaxet6amintvdu7jwaf	6.94653903187932	2.09292243901144
did:plc:5gnex6nmztgs6dzx7mq5thxm	6.92676107340988	2.21077183305968
did:plc:5gyhv5a5rxr7hln5bf6y7puy	7.42696349417999	1.73888607211361
did:plc:5h5jfgi7vuqp4bkfogcntzep	6.77432622867158	2.02943456975534
did:plc:5hl24rtzjhxgazagihzunjvk	8.00583128914298	1.83471070970011
did:plc:5hl4muupeil7jbbrw2eo436f	9.09056357398555	0.826550664820142
did:plc:5hr263qe5trmc7kmnvzzk72s	6.90461475899444	2.2446554976145
did:plc:5hwhio7ingiiw52qbryrjsug	8.50725611533039	1.61110219783626
did:plc:5hyds5q3j77jkjzdgomycwje	6.49594237054682	2.04813339091405
did:plc:5icu7irwhycsjeontxa3lvrw	7.35693396464047	1.99691016304282
did:plc:5icyfgwc7amrfksmeecpx3bf	7.45233097401398	1.87264794341098
did:plc:5ielhxwqwkkj2t7zndh4bi5a	7.33909165458832	2.12302793607771
did:plc:5ifombycs7l6trlfth5hxs4a	7.09670016276822	1.56206833781622
did:plc:5igkof6gyy67lu5qekncbdga	7.82697006566027	2.06074665827329
did:plc:5ijbfps22iwj7zqlmhm5xxz4	6.60163067344735	1.70224571580046
did:plc:5ikrvbvymr22r5jrmc5h32rf	6.60940789120196	2.6260048298716
did:plc:5immwhz2o5fq2bgknsvgerwq	5.77500062472422	1.90681595322461
did:plc:5ioikyefhi2pcxr6kexajoum	7.19936428678711	1.86327890669425
did:plc:5j265ek3rvyfextktiw2cmn2	6.84708605983791	2.57256906416488
did:plc:5j2heupzn2ilr2ul5cxrto5y	6.89163027091729	2.16577322746565
did:plc:5j5htwhwrcfqqnzycgttckwz	7.92761995142204	1.89747137249247
did:plc:5j6cqgersfkfvh4dugc3hsfo	6.72756738563984	2.02647471789346
did:plc:5jcucqldr3snixegr4fekdem	6.8743209774125	1.93509146136166
did:plc:5jfx2wemk66tbsvbq5og4sut	6.81555310838695	2.08365873002577
did:plc:5jiqaeslot2q7cumhbvmsyk3	6.51681977040142	1.67348133118514
did:plc:5jpji4egdjaxiaqsxgj5fbey	6.93397868964274	2.043207512886
did:plc:5jttsnlwso63mehpi6p5owdf	8.09484569505621	1.7183411457416
did:plc:5jza4pgyd23bypngdcbaz5iu	8.31030853291866	1.57384745486684
did:plc:5k2q6ygdgaphfrw77hcmujlc	7.3846625425781	1.95243087355732
did:plc:5k44getxjjoczbqsvl3g7oq6	8.19615597000246	1.82752012082231
did:plc:5kfjqhffusq5dx5defvgbq2y	7.0548674501235	2.1071614514221
did:plc:5kfwa2kwd6fh5qb63jlxfaco	7.02074618882378	2.03553619817311
did:plc:5klnehlzt6zf3vuyexzmlbaa	7.53059896610882	1.55198311581186
did:plc:5klq552apybvolaumm2cedmp	7.48550749707112	1.98911523665129
did:plc:5kn2q7ge7pvu6gs64svrnmtd	7.34537653798901	1.69336871622283
did:plc:5kpaurhw4ybganrbxdwpag2b	8.21444788905797	1.3211541187885
did:plc:5ku6wyajywhswb5tul6xbtcl	8.89668252285151	1.30337405843841
did:plc:5kvrkbvpfdpjhksck2h3pnlg	8.76912738457238	1.48440762083742
did:plc:5l3kpqrulmfpwvdkz5pb2onm	8.76888467146276	1.47009273542964
did:plc:5lkb5tglgaucdodg2qrp4j6t	7.68640848571646	1.7937879026438
did:plc:5lmgsgd6fu7fs45qasjuipfc	7.72369233042433	1.72612954906568
did:plc:5losyfjdeoe5hnyrw5yy2jwa	8.12846065377213	1.60710634566879
did:plc:5ltxt7fecyyyab7k6ywwn6ac	8.45319207426298	1.77615129889919
did:plc:5lyxvdvpzgwfm7ifsn3uihyx	7.00550926909706	2.37185042735897
did:plc:5m3gxyim2p23ycuuc453oac6	7.52707009910855	1.80812096576117
did:plc:5m4lov4nrdj67jxbbkh3moyv	7.2308065612237	2.12472921094146
did:plc:5m6hlch5u7xh3r6ewfialf3k	7.3255682336222	1.8956164692189
did:plc:5m7q3cmieeg6sn4mm7qav2c2	7.34002595630121	1.86434183976851
did:plc:5maz37pzcfhbpvfbkuv7mzva	6.17457631661604	2.09874278825202
did:plc:5mealvvav3csyyzeeetseuuf	7.0866211797275	1.94068091366627
did:plc:5mj3zmwqcuxxdfnhrtwz4oq6	7.15533183778716	2.56097292231731
did:plc:5mlme6ckz4cumqffux5dc2lj	5.72893321091176	2.39573911805598
did:plc:5mlzxvwcewmwef2b3ziw3fl4	6.36667947192752	2.06248019991006
did:plc:5mqbm47okxubg2gmsyjivbhl	6.30139424766144	1.83997445684424
did:plc:5mssvplsqr57ct5nx3jsddc3	7.26043664009944	1.99306582234157
did:plc:5mtebdi6cbt72d26ftw4yxin	7.18935348336329	1.74364110922809
did:plc:5mu44cojafmxj6h3yaihy2nl	6.98829919763952	1.96076876759114
did:plc:5mui3zv3wsulsfrmdryvvnkg	7.49611255615619	1.81120734877229
did:plc:5mymdrqj45jtwmnius4to4lq	7.5517650061997	1.90348179695408
did:plc:5n27ls4sjvcr7d5hxmgs6tor	7.3907052232028	1.56404604810376
did:plc:5n34ldltm6ycf2hdxgr4v6cx	8.03221556154196	1.92892105477015
did:plc:5n5ubhb4zd5nvk2tv5cd5sm4	6.5294638854476	2.36935131226181
did:plc:5nanmobpwo6kisc63xnqfblm	7.84135686633103	2.23423865982529
did:plc:5ngeybzkfqa2otamuodo5sqx	8.46873385972073	1.85162802917532
did:plc:5nivseqlynapochjwtujxyez	8.19220930016573	2.21716350302679
did:plc:5nkdgte4tuwhwnwyzvneyzvd	7.81473055012972	2.02954320348282
did:plc:5nkkitsnxbk6mwv6bz4qjgrs	7.50084935356705	2.07561596765101
did:plc:5no5brutqyeswkaf4f35p3ut	7.10954729701496	1.89385511887553
did:plc:5npg5lwz3pc76gtzxouaofqn	7.22541166732186	1.94021952915436
did:plc:5nwnth7n2v63lvm7ahylfyrm	5.9793081741608	2.54901530276422
did:plc:5o6jpwmekuawoawi7hhh7mgf	6.97732750953688	2.37077708309609
did:plc:5od3mxjxx67po7mqtmwumkcb	7.08933681905658	2.27864172517598
did:plc:5of5mhiqmu264gcspsf5lqya	7.16702965521668	2.01100501581061
did:plc:5ojyn5dmuvjsr7m4ro2abhlq	6.86149659238845	2.09474232561764
did:plc:5okn5hmlavsowa3iug6s5x65	7.08294329446925	1.92237570886374
did:plc:5olkd3vuiqu75rgyfjjovvbq	6.40472644754016	0.208562450174398
did:plc:5oms4akbn3fyusegogwue6wa	6.87910648745276	1.5696434806038
did:plc:5onyghhhtxpbjkactg6awrnf	7.01990821014282	2.14072975778149
did:plc:5oqcku4mx5dt2ia4yaengk3w	7.83677031694494	1.84615522462504
did:plc:5ot42sdesgxlxkob2suold3l	6.96477018887131	1.85708621735145
did:plc:5ovtla5xejxduxp7hs3unw65	9.35616039394012	0.969013406138538
did:plc:5ovxwvko67jnmshyy3vw2b6c	6.52632358368501	2.1249464748158
did:plc:5oy2xcpdflrexpgdw5wysnjd	6.27420077809493	1.90874526952087
did:plc:5p2rpbzhfrbnapjpvhf2d4sd	8.15426441211031	1.77206353650836
did:plc:5p5ngbo5d6wgfbz5edgyzayi	7.40308617353901	2.17167081994386
did:plc:5pba7bkjnhxm4ntzasbirrvn	7.20880405888274	2.01323216155555
did:plc:5pc4gn6db272brmb6ujpma4q	6.62698064347742	2.3996920934061
did:plc:5pfyikufihezbxz6s4fxyvug	8.46739722023499	1.30480269762751
did:plc:5pj73gmxug5g2xj2dys7uvl5	7.66316743297642	1.73545911415085
did:plc:5pjg2eunftajrebw6bxtq44g	7.58002167939584	2.04858171703306
did:plc:5pl2v47cxufz4xpahsau64ju	6.46979939584543	1.47956909565375
did:plc:5ploo7aagkukoixl5horje6x	7.1354137417317	1.51299445068043
did:plc:5plxwx7don6x7hlo6uadtkaz	6.83739979980843	2.62281781013815
did:plc:5pp5pgjtz6lauy757ztkl2il	6.76382454842864	2.28881413948695
did:plc:5pqf23mhzep7w7cpyfb5xhqq	6.56325134736251	1.73525135250307
did:plc:5prgopfqrxnm4easgwh6fhay	7.77819444510703	1.74621607247421
did:plc:5ps62i6oxdolipfbhtpjcp3a	7.21095829600488	2.32517449560502
did:plc:5ptfjvov2rtm3kyu53wx7iuk	8.29415167135771	1.37672261964855
did:plc:5pu6epsnka7wvlynse7horvw	8.15105609884507	1.73167815580848
did:plc:5pwohaoeppd5g7gl7pfa7hpt	7.29701231332859	1.72811437913306
did:plc:5q443c3ia7e3vc3x22rvwcy2	7.75428551619143	1.51637882255583
did:plc:5q5yc2mopcjild7qphhiu7hz	6.7727403649113	1.66224359507584
did:plc:5q6ck4otnnwuwwxswrzrqnp5	7.50406666338597	2.03166885864715
did:plc:5qczebb5mfrfmstkeiy7cghl	7.00316189659456	2.10237135606372
did:plc:5qicfo76452szpupywiittxy	6.00415875543188	2.21918652690331
did:plc:5qli26hgfhayvez5ctyekw77	6.99525570008848	1.9007438439113
did:plc:5qspporlvc6pfkbf5zqp42pu	8.14647602262681	0.707917162457587
did:plc:5qxchi6ihaks7s344s6r3lvc	7.30154146116416	1.62506149376742
did:plc:5qzxizrvfs5ovl3bwwkowvk3	8.35838292239437	1.59885213420754
did:plc:5r5taqfhtrwmt4yeg3vbj45y	7.72401375509119	1.83613078503696
did:plc:5rbna7ofxdgzbixwyatkyqxk	8.01516574561036	1.64791871244212
did:plc:5rbngrtm7t2xcieevpo36xl3	7.1888188011308	0.88290748042154
did:plc:5rdh4imv4z3lohjkruiisodx	7.68932673470664	2.35083373912304
did:plc:5rjyae2x6fnrp3yk6xauwwf6	7.77809915822504	1.74120532064195
did:plc:5rkrjuycpeqagmee2yr37tek	7.10038709410892	1.6058505728386
did:plc:5rl35uwncek63brndmo6cedm	6.74111081988129	1.64010206091925
did:plc:5rmfuapga2mnuzfcadjssln2	7.19881932787855	2.16569305202964
did:plc:5rncy6ttozgc35lrky2rahhj	7.43773391942294	2.22229669252791
did:plc:5rshmp5vtvqyfgzb34kz34em	6.41427073764457	1.11892079273067
did:plc:5rugtzjd6azh7fzgx4m4mj7k	8.02775242647059	1.86019436048838
did:plc:5ruuqsf2fh4pfnsinzz4lwlg	7.60133499096247	1.52666769918833
did:plc:5ruvbe2jztzmgdiu3npkhtco	6.17753819839092	1.85945105718413
did:plc:5rvv5tao56eopiyitirmqzls	6.90245371912092	2.1181063936995
did:plc:5s64rvqalhzuejd6voksd34r	7.91792383802651	2.30200730921971
did:plc:5sbferbmprz7sp5yorzdm6rf	7.06289498124227	1.79160751947998
did:plc:5scpco3sadfutry5r7zg3fc7	8.18215826935332	1.59905664635146
did:plc:5se7wlbeymt6pngdlpga7dgl	7.31390777370747	1.62434966804429
did:plc:5sezdblggq2jzipfhy3dalhv	7.67471228946741	1.60942293709811
did:plc:5sfong6jgoblz4omn7bhsmq5	7.44606551868288	1.85517506807047
did:plc:5sniz673ntj3csh5hapvhqdv	7.62920955987318	1.85057782002944
did:plc:5sqfrcs7a6zmy3qp5uei552d	7.26906654143842	2.1504969209886
did:plc:5szm3bs6nu65teyrekwgr3xz	7.23239055554311	2.39489046065271
did:plc:5t7mfoqwvsxnjqi2hjanyonb	6.99028055848973	2.03989041925801
did:plc:5tbvbzby6jkwk2ivx77dnttx	7.87317685362989	1.73618494725022
did:plc:5tddvnrv7syltfzuzkjeor2d	7.3970047425504	1.85185503476183
did:plc:5tpeegki5ho2bxsyypv6cngx	6.92538874797172	1.84722374138368
did:plc:5trfglfn7eej5wyeigvcm3mw	7.60955990148653	1.726195797305
did:plc:5tyosqktoztcdzuvgiishtxi	8.36090975825338	0.588335383843268
did:plc:5tz6nxawumnyh5t3ppwua26o	7.84988118711826	2.30509386918691
did:plc:5tztzaipcnrw4fwbiy4ewcvo	6.47539227418881	2.5189976231649
did:plc:5u2xyarm3shrje4u3zmtkhaj	6.6441040905673	2.23159508737926
did:plc:5u5k2ehxurhpcemi2k64ruds	7.64410389020169	2.02842763968443
did:plc:5uahexd6wlinp35ly2m4zgnn	6.56651995530456	1.68819852870495
did:plc:5udoh2yruu6u2njprrhkkr3y	7.04578327950794	1.63229952645636
did:plc:5ulvs2u7wjq4orzry7myjgod	6.97943469064652	1.81070168519604
did:plc:5uqm72m32tbwurqaowbrzqc2	7.24346955250687	2.1642948205019
did:plc:5usdycsnd6dhudict5jglc4m	6.97975648651714	1.72246846098724
did:plc:5uwenjaglrzxegbh5ovowtvx	7.05731479504849	2.19596395951168
did:plc:5v2srtixyhkm2fegedhjry7w	7.40421421772078	2.21204294981694
did:plc:5v3x5r4zhkzgv2llpjtkp3rv	6.94301831707167	1.98849216700007
did:plc:5vae372ohpjvnqdyol22n67s	7.46002007388704	1.82419940704519
did:plc:5vao3alyvywjeqpkomefdsab	7.81981475669512	2.30041598606038
did:plc:5vbu7wi5ttt3khehpsctjfty	7.47747910711052	2.16285900207176
did:plc:5vdmmyk2754ve56rkl57mrjh	7.02143681869087	2.347955909662
did:plc:5veqaezbyj6fez5yzex7nkmq	6.98487988254237	1.86493318701843
did:plc:5veu7drt6xn6uyw4ge4dkzve	6.93404610428268	1.78978807445571
did:plc:5vezi7ymqmizrvqpiajj7sfo	6.6769068404475	2.37169469545399
did:plc:5vfludyfinifad6nf333yndt	7.1541510074067	2.137853925012
did:plc:5vixwgawxf6akghalzp42ryz	6.96952635426597	1.56925060413459
did:plc:5vk7sk2nmm4cqx4er2gniy6w	6.72585108113372	2.20143580292898
did:plc:5vmqumjc2brltvqrad7tmmoq	7.38603696303088	2.01539192218884
did:plc:5vn7pgu6gxm4q3o7pqnqahzo	7.20942610958757	1.849666055763
did:plc:5vv43ms7m62uyjhvs6ieseyu	7.56594926119731	2.02315728986383
did:plc:5vwfyh2edwzhzjxnppzz324l	6.66521236407567	2.17537308232108
did:plc:5vxehg2woyv26m2vrdoipkc3	7.90529854482537	1.84615542911734
did:plc:5vzvrc4yus6u5a4rldex4jfe	7.28793242961416	2.43062399538538
did:plc:5w2a7v6ivkr6gtxw3wsmoqvj	8.09208011389288	2.20337741153474
did:plc:5wcvs4mhdqs7ppbv2sl6adal	8.05108555481028	1.63639485608315
did:plc:5wcy3cuxfpryzz2xpk4gprd2	6.55055822675064	2.3241720933345
did:plc:5wed2rnb37pm44fceoleio6a	8.05641034698001	1.78187028754059
did:plc:5wka5yyxbwcke52ptrdfu6ga	7.25830547595877	2.13774023973366
did:plc:5wpqqah6ie6q6ypntpi7dffk	7.91661124783632	2.1007503761573
did:plc:5wv42hjlutwgliie4vxpbgu5	7.10784167438488	1.70815954159625
did:plc:5wxb7iq4ssrtir4knsrom6dy	7.98624216410929	1.75647456949151
did:plc:5wzpwo2zlvqteczdrwrozci5	7.41947515228905	1.97685406051554
did:plc:5x2mr2vpvwxhqeaafaerthew	7.88433790522179	1.60678845980262
did:plc:5x3mgsqjavhvlfabvfltt3oo	6.67422145785199	2.19447897827648
did:plc:5x4x2jxair7i5zhy5bz7t7lk	7.0304929725585	1.78346602957266
did:plc:5x7mmfuel4tqqomkikc3xj4q	7.00796091367775	1.98367193985708
did:plc:5xcv5mkteyo6iflt43at4ael	6.69575150883541	2.094455882155
did:plc:5xddyz74qcqzzvby34hdb2ke	8.47358975424954	1.83146392478306
did:plc:5xgxllrhk4ui65yayabuaquh	7.62540277473163	2.12678363603454
did:plc:5xi3hwt7ox6yam36dgnwxvug	7.61833486699649	2.03200564220924
did:plc:5xj46bi6grtmei2ggj5kqmmc	6.83380412448096	1.85988706469821
did:plc:5xjbxr2hvpgn7eojqsr6k2ig	6.95515997029448	1.68274145757929
did:plc:5xm2ge24wsunqnlztu672zok	7.73791800241838	2.27049760150811
did:plc:5xrxqc7xblrvr2ehrgel6qhm	7.10592395646358	2.3488842883613
did:plc:5xtikfwtk7ti6alwstdssemo	7.54063073467844	1.72699441861491
did:plc:5xubslrjsxkip6iit2mzhz6a	7.48797389342538	1.63295157727265
did:plc:5xxu2hchaljbmhnbwtn63rpz	7.05473680679611	2.07549389154736
did:plc:5y2kb6342fkkcxjlefecr2ju	7.14981878277839	1.95363172460466
did:plc:5ybio2uhjq5amhgd3pxocy27	7.51624051165856	1.96342636659699
did:plc:5yfdtt2qtrdskm2yegu7zoxy	6.93106024087364	2.18599247830637
did:plc:5yfoouga4sjm27u6gbogc5g4	7.87559122954436	1.75063631597421
did:plc:5ygv2ifm6yy4cihsxgxg2viv	6.43140054033613	1.82804851027386
did:plc:5yv4kqgimltqynvss7ua5gyn	7.66021686209838	1.78976304619998
did:plc:5zckspypln7ra43ip6665o6r	6.92213997534016	1.79839294997669
did:plc:5zen4vicprkrjfd34qul7ai2	6.18698365567815	2.03751674283986
did:plc:5zf4yxfzhgxoberddracc734	6.46707960927739	2.53227634212356
did:plc:5zobqjk6k7yt6wl7ynkvksk2	7.59775287215893	2.02361327000952
did:plc:5zpz3xsme5xy5r5v4k2yuuj6	7.1781300534079	1.77000335852689
did:plc:5zscv7z2q5v73tyd2enqomxr	6.79842814206206	1.90320949563027
did:plc:5zsnc6yfhxi2i3lwdwvbdt34	7.83322258702482	1.9348931529341
did:plc:5zxw5pi5pzb3givaybjrssru	8.36102371751224	0.980283507351504
did:plc:624wnbjbfq26glhutbklrtqk	6.60358892794311	2.50794683743953
did:plc:626yivom4dy24q64iadu7igr	7.0602100463308	2.45146343023713
did:plc:62afooonboh6usflpaqppl6r	6.89038265535517	2.04497457803268
did:plc:62aneqha652dilmjvzrybqhi	6.08739844145157	1.84186563615364
did:plc:62g7rgvz6cevgr2x64jyujsr	6.06588610804578	1.84120851066232
did:plc:62gdkmpwa7xme36getyqnem3	6.85753231939498	1.75490873921526
did:plc:62nedrv7rg4wqftuzqvptmf6	7.55031956936405	1.93197227763506
did:plc:62nlpb57qx4prrr4z24hsseo	8.23731659581536	2.03835668690755
did:plc:62s5mr7qasnbqtjwegoncgat	8.04276227468223	1.76819874578224
did:plc:62wp2cizf6kuzt6j5zhnblh2	8.3988352084749	1.81567205300279
did:plc:62xrjnxy3siqtdhr53scpofj	6.15055505430226	1.90275630696135
did:plc:636yna5sxz2oslybofwplg2h	7.65522636894214	1.83670781741294
did:plc:63ark7jvqdgjhc54r2e746dc	7.57850936728718	2.41758750583969
did:plc:63cqpdwvwl3wk4bw5xp4cvty	7.32507626188522	2.29498553568297
did:plc:63ehv7s3lzie2dqniircl6co	7.59748499850541	1.6619205949045
did:plc:63ihtmc35mvvjteashvdbntd	7.92465423139038	1.81162507286698
did:plc:63ikobdvxg3uvgaojmyb2wee	7.53215301625214	1.76577387717837
did:plc:63khqclh7so27qyrgta5fhu2	7.56989661768538	2.05606114123771
did:plc:63mlqxidwbnyybznzaa3tq6a	6.88266517254789	2.40901918537292
did:plc:63nxni3adlyriex27wa6c537	8.69571260026514	1.43808978088932
did:plc:63rwtmawbo2uw7i4udpwldv7	7.55129248269504	2.19715715705658
did:plc:63rzfm5x75g726bakcilslei	6.8318512029752	2.25215694559684
did:plc:63twwv5lda7mmuzbmo3nriul	7.72642583766201	2.18219333554635
did:plc:63w23pfjnpzbkl4lnnchpyok	6.50753700024508	1.93646864283039
did:plc:644r73qni4spk2vibbbe6ogz	6.93087237371709	2.27322018595732
did:plc:646uery4mm4clhtmdnbgkepy	6.88964907518809	1.79736840076706
did:plc:64dbyvjkl4wc556c2vnlezc5	6.9827097307462	1.76023269256332
did:plc:64qedhh4pfc6cssm4miso2bk	8.04973324736931	1.57365516774071
did:plc:64rmgqzlwpfztuxdnwlc47ba	7.77618312645953	2.04041421585646
did:plc:64u3ngfmhdgzjidk4stlgvn4	6.63481220317343	1.39906559992593
did:plc:64uyq4qvxe6vgtrbq34umeqi	8.81127326733455	1.42041397269626
did:plc:64xbiyeyqpefo3t4zwrofpme	6.34343138752356	2.31970790959695
did:plc:64xipvzp3n6zenb7qqkefdkk	7.17055359327003	2.63593506867225
did:plc:657i4jye5oclqvhdhzn5ytdt	7.3767528182967	1.92153788452719
did:plc:65n2lna5meaiplqddh2brsgb	6.72528802028669	1.80496505939772
did:plc:65p7a3j4l566k2jk64kyxqs3	8.01813839638667	1.93403899016165
did:plc:65qz3aqe4zrqsmfnhyaahx3q	6.90941713675986	1.62653220327287
did:plc:65rllxvl7ri35vltxkusqn52	8.21612375332695	1.22356222403337
did:plc:65vatsudbinju2vwtfqebsk3	8.30161342184891	1.64315622829899
did:plc:65x2pq5brziqbk75fp5skfei	8.68393241542822	1.50346890112658
did:plc:664lcnm7wysblhu27iex2t5f	8.33726540762147	1.25562398269977
did:plc:667uxscy73g6bxpblw43j7uj	8.75844170110655	1.5886471847056
did:plc:66bahopeclqgp7y26vyikoij	6.85861581785573	2.57531690468633
did:plc:66eaq527xzqqjkfcqwoaa6dq	7.3019166020523	2.03455395504951
did:plc:66ha7i7qipeic326q7tcfjd5	7.18648233937616	1.82847599965043
did:plc:66rhuczzutym4t2jhpzqsv4l	6.63217766558039	1.78088980652053
did:plc:66uog5iqvbm6nswlbjncg2uu	7.50147627434032	1.99493499187253
did:plc:66xfcj7dj2rgoulyoxb6uyhi	6.68322329444231	1.89611961712899
did:plc:66xfpu3qjwbydggxyqk4bbg6	7.32456224570591	2.26875718366756
did:plc:672p34f4qx2mnn3g67pnmn2h	7.36012014822709	1.63301567279266
did:plc:677arb74mtn2wjljf4hwa4ai	6.51169202771958	2.25559982799675
did:plc:67dtwn76coedfw4v5opvyssq	8.40761090462551	2.05366491123534
did:plc:67fu5pe5yhqmxtwldxhrf3pw	6.51534779277422	1.8554315127801
did:plc:67guay35dvgb6ddmixjpkinm	7.87532809545749	1.32478219188867
did:plc:67hi4r5vuljeajh6ar5e3gio	7.21748729324271	2.43598953984469
did:plc:67ol3gnhbmga3n7k4cggvs3f	7.66485470800653	1.59873518138052
did:plc:67rigm77opt6jsmvgw7gztbn	6.89189346414454	2.02117217424301
did:plc:67sjewzykgyxlrlljo4ytcah	6.94974711155275	2.25865129588186
did:plc:67vaty3humo52n3f2nf2buw3	7.10273159409635	2.88579602940675
did:plc:67x6gyj5h6y2t3ntmuegn7bt	7.85344253636795	1.83735069737107
did:plc:6a2tlj2q3idrpn4rdtsro6uu	7.41641817340659	1.70134998924237
did:plc:6a6kgzdhabjuk6lskoxlomeq	8.14390320893988	1.32537001882137
did:plc:6a6y2p3plceowz5t24ene2rd	7.89085356382913	2.00266280637027
did:plc:6afn77oawnlpry6iq6lacmsa	7.60411847531934	1.6585545584298
did:plc:6ahf3ovv3we7xtek7pfv3llp	8.05042898624723	1.81490884123869
did:plc:6akvkyjmvvs6yuzj57duwh6o	7.0915442310742	1.94082641903676
did:plc:6alhq3pm3f6cowigztcgekmi	7.37809084661942	2.13772321780545
did:plc:6ard7wheeqjf7qo5k2jyo665	8.00096208639343	2.29140234038064
did:plc:6axdwccya3qatv35s5ip2gdp	8.49993027896404	1.70922263728466
did:plc:6b335tdhhfsjjncwqpbx2dj4	8.02264798150567	1.41290403211436
did:plc:6b3hferyji32mbeeierbaitg	7.47775718831222	2.38849703797101
did:plc:6b3mlbaph3p4ykcagxf7fl3o	7.29556432011624	1.60056490531505
did:plc:6bclwil532irqwnzxvlt7q3l	7.56391215914369	1.75056534686472
did:plc:6bd5xcm7gwjhrmkjooclrlgc	6.83335622462729	2.0363930035703
did:plc:6bdrg7uigvvhd5hs2jrpywcl	8.82722553587778	1.01203707759127
did:plc:6bejeg2y4g6fczmwybwpj5mp	7.28222345330684	1.85050500865857
did:plc:6bfobt7ssw6scat2h3uzvg25	6.40473240192073	1.86292058779839
did:plc:6bg3zlpvm46kvfafayjowlhj	7.05712218772971	1.7094335987077
did:plc:6bhcbgjqzlv7rchurusvepb3	7.8707527442646	1.87174347143124
did:plc:6bke7wj5qlx2xengt3kiierh	7.46766408469276	1.82820643949735
did:plc:6bknewztow2inx6gcwku2enf	7.61566441552395	1.88375980897656
did:plc:6bvxbf6b3vqvrgfxmmis5b42	7.233944717184	2.56970925175315
did:plc:6bxm5jvevmxf6m62p4cnqlcv	6.6510760873186	2.12491798641312
did:plc:6bzgeawta4d4zltmc76c6we2	6.42631189309139	2.0546193563532
did:plc:6c5rwurxfisdj3w5im3pxydq	6.21948000107994	2.23747844503662
did:plc:6c73oj5iwk45zjecwlexzte4	6.99633288310116	1.56873319489374
did:plc:6cds7yrw5zujx26ze74bi4m5	7.22746081496001	1.4857103367666
did:plc:6cdtia66typh256w6t2hj7hj	7.14258697840922	1.56334771903192
did:plc:6cizuopiwipkztaccx6qzbxa	7.48923164578029	1.25663931654792
did:plc:6ctmyvs4jvvtybejswbmqayt	7.1678237493071	2.22284854896719
did:plc:6cvqmnqfd4wwyttt7r6xzf4j	6.5116708190428	2.40454615972044
did:plc:6d37n2yrpdpyqi644l5p5vvr	7.06016877353529	1.5331047167981
did:plc:6d3qnhaidoizlevyow65hloc	7.85878797522552	2.09855625778106
did:plc:6d5rreo4hd7cu52pbjbozvfp	6.61211800866969	1.97673193402397
did:plc:6dd3hokfhliuosoaubmey4b3	7.39386186573339	2.25721825084396
did:plc:6dmgo3zgg5gdu633myrtcvx2	7.52967276371343	1.68201015550076
did:plc:6dohccjmmmhb36klyshb7cb5	6.70524242020636	2.57296448585539
did:plc:6dttiet3czztftje4dmjrfro	6.19284388819671	1.97280214078186
did:plc:6dtupt3vlfszcbdqjmzv56dj	7.14869457094618	2.21769724729054
did:plc:6dusigdt2pjuipgvvpxrz3gh	7.0579509169045	2.21868714914522
did:plc:6e5smsoxrcixek3hqve567wf	7.33799178209299	1.92672768043364
did:plc:6e66uotez5g2tsf4rk3dd5jv	7.27299311572635	1.7690463681943
did:plc:6e7ws75vgq3tbvbzrh4uiewm	7.03631638540975	2.25864251044755
did:plc:6eakf6iypy7qcfwlgd6cqa74	7.51163421907843	1.77579289114954
did:plc:6eb6vojn2u5xim2dorhfw7ub	7.2520350130208	2.11780554712903
did:plc:6eblbrjfg7g2ihp7hry4xfmi	6.54903297009921	2.36259838100896
did:plc:6ece5debolbw53v3fdjrcdob	7.8269726186986	1.91372600900987
did:plc:6eevgu2lxd6v2izthe5r4z5b	6.77150685977211	2.09304940112768
did:plc:6efcyndkrwyn22tja67xnndo	7.20134779870107	2.35283427356111
did:plc:6ejyc34cy7unxwodbpd7lcql	8.32482738727903	1.38908922741197
did:plc:6el6pbnf3osk2cru7tkwshdu	7.5977811430075	2.18825795682189
did:plc:6elcfkbrz43b3oaxbz43ohtm	6.98586850611665	2.33260163999885
did:plc:6enyg3jjrqt47nxr5bw5hwms	6.51002646388772	2.15244195155767
did:plc:6eqx7n3n4sr46kovu5mp2ygb	7.52104630184819	1.92161090939867
did:plc:6ev2ixj3h4simk6udh242vkz	6.86413425268925	1.68219892223636
did:plc:6evwo2o3byyx27wf4pehilex	7.00536907410374	2.07984399839348
did:plc:6ezkifij7hvhsgvr2zrfndvp	7.41673862642695	0.339375001399053
did:plc:6ezspd5i42ez4umymdwutikz	6.46829426235947	1.79907501637946
did:plc:6f437mocr4q7uisnh3p6a6qq	6.55599382867084	2.07314036488777
did:plc:6f4xfvupwow6q3qg23hpsnom	6.53565570439702	2.46983389277255
did:plc:6f5nl3u4ytarjlztixsbyh5h	6.45964596707587	2.02166265219561
did:plc:6fetdoeryenkohr6hy2stpkx	6.84852082568764	2.58328530161687
did:plc:6ffbq7hazg2cxeqjqwjlygmg	9.19487050464317	0.834463104998108
did:plc:6fgukkpkaeq37ceumaifiu6y	7.6479711894337	1.78958297428954
did:plc:6fhi5ks6vjyfxhxb6g5msisq	8.66313403342885	1.17811173344916
did:plc:6fk3qxlhseqmf2x2cpmyaitv	6.4895204602582	2.21241076989251
did:plc:6fo3rsujdzblc6gnyktbxjm7	7.11844953947661	2.05270336229288
did:plc:6fxhzsavlna44r73vlp3lhdv	7.72777563422022	1.76629143865577
did:plc:6fzemz2wu2zuyketiduioayu	7.29904160542171	1.68794402735672
did:plc:6gbcvr5dgbqp3ldd6x27xthx	7.70450507702369	1.75945011166022
did:plc:6gbgp4onhqhvpeht4vq5blps	6.40889851009626	2.58061874016785
did:plc:6gd4epbeyxawds2mrxxkugit	7.28514536935699	2.04988702442672
did:plc:6geswn23qhie7h22noyctkuk	7.59918978570914	1.99317814535485
did:plc:6gfps4cww67kvu32rzcst3xt	6.55484773561248	2.04955735609682
did:plc:6gfxik66lemb7qmmvx5hhs5t	7.8274809448989	1.75500480024101
did:plc:6gg4ojaytoullqowijyv527t	7.40427761291522	1.32400739011052
did:plc:6go35jab7pad5eqgwcc5tey3	8.39032241411076	1.23162522093938
did:plc:6gruuarldbbgpgn3jjo34f6d	7.837261486038	1.92306240185628
did:plc:6gt6xq4v6iktnk2zfiejzeis	7.39968634224311	1.84312180608893
did:plc:6gteffcep52nnb4jyge2mhr4	6.73545765459214	2.20328852647489
did:plc:6gtlbtzf6v5rmyctumh3m3hq	6.61621087912082	1.99402994873342
did:plc:6h4o6cjtnie2xlqpwy4slf5i	7.36432054138976	1.91899575057577
did:plc:6h54qv5qxxszsfko45hlpuo2	7.60206897748799	1.63237812431099
did:plc:6h5sfnkfrnkypq67s5muiaqn	7.31550638641786	2.05572115478054
did:plc:6h7xiw7cmbrreyptkvlb2v4d	7.28224787878347	2.2260407456048
did:plc:6hbjx2p53w23pj7uid3wxg6c	8.23283854021601	1.75572734323431
did:plc:6hosnqwehunwneyrob7cxkzf	7.09970115585321	2.22873392254706
did:plc:6hqdvlzfvlzlbenjfouwj2yk	6.88024786606665	1.95717189001756
did:plc:6hs5zc7yendjqlcgs7ylarka	7.07272124810647	1.97944610256361
did:plc:6hxmak65y43jhmswn7dcslvb	6.95047561646264	2.54111401548823
did:plc:6hye6tzdz7vmtrslpcyva7gd	8.92614721919665	1.12479028254283
did:plc:6hyt6mzgrzlnexel5re2lgjw	6.98472063660205	1.54352978601145
did:plc:6i2tfuvqywqgaovl4intxeij	8.07758605113811	2.18654026016593
did:plc:6i3r2asy2y5dvb7pomiqe5in	6.02126530463002	1.96148659707199
did:plc:6i4bmu46sh2onqaj6utop7d7	7.10259773000979	2.77205231812881
did:plc:6iamdm4adpwejywm34sxe3vo	7.75044819091189	2.17316258046164
did:plc:6ifnpb6chqxr3qhxuief2t7x	7.99976898599095	1.92176432201762
did:plc:6ijbk4tc7xvvcqo3g6qgeqro	7.22703362688438	2.57626083309601
did:plc:6ijfo4qojownfqbbai2twayz	7.12015515780632	1.98260229917882
did:plc:6imxz2i7jry2rojdo3eqoaq4	6.38257905104716	2.29301495396997
did:plc:6in5kr6wrlmalu6fajigjw65	7.03996130657614	2.68329007497947
did:plc:6ino34wxijxs6mqjkiu34ynm	7.0189467399735	1.94663251409342
did:plc:6isvv6rdjlaxbv6x427qvyks	7.0631764904646	2.51234473834245
did:plc:6itt6v2m5n62w6y5xd235byy	7.43044203482111	0.986495965992147
did:plc:6j57vnrabkz5tkvdlf6q6by3	6.43815091753328	1.72233990457601
did:plc:6jgq74uhsf5ldny6w5h26mxt	6.67188783316261	1.99506000308852
did:plc:6jh622dnjaxfiahpd3v4pxgz	7.67708217976927	1.40453900101744
did:plc:6jkv5gudshqmk6pzhpdtscwf	7.34205094369531	1.85456945154112
did:plc:6jldqorrhqyoikfefhebl7yr	7.46778405080709	1.83861323874058
did:plc:6jpoxn7hri3csof6fxkfpxr3	8.79413863607439	1.21656636251129
did:plc:6jq3hqxedt5bv4vqgz5jo5pc	7.25659829342929	2.03545894485741
did:plc:6jqsel4vlq6uh3x3lxje6yhj	8.28739597916931	1.51419155439668
did:plc:6jsrimplxnv4jf5yt6k363vu	6.8847725831478	2.29402228925296
did:plc:6jxq3666xfby3hl6qaz76fby	6.44218989697071	2.07116040540215
did:plc:6jxr63dghgeilkvlacgqv6nd	8.40504783592384	1.63304707047748
did:plc:6k4zt4pewugutaajh6mvajkf	7.66747255410635	2.1432335781205
did:plc:6k6axtf2dazsp7vk66ftuply	7.5574714777645	1.70374823402126
did:plc:6kbqgbbsik2mkp3txvj6bmn6	6.80716582181583	2.53147500294089
did:plc:6kc5obvnqgrd4pmp3cjqvrdk	7.41937254318319	1.63614711250213
did:plc:6kjmszi6bnqoqg5tyhwk746t	7.35775934717101	2.19880206604778
did:plc:6kmwv52gyaukxrnjv4bj672f	7.28044637057281	1.58189927725432
did:plc:6kpbjapvstsslb5xi7sfmfgk	6.79087152914014	2.42459308221841
did:plc:6kryme2dc6szbyingv6y2qdy	7.18780352733365	2.13054842092444
did:plc:6ktfizwmygtwvhfbwrc5bq5u	7.31104207305667	2.2853958493551
did:plc:6l3ssbjxuoy6jolvbcf3flt6	7.29056543450029	1.97796579281944
did:plc:6l4h5cub5lfmotjnsouurvje	7.31873158113693	2.70522293510477
did:plc:6l6ecafrlxjbi4zuemkw2w5c	7.71720959510609	2.08294438448093
did:plc:6lilyhhqc2jhkc64d6bfzoqk	6.66307553927012	1.95536695544044
did:plc:6lklkwnblqdovyjy2xsmjthy	7.37838342418189	2.06194584232822
did:plc:6lkmc6kyhoazvnpykuzry2yx	7.20037954300886	2.26214426046816
did:plc:6lpnsyh6oj36kvm6jkidgdrr	6.70354069074994	2.13202996552635
did:plc:6ltbpfg4nkggeksooxph4ybu	6.91840672509315	1.86747164083779
did:plc:6ltgaqgyeav7ijh6qm3qwxyj	7.09939400176721	2.44255647107732
did:plc:6ltskpkqrn7tx3c2b64w6slu	7.57316246567262	1.81689363350674
did:plc:6lw37cchbco7cxtcc6mhkoqp	7.3833948550364	2.0524806295281
did:plc:6m427yjo5326mie7q4v35grk	6.56312893938098	1.95087056550365
did:plc:6m4p3ifx6sublhl2mggyfsqw	6.68498772322513	2.85389796332365
did:plc:6mbps6h6hoazv4dbobwykwrd	7.73411574822324	1.62724854502998
did:plc:6mdrinbwmsfinstnu3ykzeym	6.53087264578957	1.98240988821663
did:plc:6mlqlp7kdcmszvuhnzduf5fz	7.63879089013065	1.77244269846647
did:plc:6mvs3lqi2qrk7aeolbkiziv2	8.48185733619091	1.11967043139772
did:plc:6n263f3zehmhujiimbdu2h6q	6.51491378081643	1.86571550984167
did:plc:6n4cvvyh6u23zo2gcbwligsd	7.93404521763289	1.61420847933779
did:plc:6nawiyzwulurgxkbrojzqz5m	8.18677414204938	1.65264037020319
did:plc:6nbfovvvphxq5vpqxyvqjpvf	6.24253335945056	1.39327974214222
did:plc:6nbhm6zeudw442347s7q7n7o	6.52433819408715	1.89176439897328
did:plc:6ngakmtk5p22ellyek5gerzx	7.60841466086583	1.63960669116991
did:plc:6nim4flxz6qufp4fapzbesov	7.72467505552287	1.89477020448769
did:plc:6niyxde3jlcjshb7c3iff6eh	6.86174419527431	2.97863115642047
did:plc:6nkzl4jkmqdlxtextep3f4ss	6.97811841543595	1.72733386269658
did:plc:6nli3jkj3geblrqzzyymwbdd	7.07562703873395	1.94333922871807
did:plc:6nm34lwxz6gaechkjgvpzoac	7.14141412896318	2.04888005577262
did:plc:6noecbqrs6epdlu4muqs7txn	7.84796672891543	2.16327927755798
did:plc:6o44pcuurmhknsiqz3xb7gpb	7.19719220538239	2.21413177839658
did:plc:6o6d57tu62mcfwejx67pv3or	7.88258564961888	1.44875594381122
did:plc:6o6pzpstxzwhftmjfolo55yr	7.43466846454019	2.32891294152034
did:plc:6o7zrwp2uzoh3gxhz6lmfqtl	7.57502741295293	2.17641976278763
did:plc:6obp2yjsbrmeixil2wdcqk6k	8.42708172771469	1.6150839822505
did:plc:6odu7dzdjunxemg3e2tpicmq	7.05199746648016	1.7883297204051
did:plc:6oguwyjd44ys4evqexsbz5ri	6.56231158641574	2.43598845006133
did:plc:6ohkvpli4gpumum3hjvhu6np	8.56391593605666	0.892389040291934
did:plc:6ohutxu6x75yqdm3t3gyquch	6.69224529416048	2.1491502493019
did:plc:6omhu6zk3lxdjvb4niz62n7q	7.38097907057109	2.15997744657633
did:plc:6onggj3tyrfwh3axab2md7l4	6.64142692043225	1.62541730124894
did:plc:6opdzzlwfsgxork2c5rxq76g	6.74553362067038	2.36931361150352
did:plc:6oqc5vv2p6j63762geixhmpt	7.14171118648028	2.18526212562332
did:plc:6otsls46ofw7ea6nzehh6kvk	6.90346714181081	2.52683620183568
did:plc:6ouruzh4shz7bnh3pptieeji	7.33167030489684	1.63590433408705
did:plc:6oyaqj3zpv6hepofgrp6od7j	7.40265062101606	2.11542613679028
did:plc:6p3kkmvcz7eu4co552mqnbr3	6.8128869064527	2.04123774318761
did:plc:6p5x5oklcjtketa47lub2dos	8.35227939606828	1.76564852764498
did:plc:6p6nuq5zssubllig4k7aoytc	7.18713225520127	2.18466585824056
did:plc:6pc26iruerhwj5amjkma75xg	8.46577025280837	1.4720202936053
did:plc:6pcyhrathlak3ssn2ymaesyb	6.55845799583859	1.94738092987041
did:plc:6pczutiqz2wwnk43y2ykcvar	7.28447099330275	2.14558607878889
did:plc:6pdmr5d7lyyfptxvcu4bnitm	7.61500596436275	1.93579842298125
did:plc:6pjy4vjkyrsvovw63vv2dubz	7.33780160700842	1.44538508926601
did:plc:6pn2l5tanucxw3bd45zq5lgb	6.83912439655677	2.2706875930949
did:plc:6poi4gybnv2r5b6xpxnpq56k	7.11517309060533	2.00251744561709
did:plc:6pp26ixdzdlqdkhl7vr5yis3	7.00856783733384	2.11022482866432
did:plc:6pps4lul55lqny2xiavlxjug	6.8354757375943	1.8398722091944
did:plc:6pu57u4xc4vepzipiws6gaof	6.73417542304232	1.88122918859719
did:plc:6pumawmy4o63tgaqzec7hkyd	7.41130999845227	2.14539798128067
did:plc:6pwgqk5prjyuozqqn5tbq5fj	7.47649107705645	2.55626456811146
did:plc:6pyolmtgxzqc4bam2bmeydca	6.67349346641444	1.77305225340962
did:plc:6q2bwaq4fdlkwxxff2e676ds	7.35206397431724	1.80861700462701
did:plc:6q4fd3ngt76ojpzh5ahdjrzg	7.13937063110549	2.5909457302669
did:plc:6qapjpy5a2e7avzi4ihz7rzx	7.1382884263215	2.505458464794
did:plc:6qcit725wsz7tqkghvyurkcg	7.6371789090538	1.6204789101919
did:plc:6qcr3l6pujvvxvwsnpq33dbi	6.59573395569996	3.01581329548316
did:plc:6qesz7zsjat6ohgsvfnzrh2l	8.97539458215149	1.09863371559049
did:plc:6qgcnk4yrmyhb43m5dlu7jwl	8.36700511414489	2.17411409934032
did:plc:6qgefnfedhna2i6mfcueq6tx	7.98445737743575	1.91531575107809
did:plc:6qhvuou3ovjy6zvey6d57lwy	7.21103972757695	2.03550623009515
did:plc:6qj6nmhdlsaaaebx5vayodu6	8.14868063127166	1.72513576215187
did:plc:6qmwlcwvix4vget24dmhbydc	6.50145639950897	1.76255846391194
did:plc:6qoeqeetmm6e27hc7wver6qf	6.86678901034492	2.4455573630671
did:plc:6qrvelznb6tmnf3xv5uomzo4	7.51549018358828	1.78358630141539
did:plc:6qzwpgry2hpyc7drprm5d34m	7.40806437194197	2.11488744439216
did:plc:6r2xxnftszpfywwjrne3zxc4	7.7686954339536	2.2405204348738
did:plc:6r4trkohwkvqlshllnimv5gc	6.75905916505475	1.81914403208974
did:plc:6rcaxe67dpfhed3sx7h2l3p5	6.01161538111644	2.29165176947177
did:plc:6re7igflwx2tistiga7o7hqr	7.70421683844955	1.9619276544901
did:plc:6rid7rxwxelanfb7un4h2ttu	7.04826933965987	1.98599354127324
did:plc:6rjknug6tpigvogumkx3lwhw	7.32689352070409	2.13275932437603
did:plc:6rojnfepixpczkutmnwqyn4r	7.17841787832217	2.05032144689199
did:plc:6rrxchrko7y6diqewoki3ku2	8.07066869549036	1.77775425648235
did:plc:6rtj64bripqxvmstxnw25m7h	7.96672124343376	1.85005789415659
did:plc:6rur5yekcor5xursnpg4vtdc	7.35091288059104	1.87969033116654
did:plc:6rvpumdauqnsjs44nmk2ck6h	6.78425858541784	2.29700174863351
did:plc:6s5r2ponroj45v37dol3ykqj	6.62437275882138	1.8137569120646
did:plc:6s7nnxz3gcuno5bvt5t4epbv	7.04214893715003	2.66442719603435
did:plc:6sc6hamm5iu7cr4r3uuy5prp	7.56469337901581	1.96957515787517
did:plc:6seh4ixhh6ygsiv5mer6ovgu	6.98509988767554	1.65115177276719
did:plc:6sgg7p47e5x47fvt4mreaste	7.20974044166797	2.95336001406718
did:plc:6shp5azrbrc56pibibg2n7ti	7.04393085512947	2.18091065021965
did:plc:6skugaseu72tzwzfbh2sinpn	6.54825041139495	2.49078144934785
did:plc:6snjzb42hobfd76el4z2fars	7.02015050971665	2.01119225626597
did:plc:6soekces2fo6b2wsyjxm5os4	7.18689069663864	1.34939699229765
did:plc:6sp2ztvrdq6casp3aiiqrf55	7.49589430248117	2.11638240633284
did:plc:6storezlq7choz3nrhguorhb	8.04493402185569	1.8603360745085
did:plc:6styobqnjkrow5ganamyf4qu	7.35098326424563	1.84472224938284
did:plc:6swgu6e7vcsn6ie2z37t4ty2	7.64968183192472	1.76350871283142
did:plc:6sxnjnvmkrjlt3sfsidfwocr	6.84032183197972	2.23573124715849
did:plc:6sy2emqma3rms5rrkuqrnlii	7.44395657593038	2.22542653231334
did:plc:6sytjlbkpq4affd5wbcvrfce	7.27728817319597	2.34114798382474
did:plc:6sz7rfamqux62qyxnnev2ypr	7.60784405434395	2.00276663925075
did:plc:6t2qg5vuagxgflh6d6r56ycm	7.51154862210741	2.44459437697358
did:plc:6t2wmscx2unsu6pcc5zw7irm	7.26841180097252	1.97536612821356
did:plc:6t3rerlmapo5jfp46kkwlitn	6.93228676774787	2.51828529435279
did:plc:6ta2ojomvrviygh2ghr7ohfd	7.68201531382064	1.59387315257068
did:plc:6td62g32ukfv7y36azjh47l4	6.24942059509756	2.53251295274545
did:plc:6tdqydna4aidxxovdygzpf6h	7.80507316176911	1.84633181761562
did:plc:6tehz2bd5q5ii7oq56lmz236	7.18560392846588	1.77220645241843
did:plc:6thbx73uruc24zs5grerfqex	8.06324938342381	1.93869425924332
did:plc:6tkdefjsfzap7zyre55oalsz	7.39666988770579	2.09793383281107
did:plc:6tndw3tiswgcy6svzhbumrhg	6.83530138485341	1.59649067084783
did:plc:6tngxystbigl4pm6ffr4jhi2	6.77442267175646	1.94138500121463
did:plc:6tt36nwqyktpnvzbh3z4q5d3	7.04404714337791	2.08544976093844
did:plc:6tuwihodglaakemwmlo52xue	6.12022769304279	1.73950702388417
did:plc:6twou3rbkumrmvtnqfyc455w	8.22330169310771	2.02144232992827
did:plc:6u2mvjsu67fguogzn5u3cfxc	6.69631987238778	1.70427898772516
did:plc:6u3k2bmiw6qs3rfhbm7ltu5y	7.08856401522274	2.27407008555504
did:plc:6u72tnfspgwfp7usu7vv7m2x	7.17035175383362	1.58149078445204
did:plc:6ufktbizktebfg75iy7gh7wb	8.13534085561394	1.86925867349736
did:plc:6ulypwexav6e5ftfxdibwv77	7.11580586701187	2.20111158286934
did:plc:6unnhq6eisgblaf53nei7ou6	7.90948673560104	1.50814259948247
did:plc:6urctox74rnvul2ocfxe6xto	7.1691060853866	2.12180947292036
did:plc:6urh25zljsowp4f6x2gawrqt	6.44932205554598	1.98737823467775
did:plc:6ut62qi4j2g45oovivmt5ijj	6.47749211688877	2.92194124525178
did:plc:6uyvlyxkjt7jcpiyizoyj6po	6.84995508575843	1.9272259187834
did:plc:6uzompp3mtcydzb2shap37db	7.19620660653466	2.06484078812715
did:plc:6v7zxcksiivpgwzbsqjugved	6.45846781738452	1.93254436024071
did:plc:6vccnxg7rok4ae6qxd654lpi	6.26354103102764	1.60195168733763
did:plc:6vkrwbfmjr24lgmqzvzt2rsq	6.78251011940541	2.46456133676549
did:plc:6vnjo65hr2lgbflpt4j2nnz3	7.28473167898578	2.57331448024349
did:plc:6vntfrh3vdsvwlxgrj3nuuf7	6.76194985996591	1.75681063451272
did:plc:6vornxyivazbspowbrzmc76u	7.49762953141507	1.56975508603572
did:plc:6vpikf5o7kj7mt4nmbfrhx2q	7.85979773097327	1.93289162911782
did:plc:6vsboclsd72blhxuxadeelgq	6.91934914044234	2.14233117649395
did:plc:6vuawebdopcvg2ssbmg5oqbo	8.11734286910849	1.46278297156429
did:plc:6w75soczg3pqqokkrg6htk5y	6.9310234047551	2.60558101560622
did:plc:6wb6fwqnssysmgnny4o4hymi	6.46963080963889	1.91109109892551
did:plc:6wd2w75x2c3ssiyjovt45dyp	7.14126595508155	1.99072058511255
did:plc:6wf2rac5py7xssytkiyq5dhw	6.699094386967	1.74547025328305
did:plc:6wintvzzngpxrqovbc4dovbn	8.50163209215806	1.29426846164857
did:plc:6wiolmq6g4ubmjotb6jaevk3	6.89655146233725	2.05897848408795
did:plc:6wkyiv6cshonzn7nhjn5q6xe	6.5662164278681	1.9195318902953
did:plc:6wln2gvfa4zgmzvli4j47vfs	6.84430689430638	1.73360685979054
did:plc:6wmcg62k5ovwztfbtemuug5a	6.40185705066534	2.26481864178801
did:plc:6wvi25q7cscrctxgtehxaual	7.16579407382213	2.10406607209767
did:plc:6wyba6fecjbdmq7ici6353od	6.45260519079339	2.96543341920897
did:plc:6x2n63yecb4c45zlezc22n5p	8.2987798769367	1.61562288393294
did:plc:6x2xoxknhbapf2w7rkrgcylr	7.42738231832761	1.38080758674486
did:plc:6x3htlwki5qo4n2uqxkfxith	7.34334668540947	1.88955789529303
did:plc:6xb3635hisgotsbxklrwtte6	8.20318589028913	1.60612159418352
did:plc:6xchoosndqfmcst2m5bnfuqu	7.20037567002749	2.05766094726112
did:plc:6xdpg3pfs5ificwrckpdfqtm	8.25737427841075	1.38146345524535
did:plc:6xel6o23eltqgblyiaihqbvm	6.43788820532199	1.9476583493641
did:plc:6xeoeq24v2pklbhp2ofshu2w	7.10683492837023	1.67385146912067
did:plc:6xi5f3adhchcvfvftadl6wga	7.31034634418426	1.75310597264894
did:plc:6xjdgu3x2el6a3v2l27ltsft	8.23275305924171	1.72980088471468
did:plc:6xkr7ydheykqocsyqb37aa3r	7.12349207247187	1.10898404723229
did:plc:6xlqmfl74ylgbiuvspwufjj6	7.43511772134427	1.79800966653193
did:plc:6xq3lujwwusj4mfih5kclw3m	6.85164517981768	2.56049131942975
did:plc:6xvd55l2suweujxbsorzvbid	6.7923479457262	1.82931394230689
did:plc:6xyi5vh3sq5jxiylthu2uruw	7.93069587865388	1.98861088868151
did:plc:6y6x4nbcyze3ytnrqlphwrva	7.12471209523768	1.8451402602487
did:plc:6yaagdpi4xg2dw4mncqufuqm	6.89363497013342	1.6813101961161
did:plc:6yc6mcieefmx2woqjmv2u7nh	7.89246577740125	2.12850205857337
did:plc:6yh4sk3aqmhf6hpasarvqq4z	7.7150766294658	2.41069408599146
did:plc:6yhqztp6tm7gmav7i7bijand	7.84179943188042	1.38884977398138
did:plc:6yj52cxevzxqpofqlw6yflhn	7.61547727819578	2.09710159256467
did:plc:6ykajndqngy2kxozo37mpsgc	7.38397297554288	1.71342026094379
did:plc:6ymj3n6ewu67nglbss5lu2g6	7.95974065531831	1.81230914611411
did:plc:6yoflb3tzjrjyt2e2jta6mbu	6.64297724790303	1.65803762403911
did:plc:6yopoxtjahxlukwmwgnh6oek	7.17186730276263	2.01768756549807
did:plc:6yos4haga3q7pcjzi2ov6e4l	6.86818888128999	2.13360322016473
did:plc:6yrbss64kkv2jk3byigm5fdp	9.02475438036248	1.56135165516539
did:plc:6ysq7e4jqxyu6chrx6c23dpo	6.90815833932464	1.93380154506462
did:plc:6ytgoklamaixazrv7ba5y7ia	6.98679613998164	1.84124024704747
did:plc:6z4xwdyxtmriuhoeoqnvwe5f	7.46577803923528	1.66228273073399
did:plc:6zbwvrfbeey6gotved37gkq7	6.97856072609301	1.81870814924393
did:plc:6zengemswnsghng6qk3hbivy	6.91541973488892	1.89207632185086
did:plc:6zgbtu2u4euhfsuzxmt7meyn	7.74061489689858	1.57100018968383
did:plc:6zgxbksc4fdfx5o5vroashdp	7.78698039001945	1.54138149441328
did:plc:6zhq62d7qtdhlbkgmxc4n4kl	6.62284530245434	2.64986977828803
did:plc:6zjnnb2cfaprl7elpxwhimvc	6.58657267318536	1.8426387848952
did:plc:6zlli6ewrvroodhyqitiunsc	6.81125474918184	2.21793836675136
did:plc:6zpnzxdyj2phe6xax5ufzdfk	7.38397649516939	1.80194444688891
did:plc:6zqdg7xzhlqprhtdyzoutk2k	6.38800985239488	2.02276693196239
did:plc:6zyhcuixifzebuaw3ek6guq2	7.04056109695578	2.03764455523435
did:plc:6zykijfvquv5zdjvkxd2e2fa	6.82640237796916	2.27990501379956
did:plc:724yvyvtgsdkcocpzqsigvqk	7.59638675426141	1.85004014598781
did:plc:72bsmc54uyf5fpkqejojtea7	7.3721315345583	1.78688202640214
did:plc:72dqe3yjsay5bp3scqhrkhnr	7.13169284052727	2.25821234109545
did:plc:72entq2vx3tioe7skyelz2vm	7.65179269653097	1.67177159412844
did:plc:72ighdlfqx5kfhgurjybvmui	7.70297281441204	1.55055037228628
did:plc:72kdhpf5taottt5bdtrsak7l	6.9881884550197	2.21086455006602
did:plc:72lmbbldg5hrvbho65restoo	6.34822626574417	2.63086458802072
did:plc:72tpdfgupaufkqd6i753qmfh	7.40083187031523	1.81896307756511
did:plc:72wy35dzitnw4cvrhrw4jmhl	7.49663462948272	1.93157347056792
did:plc:72xdeg7ov77x7s2cazxhmbdo	6.64413971897733	2.03387123407371
did:plc:737hwabfhh7t2wigrxcaenu2	8.22330689922474	1.23795183495249
did:plc:73d6hmotwutqjtlalao5rjb5	8.02852061195864	1.93065172552484
did:plc:73hj5vhu3jcyzfp5rlthbz3q	7.27020793499196	1.91255974443917
did:plc:73ixbi7a34ulxylxshrhgh56	7.43478834569158	1.9114241321854
did:plc:73jnhpto4iralfcdcs67up3z	7.55118232599853	1.8536039958556
did:plc:73kmv6kpu4xqrnixfdufp5lq	6.59728642678599	1.94383050670637
did:plc:73npzmwra4ywnkzndguw72ai	6.7669819507562	2.04963341304549
did:plc:73p2ez3guvhdsqp6g263jmww	7.38786001747139	2.0099290156823
did:plc:73p2mo5evrzmgkdusb5babz2	7.79756105756755	1.66034040403266
did:plc:73qgdt6gfor27mdo65lgygxh	6.4280872474477	2.1630248642759
did:plc:73sacp4f3xeamvuzhzyehcdu	7.01607248704439	1.55111870885861
did:plc:73t3muu2pudsajp7a2fj3aly	5.81275660811652	1.98676060045205
did:plc:73t6m2ylmoetyxsgf7otey7y	7.38513931320965	2.85336831954306
did:plc:7422wlmkminudypjv6cywlzl	7.16186352280536	2.05243075293769
did:plc:7453e2qdl7whbhuxaeby3zom	7.51372423139158	2.20069617656993
did:plc:745fce3otymbfqb77v22bvmy	7.48179218821941	0.354612097864155
did:plc:745to27danlu6xjjich7gg7b	6.86572877359694	1.57224058970554
did:plc:74bt42fo42k3h7agzd2x3bn6	8.20726819125484	1.30566777094091
did:plc:74dx3dd6hdvrdhoyo7ro6tb3	7.38718101995047	2.10791956141086
did:plc:74e2zefhngqgw7ixtwupb6nb	7.96356379693048	1.4814912355517
did:plc:74ghis2af3we4isb2rotlfku	7.10166592115044	2.61422555625242
did:plc:74ic4sfismoidpxchfzt2ine	7.31052843252837	1.6307283630264
did:plc:74q4vzkr6h3lbghzwe3cywyb	7.63159312640452	1.88135622089911
did:plc:74rtwjbbh6ffnx7mh24fja6i	7.170135425889	2.1704901080561
did:plc:752yytx57kactu4t2imzx5hb	7.42687875322314	2.14917584487529
did:plc:753hgupejkoxhst2ftmmoodq	7.43216567641861	2.02575300973378
did:plc:754uvpafjfx37eajdilkjjsz	6.5937739381851	2.08034962631519
did:plc:756h33kkqwot6hvjwply3dyn	6.89631002435601	2.9279422048453
did:plc:75fjccqoaah3r2bfoky5e63b	7.36937958631845	1.80494936112407
did:plc:75hygwhsy2n54hp2dbpm63gf	7.16412998420956	1.98330715227818
did:plc:75kyuagop7nfxa2tyfhmbyng	7.11974939780953	2.07774456672466
did:plc:75o6yxm2cuuvripipe2lazgm	7.2068015618948	1.6517569846209
did:plc:75otp4cdy67ct6dbinhsx4dj	6.10524212717773	1.83825203059294
did:plc:75owxm2epaoazz6pfi6ffhdt	7.39578233159307	2.15222985232544
did:plc:75pzo2ie7pxlza7e4qngy6tk	8.37311931686294	1.55290001820883
did:plc:75uskcdmjmo5ppgiegaiglli	7.57517462556257	1.64602874653548
did:plc:75vtjl2ci7hww3yc7bihngxj	6.75378110022662	2.09077086694237
did:plc:765gwibhy5phwzu6fdw6pli3	7.07771152637042	1.91144513572585
did:plc:76dbhwuerzigdd7qbqpbuqdf	6.99626106116551	2.19109046033871
did:plc:76gidulzuwykvtqbyjnsnpee	6.81486160304505	1.84870457812248
did:plc:76hw2zevz4whpezytx3tfidq	6.94919510071562	2.51775813733934
did:plc:76mby2rbxztkyhk227ad2d26	8.06252842824496	1.75026188421962
did:plc:76vtsu4uqypy5s2fh42bwxqc	8.08431904522219	1.75390670623582
did:plc:774dovntlqt4jwpuliho2phz	6.84712823510429	2.23409874642033
did:plc:777u6cdxinn5oyefoq2ij3sx	7.10648342854175	1.92512574275395
did:plc:77c7owehcuvkeegv7ficronu	7.55777204237181	1.96192418305794
did:plc:77iexwavx2iafsnfxpzwjn43	7.17741996035978	1.71856427123104
did:plc:77msxvtvkz3ce4jxie47lrc4	6.59674052010197	1.79093850616679
did:plc:77q4pmebxnzve55com3pubct	7.3516330022047	2.32690233746235
did:plc:77tsyaeas5wfbwrfbgqtx3yz	7.40366908535886	2.25947139646046
did:plc:77ymyqox3eoqgzej3ehsuvo5	7.01762353189554	1.95698580597413
did:plc:77ymzvziywzunzehuzceagsz	7.33652342273557	1.68695200923868
did:plc:7a63ciiw32l3ca3upo2rlncs	7.1109455423596	1.83018847628105
did:plc:7aeyiw7aybfwlpcmjfthayfk	6.95517215602003	2.79529543542324
did:plc:7ahoaxmu5d77gcvwl3qdovxs	6.85944338219895	1.71405205225722
did:plc:7anv67kosxrw3pvtet4ltowc	7.06005994785148	1.87075787477542
did:plc:7aoxzkcrrvkpufmmx2puoqfb	7.86203779671072	2.1471276913249
did:plc:7aphjkmwygsvq7qer5ajppxw	6.89079557423313	1.97176562673071
did:plc:7assiljlffwpujaq5fdkf2mq	8.1924471264768	1.7747114578894
did:plc:7b5mlssrjqni54qyfta6aqnl	7.32132864687334	1.77653324323235
did:plc:7b7mr7f5xgiit5nvqn52f4nz	8.52135437765832	1.06109442637421
did:plc:7b7tunzgcrm4lz7vtqcumizy	7.34136836428041	2.03413175043323
did:plc:7bbpqf7lbmd6f7t73t7nwaqi	7.7233789754243	1.68745276835259
did:plc:7beoqy2hetbpmirojauw6hd2	7.33346661860186	2.42844512287778
did:plc:7bi4rkowdi7azudu2fiftq74	7.7300505711051	1.50696497898012
did:plc:7blh5fitc6pgieykmlugwtxo	7.31720275742545	0.161825970241259
did:plc:7bmrkbpuq5nde2pqkukokpqg	7.98271984249424	1.7186823004598
did:plc:7c4wycyn2cklrdipx6kjdltn	6.96724604989829	2.3034962233084
did:plc:7cfnxo4irhtzcet2xkg25rvc	7.95849541675857	1.58670625057418
did:plc:7cq4f7kbn4xbomgyjx42bq74	7.31653037877941	1.68022764519136
did:plc:7cr6w5eqsgwjbiodazrcevhq	7.03254296883151	2.11083684669252
did:plc:7cwf2hdistrcle66io2qztvs	8.27385043722277	1.9371236102359
did:plc:7ddparvpyxdnnyuzjjngv4o7	8.45079682299131	1.20887421899151
did:plc:7dfo3bchhny3dokyfbmtfcju	7.03410724235522	1.66669262704252
did:plc:7dg5ljfjv2jjp3k6z7vljkg4	6.88333413668878	2.01916184612153
did:plc:7digdvbbfp3yln67zi7mig32	6.94148671173712	1.82023775326036
did:plc:7djfngetaq6kd2uwxfm6htd7	7.43817174914813	2.15414316638731
did:plc:7djmrvewxgxpgwbejfm2dmq3	7.50429086664262	2.10916653537091
did:plc:7dkd5lidbsdivvzvjna2jtsm	6.98881689019246	1.97690962297926
did:plc:7dmdxujuycgwef7olag6eoy4	7.15094340386402	2.26666056586945
did:plc:7dnah5375lojja37t575nlgx	8.06348414920296	1.78339897664417
did:plc:7dogt4722jke3envuhvropb2	7.44769998926024	1.90456335026387
did:plc:7dpmbj2hff3qqbwyqixvtbzf	6.59820550975217	1.64359076634028
did:plc:7drfoh3tyzsqulirjx2yn4kd	7.49840907248409	1.67263691269154
did:plc:7dvckq22y5aiutsylzivsqrh	7.42884687754039	1.86822387322256
did:plc:7dz6ynxerw7b43as3rgmojhj	6.74493333310784	2.42062645322291
did:plc:7e3ucea35rcqgbhxchwubiu7	6.98930597708308	1.7202219822757
did:plc:7edx2tdftqvexrq3imjiznoi	6.71956308052469	1.88604778806572
did:plc:7eh6ibptalutlquitji4ctxp	7.1790471719934	1.33375852371983
did:plc:7ehwqvs37ouxd7ivh5uy2vve	7.50568359915495	2.03731146457188
did:plc:7elvhm7z6dopkphbvcq6mnki	7.12188009257827	2.48345214970084
did:plc:7en24udmpsdq75kpxmzugbij	7.8203917671588	1.416940007188
did:plc:7epjzxsz4k5vviuofr33nrmp	7.9788184870336	1.23177113507369
did:plc:7epk36em2pw7tp3trt5el2qv	6.57414501584362	2.57390872772028
did:plc:7epnfisas5ghxrshrhog2bxy	6.78941623309498	1.62326488761415
did:plc:7etz7qjb3x6jc32fflubplen	6.5589523362953	1.88919715399028
did:plc:7eway3ycpuisjcw7b3zlo7u4	6.62337608398419	1.90978951474979
did:plc:7ewbr5zx62z4wanoyqe7rjjo	7.37996064519919	1.53651062116472
did:plc:7exlcsle4mjfhu3wnhcgizz6	6.82723174354564	1.5295068882477
did:plc:7ezs5l6cjljj3querchrnf7w	9.22664350033968	1.06060193654683
did:plc:7f767cczw6lpc6nfub7rmnic	8.02944592651227	1.36851443297367
did:plc:7fbyj4hzkr6lyhkzycvv4bz7	7.97197161307652	1.51014430167834
did:plc:7fiwam5jlq3bbocx62vnjgmw	7.43442182543177	2.29648827040461
did:plc:7fncafzrdkgfrj2ftmnnuw3b	7.76330479713112	2.11979031981423
did:plc:7fnyla3saxqa646zfd2n3mjt	6.55040631328584	2.01263032992886
did:plc:7fnywl4qenrjwssa3uwurii6	6.75277846124729	2.08596905605782
did:plc:7fo4kehjjc7fbnan4dkyqrty	6.70384475379442	2.23521132998068
did:plc:7fod26cy4l3ozonzurtmyajj	6.91161419193273	2.74286548731872
did:plc:7fr4ml6yihuwmoxrgq5gv7az	6.69941439448933	2.92217524190656
did:plc:7g2v66r6ryaa5uemcuqnszw6	7.01168311951365	2.17802970113038
did:plc:7g3is5xtfxmd4ljd5suhrod3	8.00511153131596	1.1838834401912
did:plc:7gawvnn4bgjql2222ybntjpv	7.05645628185783	1.5757630061987
did:plc:7gfadvvunpqoiepaqoertqzj	7.29157137190879	2.35525986311351
did:plc:7ggq3r5p2w57i6wra2dccfae	7.9035516145528	1.36504006481805
did:plc:7gi44j376lxk3dcfutjekhop	8.30460708914335	1.64971144156967
did:plc:7giqawqoj5up5xa5yswux2pf	6.59803520210749	1.75029955749591
did:plc:7giugsiydb7mj2j3a5u6nuyn	8.52174250496803	1.61320881842394
did:plc:7gmhpjj25lsgu772vbxg44xa	8.03488573704641	1.86530240275437
did:plc:7gnkae37drgqi644lekx53ub	7.62053728539029	1.56817142853892
did:plc:7gt4gnbrmt7wmafvgbih3ff4	6.80956323999398	2.02241205895854
did:plc:7gti4r7sfrcyr6ukotg7lhmf	6.77339461801086	2.01130205373736
did:plc:7h2oxtcuvxk3ysbjkxqynnbj	7.05658133396816	1.96751670091719
did:plc:7haueww5574fbp5xk3aqwa7b	6.82276809557263	1.83856414745135
did:plc:7hcwimkr7xnbiygmalchv7vw	6.09008702602468	1.73211294958806
did:plc:7hijw5keryc2obgm7osv56xa	7.4573466011746	2.13526191668448
did:plc:7hjgushiyb4f5g4jqnpudstp	7.93869184747378	1.81832146943334
did:plc:7hsnhyve3clc2crizt2ttrxz	7.49591821804187	1.9015952810948
did:plc:7hw7x5zxaexe7nc4ba32jwhg	7.85068256026735	2.12385164322973
did:plc:7hxdn3uyquyjp6wmq3ofat4a	7.18676157818181	1.79715262222549
did:plc:7hy5iuitgvm7g4eqruidn2mm	7.33875515519868	2.08483616236333
did:plc:7hz36ssd6557xqa35nleuo5q	6.96290654353792	1.58325395194252
did:plc:7i2kwaim5qnswoturuq346xi	7.46344463117804	1.91249736070117
did:plc:7i34hokapv5orjhsa2cyfw4f	6.74183992079005	1.90189132818162
did:plc:7i5dkxo2yhvakf4hxvpf4jzl	7.01530393888385	2.51676864651775
did:plc:7i65dn3uo5gg5t7gcbdgi5wm	6.75257492895852	1.61252228029601
did:plc:7i6opbh7uy25ojith46a4vxx	6.8760767736558	2.4221999265617
did:plc:7ibdotdp7goty3yb6rrz26jx	5.99631196074177	1.67769453212452
did:plc:7icorbnuiecppwktkdgnm55g	7.17519256912779	2.17921655458503
did:plc:7id3rqvfyxfmshvlledhyjcx	6.78834688469976	1.88881411476993
did:plc:7ihj7jobnnnmj2pdos7ggh3k	7.66934518511085	1.75993761609972
did:plc:7ilzt2pxm73mfmqpnec4b75v	7.47026419661135	1.65317315311289
did:plc:7imtq4pfkioglanwrmychbkc	7.68678428219811	0.975275049359233
did:plc:7in5xecoba5mdqx2hhwhye3d	6.62034447513508	2.03258418507005
did:plc:7iogsizjatptr4qncesclxkp	7.47838932127102	1.75263133733668
did:plc:7iq7mx3lzutgime2um22etwr	6.75161672307818	2.32178773195888
did:plc:7irbh7m5khrwwbd2lqyfjdor	6.92497846542712	3.0248516087296
did:plc:7iubo6ntyufm555byik3kab4	7.22059948216191	2.69863925683927
did:plc:7iupgcy4gktqay4r5shvd3f6	7.8499414280877	1.84222319307816
did:plc:7ix42pw4pw6ctqh5ujotzspy	7.50624372720185	1.53512294594867
did:plc:7iz6pbijihdcrqzjlrnw6loi	7.17922636735467	2.17952429158821
did:plc:7izi2j5utjliq6avmwcmlkxw	6.33205613811168	2.06322868524939
did:plc:7jg5yywjobfrqjfyxgm63vaw	6.68350361022013	3.17335526718174
did:plc:7ji4vypzqk5dqrkfaommsg4m	6.68756561657756	2.20055683534214
did:plc:7joedrsgc2xtv4oludkro7vh	6.7803188508448	1.98282099306962
did:plc:7jofyghhfgbncm73tboeag6c	7.05566968888746	1.71045150946086
did:plc:7jsmpacv6kjtj3w73p2ysj45	6.83346924199669	1.98594017601675
did:plc:7jtr4fgaomsqkyp2bg5547yt	6.74517680014172	2.52327031768596
did:plc:7jujkl6riglu5h7hgvcs6d2v	8.08257755454611	1.28342115275132
did:plc:7jypn7binkdqozba2rauvu7p	7.30562851721155	1.51068676441735
did:plc:7jzomq2fai4xq2fiw3p6cnph	7.79107970037131	1.63792302517241
did:plc:7k3k6xbx7u7q46w27esx6ivm	6.34975633256853	2.38688703240011
did:plc:7k7ju62ryh4xzyycr2yehlg2	7.27269222035912	1.73980828967407
did:plc:7kf6ssqovzkkkn3ppzwcaung	6.93002851862064	1.68615531939658
did:plc:7kmpnox2adlai4inrc6zggc2	7.40332164396655	1.7756935270388
did:plc:7kolul2zu2y53qenvs6tibwy	7.06760534780518	2.31737209463056
did:plc:7krzbaebmsokc7bgampmmh47	7.93562741220103	1.6020106604635
did:plc:7kxihg4f6tfwitkca3wrukn4	8.78167293980201	1.25565549791265
did:plc:7kxzehbe3zvaemjp2d7b2cei	7.91968558605812	1.964672268732
did:plc:7l6jtlvonhmgrhlbeo7pkh7j	7.1297829500667	2.0611398046307
did:plc:7l7ve2ildbuee573lkioquyp	6.57818521019342	2.07456498053514
did:plc:7lafta5jntklalkayzccqiuf	7.423755609881	1.88811795825164
did:plc:7lahu62iykvd5bits4ho6csy	7.15400756982502	1.78174013085772
did:plc:7lgzggl73nlgxolqqyk7obc4	7.29548947502954	1.85361350653645
did:plc:7libgaqm6laoajizf3fr3ru6	6.95870193630187	2.04937808270774
did:plc:7libk7ew7t5zitxps6ql5jc6	7.78995477311809	1.94375713914554
did:plc:7lmaeywdjrkvpp5dvzy2uwln	6.47980901030541	1.70403039149865
did:plc:7lns62ablpw2t2i3vamzlttu	7.96580371183105	1.55321512815693
did:plc:7lrsvfxmos7gsshfc43j27wf	6.96306022123948	2.26864217923297
did:plc:7lu2exbxb3yvlbkiinotj5bf	7.45763306991826	1.9484193092519
did:plc:7m55xphdksg5l4kntnino534	6.72428282821729	1.94179591911899
did:plc:7m6aiylmcmfiqzjngwpxx7bx	7.50578511000941	2.15366007987039
did:plc:7m6cmzm7jnlpfes7w46nxf6h	7.59076046156335	1.78081833514861
did:plc:7m76uq37jbmhk6ad34waicfx	6.87326423188336	2.0927637425608
did:plc:7mg2wd5lupxyq77jjhuf43tw	7.89032678611381	1.71798076995468
did:plc:7mgup42nbjxbiclbgshmfp7c	6.85296782095911	2.36550999616905
did:plc:7mjffevihawlvnnyeddrnozu	7.02571800908298	2.55480494836102
did:plc:7mywnckxtvmkpqgcmrbfaykr	7.39402698929811	2.03432849530786
did:plc:7mz4dlnc6pgupijjv45wbvbz	7.48517808149321	2.07372133607164
did:plc:7n54heawuthb4u4a5giccfnx	7.17354783912177	2.26012067792123
did:plc:7n57sklcp3roperagcaarcoa	6.88861918876615	2.09980928017812
did:plc:7nfbw7jmvboipz56tykfhknj	7.32312637535024	1.97976931471262
did:plc:7nj7vqdfsu4dozj6v4tohb3f	6.17583942881017	1.81789725602856
did:plc:7nnjvnyzx6bxparchrfqqh46	7.5585366085118	1.80491268884318
did:plc:7npbc7vfj4vhpcgsaqqqufcn	7.41536620220494	2.05575565621616
did:plc:7npnbbl7sbovi2ka4jemeya2	7.69422735593211	1.75021972304654
did:plc:7nqgmjxtphicpey5kcxjk7yn	7.38562778000384	1.9057728314588
did:plc:7nsbokhccu5oyokqnpsm43ia	7.51568901573164	1.72226625463477
did:plc:7nv3ngeqxrirw3xabevhuqc3	6.82195348129355	2.60649828892431
did:plc:7nxnye5k5by6slxhrnimln3s	8.04110228736174	2.01869988618065
did:plc:7o36ahsls5z6f6ohsqjyrmfu	6.94787450339489	1.85060454034015
did:plc:7o4yn3v6aiwuh5uuusxclg6i	8.06018654428298	1.74313303144145
did:plc:7o76fvno3xsbg3qhs6jlb5ql	7.4670111978247	1.90691457850614
did:plc:7oacaorchx6tl5mfv5uksaoo	6.73067611590768	1.67521016409148
did:plc:7oc54puzv3b32vxarskgeu6c	6.67502117128438	2.07344345913915
did:plc:7oetn72bwx5ehylvme3q47du	6.86187027492733	2.13546821127447
did:plc:7ojweobfii3t3rx3nqhrhtyr	6.79040624506809	2.01230401729815
did:plc:7ovboaxe47sjlcgagwriri3e	7.07287903220612	1.59448118013535
did:plc:7oxhy4vxurqdujlkqsh5hhp7	6.78685892097551	2.272570107409
did:plc:7p34ewrckbuw62v3e5q3fbv4	7.88343360325283	1.35760994951299
did:plc:7p5ml7k2wxm7445ofmnr2sks	6.84740516082489	2.5633634183351
did:plc:7p6cwwznzofpshgju3vuw2cf	8.02916895427502	1.92521497835478
did:plc:7pgzaay4wlqhuryvo77s4uyt	7.01978656950429	1.91515486147449
did:plc:7pjqbh736sv7kozjgwgx6zfg	7.04290595697192	1.87818237614257
did:plc:7pkmdb4633jxbxo55obuzzfc	7.68080542723501	1.80304443569921
did:plc:7powrkr5qduea3kd3yzx54lp	7.07500249405943	2.20942346310224
did:plc:7pqwqdnh3pwwsa3zzeb2u5ui	7.34495741211228	1.9896085593084
did:plc:7prvoe56q4jpkl2zf5o4gfm6	6.84660264933413	1.75030695974396
did:plc:7pt24b3rvcic7cdonulc2xj4	7.79019247297476	1.73219105490252
did:plc:7pwghknqfjjjqvlk4aoehmtn	7.75732032454975	1.98057667142274
did:plc:7pxy6api3jzvcno2mjr27hxq	7.61032812403056	0.634091788635706
did:plc:7pyca23vfiwlbpy5idzagba2	8.02417037127501	1.74052430447162
did:plc:7pyyzx5bffjouawmzmds2qd5	6.81298208965307	1.98449867461579
did:plc:7pzsjuu4n4sjrvfpfezrzgsk	8.23639043358167	0.322063674038263
did:plc:7qa6iz4o6wwupv4bv655ipfj	7.64058995325432	1.8675269659572
did:plc:7qf6lucm6whfdzxug4yqvlmd	7.89492167358402	1.89979728731121
did:plc:7qh3f35rumysrfnznr2dkjn5	8.16982532900072	1.65896406446116
did:plc:7qjq3sr3esemrzhmh273vpdb	6.86907419102069	1.58980900879066
did:plc:7qoba3imfiexhsxy644k7a4q	7.40656487418922	1.74618774637175
did:plc:7qq4gctqzavtsj7smechkzql	8.71424911269845	1.2541018833118
did:plc:7qu7honf4vio263dkhhjrrdw	6.89872720184743	2.27084817414012
did:plc:7qwgdzy5t5l6a2arpnl6pa3e	7.66975903582472	1.57873897303737
did:plc:7qyh4msxiv5aa74p7ncsbhx7	7.23372518224144	1.7851536404333
did:plc:7qz2dtwezgjivd3jipbj7s4p	7.73481024891995	1.78510090801765
did:plc:7qzozwjgtebkegln7a74y7nj	7.50500669203787	1.8532198973919
did:plc:7r2jp5u5rakluko2jrweoj5u	8.05872270235629	2.11926581063661
did:plc:7r3eatzzqan6efzfjgkgx63k	6.88616811475191	1.82551041912673
did:plc:7r7o2wtrg63b6zqxlcswxlkn	7.91466009128885	2.39669481090645
did:plc:7ra62nqolg37apaznkkxdbo5	5.98175360565168	1.5899554169522
did:plc:7rjpjkmktbk5isb7x2w4rxqq	6.89851076136366	1.88654518894608
did:plc:7rkkbfkolyvj7c6wnwohnvg5	6.262582541594	2.88601841173463
did:plc:7rkuumrqjblhbho7zk6qfmtr	7.99026453579847	0.854713956807844
did:plc:7rplrzsitwt5azupcqd25gew	7.02439051917636	2.27303225288686
did:plc:7rwxnsmugyl7nlidubj7nlhg	6.89494024782163	1.51318044138364
did:plc:7saxyg5rshdnlx7e65264j2c	7.65519290647163	1.62155977813762
did:plc:7sesorz32k6gtxpgkjfies3s	6.46162014446744	1.83538470136269
did:plc:7sfajbx2pqfx224bfgwlapo5	6.46847599813178	2.77690194882902
did:plc:7sjvbdy5qenjicblyywbpdgb	6.75231905916846	2.08374073299325
did:plc:7slkafpr5n2ypzi7hmip7izk	6.61436181789748	1.74167284323477
did:plc:7sof66nir6kgc3vbdfa2jscm	7.3272094047872	1.8065081879273
did:plc:7spdwhc5bxhfa3zy7c4idxxk	7.0310509070309	1.36227212788463
did:plc:7splolmteq4bcwgegvrjqrq7	7.68800197809233	2.00949247329545
did:plc:7sqo4zlwtivdaiqzv5vymubo	7.269782110394	2.18681077426501
did:plc:7ssbxyizvyoivizvqz43s3vt	7.75627494195682	2.12702625179909
did:plc:7stivfe27mabgibks4mcl6rs	6.9684712139817	2.05243972906049
did:plc:7sujn7lpmkwn6c3lk4ahclhn	6.81563644604525	2.28302587282777
did:plc:7swvzdgtxyybiudu7q6f7kvt	6.93285576717646	1.76115236428314
did:plc:7sx3mlfscx3ryxbmczuiqc3k	7.16937486080822	2.10998210689679
did:plc:7t4cyfsa3756znir2dq7xo25	8.8077379685721	1.57438513548088
did:plc:7t5hyfntjsbg4cquphtgozkl	8.70901155738651	1.4657080520899
did:plc:7t5omfjm2rbik43hr5nj2s7y	7.21239807849843	2.35647243046124
did:plc:7tahwvkagfmtdsdgeeuum56y	6.97689379877709	1.83147306663913
did:plc:7tajoyqspc5cmfumi7legzrg	6.71693787145711	2.07774246656161
did:plc:7tbdn33ekxuyoqtdqc6cmmd5	7.19415466953029	1.88827168601781
did:plc:7tevgq5g5vvkudxrwbhdb63f	7.44583539574786	1.78666480811676
did:plc:7texbtrv4g56remirxbr7fks	9.93969500778185	0.319424658678585
did:plc:7texowjime4qy65g6ouctsg2	7.70716165201795	1.6441170443846
did:plc:7tiy4vt3x2uuhmq25g5yg3vb	6.56801285640017	1.97676152832378
did:plc:7tjpfvujji4cjiwhocptzjm6	8.2737124905411	1.46496427798996
did:plc:7tqdgkq5p4owzcwam2udt3bn	7.02335308175594	1.75727678834989
did:plc:7tqeczmppbudmdnewcpu7ghe	7.1899125753336	1.8552521530777
did:plc:7tto2grdaohjvcdyhkeqsqgw	7.20831205467497	2.24419786033346
did:plc:7tznhc6vrwimygifw3cgvrtr	8.11897839171488	1.67929532930452
did:plc:7u2a2hxt2kcwltotwonypnzl	8.21512012362569	1.94754875711305
did:plc:7ua4kwvpofcqke6pavycuck3	9.10780140439287	1.10479280874641
did:plc:7ubii2neaneyfsijpfzoofrs	7.29715442925206	2.029249039622
did:plc:7ugucaplf5ok5sj3iacgwxjn	7.57203707746783	1.8420495935059
did:plc:7umkltjkkeastb5u2fdkhxcd	7.23996454022231	1.45667176272205
did:plc:7umvpuxe2vbrc3zrzuquzniu	6.40312373640255	1.95455815310318
did:plc:7upbcnde3baenfgxzxwytrnq	7.56190858680662	1.8898253774083
did:plc:7us73hwnc2qosyuk2hwzt6l5	5.84529972424334	1.79156144403273
did:plc:7uy2k6yvq5uhpdv76ksvpjju	6.67208749067014	1.96018565830263
did:plc:7uzdpq4zgiaqmiszllcjqgst	7.61021598231383	1.85620130334761
did:plc:7uzjzvcyffxitvmtpazjkli3	6.80368396926617	2.21911601429215
did:plc:7v43stizclejeakibojchk4c	7.10083471425558	2.27246194336843
did:plc:7v4o5coad2mfvglx6u2kxsci	7.53552171511936	1.82156503578999
did:plc:7v6stzcsiimxm3g6cs3yvwlk	7.0688039659408	2.2284885561637
did:plc:7vfrh732sozc3cp4rop3wtmi	8.55421915291336	1.29590063826697
did:plc:7vhqlnvy4va2yrhpexuxteht	7.33951834322799	2.03981592304892
did:plc:7vmr2dx43b44ye6mmbodzzki	8.36047984614512	1.52377731018436
did:plc:7vok3qlam6xsge7u4zsv55au	8.2566306904491	1.67080398120908
did:plc:7vsmh6bypj4parwovjcq5qiq	7.50327201171932	1.89575753106942
did:plc:7vszluurfpvvldm7wir2phn7	7.77662784017937	1.87125744548558
did:plc:7vzlt7fioclh535o7ykz5zqk	7.37894750690469	2.24888457329222
did:plc:7w4qizhcvnuq77d2kmtxy5jt	7.27595800455644	2.19997960620406
did:plc:7w4qswfy5xezok6ey5dfowqh	6.44505329325301	2.39277211120196
did:plc:7w7ibfcrjfbxq2mddjwtx6pi	6.64750115018377	2.44514008411405
did:plc:7wc63czl5tjcc7veppxu5rhn	8.6407681365387	1.19033734067443
did:plc:7wd6qhrh4px4c4tni2v2nmji	7.86471155314226	2.06105940788424
did:plc:7wi2q5r35mc65obvqtlzpehp	6.68718365469917	1.93255295856244
did:plc:7wkogm3qntxceotkya7r7ang	7.52472835211634	2.10910302372113
did:plc:7wl5rryzt3aloq3j5vgb76v2	7.07933376858897	1.64297241607134
did:plc:7wtbyt2bghhmikkefqq6534f	6.4634986868126	1.73822363995918
did:plc:7wzdvixvtou4rofujrbdflv4	7.36807321001153	1.83753110412323
did:plc:7wzij7fqwna5zvan2ledwz6a	6.93845630462886	2.6963827382837
did:plc:7x7nfdvhkqsbwdclj5dc2nee	7.5195318777412	1.83225743460106
did:plc:7xci66dlv3ynz2h6jqslagc6	7.31469228229561	1.980614130765
did:plc:7xgetmspszajddjggi3osjxr	7.1530205514278	1.68740131947097
did:plc:7xkqxg6m4legdq5hzwiobkys	6.93673836778069	1.8884858073905
did:plc:7xl5uvwui2oedksaux6dx7oz	7.23725448748173	1.74048118695781
did:plc:7xs6m7x5nk5q2hpyaaw5xf3u	8.35942427083289	0.417506547439966
did:plc:7ya6ip2c67tfap4jops4dk7z	7.09081530034296	2.31247157161765
did:plc:7yef4u5g3luahjfk3ht5qj4q	6.65818804179914	2.17016314924681
did:plc:7yehddnmstdis7jns3l2uhgw	6.76849155756955	2.12669404267561
did:plc:7ynvsfli2ckyzvcjpwpwyzpg	8.76032399188091	1.49877953364436
did:plc:7ys7f3kbjsa6qhcx7axic7bc	8.05036141804126	2.11048547183717
did:plc:7yv6dcieanzniij62b3oi3wu	6.92175710049558	1.91001754866302
did:plc:7z2m5kktu3ip47f3tdau77b4	7.64918895137947	2.26702053288994
did:plc:7z6k6tqc6eb5ktpch2bq6fyn	7.18739543600272	2.65586856315097
did:plc:7z7czzs3nwyliobims5shlvm	7.4683545161195	1.7029119443894
did:plc:7z7y5srlp6f3dtro2mnp54h6	7.54248094166639	1.42859795191086
did:plc:7zeplf3shansxo3g5nrtqcd7	7.86898247358408	1.7964776992796
did:plc:7zgpgdbzmer3d4wvhgl3aeuc	8.45111724741014	1.6311309395954
did:plc:7zhourqziy6njcmyqqmgyvdo	7.30289270217495	1.92253632137669
did:plc:7zkdidttjs3urdljzukn6w7d	7.28090303442201	2.39689821942781
did:plc:7zt22bu4xfjuym5zjwfwgzp6	6.92442409298194	1.7217925145113
did:plc:7zuwey3p3hiz6g7wzoqgs4xp	7.97964941200544	1.06860487265182
did:plc:a26ccaokiw362pifrpktwfd2	6.64387194345568	1.88162136830495
did:plc:a2b2zvpn65glalhnvpbzb3pz	7.64829648089435	2.18608934607735
did:plc:a2ffzt6lh4r74x7kqlxwsufq	7.16154179686621	2.30090659515458
did:plc:a2lf4g3sprgjt2yi7zzhpbko	6.96761754274732	1.19973021956139
did:plc:a2pc5nlhjqqrxel5wrihr6c6	7.18072184167776	2.04534430142003
did:plc:a2pi3top2cqjnq5ma2yorpbi	7.27313717596032	2.44361007444387
did:plc:a2uyyzq2prj3yfwresugovb4	7.20138078019653	2.16703910037889
did:plc:a2xejbx2xbz3g7aqjjcwcffa	6.66099740149471	1.54607056364488
did:plc:a33pgao4somhg32dwt222tr3	7.78003290571343	1.49271576078132
did:plc:a35e6cgcrz23or2xjuly3opb	6.66938444047094	2.58466744479951
did:plc:a3aw6azmch5orbyild747kug	6.89451797139148	1.81054150829842
did:plc:a3bytqa2zaerm5c5tg3ja4tc	6.34646615139402	2.41593626838754
did:plc:a3hyywtbgae56nkett5vg6sp	6.8345601666207	2.00275201942106
did:plc:a3kjy3g4trmcu6ju4xw6q4sx	7.29133045108008	1.64639835493069
did:plc:a3qailhfsxppmtz35eqmyfaz	7.51483848441003	1.72053398034231
did:plc:a3qibnetxw3qs5tadwuvgrl3	7.95656621749848	1.9471686698791
did:plc:a3rquoa5ohcwwnwsrbmfguzo	8.67210468997734	1.28121910681099
did:plc:a3wqfc7ybixfzmsdlwexhxfk	7.13322043078982	2.22523803539841
did:plc:a3x5khrunezddbck375jvwm3	7.39362808383699	2.39596398116494
did:plc:a3xwoghokmbulcodpmslduqx	8.2829419738438	1.55379409191577
did:plc:a42mpgoeq2dzpphkbb5nzbq7	7.48737666829854	2.15234280401726
did:plc:a42zgom75wwjhnqeckuy2sjg	7.01832759200669	2.04662038048399
did:plc:a4a3n7yaqeqe3gbmwipyp3ys	8.05461745091872	1.31000046015391
did:plc:a4mjnjroj4ns3yujs3qgode3	5.93276154336321	2.03502863865823
did:plc:a4rc5oet2rq3qoccxozy2lk7	6.8805906658281	2.0354508136267
did:plc:a4s4gkp6vkftqlyq7sdxxocv	7.32305797235413	1.85999138802847
did:plc:a4sefybznm6qf4g7ivyaus6l	7.91734403514528	2.02945395376736
did:plc:a53unikvj4u7yuqhtknbkuhc	6.94894895453586	2.08667237397663
did:plc:a55im4tr47yxgfgztnkniht2	8.26415262932087	1.72305454526635
did:plc:a5btwpejpajulxxot2opes7d	8.11015361980069	1.64522944763156
did:plc:a5cfv77lxw3xodqjwjqedmxj	7.18942731044239	2.60105579082459
did:plc:a5gkxfevkrovzzlsyfhotqku	7.00876221157045	1.64773188800309
did:plc:a5gw3mx5zfjpticqd32ilgzz	7.82220950620405	1.92564143199071
did:plc:a5h6rrzdiowrdfxmsbe3isqi	8.92844358224925	0.615730791694948
did:plc:a5njyayetnv3zho7527v7q4y	7.68950988851454	1.7467352082355
did:plc:a5r2ejakvnbsyqdv4kqiz3jt	7.71571350869293	1.58716361488922
did:plc:a5s7sinlodzjwdqhze42rd5z	7.32029899443062	2.02916994543107
did:plc:a5seorysepwvwdeencpugvlg	8.18387042229607	1.6721796535986
did:plc:a5ysnigmfpragze6bbg2epnm	6.81306256111424	2.26815639629447
did:plc:a6di33eobsjzveh4smxxhebt	8.15197670825422	1.99209660213735
did:plc:a6ga7chi4qw2trtobaybd4no	6.83080166524953	1.93465776396937
did:plc:a6kvrxcluahfnopr5r2pkx7s	7.03830888090066	2.28046296668648
did:plc:a6lbzj7ge4lajgihcjkpgybd	6.41280850624975	2.32986850395654
did:plc:a6n556gvihnjzu4u3rw6fsap	7.20829266400244	2.0861846735414
did:plc:a6sl3qwkoqphlomyjrpsrsbt	6.83346555589836	1.88578700451382
did:plc:a76o6cnhm4v7dfg4e7ehdq5o	6.74772287582874	2.59834330198836
did:plc:a77dh54j5mxz3mwr55vkoduw	7.47113951933579	2.16840835707835
did:plc:a7dzge274cvuaz2vjo6fromk	7.20107763046908	1.94247393080505
did:plc:a7k3egoili4rnxctetl4ryw4	7.61862572945799	1.96132396359896
did:plc:a7mdbzl5vxkqfy2u5qxphmny	8.41062926472052	1.19412177994861
did:plc:a7mwcumz53ewjim2mgaqii3z	6.66185274653658	2.06615245646689
did:plc:a7nhxw4nfjp6ftst6l2yw55w	7.23969708859336	1.80508462514826
did:plc:a7orue2gta4c5wbp7kj7bxhb	9.1405657300303	1.05897165611525
did:plc:a7z2njuqmx5ag7p6uyer6vlh	6.79465161811129	2.54624674000327
did:plc:aajcut5tvu7tt2b2a6okz4eg	7.78762282879061	2.04389580524067
did:plc:aaoysopbypno6x7qxtzzcdmz	7.16481429246036	2.38059961967637
did:plc:aarfqexssolqhh5hzp74ja74	7.22156560963707	0.696887530713212
did:plc:aarsnwhfvtrnqhcvsbz62urc	7.26350309951083	1.87535468745048
did:plc:aau7fdq5n7c7vqpz2gxbgoz5	8.0232277905584	1.600195874522
did:plc:aauhpiykbl2lrurjvzlk7yqs	8.06417312151562	1.53994682837041
did:plc:aay75srphhilbhvyfcmdgn5u	7.89539412138793	1.23429294866178
did:plc:aaz7ntvvuyl7nkiwt573mlt6	7.14940313285001	2.25262895090856
did:plc:ab2dofzfdngyqidwl36buarb	8.0823498760272	1.45126746913014
did:plc:ab4vyje7qdg6ld6dvg5wdhcq	8.09334919831412	1.86672208210711
did:plc:ab57tqh4x7yjzlubktgjen4d	6.82257813635148	2.637815250037
did:plc:abizftlxusg2xwvvdgj4osjr	6.72655497077574	2.04192902289673
did:plc:abjeaesbkdtkxnu4jqz2ykvf	6.6583975107243	1.92110289986608
did:plc:ablv6f4zpx6blr3hxcxtp36r	7.75249721608398	1.42770286283615
did:plc:abnazdg23hwl4jebbccjf7yb	7.61958200089741	2.21715739184655
did:plc:abshrwtnmiwyfjbi44srprll	7.35915440892707	1.37315731337561
did:plc:acgbgp5bxoc3g74rni3jxgy3	4.20665804839991	0.388950126626461
did:plc:acky3l5hj54ay64ktueiilrh	6.65443911211113	2.64563543216364
did:plc:acnaxaumszz22diprakvcadx	7.22324333411014	2.11954646574938
did:plc:acnocniwbspljupgfmrbdp6j	8.75685384712151	1.30235479812875
did:plc:acsa5sz2s2jpfxzg36g4iya2	7.14797836240016	1.89611162844796
did:plc:acurvvvgofbdgxajytndczxx	7.0092031330761	2.22547624466047
did:plc:acvjuoyccanzksomhflnjc6d	7.64816364614867	1.62538627902222
did:plc:acw2rzz3p5zmkuk523fxen6t	6.5216419929613	2.37012077783196
did:plc:acwglpqxja53zdruikfcv3xb	7.56980902689867	1.40936771046972
did:plc:ad3vtgad4ptqcmfkxl3766yo	7.37629822994271	2.50070878946157
did:plc:ad4xlq5pi2u5h3z2ru37szok	7.72614078227505	2.04623730883738
did:plc:adcxillpp4etyyiwvntp3izb	7.61963731682914	1.79060592745433
did:plc:adkjjxacff2k33l3cugqz2hy	7.13721625341975	2.0242419292098
did:plc:adlagnb3monv4y52ard3gdma	8.68007695279017	1.23242679821415
did:plc:adlretoefg2rcwvw74g6ivlo	7.52853213387579	2.50713354222691
did:plc:adwlzietd25yjtsusqn47ivi	8.20701828749567	1.48482855248116
did:plc:ae3tpnzdqd5l3lsrs4rhmq7n	6.43264390130504	1.72879007120316
did:plc:ae4b7q3v2xjoeksehu6nkr6z	8.18237551571704	1.63628198726386
did:plc:ae6gk7latypckn3trmchbzzt	7.52383850914046	2.07471802186291
did:plc:ae7gtdgmcbmvhs6h3x4tr6ms	7.29499300089819	1.79314159309021
did:plc:aebn33u2aej3jxoyvt4qqihi	7.98481815872396	1.88835551580105
did:plc:aebsdt23s3ki4vsxt5jveht4	6.53251649735933	2.42286804509947
did:plc:aed2f7wldupltjcuztdmshim	6.91483624818921	2.29804011721024
did:plc:aeew7hikktkpczeee2cg6pto	8.10794375747662	1.66830362044256
did:plc:aeidgpsapx46i4almidu3wcs	6.87406516339302	2.25384878386204
did:plc:aejs53pwev5ik24docvhulrh	7.32490541263464	1.83666604842111
did:plc:aekikn7ngfej4tstgo445op2	6.47618392699756	2.11333349028264
did:plc:aenjbdersmgpcw5zweqhitcd	8.68546633276767	0.866194875391702
did:plc:aepeo2cblrai7x5fjntxuosz	6.99431041939764	1.90844009410574
did:plc:aess2vwewjajvjykrjuzakjf	7.8803889620286	1.67626743058394
did:plc:aesxmgqau5bmwvfmtd3wsex2	7.58358245881226	2.00275407281306
did:plc:aeti2iqu7bpy63iwzheaj7bn	7.59973495156723	1.73796613523244
did:plc:aeug3w4mdhnc2wv73hmrh36v	7.4806271537788	1.72382454090355
did:plc:aewuncqiyxyhj676gekne5q5	7.43367851515867	1.41370927852993
did:plc:aezh5tomilvhomhmpo45mr74	7.53283066516411	1.7890466947338
did:plc:af2udsplf2jqa7dyljwbq3fe	8.24397471686364	1.54451534863687
did:plc:af73ziv2ylxxdngpo6xzbpmo	7.45766667206462	2.07143835520571
did:plc:afb2ml5cfrzdisyshhbw7wff	6.64508782237554	1.97413382456453
did:plc:afiatxaaamg7hsfzexjqszwt	6.67496374112531	2.18346037076804
did:plc:afk3pphh5iv4wo6q4rf2iqiy	7.81171834868275	2.39779929156561
did:plc:afnbeml24cewajpjnj66tptv	6.77997415980394	1.8610648424466
did:plc:afodkar4rjqelpa7fsnecf7g	7.6216969375845	2.0856769666697
did:plc:afqfoxneoqslenpn6flatneq	7.17308096218544	2.51629751647108
did:plc:afxc6locdkxx3dxqgiczqbi6	6.25837324991148	2.58083554918583
did:plc:ag3azxx3dbhwtdui2wczy2gp	7.9462850170274	1.74886389182404
did:plc:aga4ekkbdhfzl6gk5rcyxw5y	7.50919849191263	2.60101734373268
did:plc:agbi36iev3mkotrwc6vjwxex	7.36665566109879	2.04852763955711
did:plc:agesb4bpc6iv6fpipw7pybbu	6.52316387490025	1.87317798803266
did:plc:agg7kw4qwnacswo3epfkdvzh	6.47241053384096	1.76766471188859
did:plc:aglhhy4gebi7nt5zoxnd6i6x	8.35402774530571	1.86332905881233
did:plc:aglrnu4k4bsl7dskycqqczkr	7.80675282308744	2.3178325462063
did:plc:agq4mh5ivxmxgqcjyw5k653m	6.63338818409809	1.9337913869529
did:plc:agtrnxhi4hpnxzbajaep3z3y	7.53979794857075	1.98805734435416
did:plc:ah4k7q4idskdbag7df64ggug	6.70139626452445	1.8044994903762
did:plc:ah5tmpm55urdigoe44hpjppm	7.85791103605426	1.71940697973092
did:plc:ahefhwgexmdbytuf2kr5j5lv	6.59599435666241	1.77446525888651
did:plc:ahfqrbsrusiriotfhryigqot	7.52205639704529	1.93838707193323
did:plc:ahfrgrm3yrpkbnxh4p6x4tee	7.55593877057551	1.99640249554825
did:plc:ahfzh6rku2o4bqyirkp43lre	6.35142259958927	1.93969277006922
did:plc:ahimfhrrumutyiacv7sbyxcc	6.81279772646056	3.07017429946397
did:plc:ahjio5ccgekmrg6ir35sh26p	7.91912925024784	1.86876133470933
did:plc:ahk65er5wvdftolgxdfjvcbn	7.88225094430852	1.76943328216235
did:plc:ahndcrytsvdqhl3f2twekcpa	7.11444923771701	1.96557776614338
did:plc:ahs5x2bv3iwotbkb6hz5vshv	6.46332169251783	1.97609139688065
did:plc:ahsjznkzyzxwwnfr2esklcf6	6.53627435230699	1.80022524421791
did:plc:ahutke2awktohhkhiuf7qorn	6.93164768982764	1.95157816479779
did:plc:ahw3lypenuuhzgj356hb6w6u	7.26632379746704	2.67699684073954
did:plc:ahwkpipnvusczapdk5emmu2t	7.64907694932001	2.08633123441349
did:plc:ahyxm2yr576qxdqa7kukmodb	7.31851890568323	1.80266804742268
did:plc:ai665uh6lz2uggmth4f4wshe	7.53917142584662	2.20181126475969
did:plc:aibhpauh4n42a6fvoraqeccl	7.58557685206359	2.19143300377601
did:plc:aigds6qowqu5g7w6x45u3lrk	8.0184503307379	1.2977570316741
did:plc:aimsrmhagunhtv5bqaslvnjn	6.89177370908836	1.12367538200453
did:plc:aipayzuyvo4uybgjgwywujsx	7.34413095579034	2.02672246894127
did:plc:aiphk62acfirfr55cpqqiadf	6.73988257520792	1.90752204065254
did:plc:aiqcdxfpnou4n554zyacmgfg	7.05578113847511	1.63054588653574
did:plc:aitqzhftcoqpcpai2mblotpi	7.66796986635781	1.77083163451997
did:plc:aiwz4cxva4v4msgi334fya4q	6.43536473648739	1.92549715927548
did:plc:aixkd5ywgfs6hfhaftzsxdui	7.67962420006642	2.23210195445935
did:plc:aj5hknijvhxwaxq5gghy4z75	7.49478819643261	2.49014842201507
did:plc:ajapb45pjk6qrlrwrjtvcjg4	6.82364681730542	2.75586348798496
did:plc:ajawvrtqa6vkqwwzxgryhrog	7.20003397966508	2.07515668726161
did:plc:ajcqubwqkz4gg4knph6ce7du	7.16341079378307	1.91004629891666
did:plc:ajfd7tocqylv5p7u7bnipd5m	7.96961662945566	1.62120212577671
did:plc:ajtwldwk55tx425zc3pmmt2n	6.71996753448919	1.80376960590065
did:plc:ajwsts2r4ndeyqqmch26rn6h	6.95601594259501	1.70743314612089
did:plc:ak2amo2dxffttboeydgruvrf	6.50250161343872	2.00942705572456
did:plc:ak53qjvqyxa4tbhhegd7ahyl	8.59673108692668	1.71316250301574
did:plc:ak7c6wgu37uofgm6vttzvtyo	7.58788740495304	1.71105940414742
did:plc:akayrz5opj5qjooc5i6snmnc	6.98635582658249	2.37670570134661
did:plc:aki5wlcep3aih52ofsrhl4w7	7.78708630904944	1.91345753839133
did:plc:akq7hei7wocbzgl3mt3vgllt	7.10395533947425	1.92076819521119
did:plc:aktgd5hxldvj3ydd5c3qb757	7.15427502326655	1.93394294440527
did:plc:aky7an6kubjhjkw4m37hcyqc	7.04643316881313	2.66747986361353
did:plc:alhictajuktcd74ijii435bc	6.59844951115591	2.55942958575496
did:plc:alisj6axnn3xh7pauduhuiqs	7.39117583275105	2.06055896150776
did:plc:alqbhkeswgqkrunutjnmxscm	6.32044577361222	2.35949594938753
did:plc:alrqtkpsrkyc65xsvqmo5wlw	8.79393399753516	1.20710381370101
did:plc:als2lz7ahwo4vmxs5tmjzeef	7.05479974778859	2.47873712687015
did:plc:alsgik6l3zp6d5tc3mjhmlca	6.78657597183885	2.0679248288953
did:plc:alsr2gttrivhcziyizkob65d	6.75914935091168	1.9951488887431
did:plc:altifbmmvpgrtzbrhdyzqjkt	6.91582073971163	2.06275624059583
did:plc:alugjprnuzby3ccvewpzng32	7.4192927535587	1.4264352465224
did:plc:alwpn3hjjjn2hwvvl3ntrjk5	5.97719250370533	2.0408949961984
did:plc:alxaz5zviwoa5gbyh6i4ws7a	7.2069786872965	2.16915617995399
did:plc:am3t3w7w2koao6uxasfpqdic	6.32588423659104	2.58470353525645
did:plc:am4obmdoggq4dizghzp5jxnq	6.43239981530557	2.00345116255068
did:plc:amdicrhynamkzlxqs7hddhkj	8.8380597621811	1.43669106157162
did:plc:amgw2de4k64knewzaxiit2ve	7.8757068085067	2.19928535626503
did:plc:amkkc6ewylgdyl3clk4ualus	8.32414962759371	1.41538617950947
did:plc:amkzkz3tsaylj44noqbixiql	6.99136058707455	1.94573873139888
did:plc:amla33a6fzallw2wqoxkftst	7.59582829568331	2.07960716459472
did:plc:amri26azjwt7tmw4zxap6lrr	7.37348107039867	1.62338660883362
did:plc:amrkilqym5ituyt6rys2ol4h	7.36254580773494	1.95173838984741
did:plc:amryqexl2ccj7vwwbv3xsnpz	7.2902229954777	2.06530192545365
did:plc:amvlolmrbtzr56oju6dte5gl	7.14213174214337	2.02891247857853
did:plc:amwwhlcdsb675tdmkdwmijqt	7.09607310440584	1.97326957973485
did:plc:anb2srhgpm6iyfiir2pnb57v	7.81044232410529	1.44213391151091
did:plc:aneu2ae7whiwdv2fqyt5uh4f	6.16203849721418	2.46975485166144
did:plc:aneuiarf5wynlknueupsv7y7	6.18370503744943	2.15543815142566
did:plc:anoahmscofdnohcg6xfo3dg3	6.10897676947809	2.00328132902933
did:plc:anojm37iqytnclxudaxh4774	8.31897364194344	0.667649563616207
did:plc:anuwjovovrk3anljo3grrirp	7.14804657851096	2.1133635898892
did:plc:anvcbnztk5ekozlmatp2k27s	7.42134823667076	2.13818208682105
did:plc:anwgtpaxw5timjn5himmvuhn	7.54034520696297	2.14501516053385
did:plc:any2rzlhbuz5fmabclg2cqsd	7.69368161418673	1.93245726531977
did:plc:anzhuzot44w5qvjslsnu5b2p	7.66736821812929	1.82597931919847
did:plc:ao3jshmlf5ijcabghxtstq6z	6.86029881256719	2.32801603468821
did:plc:aobaeqzvk52gf75g5m4pkdxv	7.51848015824286	2.29300587577244
did:plc:aocys3wrwzpox76xoy6bkpcu	7.84501291423786	1.60387077930157
did:plc:aoex56frtov2ypxjegrjyhsa	7.38971569591485	1.70267182889596
did:plc:aoiovevyi3wbj77eqpr3bpyg	7.26992664116471	2.40183406462091
did:plc:aon63qsz23cmam65o7j3cccw	7.34262873447353	1.82108876034984
did:plc:aopaf2sufewjwri3fzonxjyj	6.54563595807716	1.97125429580858
did:plc:aoqmtg3x6u22gbrjeyadsvxy	6.76796588317304	2.45281080006032
did:plc:aouifq7kzoej7ablrbhf4wyr	8.09569567029885	1.87603083949269
did:plc:aoxd7z22pnl74imo5j5nfaje	6.39360788898116	1.87302382601635
did:plc:aoywgqw7q5nsbi3zif4s73yt	8.21626016081755	0.925532759724959
did:plc:ap64sp5nb3vmwgtiyj4makz5	6.48785613354826	1.97587919817909
did:plc:ap6cwrb23ixp2weuhdgpmjsk	7.15020155610689	2.25762352289363
did:plc:ap76edvckp5t262kwikfdovn	9.51540351378605	0.789954760136281
did:plc:apcqqyummppa4emeyvttqvvy	7.46849102875891	1.85201109831645
did:plc:ape4pahxi5p63fsqhfe4hudb	7.04858127377586	2.45970639976348
did:plc:apssfu5zqqdhdxsutocuwgd4	6.99176540027855	2.31434025283472
did:plc:apswpezuej7ohus4txh4moqh	8.15824692235883	1.49869207058369
did:plc:apvmfj2urfabluottztzi6ir	7.74268793236445	1.7025204812537
did:plc:apxojtoa22iz2qokjek7ue5f	6.61795489380047	1.66002214982282
did:plc:aq2cm4kxggdduox2ntxhmljy	6.79868414864643	1.81312620669331
did:plc:aqd5xceqlahfc5rwivmija2k	6.54445992381259	2.45627158731193
did:plc:aqeuv2mdvxteuoq2nx2sbjx4	9.61776317642344	0.789024564383765
did:plc:aqjz66q7o5voz22hf5njb26z	6.64714521655172	2.41938022632263
did:plc:aql4ejdvbkluazj4uksiumzo	6.9819395726363	1.79833086019716
did:plc:aqlibbx5obmtgdgnpavlvzda	7.37570476491392	1.94165250661808
did:plc:aqnc76brcizkd2nguaiyd3xh	8.01737888883781	1.8746101330552
did:plc:aqrsw7wlojpf66oa6ii6rh72	7.59511688535474	2.13098791197265
did:plc:aqypugich6pqlet5m3d4flau	6.53956610772999	1.74846889809691
did:plc:ar3crk7qukw3ryldytmrcnqi	8.62636858039519	1.16827841606794
did:plc:ar3t3qudwj32bkgkrbip6wnh	7.05721717339021	2.03296373708624
did:plc:ar5qyrkcufdsp2ls3z5gkwjs	6.54444149393346	2.03848226537976
did:plc:arc45lrdwbbdnii5aemll7gr	8.05600362477367	1.70239473871968
did:plc:aretu6ichg7uqc4edpfkvlqz	7.82066054286597	1.87529564355696
did:plc:argmqduzykwwtkftekslzbgz	7.39225806254372	1.73096836415775
did:plc:arouay3eknnivavqdbcrmn5a	8.23420642706597	1.25219128546082
did:plc:arptdpwdpzl2vtstad6jasux	8.00495382719757	1.55377576069888
did:plc:arsod4qjfvv7ywvg443t4crl	7.60991182084771	1.7212899547162
did:plc:artg5hcrdii6nsdzigfdp2mv	9.06197331176098	0.893184751968155
did:plc:arvc7cofl5xv3j2ysq66hxoz	6.88598751803214	1.83659770166364
did:plc:aryrwxi6mtczkvabczwxe2hp	6.9375470865547	1.95280106778568
did:plc:arzlzn55zvwlrehik7qgskc7	7.1327246721557	1.53815385850119
did:plc:as5p3lvddibngu2robcuvi33	7.22044432981257	1.69159380011301
did:plc:as7n2jolgiimskkhqnn45lcx	7.40843828960009	1.9721169355134
did:plc:asclyr2ucu666nkcg2ldfezk	7.33210029736593	1.78295920916434
did:plc:ascum4x4vhq2kfvxadkfkssx	8.48181853574029	1.38657410203717
did:plc:asijn5upzfsvv3tbhls5xggv	7.64509568302041	1.92060306174993
did:plc:asjfneevdzq4icwhejqzuxo5	6.25369023477579	1.82706087019824
did:plc:asjoousaf23oggstnwipxuq5	7.74520615222478	1.82556507723411
did:plc:aslyudm7ephbcyrummydkqmo	6.7750069938649	1.80974017492806
did:plc:aspc7vktm5g6udeebgq5mzyg	6.65966088155777	1.95476073516728
did:plc:at3tnddi4xd5ryluwtwqliwb	7.25127083145396	2.19131548121887
did:plc:atc77krgmnbqm443srpsqail	7.41917793645414	1.72027665873631
did:plc:atcweoas53rxi5akkz5433wd	6.15856092809784	1.83983423086592
did:plc:ath7g22vuys74bh5ii6orji7	7.32409792121479	1.80703466388743
did:plc:atksbi2wpmmldtjoru3vp7qc	7.77301437566203	1.57134025227304
did:plc:atmoflob66bv2agrbzwbv4ga	7.47398798979036	2.46416540795531
did:plc:ato3bpb53afjcnnkhulxd7cj	8.30949766739294	1.18820761532598
did:plc:atrjdkxi6jszicxydnr22ppc	7.60397868901631	1.79556237884392
did:plc:att5marrgahvzerjk5z5zqlz	7.39301485433739	1.69171036116451
did:plc:atudm6ain35vdj277uzmxglm	6.92227810466438	1.96164141173927
did:plc:atus7d5lwqbewotzyjkllg5k	8.29871456471102	1.63774331540652
did:plc:atwylp3ex2ttm4tgqldlhtwm	8.07215154168158	1.7762219636133
did:plc:aty53xcq6el2lpyrs5xptawh	6.82938948750318	1.84603221570242
did:plc:au2b3n46t4zru2mofuuyir5j	8.00603722563296	1.98454770625424
did:plc:au2e35bu2vyqcehtauhhgsdo	7.13174545227165	1.75477305660411
did:plc:au3lx7cmq3uoydgw6d4xkhco	8.19756334879512	1.62448060952226
did:plc:au6y2ph74tsjb4muuabu3rtr	6.09077074604445	2.32484786616335
did:plc:aubhqxnxxbb5zgjpgnjvmkxx	9.23035299254778	0.282416543008666
did:plc:auee7mkeat7jkxy7q6qzbh4h	7.13266076920624	1.96512413597361
did:plc:aughpbnwblr42esphcj2kxol	7.77376832563681	2.30769704552832
did:plc:aujlqa6fed73m6r67d6tz2j4	6.61157642694928	2.18494074147156
did:plc:ausdvtc3jzqxyqayxa5tbmsh	7.49455109295306	2.33596949101739
did:plc:auxwno2agioiguy5eaykxdgj	7.31591106472545	2.0618420012035
did:plc:av2csaxugyczjguju4nk7ytj	7.2858838523522	2.55457348095843
did:plc:av35q3cvysn5by4e2njr5adt	7.08161706581767	2.39204601394759
did:plc:avakshm4k7jvscaiqjhnplok	9.16693169720619	1.10197435801895
did:plc:avbtr3nmuwdrbpxjxqz7pb65	7.33992897349036	1.88726487610985
did:plc:avcf7o75h3zixskhqsgrmxil	6.58635296741847	2.13550334054302
did:plc:avedngb3njskjvz7iqwgadv7	8.39672701304369	1.69376269451262
did:plc:avfqbp6f67dzq6u66rvqp336	6.77111253478098	1.69083348044436
did:plc:avknwiefwatd4lbgjvguehui	7.39058810108725	2.10159868491566
did:plc:avnfiljij4t4qrtz5fspzfej	6.71151857096599	2.03580036013233
did:plc:avnlevujjhro4nlrypxtxclo	6.67968672416341	2.08555389433025
did:plc:avoiabvofh7lrjkefzruteco	7.70345702172728	2.17249273370085
did:plc:aw4nj7dr7x4sznqnhexkeish	6.7524633810935	2.86008149158381
did:plc:awiezjr6ggcqs55mw7f3l4zu	9.01948762767902	1.3609939735689
did:plc:awlsal6te2tejrkc44z47wmp	7.89717999314069	1.64506027572121
did:plc:awusrom5o74v5lnonrbmds2g	7.94711602174857	1.79436652183964
did:plc:awwh7pg4q2y2q3yspn4zkazx	7.23108219017363	1.94938167721447
did:plc:awz5xssgh4h5rfxbn7uczhlq	8.40348525074455	0.444386502585138
did:plc:axd4fskde6wiokes3gucir3x	6.87682713693586	2.21360453048474
did:plc:axhnddn5ifiobsdqmnbzerzo	7.06554729006298	2.05644553575022
did:plc:axm2u4xr3b6hm7eyyhyaiq5f	7.28742576871708	1.9277930439822
did:plc:axmz47l6nws7qcohmqwhyxce	7.58167609024039	1.90812475732467
did:plc:axo46af4lgvkmune5yedkx2j	7.87193748442721	2.12048344747551
did:plc:axrknqu5pdqdsglelvx7lqfh	7.14412074469831	1.73971629174095
did:plc:axx53p7sq2yfdrcnx4ye7k5x	7.61569590010899	2.31230011122114
did:plc:axzhnx6yxsxwr7eaaq7yv6bw	7.33667309485542	1.78034477593077
did:plc:axzkn2tlqmnb4on3fhrfdpyw	7.31801780900745	2.67908827971743
did:plc:ay52x53pfnrrubwe7yg47d7k	7.11930279627034	2.712842834727
did:plc:ayc653ghievig6llt3vhb7zv	8.45518814212163	1.35531556126672
did:plc:ayd32pztb5t6arbv273umh4p	7.73605489314892	1.94158365536114
did:plc:aydixcgevq7kqgbjs6ybr6ri	7.93159146803912	1.72716590823892
did:plc:aym2rezywb6pxvseohhxqpde	7.00523925599231	1.01263006530761
did:plc:aytgl276hfxjvpnijwethmog	7.29708687533937	2.57998662837157
did:plc:ayyqoqe32zfdw5ljrck4753p	7.53334463131355	1.89582493244416
did:plc:ayzaif4vad6mneqwbp23x7gi	7.44641372097732	2.56879385256721
did:plc:ayzzpuhnufsaod7u5wewts3w	6.28176280086825	2.03061569202025
did:plc:az2lukqdbcph5zf6bzflgbzw	7.96063435070695	1.24194226273463
did:plc:az4qg664q6xtxfekmh7ygvj6	7.45015290178032	1.78013743776674
did:plc:azbsofgh4hyzt2itsvouhc6b	7.04484556006578	1.92433591276615
did:plc:azigi5o74qy4venpe734kjq4	7.00179186134748	2.33928757098977
did:plc:azj5gn42bqjl2majn6bz6dd3	7.32905951458443	1.63360283927707
did:plc:azjfp4pu2egyqcvt3t4dgdli	8.13045632018943	1.71775958486172
did:plc:azreptuopvmz47djhtrhb7hn	7.2710783008494	2.07743932900658
did:plc:azrsjnwwb2bdjgxlkaderd4a	7.38669964546866	1.84012220844978
did:plc:b22vrsqrdgqqcieb2hwkaqyp	7.49838846969883	1.7900201873317
did:plc:b2bqhsjzprv3csekkwl626kv	7.15994097031079	2.18497129370555
did:plc:b2kfvlz2j7zsat4o5kpcwr6r	7.79728095599973	1.77038363804334
did:plc:b2lnsb7sskwpijbuqc6pckzg	7.17642201595156	1.89497202901371
did:plc:b2myp4hwsgrc2iu6xy65euve	7.49771738331961	1.67855608165278
did:plc:b2r27ntszedtotqsx3mp5noz	6.96732377272556	2.38024143400683
did:plc:b2rizavygsyrjpqdzhghtxd6	6.48649783189799	2.29895366738463
did:plc:b2rzyafyuaui3elhwkcvagdx	6.41008160142107	1.89940894905126
did:plc:b2s4sojsw7hc53cpxniucv64	7.57314177855692	1.75186991639314
did:plc:b2ts363xev22cx3whugskkjs	7.95666505075118	2.00405329662056
did:plc:b2w6knttum53gvpukcykyct4	7.679318674536	1.86637022807807
did:plc:b33ym75vmzpjdfnxtji3yrsa	7.91985521153342	1.66473314812503
did:plc:b34k2gv3fl3iirchckmo75zk	7.35527744183761	1.98286362174966
did:plc:b3azjwbcx4sp2tyddhlwclir	7.22415114363895	1.74722286405148
did:plc:b3bgrxcbdxd4wmx6vcl4ixzh	6.46667933782384	2.34830556904415
did:plc:b3bpvrk5op2tu7jfed5qy2w4	6.54099780922613	1.99701496660029
did:plc:b3bwkoq477qmxyxr6l2bmjzm	6.92432856257249	1.48199586602461
did:plc:b3cq7esdfe2cwoxnnhyghxw2	7.05035881477639	1.50374058435545
did:plc:b3igxlkvw5hbsjxurrv2xb74	6.3894385670934	2.31896018684284
did:plc:b3ijowoc66eormkxgmhc2ouu	6.72326135815092	1.94495901586146
did:plc:b3k2nnijoedobgufwvxofvjh	6.54840694265788	1.94016227430351
did:plc:b3mxv5nqxiceqhz745ifv776	7.14407735907697	2.52607794554643
did:plc:b3rdlnvlcwhmgvit5ohdwjvo	7.56213133053083	1.64616180114523
did:plc:b3rr3xgrthxsl7p7nkiq7ugk	6.47293345356071	2.18877650261186
did:plc:b4cajmsizekpxu5xhotltub3	7.64087447023688	1.69291920754533
did:plc:b4caoqxwbjkvcoyazccb5syo	7.72179922417419	1.40321813088476
did:plc:b4ch3qpyor5n5j7723hgpuox	7.4082497950687	2.09528737702085
did:plc:b4j6ie4jjmuxchrf37emi4y5	6.81994108573958	2.49677509696912
did:plc:b4mjfdr2ibyycxaqes6wrsao	7.31076456135526	1.96611803168279
did:plc:b4vdbuhstfdtibiskzzfqdkj	6.9850009785813	2.30461639094842
did:plc:b5536nb2wpntkpesfl6w2pje	7.22027021903912	1.60815785310259
did:plc:b57d6cdhjfdhpxj5vegv7tgo	7.49352309991475	1.95951721821366
did:plc:b5czjqggteycz3bdtlvptk4g	7.47998874286176	1.82611216892747
did:plc:b5ervrdurskah37zukoypl77	6.42233921568093	0.16115304168432
did:plc:b5iiclzgaaqdebjfgn6kxl7q	6.77189719824683	2.11695934162474
did:plc:b5jwbmuqmigquukmeogaal6f	6.5999050325188	2.22522234860996
did:plc:b5md66sxeao5x4amsepzvnr3	7.50886147797476	1.95226714843673
did:plc:b5mrlzgcfmeeauo7l3tmthvz	6.75387322734999	0.800440415847953
did:plc:b5qic67nauadufcczjojrifu	7.23086811964327	1.63547632932702
did:plc:b5t4764wkvli5wpkt3yqpb4v	7.52637731380775	2.03736847676643
did:plc:b5undjbgzsxe2ixzqcab3olg	8.00428430148868	1.7004827722181
did:plc:b5xnn73ly4mipcglza7xxl4f	8.88640045406241	1.33574440741968
did:plc:b672icy6o3xmy7ihh3durycx	7.81590778711065	2.0649907877587
did:plc:b67cuogkys475igftqicljgn	6.335801242968	2.06450139553983
did:plc:b6a3o7kj65v3b5xobcckrniv	6.19309752127274	1.91987609782512
did:plc:b6k26a72f4ye7nwiw5i4ouwo	7.6818522067986	1.79218324335722
did:plc:b6l5stufo7fcaxdyst7iha4m	6.49052905587255	2.30990387926775
did:plc:b6r6rzyhjokxuknzhu33wdbr	7.2869320451752	1.82589309534529
did:plc:b6wilekqdautmhjysyeda5lg	7.64475563743288	2.0989208637208
did:plc:b6xxrbpzpq7ssm5qp4uzg4ka	7.6548720320563	1.93376210038884
did:plc:b6yekavgfxf2dppr3kkn744b	7.68538162613285	1.85721911270749
did:plc:b75slv5gtcnmpeb2iu3u6tzl	7.83373755697092	1.76435563308413
did:plc:b7d4uameypbyvoq7ki2vyimj	6.86651607539727	2.27012179942915
did:plc:b7eihlvehhbaxgabiyqwxbsw	7.53352734365322	2.08243869370287
did:plc:b7go7iykqvlhi2ccc7ueco3t	8.09128549851683	1.90616904326233
did:plc:b7jwsvoxot7aajvz5d2zwrmi	6.73232416858629	2.34437984181448
did:plc:b7kvpmubhs6mojsudkswcr2x	8.14902237941606	1.32627540610392
did:plc:b7mm6knqpkgzyzangfnagctc	6.58522436895687	1.98004041288622
did:plc:b7na7c2jgupo66zmzjsvzayk	8.05623523437916	2.04627392190567
did:plc:b7qrfz33wurs7jkx64kp54rg	7.43341073010921	2.03399468838793
did:plc:b7tjp4yaqcy2crro6sumg5zy	6.56690564270512	2.39370862548453
did:plc:b7wl4qb6devnf7vj5664zgu7	6.57447946744006	1.75716389338061
did:plc:ba4u6m2fv5cwn672yynfn76e	7.06406577802583	1.7791579671834
did:plc:ba6wmhicaybeubl7k5w4xqrc	7.72741541714802	2.06662892557199
did:plc:babdc7x3coepiqs6vf5jsjnc	7.79092881919647	1.58026316934074
did:plc:baksfhewcbz5pycdz62uva2r	7.38874716938771	1.78402003726698
did:plc:banbskzgcwwkbyygrn54wafl	7.30039544689369	2.56496106853204
did:plc:bap3dk2cgutkknnkl4fqjau5	7.50866356306129	2.33089197436919
did:plc:barwgjd2bjjqacm3uinp3a4h	7.70830735075318	1.76947237144083
did:plc:baxe6r4qrm7xxswe6wyaabnq	7.08846292228601	2.27105925999733
did:plc:bayh7apc4yrob5ct2dguiyrp	6.64851594145992	2.71939722526842
did:plc:bb4mowmvcxv72rckgamp3tqj	7.21076639699898	2.23876083981941
did:plc:bbiheuehu5y56n3mkag65dnn	7.68375380177252	1.77184085770365
did:plc:bbnmvfy5qfmn7woxivob6sar	6.42096162147059	1.9034084478138
did:plc:bbsvb2riwbycexl4lebljmc6	7.57208064090351	1.99764466595599
did:plc:bc25uoi5j2x55rt5vhpste7k	8.09899536095125	2.16449492887612
did:plc:bc6kyskf4x6mnrn55k6cxim5	6.83125102591493	1.9729574846067
did:plc:bca7zn2ppzt7mg2idt7uwbct	6.79051662952636	1.95199689892575
did:plc:bcb2h6axv4jfwykntxyicujw	7.39032443042677	2.00099735012436
did:plc:bccs3rl2ergk42w6rt4xh55p	6.80238848469464	2.05667526153015
did:plc:bcex7i4p3fnus7kil4yn3zqc	6.5974233599689	1.99673703164118
did:plc:bcs4d5q6diet47i6go75dwff	7.32615154416069	2.34873516150159
did:plc:bcy63chbh6bromnzsq5qjma3	7.68731832623246	1.95217783417141
did:plc:bdfzptjvxv3nukwsspgabdee	7.82642550175601	1.9480085695181
did:plc:bdkw3f6bccolcqoywydi7hqz	6.28870807001708	1.93177786652378
did:plc:bdqof52ld64owlpxzuyr32cj	7.02208028029377	2.04668919422421
did:plc:bdqyzqgwpxinzvvl2ys2f7ug	7.06243187877724	2.05820352662107
did:plc:bdrwrz7wuqmdmec7ggftdeoy	7.98049722030597	1.67752256386091
did:plc:bdweoi6ippehbdozv5a6rexe	7.33063292317921	1.74796327834371
did:plc:bdyhicgqqnpza2c66emf2izy	6.5965348477115	2.34178700645114
did:plc:be25oafphbebiw5jbm6xzqqa	7.07393508384945	1.73480431121294
did:plc:be5ejg3o6h5m3zbo4uitj2wr	7.12047287553826	2.29031619280551
did:plc:be6pkougklhoufpejqmeivxo	7.52354108030672	2.06945613690968
did:plc:be6whk7idkswegawub3ajxut	7.29571532378401	2.39376202730499
did:plc:beavhtfpo4mn4ez6wmvctg3g	6.22729928019088	1.84724756569207
did:plc:beeyza72ie64tma7qg325zfx	7.62526612001063	2.05859319291319
did:plc:bejby5wfq3s6bhsv2pshnrvn	7.24387953377912	1.70874192637668
did:plc:bejkx2stdyr7xetm5ql72ehp	6.98940882005225	2.72128483248025
did:plc:bejuej3u2uofpznpm33pzwvu	6.86842058619455	1.30739810995216
did:plc:beri4rel22z4iidsip2olh77	7.47541992459056	2.29211230040739
did:plc:berpjsylyny4mkq2zooezqdp	6.58374499099156	2.6463418647656
did:plc:beuudiebigqdvsy22gc4j6p5	6.63277207246407	1.90108306015683
did:plc:bewecwokmg6hfed2gmx3k44k	6.34153518158516	2.87635908933424
did:plc:beye35cpfedz6pyd7pch3ppj	7.43765508376858	1.6005291104265
did:plc:beyv6hiuuellb56dzvjfsrj4	8.08406384063702	1.54957800745411
did:plc:bf652rigucn43mv662agyg5s	7.1207979515325	2.04317193379953
did:plc:bfipyatdkcjekccekrn7mq2a	6.83015291740166	1.89065726115555
did:plc:bflok6uruo6vwnab5rmpj4g7	7.99993825989189	1.9327482427607
did:plc:bfphefj2j4d4e2lzfsm7h7dz	7.2754511929686	2.12863565759028
did:plc:bfrxbh2katvahhl5k7n2klbw	7.61608211856245	1.77368946643591
did:plc:bfsghbqvncu3rtsul3mauegq	6.86280054941127	2.15627342338949
did:plc:bfukx6foxww76mrt4mgvrr3r	7.00802308510872	1.73819941425237
did:plc:bfxemncepz67ldjyr3yhhcll	6.98678111595858	1.74168659388962
did:plc:bfxxwkjjeqnrtttouzmtnulv	6.44119105987479	2.52708805860755
did:plc:bg55wwbdp7sswxpo5g6wiwci	7.88110049454817	2.07670675714277
did:plc:bggyivkziywbkg6kllshyi6d	7.71717787283662	2.09872616308958
did:plc:bgjq7az73hueh4bx2dqk25y6	6.85423631528435	1.77568540224229
did:plc:bgm443cktn5gacjrzk4y5zn2	7.11226255865072	1.77266571735422
did:plc:bgnj6azi34nnwx5mcv5jjpbh	7.38860894499396	1.91340962884753
did:plc:bgpwe7qwbz6ec2bb5cwzhj6s	7.37959400052696	1.66681601112486
did:plc:bgrwuvfwweoovsjuu5tmsyzr	7.66955595327062	1.90555112857711
did:plc:bh3htdjdl4webacficedefyz	7.64199746799061	2.51791780065705
did:plc:bhgahwulzwxmxmnshfpz44iv	6.37474927982198	1.75450924090532
did:plc:bhgbje4erscilo35k2wldqas	7.42849230251363	2.31695355847207
did:plc:bhjmqgs2qftswiuxfksbk3sz	7.1913715844159	2.59440649943018
did:plc:bhpndihpur4hpawsu3bn4xmh	6.9612662926846	2.09963517564724
did:plc:bhqrrxt7yyfpwguioa7rwa7x	7.5620454518264	1.9683112096744
did:plc:bhtlyeiy35lw6jp5yzgl5ge5	8.02628736374261	1.76814639122717
did:plc:bhulcz7cduht53udsztgdrqq	6.52723390694573	1.86005745278013
did:plc:bhwnqndmbwxh7k7jqsknwae2	6.7932879879963	0.989456501152769
did:plc:bhxil7l7pcbbotnkhcqn7swz	7.08033559887002	1.95072158645919
did:plc:bhxygagjarq64jsio7mey3ci	8.6066601462033	0.899424851952627
did:plc:bi2ssbpmrhyvk7pj24vqfvfm	7.42286357749852	1.93598489550555
did:plc:bi2yvqjw4ssoa3ju4s4ijb64	7.2009163983607	1.88076779118892
did:plc:bi4cmbcacp7qqnuhqnpqz2c4	7.90515623312194	1.50459729968322
did:plc:bi73pon42vu7u3drwv3ohmix	7.51047795396501	1.55128446119594
did:plc:biczk4etdgcoa2gstnizbykd	6.97873649556552	2.53334583672963
did:plc:bielgdloyvh53gmlcnlabmdb	6.05095881237982	2.14018048268203
did:plc:bifkacblms2vcezxdo3vb5as	8.18062028177923	1.77904346731082
did:plc:bifyje72iqxijzl54rhwfjlv	7.49251338482888	1.80487743629045
did:plc:bih3q6woojar6kfa4cgt7q7m	7.7901893504405	1.85438006185544
did:plc:bijj4zgzykbuzv2cwbfa7xft	6.86489029594986	1.83308615482723
did:plc:bikulfyac3s34nolqqmfdlz6	8.14053639062795	1.52902078361383
did:plc:bisejjyuhathrv2vx3tg3hr5	7.24068844517828	2.33149322503338
did:plc:bizpcfmn7t2awy4j55fewvng	7.26012172065176	2.25568079299669
did:plc:bj4ioybu3hva6c3lr3tbdcmp	7.27067191626385	2.03463922450664
did:plc:bjbpsj65hpr2xovfgpyrpuat	7.90721503200558	1.939238725926
did:plc:bjcfxegfxzwmlaxpauyo2i2y	6.46507670622166	1.99140794239057
did:plc:bjciuft4uwuep7pkuoaxsxhb	7.54423850713414	1.62452500547042
did:plc:bjovrbtmnlckoh6vaalnqjzi	7.4098786629829	1.95218940689734
did:plc:bjr7mo5bj246tawdenorqosj	7.44097143077042	2.09874129914901
did:plc:bjrecj3da7sslr4emokaqhsg	7.12870805428956	2.01907327689745
did:plc:bjrwae3ysz5bxxa4k2sgvcvq	6.22511227707158	2.20158423962733
did:plc:bjwq7h4kv6nl5pjfdspspid7	7.50302846865958	2.02859515296502
did:plc:bjxk4zygheotvp37xj7xwd3b	7.35947852366489	2.33843826599705
did:plc:bjytvwjtajqljhxgs2a635u5	8.56188263475081	1.49139157718324
did:plc:bk7qb527vxj52czjvlqrneam	7.51541978900944	2.33413134137987
did:plc:bkdyvae4dzxqimydlrlw2qlf	6.6230450512921	2.40031398461353
did:plc:bkkft4aq5zkl2ddbl3baep7n	6.43945401822546	2.87823933662846
did:plc:bknvig4pjyl6hw4zsmlordzd	7.38562904980592	2.67187756550506
did:plc:bkpmeiod4dx2uuhlfpkvyq4y	7.21793378889306	1.56307837166374
did:plc:bkrhhjiuiikime326wr3vmre	6.71190178101227	2.01008587615691
did:plc:bkt242aybl6lugfdlqlurodq	7.8880561719456	1.941564870436
did:plc:bkx6nwy6bshm4hwlvmxdb353	7.23284147424463	1.45429221465598
did:plc:bkyxfxa5epyc52gpoiav2iny	7.33597227093855	2.13806910760573
did:plc:bl65bizzk2tzd7n2qk3ropnw	6.19945235750491	1.81746664360948
did:plc:blbvwxc7iu5nu3sz75wbfun3	7.03232249592437	2.28419213030129
did:plc:bldyyes3mq3ougqcqqc25njk	6.48608883738419	1.78562897785386
did:plc:blgoujgfp3zjo6r7o7ekvhnk	7.28560625587422	1.26336320071144
did:plc:blh4fktj7dfzot3cmus326fp	8.44687778881117	1.52589616806056
did:plc:blihpn7o5skh7ml262ph7fg4	7.55682330787404	1.78190571396856
did:plc:bljtufagf2mx2xrivza74lbz	7.42217144961832	2.36468064057976
did:plc:blk76mlz2kbgaa6r2rvs7pow	7.24722717620375	1.92572807706714
did:plc:bllr2kiurkw7de4yj4anq7wt	6.56415379581383	2.12349850672791
did:plc:bmb7z6qcknfg6ljyr4qs5osh	7.6935110339451	2.01928484027249
did:plc:bmeizjaoai4ktf5gbfvrkdkv	7.36791717847147	1.91247433501698
did:plc:bmjaoqj4w7qoynvw3ya6f7h2	7.08919996503944	1.75912995180689
did:plc:bmrl5x3eol2re6xspdutj6tx	7.72263555231506	1.54135779830366
did:plc:bmvufzj652o3equl5a2t64wu	6.55658704678553	1.74280778237984
did:plc:bmxuayvemmq77nzrth3o6zl6	7.38756243671399	2.55456083035727
did:plc:bmxvte5svdnsmw35r45ffpk6	6.22390746913573	2.26487322937128
did:plc:bn2maxq3fjuukj2a5277j5db	7.34195771192537	2.37463558117063
did:plc:bn5lfn4obbjkbioudbwnktt7	6.09677320448568	2.87701469179348
did:plc:bnatlyiqjuciyr4yi7xjia4i	6.54723210385841	1.6482741003115
did:plc:bngntrb767mwq7jmtn5bwfna	7.11188686424272	1.75038008131387
did:plc:bngztflmhr5t7wod6kptrt5e	7.49488329584583	2.14105137822707
did:plc:bnmdk2gsi7has56hoqq4nvmq	8.56057797578221	1.42308503695612
did:plc:bnq574uisnx3cjuv7cum4fo5	7.45593674466696	1.86603895748461
did:plc:bnrisatodm3fhyyoqdzbcyt3	7.53174000685213	1.93101243466933
did:plc:bns72e4q4kjm5d6e5dktgyhk	6.51610422064809	1.78120668687921
did:plc:bnsppsl5fzmsxcpmisgp7jck	7.41642198701861	2.18292214244839
did:plc:bo5wzi6ndfja5ay2lidnbs5m	7.5560401998778	2.05199088663005
did:plc:bo6eojdkr5yszytyigohk3s4	6.88794484371155	1.9408187038554
did:plc:bo7p5qpsqbfietyxypplhvyw	6.77913929657756	2.24999417689245
did:plc:boarxca7b2ywkfrrmqd27umn	8.14295506024383	1.70686384983557
did:plc:bofuh542atj5pa5hcifb2cvg	7.534899867632	1.47710579585223
did:plc:borpi3b5g55mxvzwczhokydk	6.70438294390989	2.38534856832193
did:plc:bososms2oevbs6qca5gllh3j	7.10420893329582	2.15692688954988
did:plc:bowk3vnsh27rasxtdo6xlkyi	7.24328048888422	1.85432622736532
did:plc:box2rb5dh7vo6ur5wvj5ony7	6.53203327213289	1.83704232311032
did:plc:bp2kg4a6u7ezb6fuyc5sz3jr	7.04345930434436	1.98907622485407
did:plc:bp47uzfjatac5hor743v44u2	6.54331055189734	2.45409344457456
did:plc:bp5mxxlwmrq34m2kh6cp4rex	7.29412050429918	1.32592059605854
did:plc:bpauwkrhqbgsvu22rcjlnmzf	7.41796289310061	2.64555137960962
did:plc:bpevd273yoppsrujuefuinmz	6.99231940601897	2.0373316344638
did:plc:bpfqlf4morju4s52jmyyevkn	7.0265551971194	2.78483301391258
did:plc:bpg7gzwp7vp4vp2ktwuaq3uh	6.74955814135376	2.13683156379961
did:plc:bplrrbs6xfwjpl5n46reruoh	7.07004024505202	1.74993805057282
did:plc:bprnachmkosapidjyuvnhilr	7.66114717770806	1.7488168593422
did:plc:bpskjomfcmkt36si5fw6pgio	7.65930473547768	2.36299228948769
did:plc:bptq7qbpiq4slelsxlr5vxyv	6.86854811876233	1.713861840822
did:plc:bpurujb3biqxm3rj6dq362co	8.03074383788711	1.83011831451943
did:plc:bpvbcpidowuzugq6pyaibojl	8.58286796499501	1.4968132769592
did:plc:bpwjtqmv5rcbutds4uhilihf	6.54688338565165	2.18893478915975
did:plc:bpxefdnt3jtmxdgsqk2rterz	7.43880975741558	2.61766527773687
did:plc:bpxhvm3pyx2tk2cmpsavuoxi	6.34832303110657	1.93778237199753
did:plc:bpzsjj77slgm7qyglyld7nhb	8.6874447399072	1.20276402133432
did:plc:bq4tfmmcgqukghgpj5vusp2l	7.61238363659898	1.78442050079658
did:plc:bq7g47j4geawkuz3hbbtjwe7	7.77631359321159	1.92648146410286
did:plc:bq7yjj7c4emizvvizkdys2le	6.96923166782942	2.17348159483911
did:plc:bqa4pow4k7zv7tkp3tvmbg52	7.443637704378	1.91521690678298
did:plc:bqa7g745eaz7276yneoejqk3	6.80714617641137	2.72923114952298
did:plc:bqbhh3dzq2c6vs3ua6myjtoh	7.21931861657911	1.6602760259638
did:plc:bqct4c7oqjb45eoxe44mpuzt	7.25111726933715	2.31926715175504
did:plc:bqeka2j2zv7cjs6h4jewc3iq	9.0335037782629	1.12129427728672
did:plc:bqj46tztuoe6rpsmcm7g3dm6	7.2738983712867	2.06956653034876
did:plc:bqk57uq7dtg2n5t2fzvwkyhe	8.80664265275693	1.14497140734592
did:plc:bqpyttlmhdffisqx2aazu5s3	7.14989192816174	1.94557932330475
did:plc:bqqmoom6eiznml3kcln47ftd	6.44941451603274	2.25818138543806
did:plc:bqsfvsjo2qljj2d5iywnd67j	6.51530106847246	2.12711445650662
did:plc:bqsvrdh5szos6vikv5a46g6o	7.16168548754871	1.13751113128097
did:plc:bqtihzxn5u6f4fddqox44cvk	7.49192452442634	1.32595267446345
did:plc:br26ddduuvbd23iisgml2da5	7.00666803395215	2.29433456368809
did:plc:br3ztplpi3ht4tgnrhamph3b	8.03741369956287	1.78090634943661
did:plc:br4jm5eudhitcdcq3awrhthe	8.39563405250424	1.83942070051274
did:plc:brdrzsininc3hc5ssyaxazdq	8.30618895668475	1.38711292524427
did:plc:brk65o2to74gkwpawghri3z5	8.2246969980224	1.68624153256191
did:plc:brnxud72pxirkkj4erejjffv	7.1698120302913	2.37336218552732
did:plc:brtjyhmwbfdn4kgkr5iwpoej	7.47598173654557	2.38080122590791
did:plc:brwww2is5xf7ufyjij2eecp7	5.96410082269543	1.90363820131813
did:plc:bscrv5ntfzelmeoulpmpjimf	8.46419415926288	1.56902532199571
did:plc:bsen2plrmyqvudbz7eqpcl6c	7.75828208179651	1.686800746302
did:plc:bsfrxymz33ztcljnnlepbfc3	7.5184478255367	1.73795423735915
did:plc:bsvelwc3hii5gvxekjqfso2u	7.57589798067822	2.67081612261162
did:plc:bt2dru25dxnmxucknltznuik	7.18014593796821	2.98087732758506
did:plc:bt52srhxte6yi6kjjicpb6na	8.13909306127331	1.70477461118123
did:plc:bt5f3z2dfjna2u6knwsqurfy	6.31259533868208	2.03512690171648
did:plc:bt5mttp4ej26ztlzuz4e4czb	7.15779075820094	1.75119673840876
did:plc:bt64buph2nrejqxh4fanxpaw	7.87925982332321	1.56911038309535
did:plc:btar4wcsppyb3qoorrzm5q4g	7.00666861442272	2.07185464967465
did:plc:btfvl4nedywmvvyl3ebfck4v	6.52387288915842	1.99795425920269
did:plc:btjea2nlml4k77rkul623rxi	7.43399792430494	1.77905381695166
did:plc:btjougvherthjdfn5644oyy2	6.73032259836602	1.60536890053234
did:plc:btn42yod564cwtjz337yfsdq	7.75466810398538	1.85790293208126
did:plc:btrnd2qqasbxoxthxooumpv5	8.5365903370604	1.77785710115562
did:plc:btv4vgtkopccbrrq3gmryw4e	7.24818231857014	1.98087903549983
did:plc:btvah2xkm6dzyw4xaapmjdli	8.29661458606596	1.71101255663369
did:plc:btwt2ayj6tk2jj4fiidpwx5q	7.44360878424354	1.93518818303455
did:plc:bu66byddge6eedqhlhfggyye	7.20841536660457	1.42100185032966
did:plc:bubc6uu6qlyzvcaewftdimf7	6.87826877158239	1.71127809923363
did:plc:bugx4thyg5fhtobmh2un7baj	6.90506943130225	2.03980460027192
did:plc:buhx3pnf2mltncga22dqppww	6.34367480095357	1.92766245827926
did:plc:bui523ovpkitwr5uog6jaspn	6.84352572343474	2.52120538052512
did:plc:bum2iantzqqc5kmvc5sc2hkm	6.72099956891256	1.87966379170426
did:plc:bum57q6irgzqvs44iusjxcdb	7.52575600864076	1.07923753086497
did:plc:bun5j4gnku4meoejwn5rlcmy	7.04248357390823	1.83433238674154
did:plc:butckps7qskr3zolnvsdjyq3	7.98663092009359	1.87879424000874
did:plc:buvaz44pvq6g7dkqg3ewuupj	7.65386070943594	1.92552432796108
did:plc:bv56ugrrczubvlbq6hqfvy3s	7.17894987542021	1.66090550613455
did:plc:bvaa4zwshkohmpfu5qwfxukk	7.15227304512664	2.05051745497253
did:plc:bvb6tu5cr3zcstfukzfc6qgh	7.58662867601433	1.68592401861571
did:plc:bvbskhyy2rlu3kkg3epl2atg	8.47016384152656	1.52471920220466
did:plc:bvf7rqvfyz7gak2bqz7knw4q	7.95878342034122	1.92915283045049
did:plc:bvpgyjfye2h6rnpijwggrnsl	6.58891957450365	2.09573620745914
did:plc:bw2evpgqxaxhd2a3eaejxx6u	7.00019226306647	2.41362511439076
did:plc:bwdef2ig62ieemcn2v5zbmva	6.49898260094903	1.59561239484595
did:plc:bwrtelx5edqlfeimctuwp4ii	7.65914533375806	1.70667106429712
did:plc:bwwgfg3n6twepa5ypghlz4iu	8.82238974360364	1.24740571150755
did:plc:bx34go4xb7qoraib7vavcbqo	7.38822741263644	1.60575350005367
did:plc:bx4gub3ys3zx6yc3ag6emrrn	7.14594498077729	1.81843512447565
did:plc:bx6di7z3fe7g4jrwm4vzlcl6	6.80669041326596	1.94596567661535
did:plc:bxaa2yduw7fady3pv2utbdlx	6.75976883729713	2.16629224644025
did:plc:bxf2g6xkrs53nwd3rssff5ei	7.21430733316343	1.82875270328044
did:plc:bxf534lxe2bpk7uv3rbpzsuj	6.47222270718589	1.98732927230073
did:plc:bxjzo27fdyjqaqdeyrqr2657	8.8033358183715	1.15291896082611
did:plc:bxkm7xo2yw5z4eaapbq5xjkb	6.49822228295732	2.44526904845282
did:plc:bxlrgjdaw5gn5sx7lexa33eo	7.63241076803603	1.64310305971446
did:plc:bxmdxmusmii2esqxdjg4tfim	7.29001863219103	1.67332808422919
did:plc:bxnvuiq2ni4bdersd5nnnmqe	6.65460416894853	1.69912239787105
did:plc:bxqisgl6ujcqz7lxdcrw47qo	6.47844150420254	2.01429285266809
did:plc:bxssrbof7ssqup6s3kq3j247	6.97845244251293	2.37139266343347
did:plc:bxsx2opjhkuebzwn4fqucgyf	6.71742344259589	2.02495559733706
did:plc:bxtyv7gix4mikagsq5z2xgyf	7.01605241174932	1.94119887059014
did:plc:bxvcbbzlykvqd463tueoviyf	6.67483136311889	1.73433060356229
did:plc:bxzl7s7hyia25kxn6uc7b6vp	6.53418482967495	1.87186840271066
did:plc:by3jhwdqgbtrcc7q4tkkv3cf	7.79058389805286	1.44689596360833
did:plc:bybxt4frwtaukqn7rmfrypn3	8.24324361875268	1.62513539003989
did:plc:byc4tqqj3j3ia4veb7vl6ow7	7.41965211657823	1.82045733771317
did:plc:byc6ttzowmxaurvjvwpclqpb	7.2745727307994	2.10118729254337
did:plc:byhnqyvwb5srky434cyravrz	6.30807744785138	2.43854074634382
did:plc:bym6bgsyszpggemmnty34mhc	7.38740238434543	1.93914750207977
did:plc:byr4cl57bdrdnp4j7dn5ngrp	8.49450754797706	1.64011854236492
did:plc:byrucpgorq6h7uloz74k5epw	6.96393293742869	1.9069031660132
did:plc:bysiukjbjhvy6dmuc5pc2kup	7.35291315094247	1.94851037760955
did:plc:byucsmduxeinswvkc7dbn3kc	6.56475503186391	2.52446642796163
did:plc:byx4dklnd4ssgoscojnvj6va	7.74725536179303	1.73503772836554
did:plc:bz3sz5avcfmda6xrgabj7n7k	6.6791290102558	1.03046332011496
did:plc:bz3zo2rtprpyg5qw74abhvnp	5.85132175316653	1.68614418427766
did:plc:bz4bnwv5p35tniwvpqgh22hm	7.21073907569031	1.90982794793622
did:plc:bzbpe7nqloytmrlhajhx26qh	7.03472673091413	2.53964726944196
did:plc:bzcqosvjxeavat6x643ugt62	7.12683419679939	2.60304875130163
did:plc:bzjctancupmf6cbk3eazuenz	6.63487710334314	1.75747621596266
did:plc:bzjk62aemwz4etjqfbmsvcia	7.58872452747626	1.66428344632172
did:plc:bzo5ozffpkqxtt2xqetnkupu	6.35623325378394	2.38375978554175
did:plc:bzu7dnb6yry7fgasajcsym7n	8.09391225315888	1.80467535808568
did:plc:c27abzhotfeejxlc6xnvjncb	7.46394658035373	2.16863718766601
did:plc:c2pjwvqjqtbkijvzbva7kdev	7.76268463606344	2.00673587409957
did:plc:c2tdopm4ukccgaigbdbx5mw4	7.10744489792598	2.45637777205805
did:plc:c33ynzxilkmisjd6y6o7toei	8.6021349269408	0.840146935977176
did:plc:c36an2jsbtpgujdubalig7ou	6.70095749871988	1.86633838556794
did:plc:c37bdpctkwsrwuomtf5pz7p2	8.39235921968633	1.49111326055521
did:plc:c37oynq3lfwgsuostsksc7le	6.45885043698052	2.09218886164293
did:plc:c3gt6ekf5apkumkpy2wv6fdp	7.01011653369345	2.09097697654305
did:plc:c3q3uhmziqdnjqlmpgnuqz3x	6.72464754058004	2.01573087576835
did:plc:c43s7apynslyzkteyuxkx5mr	6.99620719783021	2.04311631149195
did:plc:c455m7yujipga4ekjxqyzext	8.62188517281059	1.37838622639873
did:plc:c4dmuu5ypzmwuyd7bi5vw34f	6.88656925735942	1.65845409109608
did:plc:c4dynmkuzlhj3frd7jjszvs5	6.96731456056034	2.36171202993477
did:plc:c4e4le3rw7jla2in5p72at37	7.91011452928882	1.90966071110393
did:plc:c4hjxo4mz4jzyu5vuxtq2sjv	8.47792178161399	1.47075576903921
did:plc:c4krlhwhs7wewmeqf6zymz3q	7.82291636761788	1.59190876187031
did:plc:c4o4a2igpbz6vyci4qzsuird	7.1636906075851	2.49319790551799
did:plc:c4oqqvdognkczpvohkjdcho2	7.16673437788156	1.77307549063802
did:plc:c4yqslsahoo7o7bl5qndojpd	6.24677727867511	1.97930424361298
did:plc:c5536ijqoyf2er6nra4awwoa	7.45112456589834	1.99572870845419
did:plc:c55c23bthuig4m4oj32kg2wh	6.30178598525098	2.09725173657057
did:plc:c57pfcc27kdyusketh6v6pvw	6.92879168199257	1.73971821240216
did:plc:c5a54x2c4omkwvey53ovxqga	6.60576691328723	2.14355137367643
did:plc:c5byu5txyfjtuymj5dsj65nm	7.08739459158129	1.9351626265467
did:plc:c5ea7n6t2yo55625xkiodnwq	7.90670453926635	1.83139703623372
did:plc:c5f4b3jq2dyxezp2coywyizr	7.68880034782297	2.15679765461336
did:plc:c5qyqmtoj3xos72blhlvtrrv	6.7917662913147	2.36339240299572
did:plc:c5wixfvbq4jicxvyufhzxjy6	7.01287166637694	1.70196812773
did:plc:c5z3eyo3vbk3kpumf7xwtr4i	7.06288302059056	1.76558142804019
did:plc:c63yh2rcyqazonatwp5wcbmn	6.43839479961196	2.02867311412464
did:plc:c6plummj5axy6ybxykqwmjw2	6.83733155418325	2.62228161850131
did:plc:c6qoe5xzgtx6f3plrssq7za4	7.80946105853582	1.93524370035097
did:plc:c6uiwnwtbu4mkofs5k4c7jkj	6.34949777516842	2.01803859826418
did:plc:c6uk4ska3d3saexsk73mjddo	6.84184516709004	1.55911601557878
did:plc:c6vxg2kp2757fqavve35m6k5	7.49033489674381	1.70951948146794
did:plc:c6yufc63scqnu3obeupxuf4o	7.60224906984366	1.88514628401337
did:plc:c74jpl4ztgj4pxmeraevng3y	8.3476387635429	1.4685692589372
did:plc:c76izl2x5etqye7y326wzimj	6.81655055058806	1.78624002512172
did:plc:c7aqwc2ku5l7qpreaooiut6g	6.86257218197902	2.09887050835235
did:plc:c7dyoarjakvadpbg35f5bmrt	7.78105080445362	1.71296366944217
did:plc:c7eupuxg4xcqhj7wko3plmqj	7.268059753289	2.82026543219549
did:plc:c7gsh7zino4skdhfb43fgwig	7.04320787126536	1.73394754413463
did:plc:c7joxdlnss2nm3iwsdo2becg	6.34820902294046	1.97241409741446
did:plc:c7m6wc2tmsgxdtpqpipwjyia	7.16247893709993	2.1675856820442
did:plc:c7mma6vjjnthjafs2fle3ubi	7.75847333141826	1.71405346064918
did:plc:c7ybalmda5ngd4malvpjwxry	7.32746069354366	1.88382046421533
did:plc:ca25ydqim6tzuhyq5wd2q4hs	6.63213528655267	2.2924441472749
did:plc:ca3vgb2jgrf5dxt7zw3a6cch	7.13307106299004	1.68497066335856
did:plc:ca5r7drvyift7w46fyzrt2ga	7.1297649533753	1.96249082328351
did:plc:ca5y2csxutx2bka4nrw5am5t	7.29032032185306	2.49144672631653
did:plc:cabgd3psabfqn6u6rfeiwdwo	7.99487266403717	1.93413114282966
did:plc:cae7wjkwgopb5n4sivrtcdmj	7.68191917867996	1.57968921405146
did:plc:caf3hhfm3ezxohwoc6bf3h73	7.13089424916777	2.02674918603827
did:plc:cap5xpm7lpw6iudwn4bv6ym2	7.06937160343999	2.88104668955259
did:plc:catblusr7g47t4t2swbzxpv6	8.03516531696205	1.72965676847669
did:plc:caxwtcjg2lyz2rp7anqmm4mj	8.94585851656685	1.08862796669517
did:plc:cb6vtf4hisiopo2lzaapiyvv	6.56945526607644	1.82900310627331
did:plc:cb7izmbzn7c2bvbr4vjtlglw	7.22122594659611	2.01121234464557
did:plc:cbcwhxtvv2fyjjstd66hx56k	7.04411818504666	1.74977438757221
did:plc:cbcyuv63pb7t2aifxwtipfii	6.22950590913773	1.89312755804614
did:plc:cbdwpjcudqycpbdhdnpn6czr	7.75846172043805	1.80830364104086
did:plc:cbffxknrfpnrqw3jckuhta7r	7.5183785729233	2.81855301923114
did:plc:cbg63fa3b3lbkv5cn5p7jb3e	7.96826944736513	1.72684123877236
did:plc:cbjqs3tb2olqin5txjdtp2dv	6.58087886736535	1.66075086910926
did:plc:cbqqn4d5cs2rz4sbyfwxqhhg	6.94342425665209	2.20903689482438
did:plc:cbr5lvevt4hqg6vjp5e7b2ln	6.98074333100618	2.63499988862366
did:plc:cbsz7j7qg2yrwtlatqzywb45	6.47221399920633	1.86731517351666
did:plc:cbty7hpwq25l4p3nietqzse7	7.03712655950614	1.83569794698761
did:plc:cbwcfqkfbrfsmh2umraf3fab	7.05654600319754	1.85674559383892
did:plc:cc33utstcdkk6p4jizcy4toy	5.38301472757357	2.24795767031587
did:plc:cc3enn3hc34m2chzdrxair74	7.73597430938388	1.90620751797596
did:plc:cc6oa7kwfat6ka5gfvc36hpw	8.37247201234372	1.64702578077083
did:plc:ccd7f5ar3bzx6bng3rdwbtyj	8.0029019914749	1.59704900727688
did:plc:ccefypk5glsbvwqn7hxxbp5k	6.75161513579889	2.16082268490709
did:plc:ccettyatno57ej3bza3wrxcw	6.71708789787911	2.07223249594606
did:plc:cck4lmkffgcdnmhpyn43g4pe	7.50663718498349	1.49897451862023
did:plc:cclybpxubn63ufmsjeky2uyi	8.09989116798372	1.53391138489318
did:plc:ccncju4tmu2qgimhmgx57ljb	6.25473601195483	2.06951510720795
did:plc:ccpojzaj3a42veoj7kbyunuw	7.10146911353573	2.0942212885151
did:plc:ccsemr62ts5rkrgvhlpcp3dl	8.66982029908278	1.33948460174622
did:plc:ccsgnteqx672cdrxasmtuzfw	7.82035163494538	1.52246857936729
did:plc:ccvcfan6gxvtqesa22vcve6a	8.06362173246931	2.05331143982903
did:plc:ccvodm6msk3juzokfxlpxnik	6.66160002597965	1.93874952149014
did:plc:ccvtqfgjjjlpowbolvyo2fv2	8.91100897735691	1.40486014401893
did:plc:cczgbqsqpwhjzse5sxfn26r6	7.96197037327446	1.59567406777629
did:plc:cd6v6femeb5bcotdaa2erwbq	9.18081421351435	1.00974036998696
did:plc:cd6xl7ezj2zusw575p34qhk3	7.23519139112318	2.24057794648683
did:plc:cdafga4ed7lcxzl76gyihmuv	6.89535162220237	1.99825646827809
did:plc:cdahmrj7pcemu4i5aeijyrc5	6.93194424061503	2.41516550748192
did:plc:cde6mpfngdb4kylusjbxm5ir	7.37093323341768	1.60276235929203
did:plc:cdhzwv6onlj2n42ythfa6txd	7.06439587191861	2.19502567117834
did:plc:cdmhtbpuga7ay5mogfxybv4d	6.97596277459326	2.31329538749383
did:plc:cdtaq4sioyf3e42ernr3tk7c	6.87456986484033	2.40137764711015
did:plc:cdxh62ouydc3ruyt4c3juyge	8.67056663956461	1.36072796733296
did:plc:cdzw5hojilceurkuugizfxpo	8.22135580693388	1.76640457797233
did:plc:ce2ynckj466uqcmke375rcqs	7.40373468937363	2.07670251036424
did:plc:ce37emc3glqkcm5h3o54hzuf	7.93413934678167	1.99387846325614
did:plc:ce6z3s4nhbfzrc7o7jwdtbko	6.98234990934561	1.98957967334592
did:plc:cecvjoznavrpvnftbr5a474g	6.9776242347439	1.88551532220039
did:plc:cefj3hfe5575rgn6qafgt5xu	7.24517159448747	2.45716784717323
did:plc:ceg6chm554cd3ah55ihfz2mr	6.65045207245525	2.34198889100853
did:plc:cehorkcwjrzjv7lbguggzf2y	7.11960169154945	2.76238601440497
did:plc:ceow27npkmplangeqbnu73ai	8.18052116684867	1.58440247393759
did:plc:ceq6mkwc35mtiqnt3sz5kuzp	8.03329829545131	1.52164081884205
did:plc:ceriuqmcp2sznilsgtncf7qe	8.22616685087433	1.92666688790608
did:plc:cerlfllconkv4tbdllljc6jp	7.93968950922754	1.35549776474763
did:plc:cew2ysw5tnkdu2zfktda5wh5	6.53165803441383	2.30445443608996
did:plc:cexmdeyf573ukvvbloc3nmud	6.41538338866485	2.42743558705307
did:plc:cf4daf6ajmzopp7icaslivxu	8.65629881714192	1.52303020010156
did:plc:cf7dc6upkc4iejj6qbrlidrm	8.11175132443379	1.53053696642048
did:plc:cfhbxsng2ptilfyicd4mnd43	7.94129582465619	1.56705630092592
did:plc:cfkw2usf3yyhhs6536i2iv6w	7.10993375528749	1.89476963807412
did:plc:cfm56fcr4b5kfmqjspryumki	7.81951552202046	2.00567326716793
did:plc:cfonok6mudl7e6u6c6qrv3yq	6.97847965282326	1.9163701364803
did:plc:cfpksml5scqc27ungyezgupr	7.32545714904743	2.61260262335348
did:plc:cfpn4iw5ayy2dizjmuzodyzg	8.29597006866294	1.95311196422919
did:plc:cfprirakohmlvd3pibszjvjl	8.23142652560255	1.64839133879169
did:plc:cfqk53hr5l3w5sybb25fzncl	7.15041906983524	2.50442868363667
did:plc:cftcgesu33rnr2xuyfx5eemw	7.59216410401689	1.9736444936216
did:plc:cfxvetsb5qdtts63kx7pe6h7	6.52900302136588	2.04599653488767
did:plc:cfzt3ri66jp7c5omcwyf6dez	6.91544839004436	1.77273785756071
did:plc:cgcyoxoh7tvxkjpa367xgf6w	7.38918429277405	2.09932778236427
did:plc:cgid5e7lkffytvdwf4ez6onk	6.53368595015841	2.69079936439815
did:plc:cgiv5p4jeswzymebbntg5m5p	7.01474818458827	2.43688671694798
did:plc:cgnyzxm6xsv3ikxfruj7mz2b	6.38420050716867	1.74681473786904
did:plc:cgqk7d7suamy2spdshfcc3qo	6.87750731695751	1.29048039664943
did:plc:cgqo6kkdm5piftbuyky7vqzm	6.4716529639114	1.71248352171277
did:plc:cgv5sz2peo67ukjt37lbvzh5	6.40389608649694	2.09559196917603
did:plc:cgzf5qmjexvwwmln4gxl5d4p	6.40791802642645	1.74167565526396
did:plc:cgzr6vfs5muirv532tjbdq4e	7.10233772105632	2.58970157348634
did:plc:ch34sijpaubgwis5342pcdbb	7.61855204043251	1.97836743090425
did:plc:ch3gx33mswptoz7ufzpg6lgi	7.00444658046838	1.7329917259123
did:plc:ch55dznalrdu3rqy5mjv54bs	7.3323213559514	1.9716093099342
did:plc:ch6adq2ujlqjhhnowm3ivrla	7.47050980635643	2.50695694640056
did:plc:chdng7wmies4jvi4ogz7t66l	7.48187305076121	1.69114311107177
did:plc:chdxkncljr2qtnxum5zkxhng	6.91196829260276	1.97934689796679
did:plc:chg54hzul372ur6x46ehebvs	7.2692271947893	1.57612289837081
did:plc:chkh3qo3cdvmsycdvtoirih6	6.16803576540518	1.1902963430092
did:plc:chm47lgyvne4yzkkitg337gc	7.32695935342413	2.08657669236889
did:plc:chqatdzvsxvbxzlurm3ykb6h	6.80600057037829	1.67534386945218
did:plc:chrxeou5iyltykggnaiutkny	8.9986863624525	0.940480519387935
did:plc:chryssc3h3qf2e6mywywh6pz	7.64659307484407	1.35862223412367
did:plc:chsce4u62bbx3jm7pna2xmov	6.45025492949019	1.82606984783402
did:plc:chur6s5tl2nrf2av42kvslmb	6.87136412880503	1.26374435595516
did:plc:chvx2ktcue2cp57p3tbncucy	7.69484561957549	1.54842470275927
did:plc:chzftzqqoro3pejl3focb3w7	7.88236866837762	1.7838354152364
did:plc:ci7ifiqiapxp7u2cqe3ymvns	6.60394411607597	2.40748553455594
did:plc:cief2k5pyzonu5ox6kp77bxv	7.8452933005862	2.35375535043859
did:plc:cih434fpu42yxlx6fevx4nua	7.82841741167049	1.68681545452876
did:plc:cihyc4nzha7nerc6ruz2o7ap	8.16006245696254	1.42475938203254
did:plc:ciiv7ukme7zu4o2qu6w3hrvf	7.0332003841502	1.87616990715839
did:plc:ciizgff3zcukmnzyxsgvfcnz	8.07542928183114	1.37504434945923
did:plc:cij4xd7bfauoo5likmo7bajx	6.52536159042877	2.19651381860391
did:plc:cil5waybg7cfc2mpqy7vkle5	8.46064668292403	1.45415391630586
did:plc:ciob4uk64klllgicy3iwupd4	7.19628278548231	1.51090661005761
did:plc:cirkk667wmp7rofgfu42aqvl	8.58807307740772	1.38775459723493
did:plc:citriijfiqmogbafshqfb7fe	7.55137390518074	1.53137708328831
did:plc:cixf37mz2t5dm6jixc26ii5g	7.84955028399131	1.42516320106003
did:plc:cj2shn3676rejtq2bro6be2e	7.48222457178578	1.99345117659147
did:plc:cj36kdbamj4y7ebyur3rmo2t	6.60841302247854	2.36791501133223
did:plc:cj3srpvfyvvcvcrbxpxnf4kr	7.21076946299148	2.17374510602702
did:plc:cjotueoqpwqn6bjca3pycvfu	7.07890788776989	2.61958167200364
did:plc:cjsbf5exjpvt32xt66gmauys	8.01209769886618	1.69896181031927
did:plc:ck6spn4febpwt7l6imra4llu	7.12482677502706	2.34214191260625
did:plc:ck7jv264tf7nkd34iqvappyg	6.6056769878225	3.09160580165506
did:plc:ckdubhpcgat3gkw6xo7jpioj	7.99300169174707	1.23792689005882
did:plc:ckfrp6zy6n2wmmhg5bkpp3mc	7.65030262168796	1.57121452207551
did:plc:ckgvrkeobasblmpt53auejrl	7.24500833872609	2.1568591724196
did:plc:ckhqt4qhxvhfzkj4tgypgm6y	7.35595079971631	2.17570925455784
did:plc:ckjnezmnsx3obhkf2ne2tjo5	7.62031700448115	1.97916121262414
did:plc:ckmbubp3hman6dezrakbmhux	6.69416542692487	1.66173445141847
did:plc:ckmyjolv5vxtixka7gqpodhd	6.14212568850419	1.94910683590187
did:plc:ckodj5gbr4d3nbwbrqy6revf	8.07546309479863	1.64064072064876
did:plc:ckojwtarufza4h6wtsnmpklu	6.9994103767964	1.88116202817126
did:plc:ckvhmhp3acd4kkn6d5sxqv7z	7.61793466286677	2.1328573472334
did:plc:cl4mfesh4v5fzujx2lorkazf	6.5109878349479	2.02100253023558
did:plc:cl5zxw2duqmunv4scfv7rqy2	7.46806093174254	1.93380427741549
did:plc:cl7sevcvlh6mkmouuvnsqpa4	7.30460549226458	1.87705442254899
did:plc:cld3hjezgnhvam2l6e4tkdgc	6.576429916431	2.13835758287483
did:plc:cld3wwku5cnvevooggsdorxt	7.63635270219945	1.79182492091116
did:plc:cle7hg3aaubjikqamv7iixdp	7.19240611839582	1.92733666811202
did:plc:clfuwcu4kxekhdamp5bq66y3	6.9951106290093	1.73861163891061
did:plc:clgmvkxxrwlr5t5xmy4xlwhb	6.8480119748604	1.8720287119049
did:plc:clkjdtdr5xiphq3chtl2nryv	6.31933438604078	1.98819427061532
did:plc:cln7etscfbn37waplraojv2l	6.99902381563282	1.93579780882175
did:plc:clnyo2iogemp6v2ckevqz4tg	8.22634961197081	1.20262424506916
did:plc:clofzedaibggfl66kcygkmq6	7.36399836847742	1.95007969686391
did:plc:clp6j44fk3pbpzvsahnwa5iw	6.73031950330881	2.19603926142897
did:plc:clpywuxgxwsxrymm7ix5zaou	7.99678189358495	1.82173331012279
did:plc:clqa63p77p7a3whg4npjhu2s	6.85826906937542	2.49720869929052
did:plc:clrv6o7scaffrgfqk2bbpkkx	7.27865224950895	1.84110735514529
did:plc:clrw3njkuiy4ylogiia27aad	7.39880861271546	1.77088421018047
did:plc:cls4gw7gxt2szqahncfgspcd	6.74626876918813	2.64901487129143
did:plc:clvlaqh7bqpufzsdgeldz3ws	6.38883404273934	1.71595324136554
did:plc:clvmtkxpxuukxf7ojg6tnq72	8.02717500070226	1.9497565406133
did:plc:clwtaiuqwt56w5x4xf4m5mvt	7.24970291121201	1.89937970765532
did:plc:clyfuabeilomy4z37eao4ykh	7.68532919465188	2.19507841231436
did:plc:cm3j34jq6iieewxnvzkvxgnj	6.58245439712369	1.96813310843194
did:plc:cm3yiuf2l6ade2ydeoexqmac	7.08140341780849	2.06810827501346
did:plc:cm3z654l3w4sko2pha7klslx	8.44832126917326	1.81206346363063
did:plc:cm6n6nf3ow2ydafa4nbkmd3d	6.63040777160179	2.43279894798789
did:plc:cme7crlzpu5dbmbjgmyunp5v	7.28620679110918	2.424749732854
did:plc:cmekj6ihbuhlprzmn7rgfsro	7.61739585773039	1.93091664493787
did:plc:cmisoyfgdjsiad3k5ovmba32	7.0502766555626	1.82780501633309
did:plc:cmj7vm2w5eiesar4fwewnfen	6.95168158983234	1.66312903902294
did:plc:cmjzyeqqgq6fklz4myi4qeuq	7.79190134834644	2.03738252302237
did:plc:cmndhd3ns3mid6gozjargmoj	7.9832712400924	1.971197300038
did:plc:cmnrfpkvb2y6g6sqhmassebs	8.38007268402338	0.693610514306297
did:plc:cmpo4h7t47f54mggd4hm5kuk	6.48788718412745	2.06432718954114
did:plc:cmqjxlkifn2xsllrc4zlnjlh	7.22367261577923	2.06943316071486
did:plc:cmwgxkjpxdfync3pd4kcmlnr	8.35504052062286	0.746852132995354
did:plc:cmyljsg3kfnrlebtoqe22gzv	6.87085837447135	1.85189244273778
did:plc:cn45bxq3qgkewidcuf23l35k	6.90218536557189	2.05038463428522
did:plc:cn4sotlayii6ry6njataw33o	5.85945101827005	1.46321976548332
did:plc:cn4wltdfq6ikm3qvzu33qtpa	7.13959660325991	2.34250920669391
did:plc:cn74as6gm6ttttyhhynfi3ht	7.41527622016953	2.3214560263991
did:plc:cnc4qxiyd33esyiqv2ebl5sr	7.1766626491218	2.42744076519878
did:plc:cncow65pg3njydt45mmynhxa	7.63012094262333	1.57577023017354
did:plc:cnokkqxyt2fn7f644vzdzgma	8.19534641579779	1.59524005444183
did:plc:cnpn5bdp2zrshlmljhosnhob	7.73793722037233	1.87007012401162
did:plc:cnqstdywurazmddtkn22hpha	7.76258235555114	1.51030675581188
did:plc:cnrwrwm7vuxxctdqc3kwxecj	6.52160196500568	2.85524290204746
did:plc:cnswh2zmtlo3mvxhtmdpw6gt	6.45419347942717	1.81009156361655
did:plc:cnxe4da6fhyx3zvfinh6p452	7.10682017375272	2.47148941502587
did:plc:cnz6nlik3t22kohxrtsakfuv	8.49497272964512	1.48470128895794
did:plc:co3igai5rvgtlduj63joje2f	6.95158506316611	1.60064660692142
did:plc:co4fcz72qet3ubbjez2yaiax	7.47908946317877	1.72419063582476
did:plc:co4jtvkzl2ml5qwukbqxsgdf	7.54741764222171	1.76718775201605
did:plc:co5ryweh7lkitqjkip62jhvc	7.44196798078834	2.31437132324121
did:plc:co72ftm66smn2r4u5loswcvp	7.71903334860226	1.63057045207781
did:plc:coaiyme77fmf4ozpagpf4aoe	7.45929462193842	1.91389461531034
did:plc:coeijkb6wq5kcc3vwmyza64f	7.26246830037803	1.9273793392786
did:plc:coflhi5xtskgf2oqv44rau5i	7.28479456977525	1.24329163790021
did:plc:cog4nfhxrmvz2lwv2u36sfch	7.63367672417959	1.68660694742409
did:plc:cok4ox55msiwme5bf2bktkxm	7.4963953094901	1.85819405291588
did:plc:cotyayuxmgol2hrlczobxsek	7.30460475473127	1.92783818232322
did:plc:cov6pwd7ajm2wgkrgbpej2f3	7.32214729382134	1.27789877416825
did:plc:cpadkizermmyx2kobntotpny	6.94187082053261	2.13378185308345
did:plc:cpexfwn2s2ucuawaprqv7wrc	6.88390160431406	1.92837707832166
did:plc:cpf4iupdlg7hx3allfrca627	7.27080229576264	2.69416203363883
did:plc:cpfvfsfxp6a664vsjaffxou2	8.0544155440739	1.7997934749503
did:plc:cpgnehahprzrobp4wk2azttw	7.0553530026801	1.84393883547889
did:plc:cphf555p56vtzn6dlg52g5zz	6.7183536260673	2.65010945515751
did:plc:cpiummqru6bju2jtk66r574o	6.45933186408117	1.72600775307959
did:plc:cpsqj6m3cihygp4yzlbhp5mp	8.43426265024758	1.23214648113988
did:plc:cpw3q34mdtcstzzm6zwzt46q	6.99914192687473	1.96873620414496
did:plc:cpxsajcfpejluvoq2mwlpe3l	7.55487159457033	1.86159145747161
did:plc:cpy6ngcuugnfebezwwydd5lg	7.22045009753133	1.82005841474661
did:plc:cq36pyrqlcrnereodzzgwjkj	7.54225820986491	1.79522644527463
did:plc:cqdv72goo77qrz2d6pebztci	7.37157764364196	1.72044278102526
did:plc:cqiuu6mdd5jpu2ufpqwto5sv	8.55713208875279	0.530365466139051
did:plc:cqksnwxob766i336pvwkuc64	6.97771638431467	1.60286981973124
did:plc:cqlfwwy5cgey5mnjg4gr4vfh	6.91343486350441	1.87768516914622
did:plc:cqlmxdbgpwt5h7fnpdz6o7gb	8.04668025728559	1.93254147023935
did:plc:cqppoqfonc73t4tzpheszf56	8.31671806413915	1.27859743240034
did:plc:cqtak3kx4cikpuhlbojrms2c	7.94907857628974	1.53998609470003
did:plc:cquhefs5pjuguzz3xv3iqdbn	7.94546795947327	0.88170762872009
did:plc:cqw6lx3lppjy6de5qpiuo5wa	6.7864927690052	1.63074240932202
did:plc:cr3wpp2rjv7qc5ubpscdsktv	7.31873680391856	2.01359853496791
did:plc:crerowqqxaomnhnmjf6of2iq	7.4830091789256	1.70640110437501
did:plc:crgsdevqfr56drlzftkcdray	8.16969762569146	1.53794556072124
did:plc:crhaup4f2hyeicwesfhpf4wn	7.21086650841892	2.17878326346762
did:plc:crimqxiqdtzh5lvsshqqnikx	6.16938457511253	2.40244369197576
did:plc:crit33ni6667h7v3jhmjeeod	6.85833480832849	2.89523488567313
did:plc:crlytdn37actdmizf5w6a7iq	7.803069485831	2.27931373674341
did:plc:crqriw6jmjkphb7sojargnqc	6.93582763415797	1.78737010600422
did:plc:crst4w4qpwbwgulb4w6ns3ex	7.96305550632022	1.77419260446542
did:plc:crv2u2fouksfn6fspub7ozdq	6.43622538386037	2.00105052739567
did:plc:crxfsyvfwwrhgqt6fjacykfn	8.46462407444517	1.29912348485652
did:plc:crz7b2htsrd24vmzqibilxyn	7.69910640490175	1.66612182087876
did:plc:cs3tjc6nbqp5qywwvj66g4zm	7.22444137213747	1.76776769389637
did:plc:cs5nubouwlz2dwbwnfcpxs5t	6.65707015011986	2.66332925957879
did:plc:cs5s3oeekdlolt5r4aq3p6em	7.63811699030902	1.46327307683842
did:plc:cs7faeotlizzh4fxwar2pex2	7.47479944516331	1.82957530865453
did:plc:cs7yj5bwececiaexa2am6dvf	6.63729636047294	1.77100147648399
did:plc:csbubkrcaeehpnzuf636thes	6.90036302990971	2.03135487905433
did:plc:cshlvjowfe5cypbysxgy7ghv	6.990690134623	2.097380617855
did:plc:csiaqtufwnh6oriqvnrkvgru	7.46422933304657	1.9400790612743
did:plc:csmhqhvhmyzt37pd3t65e63g	6.64618432623459	1.73970246239646
did:plc:cspheoukfesqms3trmpg5dj6	6.82779459598958	2.15124685510305
did:plc:csuz6rr7jczw3p3lf7ajozlp	7.63752826052861	1.80939711730021
did:plc:csv3jgagesfweci4vvkxiueq	6.91970309858909	1.85271081751858
did:plc:ct2u2ve3sbkg42uepim2upls	6.45578661397451	1.85618846588599
did:plc:ct3f3ud43aj2x2idlhokczsb	6.96005154010623	1.92795765444674
did:plc:ct6jxevxeem73leu3jeartgu	6.91064521236377	2.38723181953479
did:plc:cta77crmqo5iarmxsafzh4p6	6.75241485592196	1.89957634897954
did:plc:ctexafkmwv2rm3ncyecdmfjz	6.77999322937974	2.31087683202112
did:plc:ctihuxgngaahnfkym7jfvzzd	7.72123062406431	1.81273827696364
did:plc:ctiqjst2ny4747w42wg632qt	8.12501154985832	1.60046978457213
did:plc:ctjkfr45vse6ughnwliwti6q	6.55320714150119	1.83607978575611
did:plc:ctngbkhiw6ms5jkkqvr4zpx5	6.34146935442036	2.1158363388878
did:plc:ctnxzucnit6dg6vhib6wcptc	7.68223982829324	2.40257575716925
did:plc:ctqcc77l3x2xanxwdt4hmtfz	6.48010999871023	2.075767370118
did:plc:ctvxtzvharbc7gfayni3aqjn	6.37848997979914	2.1118356208746
did:plc:ctwdqcxspreog7xfa4luhqod	8.41088064988133	1.52599753567216
did:plc:ctylklccjewz6lqfthupegfa	8.20784146279615	1.68463150219304
did:plc:cubh46erboibzljshajp5scu	6.13082868651086	2.36656082050416
did:plc:cubp7ju5bjuvdrug3qiaxunk	7.03075727847173	1.73693031713036
did:plc:cukyh664zwfwfsi2qo7otdkl	6.10878875997885	2.05036801942221
did:plc:culgoxqjqx437skvl7gndzb7	7.24154089377209	1.74559417488769
did:plc:culwdjjj6z7w6vdxzn5vtwfp	7.13684769366113	1.90248269435938
did:plc:cus6kgyawlwuoo23gka2nmck	6.84292086057488	2.13501684914539
did:plc:cuxzxfnj4o4c2vmn5yxfovfn	8.53836212104112	1.76277846117817
did:plc:cv65hdedv5vsv2j5rq4zddhh	7.47949130525219	1.89484278647142
did:plc:cv7gm7ayejx5sh3r7nktlyik	7.08902418716142	1.96822627797849
did:plc:cvcigvyhtpbk7lvzcvhsir7f	6.98129762506547	1.78691852706351
did:plc:cvexz3q5exesiawwijvpatlo	7.23617900037614	2.15867589648465
did:plc:cvlkmpiq5pzqt4wd5ytbb4ej	7.74044128953751	1.75641932614628
did:plc:cvmeyn44h2xwpmatfrd2ejv7	7.0219838154346	2.62484325578083
did:plc:cvnlf46y2enxfkgky5ckouk3	7.23629650305526	1.76084791313866
did:plc:cvsdqji3woqzsfgcayinj57y	6.81856826986485	1.83691619376178
did:plc:cvwf2xv3n4ibaoxadmnvriwt	8.05244343390754	1.35891495708788
did:plc:cwa5qtro5bhfz25opigbe6qi	7.19831354136849	1.69427922532063
did:plc:cwchyjzneahoby2qdw653i7y	6.27470616813047	1.58455445524485
did:plc:cwkzw3ar626xrdbpkbzqo7qb	8.1682205282408	1.35808702078227
did:plc:cwleeginfe35dtea2u6a7qwd	7.95618047415605	1.56936796620866
did:plc:cwos2yifxbzic2aclxkub4pp	6.7539225557201	1.9584339364546
did:plc:cwt26j6otniimnieuuz3tsnv	7.81020654924274	1.79274272980326
did:plc:cwu46ktgslwmtbyg4g7vafts	6.85679218017115	2.72500860186652
did:plc:cwvbo2pv5qkgawciugpyc23y	8.81257683392529	1.22196112216745
did:plc:cx2lxnlexcwdbr4lh2fcsdcr	7.30849997141164	1.91936350418461
did:plc:cx7kbyucscfvbknmwr6lhk4r	6.75709863004006	2.03332242750019
did:plc:cx7p6odrom26b4by2kwj4ifl	8.28229088804221	1.67624044569335
did:plc:cxbdbbbnvzrn67mxtodqcmdr	6.87786448230121	1.84642993062772
did:plc:cxd4oxf2ubbstp4xnhed4dha	7.28187670877507	1.71223635977718
did:plc:cxdko552v5vudwpiv4r7fg4t	7.47363088525485	2.14181037356238
did:plc:cxeljvj2kcxl6ctj7qyrrmzb	7.65083884442931	1.9235177522562
did:plc:cxig7iguafp7653y3kwksc2i	8.08464921530562	1.45436031354667
did:plc:cxnluektpfqdu3a7h2aul2zi	7.11377065256934	2.42126181944858
did:plc:cxpldcqw6gbqlzqdrwqhaqj6	6.10204204444338	1.64532595550466
did:plc:cxtnfrhcygnjelkeu5px3vbm	7.65459551550934	1.71931833104464
did:plc:cybhwve3svpandtbk255vwwj	6.77982997421174	1.86850902458309
did:plc:cyk2psxv7s5bzzudbu7mmhrv	7.63634957825216	2.37396269497789
did:plc:cym2lnfztlgzihqnelrpxa4y	8.05080737637493	1.87730898445468
did:plc:cyp2wmffjsxasu2xrtzkfvyb	7.01636871716493	2.00787855948182
did:plc:cyshnrt4vknmq2vcksxein6l	7.02204637801854	2.07755068797736
did:plc:cytjibk4q453alva4w7ykmfb	6.61948125572043	2.42305789212332
did:plc:cyy3irakdgdbhcdtd4ik6aro	8.27317188617946	1.66257043006905
did:plc:cz2naqxy3uzcfpdpaipz6eta	6.7112117703951	2.32029954121404
did:plc:cz3p4aaccuyxtikw4yih5eil	7.71973755557062	2.09780342981541
did:plc:cz4t35yzmlylkstnk6emjntr	7.51641676086207	2.21980367626054
did:plc:cz7uiwv5izisganvmwsj4fs6	6.95391056054581	2.40474660764019
did:plc:czdsysftxyy2ha5xvsfwq5o6	8.36703334246829	1.58841446269826
did:plc:czegdw4uo7xwclcin4vea6km	7.7811319794316	2.2316170565231
did:plc:czjfcosyiz6i72htnuqoymgz	8.34113375171123	1.02170357207642
did:plc:czl6p7dzg5q5qsuzie37kfzq	7.53798964395049	1.8619358328464
did:plc:czlgqogds2e5xp2xf2o3csju	7.08804372439046	1.81266354341099
did:plc:czonooc2dlqzvxx7y6axlvjj	7.45311594373922	2.14081452047017
did:plc:czpjwunorag3tpe5d32gomtf	7.61012265420942	2.02061656709508
did:plc:czqrw6bkeq2gsfqnpe3qhfws	6.2136184173408	1.92288095358627
did:plc:czthg3ffwjzyhf6bhnbj7yft	7.04838063690274	2.64936298224532
did:plc:czvay7sqvem6yyur4bllbzpx	7.22659288570556	2.09621397816363
did:plc:d23onm67px7rdxixntdi77du	6.50078047406284	1.78279167281308
did:plc:d23ttbkbdpfujha2nkyfihth	8.18101847543828	1.6435260684653
did:plc:d24rasl2sqaa4vthq4bebcpp	8.16848729313622	1.66479199507774
did:plc:d26jep72w3xrcbkokdsf26ra	7.66689543433842	1.97939929074016
did:plc:d2bxkutzlfsr6mfznjinewxv	8.05851783054005	2.07144554538048
did:plc:d2cn74i64zod2qtgkj5n5xtv	6.72098029261116	1.87102305589281
did:plc:d2koofuhijmdfgb4egzhfisf	6.62447303712632	2.1282237729968
did:plc:d2pq7ict6ruhywz7wgguy2iq	8.61195283206228	1.61591509386635
did:plc:d2qptfdopcqf54df6xfkgc7y	8.25913714757255	1.28823167765848
did:plc:d2r5gwbivzheaxa4pi362mzy	8.21061562212548	1.43780747181954
did:plc:d2tkhtm77uljwzywh4dbt4ot	7.55928956209386	1.95822743796126
did:plc:d2x34lnmoifsu6s3cbhua7fo	6.62287156692949	1.84330270659233
did:plc:d3gscusi2nxzzrcr35a3pm4q	7.58628344557709	1.71512948883748
did:plc:d3iir4tumzfbj6u2wa2vtyt3	7.27680592887978	2.24912969460581
did:plc:d3l6eg7pnopeklzfuvktz6y3	7.29861505514293	1.80140081706416
did:plc:d3m4pr5rzk5ztpcssg3nem4e	7.40874917718707	2.4983883974537
did:plc:d3uq4s4zdedzfyczfwm3c4se	7.4119127664111	2.13878178289337
did:plc:d4324t32vfi5xzydqbh2qdj3	6.80189125391366	1.91418328160177
did:plc:d45a4rhpmcs45tncnz5kr2zj	7.15830007602732	1.45288232191151
did:plc:d4bgndkt7xgfhxhxa7fysryc	7.54526129305753	1.81801184795128
did:plc:d4djixf6ix37ju6suddnavat	6.86359814138348	2.02080701586292
did:plc:d4eymgl2pxt22crotgaptit7	7.14897206502865	1.94357280208743
did:plc:d4oc7j2lnrwhsk3eckg22zli	6.69658641681369	1.77032067068453
did:plc:d4pnzh6eoftxhkqanuisocuo	7.38714608766869	2.24867686030036
did:plc:d4pqtmlmenzuxcgg2emamyvd	6.91133250926812	2.2741470968648
did:plc:d4rfugnfokzxupoemxha7ha3	5.77942518878117	2.0729771858016
did:plc:d53wf6lxgvjgwci7vg5vl5dv	7.47057286299591	2.18100991942609
did:plc:d546tupgytik6tq6kjqzb5od	8.63359400925982	1.34018432767545
did:plc:d5766pajeevsymohom6goiw3	7.27747115474859	1.85702702882438
did:plc:d5brjhtmuxxrfrfhh2dof72k	7.48739769892086	1.74471828116602
did:plc:d5gkyk7lhnvoevrjullqske6	6.83267237200368	1.85196621198514
did:plc:d5myqfaa5nmapkbuh6ubluhu	7.42164778282235	1.95484259348374
did:plc:d5qgrmcxclbov4vikglfujke	7.59346213449268	1.55622513142195
did:plc:d5qq6fhl3nszqryg76qemdjo	7.02241881035635	1.84737105749471
did:plc:d5roaogigcahvqttyidvufnx	7.16252523030397	2.24891450473603
did:plc:d5z2d66pfff5rt7m6mtbbleh	7.65436158232203	2.16899224088779
did:plc:d65euiy4pf6afz5zj3vapsju	7.19604895976063	1.78317211612267
did:plc:d67xsyb6hbg6c2rxormsdc2i	6.71808203029654	2.3312157030961
did:plc:d6eszxpiichnfisa7z2hyjkj	6.96576632424404	2.24127065844495
did:plc:d6jz4ujowasafq4j3llo2dwr	8.02879903107376	1.70914481956147
did:plc:d6oszdfycxpewdqptakqabxh	6.8740325513675	2.73145175791273
did:plc:d6qfhkzp3wdfkea2vdnkjueg	7.05858539630724	1.57098906941657
did:plc:d6rcb4atq56236xl3unzjbc7	6.51882566008832	1.63129438156755
did:plc:d6tndjh6in7w6psdlvxfv6c6	7.3580646008738	1.90506086011556
did:plc:d6ts7jugnhynhcsjhmasu5of	7.63348713585062	1.94375652554215
did:plc:d6utkucw2uq4ghcyzyteq6tr	6.95295766083037	2.07558811426373
did:plc:d6vfammolh7lchi2wbz75wk5	6.81848780620763	1.68647049109818
did:plc:d723divukzxky64bltdxa5sp	8.55968226306712	1.14127084868985
did:plc:d7252nj622aw3a36jcentth3	7.04344551631568	1.93643885307163
did:plc:d7bzrruk5wcbuvzx2rhlskaq	7.11729582385079	1.33974734837341
did:plc:d7d75oifzko4ukwgmlijw6cs	7.2147063671967	1.97378142292985
did:plc:d7fsegxjuxvozmubh3lf4t2c	7.77134404502736	1.46916430847982
did:plc:d7gnbx3j4yncurgjmnfwjem4	7.60393049266719	1.89528272653963
did:plc:d7lehzkqplnuamzzntmmvjem	7.70105721375497	1.88462406512935
did:plc:d7ngvhti66ppiser2eplbpw6	6.13885844535377	1.92236112482489
did:plc:d7omj66m5vgsyylxjgzwfahz	7.79164819036324	1.94551881286432
did:plc:d7srlrbkld4nt3brorukm7hh	8.91352341572797	1.27547733002743
did:plc:d7wc5dcma7vox4ukfqjseq56	6.9412604773243	2.15256587094376
did:plc:da36llshq67nzx3zu3lzyw5p	7.73327603058662	1.88566426780021
did:plc:da4eus3yqh4txnjjuhib3z4n	6.56997294319372	2.57267746042677
did:plc:da5gs6p7dabt4lweyqrzv2ja	7.50047999655288	1.72946634812368
did:plc:da5zxusuj7nih7lmemq57kr3	7.43658260595745	1.56161156957406
did:plc:da7bqe4gnj3hlsesecyqhztz	7.34768114025263	1.74437604858248
did:plc:da7wsddwrhwwmvx7vizkrpdn	7.55874058498539	2.05766397692915
did:plc:dachzynanbp7tgaczzr5ay7v	7.0028955484085	1.73711423238513
did:plc:dage343fc54mrlcgeudjmyww	7.16508225669617	2.10942115319607
did:plc:dai7ahbjmwfjepm4ptbnpkxm	8.43983975727695	1.3635391139285
did:plc:dajn5ftuioqpswmnxbbfsoso	7.33381364759682	1.92068310085356
did:plc:dakmythwst3tfez4bhzk2j74	6.94353274526198	2.09879163854496
did:plc:dalxoespd5tgf6fgqozcgmu5	6.40455059690705	1.98480516119571
did:plc:dap3jqyaypcovt5bcdfpgkg2	6.92016521781468	1.64737988070883
did:plc:daq7jdf52iph2scaoovceeic	7.40259571025399	2.04941236064706
did:plc:dazbsaj4qa56tkzcw6dssosi	7.48739450075862	1.41589575181738
did:plc:db2rijlo55nz23j6vbihgwvc	8.490371285115	1.73761437952366
did:plc:dbc2mjbhff2bst74dakgsvpl	6.55169001252892	1.87400307370099
did:plc:dbdk7mgiyux6ow6ysbbwucy4	5.80523779867771	1.97649569330459
did:plc:dbe473orig3qq7helb2y3ctw	7.28020396718979	2.20664625843816
did:plc:dbi6oby6zzfwoohx6mycdnno	7.47031069985391	1.91632412892957
did:plc:dbjuiapgcqsqa7xyffmvd2vs	6.96579006476479	1.74877938405115
did:plc:dbmgazd6inrbrypt5gbhie27	7.863689840659	1.93458691094634
did:plc:dbmpslx27xahnrqgv73o4qsj	7.31667953299248	1.60675997718293
did:plc:dbnmzcngsjjftc2sma5znexw	7.98027722896939	2.03153591316841
did:plc:dbz4t3zaerjpqfcssdtolnmd	6.62018664226377	2.07718326950402
did:plc:dbzyfhvmpyj4awmfus6feq3r	7.06227182621019	2.21706308453162
did:plc:dc254xdvkukwehh6uzvgbus4	6.94969975364823	1.66275424788088
did:plc:dcbbpup73qyoy465ivi365w7	6.9495214760074	1.89765232955271
did:plc:dci7o34ucxzoz5qpnrbbrar2	7.04553827309711	2.03072271373656
did:plc:dcjkratb5bfi7jrmlktlqa3t	6.96194899955244	2.55287974888332
did:plc:dco7ejvbyrhrfu2kwzasbktp	7.52210958731019	1.71190719290507
did:plc:dcpdcduur75k66a2nqw3ze5k	7.21432310682066	2.33107597318242
did:plc:dcq3h3tyesaixoy2m63sd2rv	8.21966403119982	1.50142406267571
did:plc:dcqjnl6o4e4vxxihvolnuwhz	6.83251040099846	1.96991660783868
did:plc:ddha7oqtpy7syxwy7vs5n5fg	7.72112098775179	2.21950344118526
did:plc:ddqizcmva5k3fzdcbk2aq3bp	7.19606900869607	2.23557801082929
did:plc:ddt2jzvhp6c4llymias7mldq	7.50092033030135	2.00788250548383
did:plc:ddxarhf4i5fvyiqscopdzhgk	6.75634517894193	1.96042196174781
did:plc:decm7e2duwteg7hotiuvpxxj	7.97446206165494	1.59122635312295
did:plc:deej5pakczvmljahhvrridlp	7.20047638139957	2.09159441979135
did:plc:dehjvtclr5mt2in2ljmv5y33	7.42512182158121	1.55274527240799
did:plc:dei7f7zh74xr3hoghei6ke3d	7.34654778609835	1.69178593365206
did:plc:deoxvn6d6web7h4mjs3ombae	7.76271032108597	1.8686375566104
did:plc:dera6hytm7hduohjiz7h2jve	6.79963805230106	1.87405680843115
did:plc:dew4ufgemos6qjp5kcfinoxo	7.25216279700817	2.05804548871155
did:plc:df4fceqeav572yedf5wirwdz	7.29702669358566	1.90293839708511
did:plc:df7ebbgcyuwdi7e2ogaz6see	8.48140562043328	1.88206949332298
did:plc:dfgjvc57ampj5izr2hdxcgn2	7.17570021473462	1.98986094156634
did:plc:dfioa5bgf3or5cpx5yk7azhz	7.37914450766952	2.26257812546453
did:plc:dfkxaiewad3eyfz4xsf4o5uj	6.60860727530249	2.73262815626338
did:plc:dflkmefl5dqqgnempswfg5jb	6.60921430232608	1.94862205881504
did:plc:dfo5inntruj5q6msrjzbep3i	6.25274591812974	2.44604145264883
did:plc:dforhh3lbl5xl37c43e4cfi2	7.16885667286325	2.20781109359999
did:plc:dfsijyqnvhimm4ch5ustu2fo	7.10975596008576	2.58648907184283
did:plc:dfu77mlq5ae3gukbe6w5xkbi	7.30668060313614	1.70489111839664
did:plc:dfvyrrlgkmjwm2eduwpzbrqs	5.68388973526251	2.04035429114313
did:plc:dfwhj6fzv2urutntqjmlifbs	8.18992931457301	2.18610156736571
did:plc:dfzfhbfv4qs2wwqxy2km5by6	7.27980779212043	2.3547877761672
did:plc:dg2clynfnmcrcau2oni6ndp7	7.23481672625463	2.23190659214253
did:plc:dg62cmcj3fyrtxllulem6xpp	6.03733246385314	2.05822538794015
did:plc:dgak3k2wn6cm3gef34aqd35b	7.35508255469234	2.60894432021755
did:plc:dgceln2kvoy53iaa45zed3ah	7.57634808657695	1.31463208398967
did:plc:dgdq6vl2sy4td5iqji67sstn	7.23571258244416	1.95381055939597
did:plc:dgiw2obs7viwhkqdaphd3g5y	7.29817406140051	2.14686336526471
did:plc:dgoxsqunu4wwjd4wxg2mczcl	6.93481422938123	1.7973315981751
did:plc:dgrfztdwyfn7xf5igfdh6yvb	6.60022860517628	2.20259756345025
did:plc:dgrllqimloru72oh5zvao6qx	6.79010104442887	1.71537601851599
did:plc:dgs5gm47kmho64qdyq7ox23w	6.554094795365	2.06289309715947
did:plc:dgsjnsiqkscnvcb5i2p3lxuf	7.9829375678489	1.57279422919328
did:plc:dgtobzn7c2qiye22witgushu	6.29535989843491	1.9916708554093
did:plc:dh26y4n3ehkvhcnelger6mht	6.98541585386367	1.73631672015412
did:plc:dh2zyhz435l62ozrfr2vejba	8.90301959489916	1.06525715562961
did:plc:dh3265vf3kettkjikyutxmt2	6.88665850710946	1.61071524544184
did:plc:dh5f5jajevvy5is4kblukbdk	7.75090686999306	2.03277726454565
did:plc:dhf4vrt66nrsoh2t6xgmjnwu	7.9133730190021	1.63508620493767
did:plc:dhg5emvakcfxrojnlcxpffyf	7.3446392199714	2.34994716167775
did:plc:dhkihvrlycgrpp5ukoqh2hwv	6.81094059025276	2.22129711625642
did:plc:dhmkgzkujbf47hh7xmqe4ydx	6.02561427837227	2.16383433925219
did:plc:dhnuz5gzkxhpmgaecpsdji54	6.67633719286893	1.99185266657188
did:plc:dho3xya4copb342e5cuoj7vm	7.5628360842539	1.92719267808158
did:plc:dhy2lfjpuc7rcs7ed676odjy	7.33300531717685	2.61791324548412
did:plc:di7epi7naqi3rharpcogc5sf	7.56850656358251	2.0159147292448
did:plc:diepguajicrgzhc7j7ft3fjy	7.79922308999202	2.35808504746756
did:plc:digcbxjcaim6rnhq7zxtxhyg	6.87603275292563	2.16986746448826
did:plc:digjffvrqe4nsmc64iq6rwmu	6.36563732468599	2.04506569521148
did:plc:dii7twgxek7xendyfbqggqtk	7.92470734846203	1.97175534341933
did:plc:dikutrzrlqvn4mkpfcifm52x	7.32431041023888	0.500833432867771
did:plc:dikxghumgbrjk7u6etlcrvwj	7.79527840239758	2.04278798533787
did:plc:dioawt35zi7n4x4sdmz47kgi	6.9947802370945	1.76375588049021
did:plc:diowizvorgn3syaem7qzerwe	7.36042957756205	2.24746186345382
did:plc:dipfslts6ivrq2x33wcqiy76	7.13279923035471	1.91754501793351
did:plc:dir54mugk33qwbtsgfwa44xs	7.98667742319873	2.0542301012704
did:plc:disqgbl23a3x3q74zvyosw56	8.14333803481946	1.35389005639518
did:plc:dj23gei6rlhycoxmgvdzgqz6	6.16295938669021	1.75263067431528
did:plc:dj3fgs3ldjl2muumj6dbkaw4	7.90466850654209	1.70052817268186
did:plc:dj4hi7inhm34asul2xencvhw	8.74646102747844	1.37242200248909
did:plc:dja3x5dununbr3ryyzyr3wqo	7.4597281452837	2.29993885987051
did:plc:djgwuapdco65onjmu4tz47km	6.94023076430264	2.76053260562106
did:plc:djikt2zotum5vnjoqn6nf56v	5.93984577971113	1.70589448502682
did:plc:djjnyinpaf3futlyzsmmmsjz	7.4292506276278	1.90461675347349
did:plc:djqarap7v2w2x5az3rygungd	7.23690795541222	2.04461556110576
did:plc:djti6rcrl6kxdf75dxt42xco	7.67447965402705	2.05091244863605
did:plc:djvhofz5zvm4narbuznfx3ek	7.58046996022777	2.02293293949323
did:plc:dk4tdwnwecyeahtewohwgjse	7.85543509475787	1.92169332052449
did:plc:dk5wtvhh5lqivieca2hkrsth	7.13963320741821	1.77069726383724
did:plc:dkdytqt6neln72xnxf4wrq5p	7.7066564089511	1.88376381943282
did:plc:dkebjytb5gkru4mm4yc3z5ko	7.12545569618767	1.76673311377213
did:plc:dkejiivtrtsfadrppiddvsvy	8.27268809444401	0.871178997825044
did:plc:dkfblwa6c24uqj4jkfacke7l	7.26389057747167	1.75683048871775
did:plc:dkif6mpolmnhj27tu6aobef7	7.28459555384832	1.76184600284387
did:plc:dkmkijvpe7bykfe6ai6vdlwe	7.64401985427012	1.85334799295323
did:plc:dknyseuvkoq2wxd4ky3w6idp	7.90023491667431	1.70591263991332
did:plc:dkqvzo2vaffdtpjqjduwtrsp	7.51650839727346	1.84931407672988
did:plc:dkqxzae66jjngwx3ks4xde4c	8.27388487014289	0.628479269284788
did:plc:dkw76kl4tjc426s3dbbzitsp	7.26661972238119	1.84205567954034
did:plc:dkwwzlwc2redkt7ibzmqits4	6.68774707664482	1.84174538230689
did:plc:dkyfy4jaexpwvng6755ng4yq	6.66941121707952	2.07354512116008
did:plc:dl3w74zfi2dgbfd2xx2zjins	8.92236068969248	1.07647545620187
did:plc:dlaltoqyjivgxzfy6m4u567a	7.09467856793408	2.04583167909746
did:plc:dlb42xssvf3j6mz6dq6mnagq	6.74115173230799	2.08601404425942
did:plc:dlitk2fl3n5ij2pbv2qopwry	7.64732364803008	2.70352607736789
did:plc:dlkn6q2tugkjvngpq2nohnu7	7.22150535689646	2.10756752803529
did:plc:dluged4emrw6e37fdjaiehfe	6.93774414268108	1.94158706612336
did:plc:dlxnthdtaz7qdflht47dpst6	8.00821157645996	0.92173492826079
did:plc:dlywvc252kvz4hc4j24jhwh2	5.40954580602849	1.78478163406174
did:plc:dm4mrht4zmfmryrwlleascpk	7.72168367126989	1.66256753139327
did:plc:dm6sg2l7go3agzg4ye2j3lns	7.32312333850066	1.68736131983567
did:plc:dmafsogiko46se3gblt64hqc	6.11370930234225	2.00269137167628
did:plc:dmakbiavcx22vv43bro53upe	6.46606853714222	2.31641965693225
did:plc:dmarozahhzh6bd4mneam5nnr	7.53573430720418	1.79675767118175
did:plc:dmit5smwrpmyag57zq2zvijr	6.3849661861291	1.97122877331587
did:plc:dmj7wej62g2rc2ybll433yag	6.4999887574954	1.88592829940598
did:plc:dmm2ffduh6csxtc7tixvorj4	6.92477167526898	2.09590423514541
did:plc:dmnf6wo744hexizyswxdrmrx	7.02780735832812	1.36286013219047
did:plc:dmri7d5r3xwqtdhdxelbg5nu	9.38457859094019	1.04486049528163
did:plc:dmsqbupoaykfjb3fehnfftz2	7.9619216728794	1.38504203285168
did:plc:dn33e7yqh6jqsmevvg56v7w6	6.6561032634676	1.77020871577779
did:plc:dn34lucaf2abi4rslvghj5pm	6.49449099704785	2.00509004108592
did:plc:dn3gjvsdgewfloffnn66don3	7.5397993061211	2.09651732178094
did:plc:dnepfy6sij32nnedv2irp5ht	6.65572472164095	1.85501868574517
did:plc:dngmfgu75n5jrghh3dorjh2b	6.88659996407434	1.738603810447
did:plc:dngua27wqvdz27unwl4mqatk	6.53741006783049	1.78587617892603
did:plc:dnmfv7zcfgdxxisijxkdq54h	8.05964321749386	1.58240903655378
did:plc:dnqfom3q67udagytkuad36du	7.63231202033757	2.14578704019667
did:plc:dnziozodm3gxqpyvtdkivfbo	6.94364303843615	1.82923043430508
did:plc:do3px7tqwjsxsebeowbzzyte	7.06292064852146	1.80196626805023
did:plc:do5oi7rpal5wdxrqrhuc2g4m	7.19335285740249	2.1076373907508
did:plc:do6mh4rlqnr3irgqjtowrbg7	7.39040363872199	1.86434056002467
did:plc:dooct33fafkbqbfnrfgukor5	7.18626796831332	2.57644058962475
did:plc:dotbrs3p3ssdwroxlbpkvyz4	7.52894650728252	2.16857012599186
did:plc:dotipfyhpa53kvvmso5hkugc	7.06677050828309	1.80756005094196
did:plc:doxx3zwtmn6w47kh5x4zfiz5	7.1112384209642	2.25433226843819
did:plc:dp2hful7jvokwztzaw5gymps	7.2420959877712	1.63576950720531
did:plc:dp3ao4e7wvuwtfdsnd5eh47t	7.0893766281224	2.25213766088634
did:plc:dp3ysc4xu7o3y62q4xdeaxes	7.51176244224757	2.50809618493868
did:plc:dp5kneaqfmbdjhryz7yzvwgp	7.33952971635373	1.9380774344638
did:plc:dpd7il5657bsp4cbtxr5zree	7.69996980732898	1.91317915496187
did:plc:dpglblk53lehepzg6piz6pel	7.62697882281674	1.54918169274231
did:plc:dpgr2326teg45esde3lns34r	7.3266440534526	2.18480130617707
did:plc:dpi7k7sxgarsadvgeutdyrcq	7.25816013609939	2.07639581263303
did:plc:dpm463kx2ra7hu6lktl2e4yi	6.25034306396714	1.78483866372133
did:plc:dpon2kjzbsgwwdijcyujci46	7.16150087031302	2.23435171217644
did:plc:dptg7bv76vqyxoqb755cuahv	6.45440366098436	2.06211660009157
did:plc:dptjy2mxpglxtzvs5coept5v	7.47353526303829	1.56609359916678
did:plc:dpun6rkathdsxw6ejzl5quwt	6.35829988728234	3.39611338422059
did:plc:dpzjnvywafqc5uo7nfja2nsx	8.20068438956519	1.02738279702859
did:plc:dq2wvxryhhxyjsryke2fiqq2	6.80170522797165	2.2076912848132
did:plc:dq76qr6qxntwcjuokouwg2zh	6.87082606275631	1.68498566612512
did:plc:dqa3i3qlqfkwebmqwisgjp2a	6.61888766512954	2.06477697810334
did:plc:dqbtviovlriylbhfopnylmby	7.65787167391597	1.85893799619776
did:plc:dqbyph7ykgojtksc6qwjkn2b	8.36263425761533	1.78166639299808
did:plc:dqjdcynlws2ff6irojuranad	6.9668117813164	2.28587360889992
did:plc:dqmcb7sm7w33vyvuus3bq4vh	7.09792461645976	1.9131771649092
did:plc:dqp43s5gq6gqya2vb3yndpbx	7.27699392599955	2.21317151028567
did:plc:dqqbe6zw6gam2dsmb43zep5f	7.45648382148807	2.08523276713673
did:plc:dqrtkwycbvs3dsbuxjsmwuq3	7.74262937360502	1.64692887399582
did:plc:dqrx2pzocvg4jz423r76lgnv	7.59304307645613	1.65126969284694
did:plc:dqtxtybiokifux74ztr5gxvj	7.51694056173252	2.19951477352036
did:plc:dr4ehskba2uto7t3uma7l474	6.40635606126502	2.18077942989841
did:plc:dr5ykdzfovqeda7ewagomefv	7.47107902262745	2.48934350409547
did:plc:dreagy4lfggoq5uflxacprkh	8.56001722613776	1.74682509242705
did:plc:dremscnlvxx4u5sr4ibqezdz	6.90371714226617	2.41370829577062
did:plc:drgjsvxovzb37oxpovyouj6b	7.63956771093126	2.13421642960865
did:plc:drjhqd2pxjbszegcpqirtmx3	7.28594854096681	2.12366089446329
did:plc:drnp7xmkk3cyylrrjf2d5wma	7.71947220954925	1.80614838584857
did:plc:dro3cvvfh5uql7me5repo2r7	7.11447304519604	2.30031729235751
did:plc:drpoexjynsnaleqspfeff6qh	7.08294080339376	2.13015566346493
did:plc:drvvymycvhl6twlptkxa66ja	7.63615262221983	1.56087642850646
did:plc:drzajef4idnef3i3iizbc5ji	7.64526718524519	1.94689017611148
did:plc:dsact3jobzbtfih6lx76adjd	7.74836565204908	1.39457545011025
did:plc:dsbtd3hv32cb46enwfqg5irv	7.26060564556642	1.50375513571868
did:plc:dscaolmand55xmyv4xuqjlpy	7.84036724062939	1.9169961334825
did:plc:dscoh6qj5i5isbhaoxazrtkk	7.27911026657804	1.76141816249144
did:plc:dsfmovnk35l5fyxj6ibsujj6	6.92911064502426	1.97767092494969
did:plc:dshkqprzop3odlhda7dvm45u	8.76060166727702	1.0433819371948
did:plc:dsjak6adds2exy6vwpgbekhr	7.12084248075984	2.29886693832219
did:plc:dsklgqyifyrj5xtejejrgxby	8.07199817972855	1.65907887528958
did:plc:dsl3tshjv7ejelekzedn6gpa	7.57898425267944	1.62726757620613
did:plc:dslmiinbmapkol432dqrbppz	7.04125773189161	2.14945266338892
did:plc:dsnffxv3fzl4bl4vj2fkacuo	7.32892811367876	2.02803493781621
did:plc:dsovftyzxs65fhl3pp2xk4bu	6.31894132072952	1.65206743822549
did:plc:dsykmska4okaxwrz7djpf7cg	6.49331638311186	2.20905362157662
did:plc:dszuxy7uslzq34hzjkqedlqo	7.06757971687257	2.45216128013303
did:plc:dt32hwanjb7j7n5lailabzko	6.64017564065235	1.90840115565004
did:plc:dt3hkyy7ejebwjp2bot7kmta	8.29025209018444	1.01958266204593
did:plc:dt3hxks7y2ziaf3zg4nfouki	6.77195064566975	1.93321145157721
did:plc:dt72sesgwj27ameoqukbh7da	7.3566436728886	1.84813921027113
did:plc:dt7dmp3ytmlxptu7zc5khwri	7.28740597273561	1.62122538831694
did:plc:dtafyjpi2tly7kslmoxtqifg	6.77595816795456	1.87127568450615
did:plc:dtbi55j334mujjer5dbucjyv	7.43331321118649	2.06404134949408
did:plc:dtf7fxqh7wxguvrfjsqdtbmu	6.50581870172485	2.27991610332382
did:plc:dtgs77ilkqvj5e4oezjwwkm5	7.38367890818095	2.20491521215536
did:plc:dth7l5oj25whtggwtak5pctz	6.75346161232999	2.0966294533267
did:plc:dtjxvrqju2uryo4sltrtju4m	7.66993955141416	1.62061940726362
did:plc:dtn4j2q6wguqb4ha46xx45qx	6.9897947662964	2.08300626096815
did:plc:dtorhb4ag7orl3f5eghro76p	7.68502784282466	1.67651697396135
did:plc:dtrkylpvnulexiijeb2sbsti	8.09017874719765	2.0506496094542
did:plc:dtsiu6sejhqxsqpolmg2tge4	7.17164810535414	1.92051845413047
did:plc:dtyel2dujbycwe2fvhh2ygft	8.19411664681262	1.54680585995423
did:plc:du4t2e2rds7k26f3ouh56ajr	7.63540670840558	1.61433464321544
did:plc:dubjhz4acqecltz6dmp6bbqx	6.74861951236364	1.82067880223131
did:plc:due5sb6fxkzunxz6ck5d62y7	7.76330899322037	1.73822672493853
did:plc:dufcnjwhy4l6da5uu2q54bgq	7.27405437116547	2.13570445105107
did:plc:dugm6st2xgpddarm3en3mxto	7.50654050126984	1.91110223050233
did:plc:duhydctn627sdx53zo2yh6ul	7.02691216953767	2.78237456531752
did:plc:duity6gjv6cidp6e66pzmrya	7.51886687915012	1.62805410171367
did:plc:duoghwobgmjgsfvwabcalru5	7.56399677891034	2.38560851769996
did:plc:duphxwpw7gdujt424o7shc2c	7.6974834613251	2.37307464325258
did:plc:dupvjplgpgdvqm7jw54veyuw	6.22367185794986	2.49378558264221
did:plc:dusen742wplc3lyzsuhazpyu	6.97120555689161	1.65347926886435
did:plc:dutvknjvk4njol6zqydxe4nw	6.5239597055402	2.36791931823955
did:plc:duxd3stddpgy7us2c77vtt3e	7.93771287031435	1.73127487695787
did:plc:duziikytbp3ptz2x6kdzl2qv	6.22574633195206	2.13911128815292
did:plc:dv2u7qaidwggjqzxbocnkgic	8.16461581754767	1.85841994143617
did:plc:dv3zkaslsap7grks7vq4eoqf	7.20895424891109	2.12595060647251
did:plc:dv5jsff2bjspvgxrfqzoujqh	7.30354428377116	2.42299531301236
did:plc:dvfnwpeyky7ptu7sobcyp4kb	7.55883972486914	1.70068906209114
did:plc:dvqv7kakglkl3uwhugob4vky	6.8137261451883	1.93518788066019
did:plc:dvqwev53j2ancwupavujluim	7.32335982325954	1.74632271325667
did:plc:dvywk7xzm5lyarhqva6wnoyb	6.51656839340897	1.90329687712627
did:plc:dw3j5fy7rkjkh3e6fwlp2q4f	6.49069249353356	2.33715888898783
did:plc:dwb26imt2g4fqe2s22j7ok3t	8.06077944912288	1.63518290467352
did:plc:dwcvfd6orh2rcrawdsotdb5w	7.87134894906168	1.94326365249146
did:plc:dwd7wpgygrpqnehf7jgk3qpz	7.37911046149788	1.77540436334934
did:plc:dwecjm5n7fyljcjk3vi7x5oa	5.74157797629759	1.28631007727582
did:plc:dwgkyrowsl6dady7oxz3ztqg	6.30434872952027	2.58340886804835
did:plc:dwnex5bhwn23zuajgwjb77k5	7.60597041481919	1.82220767072549
did:plc:dwpdrqh5iifgknljsnolgxfr	8.72291211899132	1.15401326526504
did:plc:dwpjc4mn2bmwcr77fzmydmuh	7.62891105577944	1.96700643219547
did:plc:dws6ecxpfjigwcqo5xloih23	8.04680439231281	1.54031795637291
did:plc:dwuxo4qvk5xqsm3grtzxq2so	6.99959615479455	2.35122392424339
did:plc:dwwnubrrc655fx53oumgjgun	6.65431893616692	2.42805590280774
did:plc:dwzlhfisxytmrluhpl2dvypt	7.05826658807122	1.83271863568422
did:plc:dx5rxubwchjo5ju5dd4ppj3s	7.56645938505443	2.09760311726829
did:plc:dx64i274lkw2qpndg7eixnfy	7.10088449231067	2.05527694944754
did:plc:dx7ooctuwx6c5r4newagoebc	7.39948421806151	1.79921956829398
did:plc:dxguyrkf5lsx2s6swzrkc33h	6.90608904293791	2.24885545539946
did:plc:dxgwlbaxxt55huwtsijud2kv	7.75664355979149	1.84234466716026
did:plc:dxpy5z734qxmrurwxzjlgmm5	7.54176275155437	2.46216577980835
did:plc:dxqbi6dlzqzezs6mmdlzv5lb	7.88669158997027	1.85713025023164
did:plc:dxsxwq3xm6t47bvay4sa6o5p	7.38087078218838	2.06761368733402
did:plc:dxx2jyvzul5h5pj7ews7s6c7	7.95914932298607	2.08451055600436
did:plc:dxxprxgkke2fbhpbuzl66sdz	7.3109230049654	1.95371188467857
did:plc:dy3usbn3nvjsq4qoij2zudjo	7.79930776815368	1.67877093891848
did:plc:dy54be5dtpk3b6y6ro5s6izd	6.97145296883595	2.6723062907077
did:plc:dy6dtrainzrq2pfigb7zt47i	7.12168054189406	2.74434963743604
did:plc:dyaf7x6x646klyf2lklt4uyn	7.89465521507169	1.86979468131983
did:plc:dyft5iaachicro4hlk7hbpq6	7.29947296362144	2.22561310740864
did:plc:dyh4zirjnndqfrd2yif74fi3	7.41006701481359	1.96390764101862
did:plc:dyixla7muisnja4o2ea6egla	7.27338441081833	2.14261310267478
did:plc:dyjvk4jenmpps4rqo7c2garp	6.42509923097582	2.153378811155
did:plc:dz2adshr4e4vcvvswjunqam2	8.12190172312852	1.62151468114502
did:plc:dz4zczohn2ivfwybwgpsysxf	6.70719792453045	1.97780126642848
did:plc:dz64nrl7dnu6wg7ciuus7aga	7.51062356743727	1.60542211332791
did:plc:dzad3abiskvp4ipkhgqtc5g2	7.36130399734069	2.65611153402044
did:plc:dzf6xqwumzc5sz4v6ku3cdjb	6.44309996881067	1.94485183908203
did:plc:dzjfe5vxbilkvlkqh4egbo2j	8.84397763426279	1.1165717713783
did:plc:dzohep3wsek2yifca5eozwsv	7.31960623938974	2.2578435112942
did:plc:dzqbruqmh6zs3orh3mfydyni	7.07179713330439	1.6470427578211
did:plc:dzslweadbnxcnxufqczgnnmg	7.20734150046379	1.86860587694516
did:plc:e264dyguwyg7uicipnljzq5c	7.66536627408658	1.87886224332901
did:plc:e27tcchho3sifuwyzhr6ddlt	8.2041350067124	1.71691895680021
did:plc:e2fgcasutluuxn4k3fjp6cqv	7.47857020725068	1.6251109973193
did:plc:e2h2qvbfuv4ou3ohzgsbpd47	7.34282168817059	1.72326967916902
did:plc:e2k4puo462ywv6stce5as7tp	8.04155814031156	1.45613984316265
did:plc:e2l37skcdd45ktrasfdyuqtv	6.05426815432259	2.00653212125567
did:plc:e2las5sxsjot2flfdv6tmls7	7.30620892970045	1.8040065140362
did:plc:e2lstqtgvpff2nvcwujl6lap	7.46228454225939	2.07998735946313
did:plc:e2sa3wflbv26rnmwc6q3hh2i	7.23590346981456	1.701769338046
did:plc:e2xxbca6m55icpz6g5fiojlc	7.40021210111693	1.99265124931551
did:plc:e32xsur63ejqhrqhvcv4xcon	6.9890657277201	1.56944739842514
did:plc:e35vdu4zwip22bn5kfqwb4bt	6.22192830558547	1.72369376742695
did:plc:e3exwxys3dklm4qdod46igcg	6.66381034636151	2.15158679095389
did:plc:e3iijirn6d4qs3gyrtl6afoy	7.99244186403208	1.95345058936844
did:plc:e3j4yrrzpaay2vbrayavk6vg	6.32683293508651	2.25529032173356
did:plc:e3lvjgid57lbv7jpbsdbbciu	7.05632116370696	1.75097897876191
did:plc:e3rejrjlqya6tswjekyb5lfr	6.71502668855043	2.07772415450771
did:plc:e3w3sa42kjdaofgsbl7mouur	7.53008253041713	2.22914158330957
did:plc:e3wjchlkrtljo2diyxlxz6n6	7.31988744216376	1.87385310225068
did:plc:e45zixaq4x53sdibmhhs2dwp	7.13223506106567	2.14484348053105
did:plc:e4czg4u5tegha24ih6a4w7ux	7.13707618137926	2.24178890966416
did:plc:e4evlnj7lbyzqzibroxxlomi	8.11467975122452	1.81361789080021
did:plc:e4fxgcc7kacgss6dbglrf6kq	7.15998572432316	1.53706956871526
did:plc:e4gfejajrsqptrd53vlgnhmq	7.84812546375275	1.66446717207033
did:plc:e4gogk4ymrhxny7ntidou72l	6.78442128385962	2.67199186601727
did:plc:e4ieutsupq4o3tax5akep6zk	7.47797510362424	2.86503775852144
did:plc:e4kzhekwgncm2shgcvsj464d	7.25399440374264	2.1951657613075
did:plc:e4lfrnickfuymovufjpvunkq	6.73722768957348	2.68529701758754
did:plc:e4x4ma6u7qkabigm62je65o5	6.48915556425993	1.90180193619819
did:plc:e4zdo3mhuz4bg3txs2e3on5f	6.74426948851522	1.7688707312815
did:plc:e53k7tya42bgurd3cucp34a7	7.0866320116077	1.69063377319705
did:plc:e5dbpxjaajgwt52jiwpimpjd	9.18401893108421	1.28928511712873
did:plc:e5pb5axvqurzmcbwrzcwsbs7	6.22995246586071	1.71522460928204
did:plc:e5ucyabc3oelw2vx4mwqh3vx	7.82488067420207	2.03540858385604
did:plc:e5ufdpu4csaiityql2bsxrpz	6.55250082218322	1.86337485929661
did:plc:e5v2h7p3zixge2qp453gyu2i	7.03599413127217	2.93914159668346
did:plc:e5vuuyieu7kgyaqk5isij6lr	8.26635425493926	1.35394248147339
did:plc:e5yu45ajogt7rzkji7yuxr7o	6.69448240875605	2.25638584533924
did:plc:e67gqr725y6x7mfvirkk265f	7.31449395102943	1.83590162790225
did:plc:e6ao6esbqafx6bgv2btu2cal	6.99411564497147	1.59067033987554
did:plc:e6hhcp4v7m2xfixq5pjmunxw	7.07549517261401	1.93586795482467
did:plc:e6ocnfgfqyu6ydczlec4tuk3	6.86248935085925	1.90207536010117
did:plc:e6p3nms2qbejffkusj3jk2ql	7.74712799972095	1.48499098700051
did:plc:e6po2uvnmkezyyamzkyet2ql	8.70256763781712	1.0986612246081
did:plc:e6pqf6czhocw5z7abkecv2si	6.89013674884385	2.10481995295492
did:plc:e6rltxrqtmyoje6opsvg4ifi	7.1810879154405	2.34411338189454
did:plc:e6rvjbo5peaoml4hol2eekp7	6.77913160980953	1.89638425048059
did:plc:e6sxkep32smoyil3rd6q2qcp	7.22610537271908	2.28771303636842
did:plc:e6vy6bg5dofkmhtozm5jv4et	6.95605768803033	2.28517410430562
did:plc:e6x6drirokkqyvkqvcmhri73	6.98804984947293	2.44007000201284
did:plc:e6xzqgyevlhkqbg6fepzxl5i	9.01996588003313	0.791369673888625
did:plc:e6zmrjhwgydlpocefun5wjbn	6.76995599244709	2.14147530551741
did:plc:e6znr6cjtskcqfginbqknpym	6.94678896936448	1.61165881823877
did:plc:e725azbgq2c4gm63ul3hu72s	7.47901566612203	2.16581770320509
did:plc:e7cl3yeqrtc2ktoofqgwaog5	7.41829369663993	1.79687800658654
did:plc:e7cqxl2fxdus6xnbkrwwmrt2	8.02088605755184	1.74215309938468
did:plc:e7dx7bmcmk66rerhf6gysp54	7.40857768741151	1.69517498176162
did:plc:e7fep5k3lc65ta2j4b445olt	6.64576393325804	2.09276407739415
did:plc:e7jsgglef5urgorwrzu3dav5	6.4311370063304	1.93050868120744
did:plc:e7khsnmizujhogcrlfnhk44k	6.99210074432584	1.8327959905598
did:plc:e7oup77xp5q2rhrtyclmrfs7	7.82666083887988	1.64771425124915
did:plc:e7xczdr4n6pelkzgygmoty3r	8.45602530153956	1.54673564036844
did:plc:e7xy5ur56iza32jdhsczw6oe	6.58127153990808	1.8217170623382
did:plc:e7yfm74vvufewihtsdfta64k	7.52438031687993	1.96049631632082
did:plc:e7ylqw33wcgwucekgxmf6otr	7.38532008550035	1.90376780505953
did:plc:e7zlxspgo2djftkvsfq26e6x	6.02193087496563	2.66414540746377
did:plc:ea2x22fzbzdzpanx543mve75	7.34313050779225	1.96043368758763
did:plc:eaabirhr3ldnw7fwxcmmucdd	5.9478859217283	2.08885698842215
did:plc:eahrs37x37de7xiismzo3afl	7.41747487115893	1.7498855299053
did:plc:eak2q2abwc6iab4tt4s72rtr	6.7097366539102	1.70857465585943
did:plc:eakdzr7j36on2jy5lfcudsjq	6.63448451261453	2.16621573003971
did:plc:ealpu3olgztd2yjjorglffcv	6.56367968082716	1.765986319223
did:plc:eamd4gyn7mutxyzwag2kqd6a	6.84463166617617	1.87375781889901
did:plc:eamjatf27dibppnydldj63jm	7.48855769384492	2.20219699604098
did:plc:eaq36xzgtoympe2gbuk5qmhb	7.06666156623994	2.11628600829631
did:plc:eaqzko3pwso2mljfmvwmookr	8.08687822559489	1.76573754773017
did:plc:eatewihktszpkwif5u32eswu	7.5015678772885	1.55024686273974
did:plc:eb6m3elcheonqvituzcpnumt	8.16854648261899	1.64701731202447
did:plc:ebauspryw5umjk6dx3yss4fa	6.59389299926977	2.19973940367785
did:plc:ebbp4z5q3k77bf6p3fqkjrg6	8.29915473640327	1.63308929753909
did:plc:ebfv6nzetjprhogkqgzkmgrk	7.23718112160271	2.79332495453176
did:plc:ebg6oldybtyxpiusbqqugwmo	7.23678343404191	1.92669662990858
did:plc:ebhjmbjgiml5wges6iyibx3t	6.04005540369846	2.07638728277374
did:plc:ebi76jffh7qg7dhobwsupwft	7.80746243259277	2.1106710419348
did:plc:ebiawriqqxd5hfuuaumjkvlo	6.95386538580059	2.29973196510302
did:plc:ebin5rocj5eiye34ingc4ei5	6.86862249717011	2.63574645063234
did:plc:ebnjtu3dopss7s6svzvzu5bx	7.89189242859025	1.67839989542421
did:plc:ebrc2pzsok7ur7wtjabvgh2f	7.7512946335389	2.21030031730187
did:plc:ebredacumejizz4max3j7n65	7.63921614377861	2.33343072169592
did:plc:ebxup7bzvc6jr3a6zuix7hha	8.10659015524416	1.26502214215046
did:plc:ebyxa6h3ck2ov7u474zqses7	7.42055117264567	1.70317482601818
did:plc:ec7xstnedazu2cnsxjfgw3j3	7.03950284159127	1.94964060061284
did:plc:ecapnb23q53ukxukaqbxicpr	7.20875852178206	2.51478672959767
did:plc:eccjcds4dbypph5qksnl3s4f	7.18174147261673	2.01833891863198
did:plc:ecqngniwpbf5rfjqgcfvw24l	8.68873194758625	1.12934184934065
did:plc:ect2mr4hf6qjcubasn6wyurj	7.14760962547853	1.93193253157212
did:plc:ed3rzcns5zvcszenuigk2vlk	6.57698593648054	2.45220868711358
did:plc:edate7lu6xdiozt7oe6vaypd	9.29556895680685	0.806472011005631
did:plc:eddalhfkqwmcxlg44bn4p7hg	7.20755416332663	1.86309044288449
did:plc:eddy2dldjvk4e2uw2wjqwhbu	7.11805655673299	2.0788984394496
did:plc:ediqrjhhq4cxe3ohmdpvs2zq	6.18818248421217	1.98954774600008
did:plc:edl4azol4o2bdncuutqknzod	6.66684573386113	1.70555089275902
did:plc:edoqcusjeh2fmzkd3tz2qc5a	6.677819695212	1.96645686550657
did:plc:edsra4ibdegybhrsr5n756zt	6.65327403187136	1.94015738408378
did:plc:edttpnmhsfnwfu2w2xd6spcj	6.86232896056968	2.17181691113667
did:plc:edvur2bbjrsmfn6jmpkyoy3x	6.517843807685	1.96708774961746
did:plc:edw73d27uzfzckyscx35xt2x	6.74863908122676	1.59392691203069
did:plc:edy2b3x2rhdtcuukwcjbkeby	8.31881326655148	0.423040205901517
did:plc:edy7oi7ke7wv6juej673ivvu	7.86668873095087	1.70126032559547
did:plc:ee4eqsmbipna7e7flz3i4a3j	7.11964576627642	1.78021730221574
did:plc:ee6ysmjioajlve7uthpuf3gx	7.04961572176095	2.09835967068112
did:plc:eecbtlmvj45xori3bgbcg4hn	7.6541621207687	1.89669750752158
did:plc:eeedapixio23j3wunz56gbez	6.89707765647508	1.97248230653372
did:plc:eekwrjpero4isaycny326cen	7.41718408881655	2.11305181343773
did:plc:eeqk5epp24l3vnzvkd2cmdwv	8.26730534579862	1.87123841022674
did:plc:eetmckvengy4dgj4ly6rzi5l	7.42092415967053	1.60527845097641
did:plc:eevuywcqymffggajzrfbr5ur	7.49352611034281	1.92545245090173
did:plc:eexpaksqvbzcvfstafeectfx	6.51602322802431	2.42638145757066
did:plc:eeykrjiit4u6zlbhjqm27ht2	7.78660467076062	1.70086121055991
did:plc:eezrj7dplg2goacopghccdgq	6.79610200849462	1.7946333138311
did:plc:ef3fdysauvgiqx4wmk2hmwbk	8.03619507277829	1.17749455562077
did:plc:ef4puzlggy77us5yita67vpw	7.6667560778432	1.88352849044105
did:plc:ef7fgiriq3wg4dlhxj6hv4rs	7.89334775257797	1.72349698549399
did:plc:efcnpxqtsvclqqlrvwunfzey	6.84030227980232	2.5907203020899
did:plc:efcyah72f7dzpgk4yv7ex6zf	7.91875174604281	1.73300433360873
did:plc:effute4brlqdcnvvagrngvda	6.80300512184523	1.76256756404634
did:plc:efgzu2rcdre7c2hm4k23z7fr	6.63817022980365	2.33733772366966
did:plc:efhgsbjrkffldyeusfrhvb7g	7.03849675669177	1.61778934693606
did:plc:efmvzvavyv2uz4ofcawlvlyw	8.30132553032092	1.84570491831095
did:plc:efp73uuampiurt4qgyr44rty	6.99581832843769	2.27266902788671
did:plc:efrrmn5aw42dlyprez7y5aqc	7.50229650050556	1.57117438900528
did:plc:efspo3iaququ4rmdjizcpcmv	7.30084352887546	2.416338734805
did:plc:efwjy4t4kpd4obv7pjhv2zo4	8.20138271086501	2.09300834752133
did:plc:efx3llkdwipqoz4ie37tego6	6.45605608967332	2.03747883621865
did:plc:eg2nn6fvc3jkztshk3tpccd5	7.13474249858119	1.94413489469057
did:plc:eg2upldxlonuzedothhj3i46	6.82423121734578	2.01137679464085
did:plc:egfoou5txxevyvmtkqh4mhw7	7.84976134364406	1.49521967574116
did:plc:eghdaasqqapmivbfkbuh3zem	7.31327986208436	1.73720097866239
did:plc:egjb2b7dxprjxcj3caxdpwxy	7.77693234220998	1.93768723311198
did:plc:egpr3k3mqga7zglb2ii4hwcj	6.95000196955663	1.74891551758391
did:plc:egsvslnuvwtyymd6ikdq2qwf	8.54116196629593	1.36231027774499
did:plc:egt2bigcwprbaumqsgv6sj5w	6.84339301117834	2.67555181444077
did:plc:egv4f5gusln2port7gjqmsd6	7.02576432850674	2.22400191820662
did:plc:egvw76kzgputk344us2elpnf	7.48930236786514	2.21438277312587
did:plc:eh4smjnbz3xtlvd2us33b5i4	6.67515779282854	1.89772976516068
did:plc:ehfnjnreoo6lcoyhemq75bx4	6.98578983000691	1.86156085285639
did:plc:ehie43z6a2gh3wojsmq4qlpl	6.67632711983778	2.1302637246894
did:plc:ehmjmkkaluslabby562two74	6.80700623023118	2.42105322701613
did:plc:ehrlbgivmuyr6uivvajnmb5e	7.30320886531585	1.83570252693814
did:plc:ehrmn3nzesa5lnri6n5cjiht	7.19877634052169	1.98839428824352
did:plc:ehvk44nwbvsywjeu3ni6nhxd	8.31365095065516	1.30773450898955
did:plc:ehvqm3awk3mst56e2zted7gq	6.82072890808441	2.25741991829742
did:plc:ehz3h4bercj3ktm4v2xdhbcb	7.38441892372545	1.46547855119882
did:plc:ei5cewejz72xcq6o6g62tsx3	7.2077440639367	1.54593739919632
did:plc:eifymjim2eqrpizc2cxngms4	7.03298925743958	1.82965618972911
did:plc:eijqjzsmihsovio3qmebppxh	7.27756705413161	1.8330142174716
did:plc:eilya7pn4gac52gvffzqvfzk	7.02448735904224	2.46793212316527
did:plc:eilzy2ul42ho2d35j77dfelm	7.26333344201179	1.78319079322387
did:plc:einphkt3xypax4kr3vofrz27	6.93492546147334	1.76650991215408
did:plc:eipcbfxzjcfgb4w7lrvolcy4	7.40820393853234	2.33111629048284
did:plc:eiqcnra5gn5vfhvefyffbjlg	7.12250646644493	2.14258702045626
did:plc:eirc4jmakfrd232je4pws4jk	7.65053412812402	2.24424233619899
did:plc:eixxyaijzj2yrqwzrzijt2vy	7.5117715434894	2.12807500940041
did:plc:eizq6dflczo7o2zru2bkkcvj	8.37084055958633	1.89999216190674
did:plc:ej4tnc2wami5vm3dakpmz7ws	7.55851158407017	1.80574503870159
did:plc:ej4yaajmsyhkgviskemwo4c3	6.7250669067559	2.41890220063268
did:plc:ej6fk5lmv43eg5n4mnsiiw67	6.95321060024812	1.75458846395945
did:plc:eja6m6wch4a5ss5xnlhz6x5b	6.9007171115241	1.20849157033258
did:plc:ejemc73gkbpp5janen6h2n2m	7.7351875483764	1.68251741223701
did:plc:ejkcsbbxlswgw3sc5hiawwyp	7.44155924727679	1.85209817150911
did:plc:ejm6sz5si3xr7eqvcsfsrirf	7.52967344890951	1.64522622618571
did:plc:ejmcveb3fhvwmuyqqgmqrkdy	7.74715625240811	1.85962878478103
did:plc:ejmdn5t2qj3eyttzfb5dgqu7	6.56173749231223	2.19683553645285
did:plc:ejn5ya4g5onmd3pb7edx57bb	8.27269308733302	1.91778438541812
did:plc:ejnytmgoql3ruxxejl4y64iq	7.38154054230419	1.981206795588
did:plc:ejqotqnhe6w5ctr2oec3lwgs	7.98876470638855	2.02892746921344
did:plc:ejqsbespbz7kt3duscdnvkwx	6.89204959026139	2.21615845903786
did:plc:ejycrft6difwmuyuxqtze7cb	7.02762004587868	1.64057830794218
did:plc:ek2ge6pluk3t5wpakhgctm3c	7.43599559298154	1.67982041091686
did:plc:ek2liivggd2tbwpq26gwunmz	7.15605583804912	1.95425674177651
did:plc:ek3be44ecdsvgokwvlkcnt7z	7.75074810732439	2.08396137971486
did:plc:ek7bxoiq5bjibzoxa2ss3ylb	6.78452997546672	1.97407008050229
did:plc:ekbvgjuwfthtgj2c46f3p2ed	7.01073221597535	1.94855275075385
did:plc:ekiz27ndgr6423zlzxocfdzo	6.81068661511257	1.64424523113413
did:plc:ekjplu36dsrw3hhn7jiqwo2o	7.29198126537412	2.23756932143225
did:plc:eknkgrzhuq2nlzebwbwwu7rz	7.5305069348041	1.72874962874757
did:plc:eknpk5j6levjexwv7a6awmqo	6.99312828456967	2.37767051511141
did:plc:ekpveqltlievazz4hftwsk6x	6.69765100410027	2.30018450282303
did:plc:ekrvtevm6pqfl6nnd7nez34c	6.9131675406442	1.8417275044104
did:plc:eks5dsromtmpo36bk5icmpds	7.19088170118091	2.58410473623367
did:plc:ekyablr73lj44l2yrtwpdshh	7.14358095223529	1.94571490095332
did:plc:ekyyrhss6xdxi7hajixqqszv	8.11429113266379	1.6639774647574
did:plc:el2t42yexhxi2dmhdyfvgkwf	6.93050744287617	1.64679668782814
did:plc:elcbbuxzyr5a6qi7pgp3w556	7.43181846887474	1.91799849732987
did:plc:elnxk2g4ukirxorna6evcyqu	6.81982586775714	2.85722032396207
did:plc:elsujwiz536qlhrnsqqsutvk	7.93086600446684	1.50318833489682
did:plc:elusnvy2zbwabwrmyrhjfmnu	6.68244376948688	1.87730299071187
did:plc:elvu6sitk4axnnuvuuefzdiq	7.78137463560104	2.04890433676987
did:plc:elxaigzorujmf4t4p3abtltp	7.90565818356042	1.71041170823759
did:plc:elymlsii3etfj3nf5oxmg73s	6.53702215109591	2.16807334225281
did:plc:em2vtzzlwwxg4dpbdbqweffq	8.71954962761272	1.63618841892434
did:plc:em4g767as3vvvij4zgura3ff	7.46684595799941	1.92571189574351
did:plc:emeylg5xbgkcqmeo7efkzhex	7.31243446640244	1.64618253239997
did:plc:emf3nj6dbilarexpyc2dckzw	7.33321873191023	2.47576437309796
did:plc:emfb6ngrs72teixmdbrwdquz	7.74921256619257	1.83366086823522
did:plc:emgx6ouq3ij4qr4e3turl4dk	6.79916595243646	2.25946743229638
did:plc:emjr5hpsufrkbbytbjgyrfau	5.74295058172993	2.28773608467069
did:plc:emv6zz3v4jbebrntdu7pbhib	7.69847039337559	1.66519965828858
did:plc:emvimy2ar5a6tdkbixdddd7l	6.73456371139659	1.84647906286214
did:plc:emw6kndujpkvhykdwmtrd3ez	6.66357976509789	2.10274526688883
did:plc:emxhykgy2z2jfae2qoavbv7y	7.88620841593762	2.01935704214962
did:plc:emzae5leeptun7robmdaxk7k	6.94973320894596	1.72787340678966
did:plc:enb73hat6ken6pk5hnpyxzkh	7.93197737510997	1.89886913280214
did:plc:enbakeulkr3s44363p7ak7ns	6.61032680773921	2.0784476885194
did:plc:endmdkzqbbeg6whnpcmh6kru	8.62842739445929	1.3361654633291
did:plc:enfdwgud7ocusw3lqia2oz24	6.93325567139912	1.97015383840929
did:plc:enourxp4v6syexgymx5fcmip	7.10243066015927	2.17838756460702
did:plc:enpu7oq7wp45owmfveujp3tw	7.71074219105738	1.75888255290444
did:plc:enqaj4hwgejxaruxqysxh4iv	7.13985605704896	1.8175293828997
did:plc:enqq6qnku3pn6kekznmagfag	7.48910189017191	2.12661058768531
did:plc:enrbrfv5zv2jvugs7ohswnoi	6.86260537031439	2.31813278494046
did:plc:entkvnbjydqhqgbgks7emvd5	6.45720908281699	1.54430531077933
did:plc:enwuuvbfxhrbuk27no7azq5r	7.13590691027696	2.03041299557013
did:plc:enzz4fe7rzee3hirqfz6wir7	7.77221150640545	2.07482039464822
did:plc:eo33zwplhujuxgbkocys44vg	7.50229043167404	1.53644384488034
did:plc:eodw4tjk72pregqpo7mi4r5j	6.9643216031601	1.73529038942543
did:plc:eoebswrgnkko3t5mkfmvjyzc	7.154881537881	1.72323487458896
did:plc:eogje6ojrmgv3rg6aisb4bgf	5.5369414960262	2.62203074449311
did:plc:eomcp4qojualj262nbhu7uhl	6.61232073702239	2.06966458480781
did:plc:eonenghyqdyys3nqqybcvuqq	5.99960378542104	1.97587526401237
did:plc:eoogupnfvtsjhqaxf7bdefcb	7.0322576055178	1.84764776122745
did:plc:eovmz6dbqbanxpynuzivgyc4	6.72696058443916	1.91211119930723
did:plc:eovoxtoojs7co5wsufck363c	6.51037607682786	2.33018294068934
did:plc:eowzwmigjwidnu23jl4pe3gg	7.11464997943978	1.70222174102565
did:plc:ep3cwki4zydyunguccokbiml	7.2443321796396	2.550764368598
did:plc:ep7thmuog67mgldhr2c2z463	7.3280396252045	2.16217641444082
did:plc:epaxgrh3g7vly4b7kdncnu4t	7.61578777439336	1.3156020636906
did:plc:epjfsqf5y7gctcl6zxfcuon3	8.74590940569139	1.24729119367
did:plc:epskuclgl2ty5m2hjqayls4e	8.05770919231761	1.49535802680974
did:plc:epvxtbmg22tuoqatt26a6nq6	7.81387724062259	1.93243414396822
did:plc:epwylinfftx4jcbnjoyae3fk	7.08683659507401	2.34471514065452
did:plc:epzhzhujhfeg6xvb5kdd5mgj	7.30348345746026	2.75246974881914
did:plc:eq3kmatkvgpnaxnhsj46aqqi	7.71884219899749	1.79976486563358
did:plc:eq3mmdmile23j5whggkhqzgx	6.60724148665672	1.75357450998978
did:plc:eq7rrsdxvyvhmjwmlb2idr4p	7.45777441224728	2.08901409583516
did:plc:eqfhgepoxobcioacu4ac67d3	7.41004359325768	2.1626987709286
did:plc:eqhmcfxb4xvruqinzqnuhreg	6.87305978715878	2.38949781266087
did:plc:eqi42ogrmpoguhgadk5alosx	6.664310228089	1.24991181381624
did:plc:eqru5v34rutjbxduptz3y4z6	7.39381845818175	1.81820498785487
did:plc:eqsisxts6kbdb3kpmyvkd6gt	6.56775080458051	2.50090268725802
did:plc:eqt3xxopxk43kg2pgqztgkd7	7.88810967586345	1.48049175498892
did:plc:eqy2rlngji7lmtwck5a6dbw4	6.72736324854368	1.82271869975932
did:plc:er4j5weyy2x35beh2z3y4viq	9.02138598882043	1.25672311343662
did:plc:erbfyeenqsfe46swktisoigo	8.1429398674426	0.518586014137179
did:plc:ero26rpnih7thgsekthc4y2g	7.06584913812838	2.47273818717594
did:plc:ervcunbtrikgly64mvbkjgtc	7.69080834151028	1.83919225622847
did:plc:erwufvgjtvcqzj7rkup63yic	7.1525355354238	1.79358888760716
did:plc:erz353hlv4v5raedmqx7ycfn	7.07212198242958	1.62533728056171
did:plc:erzpfwd44ztkn3nnihbddinh	7.25484904700404	1.93833025210567
did:plc:es3hsgwkpvr3rlbpjmew7s6t	6.61796001251093	1.7363245954783
did:plc:es4kaek6ligemold3w7b6cng	6.08258172070075	1.9528494158016
did:plc:es5nskgbrzzrg37yccamywwl	6.68089616060994	1.76122834867211
did:plc:es5o6c55elcxc5lny37ozo3w	7.33122136131755	2.1360453624734
did:plc:es5u3gmeqgpipzisfnfbndmv	7.77200603578383	1.90200944078584
did:plc:esgfan2a2gywofjcy4lmtxut	6.38974690910366	2.57735242233943
did:plc:eshxgdb7mbackjamrcx6hh5t	8.10651589289603	1.62497749463542
did:plc:esixyxg4vgvz2r4xiqmtyiy3	7.21330889022663	2.61809115431131
did:plc:esk3bkwtpuqn3hthgsymmgn7	6.68158035716763	2.24823897287418
did:plc:esmklc7wsabydsdj2twgi4cz	7.88149168188949	1.81763709125559
did:plc:esmzd27ydqsl27bzmoonrvn4	7.72203016372569	1.96924163777667
did:plc:esmzdamkzsllr2nn3nrkmqof	6.99912126245935	2.03982881756682
did:plc:esnbxltp5auvtp4omgx4qosh	6.18368295830708	2.27177292301575
did:plc:esx5bmxidflg56dhnd7gd6yk	6.997459554393	1.87053786724556
did:plc:esx7geqkewqzpk3qgbqclon3	7.20510770157237	2.44348167129418
did:plc:esyiznjkdgnm3ipkxzwqt3m6	6.92846411898261	2.26721728264075
did:plc:eszew6dayo2t2aimhqiezfus	7.28579576411254	2.01543417006559
did:plc:eszp2xv77eaurwit3kkec3oz	7.00057877212622	0.949123008375042
did:plc:et27myz5fqx7l2enimljuwnr	7.54493046809249	1.76080667790796
did:plc:et5immwkcpkoy5uaipqee3rp	7.89228522410707	1.72347563817298
did:plc:ete4xaet6vnvplqyqpmjtz7z	7.21294327297814	1.97623943184772
did:plc:etgkocodmqcymcqa76atiniy	7.05550074474364	2.27539524101151
did:plc:ethhny2wnmebszrvpyjzdb3h	7.70112540981533	2.13335062743276
did:plc:etj5c3qynwu5w34e2uru36ge	8.65122554753898	1.12162208589249
did:plc:etjvpuxnk2pn3vgtznts5rpe	7.29856387601164	2.23503940134488
did:plc:etl47y6nejm4xthawhkylf6k	7.24308810790931	2.26374457463988
did:plc:etm6p4vas6ug46y5ogd2ad6f	7.86365990009237	1.81304118409517
did:plc:etpuufiqdupukey44g643yih	7.20886618657361	2.13857903935158
did:plc:etslwzk6ipejtssdk76mtd34	6.94334200792336	2.6863570576972
did:plc:etwqapgikbpyvgoju5s4f5xr	7.62862184499604	1.79229184623842
did:plc:etx2tfbp2bqkqd2hj6puri54	6.25893899943305	1.67673739497191
did:plc:eu45x7a4mgosdsdslfvx7lcq	8.03454799803851	1.66738592566782
did:plc:eu4mbzp7f65dosibe6tcc464	9.17006654853497	0.992526682414593
did:plc:eu4qpqzasuj2doa3womuavta	8.67892553197461	1.66315746132147
did:plc:euaj2gsnmoy3xmukdgfc456r	7.12052047234363	2.15253782832472
did:plc:eubov5amyqi6ho2hfp7w5l7h	7.79131065728347	1.77962394964322
did:plc:eudenqwrektgxwznpcfkjo4t	6.54950011131205	2.099640698589
did:plc:euehqao5j4qfafq7ffjkkwnf	7.04045575621129	2.21077911848864
did:plc:euhxqfow6ujucr4voqjungjq	8.07638002496177	1.48371898274266
did:plc:eujm5h7batrfizlh6poqhkr4	6.69088213757222	3.0464627028377
did:plc:eum2iez6pm2idhce2jduel5o	7.19316056238025	2.0849699381351
did:plc:eurgjga5anli2fvc7llgozoo	7.22365843827953	2.03056728880202
did:plc:euri3tpg2h66ue63p6kcxgaf	7.85211328123716	1.51275711421886
did:plc:euuopmqwbfngzusu3umsn5dz	6.71667862059028	2.28200409531692
did:plc:euvdwqxnwuf77uvy5a5rn2jr	6.7692908486629	2.0353702820035
did:plc:euyzq4p76bc5sgioy4mql75t	7.25429392359054	1.82458206007456
did:plc:ev3ecczomzap7ef3nr7et5em	7.17895742793403	2.08093712566374
did:plc:ev3hwm62cl763nlzpl7wnwia	7.04159700339778	1.96961220979936
did:plc:evar5plcntrg7zdelvi7r6ak	6.44317387376892	2.03776785041305
did:plc:evbbiclabrtv2xexylqbnjyg	6.87153745765416	2.00518350789671
did:plc:evbq2cju2fvjn5or4aduubd5	6.85031170632806	1.65740668094031
did:plc:evdt7phf7uwlyihetdva6vq4	7.25454651281134	2.18702702775092
did:plc:evhblnazh3ua64pbkupv3dje	7.35551090437825	1.62946415757985
did:plc:evlpzwuqu6rkc65susakv6pn	6.72229781634844	2.00392002691051
did:plc:evpdy2ke4bke4uejnzi3d6ph	6.82997524013396	1.88853060538487
did:plc:evs5pj6jdp7nrvun75m3vlsu	7.75548990622682	1.57649811869668
did:plc:evwd4ax3jqjpnsitbi4xz4dg	6.89220447766355	1.88240109215393
did:plc:evwvjy6lod7p6dw64e7hnz26	7.8365401238207	1.98915097533763
did:plc:ew2kuuy2vapsppw3cjn7ccij	7.4263708332569	1.80253424016533
did:plc:ew6a2cnmqvauavgz6dklf56r	6.90305217248295	2.23497783355702
did:plc:ewcd3cztpfuqod6eaqlhsojd	7.41129330858647	1.60605829077054
did:plc:ewd75q7udae6vgdtrwpmuipe	6.76700388595247	1.94867283013579
did:plc:ewlizu3yggtzzq2erlqtypld	7.03849985767148	1.58788164275335
did:plc:ewn56punnqf3zrlvhojrmnlw	6.55388790457194	1.98857810307521
did:plc:ewtsbxzpa2kalps5ubrxaswp	6.91511160120532	2.58427466660455
did:plc:ewuivfpkbeex2dl4fp4f4jrn	6.96546728797708	1.78402624767882
did:plc:ewykha7rmlp5mmhylv2zwvto	8.26681415965943	1.55387101874109
did:plc:ex4jkhg3sde5xwa5hgcnr2s7	6.62875185063947	1.89891549611363
did:plc:ex5rgxqxrw3olnpelfwhwuri	7.7135550868763	2.23850307623045
did:plc:ex7vvzhze6xupgtbv5izd4e5	7.01293742265003	2.0343749451714
did:plc:exidvshokckwid4ctxbvglqa	8.75507876296603	1.43874566687836
did:plc:exkkcrsv4jfbytsvhpxivose	6.42777608159777	2.97467277827286
did:plc:exlan2jhvoanqxeigaxhpak4	7.06996056980954	1.6591650810946
did:plc:exmhtsm7poaecygc5fmdmefi	8.94560030290784	1.34208318600722
did:plc:exq46ygs27xwmrfgaitcwydw	7.57511229961942	1.69264878920571
did:plc:exsv7aselabdpdgphlonghph	6.11070551829756	2.35664895133335
did:plc:exufczlmqdngshajon5onpzb	7.22064457937917	2.2923361936226
did:plc:exwjvdhquitwzlznd25y55zc	7.43460868016506	1.89562107173555
did:plc:exxdgdqoi6juuowuc3xgzcnm	6.72300967409962	1.73530270031886
did:plc:exxuoika2qlqlk7oidz3pkq7	6.80577828528063	1.83847689055116
did:plc:ey4cvvobtbeywqe5qveao3be	7.50175215404526	2.11568839517524
did:plc:ey5qpswoowh5kgn3obqczojv	6.88586758514701	2.93799141939334
did:plc:eybdl3feur7zwg2iq22hrhrj	6.68079325979975	1.728257330909
did:plc:eybokfj5stajxyhy4oowsf4s	7.25550981003269	1.81101630264393
did:plc:eyc7t2jwmtgzdhpyx5yfiiyr	7.62054333861402	1.97960979416973
did:plc:eyemchedh72pwrnoc7voruzi	8.23986812183732	1.34246801883157
did:plc:eygpxwrjuzpt4vzsqskjuwcy	7.52292673395819	2.18209636275897
did:plc:eyoihpzrjsm76iwr4uayf5da	6.649514271469	2.63399253745247
did:plc:eytr2riw3gqxutze2ezioxzi	7.2889638330122	2.48597835336026
did:plc:eyw5ma4xrhxywzexuct2lylq	7.03092141628784	2.13821016949179
did:plc:eyx4ik7g7v6ki6mdl5arbmo5	7.23500685341278	1.9820881036411
did:plc:eyzfcxkc3jv2mb4jmzikor65	7.26948629859771	1.61732052757542
did:plc:ez3l4nd65faplzbwgfbi3qvv	8.79534521139156	1.16330725309546
did:plc:ez3xryncp43xp56efcqfbzhn	7.2236629015128	1.51904438599401
did:plc:ez57rse5tginsk666vxklobo	8.05109243608472	1.70186564550287
did:plc:ezaybkq5wunfdyhqkooomndn	6.85608979728373	1.71093830957206
did:plc:ezecnr3gkp2bkxwphsonbvc6	6.36219149640144	2.18558591285709
did:plc:ezeft2winn5sd3xycxrjan2d	6.98424603459548	1.85123627843809
did:plc:ezhrgbjqd7yku6crnglpc6kx	7.37625512335086	2.16785748805988
did:plc:ezktasrgzxib3gh5o6puwz65	6.1535854941027	1.91618173326561
did:plc:ezlahegkusxptr6hu5aws3si	7.91254568727184	2.19404465698418
did:plc:ezlc3zcnelkouur6wmuhbkv5	7.88216274852629	1.71698468348812
did:plc:ezmpp3gywz4rwpecpjhbgrgl	7.23517969977325	2.05670505142888
did:plc:ezuw7j27h6pkehi35yeqldim	7.97004622938303	2.11731555219131
did:plc:ezx25zokemobgmnksexb7ls7	6.84176875151464	2.3369436157649
did:plc:f24qufjskmifetdai2dsayz3	7.75056868650504	1.94196856059562
did:plc:f272uzzrm6sshnlfprguze6a	7.55960344956594	2.42435534613383
did:plc:f2d623np25tvyjdegh2klkgw	6.85000336296391	2.10730471418006
did:plc:f2eyz62nr37434jux4rhkrlw	6.77897782436801	2.58247083745918
did:plc:f2jb3s3z2iow3vfeyhb4yxz2	7.85166864753118	1.49509823028198
did:plc:f2ksub5zk7vdn45bjpeebqi2	7.84165233270153	2.26101738006762
did:plc:f2p2eujezgglzxglwzvzj5ng	7.46613794914818	1.93885785328372
did:plc:f2w7l6leqyvlyhj4xwj45enr	7.18315983585913	2.24825507863283
did:plc:f3oa5swwh3monzwv2anu2eca	7.87325518238559	0.485123759131158
did:plc:f3pmgg5j3bgnbd72zzwoek2t	8.06936656121879	1.69566425965942
did:plc:f3s7l2umwn4osmzqa4kabsng	6.67905380906047	1.89955823810703
did:plc:f3uhqf25erv72ky3ol2lhbr7	7.17025930733272	2.3824719903553
did:plc:f3va6c7uzepw67dj2fdtdjbs	6.8157347407677	2.1530861365342
did:plc:f3wswzku32p4pst6weqvv7e5	6.95158806117187	1.89225946724969
did:plc:f42l5yea7igmv3ppehigmdxv	8.22649183942853	1.14444278413575
did:plc:f42m3oz6cj2hsfrcnwwb7bsk	7.26358109710148	2.21650771749888
did:plc:f42w7kg5w2dlejxypzrynhmh	7.99879898694378	1.88010237742612
did:plc:f435khnvj3b7fg565ln3orvz	7.89668401155095	1.72958490403768
did:plc:f44f45ebwzbdoaj6ywzzoubf	6.59114611242601	2.30596048912011
did:plc:f4flhecwtyyfrckpkqod7vvn	7.06075043580344	2.07497023052083
did:plc:f4kisip6y6jdfdj65m52c4l3	6.3379743598191	1.94709571412556
did:plc:f4oehw3oysblsipgzri6wov3	7.38908199284436	1.68318436164843
did:plc:f4qqajxpmkzzkn6ixty3wige	6.69514699261854	2.73336043775448
did:plc:f4qxr2dqh2c3jihtscbg4u2q	6.08306207296899	2.05728473696686
did:plc:f4v6jscqgroqhs24h5cy3vl4	6.93350853805365	1.95070510894402
did:plc:f4vqyca6sffbyavl4hzbjstl	7.31406877751528	1.67582206424864
did:plc:f4zlrucukgfxbpaakgkuciy2	6.94096403553652	2.42037268676819
did:plc:f53gjudygw4wphqgd2akej6i	6.8585351259521	1.37564980820802
did:plc:f5aq7lf56vk66cf4m6wkiyt7	6.55950250055027	2.10941862353234
did:plc:f5dob5no26zqddjv35sheilm	7.9404057128611	1.746990798272
did:plc:f5goy4g45aokt4v2iwzpeh5y	7.17980574944575	2.11895426918103
did:plc:f5gydkkaosrulalw3ckwi2cu	7.02052214081676	1.55791496119108
did:plc:f5itwymcvlls7gcoebifb2xo	6.70365659361041	1.81415331087625
did:plc:f5p6yktj7tz7bjpkhb73guno	7.53751881090553	2.71269192429572
did:plc:f5p7mtntecwvwu4xq7kahw6r	7.4856481210681	2.23478384040907
did:plc:f5qgndnzechqsiskhqa4u3zh	7.364485396351	1.74718188027579
did:plc:f5qkzetijqz2pnv5ijcg3eta	8.64221478040731	1.17114472718363
did:plc:f5rn6w62qd52d63t3fpsxtx5	8.0061102538544	1.80903593930389
did:plc:f5sox67z6sxnxu3w6dpcozit	7.56053618343934	1.78912260193798
did:plc:f5vknjyo6v6ctlf7hernwc3q	6.64548940657663	1.78752590865786
did:plc:f5wawl5vm2zkfykfm456lswj	8.02116564717081	2.31338334657384
did:plc:f5xh3ronqi5t32ylcclj3h6t	6.59625942532932	1.64531697708418
did:plc:f5zlefbx4qrempnevu65dqm6	8.80202411352388	1.65023812725777
did:plc:f5zweqgpvqy7lkujg3ijtbi3	7.01040456090849	1.90934414685659
did:plc:f63dayqr6xvqqygnipoz6sz5	7.1369896685881	2.35933726837134
did:plc:f64kqmhqust6rvhejeogvwiw	6.20835723865335	1.94118775790213
did:plc:f66kenrbtemdotquke47ofnr	7.28444215477456	2.0147016069053
did:plc:f6dc2j7cl35wpqivmxwxpzie	7.40522935668555	2.27877527294689
did:plc:f6eikykgnmpi4cwdj74vmrj6	8.89810947622824	1.07371677222337
did:plc:f6ihkyeeejws2tffxkxkwg7k	8.04363633567624	0.342413553860404
did:plc:f6lzzomvmio5o5bq7jripa2u	7.55404405389718	1.71261153962049
did:plc:f6mq7cquena7scjlnvfa7nvy	9.05365141413693	1.14859170935225
did:plc:f6snjr2edyjazgbzora3r7l5	7.36319546183068	1.94803914016063
did:plc:f6xiwjvzzaepqjjh4y576dz4	7.31578819429651	1.52756024503003
did:plc:f757g3nzbf5wky2hzim27zom	7.67080233855988	2.1619779905996
did:plc:f7kwb76tabhomcmduvulxoz5	6.20191009639316	2.03047324126886
did:plc:f7m72h4vuz4vqv3lfutnaq3x	6.64217530952381	2.07563428936052
did:plc:f7m7okgpnnqpdkhzgx4fjd5d	6.57105388685766	1.92501150572483
did:plc:f7mjksdwlgifh3dmwgt7djwz	7.39652748637685	2.07248337196748
did:plc:f7mo54g6nyvn6jbqth3kysk2	6.18646227922325	2.50662458453862
did:plc:f7ng777ofryp7gshg4elwvak	7.17234227911337	1.96656080545699
did:plc:f7nj4s75ep2mn64f2nyfh65b	7.67927438428598	1.64484399516493
did:plc:f7pfcr7dqflofq3pyfqfyimo	7.62096669202732	2.12092711003046
did:plc:f7qewttr4ifin4jo3xnlyzgk	6.56681460202094	1.86347834804968
did:plc:f7quafwtelovgef73ukuatjl	8.89313458528658	1.17353423997419
did:plc:f7shjjvrgm3whpsk2jpe6o5o	8.0034095191264	2.01415594560706
did:plc:f7udppgiezvt4kcvhe4xisvd	6.57215980274145	1.82309081620627
did:plc:f7xj7vw2baxzc7uphriedjvu	7.97064673112632	1.92841312781526
did:plc:f7y3uppaeoaxupitjfz5lvh3	8.10020894344057	2.06109175814103
did:plc:fa27tguvoeb6adil4fzdttes	7.59709426589811	2.16882444117352
did:plc:fa3rwygrp2ebgwdiq6sjn2te	7.31259913824574	1.89472585011707
did:plc:fa5h25yzrpcsrvbtd5ovmfud	7.92260528587606	1.64036287460336
did:plc:fa63dchzgeq7uwnorf7ij5ln	7.38759825360226	2.13573051872036
did:plc:faas7nyiztlw3oq4r5qhott7	7.48774706375	1.85803574555996
did:plc:fabhzbz2kxnywtg6pkp5n3ij	6.94644272602338	2.05693392171819
did:plc:faclygnspl5xjc4ioc2vfrrw	7.2891230981915	1.99466026849144
did:plc:facsritf4vivnk6izzllm5rq	7.44163590298919	1.62963755436
did:plc:fahxtgrqqkoyglucfxmmpvgv	6.74922331977664	2.12596930289876
did:plc:fanz4l4r3lfjzjp23br6uwwm	7.15734084467852	1.94065883130139
did:plc:fav7iqfjgehg5br546zjxtos	6.90455686517755	2.3062519360215
did:plc:fb5beibeu56ziybpn4lojpis	6.85899714031825	1.83999370954398
did:plc:fb64oyzjmyrcz7ppmkurur4a	8.09575291710575	1.75370724389872
did:plc:fb73sz2bajxgbtefpbjaqj46	7.40019292589699	1.62070781223804
did:plc:fbbe7spxbxsg3xi66lcjyx4m	6.17731425802225	2.01012024618887
did:plc:fbc3ib73far4gasejmqkaava	7.22307973329068	2.62712187323412
did:plc:fblwuhmikoc6rp7tupvpenb2	7.09389510388512	2.27159725349853
did:plc:fboluhlbwvrwm45i3thejbzh	7.43171234272368	1.62560143657118
did:plc:fbrfhxcmie3l2rhsnrcme27z	6.23138693825146	1.18197210358309
did:plc:fbxlr6bkewywyge47iqcz7u3	8.06880352331956	1.36253183459039
did:plc:fc2jkhbjxuz7wtaded3tsflx	7.48335882647759	2.30472275666672
did:plc:fc6z6ih2zpexwel4ji5e2ef3	7.67475413386838	1.9074040644187
did:plc:fcgxzrnjjpuzofwltkiek4tw	8.22416601152387	1.91506410434024
did:plc:fclayotyyr2yn4jcczwjrtmc	6.48335720456288	2.35549817618824
did:plc:fclogc3buejdcjfpvnt56lez	8.66913382785829	1.12273128370982
did:plc:fcmvmfiwlxjsjdgi4fkxcu6f	6.55923949607722	2.46147553624959
did:plc:fcntrai2lj2socemqyiffy4j	7.75604318847122	1.6119543182797
did:plc:fctj356qevhaia2nyzjzeeyk	6.83023203365998	1.72615318088079
did:plc:fcubzsjmfozgnqy3qov2txep	7.01563159719758	1.75922964186392
did:plc:fcuohp3t5bi7p77zwqh2mt7i	8.56712689340488	1.47759813245158
did:plc:fcxd26d6fgwblpb7fskj7qsa	6.51492766148554	1.91921767042202
did:plc:fd36f2nepqs467m5jjbqbx3d	7.29818251397668	2.03970861754525
did:plc:fd4ian6xyypw2ij22anndcmh	7.44967630820597	1.96066979703242
did:plc:fd5cl2477mhkmyg5qomkwen5	7.38482108033279	1.80024482330754
did:plc:fd6cnv64r3yyah6fuomcbgry	7.07257237628764	2.19697322067729
did:plc:fddwqzxflwvbpbuhzec4r4zl	6.90206418035062	2.37653296486765
did:plc:fdewrjlkcbzhzc3w4pyqngj3	7.27876683785785	2.63489297639978
did:plc:fdipilyjnpwp3xd2rzank7kr	7.31665778307411	1.78697337675958
did:plc:fdjtcshblavhnwbymktdc7fi	7.55878672320836	2.19042035550974
did:plc:fdkl3ffdhozd6zcsaywhowl6	6.56006886511537	2.24896880962354
did:plc:fdkoji2v6lvcxehaaspxahhj	6.47433772110566	2.12792823066694
did:plc:fdliripkh6j4q56yrcuvzyoc	5.90462912447004	0.733168597398736
did:plc:fdnijx42jxzzxpfngm7nvk7k	6.69998135540058	1.96402613551353
did:plc:fdno7d4mvijjjh2b5tajisqv	8.45197497305055	1.63892439571974
did:plc:fdnyowrfi7wzbn6tetlviy5w	7.67999690626977	2.16583172917042
did:plc:fdpepbybplqb6lndijjlrc5g	7.5999229380996	1.78422626297576
did:plc:fdqh6ndlaxdjkmjfyljnnlkw	7.00720571303137	1.73027049603867
did:plc:fdtku6yqi4z2eg7t2zpcox4y	5.98669610216504	1.99073614979207
did:plc:fdxleldrlqjvznnfrcwrv2jk	7.07452547398761	2.64641653871008
did:plc:fe47tiz6ydu5mnmazj3wlywh	8.04718965767335	1.53742835512341
did:plc:fe5baddgfnu6luzbwz4bibi7	8.53052627713768	1.29826230643796
did:plc:fehhg5uxphjwduyqrd4vgeag	6.79941163519009	2.39659309613909
did:plc:femuedoykfocp7jzoz7ofhnu	8.00747578851534	1.62759833937665
did:plc:fenxnq7zfmhvw7wwqhcrtgh3	7.51777243340984	1.75193560198129
did:plc:ferhys53fmw24ghcxuhwv26i	6.92068848621996	1.83744480751416
did:plc:feuig4iuoi6cy67ceyavel4a	7.100417431215	1.93937225796447
did:plc:feuxfxzf4sdnnapvxvv4x3li	7.61208837976593	1.82462230927
did:plc:fezxayzgppmqnvzia5wjh3e3	7.33580231653726	2.05233914117363
did:plc:ffafsthhe5oerqgdek5dob6h	6.6754037847999	2.07602242011896
did:plc:ffb4dr7b2tq7vgbiwgfzblv6	7.20314069081591	2.20968623334128
did:plc:ffcr6h7jk2mz5lok3vysp4ql	6.68476959053497	2.30866238518849
did:plc:ffcz6kyko4pbfhztktcmzlav	7.15017772406715	2.862689505051
did:plc:ffe7tdsw7wvublfobpaocxwk	8.02843200706074	1.76795432676364
did:plc:fflzhpmzy3ylkt3xnqsxwzos	6.93340424212763	1.74986035948693
did:plc:ffrehnbyfvwwqthme66ks66a	8.14391534983604	1.73229980101204
did:plc:ffsfikq5fiihyoeikla3nq7x	7.84421446206949	2.05268281133366
did:plc:ffu2qfsokn4ztqwynz6xri5j	7.42893337078546	2.25211459613523
did:plc:ffvsubfysohex7plqywewtlg	7.43956725386221	2.04261183383085
did:plc:ffw4sq6ris4rg7r53agxr4cs	8.29211302439212	1.00707564073594
did:plc:ffz35waqfcpbv2nq576sydjp	8.10327867914851	1.55908953013457
did:plc:ffzkddgchadjxnrs633spbvm	7.07487306319194	2.04980409837856
did:plc:fg4aedonx4rrfabl5yie66tr	7.71837001959671	2.04167699540069
did:plc:fg7kz4uzpazluqjc42vqlhjj	7.77997732493041	2.15403150302373
did:plc:fg7lwywlxzdgthaf3zb3z2if	6.28318970409644	1.85611969274237
did:plc:fg7td6bsf7eby3onwl63et4q	6.8633028208143	1.38463711311095
did:plc:fgck53ex6exmc7mpjnwoeamr	7.53423979062799	1.74493145516162
did:plc:fge5bmkusvyrjga3rnitv4a6	7.48423208420363	1.72388120870183
did:plc:fgfnxqk5pdz7wgqhuusc7kfj	7.19145332688226	1.93505325864906
did:plc:fgit7s5d2zxajzdf23ykny4p	6.93856035810481	1.76862038838741
did:plc:fgmwfsas3vws34eybtdoe5g2	6.98006037715686	2.03439756753608
did:plc:fgnivmmwzrscxfpa6c7s33au	7.05096276296717	1.73599701697609
did:plc:fgonso4gbwrx5csmc5kjx2wm	7.5378584887538	1.8376158290005
did:plc:fgvwjwz72fikeibn27h3qlm4	7.07638304082775	1.86506402745256
did:plc:fha2kmwr3qmwhus3f5tvtxo2	6.63933627342117	1.94184569666042
did:plc:fhasbwofy2jtnp3scej3zh4o	6.77115043400477	2.07192315372933
did:plc:fheh4rch3udl5s2h4f2n7vbn	7.21974943552193	2.01103378752983
did:plc:fhgt74ioxe33ti42epaff7is	7.95828974489899	1.81258593425489
did:plc:fhh34jh3iz5sbkl7mmvmz4d7	6.65505235470875	1.95355401583587
did:plc:fhhjda2ewnsvpo5hufjx4iji	7.07073246759418	2.26878000715885
did:plc:fhjjwxm3bs5rhndydlzplj4e	7.83518278176581	1.87985597174577
did:plc:fhqwygjqh2jj7sxms5icjcac	7.32349649931157	2.05923287111981
did:plc:fi7drdcipidqkabs6mo2bn7c	7.25832431038585	1.84819844587924
did:plc:fia7jmzxkat2fvx535khle2d	7.34914568672147	1.55178676652566
did:plc:ficp3prrcqf2vpl2zxmgcilj	6.82456823546481	1.96475723929594
did:plc:figgosdp52zygvke4pahokic	6.79958624379695	1.91567999029356
did:plc:fihnm3v7viu52de4rhgx3ztg	6.23497953467634	1.99007093891127
did:plc:fijid7seyamrowazbaqmfhq4	7.11666567461231	2.26901394640264
did:plc:fikv6ynzjuh3n6dnfewvkmfw	7.31262512423117	1.94375651563339
did:plc:fip3nyk6tjo3senpq4ei2cxw	6.6524150267622	2.77917253098143
did:plc:fipo3vuvg42irboxug4vnehk	6.46910622970683	1.96439859548603
did:plc:fj3wqslk7n77ofito4hoizbk	7.85397299960118	1.9321992856693
did:plc:fj5c5bysi7zr2wkqgylorknf	7.58372891116843	1.47494242566912
did:plc:fjhdhn6vz3oroafelkar7tmq	6.0053656747324	2.12939437331781
did:plc:fjjgsqbp4455elyo7naeda6s	7.87851111838369	1.58789588072759
did:plc:fjnf5w7zrggtl3ym7y4ukegv	7.33728963968855	2.22450870604169
did:plc:fjnmpea47u4f7cpkk3te4yt7	7.56272186643115	1.71556592106427
did:plc:fjoqswldrvgwqql467774vlf	7.18563917812505	1.59033436802166
did:plc:fjpktll6k5a426ep6woenjat	7.33969198861402	2.05178414189932
did:plc:fjql2zg7ge3j32iehuuy5jwo	7.1347526943775	2.57285598562614
did:plc:fjs7q3hyref3g25paat253c4	7.19441676852717	1.83943199759414
did:plc:fjuk4kzqyvbk4dg5r3c7cums	6.07293757509829	0.77115938474592
did:plc:fjvyrlakhrjqxqced7etehdc	7.77714862276934	1.96758959278815
did:plc:fjwgk7now7hf27zpbdztkh2o	7.86766859282288	1.57538625237377
did:plc:fjwph336byscg67yxjmbgeuf	6.81501411201409	1.86139110651317
did:plc:fjyk5gerdwlhz26xboqv6mvi	6.49654491200481	2.92140666479831
did:plc:fjzsqi5sjbikojekjwkvltq6	8.38266913886656	1.19593516091312
did:plc:fk4ggpblpj7z3qii2tdc3p6g	7.35505390562253	1.53562063675832
did:plc:fk6dbhq2ovuc4jb5z2l3tpnl	7.93881405883679	1.38463726017839
did:plc:fkdbuw67zladrjngan2dlkat	8.12230609939233	2.09723326819793
did:plc:fkja43xnb2mcyl22zzjjyjt6	9.05929931937812	0.991912933300396
did:plc:fkl6nf6t3ff74z5sv63oiyww	7.19103574079214	1.87562685928226
did:plc:fkpjgbb3yzqhzpu2q3gv4rp4	7.59038122708156	1.64923716496282
did:plc:fku7jwhidy77j654tekagjqw	6.48147903907861	2.06120357037739
did:plc:fkugmxaftpscxloj76xhc7yy	8.53609881700831	1.52603502311166
did:plc:fkzte5rv2k3sarvbu5bpv3yz	6.99436008154589	2.31330391972455
did:plc:flhrhjaxh6pgse6j5votadgg	7.37267842543705	1.7089687867559
did:plc:flkvfikri35bhosiob2wzgvl	6.92597459234383	2.02147600035763
did:plc:fln5zppozky64h6jd5chgqz5	6.90786418188623	1.83317745668775
did:plc:flqqmzb4xguklhqabqzzeycm	6.42024015558264	1.89549755028045
did:plc:flvro54xupotack5gsnlzu67	7.04604958300342	2.16980730570506
did:plc:fm5ws5oe7r6tebkh7wiiqahc	7.57296263928626	2.70033342951803
did:plc:fm6qfbulqik4npirjayety27	8.09334214589411	1.58866877945819
did:plc:fmeqiqftselsu4faj4vy2gt5	6.60891589608438	1.86798275077832
did:plc:fmevdfeqx6p6cy7hwkye5fls	6.96440851426593	2.36800973309027
did:plc:fmexjqrg6mugb37mgi373of7	6.72152767929679	1.66880178931131
did:plc:fmgqo7ydthy3cajkwcil6orp	7.52576862995011	1.72577034421922
did:plc:fmqq2ufrh53scvqlhpaswups	7.5247712588195	2.34085985856602
did:plc:fmqvyoni6fl6hcjln5kfiwmh	7.26420460170256	2.22179992286042
did:plc:fn736blxywirujdiaozdqs7x	7.28041409412533	2.1396895660664
did:plc:fn7fn7fw7xkgqp3qryf2ouw7	7.39602761441175	2.43672114837454
did:plc:fncdpjpqsqe74gp72zlknqdb	7.0911835723021	2.28239387681354
did:plc:fnebahzcov4iecwn3xrhpej6	7.04807245971058	1.92302999867357
did:plc:fnldr35iiyxgdsa6o4cpjy5n	8.55953992727568	1.32121499793254
did:plc:fnnecojccdxndido4eozq55z	8.295483899402	1.51286446081488
did:plc:fnofgjbhlvjvmp422vup73vb	6.43373952156379	1.89785679173226
did:plc:fnrck2s5qiwihrj2oj5rhinl	7.02000832676527	2.39064906003458
did:plc:fo2gkylv5uyeishbsftsye3a	6.99085426351824	1.85051584606145
did:plc:fo33shr5rqrncgfqecsm75nf	7.00870653552117	2.04024459509517
did:plc:fo6cyqtov2ajejk2i6pdxgtg	6.8891525765892	2.28196716991893
did:plc:fob5zunlbqbiuiqyq35cla7v	7.92534529447102	1.76044430342727
did:plc:fodgnb3tlwwxmxbyeab6ng76	8.00576204564168	2.10996485684242
did:plc:foe57llwjdtryrnolw7ue3tj	6.36914658416029	1.87516045176383
did:plc:fokqehbgimtaoq23ebe2cqee	7.67840481899343	1.91976324649985
did:plc:folnvy2xkew3ppfantsbil5u	7.0015320611501	1.81663055568582
did:plc:fooya4qjwagfm5nt2vvdfxum	7.04754799639653	1.56773248024669
did:plc:fouw2vhfhjdiucbrm6hoe7cr	7.14428067975338	2.21245068784854
did:plc:fov5b4yhmxu2mi7etxyujg2m	7.12936747795857	1.95531502321054
did:plc:fp2pqcn7mju7okwmr7bed3pr	6.55095692940313	2.5305470001755
did:plc:fp4i7p3747qyb5rwmlfdyjlq	7.35177000791846	1.86825195806961
did:plc:fpqe6svwfeqs7tb53flqczid	7.09144843210063	2.06606093610882
did:plc:fpruhuo22xkm5o7ttr2ktxdo	6.73279561794852	2.13100916643948
did:plc:fpvcg4gosesvkcxtupb4ij52	7.66863038693638	1.83793589133097
did:plc:fq4ndmshmzkozrd5gsctty4g	6.88612610824813	2.11809067555041
did:plc:fq5cqhvvq3qbzm6zvinpgiak	7.36788945197095	1.80467230624991
did:plc:fqjuezbp76bosarrkgd7a6yo	6.71600957938635	1.77764311479724
did:plc:fqkbkxrtakgkyx7m26yhn4he	6.95005310533128	2.28103748790658
did:plc:fqm4w6hsvrnmde4wlcqomlmx	7.24095910098528	1.94186987921869
did:plc:fqoyg4u5ryglo4ll2n5faui2	7.21861609918136	1.79875090948839
did:plc:fqppyrpuh4yhsknwjzffy6ba	6.16364360008369	1.83076109141262
did:plc:fqs4pjjadf3pqbjusb2qm25t	6.19720057359919	2.18597777134755
did:plc:fqtffnr7rni7i44xrjhb4hvz	6.1298954280014	1.89493182346594
did:plc:fqw4z3lueh3nbxb2apsilikh	8.43021506395855	1.1113918337855
did:plc:fqwfxlpk6ldahp3f6puymhpz	7.56428184133148	1.96503284620647
did:plc:fqyi5fkyvrvf4w6ws26gsphx	7.18617380002247	1.86219442917211
did:plc:fqylk5mgmdldibyvbw7lrw3c	7.65697604751603	1.71318671927623
did:plc:frcehkbg5qnhrlashi73kfhz	8.21896427787638	1.29557779630974
did:plc:frh5j6o3akdmdso2gkx5lzba	6.6565940697693	2.64498689343174
did:plc:frhuwh2f4m42czefwemy6bpu	7.07885216916198	1.68088414861661
did:plc:fri25nipsrbiwkhpueqz5j5i	7.24586926160634	2.35516418112111
did:plc:frqz35xn74gbgokvn2fbwf4u	7.36289246230582	2.84709465851293
did:plc:frr2tkwtnh3dwwdwbicwz7yl	7.72721105625908	1.98167766546869
did:plc:frr6v2d3pr3njmfsv5yprkzx	7.17992155781942	1.76653455407702
did:plc:frs2i2p2kxl27tzmarokcocj	7.28747613061816	1.67756342800923
did:plc:frstpk7f6hqyoipqys3qcc5r	8.11567426454287	1.94522097952959
did:plc:frxhtdgeuls2ho75hzuptssa	7.75746487808107	1.60197637473617
did:plc:frxkhmq226gpngyyuz5mtob5	7.88440315787919	1.72001811941799
did:plc:fs25x524vzrxq6ehgnf6vzcu	6.49489633373034	2.94147056523865
did:plc:fs4ipwr5zncndhqakb433mzx	6.57578104918094	1.68018837908123
did:plc:fs6e4nxd3n6biykcz6itlpxy	7.01314539478229	1.90500860397583
did:plc:fs6sng5tcrdw2txfqgkdoqdd	6.77017352395082	1.87580518773917
did:plc:fsb47rzdx5uv4fjsfhf5zqxu	5.86742456880373	1.88139829840748
did:plc:fscylfruhi52owtizuuwnpuo	8.1667804525916	0.514838789179342
did:plc:fsiowkm5itkoykuxybfq2u57	6.93612401743034	1.970250416349
did:plc:fsjhv3lvl6poem5olorfqaoe	7.40331860497257	2.5439829689154
did:plc:fskmjpsltcoq5pucf7z2bjki	7.1862144882443	1.7878436067159
did:plc:fslhyivviutuy4i6j27hyq6n	8.12749579456672	2.13506430796256
did:plc:fsqxdia2ahepvlaqpzg6zdt4	7.38936748063606	1.55932494569898
did:plc:fssbjtozyvbz24lknvjcrh7v	8.20373439206383	0.662301514439034
did:plc:fsvr2zlnposkzd32fspa7zyk	7.1113870888883	2.30975124072164
did:plc:ft33qlpmd3q6dexqteqh2t7v	7.2395312554054	1.83338394260747
did:plc:ft6lsmzvash2blpfp2ms2yvo	7.64790837085828	1.47240599822271
did:plc:fth5ugsr2wxv6u3geiwyuxip	6.91338813524301	2.153513072525
did:plc:fthga4r3b5i3jvkjqecwrimk	7.05101979937966	1.8999766781905
did:plc:ftjiobxkfo2xztxufe5ylfze	6.48582894058728	2.56072235192789
did:plc:ftqxpex2idrz5shleydub6o2	7.42360669153685	1.84662115977987
did:plc:fts33iqnb5trx4rn4o7wnhyh	6.91419804423189	1.8740759177005
did:plc:fttubsf2plf5ccuiaolv6lyw	6.99930422121515	2.32694119125268
did:plc:ftuvfxhcdlirqeltgkd53gr6	7.67679548451895	1.80562272027511
did:plc:ftyl64fx3dsydzpkbmc5cvkq	7.12782781002444	2.04365975093989
did:plc:fu34cy5umwcc6bqk6o7aycex	7.82494696830864	2.04133031173296
did:plc:fuach5vu63e5elm26kgtssrj	5.74489559059846	2.46792153043179
did:plc:fuglcd7fufiizo3zgaprv5k3	8.78500642222123	1.04674485904735
did:plc:fujmexg4bm2m3hjfwlxivz3s	7.64499611207877	2.12231210924664
did:plc:fupqpk3tbvx2sxjboe5n5jox	8.26218001489289	1.58333363517917
did:plc:fustrrnpe2qqwn5yfln6bjgs	8.89622246719617	1.27402452212143
did:plc:fux6uvl64micryazemocugvz	6.81505383211216	1.161314846866
did:plc:fuy5rkuo2anvarlsbplv57aw	7.49479352735665	1.8525667907767
did:plc:fv4w6km2led567pok7py5e5e	6.96409084883277	1.9247189362318
did:plc:fv6lxweasbl4ago725iuyec5	7.89788047977039	1.67177306794542
did:plc:fv6ryeztmwhayny3a6l3lsje	7.28027116360198	2.19689486522696
did:plc:fvabnkfphylq6s2gkjixgpjc	6.64090182797142	1.9608940315433
did:plc:fvay7s5xnpvzk6n753um2gqo	7.41517982660078	2.22733865681469
did:plc:fvg5szdahgljrgjn2gpjqp4m	7.43178337528392	1.79449347334614
did:plc:fvmarsc7omwdwep5blk2dmsy	7.14926464029872	2.09945129321333
did:plc:fvo2dxvntce4pqj6odk55yyd	8.63194845527191	0.978098322142751
did:plc:fvy3qw33pqlpwkpusbefi5bn	8.19974981924752	1.71516664108604
did:plc:fw3wkjxovddcmdutgycc7zyu	6.63071732538135	1.91121785614997
did:plc:fw7kkfn6gpont3h6am5o6zya	6.99340850107856	1.86421495028693
did:plc:fwfwjwlvvc75eiyiaoxz3am2	7.55508815643235	1.64563844131319
did:plc:fwihldzs2bi4jmyxioxzvyii	8.86570727533512	1.27276344455162
did:plc:fwj2rndpsss3gcr2h5ihl2km	8.18270826672323	1.80533382198499
did:plc:fwkonwvqu266dukh2x7vgbce	7.25497186275708	2.0906007711646
did:plc:fwlcp3h55yvxunand6m7rpuq	7.87468958288022	1.80838816831314
did:plc:fwnqkuwh27z4l3yy3a5vujzo	7.26574040703141	2.26784357945172
did:plc:fwoscj5kz4utzaa4qobqtqhd	8.08119376987317	1.98747482959342
did:plc:fx6utxvidx3stc4ltuq5ze3l	6.94345884172435	1.5593269165795
did:plc:fxaa34azijstpx3t3czgbmku	7.45420333621826	1.7985060696598
did:plc:fxbnmadvtlrlhodoow5eufjo	7.28297697995648	1.94945467971337
did:plc:fxbvwnfofpi4th76n65iktmr	7.14458517096951	1.50377450084822
did:plc:fxd2usya7x442miq7jczpifa	6.73084388061321	2.3429856007698
did:plc:fxevqbytcnfa467x4hdeqrnv	6.87217014627083	2.46808905553702
did:plc:fxlgoywvim7l3qrxg3dsgwrq	7.61979128642328	2.26276682693758
did:plc:fxoqrhuetri2zb3o3iu6obrc	6.65127480062789	2.14211338444974
did:plc:fxtbddk3ewlnqjxwt3v7liq3	6.89448169695653	2.06688806638461
did:plc:fxzov46suz3dsqeoe5ovvhyz	7.62635590390656	1.75871548419134
did:plc:fy3dogp7clvj5hf3dg45xvfo	7.11297387142011	2.27722673904513
did:plc:fy4hujwv7zhfeovccmckjnxz	6.87498466577774	1.72421353637729
did:plc:fydzzt4rezxkyeobusm32uls	6.72642737888216	2.03529239359423
did:plc:fyfvhcmcmriwziu7iafmu366	7.58229130202119	2.32226832208738
did:plc:fyhc2xxlyjlud32ml3tlrxto	7.06015554964868	1.88815688197444
did:plc:fyiitjdqxd2bbayosrsua4xn	7.98556903097313	1.78468846720071
did:plc:fyiudxzlhlkthpqr4iphm3uj	6.86825826524244	2.15107865394329
did:plc:fyn7eazc7vpm4ydb4xsghhrp	6.873131912902	1.83391933186304
did:plc:fyqpmxvkjazo35iijwdh5k4x	6.81389836450284	2.15429866648457
did:plc:fysijebfmpxb2fiqpvfq3rvd	7.34490587130114	1.88348584578394
did:plc:fyt4el2v5b5pegtgqf5edue2	7.52469224828233	1.62187277613114
did:plc:fz3ipo2rdzomwvt7hoffkjdn	7.72616867304668	1.80147438970393
did:plc:fz6sv32t473xktwh323qvtez	6.35005418009373	1.7655832458799
did:plc:fzahgxstk33ngkzske6l2bpu	7.37787820939982	2.03716066039312
did:plc:fzefatbz2hm7rkw2pemq24sx	7.28173155893444	2.41669548978885
did:plc:fzieq44h4r3a6tyd3u74so4e	6.27736461932014	1.84574461407091
did:plc:fzmibrixj6jf4zasjfx5umli	6.56714213700094	2.02946827514633
did:plc:fzo5rasva5lrv5zyefl443ep	7.05244619809056	1.94319373073922
did:plc:fzpw34jnhmyn4q3zepniuj7i	6.59187341339416	1.96743705793794
did:plc:fzuagyzjiluspflrlashcjpu	7.31137486578021	2.05876030235409
did:plc:fzv7y66bccpjt4ubhg5pvboj	7.00876240905787	2.73557453862349
did:plc:fzwle2k5qmztl4uezhh7y2od	6.68614771700179	2.05380519263564
did:plc:fzy5psbwt7myclvmno7nfrt6	6.51320268965084	2.03069229296007
did:plc:g262o7caspoxit4vqg6bzfdq	6.36884314720982	2.09988399819319
did:plc:g2celhg7txi7b4rjsm6el6ez	7.28631651198022	2.27743660531513
did:plc:g2dp7lqot5uxkxlhh7ht2v22	6.69782465341286	1.90031846912026
did:plc:g2fvyg33p6stqglvgcp7vpgl	7.21432653334225	1.85150722260736
did:plc:g2ix52usrlo3gccqnse66k3w	9.09456553517288	0.925629473887142
did:plc:g2jwximxo7sopgfifuveikg4	8.65108958390747	1.48345944741153
did:plc:g2vawiicy47fges2xzlaevv3	7.25746108456694	1.68570652299522
did:plc:g2xqzf47zbcha2s22w7e77h3	6.76206143983184	2.23788623450109
did:plc:g2yiykdz75bvsz5blogb4p6y	7.66973425667151	2.09001279907602
did:plc:g2zfngoyj6gyhdeaeqksqo5l	7.96802920544263	1.82670498770516
did:plc:g36sit6sxol2xsisw5ojahhy	8.29830248564507	1.67464853424031
did:plc:g3abcl4zvnybvejs4sk6lbyr	7.49801371474625	1.84843540002749
did:plc:g3azn4ydfj2fgfw57rslkpra	8.25367574668722	1.46569710979126
did:plc:g3cybquvoxmxto4lhtc2mdma	7.26845983177234	1.79424234140602
did:plc:g3rmzadgavgtvge57bgppznf	7.15519058637633	2.97726546223403
did:plc:g3u5mtrk7ztlld4fxswrqf26	7.41822728657759	1.85622450950569
did:plc:g4f4y5v5xdp4x3tvvjewu5e3	6.1609302363919	2.07006209259445
did:plc:g4kqoyogvx5lakmxdcdzavzl	7.85869777755055	2.41468442418369
did:plc:g4maxw3oqc5gtf2zxma7n77y	6.43882228245792	2.13950936861154
did:plc:g4no26m2nth47vv3pcfriukw	6.57277103492634	1.73288623062568
did:plc:g4oh3z4von6v4byjaz2yun4c	7.89474781198868	1.92264888243777
did:plc:g4qundf44epynhlhqu4kuhq7	7.38842418008244	1.55025957044134
did:plc:g4r33rbb7pdxb2a4bdzi4wtg	7.05056101688475	2.3227219400344
did:plc:g4ymlbfsscmljzbtoy5u5lst	6.68103219586141	1.91322445344001
did:plc:g52gp3gbtw7hewcw64t6absc	6.96484774194655	2.10265737121975
did:plc:g56vrwumbcajy2c5gdl5ivxc	7.7117247409844	2.02876135981496
did:plc:g5dp4xpxwoebjr6adwtxcl7m	7.97677528432502	1.53434125542612
did:plc:g5gh7f2wyrirggmzt3zq34oa	7.99191685337356	1.52080203097698
did:plc:g5gsf56oyrspcztln4gmicqr	7.29751845618519	2.68637125266304
did:plc:g5hh2ts676cksqx37jaxl4if	6.88762267631396	1.20022110819987
did:plc:g5owweqpdbtql52xbn5yfvcb	8.07990492410706	1.85740962652816
did:plc:g5pynzwvousdau7udy3sr35a	6.82612332542272	1.87061851161201
did:plc:g5rnutwti26ik7wkvid54kkj	7.16702937367495	2.28778894931391
did:plc:g5rvv6jseohdhueceoxbev3d	8.47202188305956	0.73700226173905
did:plc:g5ylzsykbaluh534lumkp6iu	6.30378000390044	1.91681318869426
did:plc:g5zab7tyucfyjmsetxpqcijq	7.51830736534735	2.34301917675003
did:plc:g65axohatsidvik2bnwzcnva	7.42025975837171	1.72277664846365
did:plc:g66xl54cwoiuh7it2dgtk5a5	8.2803420346103	1.80372082547627
did:plc:g676qxig63p7l3uef65l3jdg	6.63742888983783	1.94695446167275
did:plc:g67xvn56tfnmzpqvsu5ci4ax	6.90173186251821	2.86430861027252
did:plc:g6fbztp77xs6wlxntcj4bhi3	7.42145056783163	2.03063128890385
did:plc:g6git44b4dwujnv4ypv4fz4y	7.16828807840061	2.22705529294953
did:plc:g6hkr6rpp7f4hlnfeyw7p2hf	7.80635549344301	1.74074156508598
did:plc:g6k6bc7x4xe47puqc6z7uagu	6.44878696056532	1.70410391722995
did:plc:g6knblx5n67nlv42jfy45hs6	7.11855623103949	2.19202967460848
did:plc:g6mcn3uiwxwuacqwysy4ivi7	7.89778499070738	1.7696761560536
did:plc:g6n33rqysigb7cpcwabme3rx	7.53662093664098	2.20280396297591
did:plc:g6pwv3yq4jf27ycy5kvz42zo	8.67119075579347	0.420907271208429
did:plc:g6qeni2fiusyjqeg2ixdbmcu	7.90778888451444	2.2210015578984
did:plc:g6rsfbif2phvcl2agjtlwp4f	6.79941719103744	1.58221438591577
did:plc:g6sue3xnlqwzrcxc64vyj3no	7.5589972132905	1.44991659849291
did:plc:g744dq747kkdrq2mdxorijuh	7.53856194143184	2.04802869309388
did:plc:g7blgmkty6tocy5m7k4z4htt	7.65352192064333	1.41079611046744
did:plc:g7enqzilcq7wquspoetlkil6	7.53061808701413	2.06275402567053
did:plc:g7kcr6zbqg2f7sj2mrud5lda	6.13656421357162	1.78091072277107
did:plc:g7km5wmc2ved5sdryrycskub	6.28517325174131	1.76061561673606
did:plc:g7l5klb6vkr4jj6eamdasmgv	7.06922725325343	2.22454863581246
did:plc:g7qtbaqoewefhva7hwu4btal	7.15055112564027	2.09559564419983
did:plc:g7wlj2cs52g4pp2zewvdmw7n	6.3729716821715	1.89641096385847
did:plc:ga4vuqu5t5y56tmcz6l7lj2m	6.94959992968299	2.54137151859933
did:plc:ga4zbdzepiol7j2dg4fc3qcr	7.64414592293342	1.88612594401256
did:plc:ga5hbbz4schdvmg6hakmqnd4	7.13782871060425	1.88973975520659
did:plc:ga5jkgnhv4mdhngcatiszea4	8.65156930146243	1.44682888708146
did:plc:ga7qsurzz3esi7rblldyjm62	6.58474069286274	1.91220478658423
did:plc:gaanyzx5p5dkrewh3xqpmwu2	7.36788989975016	1.97217425291458
did:plc:gac75iopc3qayzmkzvzxlvdy	7.54468758379739	2.52527327447258
did:plc:gaiau6c4q7rdjuld6fasp6pk	7.70612602660755	1.85175991640664
did:plc:gak3higz6yrjliapd6rqspkk	6.70635446985883	1.87219069335686
did:plc:gak53nk6bwetq6qjabl4klof	6.2647361835973	2.30397414306169
did:plc:gakp5cieiydplpaaqbhlws6j	6.83316810603163	2.71886365347365
did:plc:gal2oc2fpdx3u4hqyrukmu7d	7.07009658330066	1.90295662466378
did:plc:galar2m47jhara3c7cjgn46o	6.62910131848478	1.73671026132971
did:plc:gam7urjr2iacgsvzbazq73et	7.26038254715185	2.20292985827997
did:plc:gamcogbaw6ra5myuc5zmig6v	7.98761055983925	1.62730422542494
did:plc:gan4fjtbydja6kpps2qhs2jn	7.03852019789615	2.27975394183553
did:plc:gaotlxtoe2v4q663jk3igtxl	7.96514583846948	2.0856038329147
did:plc:gaue2gm3snvnwgqyub45rqen	6.23202466153541	2.7595975511705
did:plc:gauv2aqz5bku5skkmi3blk5k	7.98082897408627	1.51228424130495
did:plc:gavhsde7iqc2s5gdz5vr4hqj	7.41487513900117	1.93048421431545
did:plc:gavp4lnn65jfmhnzz2agmmvx	7.9686001475327	2.27113977423988
did:plc:gayvviyvmvhzj4qxhmyozyw3	6.43540061633655	2.02935832129055
did:plc:gb26lgrh773643b6qnqzdjlo	8.29802023790288	1.02205622246564
did:plc:gb4hobu2k7ihkbzs3g5kmq7s	8.3552154625815	1.60150177552087
did:plc:gbckenkp6xu3mxeiqrilyyox	7.29130072865036	2.4467059101428
did:plc:gbfsum3y6hmk2qpa3diezar3	7.02479605379342	1.88767163538988
did:plc:gbgyywonyiydelli4qxiralg	6.09597418974257	1.04807693805763
did:plc:gbijdltitlhhdqb3exumx4hq	9.26364216415842	1.00088800613739
did:plc:gbkifybpj5fea2tj7whediai	6.41252198298186	2.17465220486228
did:plc:gbmuofsesojvtskkfr77z4hd	8.06285722306994	1.59308790788368
did:plc:gbnzjmrbiwu53sjudwdka7qq	7.00051627303289	2.48850179342194
did:plc:gbwmshz3ef3rqfz6sntzboe5	7.39383270211187	2.39343123161914
did:plc:gbyj5z27jggxzdzhrtdizuqd	7.59273365593443	1.67371941033091
did:plc:gc7ksp64vja7psalnrqxynwc	8.70318732044943	1.23298736334062
did:plc:gcjury2g5lleigul7so24sa6	7.2527542834635	1.7561646591673
did:plc:gckq7u44fuxreclsb562hhee	6.80904600014937	2.13321360931257
did:plc:gcmvxhqdopb5ot2youa2tihl	6.76896794130165	1.71719091835272
did:plc:gcs7w5jnade6v25mrauyf3vr	8.05655059170262	1.45693908252456
did:plc:gcvlr5jrx46px54wizq2geys	6.1492070937082	1.93161654679119
did:plc:gcwxst56siibobakadqtmzhr	7.11763629564864	2.4426666169379
did:plc:gczcubuuigwguxcxemujlxed	6.77043088509852	2.18527388541549
did:plc:gd4zmn3bc4i6xjub3wz7jou5	6.59964041931308	1.94816996467299
did:plc:gda4iajw57bkuzbpnt24x6vt	6.7451204587043	1.96623855128493
did:plc:gdj4nkpqa54jw3tms6d62isu	7.40053829677874	1.97677745034531
did:plc:gdkder47cl6stsdhowliscat	7.71909900477267	1.49458727161495
did:plc:gdmgiq4yiysbsy35sxjo7dph	8.20996761155159	1.5867385798616
did:plc:gdwjstr7iw3stbtnwoqda3cf	8.30680463190965	1.94286794788058
did:plc:gdyjwuy67v4speghuhbhc6ff	7.40695494107294	1.76540996515684
did:plc:gdzew73kecwm4dshvyl4vfic	7.85922698879457	1.82437598306725
did:plc:gdzhq7zywi3lvvkx5pkcxcqd	6.79736100721866	2.13356529652512
did:plc:ge44zuaknz5phrcq2lskve3h	7.48057618194515	2.20277934531209
did:plc:ge4t65gmjcnqulavviuk5xdg	6.83887942820724	2.0688064894192
did:plc:gea43dvjdqehvtuewqvlq3df	6.26001461472321	1.94655064959131
did:plc:gedbnvochgljcdncv4x672ta	7.18358543413805	2.47475650013528
did:plc:geg323fq6p7gxsfxir2qa5by	7.16922420373131	2.04944523493278
did:plc:gejkz5235z2pyc36cyhogrz7	8.49525922223703	1.72981022842318
did:plc:gekbkbtkuybonyrbappblj2m	7.49538998595765	2.05049042052126
did:plc:gerdpegumffokikuprvaoqsl	7.39086558028588	2.0429094258908
did:plc:geun2sdp6ozy3vchpz4iuanf	6.50796862075732	2.27068747440261
did:plc:gexcfil2tumb3424k5bphaba	7.33161430459541	2.10867804396566
did:plc:gf27es65b6beyoodnn2twdvg	7.27612341903215	2.58643034473396
did:plc:gf2cj7tvr4uqtrccntugusmm	7.1847076370904	2.05039120156857
did:plc:gf5qhwh73lldwqsp6qcpuilg	7.47209456605046	2.21178230111289
did:plc:gf7bvgvzeir4tsjwkniicsi4	7.8060123294785	1.23208929955544
did:plc:gfd2436xtrvdn6hjqrzor3as	7.40754236635057	2.10686719155996
did:plc:gfdg72ienk6sw7wi5kpssjam	7.25501504062912	1.95848336395012
did:plc:gffulbapslmra5ej5xxpxst4	6.64009372441862	2.41323639808219
did:plc:gfh3n4irbxc352vetz6pubk4	7.09921957925108	1.9486240137198
did:plc:gflwx72whoqt5n4piwwv2daa	7.32728992816381	1.81946809842833
did:plc:gfq75xpsa43bou4p6fffyo5m	7.30036385543609	1.9081065527063
did:plc:gfrhewodxo6pdcmekgweejtc	6.23535238417722	2.35352608800494
did:plc:gfvgzf6xkqiqibbpwqtvpo26	8.10346752417584	1.64263747154359
did:plc:gfwzeptsflqaj2wbmidixoz3	6.80439453019837	2.32786868626365
did:plc:gg2zgjclkvcuj5hkhdnd4lnf	8.19617632781578	0.633076295191649
did:plc:gg4g7wyt2bx2ihes6mcikcq5	7.39627397840896	1.87127476043671
did:plc:gg4hmi4yshmu6q5w32mbvtb3	7.62304852255964	1.70432583521176
did:plc:ggapapwzfzlvr7xjdsxy6rip	6.60809563332366	2.0275619383319
did:plc:ggbjidnjqunhxernq5h2bfbr	6.9992311823883	1.70471028642353
did:plc:ggkbupx654acyorrl4iqhmuo	7.39403970915017	1.86626122083863
did:plc:ggpnpultlbmci33pdrkqektz	6.51670809554556	2.00699718486828
did:plc:ggstnwn2k3kvajtu7mpag3cw	7.3688109042831	2.31078579169819
did:plc:gh62i2jhdvperqirczrjnuc5	6.1028474921975	1.73131410210916
did:plc:ghekew3vv3ayipvi6lr2l5hb	7.74198114878687	1.89729829095856
did:plc:ghpaw6sm7x2jnvcdp6mz7eo5	7.59108697302245	2.07518567115062
did:plc:gi2ibl4pqbky4c4rcm2a6faj	8.0152881423895	1.9591176408868
did:plc:gi5gv5s6o2wbhqf5oktwu52n	7.17275814535166	2.83744774875498
did:plc:gi6s7fera3mpfdwsgrbaw6ue	6.44915875337186	2.4267539772405
did:plc:gifacydg5jgepe7yheteutcj	7.04678790692509	2.2524096851947
did:plc:gifu3hzznodf2oo3g4txgmhv	7.89671739787866	2.30938087148857
did:plc:gika4eoeawlnm54oppvk4hrw	7.66799669133884	1.78671816481815
did:plc:gipinhtuimvyosd3qrug5owj	7.7936863807328	1.93883354324151
did:plc:gite7z62ohlujrfbbkja2rlu	7.10204461587992	1.69032058858758
did:plc:givm2zpfe7il6qgbldyokd2b	8.02201907341171	1.80468425099833
did:plc:giwcpqga4fgddwtm7cnwxlpz	7.09979694948637	1.8692771204454
did:plc:gixnnfyxnftudhfmsj2duf7c	5.85853505613363	2.03656491523245
did:plc:gixtdi4dlpxnr5fftw5kkpl5	7.70735730744395	1.95997509371441
did:plc:giyu3y2vglrhzzg6fm2crsm7	7.21771046339277	2.28284019379025
did:plc:gj5l5u2rxxx4h2cgrihqfbha	7.46255133863125	2.48321023254666
did:plc:gjazkbz2tkemvven3tql55sa	6.87667342871106	2.0611424264292
did:plc:gjev6ouvi6ual2h5yuvpa3y7	7.65631284064117	1.90615122623622
did:plc:gjh2mr7t5gzaqy6libqqpe57	6.7726105034749	1.86645550140377
did:plc:gjhlpfcookn3vp7dortoyzix	7.6572221041706	1.67924637003284
did:plc:gjhs6rhprofg5zwlkqlxso55	7.80910220236141	1.98081446203404
did:plc:gjiy4krfxma6hqms6jnxgpkm	6.72521042440119	1.73485605733979
did:plc:gjn53tdcyegmputksydmtxgs	7.04248576635036	1.75377637741969
did:plc:gjomodkguwbfchehjxeddd4e	6.47685373044717	1.89661929647277
did:plc:gjxs5zrsggouy6f7xq2pdgd3	6.82488215610766	2.13766654266626
did:plc:gk5i7ab4ekvgkbr22cqontjm	6.53658616823191	2.1495692657133
did:plc:gk6jzmmftuh6so4fos4xs4bh	6.90456471179005	1.93748010159626
did:plc:gkazcq26elm5gifpyo32nq2y	7.10829831473311	1.97921628549248
did:plc:gkeqxveqjdrzkuh6ylr4v6mp	7.41436939286747	1.74018923575279
did:plc:gkh6hm3lbzvjbmpqoejcxywr	6.69708513121426	1.09405419665924
did:plc:gkkomfujj5sqmhu7oiq5ryk3	7.72091477996908	2.49795357298913
did:plc:gkkvu6lletmyu5k3kmsm2x25	7.20904896017466	1.58125462471571
did:plc:gknmy4fk7o2yocdywvtue5il	6.72816849597661	2.04934101312604
did:plc:gkok7shzr7syx7dcnb72jpa6	7.02775588634619	2.31265829052992
did:plc:gktp5v257adwskl2bthpypy6	7.09761490302334	2.29902920990465
did:plc:gkwako24fp3aann2vsynu5b6	7.46674383438173	1.70248927220487
did:plc:gkzxgbni6hbfnedyzjvvh3ef	6.34722718037211	2.1338671524055
did:plc:glieeysups57r2j6nyhqnbue	6.68162815129194	2.05015393308429
did:plc:glnrpdclklz3qtlc45zm33u3	7.11516359660963	2.314107903166
did:plc:glq26im5kjfat2bwfirn2wt3	7.86723285205379	1.440902327939
did:plc:glqq6xolhrvx52elonlbrfs4	7.33217872841196	1.99453398605605
did:plc:gm36durbr7l7n5gzl5so7hoq	7.62293290492452	2.14478202176922
did:plc:gmbwvbloz3qj6zv3gwdayhb2	7.00761761409568	2.48792551171844
did:plc:gmcden25fpedo7acocfsxocs	7.44434517636542	2.33807018460922
did:plc:gmd4ul5hte53ws6qvhy2zdo3	7.95313735869788	2.17826902972064
did:plc:gmdmp2s77b6hbzr6qlx4xzc4	7.34280548929523	1.63490753020498
did:plc:gmgtcnrhhthi56lfb3fnveij	7.91560589624205	1.95166741786072
did:plc:gmnntabyhhbrf2nyx7lzs54n	6.18086433021807	1.94023167015943
did:plc:gmvwqwhnr2rzusfpee557a4o	8.82778369484865	1.47269718440964
did:plc:gmy2ubleuz6tt5tps6gttmjc	6.35009509046638	1.83507586607565
did:plc:gn4lhix4ovn6cryo25vyp6bp	6.91841579918667	1.97334906650133
did:plc:gn66hwgoift5m2up2eb2wwgp	7.41211720776973	1.86678494717278
did:plc:gnbdt66sfgwqx72tbrz2hfdo	7.16812047962564	2.30565793282252
did:plc:gnbhr7hjsog4la2if3hg6hur	6.57001972482768	1.79017148398486
did:plc:gniuophgkhxtpin3hcejaxqb	7.2390075143515	2.21391484002717
did:plc:gnkdywq374nnbqyygm2he76z	7.49662386143514	1.75599791518175
did:plc:gnmilptvbayt67itqis6zskv	7.16856914702599	1.82108003050769
did:plc:gnp3w2mipvxxaeqmayg2uo4z	6.52129236468015	2.27970432697475
did:plc:gnve23ezeuiviujlyv6bf46w	7.33844200400758	1.74144009959351
did:plc:gnvhsdzvbjvr5lbruafn5sgo	6.66565894218222	1.90460817484608
did:plc:gnxi5og6mafaimulumu6f5ky	9.25973848782586	1.00587902504004
did:plc:gnxxonxrftnfu63nnkzignci	7.54606605926207	1.62595253024649
did:plc:go6p2mdh73lkqxcznyzld2n5	6.74327298266322	2.29440249174907
did:plc:goakr6wl6j5urha3n7txlgdf	6.84696701242305	3.15251490918863
did:plc:godtv55mjv3ubsygdmhr7deu	7.18198432022518	1.80881723691815
did:plc:goevkqgyl42gpbtzkww6hc5x	7.12916209315779	2.7362299577953
did:plc:gohmuzz4x7e2z4or2pkukkg2	7.28254496398744	1.92422418233299
did:plc:goj47o5uzbcfvlbihl52vkpi	7.35842790848177	1.84242307976567
did:plc:gokaibii6qgenajmml7ebtzp	8.63239996453705	1.6178674973067
did:plc:gokgl3bylv4hlkzsmtasn34x	7.21389461196808	2.24178563178349
did:plc:gomtd67i4fnmpju6enmxhg67	6.26466320188395	1.6146087675464
did:plc:goq3habzxhbua4qqxkby6a3a	6.97580567472705	1.75871563726962
did:plc:gotbbl3savif7vrukvsvvsff	7.69844903738795	1.75228203831752
did:plc:gotu2pnqvhsakgvtmnozi3lk	8.35626968179999	1.47261798144948
did:plc:gov4upulfwcypoe7e2xgguco	7.01568856708318	2.11827314288134
did:plc:gowbbasdyngekcrliqrswxzj	8.80333520406948	1.37593965647121
did:plc:gowgscajibha5uua3d6toyf3	7.51421158627901	2.60240385836714
did:plc:gowpjdlrbp4zfpz5edqkny6b	6.35250572655397	1.83145841554133
did:plc:gpc7d7x2b4aauh2rwly2vyxa	6.77632614551529	2.20334653013855
did:plc:gphtspa6bq76kjc2aamzhsah	7.11061053181879	1.62805053347188
did:plc:gpijdlag7mv6nmtc2qfhq52e	6.75823661182547	1.86491930301815
did:plc:gpiu6iov62ep6mdw33usmspm	8.24104005194401	1.79081039920759
did:plc:gpjp3pbwr3hy6amkuwqyoebh	8.3056738672436	0.634962522339889
did:plc:gpnnx7qkrdpfksmesjll7m55	7.03076866595354	1.71279071822992
did:plc:gpo3yg3moyopp5o7kqs6m4ah	7.62277979069462	2.25051949791151
did:plc:gpqzqh3rbamgt7obreo6msjc	7.6564128297493	1.89753832056395
did:plc:gpwm3dgse5juu4ayzevhy2kf	6.89142342472061	2.09483796528761
did:plc:gq7qq7iclps2s3ikftxea7nn	7.49852791161264	1.8208633166049
did:plc:gqasv3rcu22j4p26gizsjrtd	8.06311705798336	1.5902494862128
did:plc:gqc423ntgvds7rvewc7r6ai7	6.83781147454832	2.22731916983448
did:plc:gqfndoyoirpq4u2sopfs2dxy	7.02009859344587	1.88045450176586
did:plc:gqiijyud3i6ijrpy3xqt3k3g	7.58950573347878	1.5997228317216
did:plc:gqmno7bcwlfevyc2wgzpl5f7	7.11964514475327	2.36367417600483
did:plc:gqqhgyeyw6bpngrl77l5oezq	7.83122403997331	2.48321729524032
did:plc:gqryheaye3lped6alt4djrq4	7.59906584520984	1.66576781546177
did:plc:gqvyypmnur6cjvn3ehxyjk6v	8.00617635469	1.74045574826097
did:plc:gqwanfvytj5g4nkwhmhh7zgk	7.30922328070207	1.81014062131331
did:plc:gqx7odon4zyp6cdopwgury6q	8.24216836075856	1.52060312187209
did:plc:gr3g33y3hhopzwn4otumb6ld	6.75684547815322	1.77729366735655
did:plc:gr6re3g3hsdloogqcnqbjnzp	6.10828051427665	1.9974977592993
did:plc:gra3iv5fs4jbycsalq3y2bq2	7.07665277798184	1.84605215025302
did:plc:grb3kuor2c3cefcs2mw3oka6	6.90993699830536	2.10121183358239
did:plc:gre56bhrid6z6l4qzioalj2k	7.72280412359551	2.3541768485757
did:plc:grgw42afprppthbnuu7x5wjj	7.07074389210627	1.91556762251434
did:plc:grkty2fza3chabu6zctnxlgk	7.47945456258111	2.4421889139041
did:plc:groufxyvetd3u5k3c7dxenr3	7.29977563741363	1.52619959871573
did:plc:grqsjfqarg2lan2davnjhjjl	7.17689320582647	1.73769874522011
did:plc:grro6haxx3qfcg6owvzmmu4z	7.50474186213884	1.5159787675409
did:plc:grs2j5fobrk34xyk6hdwfhj2	7.86260413953357	1.67232363414054
did:plc:grspob3wizkepp76jhjucxkl	6.99303798721676	2.00961932163583
did:plc:grvqhukaed3us6s6ftno2rit	6.87125393851338	1.80475454963705
did:plc:grwjopcjxkmayfzemseflwwt	6.95403664838752	2.34883943005493
did:plc:gs6s24pth7j33f57shmld7jl	6.69893841198555	1.86174584437933
did:plc:gsdgrgu3cahgihxk5ivtchim	7.25952837766067	1.90543642556163
did:plc:gsdkigd7xkip6syoz2g222ib	6.70056058645989	2.77899319602028
did:plc:gsdq2pyd2pfxmsrd5onyvmtr	8.67112114655102	1.66093327155113
did:plc:gsgdozg72idvwu4xftij2fkw	7.44160898085628	0.720892112199431
did:plc:gslssbxh3hculdcpicrmaet5	6.41534496082273	0.715731487617321
did:plc:gssixba3e4wjrwbz4d74ie52	6.81357740479192	1.62600682509203
did:plc:gsvijs43zdrllvvhccva2boj	7.53925916338296	1.98367207261589
did:plc:gsw6yzjoiw6ho3m2j7vudot6	6.71566343426056	2.01486758189463
did:plc:gt244ek54lfuqcyrwnxaunpz	6.80641310883383	2.44698568401583
did:plc:gt5f4xsjqzwdwqsakypbknxm	6.80397572546131	1.88496440977335
did:plc:gtbjsg75ktkfjdvwxsuyzjjs	6.99828458148281	2.5971761251285
did:plc:gtc6hzsjsej4wu3sffayxrvu	7.14211533945601	2.23119744594146
did:plc:gtis2p2ws72rkkzoht6p4kco	6.5723496203007	2.43381774437692
did:plc:gtjjae3dj74kipfke4jhc3ok	7.28270941407444	2.38779909408736
did:plc:gtovo2jaheu5fpt4zsdaiyox	7.38004501956105	1.73576854230207
did:plc:gtpkhew7cw4wnx2u27jyujsg	7.22471016698493	1.65826681559241
did:plc:gtxic4ci7aaoway5lw6nucdv	6.49608289705097	1.92414802563452
did:plc:gtxsqmstpopdj3iooo3uzz6w	5.92030219092235	1.92633697215916
did:plc:gu5az3iedw32t4kmsqmtwvjn	6.70577960549246	1.89669206860457
did:plc:gu7qx424vf2jwdmothm63niq	7.85177297178523	1.96655907717677
did:plc:gubb27pp376t62c7nc5tbuul	7.08803640277079	2.44924260883424
did:plc:gubva627h3mrb4xddgb4kowt	7.04909713407936	1.99556263809618
did:plc:guodclzhzye5sigi6smkyvnj	8.09093063610395	1.89243164050062
did:plc:guqbb7bz4wprwc4ij5inc5we	6.42420685096883	2.37931160750817
did:plc:gurziwsuwzob76ickp664oho	8.89499750114904	1.3467681080585
did:plc:guti2cizjj7dopjopym4lbh3	6.97522388047014	2.43853701913633
did:plc:guuq2dz36nm5xig3xyf2nm3a	8.98165730360251	0.547587140600488
did:plc:gv4apyoim7qtmskr6fb4wooj	7.02960791029071	2.16074527876391
did:plc:gv7yyx64ck5icio3fwmzexg5	7.0640249479407	2.38280390255914
did:plc:gvhhrbpka566adkmopthgb6b	7.05733452568859	2.56256345540851
did:plc:gvjbvvm36ytddedrlclwqjic	6.89137975657339	2.34593713563546
did:plc:gvol4y2kga5pbnxw26e5m4cy	9.46858797870837	0.733959789238206
did:plc:gvu4prccmkh4imfkavcdgr66	7.32290847105288	2.20749054606239
did:plc:gvusxsz6wheqa5ltfknf2edc	8.80070427828268	1.02186389034082
did:plc:gvyxzyx35jf7rqzkoxhal2zd	7.16283826891775	2.51628801300477
did:plc:gw3f55dxutc5ryjmkaa6rchj	7.46356576083238	1.37191731809583
did:plc:gwcrvjy6oif47x6jq7xoq2dn	6.86717057290255	1.96339818868064
did:plc:gwfgwke4pfxwisq3jpz3gsno	8.49130478949466	1.26728150869413
did:plc:gwjylfsklh4d2f3ky7ndmkfy	7.33249952936451	1.85912164177443
did:plc:gwoomxgz25coxi6ifgjba7my	8.11677714177642	1.66703459921708
did:plc:gwp7sbxvblr3suacx4wv3h3s	7.41839976616862	1.39408897924999
did:plc:gwrmnz7i3afow6skx6tlskwj	7.71402071923656	1.68924854849678
did:plc:gwrsoytvepk3b5c3chyvwuiw	7.38596882620171	2.48738573084685
did:plc:gx3krfwv7y73j7c35jf4gc6h	7.46788309396803	1.45081762460771
did:plc:gxbcmax76ntqtf4773zzulak	7.56717163451422	1.87695946128814
did:plc:gxdwzo4ovcnrv75yauelsedi	7.17962278376032	1.85811710661355
did:plc:gxmtlcz2o6mli344bmzu7veb	6.22087075981552	2.62984664629344
did:plc:gxzbbfayt55rwbp3ocdfiv5b	6.6565316131073	2.11577416483047
did:plc:gxzyynp3wnxadkekg5aorc2c	6.42933048962178	2.25593034780911
did:plc:gy3dtzqphdgstkn2eevry4p7	7.05247605570948	1.96694530828715
did:plc:gy5u6icdumvpohfsw4u5iqtc	7.65235246969228	1.76493020043521
did:plc:gybaua3wtql4ggompkw55f7y	7.7704814165704	1.71160917738229
did:plc:gyg6q25u5mh6wm6iadulkerc	7.88027104530565	2.08718852361059
did:plc:gyhfc4rjh5o36lxdmkhsh75d	6.28586261397133	1.80656612175406
did:plc:gyq6iedoiwunb5kdimsjwcgc	8.2596220062981	1.68582168167757
did:plc:gyrosadfxdp7r2uram5ixlcl	7.2550754441348	2.06101109681885
did:plc:gyshcmtphlwvlfqvmvinmzil	7.06599717411016	2.20865004454905
did:plc:gyy2g6dlrx7jd2gxpmb4wgup	7.324558266376	1.88499622913993
did:plc:gyzxffgiq7n75usyzxujx6py	6.25877755632935	1.95143427624001
did:plc:gz5eyote2culd54wzupsipxe	8.12206255006047	1.97929626610541
did:plc:gzb3oyvxtgxvm7ddupajgl57	8.05403624014725	1.44103166890707
did:plc:gzeacyv5kejszaajbexbkxql	6.88257042182424	1.93935725494165
did:plc:gzhuqem5pxte4a7b6bq6kocp	7.69602107103128	1.69691032455012
did:plc:gzmdcktpjjf3wysm3unkrsf6	8.03217485244707	1.71083813969483
did:plc:gznmitnujihuulvrftqhonwe	6.79976976943644	1.65437390595084
did:plc:gzqevvhaa4gxb2uxvzdsutrb	8.83005459827256	1.27336670917918
did:plc:gztltz6bcpdybn4oux3ii4i4	6.79601138845304	2.21608953189637
did:plc:gzvywoep5npzlhbki3wem6zb	8.01703988418962	1.53546491661294
did:plc:gzwv53egcq6lhjzt4lbktd7j	7.09345290638993	2.20818550531387
did:plc:gzy2m33odhbt4ebboqmr3yxm	7.00833180440691	2.06500636175178
did:plc:h23px73bq3qumvb4mhs72zpx	6.30834237811273	2.90163108383967
did:plc:h23vbl6bk7nvpdxpgnxioxs7	7.46748127910759	1.66272168647209
did:plc:h24wfqff4dfcwsbn7nlwrssm	7.71060088272521	1.80094608307648
did:plc:h2axszhni6bdlgm2rubr7bni	7.40419465221605	2.03158126244476
did:plc:h2cbvx4sdfg4gzxer56oytu5	7.30324380996349	1.60710297634719
did:plc:h2cvyvfym5r5pmupiaihbl3y	7.42706961217425	1.96642090751569
did:plc:h2dzwjvil6cz4mwpm3onklyy	6.53729726750936	2.27602996540906
did:plc:h2eq7r2azu5tbxlg3b24fqb7	6.52006423460152	1.83965798391568
did:plc:h2kvxvowjpazuu4mba7wrych	7.56272725921335	1.94083910950469
did:plc:h2ngfrwytj3vrfpyzzz5bznd	7.33362326904326	1.79899292178466
did:plc:h2smembloangevwz7l6kagbf	7.75425487672086	2.22510185954357
did:plc:h2vqne3wd24gtggw27v5eafi	6.42306804379769	1.87873902143326
did:plc:h324yxyojpwhnwz3hn2xpdnj	7.81276466565125	1.84986290551094
did:plc:h32oztv2dq3otpatyo6v6cib	7.45251417713067	2.02116898715169
did:plc:h32yhyzsnlqgr7lzmwl3nsq7	7.06289961068213	2.52595260015384
did:plc:h3dy6rawqdqo4xiawz5deus3	8.18278485983006	1.66946207562934
did:plc:h3fgiedztpuwnkdmcvy3x77q	7.75682806383	1.85688728663763
did:plc:h3k7dooweruhmnt24l5s5b2n	6.82673928080655	1.87134839956375
did:plc:h3kojnauk3w4nwiz7pnvzh36	7.68089783011216	1.60451761139194
did:plc:h3lupx7n2ks5gpgi55ghpz2u	8.37151493108918	1.81564492031463
did:plc:h3obe5a2xs6bvt5toatpavmb	6.63835678080137	2.03155301594599
did:plc:h3qssz32kdnezfj7rka22ha2	7.99172048508253	1.92441334822203
did:plc:h3r3qv7g7ndgc5q4bs5nbq57	6.20980747905292	1.70446381055861
did:plc:h3tkrcwdqukm7no2nw7ykits	7.66060655397085	2.39908140966766
did:plc:h3ui7sozjn6ur6nopa6b6hmi	7.12322682914135	2.07992671092105
did:plc:h3v5c633hu75zfrrbbdbdcag	7.64964846748692	1.75729764182087
did:plc:h3wsewvq5ek33axkplpq4dvt	7.07091354832024	1.73646219337123
did:plc:h3xpts5usfkwvhaixapzp5gk	7.34672194916229	2.05873405301136
did:plc:h3yxhak5f6bighven35vfhw7	7.14205051191379	1.85285055597814
did:plc:h3zryplt6mpnnif37koplimk	8.5719835040607	1.22769591913953
did:plc:h45kmyasak7bs2hypjmdjnxo	6.76130673993594	2.2140709793603
did:plc:h4b55vcm2snn25o6xdle7bxl	5.84658815080974	2.49315990841002
did:plc:h4cf2ma3l2kluxuor7z7csfg	7.09498128923359	2.19694420005671
did:plc:h4czd3s2anbr6hddno5hnoqo	8.77096616773765	1.35460814338046
did:plc:h4kszdco5tzv6ooqiv4dyg56	6.5961215130007	2.30824988474845
did:plc:h4mpmuwxuog4nkiyam6lrges	7.36282095611993	1.95031440959622
did:plc:h4qgr7xzpuk2yfral4snperb	6.699186650539	2.1821563395159
did:plc:h4rbosw3n5nvvfhhjricn2yy	8.31852064679751	1.55693019522613
did:plc:h4rnbdanbl3u2czpvkbve2se	7.69504447419019	2.04110967247306
did:plc:h4seihj5zai2yv5mr7j42j2b	6.58885568467579	2.56898741312582
did:plc:h4u23oi7szn3lzf723lwdtnd	7.78155720687301	1.66141784013948
did:plc:h52ej77zz36fh4vp2rcftdye	7.41672844510925	1.97345769184494
did:plc:h52i4okaffafuwxqrjw62r6b	6.8053833077227	1.74560043860687
did:plc:h53qow4nx4y2ckrl6lm72amu	6.80733272006386	2.42285446452644
did:plc:h5buobvxdsfpgkh65ucqmxfy	6.46175728951991	2.60882118226614
did:plc:h5dmf2xgqz4a6w64rm3wxcdq	7.69605519348655	1.83521269789545
did:plc:h5hqhgg66ctz2j3i2u65ue6s	6.7453750863831	2.47428829938638
did:plc:h5i4yriyw3btoqxmei3dnwmx	6.9319181166585	1.76805256706013
did:plc:h5nfv4uti3d4ryaafuagdzkp	6.43092028516598	2.55440784217264
did:plc:h5qanlh2v4zp5jpghszwn7ej	6.8420513764028	2.1426876182767
did:plc:h5qeoapecl6mozpb3kigt6zq	7.51536347401232	1.92855351895273
did:plc:h5vunhpdak2zf7mwswzfbt37	7.37685672294241	2.21692290285997
did:plc:h5xbmcbklrgfocqskkgqa43s	7.5916519155134	1.91765537301214
did:plc:h5xf5n7whocwtli3tilgvdd5	7.72013664171764	1.97264617074283
did:plc:h5zfb5ulh7saiy7vk46qi2h5	6.25209759700211	1.35834389021712
did:plc:h626ovrowjprddw5zot4fj2r	7.61341080359637	1.85776338363224
did:plc:h627jh3ftuxyxu4hnsr2pbmk	7.39258541361544	2.52403397088002
did:plc:h627pn5o6ic2cqb76vsdwfiy	9.68193955345268	0.485334518386548
did:plc:h636z3gpo75slnczmfzrqoga	7.36997060719086	1.85231205434097
did:plc:h67wfeaeemvavdpyvjymhku2	7.98933080420552	1.62084431502638
did:plc:h6eza3npki47yih5qvjo6shb	7.26150987149107	1.89154419126418
did:plc:h6m24jq7cpqatguqkiadx3wq	7.62182095807112	1.73414092891406
did:plc:h6mvq3bo5xed6odseed233lt	6.98761484206852	2.06441219151488
did:plc:h6n3z5vatkm6ortaao5cddhd	7.60498166091404	1.79949971496402
did:plc:h6tagdalxlh36waioxilpuvk	6.9067528898973	1.68336145045036
did:plc:h6w26vrnerd4vck5yfhdndmo	7.56027673469703	1.74220712540224
did:plc:h75gecjrxw7n53codnqvw6k6	6.73792178442829	1.87600571735826
did:plc:h7b56cb53twy4didcjkvlllv	7.67297060845487	2.06299628947989
did:plc:h7bcojainmkfygdymkwiptlf	7.35676773189609	2.31864276262567
did:plc:h7fibygze76pklwrhbq7ilzj	6.28331797133976	2.03896384986531
did:plc:h7gujvdcjzgs2fnpcxrxenvp	7.54970537711408	1.76814730119719
did:plc:h7jza4lzb6dpoqmzas7r5ih4	8.53568702446773	1.61859093057789
did:plc:h7oyj5lej4zabbo4ajgzcd4r	8.04712452303885	1.42729118725682
did:plc:h7r4oqhulejal46a3os7umxh	8.22094186474353	2.13308155996736
did:plc:h7xolm6p6ds3sa27fxr7xzok	8.16879693147151	1.75979490518381
did:plc:h7xr4acgatzysy5anv3dl4dw	7.54738760155582	1.63423338581792
did:plc:h7yeabpztca6me7qpuv5dieh	7.20872747147913	1.99221402766597
did:plc:ha6ey5bc3dej6okyw5ngmwqw	6.54804916481447	2.53417095065682
did:plc:ha7ja7sit3ox36rqnbmlpm7i	7.07591899651822	1.949001043995
did:plc:hae3dcpzpcnjejuachoybrth	9.31760402616801	0.876364832585496
did:plc:hafaidta7ehzcrvasxvlgqhu	7.51989033533357	2.31377079549077
did:plc:hagaeqvbt54q2teff4nhjiuq	7.13821927538363	2.67528148041292
did:plc:halj3txcfpg4d7a6ukrul5mx	6.93671414192601	1.77364482045343
did:plc:hamwvlreu7kt43rkkhrgegie	6.60939401949532	1.93992412980253
did:plc:hav36qk2cgwsfawyzl3mmmdp	7.99840201202306	2.12188809424589
did:plc:haxmbkd75nkd3b7ctkdkfleb	7.03379373398364	2.04340241633914
did:plc:hb3hy5ychqmlz2zm2amtimm3	6.65319319084997	1.99683973605923
did:plc:hba2b6kggbfqtueokddumyr3	7.44020186496429	2.62601469544196
did:plc:hbd3oakvi7cgrueccgtobmdb	7.33673917974967	1.84215766713509
did:plc:hbfutyjpdigw7j2i7ppbxaqp	7.20793589532905	2.49852321464748
did:plc:hbgvvhttk6kbfeo7uqjl2zob	6.52202020305827	1.9912299014392
did:plc:hbinodjachrkiel56t3oy4fi	7.15795516602444	1.78636130050517
did:plc:hbkrkvjoqlf2o27wrzadeovg	8.35312597212656	1.72933439600598
did:plc:hblfgcnkp2unjuzot4ieegfo	8.20371210839005	1.91720529386552
did:plc:hbpfg6qgtzhiyf763ekv7jqv	7.92558730811903	1.76096830474133
did:plc:hbuxubf7gdl65mff7cwtgnvt	7.1890632893811	1.7874319368372
did:plc:hbv4i3p4liniaxx7mtcysmtk	7.20660844366276	1.93453581077679
did:plc:hbvemq2nyymbuzgc2stxox7c	7.53824387746537	1.9813098877458
did:plc:hbxryaygyozklv5xrof2y3gr	8.57706735872177	1.20801201388285
did:plc:hbyttpolpmc6y5zu4q5homo6	8.47116934116106	1.60931994443747
did:plc:hc53vogdudyqczbalqc7gqtm	7.03097683244569	2.24908357616457
did:plc:hc7zdrott6vjgfliiltp7x7z	7.3253367768804	2.03461998516527
did:plc:hcaibhj6f4xhckiisfyluadj	6.53246840073171	2.4144458686614
did:plc:hcb4g2gv75rs6ioy7kfbvjb5	8.70910980917695	1.42689861987173
did:plc:hcbstxo2koviaiovbpewg2wf	6.13368434371918	2.02809529137169
did:plc:hcctvpgpp3dsejavjnyi6h7u	7.42562448623535	1.44576230800819
did:plc:hcemb35zpyr5bc6nzwhob4yw	7.53989693296275	1.97509288325661
did:plc:hchrt367zuvt7v4hkm4aoqv2	6.90107297807711	1.7770372772196
did:plc:hclcnikv4ss4je7kahq53aon	6.58985635957618	1.83455342554521
did:plc:hcpfujvamd6gaiq6dcrgwldo	6.40327310940098	1.87561472357824
did:plc:hcpi2jm35yzsuxbgi2slg3cf	7.87340022131533	1.89162442992197
did:plc:hcsm3s7lwqrsr657bfdwxbbj	7.36104240263704	2.07761347868933
did:plc:hcy4bkbdewqkj5apdo3xmibh	7.17761269707311	1.60402498651909
did:plc:hd7acvqvmzqyxdabt3bpi7ga	6.9890503796087	1.65316448216396
did:plc:hdffalr2f5d525m6wiywzglz	6.24610252820474	1.99291145079788
did:plc:hdhmuf5pht3osys5ockrrqim	7.00864153280626	2.61096043638249
did:plc:hdkjc2wz4uqyqralv6irxkux	8.11168632276137	1.60829432302758
did:plc:hdpylctvu524xuqtepxeaj4s	8.005219293843	1.85154386569366
did:plc:hdq7fj77rhonht5b5pl44r6g	5.94057822238009	1.95539523901711
did:plc:he4suebutgyuf4mnzydfrq2y	7.01190312870718	1.90924980980096
did:plc:he5ef6mlcv54ajjokiuqninq	6.89128789708324	1.71790004819039
did:plc:heovktsgawzvkb2yn2fh635z	7.02732420675775	1.95097977195941
did:plc:heoz5xxbjvdmv6mquaoofq7o	7.74755988709362	2.07760307743232
did:plc:heqgyctvzbvuo7ennofmqw6y	7.66780628810213	1.91429688525199
did:plc:heqlmiguedh2hur6zejzmhip	8.14936904519453	1.5042897325965
did:plc:hertjf3rdfuodnf27i47rugy	7.6667489684316	1.88399934551469
did:plc:hesiqvcackodbm5aoyqsx42u	7.46824324387544	2.17329906113122
did:plc:hf54hup6eckuvzztk4lf2jxe	8.00537168287605	2.38454361047938
did:plc:hfgkv5i25u7gcq3mb27fjgmh	7.56581919147376	1.74889769359709
did:plc:hflrjds6vputdmmesi62ayx7	7.38724900394851	2.02325650594947
did:plc:hfnwgseff4kar7shljty5u3q	8.27931149451093	1.45097789298084
did:plc:hfq2ioscixadwhtyqthe335m	7.3549972230188	2.00538160145307
did:plc:hfq46xcvb257w2n6rcfsb4qu	6.70630247108288	2.3620506379816
did:plc:hfuhke26c2jhiq2q3j23g5h5	6.36002698754327	2.04767678466287
did:plc:hfxckihiwfcpai4cqtyhk6f5	7.96146427893877	1.90847403150945
did:plc:hg3i47hifxbknvu6rv2ug2wj	7.03138075547864	1.95022364328765
did:plc:hg3naof4zkg3b7sru2shcyjk	7.93532388155483	1.66407070893739
did:plc:hg47p7ewotnngirjflgr2wht	7.40960051837825	1.46343684269592
did:plc:hg4rqacqjbtqzggo54l3gf55	6.58236783199603	2.55338324253635
did:plc:hg7f6v5v7246nitfg5rn77qr	7.45614364827837	2.70960833531108
did:plc:hgalkpewirdsvdatcsq5tkdh	7.79508407069449	1.78556439846952
did:plc:hgbkvdeccb2ladjb6k225qug	7.57866632065454	1.50519757676988
did:plc:hgc6mhfdexkdbn6lwtrrtuwr	7.53712732082001	1.75905393708209
did:plc:hgcxwn3stcejv2cpkfbn7u3t	6.46439332057253	2.38396817667449
did:plc:hghjj3jgylrrcgetrrxsyqo2	7.63307177029755	1.5664921710865
did:plc:hgiqkmwg2qxpoytx62l2ohan	7.21608639325487	1.89657480838714
did:plc:hgjhxr4meo5lxm6ope43i3xf	7.19121458741968	2.00310989768629
did:plc:hgkl7addhfmqxawxljo62sza	7.28165749906247	2.14890015847447
did:plc:hgpkkvrilubyhbiihf562qzy	6.77178420240325	1.7103166175638
did:plc:hgqdfvgpworoutu2y7w333on	6.21459764613243	1.67592740631553
did:plc:hgucejesyuv3uih6f6mvmdec	6.87164218859431	2.01680720880926
did:plc:hgwwmnqgx2ofuuhlwwu6o5na	7.32032897439671	1.82764936665925
did:plc:hgxnspcnn46nly27udoo3nxw	6.79202074931838	1.99591205462191
did:plc:hgyzg2hn6zxpqokmp5c2xrdo	8.10687985681391	0.229771601660148
did:plc:hh47c32asjp6sqpjm3hy2dsz	6.88331975537945	2.02317250365152
did:plc:hh4gjuzboj2fanhg3xjsjbmq	8.34432384775975	1.48255373389498
did:plc:hh637xcz3nfvavgeu5ztxkgn	7.60727977830137	1.75181457035739
did:plc:hhc467pruaszfawvv6wbstie	8.19533388599908	1.80164200600849
did:plc:hhdgv3kstlyp5l4jwpmcydcl	6.81932059097316	2.08829823991585
did:plc:hhjn6k2pv7nlu25ft3hab62h	7.01574323603755	2.63058830345467
did:plc:hhk2ud7jrmhpkm65pxjg7roh	7.75933440933046	1.59403936199483
did:plc:hhqbw7d3wb4atjanxuxurvfr	7.26405926852219	1.83552069084542
did:plc:hhs7webi5hsxtgn3yrqok3tb	7.43075072342016	1.38300659989319
did:plc:hi2yxixzs7ahypsv53u3qtje	8.17931021925926	1.63422483857155
did:plc:hi7dwymtvvc36jzlxfevh5cx	7.94002736549798	1.89003502271827
did:plc:hibhkeyuea5pohf4w57nemhw	7.47351855390844	1.70598844209248
did:plc:hicrf2xidufft42ma2bwsxpl	6.37407446569426	1.8294011303018
did:plc:hieewdiuoxinwjvnejkmbimd	6.10504115673351	1.74986683219568
did:plc:hiisxz6ojxaq7jz3t6sl6hdf	7.46311148609866	2.665444338966
did:plc:hil4xiw4ogvgzduehdvmd6qu	8.10495115811353	2.06812218128182
did:plc:hisewq5kw2gbemip4amd4orf	7.42869317317062	1.53177424980732
did:plc:hixvvpg5vfa37n4ev4dnxn2b	7.49059183273802	1.39837641586412
did:plc:hj35hygp3nb54pzztih74nft	7.02892282761266	2.08592649210419
did:plc:hja25fgudqbrijr52335cdcd	7.71228248886278	2.5294505760456
did:plc:hja3pj4izu2g6ubv5bkwcmhd	6.57512956912803	1.80558872186153
did:plc:hjcfcwtulp4ueej5rgnxmvbf	7.53343515369499	1.78110269692616
did:plc:hjchb6ykm2sdtlb5j3xgyjit	7.62646582259671	2.18217569192197
did:plc:hjdj6uasrfmyfsa5cfxov46z	9.00735105303695	1.06502526739997
did:plc:hjgcxso2t2mcsot5gtgz2rtr	7.85235098941985	1.95878988418744
did:plc:hjhhoh54vqvt5sgb5k4zfeam	7.19991183126332	2.50755718621752
did:plc:hjma5vxydcfn677sntdrwt4o	8.10302273996827	1.82948759010319
did:plc:hjme2krexx6easancwem3spy	7.46248462397368	1.83028281455556
did:plc:hjrvjh63lf62gksfc4hf2h37	7.18950634273799	2.16096570167407
did:plc:hjtvxnsj4y64poyq6gtfppew	7.98467553698941	1.72492083538781
did:plc:hjwsgrwoheokyercz3xiet56	6.77648377027588	1.93568070492356
did:plc:hjxxdi7agnqnrhupq6a4pgvp	6.94433526412855	1.28163166679352
did:plc:hk5p6gkryauvc73nczimlzw6	7.18696494594591	1.62171422073632
did:plc:hkbwt4cm2fc557kekuxrqd4u	7.3067356750512	1.86244650899174
did:plc:hkfc6bh4fkyrgzdaqx25tkof	7.47290800364812	2.45693651246821
did:plc:hkhksorpcvrfblk7zddquatn	7.33554111101791	2.09554002145906
did:plc:hkmn5mf2jydimg7uqyru6pkf	7.83571490121962	2.00097429067729
did:plc:hkqeeqzvorqvxu2kbkfedgn7	7.4001137938114	1.8486687568913
did:plc:hkqmm7bhqjucm6xeitorj65t	7.15222575882846	2.00819618516755
did:plc:hkwfernhba3qelakdvdan6uy	6.17598145770366	2.86191529679259
did:plc:hkyacbvmkgxaqy3e4maywbuj	7.50260484923767	1.89975891107379
did:plc:hkzolnaly34unyfsp3uwqqk7	6.51090233708819	1.78042145801316
did:plc:hl24bf22ueurgfpahdpigxsk	7.26670408147137	2.15891420751166
did:plc:hl6l56gnqa2rgcv2p342tu7c	8.09300567953764	1.5945179948945
did:plc:hlchta7bwmobyum375ltycg5	7.59276856665545	2.10141988308595
did:plc:hlfdghw32pmmk6gnvq4hnxtp	7.95705973728248	2.10462354416772
did:plc:hlggzczj3gbsw6psz2hnljdt	8.09332044017245	1.97693289833532
did:plc:hlhz7yrjc7bxbypeknhrpbnz	6.52596312302739	1.90025581417403
did:plc:hljs7jtrbae3s355v7zvjk7v	7.52052686396324	2.22686789982269
did:plc:hlnzfzmzr6iqqhcfpglo73jd	7.17865876381794	1.8398553452081
did:plc:hloagtk6dzira4el2xnm6xrw	8.35789011947828	1.20139491806804
did:plc:hm3rcl5ck62z6n2mqlipdf2a	7.1594951836785	1.59811343448266
did:plc:hm4euky3y3a3dqrvstvbqakn	7.14195305835467	2.49929426456589
did:plc:hmauou2hb6tt3yekvbz7ukt3	7.73124516690142	2.10682747680225
did:plc:hmcwbtvh3vo34daff6g42qz3	9.09806918476964	1.39645330220441
did:plc:hmdnwf4naisvszip6zstbwnk	7.40172397367812	2.25343527814349
did:plc:hmng7nz77ajqxrnnucggbdto	8.83089880386466	1.55644426659185
did:plc:hmu6zsykcpwsxwxbw2hq4gup	6.97731150750792	2.5640982349789
did:plc:hmutk46e55mi62tytg2tanlz	7.07993953148548	1.32898673998822
did:plc:hmvpbmfwka4usu37hfu3lsll	7.58338831550804	2.10390761828386
did:plc:hmyq55j7hmub344ozmbgyd3a	6.63863417111947	1.90914084458825
did:plc:hn2wdao6pdmemn6bqxk2tnly	8.1649768696219	1.41931058312552
did:plc:hn3don2pu3qixr3qro76fbrm	7.62569881094774	1.96320457919032
did:plc:hn3md52ngkhpay5644fovajq	7.39155287211619	1.83470554527156
did:plc:hn3x5a5jrrjkv2koiuxdulh6	7.1182364240932	1.66387091286029
did:plc:hnafyrtsgz7qyv5ufvvpf4j3	7.62966995784389	2.10272164796388
did:plc:hnifqie3hyrksbxduofufunh	7.39613597127155	2.01844267976461
did:plc:hniqgwgf72g4fhwwnfej5bng	6.59796133432232	2.62823259126457
did:plc:hnngp3krwwuiezf7oa6wjeks	8.57202855071031	1.47476093970642
did:plc:hno7dnodp6vipzirqgz7klgu	7.3511603170902	1.57986425442144
did:plc:hnp4ytjzh7vrztvhpetfaxsk	6.6759729150791	2.39466387545691
did:plc:hnqcjsuegry5f2gudvqlll7g	6.8565585733184	2.21021083212916
did:plc:hntejnt5k2wzebb6km7dk2pc	7.25917072419592	2.23097085196433
did:plc:hnysvyirxsa4msenwg2siuju	7.39242359471764	1.8719013366089
did:plc:hnzjcwt3245tkbtsgx545yle	7.2710599265958	2.00286619205126
did:plc:hoauyaykvst5dkt6ndhvsnom	6.4928964971981	1.7687139589917
did:plc:hodzbtd77rxzis5fyzxkxbdg	6.94639657993219	1.78827854079669
did:plc:hoetegxdt4gi7zd4tt4gho7s	7.00823081499859	1.99310176253894
did:plc:hog6cjjddc6ko7rmphzg3ux5	7.31865116662717	2.28890832975221
did:plc:hogv246hvhsz42bz6ypjf5gt	6.76851944363405	2.09759776221109
did:plc:hogvmv42pqoaoqzcmy4b32k5	7.22159972021758	1.91319415315103
did:plc:hojf5xu5it7vtyvakizmfdgn	7.78029968363612	1.97235466139025
did:plc:holqyti47236edl4dtpu2woh	8.39118123309169	1.74240396525201
did:plc:hoqenw4qubbnixga6oq6dfrk	6.90143238383257	1.87837380124308
did:plc:hoypbabnmxan4yseioj6ea6b	7.5481244454303	1.95001589391373
did:plc:hozpeabh5roxu4pyowyeqruk	7.64234624441592	2.34711505674431
did:plc:hp3t6ov2lalbpfxxm74hrebo	6.84961650785407	2.11254254692551
did:plc:hp57gtcnxswux57dgzxmipwd	7.58406169224238	2.07353746712995
did:plc:hpcqoq3qu2igstio5udmyfe5	6.58798483815671	2.13276118825134
did:plc:hpf3ymxdohu6ycc3ptvaiarv	7.87335105446292	1.37277200807563
did:plc:hpgeksi6mpgbinp5eex6orhc	6.87398245192633	2.12749145579665
did:plc:hpkerhlbipdc5duvqf3onlrj	7.06330360542442	2.15365989062034
did:plc:hpkkidgvooykbvdzja6jcrgs	7.36619482540358	1.82966920884391
did:plc:hpmwx5yzq6qj7pgpkszzwdf6	7.2622330622357	2.70854384595373
did:plc:hpxvfya6iapdn2en2kbtce6y	7.42343465280811	2.64349263210115
did:plc:hpyturcypoyhpyfysvp4bnii	6.97004022651279	1.78349650881501
did:plc:hq3yu2t56dofi5omsvcfpwbt	7.6394084434011	1.7079718734279
did:plc:hq63d7zsbuvt2cnd4kui5dhv	7.94855914756314	1.88032196531454
did:plc:hqa6usxyqxnxalo765p2thw6	7.86140434087019	1.9457261400678
did:plc:hqataotxd2qgbskoegtg3fpr	8.48642013651459	1.50263691140991
did:plc:hqdgofxfqnvalp5frdizjgfi	7.28450987360469	1.95582069364001
did:plc:hqdhzbbmhuieqgz3q4o2p2tz	7.52473063238333	1.66881585486117
did:plc:hqftsuommrlrxaxgpbu5zcao	6.80196997505858	2.08907797195541
did:plc:hqgqqbeiawlhxucth3xi44we	7.03526848382893	2.27961441402299
did:plc:hqhgcckg2ircqeicpzpycisq	7.89226025874178	1.93062308687512
did:plc:hqrpav4bwt4zphlck4or73dg	7.13817685475438	2.29793345222416
did:plc:hqs7ftbaprtrufj3hqnzxmw7	7.08637221720095	2.6050682834679
did:plc:hquksjdol26d7yjuc2g7bm6p	7.65081929194046	1.72043560320622
did:plc:hqw7cp5i5yskvimcj2ip5l4c	7.45564411494788	2.16937947423836
did:plc:hqyv5wmcownserj6eqd6cgmr	6.95291217733361	2.39272558147495
did:plc:hqzxqh634sd546rfoazslb5h	8.42878174648415	1.52834131455089
did:plc:hr2j7kxbk5uthm6ey73zkykb	7.34276112800799	1.89394627249393
did:plc:hr4toce6tzdrfmphxgklpdi5	7.90646714220959	1.29960428810551
did:plc:hrbi5i2jqfgez2ji4j3dybv4	7.10592022532427	2.03041160815116
did:plc:hrcznauush2yb2zuw7gw5iar	7.28570233751921	2.34862651986612
did:plc:hrdvwilfq2yh4s4bah6peb24	8.1131955615164	1.57196956934839
did:plc:hrf3bupqxq4za5ue6qmyexms	7.89328100853535	1.96997114590036
did:plc:hrgh7prhljdb6gywrauqzxkl	6.72515542133608	1.84716806746409
did:plc:hrre2mydsxvx5frr4j7vkec5	6.34843917904259	1.96439762365223
did:plc:hrriwu6dh3eg7t5u3h6f25k5	7.38988492612355	1.86048132670162
did:plc:hruyzpt57b2466ruvrnp4o5i	7.15512632229151	1.55235703301553
did:plc:hrw4lnwizz7g64kja6bzjwsy	7.3159311529839	2.26455156969194
did:plc:hryohyaa4vcx5zccdsd3enia	7.10705466101401	2.00235064122529
did:plc:hrzkf5njbcfo5z3zrojjnhob	7.45844250398641	1.74271608244401
did:plc:hs7dvvl5mwt5bnh57sofkf5a	6.51746566499775	1.85154262386974
did:plc:hsaib24bco7gdzelemp7wqun	6.22686194735067	0.787400070765732
did:plc:hscbt4lg2xuxfo5nva2no7eg	7.28519222967592	2.29447137405507
did:plc:hskacxkloxdldrrepsvuaqlx	6.76241471367865	2.21524286180477
did:plc:hsl5slcih2vjagtggmqy5ev4	7.2396170298849	1.84655599325323
did:plc:hslciydate465b6kazqmu4mw	8.34807194797043	0.707088803671879
did:plc:hsmqdptrcnbw2krzfaeiuicc	7.6153802364199	1.97698385846339
did:plc:hsqtvknz2yfeoukmym43r2rd	7.18932922240395	2.87621140408799
did:plc:hsvey35kkjiqujnpqvl53d7p	8.33635410690052	1.3989146455029
did:plc:hsw2ctnydz34xahqejrat557	7.2459407802468	2.19149743718037
did:plc:hsxv3cast3oaq52mmzepi42w	7.93701456079231	1.64264957862371
did:plc:ht6oae3wp2dhfojobu2kvlly	6.97737068679883	1.76169635814228
did:plc:htfyyl7rp2oxl2mybzvb3oek	6.20489780758071	1.88029032867278
did:plc:htkrtnfqnn5hq7jbksnotrkt	7.26360988464178	2.13621114205763
did:plc:htmkf2ivo4guxp5n33lycrky	6.79693016430053	1.6527140476419
did:plc:htmyetvm5kz2rycydr4wzfv2	6.76203455813428	1.56986138922424
did:plc:htp3ecb4ncnpylkqydi62umi	7.70629760729994	1.61163064848306
did:plc:htsrbqup2ggmf7xldehygb6e	7.32121381662872	2.01096835447272
did:plc:htwgha4ke4meuakfchwf4gt2	7.21107878427826	2.08022335740517
did:plc:htz32xsglzodzeeh7hfecji7	7.32685430125175	1.7125613173995
did:plc:hu34w5zdg2zoyijplegq46sl	7.28212547308289	1.92123789610739
did:plc:hu35oubkccqrxl4ldgczpgw7	6.33912963370047	1.72266345670647
did:plc:hu3ims6hlcez7esoqngje4z5	8.00251360437873	1.77741461344221
did:plc:hu4of3ucjpvni5sebxuhjpzn	7.61282383052636	1.97980294730115
did:plc:hue2md6jb55ksycx4u57c6su	7.38934959706314	2.56623458528033
did:plc:huexevpfld73unnqq7y4oyfm	7.62413823721869	2.0832515796006
did:plc:huf3lpfrz6nalfuirnfyw2xr	8.13066096508104	2.06643974699614
did:plc:hug4wrmaxp34iolkl2ahlpzy	6.61585008488005	1.84799231330731
did:plc:hugwqhsk7secipafikickvod	6.97120428769938	2.25715944983531
did:plc:hugyv3pz24z4yc76yx3z2yio	8.30780624169418	1.65451275407668
did:plc:hujabbowpimohg73x3huaix4	7.98646086945971	2.07999893187819
did:plc:hul7eia54miizd74keqjhfta	7.40502832617664	1.98859932262609
did:plc:hulpcwvmqr7en2xvajridb52	7.90330545105369	1.90575634239217
did:plc:huqhr3oxhwa4qf6kazmvfiat	7.10422372429878	2.11002081792143
did:plc:huqursdnqdp3jxss27avckmt	7.2905382601022	1.99798106099674
did:plc:huscmets5fyprhvdyqlmzyln	8.72048834662328	1.43192513185704
did:plc:huul5dhax5p5afa2bwtvhler	7.53928466499413	2.48059418132115
did:plc:huyro6wrazs7mqvxk7artggx	6.79267887000451	2.0510602783229
did:plc:hvbj55sa4snvjn33764f62u6	6.50919691105607	1.93399842063303
did:plc:hvebt3oxbmogy6qf56vau3ou	7.30040828198559	2.07430656370917
did:plc:hvfuruyxracx5zphdlwld3ba	7.5108097070821	1.5202320750494
did:plc:hvqcil7nzicnyvsfypl4dcxn	7.29129462504637	1.75276257300168
did:plc:hvtxdegj25c5uizwwho2hfr5	6.94128708282791	2.16337683119746
did:plc:hwcdw4ggiiwxmmkm6oir4uao	6.38146062447376	1.96223668549129
did:plc:hwe76caxsifbzbaas7b7didj	6.55754781389707	2.03034429737209
did:plc:hwhzct4mhm6dklecz6ykkzzv	8.00641203716249	1.21022836977913
did:plc:hwlafto7o2eunby2zqez6fsl	7.98191625691985	2.05825181698378
did:plc:hwmnbavmcmeyqg7ovbgev6bo	8.06517771676485	1.55308428972352
did:plc:hwssknphcjir4s43dbxya2dq	7.52165399056705	2.04660067840988
did:plc:hwsunfl6f5ehbvw27jo3nft7	6.75568797961777	1.87282399012006
did:plc:hwyilrzrdfaurn3t3d2zgjro	8.12256104016675	1.76228863641311
did:plc:hwym7z44tmyjbq3c33tlbcla	6.98377192506875	2.00633416130262
did:plc:hwzgp6fm63lmbuzs3erakrog	7.3947418050656	2.06401788519571
did:plc:hx33adxvgmvb5fimpfyf6n4f	7.61717751928729	1.78216479679393
did:plc:hx4x6y2sdb53kmsakyzkhyvh	7.41329294927399	1.8908937139739
did:plc:hxa244tewjsfmtluqdsqor5s	7.00028692110598	2.03972054562971
did:plc:hxfauvcmlvrjxkdhezfse6fc	6.83284218387269	2.09727770446774
did:plc:hxngdv5yu7bgpf7futg7rjny	6.72872848119044	1.87246698049827
did:plc:hxpkf2ff66wkjset3g3qj74y	6.60718569902711	2.45449647569514
did:plc:hxsejmubpk5zlujrzbojwlpa	7.38046552351117	1.72549554921778
did:plc:hy2ythhrgyaqbm333gtz5cb5	6.46639550230582	2.46654646198087
did:plc:hy67ow2rucpj6iewyunaxe2w	8.31406664323915	1.4967807845324
did:plc:hy72baf5v4b73l32dro3iuoc	7.28728053024807	1.49005491345701
did:plc:hyaofc7auqaagl27ymkq7uwy	7.84054337894649	2.23911961908489
did:plc:hylx6xtgqueovqwstw7sphqa	6.66260432245261	2.69580508626184
did:plc:hyn3qoftnxjfxxpbvhesdvi6	7.5252429363283	1.91748987586936
did:plc:hyudepuy7vlcapjwtf7ravg2	6.91087710762155	2.20521346762018
did:plc:hyvetgjzdwuj5fxpb6xdxcnt	7.13649912929856	1.93250610726787
did:plc:hz2wyhwqs5uuxsjqw3nfy4n6	7.45253358355267	1.68195562147974
did:plc:hz3t3kgpyc3ouenlmmcmbrds	7.77749822393243	2.02450216029188
did:plc:hz5x7vvlapiz727zvn4ahhhd	7.69134558617087	1.23516768982377
did:plc:hzfw2mbteb26hruukfzsrizx	7.97252397460366	1.42952264070223
did:plc:hzh26nxk6pxd4ijwpst7fvrv	7.15706857116638	2.22669222781917
did:plc:hztgmqootkwi6l7wuddhpfmr	7.15588317823252	1.70628216138432
did:plc:hzyrm3utfecmj72dcoylwnrl	6.81940875646143	1.94560547851424
did:plc:i23us47irhxpcnkxqcvplthe	7.75009671062826	1.90368679269642
did:plc:i26c6yjusrlvqfex6hh6zrw5	6.52708490093837	2.0283756756443
did:plc:i27sf3bjkripczm7mfkt6skv	7.09176225726807	2.28308633664462
did:plc:i2d4s23ysdub34t75ah36yap	7.02787051699095	2.50121700797598
did:plc:i2h6isbefrow6spmlnppgabn	7.07155727617801	2.38284180901506
did:plc:i2i45jrwze26vvjxm526q75t	6.81986431900747	2.19484181900639
did:plc:i2pfzmo6rulm5hb373on7gso	7.45661936179831	1.8189042701205
did:plc:i2rhdd7shh4wn3nx4gqvtzxo	8.09446208551603	1.59125088105262
did:plc:i2rnjpz36sxir5d5vvyu4pwr	6.79317309766999	0.876278934666455
did:plc:i2vpduukewipm2xjh4tyqxmy	9.09191352365295	1.15207638844541
did:plc:i2w25i46ptsiocdxpvne2jo2	8.4587855191687	1.8180028891719
did:plc:i2w3lzfdx7c7vpnhyjj5uvip	7.70500436021638	1.687828461876
did:plc:i2xi6qcjhh3lnxlxdfdltb7c	7.21190317237383	2.32348025393566
did:plc:i2yoy4q6dye6x7nhondziv7b	7.44163338075419	2.15455721895137
did:plc:i33364e67bhzgnemuyi6y4vk	7.0546976739353	1.81951897369948
did:plc:i34hqnsm5mz3eakl5jevmwca	7.0501347090433	1.78301007269804
did:plc:i3c75fgql6jmdljq66lbyx5o	7.35188224524285	1.70294890074888
did:plc:i3ecnpz2zim4a6ben7k6osns	7.46244581825017	2.09669982052451
did:plc:i3et5rq4gsjc5rirceafsrr7	6.88328379707641	1.91287738327596
did:plc:i3fhjvvkbmirhyu4aeihhrnv	6.82663536834157	0.98876615644464
did:plc:i3hf6zlzuqdehlwaznkaglb7	6.61941476418133	1.81464929804713
did:plc:i3jmbwvmnkxuva6dgdljl77b	6.42849410034724	2.17819204992339
did:plc:i3mt2pnna2w2jwffsn4nbvzs	7.50387287711294	2.4209139182994
did:plc:i3uyuvczta5smguw7zgv44c7	7.31625490138689	2.45952773587555
did:plc:i3z7x2xhitsbmv6q2lnjfnt6	6.84413931791853	1.8563321715747
did:plc:i44k55fah62ctu2mtdyv6z4y	7.48252127070844	1.70438812724094
did:plc:i4cbd65obpr3mbekq3drxqof	7.55630596200346	2.31549743877231
did:plc:i4dsdvjcuxfroh265hko7xei	6.97733135291523	2.47612776676363
did:plc:i4egibc6pw5b44l4cwamykgg	7.54801198998657	1.81927828584666
did:plc:i4jrtv75xamnsrtxo7zmxyz5	7.94955597769366	1.55421222245302
did:plc:i4k6mfikpoh2ckcvftl2z2ih	7.69294823523358	1.94336794877677
did:plc:i4pijdb32q5wa4y3f6opwotv	6.20975954897281	1.94811917915588
did:plc:i4zbuovxlta35znvmrpxvozf	6.78852033319041	2.00027063942911
did:plc:i4zug7blg3bstmzi5x26e7cb	8.33519564485999	1.72056053929044
did:plc:i577le2ixc3dj4w5vkrywbns	8.03109539281556	0.283271206906623
did:plc:i5c7p35bysykkbjwjbrcr426	6.35065497108437	1.64734844688003
did:plc:i5dbusmo63df7tdtav5pqopo	7.19738274340993	2.30158756526995
did:plc:i5itfe6ey2sbtb5q76ec2sz2	6.86232555796572	1.80313943743145
did:plc:i5kfppxgradex62fsdbk2e5k	7.81650225281987	1.67758630529432
did:plc:i5llpwsgae7dlxfccspsqwti	7.77751832595285	2.03316770200593
did:plc:i5t7odtmmv7gtawckadaf6v4	6.70770442854449	0.378009765523413
did:plc:i5zkm4ovjx2xzin6op3pmynk	7.90872671837343	1.65887544413596
did:plc:i63vc2e7d7shentfwlpygg3x	7.43870824172698	1.74057337208001
did:plc:i65aypxhksgbtxn5l77f2ws7	6.49045454223942	2.44641157044296
did:plc:i6dzkhkfk5rq2v5ks3a7ifry	6.95666934233305	2.41892618218153
did:plc:i6e3i4k32mjtvzbq7dqhmlgd	7.35728520461882	1.87500334585299
did:plc:i6e7smvokxnmvw3i4oe7c5qo	8.11602935170961	1.59911372437811
did:plc:i6fdtkdrycvnamy65ofsp6ck	6.96008612285827	2.09184260035263
did:plc:i6rvfa6iywe6dn6fqsd6a7zt	7.10627539951679	1.84637634903303
did:plc:i6vkyqjhrgzubadlzygmyhl5	6.38829397162384	1.6681983735215
did:plc:i6y6xrp5rhlk63sq5qp6f7qt	7.71194277910281	2.09885895820019
did:plc:i6ypsk5cfqlsfkqwklhvjn56	7.45904290765156	2.53205603582293
did:plc:i6zvpbqohppcg3sl3gs3rv4s	7.17648688215967	1.87012128904993
did:plc:i73sklws6mwoh5po4mgskfe5	8.24927697432038	1.86958340054899
did:plc:i74p55vp42vnb6wwnoosxhlb	7.67264976813744	1.81103965146969
did:plc:i74wpaalsgipprdlsj7meq6v	6.5896521967051	1.42159761918234
did:plc:i77tywg6ww7k67ur53bi5dp5	7.74615297611223	2.36003901180362
did:plc:i7ctu44vok5bkocwq7uvqxw4	6.96753379667718	1.9828739920348
did:plc:i7e7at4xuz4ertrfjgmyofvk	8.25979526904744	1.40216778008016
did:plc:i7kkoiayjz4dbu4fxyqmqcmn	8.80642964043883	0.964902434192645
did:plc:i7oib2oboebzggrhpffry4vt	6.80841334873011	2.37955406582669
did:plc:i7p2nwrtza2tc34v4cl3rkl5	7.28824026297116	2.47240287833787
did:plc:i7r664sknxnvdfizznnm2m5i	8.04218709947602	1.70282656105611
did:plc:i7ygeuwjanaqd24igrepnxv4	8.1697452815276	1.21177317607705
did:plc:i7yvdcree4ke6tpzwc7rgllq	7.61095140391626	1.87698161937914
did:plc:i7zx4op2fyhgno45czf3fkvd	6.2447286528382	2.00258111914086
did:plc:ia2zgjt22l4hccsr2nfs7763	7.21753083178173	1.62543198517539
did:plc:ia7twtbe274yvyzp34qrcnux	6.77741184083317	2.00575543593312
did:plc:ia7ui57b73lfbmzdmfno3swp	7.24403697689234	1.62743058488458
did:plc:ia7wwo2wqubk67kckf5npbnj	6.61127303381843	2.41875702282576
did:plc:iak4fws2ldnenuz5f72h7aus	7.98422442729106	1.90329170173833
did:plc:iakr3pn7gkztq25vdqsi2aja	7.27800136118286	1.98880812427944
did:plc:iatqmg5e2pcidyt6hucjaiia	8.07582046076599	1.64504564257657
did:plc:ib2g2ke3jwd6rtzwwokbl634	7.43133208888732	1.91074193098713
did:plc:ib3it42jvh5rvzissgcjoew3	8.07281184242514	1.66342272763375
did:plc:ib6iwd7yzpkhofaodfahsfdv	6.75243324900245	2.06533014649052
did:plc:ib7grcp6jezu7zfpli4i3ugl	7.19608591571358	1.90814783155031
did:plc:ib7kc76av4z4q4zlcpbe62t6	8.08697559209612	1.62718321156979
did:plc:ibea2wo43dwvsosv2ggsqlem	8.15945608879732	2.05810490209634
did:plc:ibekskqrbkyejrg3x7kkk4fe	6.84774514255406	1.70055100742518
did:plc:ibm4rcbvo6l3bcdseqbc2663	7.87870370939103	0.775895050184869
did:plc:ibpqyacrne3hzmyp7prwvtzt	6.35038035972143	2.01346736103252
did:plc:ibr7iy6xdom3yax2q27uxp4i	7.08978982223015	2.24718809287379
did:plc:ibsra2hq6rwlm3nnxqravt74	6.17993163813772	2.19472955048767
did:plc:ibsx7jjhuajs7zdwqeupci54	7.07282997870924	1.96655040698525
did:plc:ibvaakgiax6nfllrn2ehace6	7.26096873670284	2.07147900978591
did:plc:ibvmzpetstnpmxfkwogcdi5x	7.15304585466744	2.10792613462364
did:plc:ibx7zewunu5dwe3mstwfihkr	7.84949900085934	1.50792277513599
did:plc:ibz2bqtqopdbykavclgb5vfl	6.82668974447551	2.26293093067006
did:plc:ibznjqwetagnri4eenjqb7g4	7.15146565046241	2.11782076321214
did:plc:ic5oeyqb4zc2ppbh7zgdmgzz	7.26247480438525	1.68889147626724
did:plc:ic7v5jbtwk3fvpo67c6kxxff	7.72729544010696	1.62025714244893
did:plc:icashalmdxauu3rybua3ehfr	7.33888896056823	1.67158436023559
did:plc:icdckyladz4ilh3ueqd2g35s	6.78945242514765	2.59728440800183
did:plc:icdpe6y7wkgz3j6qfaw4iq2q	8.16459768075768	1.5361401292931
did:plc:icdpy33v3ubmfllh35ga4wjm	7.32731772589771	2.27279281508433
did:plc:icemtc6xjeqim3jmlcmeleqn	7.7358124108004	1.76004456541156
did:plc:icnxqadojfkwednmy3wvllmf	7.39979171039636	2.06925849192612
did:plc:icoabg5urmotmxr3cko3qfsi	5.81427250109653	2.31960438664524
did:plc:icrwbjigsdkq5nqy2qnrktgg	8.48881328210406	1.22413290860694
did:plc:icwltr2rg3camvlefqzynejb	7.70404788883284	2.23547384338907
did:plc:id2hkx6jab5ffkke4mfo7a3w	7.59382964866253	2.20297296338454
did:plc:id2n2vs4titoc3dvbtgh7qm3	6.44141437283819	2.0591035885987
did:plc:id6jlnqntafhvkk5okqluymx	6.90609298897716	1.66624718898573
did:plc:idcqeym63qdf23dsapd2bi3a	7.44900401409223	1.56303408632029
did:plc:iddy3mvzubn6zgulg42vppob	7.56386788255202	1.8359931412445
did:plc:idfoe2rjyfvulxqt4bjxxyup	6.68653048108907	2.70997296632161
did:plc:idfq6zrek4c42emp2xarza3x	6.56981766952472	2.04712580034822
did:plc:idgs664ue7imba4lsvoxneby	6.98310680937004	2.16335999516816
did:plc:idi7eo5f4n7cwltjzzc4arig	7.04268301876896	2.94157680538751
did:plc:idjswzgbr2xcene3jvsg3fkd	6.30302120369773	1.83786120296561
did:plc:idoiixmfczknzfzeaojl6kh3	6.51013841261907	2.45922785624826
did:plc:idvc3qh2mto7tpbfudn75ebo	7.48553944128047	1.35843191311476
did:plc:idze3q37qsu2x2k7huhrkh4r	7.68401447206133	2.06874174577257
did:plc:ie5avn76oe43lsvokl523ydd	6.64094815689733	2.19269819979589
did:plc:ie6ogogyg4piycc2d2anawbg	6.32556119332279	1.97196058309496
did:plc:iebkr7smk564vwpnjls2wwyq	7.56521034422354	1.72828554884274
did:plc:iehg27ew7d6yznvlj4osxlfw	7.38035101811875	2.00488597943553
did:plc:iej3hhsftcnt57tbr6tfjut3	8.3107442601657	1.71270966681161
did:plc:iejgnbyjnxhwqnerwbmmglck	7.03431448520158	1.88615156305509
did:plc:iejvb54b3ud3lpjyvrny5gog	7.07729374189884	1.81081215918835
did:plc:iencr4wyhdlzzq7hw5cc3l7x	7.34162371504676	1.91042818390355
did:plc:ienifaamic5wlbwqmh3hcjy4	7.32994836256607	2.11236546162379
did:plc:ieqch5ay64wipbjfyjy7uear	7.61169911689638	2.19486894324459
did:plc:ier5jz22a3yf5b5wbzvvvonu	7.3736350785962	1.86827201658206
did:plc:ieryhr2aon6or47a6jrwvuho	6.805311131428	1.92288902237286
did:plc:ietxzt4pzjvf34mapnqrgdqn	7.60057554793982	1.98395564823575
did:plc:iev7bjua6px3osumzgxuvpdk	7.19667225679492	2.34476185099937
did:plc:iewhfkmolihnkss3yrkvj3pz	7.00859852658999	1.75484364345803
did:plc:iezydkhfoqtibjbrmhtkx4jl	7.26741430341592	2.15711948124055
did:plc:if3xsjlqdsvg7hblyu437mlp	7.59479282215987	2.06478499071405
did:plc:if4xkjru4pycuzrbpiuqsjme	7.10063857607902	2.46971546475787
did:plc:if6sblvtu2yt2hjx5j25z6cg	6.35068931959171	1.90738721604969
did:plc:if7vohcaucgltsjpumf7yoj4	7.19407527262801	1.94739225041696
did:plc:ifax7vxa2lort5kwqqs2gwsf	7.0053178939698	1.76721089335698
did:plc:ifcrq6sxnlp43muhbkxxu3n7	7.22864395050795	2.00110218666542
did:plc:ififyouieh6joybsxxntvdct	7.56944660156765	1.73017809098162
did:plc:ifisgssl532na2su4san4ugq	7.92757052727838	1.61237915234784
did:plc:ifj7mufkcmbrhkgm4m4btpyx	6.70630430017532	1.97991955479131
did:plc:ifmmjozdpbgkj7npfqzsuq2b	6.76811322175446	1.6562900231702
did:plc:ifujxf2eyholc7k3h3lsl3td	6.697569917038	2.45583807186234
did:plc:ifuxsp6rpd32h7w5zpibu2h2	7.68610514375611	1.58100967471865
did:plc:ifuyo5cpxkb7eu5pg3gn5kfv	7.75413302444704	2.40743769333685
did:plc:ifxcdbf4ofgr4vq5uwf4j47s	6.85141435688627	1.92688303587937
did:plc:ifyxszleto2pfsuxk5wryhon	8.06827124173689	2.19671199574467
did:plc:ig43nazicdue62tgkvtqfw23	7.5289317678329	1.75278703961495
did:plc:ig5mykefmmvymfttvegi452s	7.4959193900283	1.69447786421921
did:plc:ig7jsydjbjil4ubpjq473zzo	7.51541877742042	1.88362027089236
did:plc:igav7mohhbquy43n6zdrbgtb	7.44105147067357	1.88011612366716
did:plc:igcbns7epbpystsjrlsw6s4j	6.77057970739503	2.04543983239811
did:plc:igl6gr5vwybvkmrkwwqqluph	6.9436748283695	1.87065330003051
did:plc:igm5bm7akhh23ckx645ewo5y	7.06471968330163	2.30629866291961
did:plc:igqv6mtmm2q7tt4p3fnxebon	7.40477544208796	2.56130264610553
did:plc:igslej4jzhuv4oisihqnrzxe	7.69608868554485	2.07361434619671
did:plc:igt47syvglcgqxxdmgb6ghgz	8.38729548300009	1.74060301357745
did:plc:igunrstj26ru2q35xl4fpjyw	8.72824864539574	0.992149627880108
did:plc:igwidfgafu77rlja3fvja3w6	6.55473295353191	1.84846165802256
did:plc:igzgowozphvcnlbun32hibk3	7.54133194048431	1.70304522412982
did:plc:ih53lq43syiqpafosuujomeu	7.41551793728292	1.90372008612608
did:plc:ihgmvha3p5i5izep4utqd4ap	7.46319152789127	2.00844080781725
did:plc:ihhwwlkpieqtyoqkj5ah77gh	6.19976799521028	1.96936603877341
did:plc:ihn4ig3ql5kwhkz7vgwmof45	7.08806300146254	1.82309011158068
did:plc:iho2xygcvnvhtq3r5idtb5bp	8.77730143358691	1.4250100816328
did:plc:ihpdlfjsdu2yj7grhobfjp5o	8.16275990016708	1.55158681848969
did:plc:ihri4r6vq7gsicn2xsowtgct	7.11085923918269	2.16793957938978
did:plc:ihrikzs6of2xbkvrwnrzl7h6	7.51510044765733	1.64263624013641
did:plc:iht2nqndiicrrgs3e3pacyip	7.0047674164651	2.13229715215909
did:plc:iht74gjpjjvch75mbqsoudgy	6.81526177531777	1.73375159993562
did:plc:ihuryhsijlf5ueoxgqljtf4h	6.8215922867033	2.56065401008471
did:plc:ihzlywr7olj7pqfw2vw75csk	6.866773066512	1.74305381488993
did:plc:ihzt7jw5vdkcdi2oqj7ay2wo	7.36931686860515	1.85512211272679
did:plc:ii2es256waw5qto57ripevv5	7.09257550418279	1.79874329266453
did:plc:ii4etbk6lwobq3rsoyruuop4	6.5038268278821	1.5981471895257
did:plc:ii7dnbwbvxaxujaou4huedv2	7.00113100524056	1.8464149158907
did:plc:iifdokqs22ztre7xbljn2w5a	6.58487937440998	2.07800866909358
did:plc:iihxtodq4jkggx3ervfllc5h	6.30742186514283	1.97598603435129
did:plc:iilcazu7h7d466nzzqc5oewb	7.20113996550057	1.71993766133025
did:plc:iio33zuecbgyh7qwlrvxqkms	7.5824047845199	1.96372022808159
did:plc:iioy572z7oej2dmrq6fd3lbe	7.74383815276654	2.00534716814734
did:plc:iip4zbbjvp3hg2htf3dzpmtu	8.24106736447082	1.2813527079041
did:plc:iipzgiz72zs32567rgu6grok	7.01477326479156	1.91531852302548
did:plc:iirasrzpiyuqirvi46ycksej	6.48255495035128	2.08056211216385
did:plc:iiumwrfankeodtbkj4zkmf4d	8.18163784732162	1.43974176426909
did:plc:iiurv3gpblnivzdnj5d22p3y	8.06419534233591	1.59020930753301
did:plc:iiw6afeb5gfp7ul7vi7h6kwn	7.05228129328046	2.09010556813361
did:plc:iiybyhrh2wugvujcsrsj5njl	6.9582287964939	1.75134572499085
did:plc:iizrcokdy2wspm6g5c6id3ch	6.95125305128535	2.17660895918655
did:plc:ij3nfzayy2huwdiilfxkjq5h	7.03184100056	2.00042276424439
did:plc:ijife7e4twbh2bnrybnsgpwb	7.03403714630735	1.3999821723093
did:plc:ijiirb35kk5rfavwlieobha6	7.02803684410251	1.90976570199022
did:plc:ijjatij63ozehnytdj4gk7cs	6.84448081542028	1.869356946617
did:plc:ijka245x7d5jvzyzj7agncun	7.33090685202181	1.89783846853663
did:plc:ijsk6bytx4hgp2llp34xlrz6	7.01295165061131	1.52433170224198
did:plc:ijv3o7pakhkzcjzicbtd6iaa	7.65602685891057	2.20204778992182
did:plc:ijzhtlyj6kyhmlg7b42bj5ig	7.19786875343916	2.44372481041545
did:plc:ik2m2garxkqjcpxknfom6755	6.40059792802233	1.95873333288849
did:plc:ik3l6goekwoav5fgzogpv4j4	7.34580801722423	1.9786458067479
did:plc:ik53wifzs246hjmnecyx6g7v	8.14831386227839	1.77070881055571
did:plc:ikbwsy5tneyk6bqqaxmm3nzp	6.69504271963062	2.60796065331844
did:plc:ikdijreyt765qbnsghr2a25r	7.35987436072016	2.14940159726175
did:plc:ikg3tfzjdxkfdsym5fw7rvll	7.83215210982597	1.93388015488648
did:plc:iki4hbmf2bplw73cb4hae3rr	7.53062050736068	0.759953711842409
did:plc:ikk5fjphr4qdkmiezpsirc2s	7.52118860700394	2.17376047143284
did:plc:ikkwcrfi6wx42zojpldyur4z	6.87025920443056	2.63884456172454
did:plc:iknkvcj2d37x7bbahvjwgibx	8.11195195321846	1.63461518174816
did:plc:iksbf46kwa2gokbt5pxfssgl	7.15469311084164	2.46182712130918
did:plc:iksjvjjevio6un2o2eqac22r	8.02545409115729	1.56819115931466
did:plc:iktvmdexkpj3dwqxmdhu2ea4	7.11602619177224	1.84157293795701
did:plc:ikxxl2jbxampea5dfeequwcj	7.15697426358956	1.77408733844776
did:plc:ikxzvhc3jc66wirnagow2tcj	6.92913121141668	1.98777916176167
did:plc:il2l6hwuijc7pqdluzikkt6x	6.22255708028653	2.03168164213435
did:plc:il45qtlwoukum5lesdy6iq7l	7.78281180043454	1.87675260731379
did:plc:ilcyzhujcso47t5mc37kezlg	7.39178949133667	1.90535221118937
did:plc:ildfuca3tjwoyiztudlnfkbn	7.90721888411401	1.92873860723528
did:plc:ilfvd4jeo6pjbhvccjlrwpx3	7.07086587512779	1.84381397314209
did:plc:illv4aatlqpgr3dojpentmpf	6.16330544064175	2.18027944731344
did:plc:ilpuqvxfrxytd7sxalbvrs73	8.08585102976869	2.24935498961136
did:plc:ilwe2nx42xcfws5umthy7phz	5.68201901473047	0.704620133206231
did:plc:ilwzgvmex2mkwybgynrhbf7g	7.81050641831146	1.97393889192632
did:plc:im6cmshd3pzg7ypuj4wa5dgs	7.34586537406196	1.99306920989543
did:plc:imciuzwskba7buui7522ihdc	7.73856932824558	1.73517452808433
did:plc:imejzbm57lowh55zrugoic4z	7.32972716560526	2.4510792030258
did:plc:imln7mfbeii4in7xwvir27sf	7.24925358270636	2.7085767576499
did:plc:imqrbkgu5mqwyht7unebhtoc	7.92050923006151	1.63539271974582
did:plc:imrx3dmwwmpac6ecofsc7v5v	7.97777988988146	1.28968120591285
did:plc:in4np2mjo7nojvcdxldfamwi	6.61934273569196	2.09109282057773
did:plc:in7chqjywasqtpaclrp5bz26	8.17746904205401	1.36256503960665
did:plc:innppojolgibpjcyyxdj5qtp	7.47121139003679	2.53815061460913
did:plc:insfk7klwi6uuvd5w2we34yt	6.97007658360491	2.2883156831961
did:plc:inv7zmczmnnwh7u4igtpwkly	6.92761388304298	2.14256002012108
did:plc:inx77gu5st6vpq7hi2crisid	5.8682651429981	2.01359404207841
did:plc:inyg3gfu5ii2koza2jfmm3pb	6.65285058889304	1.85750987287186
did:plc:inze6wrmsm7pjl7yta3oig77	7.8116322523736	1.91932693860808
did:plc:io2fcjpkahb62qgjuqpmh7uj	7.81562768559043	2.2271512846986
did:plc:io3oxuiypilvu22rcjh5x6zg	7.50420393632698	1.74162465442976
did:plc:io6fmtmd7chbuowdthlbj4ke	6.93220911214042	2.20658590676825
did:plc:iobuyc3qqnulpxii67kgcvxz	7.35590992786521	1.76301372048821
did:plc:iocnqm4gxszqen7jmfg6ga7w	7.99270690392965	1.58956173430806
did:plc:iol4ig4tk4gmx7t3vjnxpz3j	7.63381002279996	2.33506321041258
did:plc:iopoxpxuveipyhammgrl6wsb	7.08428639984919	2.14405049647211
did:plc:iortmwhg4e5fafleooetfv3s	6.92433616852421	2.77645568438007
did:plc:iovp6hipuiz5mzoytnqva7lj	8.43844250732425	1.63607657747157
did:plc:ioxh6kmdpuvo46p26hfmgdip	7.42863828231024	2.02991933113191
did:plc:ioxpilrypvejpkqzapacevl4	7.0991227252406	2.15100033244825
did:plc:ip44kw65kik2ygqbbpgds523	7.07027718760956	1.93114450172939
did:plc:ip5d7dpr7ts6ykdvdbvuxjoo	7.45787708570346	2.35935024806654
did:plc:ipci7e7pkpbfig7tklo2dg4e	6.92230786266993	2.25521262932319
did:plc:ipfbygolxp57r35eqjlnfckg	7.18014679031334	1.96406885779064
did:plc:ipkmvgfkz5smcveatjczdjtt	6.16802878708618	1.90070820508892
did:plc:iplhr3f5dz3efvnkkpgq754d	6.83990021916241	2.39730852190949
did:plc:ipnqgjcngbafxdo3bv3gamrx	6.77881419082855	1.14373109949884
did:plc:ipnxjdiwviykfn75k5d46fri	6.93411945135916	2.45706224473638
did:plc:iprknasfhmbsscx4xdfbgjq3	6.75414073060419	2.42871860270239
did:plc:ipsuuf4xzp2e6tgeg4t2mxob	7.2571298290436	1.84696219296978
did:plc:ipyohlwvam2x7bcx7ls7ocno	7.32283263092288	1.51326496824936
did:plc:iq2q5xvuoo465bpc6vo4n6u3	6.66289444845692	2.70628866600964
did:plc:iq3ya7vivvtkxf7dca6jzk6l	7.55696765623029	2.13195488736562
did:plc:iq5netns3zsphkhtxwwdq6hc	7.27088664183004	2.06141955386751
did:plc:iq5yt3mye7v6y5bgl42d6uui	7.45588737267047	2.16671113707829
did:plc:iq75xgnp3qukopyeeuyt6ec7	6.91534301583336	1.8142251089847
did:plc:iqadf5x3ro4sgufrxl2mixdj	7.39980111429367	1.88437645005103
did:plc:iqce7gebez4oiz52i3hu5shq	7.39580287065126	1.8174990511756
did:plc:iqga7bwbwbdo4z6suofriwa5	5.94827424204496	1.74126028968326
did:plc:iqjgzld7vjlkvxenrsy2dvj4	8.37670502784545	1.42365187669751
did:plc:iqyuvsa633tlo3cszpqgqunn	8.13067804069691	2.1494567574907
did:plc:iqywvrk3qcysctzgm37nb5i6	6.65207889249104	1.838209126509
did:plc:ir7yqvrm23qgu3jl24zb3nry	8.96531422079715	1.33708270342121
did:plc:irc7dqbyolvcfqmow3qs5adl	7.31358482222734	2.12163999680553
did:plc:irlrdb4p2swljzcdjbhc54gd	7.06596977102501	2.12042553620569
did:plc:irmvkzhckp5s3ftqekoikxn4	7.50705897356045	1.95005158143917
did:plc:irrint65gjj55ms7ta27aqes	6.10000505602594	1.80569247639459
did:plc:irsmj4ea7lmlqwqj4xzixjt7	6.28547372835081	1.97548155805497
did:plc:irw6ktlceevherlm7mfrrjwl	6.67717931445361	1.31642510579618
did:plc:iryepj2visdfyy47w5bqd7dq	7.29871094591843	2.11843777756644
did:plc:is2euq7l4mxygotqewyrcpyy	7.24207570777608	2.0934743567191
did:plc:is7d3ts6vsuhgbtmi2ly2amd	6.2043051493339	2.05340269047231
did:plc:isanrzof5p5qxikcbgyi6isr	7.11474210288544	2.4489542931732
did:plc:isckw573yxd46yn277looaem	7.19295148288208	2.19254771274327
did:plc:ise5pkwpm5tjfocfdtq2yidr	7.34201791674231	1.53212669851406
did:plc:isfjtcs3u57nnsjaucvdduhy	7.13861818660551	1.81511151698886
did:plc:isksaqontu7xjclrpbmrkqeh	7.59158852763393	2.34716132803856
did:plc:iso6yq24ijj5f3by7qrja6bn	6.44706766709596	2.18805719943509
did:plc:isqo7ixstzcz5ccfemyyjx5z	7.43628035223198	2.05253470397436
did:plc:isr5huayt575e7kv22534g4y	6.66530352765829	2.19383555102968
did:plc:isr6ryr5cevvgw7wqcqrftfc	8.28118547673952	1.31523853802136
did:plc:isrwze6tmewuf6qg45cwwhsv	6.30715762161445	2.11193207364404
did:plc:iss2dlgvnifqykgyzgurucmn	7.11508306974628	1.76832963995415
did:plc:issynwqxfv37fiy3xyl5fh73	6.86424138969033	1.79929769905712
did:plc:isy33suomm6xk32a76dl4d4o	6.67673501203827	1.64591534898441
did:plc:isy5bcahwtje66nyob4r4v66	6.81899739546623	1.75958657444887
did:plc:isy7cgssopmxxaloh4iqwwif	7.20982813992549	2.04031743472595
did:plc:iszl3urrjybkykuamj2tz7ei	6.08861573113074	1.88881110289159
did:plc:it2hoq3zewo2qqkerjao57mj	6.82646862874203	2.27144262799235
did:plc:it2j7kag6rfpg5xklvdy2pzo	9.02899628259724	1.41764099273657
did:plc:it2y5iql7ulp5j6ultv3agi5	7.11127964039172	2.14117024825436
did:plc:it46vri23qhrruarcwarz3zc	7.31885870943954	1.75467733058858
did:plc:it54sey6llf53mo5v3z36l34	7.06889182384089	1.67584125568908
did:plc:iter47raffyj3ocmpx5wx7d6	7.27708942126881	1.83839175238971
did:plc:itmgbjdixetbgv75ielryeir	7.25746148622932	2.16948295047136
did:plc:itp3e6paklsnl7h46667lx64	7.78133238310112	2.15331484376747
did:plc:itqdv5lw55v6nmczxrojnmdc	6.63981403074152	1.99106321226063
did:plc:itssxvypiml2xsvr5dqyre7y	7.11411543113503	1.88835069814321
did:plc:itumqz3uqmfqxhixheypb34s	8.21855036549624	1.60806657443415
did:plc:itvwcl6o2jd5cmkd3atoikkx	7.20925607473339	1.95788601749965
did:plc:iu64hujvpogrpwyypwsxfsqy	6.87193485161977	2.02983139675033
did:plc:iu6oxywhl7aolgtiglo7xtrm	6.15847160962254	2.0079896192422
did:plc:iubpad54od4uhonk2te3d2ew	6.92141155153615	2.28397376866145
did:plc:iucsgg2w5wl4r4rbq2zqhfda	7.58970931610856	2.18834477245338
did:plc:iudggktx437xfst4oylk7f2u	7.39990370462098	2.65814054350047
did:plc:iuf6f52oh7c37svfto7lawtf	6.24729132143735	2.44667835911676
did:plc:iuks7sccsz5b42pibhcq63qj	7.72500375899899	1.5390144463525
did:plc:iupmtzhjzqyqg7ueobufuall	7.45943894220521	2.11993391509149
did:plc:iuskd2o5k26bpngo3ru2zlli	6.32134741249131	2.89934306792964
did:plc:iuzazbk2qlvnj2xbe3mn7l2d	7.85221820521909	1.61347324592192
did:plc:iv2ozlth3pcceakmdvlemolr	7.54650577138532	2.19303123110889
did:plc:ivlc4rm2dzn72i6hl3c7i6eq	6.64108833085294	1.7146360792027
did:plc:ivlyx2a5u4mnjnafiys4c4dt	7.12837372063701	1.77680851090929
did:plc:ivrqda55exmxny57i3hmssjs	7.43619618981824	2.44500709413141
did:plc:ivtvn2iigueiafjfptavyq2v	7.32032518715632	1.17731744180675
did:plc:iwglqtbofrk2bqrhyw3dwwim	7.77860479004134	2.2083642137841
did:plc:iwgppwuzs7qk3qfc6hirbksv	7.36433265109759	1.70568914030683
did:plc:iwj2in26qpfi76xbp3n5aqhe	6.22669743750735	2.01325533546434
did:plc:iwjekmlgf3nrymddat767224	6.60100493198994	1.75891491669395
did:plc:iwsewuesia5svdpabpvdun3y	7.50642503125936	2.02006691373475
did:plc:iwskdsduediw7x3xuwulhqnr	6.19257519959925	2.13375999839894
did:plc:iwvj7jttop2r6q5yvgnjgpyo	8.08272066664486	1.87558339818358
did:plc:iwwwmzfzoa5ec6pzznjc4gpk	9.0234527585772	0.521824416966738
did:plc:ix5f7iozqfetk4bjb532o5to	7.04766483482281	2.02148487051147
did:plc:ix62hplqgwdgmtyemuxs2xv7	6.8693082872269	1.7418057482993
did:plc:ix7ubhksuoq7axkqriwfh522	7.47285275976342	1.83647814595173
did:plc:ixado3xpsaz2j6fehizdbraw	6.92703444505634	2.2392587639216
did:plc:ixho2ebslmstn4u5fth2vaae	7.42218753569633	0.748857152448866
did:plc:ixntvuvaexnxqopqlqoaqmk4	7.05178283959321	1.83095164729876
did:plc:ixrvhj6vfeuknztt25tcrgc4	6.70393535405169	1.95892059475594
did:plc:ixve3cytsevfz2tnp6yrri6z	6.41774209998124	1.71295465304741
did:plc:ixxxa4ptyanljfp276q65tj7	8.21140772712247	1.42262924831648
did:plc:ixzfv55524u4qnyiz4huf34u	6.97189576487902	2.09233530128706
did:plc:iy26rk7bx35ikfkjexn73xl7	8.07103664804068	1.68571206831636
did:plc:iy52o4tiqkz4bbs5hvk6xbzs	7.47387769468651	0.761947331675522
did:plc:iyee76eav46mcevpzwxtgpnc	6.87622641394122	1.7797639611484
did:plc:iykbggqx6ix67nkqdewhexnn	7.1039016537514	2.11647307889736
did:plc:iynfektv23knpbfu2cct4i4p	7.19385835336919	1.89948561748088
did:plc:iyog2tjkap6bttkuzbvjmpet	7.51957065952813	1.71570152879652
did:plc:iytnnm6ty4qhf4xp3fgjtepn	7.32952940264358	1.85623599839484
did:plc:iz2szohp23newavjavlbs642	7.48841303256094	1.62348811861204
did:plc:iz3k7cz2ouulfjm43e3sbqyu	8.16081439826677	1.81438757535612
did:plc:iz4rsx5eco3y273vjdhx7krz	8.11114701848916	1.51467747033871
did:plc:iz5f6jpo7ivjlks6swir4gd5	8.63372878611877	1.44807547955737
did:plc:iz6yillwkfxi2uvwufxwniww	6.1725872972508	1.55866150356807
did:plc:izbl7atoqvrqvrwojd3vfn6r	6.09600137061818	0.759410091352701
did:plc:izfd4s3zez77rfgs7nsrbcs4	6.56120409071711	2.23743432871084
did:plc:izfdkoce5hll7hvhfe3c7ucy	7.27715632910173	1.80387615822679
did:plc:izgjyrfcxxoxs6j77glooygb	6.99444722444196	2.12268299986353
did:plc:izjl4rn6v25ba2jll66pnkry	7.37821162517526	2.4129377589379
did:plc:izlf7suf4kxhiyjybah4oq4h	7.05935490493994	1.57655586491511
did:plc:izsbyzyr4gbdx6dutacqarij	8.06763023948104	0.724307703462465
did:plc:izu5yl7smkitos4blergzr3p	6.28326159939513	2.24771575876411
did:plc:izy5mugkpq6rmwzvo5xvz4l6	7.0096992785242	3.02692740162655
did:plc:j24ahzu7j6naarupbaci6rfz	7.47181029389671	2.37441344674741
did:plc:j24sdtv77evtnloajtqrzwz6	7.22971273096106	1.33073794350915
did:plc:j27mosixe47xxnx5cwk4ojtz	6.725973249379	1.82594550759627
did:plc:j2bf33ojshiozinacbf2uyky	7.19489638115589	2.44931723179973
did:plc:j2hnwk7dypo2cb33y73arcqt	7.27394439444964	2.0968338260426
did:plc:j2mjlrxzttunsidfyejx4mzn	7.17528866748069	2.66127690877936
did:plc:j2ojtmv22ogs5ogpsit6pitf	7.4352895130646	2.60477989867618
did:plc:j2yz3xlotoj7wzlkgcnn35dx	6.23173148315476	2.03987023941292
did:plc:j33or4vysyorwfwaieb4w72w	7.87951953064227	1.60464753633018
did:plc:j34lfz36l4pv2qbkzcszejad	8.23237460374653	2.10266366817442
did:plc:j35kztipab4nl4d2e3ngv3to	7.3805163062025	1.93608160763244
did:plc:j3722qe3ui7kqpnkigqxonng	6.28976446052971	1.90940998902094
did:plc:j3ltxgo2vgocurkcknkkcxan	7.01094760296131	2.0184089398989
did:plc:j3mxxwl7iy6owwthcn6kb4je	6.63736858283518	2.00452869565296
did:plc:j3weod4s4uh7ic4dkep7peox	6.97438566295907	1.88418501211206
did:plc:j3wzbxe2zlmb7ydx6owhp5m6	7.22954173882192	2.06551344410443
did:plc:j45olucxlch3qkre7dygag57	7.04078645474385	1.67495428179453
did:plc:j4b2bwrn2oedsocqp6pa4hhe	6.63610709800497	2.34865517432713
did:plc:j4cgrtl5xr7tqrbtmkmzz2kw	6.79082620503756	1.92030592620105
did:plc:j4e4pykx5th2j26vxjasxyoi	7.1208091659324	1.9172292744963
did:plc:j4ev4g4qlxkmjfbh762fvqyg	7.24461588186977	2.13972141098913
did:plc:j4iszdg72q3cd2mhavc6ajmf	7.79101672393717	2.09692843661525
did:plc:j4knvfwogzwskv7byjj7u6yj	7.41691180182968	1.80623393896258
did:plc:j4m25c6ksr2g3dhvbagminb3	6.9164286692399	1.90232977144799
did:plc:j4t7hblyaoh3jwdyhu5pzoat	6.89073479764689	2.29338949147994
did:plc:j4wkl3hf76npplyil5unbl7g	7.60556261239218	1.87170648434017
did:plc:j4x3vxr7me3bpbxmxl3jm527	6.98256123717408	2.31858535917455
did:plc:j4ylbbbtl4rard2mrflbbqpj	7.34138102836237	2.10677396230553
did:plc:j5252j4rtxvznxzmpva7za3a	7.48837622722408	1.9349160454307
did:plc:j547yz7d4bsaiozxdrwz56xu	7.23853073337202	1.63065480148827
did:plc:j5fuzwz7jzh4f4n74i7rlxmr	6.62484667786598	2.38520212967541
did:plc:j5jicfkemmlarovxife27thb	7.65106393055207	1.73037136603071
did:plc:j5rotil7ugfl6sixmbd2rzzg	6.9258940604252	2.15177757397019
did:plc:j67hl6tnm3aa6jlnsfo7j4my	7.02105280598615	2.16411103803955
did:plc:j6a4mxgcdg4ekuuiizcwpejp	6.35275654516324	1.78067681502934
did:plc:j6aly5da63kk5cvkzcgbkr7b	7.96781556279154	2.20708498249339
did:plc:j6bxspifgxiib62m5dihuch3	7.12632988609706	2.43468686488294
did:plc:j6ckdthhup2epsyhszwbrzzj	7.97411641531311	1.54630615582738
did:plc:j6knggrfwdzpglnitttaj3s5	6.88730726459166	1.99010068117984
did:plc:j6xpmd7cksmyisz7cz3htdrh	8.1395722170634	1.80682455543774
did:plc:j6y3njy2ng6wnzmcyipueeyb	8.20953637316065	1.78283790525077
did:plc:j75vmirud3h5at5cdioyxcq3	7.32678533333523	1.63783701697056
did:plc:j7a254std2ovgqls6tzprh4k	6.15080283013032	1.98074301272794
did:plc:j7ccnpdc3i7qfv4d4zh4g6xe	8.20825054419138	1.74899736841579
did:plc:j7cg4dfpg5my7fauqgtgdfst	8.76084896493707	1.42971236220032
did:plc:j7ddonrq2nac4hlhwudiwehv	8.39592877399295	1.4394525541418
did:plc:j7hbhc5letbj6pcrtf74lmpf	6.82576524247212	1.44654940386571
did:plc:j7hw3auhjg6e4vvhute6wleb	6.74438378970075	1.71335107393926
did:plc:ja2z67p3mhnsf77kmfhn5gvy	8.43012264017995	0.438410353064471
did:plc:ja3nfc3vgoszz6ygsmb5qyy7	7.04490544030537	1.96186093327089
did:plc:ja5nnwo3pc6ehzggijjlrwro	6.96828321894025	2.34482530165444
did:plc:jae5tazawa2t7gorbrhbmfoe	6.76605142884598	1.03452621589876
did:plc:jaeitgxkrejp5yili75klkef	7.52817716853119	2.2776509311355
did:plc:jaelqk2nnlzcgoymtnzuty4q	7.53735212332931	1.92793131245629
did:plc:jafpo7j3tgqmld6ysneqt4uo	7.07551786390439	2.5561140219909
did:plc:jaghk4rwlrciav5aieckiiit	6.54520724505565	2.07916756453997
did:plc:jahltawtfogebriiqga4gpza	7.01151688171457	2.5569708442026
did:plc:jaqtzan6nm73enhccxvlgxme	6.7876797967643	2.20615538545679
did:plc:jas2oqt4kae7kmt3xpywvvw6	7.29800088633496	1.66545564065446
did:plc:jb4sg3mmkjyqjwsjhzvppkpe	6.20642460280893	2.16759210545694
did:plc:jb4x2oiprax3ns4kzqfpzemm	7.42883347931487	1.72664967655755
did:plc:jb63ivlh7qrf6255d5vix5os	8.40432335799193	1.50199393990278
did:plc:jbbmd4qgpeftasycgxf6mwtv	7.06568183737312	2.19519819299591
did:plc:jbjqcvzcivnyxms2gyljycf2	5.74442437493606	1.79635221355544
did:plc:jbjstqnol5c7gh7i6bcoavvo	7.26121840980622	1.92331366865529
did:plc:jbo3pwhzxuqpbjiyf2qjuiim	7.85160076524918	2.09912054688125
did:plc:jbp7evsffyhmmilzsh4ek537	6.66804680797525	2.08191713517306
did:plc:jbvsndf2fyb6nocmjt3kaycn	6.89732190626299	1.56191429612683
did:plc:jbwxai6k52bd2jl7i6k3knsx	6.41464091185146	1.9028132832299
did:plc:jbxngtvotioldz54mve7tnow	7.36106912726542	1.81012635815865
did:plc:jc6taqhnwv6wwklao62ug4qi	7.56118735641457	2.01732929968113
did:plc:jc7lijvaoyhclhicgl235zhp	7.31974600851474	1.90472503803825
did:plc:jcaqsh6mujghbtjs3z6axoaf	6.75306250399201	2.07265566884286
did:plc:jciimbzvjhe4zowfk5vyzyow	6.66985325551371	2.30231877664315
did:plc:jcixtb274v2zorzjdizukr66	7.82599029710497	1.53130826638159
did:plc:jckj5cq4qectknvihe4unue6	6.75349679842632	1.63908090519183
did:plc:jcpc2tw7qtd4ouljdkfcrtt3	7.54374387279045	1.85993874167658
did:plc:jcvllhm3ogarbsis5huocalo	8.30682785721992	0.825443269618021
did:plc:jd2stv7u4nb3v5yrnfqxgiiw	8.33978228058048	1.41195486091495
did:plc:jd3hlwpzeplo2ptsmsus5xua	7.00771887191946	1.77915755959141
did:plc:jd57md2smuml4uvrdy6ozai2	6.95434510758944	2.49175928271514
did:plc:jd5vt4xakshjtixs2id5gzna	8.12933055914347	1.72184987041318
did:plc:jdaqimhfkds5hhmtu7erwt6k	7.82164734846831	2.1455847220849
did:plc:jdarvhkou6kak3t3smcxugaa	5.95610698572418	2.09582472463354
did:plc:jddh5ggovooxinldada3jvl5	7.17098405364631	2.08062436863517
did:plc:jdeltinubdroaeosdsn5ocyt	7.25549230233906	2.60571829602076
did:plc:jdhusefadxgitonlfqirigks	6.54849625563658	2.00257715709376
did:plc:jdiuvp6m7kansjnxewjsg6cl	6.28876695490645	2.35649477654672
did:plc:jdjydv7otinanode3scua6p4	7.1608208585547	1.99788713553565
did:plc:jdkyefuxofagw5deeopk5kxf	7.22483420741167	1.87844378044558
did:plc:jdljwnq3ltlsdfzavtxkmpdp	6.53670727230979	1.93573428655084
did:plc:jdptpmzp2uk5zcigcjepi5y5	6.73606605743729	1.97984331574302
did:plc:jdqlftdg5uzhdsiyw5g2ab7l	7.29232633902632	2.07217107542639
did:plc:je4vrkiah6vhhy64wgv7wyos	6.83804090307635	2.32008088048773
did:plc:jedcknws44mx3afnuvwvvw7b	6.36319165861482	1.21709262517605
did:plc:jeffthmclfcbb4zf4ivzhwxy	7.12417743660553	2.81313700625868
did:plc:jern6okg56tzr3lfx2m3kfp3	6.57394443728774	1.73130448027386
did:plc:jesmqdg75vzr2u22o6brd3ux	7.1134987510559	1.93921910877583
did:plc:jev67qavfrvi7lo7giz6bdtq	7.90911442642364	2.05108437388381
did:plc:jevknyafvrpyz7xjmx4vmvy2	7.54793479926953	1.94960830898633
did:plc:jevympjajgtd63h67qnko342	6.57612695046917	1.88502032524784
did:plc:jewdbkv7cafocrny7zjapaxn	8.33234729457852	1.33667767433527
did:plc:jewqkm47ohng4ctcaxm4xadt	8.08283044814703	1.91498972835923
did:plc:jexo35cw3g4lm6yw2n5xaauv	7.26763462167499	1.81679128076453
did:plc:jf3thmwe6hczf3dwrx3t2ysq	6.66156037091027	1.58595720700533
did:plc:jf6wnjfsvynwci2i3pdrtzmj	7.72366253932705	2.2320302799376
did:plc:jf7gvhonh4n2qb3jijgngppf	7.77230425548706	1.84448235067196
did:plc:jf7i53dvd2vhpxpwq5qgn3ac	6.92046900563261	1.87101223557748
did:plc:jf7j2mpxcmfewozazvxlrnx4	6.2238698969587	2.24877538903434
did:plc:jfb5dm4nxfo3noegef44dqyw	6.71326181272286	1.86275831235573
did:plc:jffq457qukghlphl53m7265p	7.02859913785111	2.22323830694736
did:plc:jfftt3vvd2apmc7bbq2jyaqv	6.98708421084924	1.89656455774533
did:plc:jfgw45ziseeilomx3quup7ea	6.29232735752132	2.01117293743897
did:plc:jfhvkvx4n35r36yorbsmc3e2	7.14246635980389	1.8191561693065
did:plc:jfknxyvsigcarfovqgypspmb	8.61996707639194	1.61268393290317
did:plc:jfnljjujigyxccy6uy4lwqxh	6.57104010951245	1.82316129433868
did:plc:jfo5xplosf5gdvus3u33d457	7.56834554621791	2.21797259704792
did:plc:jfouhooyyzsqkuijypkoynoj	6.79775948624816	1.82634941309387
did:plc:jfuurrsdnfqdlflgxuauesrr	6.96103175244538	2.50810757040014
did:plc:jfwzu5yehkw3pur6tsnnqqcn	8.05318961362603	1.47867501725197
did:plc:jgabz74czwt5fkwitxchzzse	6.27371034271335	1.84801255358397
did:plc:jgi4wcfcklc4rf4wp4rnnky4	6.94774160090198	2.28304624564934
did:plc:jgmwjhyvoxxnoq3d3u7t55xf	7.4192703705154	2.22890579767262
did:plc:jgnhnpmi3m2cmjbkmmknxnc6	6.24978043139042	2.29483154423398
did:plc:jgpfqvv34aibpt2jw6v4vfeu	6.75654306860989	1.96330252238231
did:plc:jgqvhjvat6iowvt5ptmfn5qg	7.93071796609874	1.17495555020558
did:plc:jgtosjxzrj7i7prasbbibhy3	7.68610517701586	2.27172412133095
did:plc:jguamnneizinnqcsbg6vjf6v	7.44927116776533	2.0082178619746
did:plc:jgwa623ekcso4krx7fo7lbmm	8.14128867203703	1.53982073792487
did:plc:jgwbxj2ayk6jwopsxmbomzrh	7.04931158762335	1.73584362147393
did:plc:jgzbx5lmgqxd7tr4tv7f425c	7.01711851831174	2.54845711642075
did:plc:jh6jtwb5vr3sj56xavhnjpgx	7.37167630537237	1.94274807513792
did:plc:jhavffmj6sy63c77qjhrnrr5	7.38889566625225	2.34971344039485
did:plc:jhbfd6u57lyukmjrfwtrun5n	8.11013631772082	1.26516384789735
did:plc:jhkk3omx7vfx57zcmumpbdqm	6.86163564058938	2.08341934567153
did:plc:jho5o2wqmtfu2g2ifmqteejz	6.7491182896168	2.14795547727817
did:plc:jhsjtxssgbwh3xy6n4lq5e53	6.74026224540279	1.90736077128519
did:plc:jhthbcyrae6wwry42zr4d3q3	7.43877270006774	2.26067194522532
did:plc:ji3rwxrpu5tdpuknitktemga	8.26599102404712	1.4206876595915
did:plc:jiewoeshwcm32inzb2fi6qzb	8.03354447271199	1.56918182774492
did:plc:jikldok5rt5ncskunzj3pyho	6.98139735958688	1.72241529480517
did:plc:jilhbaptd4ag6lzrvr6lbec4	8.27736879918249	1.26414790007875
did:plc:jiptcshold4njbnvzxmpkhwc	6.63473226667125	1.99407533321377
did:plc:jirzi5p267aj5sejml535ngo	6.86492269718815	1.71134019549834
did:plc:jitakxo2fihzg4xexa3lllql	7.12925585960713	2.52412734504635
did:plc:jitg7faknipko2aha6pcrfdk	6.67282813215637	2.13577063186678
did:plc:jj7c3xxrto4gj4pth2bkz7oi	6.43382645778361	2.31632014094643
did:plc:jjehrrshwo5vvelb5qgyw6lv	7.09746021193342	1.89405950670441
did:plc:jjgtdmn3rc5oeloxcueyrbud	7.64173255067805	2.25369661745864
did:plc:jjiufroripnfwwnxzhzkayiw	7.50554697095991	1.90754865164048
did:plc:jjly47xn5gmnf2rvzhi3nz65	7.65461684466401	2.11833965019486
did:plc:jjniibt2qopeyj6xlt5zzscs	7.77671696978479	1.61494320082103
did:plc:jjomnzycimhwoaqlxulwgtuu	7.62266964939342	1.70488637006531
did:plc:jjsv7w6ujcxqbtqkacxheloq	6.83045093787853	2.27408882039286
did:plc:jju4au6pxrvr6lqzwctrdff2	7.10402250483132	1.86611193204201
did:plc:jjz4byxaefus7qlbla7uieky	8.40922367993139	1.26512881561889
did:plc:jk3fhle5p42jmwmha2e62pnw	8.47707262688882	1.31798755468169
did:plc:jk5mlumxs6oiyqt36frvip4l	7.02557941794429	2.13355200379649
did:plc:jkbi4x3tna4b2czrv3i6qrp4	6.76161315649	2.51337074869216
did:plc:jkjfdayvsfotgehmnmtylhjl	7.36263194606695	1.92973809071164
did:plc:jkjjfzza54prycdtynkkgz33	8.64232005783086	1.86592633336397
did:plc:jkntmq7eh2wpx5m4qjb7nr76	6.56623236243042	1.69700991454289
did:plc:jkplg24dyaxwpy2hgx42cks5	6.65603266871397	2.72280683140574
did:plc:jksqfgx45mjill7e4tot2wq2	8.03065401606922	1.79040488160517
did:plc:jkxtcvyuunwrmabz4kztd5sc	7.01577263772425	2.14045191431929
did:plc:jl24hggduabjxtmqp3jhivjn	8.28453252131113	1.66481003423445
did:plc:jl53rd7wftvc7ix7hwq3xydl	7.53557778961693	2.10597123194393
did:plc:jl5lu3lrns3xdmffpdodh7rl	7.30030722323633	1.91475306609386
did:plc:jl5xc6vsmnmo4lhbvzb43ykc	7.64328184332834	1.63950530282021
did:plc:jlbp3b44xzejlfg6kpqfvuif	6.95252695434185	1.78846962951914
did:plc:jlpf3gogbxnnk5yavowqvshd	6.70437191063632	2.58466595754491
did:plc:jltlvtqzy4zl2zmpkh3e6h5c	7.6707041283902	1.97784040281897
did:plc:jluz34orxrdp5ct3ypcx2uju	7.34788234392639	1.80384466646118
did:plc:jlyfypeyhgmlfo3nf2edgtk3	7.46746214179741	2.22013103813172
did:plc:jlysmc3exomnwh6nkcbiak6n	6.94015669954584	2.14737085639916
did:plc:jm6gokgg46knm35v6kjgr3kk	7.61237392961892	1.90551842459954
did:plc:jmadfh435hpkjao2245vwxdw	7.10265710499573	1.87159298197283
did:plc:jmbjj2d2uxc3il3tq4zxsc55	7.19247812349799	1.64790269521082
did:plc:jmcuyypl5odrnz3fohqu7nfc	6.30608072514829	1.94544734081463
did:plc:jmd7qsslv6rqvfylfeukwpub	7.06220707440332	1.92279152499024
did:plc:jmdzslitmjvmo4l2c6dvqhaw	5.83813679610698	2.23617785044082
did:plc:jmeosjdbuvoppceaqdchvo6n	7.1447574494361	1.94321583723289
did:plc:jmhopakhl3jjniytlqace5pb	6.27509245584387	1.8639928733593
did:plc:jmmciqsisx7fg2g6orzi6hcz	7.78018517820341	2.09200718394304
did:plc:jmo7hapviyx4tw44kvhd3ial	7.48344631621785	1.90907173727405
did:plc:jmom2ojg3o2ajnw6cuefofgn	6.33995628046751	2.04475477248338
did:plc:jmqvu5nco3bo6ge6qfulcbnm	7.66107974949751	2.0191954504314
did:plc:jmsu2l6iq5ufs6ay4cxe4b6i	6.95452927289654	1.67191161145589
did:plc:jmyqec4wxirjdhhslucbcica	7.02228875519552	2.14435982415321
did:plc:jmztw2ynxadx7zvsziawonso	6.47848269197618	1.9352393229747
did:plc:jn5v76gdpgrfbwmzvt54liy6	6.87671515977588	2.47359777592312
did:plc:jn77ol6kcee7tfdzhznjngeq	6.87215032555565	2.29696627073506
did:plc:jndd7bmk4xni2qjoedklkard	8.7536699745446	1.13335072446373
did:plc:jnfz2bg2e6mddimxyttrql77	6.69691006310222	2.16400689198824
did:plc:jnhahqnpqmwwo6n2rsm3lpit	6.93747469890127	1.8230803071156
did:plc:jnhx5mqxzknd2htqhbs25462	8.2378804509205	1.57527771621478
did:plc:jnjcgz4l2xsnxbrwlp4ifffl	8.04631891219661	1.38179706845157
did:plc:jnjfweqmrqxw4ppweqmu6xsa	7.37923066601427	1.67071826826664
did:plc:jnlcbjdamgc3onaijk3juw2i	6.94660136479047	1.99716915354412
did:plc:jnnkoohvshkhzvpo6rnjbreb	6.37418725885858	1.90056965131015
did:plc:jnoev2qj6zt7xuy7iflxszzx	8.31496920020328	1.27214970771022
did:plc:jns7rw7yeba2syrhadw2fq3c	7.42688271769441	2.65551787303247
did:plc:jnswabkfbojdsve6w7gddltu	6.57030259557885	2.28627164356033
did:plc:jnt6qv3rkoicwur53e7i3cdf	6.77775230690832	2.45724473267948
did:plc:jnuvze2cpwinl2b74kb4snf3	7.28299734522107	2.28024030805965
did:plc:jnv3j3u5omgc35w6gd4fj74j	7.59106921584167	1.74733584068861
did:plc:jnzassxyv3v45u24pq4c46q4	8.08543384963188	1.95088847475799
did:plc:jnzmq23hrpddkudxfjbx3iy7	7.73698193439155	1.40183065081059
did:plc:jnzz4hi4lecfcpzbi76d44dd	7.17499876461551	2.04631529697351
did:plc:jo45pal2gg7kceankwu7e7rb	6.92637088091485	1.85463900579746
did:plc:jobdnp2wjuzu4iaq3epb6zbw	7.87376445155119	1.53445638338376
did:plc:jockfo63omppxgd2j7jklhrw	7.39412797725834	1.83370317263292
did:plc:jofof5hgkszyzvux7zvhkblt	6.3007189000113	2.02373579584197
did:plc:joorrpg4ukb4h32eajuzppw6	7.34784462279667	2.07637650928197
did:plc:jottliloakrh34y6lwq3opfn	7.83800219442623	1.84075195305216
did:plc:jou7v2hyt6fqbnoufy7hzcn3	6.97239005887667	2.4748563567722
did:plc:jouczxs6ol45pa7qsbbaa522	7.28035198261084	1.76941405537534
did:plc:jouwhbedpczknimlj3jxevun	7.82251488415747	2.01219874300495
did:plc:jox55n2nk7jycubg36og7ggz	7.07373334391462	1.92177541395274
did:plc:joxke2igggye3huozi543dsf	8.18804206147981	0.416777012514841
did:plc:joz4m6feqlvpususvdfjpevi	7.45178952718506	1.74050769382523
did:plc:jozq6o752fnxptveph4d3zs3	8.03111937917998	1.85995234345525
did:plc:jpdjht75jfdlb2jtja52vegl	7.11568018311741	1.7989827406686
did:plc:jpg4ppjwrpycce7rgnvvp2bm	7.6986532307087	1.10605810851077
did:plc:jpgvrelbqkgtjgxvnsiivnw3	6.35628845261101	1.84482219861356
did:plc:jpldcbbp3ldjuqyj2fs35whh	7.70482496065211	2.29679582674437
did:plc:jpnthlnrxuvpq6shn6yxleaa	6.38349679925715	1.76335234238631
did:plc:jpqn7wbblhak64krpcrododp	6.99965940010751	2.15629142544266
did:plc:jpt46juorttn5dz4vkkpzwia	7.1226626877166	2.32840095857422
did:plc:jpywp5hk2cfcgwooko3nsgh4	7.45129693868154	2.07042022050249
did:plc:jq2nmqisjgc7jnuzvt5wntua	6.96318171270829	1.73786397473623
did:plc:jq2qzmlxv2sx3ex7zou3hfle	6.7976316755	2.33879711179525
did:plc:jq6icdb4rkdpugm5od3azlt4	6.89436337351115	2.22156631520646
did:plc:jqamu6me4zcqncnlw5lcw76v	7.58532430599782	2.1990268150333
did:plc:jqhllc55pxjmfnamik4pf23l	7.45031205473127	2.06029399783495
did:plc:jqj6xlbwwvsb7ajdqbu42iqi	8.7244947893348	1.37144185387861
did:plc:jqjhjrdbj6lw4zzldvm7ricl	6.95667693201972	1.79535321622958
did:plc:jqnikuas7nazz4hq3chmes4m	7.75103933228241	1.81760967295929
did:plc:jqs533qxt753p4dhohhyjvuw	7.06504056888658	2.28246775848829
did:plc:jqumcmulacrsvkhas3bxsdbv	6.99067850810416	1.62773429110744
did:plc:jr53vcd6mwen3hs6svmzzzpz	6.21168802077929	1.8459379531445
did:plc:jrcetwaiscgtlrzipjbqgqmf	6.84515400240724	2.02860012880396
did:plc:jrqcybynhm42amnjo7jupjjy	7.92678605833904	1.42150224654055
did:plc:jrrm6kc2i4lmvpbw7hgnz3xs	7.7883175795275	1.73865437328619
did:plc:jrs2sriala2vwkz2rzq66bci	8.09296841567061	2.10728262520408
did:plc:jrtmhljipfg2wii2nknfdotu	7.25163290877072	1.74129330397973
did:plc:jrwpjczkv7p3wue5wbaqavtt	8.19012673703385	1.68558670040175
did:plc:jrwwshn7ldn7kaqxi763qskf	8.39699346285705	1.66713783274064
did:plc:jrwyximospvcwdmjizw2bgrw	8.5113701926449	1.7652256806012
did:plc:jry3zigcevou22nc2eaph5k3	7.56005118966183	2.37721334678361
did:plc:js7bjakzlfveynwtyoeatgck	6.71099523216936	2.72385274297673
did:plc:jsms2ky6ywiursuozo7ktphv	7.29237777616634	2.06682130700336
did:plc:jsuimmxyqxb2gyajljv6acu4	6.14127442759281	1.84904750433345
did:plc:jtbew74rizl252h3ywexgx5z	6.68169608391194	2.24426241063523
did:plc:jtibzhudew4mrtlbgozlqaun	7.79898106819033	1.85751884776039
did:plc:jtlitxz5b3tbjigq2nep2acf	6.78348991563699	2.34397456232677
did:plc:jtsxytg3vrv4dgt2lsw5luqp	6.56877927449602	2.21571972588115
did:plc:jtuhwdyv3dwsau5aar6kraq4	7.52830166036405	1.72616124881298
did:plc:jtxwb4iarsbjema5l34x7oqe	7.73689247582871	2.34415736145407
did:plc:jtxwfuwc2yawl4tcpmvgzbcs	6.74509834700745	1.93199496558393
did:plc:ju5xzrd3di7ge3tzmy3ha25l	8.04256564492608	1.10310302778644
did:plc:ju6glvylkockgc57lw2bx3n3	7.86798491018447	1.70445831504707
did:plc:juabt5pninxjoi4zazhjvwfy	6.97149576850273	1.78866425559912
did:plc:juafv36ih2p33uqbb3g5p6v2	6.77360691498565	2.03657215130516
did:plc:juakrncwkuyh4efm232ubydv	7.01919550191262	2.74531401221953
did:plc:juamebis3gzfmdcta6ccayjl	7.38411822537136	1.69127685583963
did:plc:jueavpsgzs4dcbot64uh3ln5	7.39212616243799	1.74816883263997
did:plc:juku4eorvynxsqqzcwte7ybx	8.52117627087189	1.49865589576219
did:plc:juncvmjv63ofojicnik64vtd	8.8558313602217	1.49167928086963
did:plc:juswy54cwl2jkjjd7qj6saux	6.49613483417916	1.9898681339056
did:plc:juzgskrn5oyl3jpccumkfeu6	7.30217591097716	1.97394433032043
did:plc:jv2yl3do3o4tqiqy7dxhnh44	7.27831489817718	2.03938243367896
did:plc:jvbakdsuaq44slil72zcwgti	7.06667203055774	1.8222396485552
did:plc:jvelynkmj344xkx6lopezyno	6.49578746630038	1.95721890584476
did:plc:jver6wjfkc25fahk3pebnj3w	7.18356127916489	1.72390265895674
did:plc:jvh3s4wh4t5453hpx4er7du6	8.02090327516407	1.73411825029217
did:plc:jvhms3rufncrmfc4s25vvzbw	7.04615392773231	2.03440677207172
did:plc:jvhn6igsf3ukukii4duofdid	6.96074792554066	1.70078561116614
did:plc:jviegbwpkc4mnqwz4komckl4	6.97228841986726	2.30162951024521
did:plc:jvtv4iokurouryog6xi72jco	7.36948700365319	1.80302309572707
did:plc:jvxdosnpgdjk7e676qbzug27	6.07582146432039	1.93565057716836
did:plc:jw6n6atj2aa3fr2gynjbkgpd	6.69113953751245	1.8716249661396
did:plc:jwhawyjxfpq3zcuucydeghc4	6.97794729741852	2.4010621398612
did:plc:jwhxcrf5uvl3vyw7nurecgt5	8.11757189252757	1.60904196529308
did:plc:jwmyvmehvigcctacftxysnf3	6.90119542564588	1.77198060887575
did:plc:jwne6vvxk3os5buif4cn3zzj	7.0655959104759	2.25110986324576
did:plc:jwrvr75ryt5a73kwm4vdxkw7	7.08935859043131	1.75623192308007
did:plc:jwswl6w4hwqz2nopcan3wrzs	7.09814336427439	1.86413912016265
did:plc:jxa5h3ng4byodbueboz5opke	6.83998079520426	2.22909047594665
did:plc:jxa6rpfhjgknfiqq52wm3hom	6.63108198094047	2.15965850761524
did:plc:jxdbim5n6fvldduxs4g3ybiq	7.05680455625455	2.00985781921139
did:plc:jxftlugu2cpv24byqp3tus3o	7.88722862131857	2.01813522536804
did:plc:jxgp5wot4job7zyig7672324	7.76850413888951	2.08357626058418
did:plc:jxjib3xrw5btmrnuxmolqxtn	6.58544188249322	2.10786321645822
did:plc:jxpifi436gjlo2ebhfxh3noh	6.28277299352029	1.96469356556463
did:plc:jxulr736q7pkcjo7tc2gnljw	8.10305686119844	1.56757954880582
did:plc:jxxcndlzqtnwhnn3ndtr46c5	6.58301783656887	2.12229650440033
did:plc:jxy5ouseybhrcgsg2naqef5p	7.1198729135796	2.04735883444688
did:plc:jy377uwjwltlrejjgebfugi4	7.32071761362498	1.60270555614667
did:plc:jy6iie7pyeklrjg455n24ehr	6.93549354556903	2.12018753038124
did:plc:jy75gz3esbw5jpkjx52dwblg	8.51184866774293	1.23486656297777
did:plc:jyannsnkouflenfmwiefpipo	7.56503058320801	1.48737443460432
did:plc:jydmnmqtq5bxnsfpkyb3y65v	6.65708474781435	1.71696567257164
did:plc:jydrvnu2ton2ngxmsfc3xiti	7.05003983412551	2.61382141587328
did:plc:jyfopy2v6qpicznitrumbocc	6.9996918024517	2.17443434405134
did:plc:jyg3hoc3dt5emjo7uvuf4aoa	6.64855197176774	1.85640680842078
did:plc:jyms4yvjdr5d4pnbauxtcowf	7.97706184503583	1.44383284274752
did:plc:jyozslwlzxxufalaym6fuqat	7.92868517157127	1.69729341543299
did:plc:jyrvhctufcsnk5wt7lwm72it	6.97057520008266	1.77253613560024
did:plc:jyus7oqu7kxhmza2eaecrhd3	7.82692338360214	1.7680270585816
did:plc:jzawubpw544p7scao5y5aove	7.13027380152528	2.15781907222328
did:plc:jzf74bdat3wm4rkhgau77xo7	6.61765796564456	2.26886169796698
did:plc:jzfr2gbgrzhekyo3ipz2nmnj	7.6849566226264	2.12400058800405
did:plc:jzgsnmit5usgvwkgx3zota3h	7.67105105257971	1.89386898265459
did:plc:jzjqub3diogt424rxxttene3	8.01628644653906	1.39732184057016
did:plc:jzjzcldjb4qpgtn3qw2c6hd7	7.71178442233339	1.73054773282789
did:plc:jzlayd2wb3sgr6dryi36ok72	7.27442627456508	1.77976242272017
did:plc:jznyx44xirbmgeikjfkzoszw	7.15965669724545	2.30037605609016
did:plc:k22pp5zjkg2df5ivvphbxxsd	6.41590930353227	2.09783122934775
did:plc:k24lqoboybbtsjnhb3nxakac	6.61614856354644	2.38604775403698
did:plc:k24pzhyha6e2w37mdkruz5qz	7.56537473056248	1.55838265043075
did:plc:k25bconfixncbnynmzynofxg	7.356842063014	2.21190484397595
did:plc:k26qnhfnfinm6dg3oaap45j5	7.15390120249934	1.87720588092407
did:plc:k276bvespx2n74kyg7is53yu	7.8863459729666	1.83871023023989
did:plc:k2ci6gtumyeuj6tapgmyf36a	6.84509748741831	1.73403556387408
did:plc:k2crnovorwcy3snp2numvtr4	6.47467812050784	1.84627104986222
did:plc:k2hi2tza4afkyipvinql52w3	7.22191719094301	2.51638518105559
did:plc:k2kihrxjgmoj4j2zrdayyheg	7.69437008200644	2.01924986294495
did:plc:k2kztf33kulcgl4wmotue3op	7.50602803267099	1.61681565069521
did:plc:k2my6jqaepuuaoflwdbi4iho	7.47481803230612	2.44453127587431
did:plc:k2ridak4aqysztwxostejkck	6.84204153976371	2.66804900154088
did:plc:k2rwqle7xrv743k6vawsn54l	7.85510903012386	0.591442950629649
did:plc:k32nl2s5fgiypz3brzxrdlwl	7.92386096155177	1.94647814620226
did:plc:k35ooqxth3njpevrbnrdmftk	6.90902218232717	1.84020089240102
did:plc:k36mqia7qzx3umzcuzelxazv	7.72473839430434	1.88750131251846
did:plc:k373y32eyhctdqt4lhwwydxl	6.87347036221763	1.90084438784202
did:plc:k3bljuym63zdvsp6tlojeiyu	6.65865247288792	2.13626911728361
did:plc:k3jbw3mpp4ilypexuivvsthf	8.57573426229532	1.04284033874581
did:plc:k3lj3tnwkpllygj4xfrherjm	6.77411526277873	2.06159143907161
did:plc:k3pr3jflruroxxsv3agb6xf2	7.03779802053059	1.90934169837777
did:plc:k3rl7azpcsapauuv5txx6tmu	6.98804429420229	1.7125748816056
did:plc:k3rnrbbab3usbie7cqlefmey	6.73005042421037	1.95108539678076
did:plc:k3srwxbpuliwhboqnmpcnel6	7.19416309562388	2.08378492263971
did:plc:k3sur423d5k665sxe7rlgtfn	7.10504036735569	2.14297892295192
did:plc:k42sjdrdzp6xqkdcju2ckkb5	8.23628724854055	1.49979037916834
did:plc:k457xpeqn7fetmejbrpgas5q	6.73947499180738	2.39559867658374
did:plc:k4abgms6wlowvnwdzxs4ya7b	6.59945732670689	1.97625760708036
did:plc:k4m3c533o2dc7d5a55l47ubw	9.0995176985767	1.01240576474715
did:plc:k4p4gxkwkyx2qudk2htdweuf	6.69127303420374	1.89427425976703
did:plc:k4qc6ah232ynxkf5lhne7wze	7.43657555503056	1.83990684207193
did:plc:k52st5st6i5ffk43xfceykkh	7.13120460935738	1.5616753584773
did:plc:k53aiboegsu43fgxxecupjzd	6.55069406610366	2.07931503703136
did:plc:k53arxne6bmvvogqgezkf4og	7.45015986446865	2.50069954537741
did:plc:k5aqtb4kjzub3gqbblhz2ela	7.51543370036719	1.60370803622471
did:plc:k5bomnlfwej6dueqiluysohw	7.52722924213327	1.75870172768057
did:plc:k5bz75ngzzavgtmvc3urz4a4	7.30154462965644	2.19003291657332
did:plc:k5cq5a4zqxfwoi33577dr4pb	7.42411263797598	1.84426969479411
did:plc:k5gltp4dfsksgy5suhpvnnpf	7.31906776052323	2.23291610347509
did:plc:k5gmqs3lg2odtuwsbke3esjp	7.79730071859108	1.4771667942802
did:plc:k5nh4tituvool2am647wmrgk	7.14370415090367	2.04682214704158
did:plc:k5pdwkjrrzdb7nkila6az5jn	7.32247759233255	1.40171412510752
did:plc:k5t7fmvhu5fxfe2u6rakv57m	6.31473135283488	2.08755793254667
did:plc:k5uixscgh4yz2nf34dpgwqut	6.85587056805015	2.33711655095057
did:plc:k5zmfx5ssbk4by7p4jjwrpxb	6.58111435548493	0.912339698761871
did:plc:k5zseevje6z7zqj2hbum5pw3	7.25245039919463	1.83268804744415
did:plc:k6362zckduokuyjgwx4qu3pc	6.85605317593075	2.51520984645024
did:plc:k67shryfhfxoiiavyxyiczwf	7.68350841462728	2.12935941983801
did:plc:k6gt5uit7q5lixsc4kruc7be	7.01412483204396	2.24410150335477
did:plc:k6hlwhzog46frmaktckoiq7g	6.78691609332517	2.98139674270081
did:plc:k6l22d3r75xjeubadfcwv6kx	7.98356260188441	1.81650939284592
did:plc:k6nbahnrnzgppcmifgzcehua	7.21037918843847	2.50978579475347
did:plc:k6yaudmwqev6nin2npj5c3ni	7.23008506892809	2.01047815483649
did:plc:k743lwebuoa4ucun7ogr7shz	8.39147710338961	1.86024532386378
did:plc:k77544a26onluwgskhqmhtsh	7.28929019327468	1.91715513364472
did:plc:k77if5kfdhshbodwowsi3uk2	6.85109125695497	1.99514692953928
did:plc:k7b6bfvu62yybe7niko2zrc4	6.60590626758784	2.05602823798665
did:plc:k7bdxqnvn3vqhp777fvn6rbf	7.32220512045364	1.61261177561353
did:plc:k7gsj3xpzt7gvfz3yy5p3uu2	7.58664686453543	1.73343780671546
did:plc:k7k72l45g7yc36kkya3j4q77	8.27790236023178	1.4371315553111
did:plc:k7kpuiex6dq3t5fusfgktcox	7.39076516904454	2.30848853873429
did:plc:k7o2o2ezbx77oymk3edvmzc5	7.42428061508899	2.20924729641025
did:plc:k7pyvprfuak4dapiojcys2nh	6.52428515034404	1.80222072132723
did:plc:k7rm2r4ak34ckgjhemoji2ea	7.36801125442245	1.58045557245964
did:plc:k7sq4q23hskbqu5ryheyunif	6.42607726139985	1.98755672038602
did:plc:k7tn2gp6afclph2qlvs2suqa	7.65401077300794	2.30621277441057
did:plc:k7u3q3ompelxbhphsl2nmd3n	8.00944123806608	1.8380972324933
did:plc:k7ukzc4cce2r6mjgtpyq4kak	6.87873441648555	1.64602716381498
did:plc:k7x7upomdjboheguuy6okscy	6.86122255504589	2.56905426391772
did:plc:k7z73w3zpjelo6dn4ockwogd	6.27545084585808	2.13344178461474
did:plc:ka2ebhkxdvf55g73gaeunt5n	5.92620648161376	1.74930394026656
did:plc:ka42bpfh666hmdrxo56kdjte	7.86866185562675	2.01186391261545
did:plc:ka4z5646qxslu5maa7zzr7px	7.41712163062096	2.11017873509535
did:plc:ka5lqyyayql7l3gu4tlpt2uv	7.39396471682167	1.79611053448562
did:plc:ka5prtzudfhqobuyp4mommvq	7.90222411545382	1.88931609786509
did:plc:kaaiussvllphlksovsvsdakr	7.53282606615868	1.79384982074435
did:plc:kaoevj5skau6yva7bmhphvds	7.47143325640971	2.28914630433033
did:plc:kaoin3c34mhi5hmescjtnlyt	8.38424259379035	1.27473435819364
did:plc:kapntbukkwnac2lrrsbwqrvd	8.38772225436877	1.86270868403657
did:plc:kau4xes5zkmvs5cxe3vjru4b	6.96516785282789	1.88615447422212
did:plc:kaui5ngiep7ssb4iqqq6htuu	6.27823776107871	2.35950635868943
did:plc:kaxx6smo57kgp3a6j4udbqt3	6.76661820021424	1.69484984327566
did:plc:kaygnmoea25pis2wchfrfhc4	8.08478277173011	1.29582219292645
did:plc:kb75e3lsm76kqwaxicpsezar	6.74687643538572	2.46255263810878
did:plc:kbe6zfqvxwzk2fjq3o3xxb5b	7.2640342037549	1.68043100796766
did:plc:kbnn34okhhuhwdeegvwqbf3n	7.82507201645013	1.84820636871429
did:plc:kbnp5goyy4ybkrypm66ewlu5	7.60444000583468	1.7251012983792
did:plc:kbsu5ccomickuc7bmkl7j6iu	8.1628667312341	1.90827240560364
did:plc:kbyjobaxzx3fpowgsqgne7hl	6.74161034718158	2.17871668420391
did:plc:kccpwntlz7ij7mcrcqsnxek5	8.63424201937	1.65425440323617
did:plc:kcdyhzagfytnfhw44kyshh5j	6.71284279059536	1.90825827578837
did:plc:kcekkb5ldwfsbhlbrx6ki7yf	6.64827128462739	1.8729974262092
did:plc:kct2tykxxxzqfggm5y6peroc	6.98936794959294	1.73578379908793
did:plc:kcuezkvhtpdlk3vurzkavnye	7.11349782142537	1.93424105196053
did:plc:kd32m4vfzo5ngsgga4u3vybr	7.00305086886217	1.80585233196052
did:plc:kd7b7vd6xzkjeco2rbiizkpd	7.45934067640034	2.00168081043675
did:plc:kdfaf7ztkisuyo273iyleiaq	7.33162656580136	1.94144026546898
did:plc:kdjcr7ujiu5ottrjqct6iclm	6.22885486978269	1.97719104792584
did:plc:kdkxlztp5alta332t7g73fe3	8.00821691735462	1.59375976076232
did:plc:kdphmaoqeaouax2kis27556e	6.36864951229616	1.810383902908
did:plc:kdpwcdlasy7saqv5ztyezxk6	7.48193476423044	1.99385943589283
did:plc:kdpwognxmisbx6sobgevul7a	6.69982025065544	2.26453834197279
did:plc:kdssmjrjwqqcrudzajrkdhjr	6.37054227821861	2.51255699141876
did:plc:kdu2ur7254kcl5t6rw7ny3t4	6.85134322380671	1.51987888192572
did:plc:ke42ztmskvknjdztuizmoymt	7.62806238653032	1.99715985572469
did:plc:ke4lmbk23eh77nacadbsqjyh	7.36871932241989	1.89515574537626
did:plc:ke5odstuo447kmxytosv5sna	7.70352597347305	1.63173175820414
did:plc:ke7ypokt32prlxdhvwn47i2m	6.87368873698288	2.08512045766382
did:plc:keafzvagscd6trsjweiqurfk	7.33405913238798	1.91992224201089
did:plc:keduptqmmtdaimqwfke5lqbl	6.11127169922215	1.98473415016201
did:plc:kefuqpuivcc7zpawxviwfba7	6.77434499109193	1.96999372723534
did:plc:kejyomeovxnll3mcvpcg6d2u	6.66663308300427	2.13525177578586
did:plc:kenyhaui2ezf5qjyggzs3xuc	7.18962587014133	2.46486836633146
did:plc:keqpyg4lzu4nbqkfvmgqxcw3	7.34939378183491	1.88339869612788
did:plc:ketu7z4y4olf7uvdgm5yd3eq	7.6646982155101	2.36785747738522
did:plc:keuk6ez3vg7kelq3zpxnuvsm	7.41018102111141	1.91449064936796
did:plc:keupuiorq273v5azwquaqyxm	7.09678049686435	2.11283899691353
did:plc:kf2ecbgsixtqnevz33jhix37	7.38581001290134	2.1445833660198
did:plc:kf7hmvgn777h44wesoxpbnda	7.9470674550752	2.24919604180906
did:plc:kf7pij2snpn4lyw74qkc77ml	7.34508260095857	2.68587547913072
did:plc:kfcsy7ri7sqf4lcv2o3gm23g	8.01056127184662	1.56478262111456
did:plc:kfljbzocr5ewnc2wdj25nqwu	7.70344863094875	1.73431174880133
did:plc:kfmdszbqkkfdjwb26iluyvd6	8.043968447485	1.60318903710209
did:plc:kfxhxf27o5c2b4puihnjq3e7	6.99898859438257	3.04699679374829
did:plc:kfxwqnrjyule4f4255korl5x	7.50853451827297	2.0255564718473
did:plc:kg7hqlmbtw65p2ahk45bifpp	8.21150036260077	1.87403133138611
did:plc:kgcnbazbxwi7mgd6k5p6b2b6	6.62757642098789	2.35438444193991
did:plc:kgixctblyim5b54gohlsqmzx	6.94006802260504	2.68545729183921
did:plc:kgjgbsfyhxdybcbu3d5lmfgr	6.79755219597939	1.76050262960785
did:plc:kgpulkf5g2gpx5motpdfac6n	6.8943337141465	2.32777054768556
did:plc:kgpuo6ec2yiit2v4ndpyefd3	7.29376657702682	2.57698924561525
did:plc:kgvcbgofzncwg6tbdhb7qyal	7.0477603027396	2.31614632805324
did:plc:kh4sx5mb4nvltzixb4g4hmls	6.83471838152576	1.85056380883403
did:plc:khd46vjm7aky7gv4udlbsnjr	8.32177659863381	1.70069934677852
did:plc:khdywag5hn33z3wogkw7nin2	6.60740320356189	1.78671964044886
did:plc:khfq7ripovhsegn646p5thpw	7.84658379221606	2.09588715702382
did:plc:khjwczynkjej6mebmcd65l46	7.65697709125662	1.90429002215853
did:plc:khkqeltqxai72wgbwntkltwt	7.53991040221263	1.96401774583348
did:plc:khssxrydvcapbp23tqkr7qpn	7.1280380460985	2.27772919631064
did:plc:khtpu7eng7fub7taug732vl5	7.10588232112896	1.69017165846651
did:plc:khtxgzrhls2r5rfvgmdblljb	7.28894700800844	2.31349642523863
did:plc:khvd2ug7ii7qmcgkl4u7ojm5	8.66895724603026	1.00927158491595
did:plc:khwfzaw33nzq4pm5dlibzuj6	6.89474512669191	2.46489129460958
did:plc:khxoy7f4xslxl6edpemcpcph	8.33001719531331	1.31795699256598
did:plc:khxzyjnyebzgu5i563yswlgr	7.79169502253573	1.54478410050987
did:plc:ki444y7utjjksr7taxcrt2mn	7.49213485812592	2.07795439973646
did:plc:kibh6xfth4vebt2t2h2l4i5x	6.92473621704622	2.95401344589015
did:plc:kifjcn76exfunn6tuudmu2gq	6.05829968435503	2.2153044297274
did:plc:kifx6pmigt35mlvzs5m3f277	7.0179731608927	2.07470564566036
did:plc:kigjys76b6goxhy3syg2lvdf	7.40266119791019	1.61823484287822
did:plc:kii575jo6f2g6l5tycw3g34u	6.92725017195094	2.17619737775153
did:plc:kilob5nyqhe2ct3voizrnnvt	7.98619731133101	1.62631645886639
did:plc:kinc2thzw6zs4ismamzgbv3d	7.10098772713499	1.53708967497557
did:plc:kirx5acy6xevv4cgdid5dxlm	7.07659871465366	2.29966056512858
did:plc:kixzgn4rswmm5klw4ofrn65h	6.998110659294	1.92230085416465
did:plc:kiylflbqtoum2u57romdriwc	7.11278934013465	2.58510248025693
did:plc:kj6keannh6qcfjo25box7hfg	7.05157330978405	2.09714730891028
did:plc:kj72mahzvmucan66jwc2eneq	6.88495930015801	2.09281218893333
did:plc:kjhqtmv2zpsegn7jcwszek3o	7.05769012339004	1.42085986493232
did:plc:kjj6h4mrrs3mdans7wydgiih	7.79759777933749	2.31179703484177
did:plc:kjpimmloeoku5d6bvwwwspuy	7.53066405926769	2.05739540777352
did:plc:kjucyv5563tk4anwe6rfkt4i	7.71322827983908	1.6821718538627
did:plc:kjujqjsuj32ev7s7u2aftslp	8.1470222413499	1.82410269938285
did:plc:kjypgbd47xculhlnnwuf7q73	7.26000581137667	1.87795758724729
did:plc:kk2qz5nwb3ljwlayp5huwhrp	7.17191040528666	2.05060988572368
did:plc:kkiqvliaglge5lahoirffqs2	7.72652577445648	1.95064558466572
did:plc:kkuuxc5i434js6joempm3pr3	7.25784944928562	1.79971592043186
did:plc:kkw77kj76qvufrg54djgchyu	7.02973639705126	2.61172846982182
did:plc:kl37cw7diwt4mfduwa35hj5a	6.71270016049985	1.86074840009793
did:plc:klcqnm6afyst2re4hc654ci3	8.35528224644714	1.79689283846883
did:plc:klgh73rq4m3z2tpv3ofnrxdp	8.23811093531788	1.57418761991849
did:plc:kljzbngvmw7udmeb3gdjxspz	7.86035033551776	0.95429236926554
did:plc:klkfmqtkkiwxctxnd3mqg2ht	7.70059473306185	2.33204415315096
did:plc:klktpw7syjy2j3ialllejf2r	6.85598174757957	1.70211636057882
did:plc:klq2upmim564nwch2obmf4ux	6.79921318744884	2.3943413526126
did:plc:klqxp3kiejkct4lyhjpybvgq	7.29278484540471	1.86240742239081
did:plc:klsd4ljf3hxksse6fjdxea2l	7.56022793955784	2.62703794491398
did:plc:klsezenf7mvdiwec3jjpvag3	7.64313729546252	1.4608957974094
did:plc:klwcklvfo23nfja3hvshmr5i	6.28064824908589	2.2920506181378
did:plc:klxvnum7jmx4cb4ejjjfnygv	7.42306721335029	2.19665871753632
did:plc:klzb5vczpkgtqnyzqy7fn4ok	7.95254189005432	1.57414883561977
did:plc:km5xibgw42f2lgodyx56qtqn	7.76313244921647	2.05822638718489
did:plc:km73zrouihe3xr6ibndscmcs	7.59704124891737	1.90183234772253
did:plc:kmahqadewzlshfkm7yvguh5y	7.46501760505437	1.86223605373063
did:plc:kmbdp24uyor7hhyxta2wekod	7.04674583869967	2.38590781389497
did:plc:kmbktwpebydwvlgm4hpaavpe	7.07311347079392	2.31323079009645
did:plc:kmbo3mnm7jgbb777zgphr66n	6.73146865833804	2.30179823140803
did:plc:kme4blbisifgi3z46waslq2r	8.63856940602931	1.13851884224238
did:plc:kmejhdvqs2jbukdnippejtbs	7.41100168567716	1.62276117206856
did:plc:kmfevmo7ouqvpzuzot3oaqcw	7.49602924638536	1.8077702076119
did:plc:kmhiq3omyho57rzrdopllikd	6.57718998317194	1.65913765958179
did:plc:kmmaqw5lgjxxpd7adjsolsff	7.01608796428432	1.92351413118294
did:plc:kmqhx6447wupw5knpoxadtmn	7.04535728248381	1.80933628845538
did:plc:kmu35hrp3klc5kzbhl6ufiuh	6.80774215784771	1.89655939019537
did:plc:kmxpx27oniww7ipm4sev5kzq	6.89017841604815	1.79853672205831
did:plc:kn22ymkklqe6ticoisoti6pe	6.97244901326146	2.32391021084778
did:plc:kn5c5jpxg2nxe6rr5m2pln76	7.15277081467798	1.9595299695025
did:plc:kn5h5fbaiwmszyx7jjvjmace	6.42358230435126	2.08095983064591
did:plc:kn5tvc4jg2btuxmtfyavijmr	7.378530006809	1.86868060128643
did:plc:kn5yea4uo545zrnazous2oo7	7.20114282437212	1.723052939753
did:plc:kn6erazntp74gispezqnbzzp	7.35935505746251	1.68210293532788
did:plc:knfxidm4i7joczsbomrwq7fp	7.107087909537	2.12936130842323
did:plc:knl7cwcq6rhysclfo35chism	7.2930970939168	1.79130938082094
did:plc:knmee2rbxpbqpso35wjv3sez	7.75312310368768	1.94133891592598
did:plc:knozkpgxc75zizfshtq2cbw5	7.81050552157149	2.01539326064577
did:plc:knpkjytg4c66yrdtzienjfmt	7.46194877086279	2.23472330090505
did:plc:knqf6fp3zrolo4ssxgr445va	7.69402302708651	2.1276123116855
did:plc:knsgf53prn5zlvaneggr4ue7	6.41870093697508	1.93652990288245
did:plc:knumgpxtialewnfdsjqm5xa6	7.08131949986785	2.03346746877167
did:plc:knumsteflv3gprhpyqucohn6	7.49190536626275	1.82431572974703
did:plc:knvdk75v6nfbxf5zuffopuhb	6.64362555832146	1.88190016702945
did:plc:knzn46ibkjdibt3udsn42iae	7.10945696640846	1.72663759061185
did:plc:ko4tbw7hwgzwmddoieb2qbtf	7.04914201305036	2.44872416640535
did:plc:ko5wbo5lllcq2jlfnf6avpen	6.94983013135881	2.06506027046519
did:plc:koaji6tvgcv4qvwf7xrgpvyf	7.29190282257575	2.17585558937275
did:plc:kodyba63u325mzbnq2xkma4a	6.94629673747089	2.32030285289773
did:plc:koil4qv7a3s7cuvskfz3opxd	6.571933169262	2.87449802923777
did:plc:kop36p5f4mecjxxozehgey7b	8.34455449206914	0.896026860858192
did:plc:kosgqelgdbetw75wdaq63yle	7.0677086640053	1.72004472260115
did:plc:kotlbzrq272cbwpzgaeia5sp	8.79994100157396	1.17551361132225
did:plc:kou3i4czwik6ujbox74avxbx	8.49103345346654	1.40713678520613
did:plc:koxn2a333yhalxojnnmey7eo	7.32570215449611	1.7613295514495
did:plc:koy57cbdusfkojro5rtydryt	7.26037078355404	1.46045531960208
did:plc:kp2yuec7tivbhxru72pwj55u	5.95035121123851	1.5822362822835
did:plc:kpcx2hwm3oc6vgm3vioe445y	6.43942659800745	2.26480983006871
did:plc:kpfrjmzfhhc2up3qwdhjtx53	7.00457065097068	2.18452892837723
did:plc:kphswifq4jemzu4beupjav6p	7.3867769266632	1.94077050256971
did:plc:kple2xhpkzimbgen6agbvabz	7.14049485032223	1.59340583193975
did:plc:kpnexkk6mxezhj6hthguv77a	7.71304946439491	2.03568733601518
did:plc:kptfojduei7xcznwqzeen3lp	6.95411276078655	2.67988237644627
did:plc:kpzxwgp4x6nag3dh7zbiab3y	7.09791602392378	1.78373719977792
did:plc:kq2fusneinb7iqs5ia2pagkc	7.68095332657374	2.12336357539148
did:plc:kq2tpxnyp2ebbuwq2e76nijr	8.01013641611042	1.97872817474902
did:plc:kq3ksla3kotllrlgk4oiqfjx	7.27375064860836	1.9759884176911
did:plc:kq7t2cjrfjxkmlebv6vkhlbh	7.61838023524728	2.15526365785136
did:plc:kqbggsdrwtoockfmzbzv4hod	6.59915118552951	1.95674960995183
did:plc:kqcdipuvxqtfjhg4reokwzhs	6.37682105001078	2.3419446732549
did:plc:kqeudc2c2xqfqurzkwbvyki5	7.44406431474449	1.7769514445673
did:plc:kqqgprpdb76oajjjex32laat	7.48479184712143	1.83275272268089
did:plc:kqs2qgrivzumqwtqehcfli7r	6.56011021909006	2.03148453791534
did:plc:kr333lcxxws2vpvkutwxtdtz	7.45132890716159	1.70212094521061
did:plc:kr3xdblpplnvn3hjn2u3px3k	7.39288370340767	1.91170449594069
did:plc:krasmpqltijgpn2npchzqh3i	6.57525564551847	1.96038228655094
did:plc:kriqkh4qvl3wekn5qag747vi	6.13133504533659	1.68342431374956
did:plc:krlt7pkpe3grgsz6bbznee2q	6.93366850311663	2.54871476053055
did:plc:krnyf7rzbx53ihwyy3nhmjkv	7.28797362356067	2.12250295036437
did:plc:kronnfm4kz2hsbadw3jhgduv	6.43301627326016	2.38561470033851
did:plc:krpbhutoetapibavasrfvt7k	7.28923827205918	2.41491718557974
did:plc:krpgtuss64p5zuafzpd3734c	6.77399219495135	2.12203860327336
did:plc:krpirjamah4w56sv4b7qjosa	7.35530187449692	1.9247959022764
did:plc:krqbiln7qhs756mosncmxe3b	7.48249441616547	1.83207659445472
did:plc:krxfromdl3qotmzyckdtbed6	8.512880981318	1.66366129654327
did:plc:kryfukkfobijr56rcooozdzk	8.41454488535392	1.38323553997649
did:plc:ks2oj6bx6egzkoprgk7opz7r	7.26983165715924	2.18971185224012
did:plc:ks6a35rpocjcvh6omie3aa2p	7.76540036455773	2.08938385672063
did:plc:ks7fwkdyts6qyw7p7bwqdvoy	7.16528742133029	2.53301242815498
did:plc:ksaqdurpo3n4rpfgvygt3roo	7.53731459094343	2.11590822311241
did:plc:kscrre7ljb74b5erfffv2rwc	6.59456352336398	2.72297380923664
did:plc:kscsa72xp6s5fsvtfgiwdhsc	7.06465946126325	1.99266125117287
did:plc:ksdtbbtr7v32hnslbxv2nxlq	7.52886821901529	1.90772282585687
did:plc:kselg6jynpxuubtbwfyj7k2z	6.99550485343945	2.32672744149009
did:plc:ksm33iowd7pz7baueryx6gfn	7.11309168455421	1.60502325259058
did:plc:kso2fq4udaefhshaxntnzpop	8.67874910054533	1.52760992364907
did:plc:ksogpn2n4zfimvk3uwx3zt6r	6.42888730223445	2.67106732617244
did:plc:ksokhoz5zlplulfdaazdhobr	8.71240410351821	1.52334950913478
did:plc:kst5drz43zgrdjv2pwk5so7e	6.70172395150141	1.84115989150342
did:plc:ksv46qjjx2eaqvv3ob47edcp	6.81763433003298	1.92774783679505
did:plc:ksx5kzexafajenvylbwssxph	6.89951826424109	2.49506019862848
did:plc:ksxqrgtryxofjewx2vqxy2h6	7.86793374474967	1.56998937412785
did:plc:ksyvjl7qtnicfaxz4sxraamq	6.75031581272959	1.95117152988452
did:plc:kszd5nsopwcogfx2qrvhwqiz	6.85438133870411	1.55797419599231
did:plc:kszjypus2tiuwg6l624drlpa	6.74015827215617	2.03397300210945
did:plc:kt7yt3aavrg4agkeplpgn4zw	7.42353348207938	2.31681254295894
did:plc:kta3m4mg66vijl37xnzetb5o	6.6390079633197	2.01347780970326
did:plc:ktbl6ruhowf463aofi3z5g2u	6.99228354092137	2.53424664924825
did:plc:ktpej3cp5j2em7mknkdowdow	7.609569744972	1.65234523005623
did:plc:ktpj22oa7mfsqskr52gcaho2	7.81129802664217	1.72251750421255
did:plc:ktrnssajkrdej6p55n5fzvyp	7.25520232184063	1.62862773210985
did:plc:ktxxffp6pikgfajvrqpu3emw	7.06581299117027	2.89914278546196
did:plc:ktyxh4goibx22rozwhmmp3qi	6.892160256299	1.77432366611117
did:plc:ktz5j3sq6qfyosmgp6ihymwu	7.2097575379371	2.46595743515699
did:plc:ku2b2opxtdlyvrgabwfgm2g2	7.1991613346746	1.67575701049875
did:plc:ku2nw7ds7bujvag3wnpqllh6	7.18604101820409	2.08861991956902
did:plc:ku4elptxtk7j4itnhj7t3qvc	6.34728153960862	1.83394183382443
did:plc:ku4ggte47hnzwmam3qy3b3yn	7.80691314141035	2.07883622881171
did:plc:ku6ahynuyqi6szabjbm6mqkc	6.49622264374883	2.10246695022744
did:plc:kuahd4rdg3tcpz4mhxcmxznv	7.0292017475955	1.95330874302783
did:plc:kuaoboomsfqyk5z7yr2igoih	7.30304245610641	1.59183821931138
did:plc:kubrfkotok66cvazqgjutcxc	7.65202194929544	1.78087049126907
did:plc:kudostgxhdzynxnmxempreyq	7.05599886930236	2.02029857490751
did:plc:kujad77ektbhz6kt4xkcjey4	7.42557183852867	2.22089872724587
did:plc:kulwslcz6yjfcejnhkixfllt	7.7043958040252	1.42753610071969
did:plc:kuo26wpztisslnxp2hui3gg7	7.72780702621474	1.55144836789985
did:plc:kuquzsvgv37g55n2yjx7twc5	6.8871146166582	2.18199566401609
did:plc:kus6i6e5nzckfoedoz5mtthp	6.60978424801749	1.8396188996819
did:plc:kuslk52etu5pyw36z4llzauk	7.78066376242383	1.58496067000969
did:plc:kuzlgjrlvimbk6cczvdrgaw4	7.57504193503722	2.0189190246659
did:plc:kuzq433fj6yizklxwxwc2w3l	7.58566979558382	2.2135741102612
did:plc:kv4rb724z3b3qnsku4rocudg	7.32303955094426	0.0966662003981375
did:plc:kvbbevvvpm3wysq2yd737b4k	7.06479244733362	2.56472093306066
did:plc:kvftafkbf7k2nzmcjrfz4hvn	8.07191480755107	1.64150811172644
did:plc:kvfx6hdqbl4ffl7sdzdx25vc	8.36430940115564	1.47371550353399
did:plc:kvmqhoo6l2pgb62mvwe3rf6w	8.13285802712588	1.5554656611809
did:plc:kvqu4g32mcuxqgpa7pzfrvda	7.38655224595617	1.61645087119961
did:plc:kvs2drbdpiicmmc2ru7pbgj5	7.55844060931208	2.2176660385005
did:plc:kvsjqfva3mah3wbphvpjlve6	7.18788997136484	2.22601377341199
did:plc:kvt7knvecyhq4drgcpnrwk3d	7.31343068868049	2.478612951444
did:plc:kvtwhcv6xdo5fuxhyifkqvvq	7.50809143227279	2.17263604251941
did:plc:kvywxktsamdci32sbolanpsj	7.55858367372895	1.77825222650197
did:plc:kvzx2kg36wpobnliwdg52vtx	6.45859469548058	2.10193453613597
did:plc:kw6eu7kla62h2dpv26rn6vhs	7.32194731766635	1.65642800089189
did:plc:kwazu7w2325jvarzxrf2kvzg	6.65038549929616	2.44624625433981
did:plc:kwcmg3adhcsazko45f4j2pzj	8.36255425622611	1.60055708164233
did:plc:kwd3sw4vctiibpzfubgimxua	6.749606068885	1.74706239371553
did:plc:kwhopwyloujf3p3idnae4ogm	7.4498525295659	1.90925564493162
did:plc:kwi6aprlyj2fx2r5kkhczj2b	8.31676938954338	1.54280011786754
did:plc:kwljarzkgxn5rubopvtwdhvy	7.35107580798862	1.87079764325884
did:plc:kwmrzvdgu4efowfpfsyd4hy7	7.15411295905481	2.2716281288667
did:plc:kwp4v657navxqmhqbjqyqsgj	7.39802932983015	2.20539440626179
did:plc:kwwxjijz7uork7jpzqyqponc	6.10708504405848	2.36926801549701
did:plc:kx4yvm2irxhlkis4ivurc6pz	6.83549544896633	1.80626738080375
did:plc:kx76ac5ogetv7lmikbvknp4g	7.36495737367929	1.77991627304596
did:plc:kxbvton3poawjjj4r3xv2p35	7.12291522327602	1.99589455116487
did:plc:kxddzpqolphjvjrsjwzco2rv	7.13506475463299	1.93190233104358
did:plc:kxebc4msazkgtb2xu4sg2qgw	7.37976848885952	1.93537660535725
did:plc:kxjvrhtwo3g5i2ol3aid7ae2	6.62248960075215	1.79840753729701
did:plc:kxnbbsao4k2i7uwsy22yimgq	6.77797475252621	2.1242189581045
did:plc:kxpojje7pe4lrgbz4vcn7cau	7.86911952366273	1.88825734757728
did:plc:kxsk3qtpmiihmmsbf5f36jl7	7.0001107065844	1.61507839654645
did:plc:kxu5q6vmnoojjn4oiuvnpl2q	7.133138102518	2.56266254059916
did:plc:kxv5yp6ffh6fqvwmsrgfch3x	7.21092227204239	2.05620640429872
did:plc:kxvrobdxpsrbeo6r4qmlhaut	6.30790873982056	1.88115620870474
did:plc:kxxlrzw2ugbh37qtdedlzluq	6.58620579631299	2.45264501964431
did:plc:kxybbl3ncyqtyz4bxcjonv6k	8.5812204367273	1.63343711410891
did:plc:kxyfllssuk6fvy35d5c6m6uk	6.28520559777866	2.11416890173671
did:plc:ky4cvvpbgipzkgd7qbyuq6ab	8.40632496431096	1.45281223952518
did:plc:ky6afikpvouepo5iyfrblfcd	8.58266998210703	1.5370336655342
did:plc:ky76555yzgrgjdy4cftwhxpo	6.89448083990711	1.60910618147447
did:plc:kyhg2soujntpvdedmqfsnpoe	6.97008484487932	2.11963191302576
did:plc:kyhkmpalzjsxxf35jrooekps	7.38295838060938	2.64950103414478
did:plc:kyhudw5ovw263xzlanhdb6o4	7.20185326558382	0.805625877638339
did:plc:kyiwodn5xjc7m43glgz4metn	6.66281168906594	1.62956588768078
did:plc:kynvxbzrtpacmg5blynaptbz	7.55016508786863	1.9273047115075
did:plc:kyo5u3r7rkt7crtwntq3goil	8.07926917095804	2.30240571844411
did:plc:kyvg4l4m3e7lgincj5m3rfjw	8.85509345513184	1.49107041244705
did:plc:kyw6geqldhybvk7innpg7lae	8.16276963109075	1.75388176704566
did:plc:kyypaae3znh7utpsdzlbvppn	7.73440191386475	1.84054533909017
did:plc:kyyzdjx5xgefaikptg4m7stf	7.64997515393279	1.80880593766743
did:plc:kz57n5ma2tpfxgzfxvlf4cyd	7.39297948610481	2.02968567929707
did:plc:kzalc3ao6wfvynj5yxhxu4tv	6.41115524436934	1.70246096806049
did:plc:kzbgkw3m3ag2zdbzpfugwusi	8.83434410661087	1.15793412805271
did:plc:kzbrjadf5xe56e2hblp5yany	8.30730334433086	1.37674030902629
did:plc:kzd7ky2j7nftbczh6vcnvv5v	7.94716435447825	1.37971926748043
did:plc:kzdalnxe2khcod7qft4fpmid	7.28166354078628	1.74970277532505
did:plc:kze3o4rdjsoc6j47hr2hwnbz	7.51405029616117	1.75802526079462
did:plc:kze72x4bq5aeox26yriot6xj	7.26398653682006	2.21398184266486
did:plc:kzejjgmakyjymstu3bv7khcw	8.3199903987571	0.81801239095872
did:plc:kzfbh2ryzz37mmqifdfj42zs	6.85542631311596	1.77431367394446
did:plc:kzh2jqtkw5pt7e77ojorryie	6.43905332266394	2.13624048778823
did:plc:kzjm4n5enwy3omr3mgygbswp	6.32695381248025	2.26480686015687
did:plc:kzk4az7rs3b6m5tt7bhoqvva	7.08937038823102	2.21583103454003
did:plc:kzm7gbxqxctmlieqy6ncnbk7	7.72059601963632	1.92304228901564
did:plc:kzsnqhdb3styakbudv3xtq4p	6.07760300577105	1.75242899394429
did:plc:l234zdryabomjepcpi3zmttk	5.90978152368243	1.92120261573468
did:plc:l237afykbxk2d7wvv23blrh3	8.05359108778045	1.47677090625906
did:plc:l2eemdlsfyqp5dxgzxfwdehn	8.27742791933825	1.43676756519794
did:plc:l2flfwzss4bnwg5xgf4y7tu7	7.34714939197327	1.27953340260561
did:plc:l2lvii4ll6dq7w63nc54zutx	6.86377580792683	2.17266649139315
did:plc:l2mblbi27nwdkub6pc5ugtby	7.8631405353531	2.26378272327544
did:plc:l2nmplnqqy6kql6hhwczhm5t	6.61708119423033	1.70590428002266
did:plc:l2w2iwtjyteegqzp7yfdzenk	6.84146797722445	1.77929786333547
did:plc:l33fzjgvi4epe3xq2xivd3xa	6.54099093456657	1.72883249062804
did:plc:l365tmz3bqbzwrvfbfacffyk	7.48404730353071	2.49592640869126
did:plc:l377slfm5jwuowplocwicyqa	6.66223804197033	2.72024244953099
did:plc:l3bn2sb6pbm3fjzudm4j32g2	7.615149333735	1.4332127120063
did:plc:l3cxfj63236ocve6utdmq33z	7.15613895500653	2.02528525745383
did:plc:l3fw4ys5jtvqmv3oe5pv6e5o	7.09887855124886	1.51964688433037
did:plc:l3fx33e72wl66dzpa7tleqqr	6.95959009827393	1.88797623116261
did:plc:l3ik7t3xtsxwzyij55xp64ik	7.59161308565305	1.77936538188364
did:plc:l3k4ivyknlg4yv4as4b6anmt	6.97946053189762	1.84741120999532
did:plc:l3kju2uil455w3g7wpjh5nrn	7.66196619765041	1.71645419124372
did:plc:l3l2mnss2qr67ffiq6xe3eqe	7.31675963952881	1.50233864225393
did:plc:l3mb5kbohbps4x4hm5jnn4j3	7.59062261562941	2.17101670712835
did:plc:l3mj5hhtio5sqv62krucfee2	6.73480292113149	1.65522277838016
did:plc:l3o77v7ebiriepdtrz32tuvb	6.45396339947698	1.8856328234676
did:plc:l3qdjjmdfnevmnu7zsgikpbn	8.257673779299	0.946479728730295
did:plc:l3vm6ay6u3rpcvzld3ilsag4	6.98363480676591	1.92771714004711
did:plc:l3yrt7xsk5x74mogay3xa2bj	8.46534406970157	1.49524611759983
did:plc:l43f5finrcugyqz534j5z265	7.41061392012284	2.01554327553755
did:plc:l45hxnn4pk5t6sy3k7cau3eu	6.952314303477	1.83390885649446
did:plc:l47qmihi75chykwb6pf3ypk5	7.59507207918431	1.70529881359581
did:plc:l47sscphqtsiyzjopqdwblfo	7.02853258146981	1.95369792692274
did:plc:l4a2cx7tscmr7oqnmvld5khk	7.01513270847595	2.50364555343588
did:plc:l4bechonpn6apn3joowr66at	7.01787187415389	2.12625557979698
did:plc:l4fzvdwomfw4cs5q4dax6zy2	6.69212310043692	2.09510222446891
did:plc:l4jiocmxtdzxn3jich4rypmz	8.22220085426831	1.62598501408339
did:plc:l4k3q6svf2daaqlktblevyww	8.54289629252345	1.19624973265853
did:plc:l4t2wtnmhim33cd3jtmzj3fa	7.59950413341188	2.04739513377584
did:plc:l4w7pfdnkueidawzwo3wok3z	7.63290387817005	1.96608215031669
did:plc:l4ws7pjb54uylekje5us2se4	6.22022967274307	2.14047963058483
did:plc:l4wyttp2ibuqir6obnlcbtnk	7.13217404809345	1.7600719868303
did:plc:l4y6xfg7s2vxa3jamf4f2ir5	7.30030463245021	2.10973112528297
did:plc:l52ugvccesgzh2bg7atncrpc	7.51283112780549	2.0807578205188
did:plc:l52v2oenghuiwuvp26sh6nym	7.50619657032439	2.41329398560052
did:plc:l565ut5yoqmzlnhdxc4iy4b4	8.99031750047738	1.30439918933507
did:plc:l57qxjtusyaai3ye65j3lbym	7.32267636365699	1.75032079838029
did:plc:l5fnjgd4iqrds6x5bwzamz6n	6.50972886270073	1.86353938367434
did:plc:l5nfxrgfcf4lh4kigcxdyuhz	7.88340376009802	2.08555866380243
did:plc:l5nvu4eovah4kp5e4fgwr4a4	7.008723421509	1.9626625927772
did:plc:l5ppogsebmhgu7gmw27bzqk3	7.91765606639913	1.54860730954823
did:plc:l5qvtr2zpqhpl5xpepicoiq3	6.42219781413599	1.88508455674878
did:plc:l5tgvbamv2ig4mie236o73dy	7.37802822984397	2.15174593711037
did:plc:l5xjg3lfbjy5ks7sb74jxfxn	7.11620452344845	2.38881314105833
did:plc:l5xowghmn464byyh63x6debf	7.32756603905199	1.77298152060366
did:plc:l64ppch7amtuhseby7zjz7by	6.76387616958162	2.29631801316862
did:plc:l65jfkuym3fyyzsyhikb5652	6.490883383205	2.06275457553356
did:plc:l67kgq6bwzfb52ivtr2ud5pk	6.59493297060517	2.43017669430862
did:plc:l6bjhw2smaziyvm7p7pz7jp2	7.2324520717499	2.42725304215392
did:plc:l6bxp3b2bw3phnjjci7pkheg	7.90259351361415	2.27880800850497
did:plc:l6ej4omqpx5uilywfqkkcneg	6.41676034755479	2.37202661957556
did:plc:l6i5f67vkguf34mx4w2ej2fs	7.78773548576499	1.76884510026487
did:plc:l6ro77543rb5554l7grsfgdt	7.35830762899333	2.27830206899742
did:plc:l6sv2f3r4esglkxaj6exalou	8.26740567725081	1.37834316504727
did:plc:l755nufg2yjvoyxfv6vtc3ml	7.61638552247418	1.58524703010186
did:plc:l75d6okekgynmoyg66lixre7	6.82015387856543	2.06010777676768
did:plc:l75xbjxa47ndsf4fyzidjj6n	7.65231268467098	1.26556352273448
did:plc:l76c26mzwv2ynjcjiatfnlfc	8.67209481157415	1.28565525872106
did:plc:l76mvcflztacd4wbvgwkrhg5	7.33130438047466	1.73124110540798
did:plc:l7bv5hrnw2anovhqvz7vibyn	8.28286507965963	1.61075034868294
did:plc:l7deqxbsjzichamh75ikmxjy	7.56400555771846	1.74182661096017
did:plc:l7e7yqnquijjuy4krbudoxm4	6.60401841769818	1.8740338204041
did:plc:l7idxyth24a72vpyatx2v27x	7.51590271563939	1.99135259051068
did:plc:l7s2uqc2vqfwzf6sgzjrvowf	7.04355656238175	1.68268174690602
did:plc:l7tqsnejokffcqjdzivu33ec	7.28921119867993	1.66501405808236
did:plc:la4j3ciwgi6qczuroc2eqzeb	6.61260852891776	2.08371821328148
did:plc:la4srcyjqnn7kjxglnfwl4yc	8.2763511034161	1.99790102727547
did:plc:la54tnmtkznltjwkodzizi2w	6.88180416781618	2.57335163324504
did:plc:la7itifalc4v2ayss4dmcqav	6.72609339123273	2.12687467242524
did:plc:lahmghnjs6cuaucq6ppk6aze	6.84042720343555	2.20907799856881
did:plc:laorvcwgftqwukwijnf4cfyi	7.68895387318453	2.04714538019734
did:plc:lau4hm5l3jjqygmrinofhbhf	7.65691034655598	1.88981251603145
did:plc:laxkthz7hujih74rzidi7qto	7.46305039711439	1.95670528070266
did:plc:layajwox6tq7i7nepnvwt5wd	7.720828004717	2.05473061837065
did:plc:lb6frj5k7cy2234pmmaxco4b	7.76981138572367	1.30162954844466
did:plc:lbhuk4wu4cdj6ihh5pdmt6in	7.24218316378123	2.37121814389046
did:plc:lbju4u3n7xtdx4dqmdvtagk4	8.42285259573513	1.38436558577078
did:plc:lblisgjd2urapsgq5oh5tjea	6.94159887340339	2.3329926386129
did:plc:lbmbkic2fic42jaroo4bw5c3	7.33626408561177	1.79383403040489
did:plc:lbr5edkwtosy4xr7p5bb34xz	6.96218000201457	2.22437708105658
did:plc:lbrsxxsq3lcpvgo3vgswvcvd	8.32354671886512	1.56692518678047
did:plc:lbwg6oe47u3havj6gjnlny5j	7.58322823047243	1.17672695080537
did:plc:lbx42rbkyjcbdu4j4x3i2ykz	7.62617091813035	1.91314744489065
did:plc:lbzjspctccopgvq3wma2b2nu	7.37390756275457	2.2512977504547
did:plc:lc6e5i734jgfjwd6jxen5352	7.02507654533167	2.23280552333899
did:plc:lc6q6qougst5enofgsc4bfyp	7.7520964080865	1.73553397329334
did:plc:lcb5j6bnk6v4joburazsyq2c	6.74844265071516	1.8214338545146
did:plc:lcfkwuugjzswrks6ophqrmjq	7.50647605456224	2.14974578806849
did:plc:lchafaw2swxgxp7vecynv6yf	7.96898531586671	1.72553114182606
did:plc:lcj25o4pcv36nnirdc6qzrkr	7.14687359964478	2.46823788012444
did:plc:lcoadv6d5n7sudhga2fr2jeu	7.0507434982591	1.77712590836865
did:plc:lcqevu5yjpgqeehxcbn45wz4	6.47445360675165	1.63916399703866
did:plc:lcvnbvorxusvpzkpiytkrxic	7.3135245125884	2.09027567830073
did:plc:lczkkdw2ud2agiuvosdc5ejv	7.57505971013402	1.52574562632578
did:plc:ld64ye4ps5x4uhetugmrazl6	7.25824281422647	1.99907205116592
did:plc:ldbygbyrkdfsgfdslozk4qcl	7.5954027698899	1.74961711543328
did:plc:ldds52lsyxoufe32cfdq3e6d	6.91810549198537	1.95704166703477
did:plc:ldhqkheeflhad3w7ijhzrt5d	6.85312842084031	1.61290814024923
did:plc:ldjhuirothfgd64m7uzur42h	8.6572969730672	1.29001154653444
did:plc:ldkl5j3izvhjf4zwixot33ay	7.588965743244	1.57010554345382
did:plc:ldl7rifgyfnk3iglinemkxr3	7.27269424470887	2.636122658755
did:plc:ldqbcjeceanjnpxamr43725r	7.00822374160104	1.6444649368853
did:plc:ldt22j4h55q7pkap37a6oxfh	7.47125298648778	1.9084268679636
did:plc:ldvdnpkbgzcgxhcf6mgzqdyg	8.24674157978001	1.49307592743873
did:plc:ldzyryhscjct6bda5n7f6w46	6.66777901853127	2.01917494439171
did:plc:le2ze4pnramenflsdyctu62g	7.7032114705812	1.35414933134188
did:plc:led4jej3y4bcxcknhrylycyu	6.65369558110156	1.8877725121493
did:plc:lehp6yy5pkpwczzczrbcq7v5	6.97721662544459	2.51698421246159
did:plc:lejx57f7uctuntvrnz7pky3n	6.77564103686737	2.42048318964393
did:plc:lekytp4no7qz5vae6yapoaav	7.26710263938666	2.07443085860792
did:plc:lepgaw56xfplautncqenobhq	7.41897130859223	2.1340094663216
did:plc:lerv5irgjr3o6t3zjrnbfnuy	7.52003027773636	2.40291548620807
did:plc:lerx4df7qvcyqgvuvh6wrytp	6.11282200416848	2.09408917985876
did:plc:lewq3kxizjwraxkatcdnxr3y	7.0749346084293	1.93379220883842
did:plc:lf2gjtp6mnt5hqlxmqdtc5kx	6.87263513871002	1.74357968070635
did:plc:lf35mu2d33sjxsjlzmfwk4er	6.36720117456479	2.01612139561836
did:plc:lf6heysomxagc3yyg2rg4rap	7.42087664755464	2.13174974385396
did:plc:lfavy5yqhbyik5mhks2obzjp	7.27603176081411	1.43624822471
did:plc:lfgyaigs54niybkw2x72575q	7.64590609995367	1.60447977520258
did:plc:lfipwn5pw7hcxfsjkan5fgsm	7.14404202243503	2.36870412756867
did:plc:lfjakd57xwobtwfzmtvk76vc	6.97732978208052	2.14051320319173
did:plc:lfxg5v5xj74vfrdh7cghfj3f	6.90604187565548	2.81077127424748
did:plc:lg5cep6dskdyqfz4gsuujmte	6.74167111067074	2.33018810429001
did:plc:lgaygody2ykq5iwninfxyzre	8.00463462366468	1.70392704775343
did:plc:lghmvijay6brq53xmx2bz7ed	7.30230267492969	1.77751847083102
did:plc:lgml52yrvubhgaqt36ctirxd	6.60251766340097	1.97010827669139
did:plc:lgn6as2prh3kfziboxksmsa4	7.64012360867153	1.69627371972631
did:plc:lgnnueubouvquwbmye5h2wyi	6.76134738653452	1.85099692578937
did:plc:lgokl25hax3pvnewtezhsc55	7.29710144475952	1.51735609558485
did:plc:lh4zxncknisvw5wkpzje7j63	6.88736985922667	1.9058990906914
did:plc:lh6yfi5hm6lf775plemivmij	7.61457428415659	2.30972577523704
did:plc:lhe6offmavnl7zyqmhwvwwew	7.07769711277751	1.77250811150251
did:plc:lhenemml3larsh73kg5iatdq	7.20133367147037	1.90052097650761
did:plc:lhjyxkxwzrgsz3mnt3q3ots7	8.34890948258279	1.32179536097196
did:plc:lhnav2gzskfmj6b4fcd6ggjf	7.29222154220475	1.93089585855363
did:plc:lhxzy442bhy5kmjjqsl23jov	6.53454251440721	2.05838054109053
did:plc:lhy4ffgip2gfpzm3fpjfa6wb	7.92207418167516	2.0760256827451
did:plc:li4xx3b7vbeszmtphvgbfkaz	6.93634242682756	1.8740174386063
did:plc:li5zwbmac6ktm5lpxnkqligd	7.22485539513741	2.0007067841794
did:plc:lihfimmoayi5tcwslew3gbfe	7.18224621238802	1.59735416972175
did:plc:lihv3n6en2gqdavwdukezuf2	7.6280684934105	1.9312141383255
did:plc:lilw67gfyq2xrd3kgu42bdj3	7.04105377333812	1.8885041619921
did:plc:limmatafumiykmqjfcj2mneq	6.9635872108316	2.29783754393981
did:plc:linfd4mezpd6afxhrkpxuoxi	7.7205286007868	1.99444682805338
did:plc:livlh2bh6nxgxe5ammwfd2b4	6.23523304332305	2.05202141172149
did:plc:livq6j6e5nyclhslm7nqsrs4	7.45543837399192	1.71227778400583
did:plc:lixexcdpl7cnt6vhtlyzv44l	7.72836125628354	1.67287019426479
did:plc:ljaesopvirbqozv7inegbldj	8.07750732696736	1.77319569061667
did:plc:ljblqfc4vvryfxzxhccoyc4a	7.08679282860908	2.23929224860531
did:plc:ljcppwd7hyrsrmqrhq56awh7	7.10665683617903	1.91653699058882
did:plc:ljda7pu7bjsin4zh6fdhny6y	7.09170754883897	2.33459438025327
did:plc:ljnpvms7j5sdmzhpckbrmjfa	8.15286992298092	1.5028624673099
did:plc:ljotwgxfs42b4tbk7rkxbxaj	7.27521997571046	1.96122298483684
did:plc:ljrejw7fixgp5e362dpicgat	9.27015617189257	1.07869949177999
did:plc:ljtkbowqaiooic3koshhwsxl	7.15630123863947	1.92990746373552
did:plc:ljvyaoehfn7d6mgpk5gket2d	7.10093075378908	2.08726983892061
did:plc:lkdaui54si3av54lolwmjqcc	7.30346778501123	2.32283618434807
did:plc:lkguybost623qp7eevot4xye	6.12756761460379	2.37007613131232
did:plc:lkkwm3enfndm367swlu34par	8.21041910695651	1.65451586823937
did:plc:lkkxkeabjbkd6og6rkomg75g	7.37245790955098	1.93329215808952
did:plc:lkn24opx2r322mzsexmlq7r4	7.46344856554797	1.81749057956683
did:plc:lkqhqbmkoeqj56rifqjo5fcj	6.54443890419078	1.88113269631176
did:plc:lkr4v3qkvzccruz34i4wine4	8.13839219745324	0.328372615151314
did:plc:lkxfa7h4bqjde7q2e3xxrwuk	7.65357588357918	1.41694746765362
did:plc:lkzccxvwo4q4b6mykp7hipes	9.03710882231129	1.0548941353064
did:plc:lkzkukh2cf7bije5jm7foy77	6.7735946913801	1.77491799482299
did:plc:ll2zbanemwkunll42bofk5ju	7.290651859583	1.73037636665032
did:plc:lldfki7ixiovvvcslnhu2ako	6.19103183754316	2.5416855665141
did:plc:llgkntfexlavgefasoeqwios	8.25320902100401	1.59664085213384
did:plc:llijdgruo4gutwiaon3wri4u	7.40195863444487	2.05549327464026
did:plc:llpqm23hs2ybpevr3ls2i4mg	7.51950165051472	1.85438431842875
did:plc:llpxccr5cofli4isumvdehab	7.01507927456999	1.91669045412261
did:plc:llwqnhljls4eho6g44gqrpgz	7.52110389427391	2.31500137406052
did:plc:llwy2u7v74trm5sope2jd3wg	8.0232272331556	1.55862511629826
did:plc:llyhkt3strxh6ot5rzakqqig	7.86157442707463	1.89921347481981
did:plc:lm3sh33jn4wlxl4rt7leqtrj	7.97641216694844	1.02411025007441
did:plc:lm4iwpdxtdlhmpafqgofyu6m	6.4900814903204	1.97634082757898
did:plc:lm7byl7fbuevvjhu7vu5kjyd	6.39225836170736	2.32707487698372
did:plc:lm7dz3kkrnf7e6bu3bfbxgwg	7.47772579357531	1.79002926438872
did:plc:lm7i5vuoudwowg5l7pky4z3h	6.82160787290082	2.21890376659226
did:plc:lmb2ncaveanyaae25dc47ept	7.33996195242079	1.8911916089257
did:plc:lmfdr7jpanfxxnxxi6fuj6mh	6.6934190189079	2.67738139222335
did:plc:lmgb4c3m47gwemesbdzhcv2b	7.53203868373373	2.2444243376878
did:plc:lmmmecdwpgr4cdzfxqiaqklv	6.69141517907057	1.58215865000692
did:plc:lmozkxwy3xthz2lxhxvlp32y	7.3655775458774	1.83862256076766
did:plc:lmqc2gsoid6ejekatx3gndae	7.97589740562315	1.79256608858962
did:plc:lms3fojs7zsiohubzum6wlw5	8.54570899682454	1.54968067974384
did:plc:ln3mby6h7lklozcd3hoozmyd	7.5909433783849	1.72771477918089
did:plc:ln4ngmduhzbosx5vjk2gokir	7.8045874038163	1.86370874029711
did:plc:ln4rgf3wz3rpdvgli7eo736r	7.4677164960149	1.36892891084837
did:plc:ln5trg55humrmkdmh7yr5q3k	6.54118017384269	1.79526386318224
did:plc:lnljtciqcr52dyxwslm6txdz	6.58189208909042	2.32959639392644
did:plc:lnti7l2agimkhsiexu27jqy7	6.56120298061904	0.872845400120395
did:plc:lnuc5lxczbmnfwwu6jm4o27k	6.33344421024217	1.90748921346765
did:plc:lo44yrr2ysstyvf3hnhrww4a	7.24478529653602	2.53013583672567
did:plc:lo4l2f4ml4gbzciz6rz2gauv	7.96976915498295	1.58073304934291
did:plc:locoisvy4bjqc2o7cjl5y3lb	6.8493054305831	2.40647016186905
did:plc:logmncc77o6p4ahrobb6trku	6.90113887497334	2.41151613682278
did:plc:logvpfcucpe2txgnsc2o7flm	7.99065424396994	1.22050010344138
did:plc:loob7bidlpsum364liepcv2u	6.79138365176085	1.90611562497937
did:plc:losblriebhuj462ytmvcwxl3	7.46934121707306	1.95208934092374
did:plc:lp27scbhcz4sl5eidxkq2l7f	6.72608939860951	1.97922007914871
did:plc:lp43hl4d7t6jdahrndkexu3z	8.16384782497086	1.81385562706439
did:plc:lp7xhwc6a4di46oq53ntyxqy	7.06533915747345	2.32221201453139
did:plc:lp7xieoh4r3bu7mpjggelqez	6.66951270672183	2.5007181615364
did:plc:lpeglk46ggklozjlxl7ewv6p	7.58368503816385	1.85699546126133
did:plc:lpfudod3u76u5kf7fayn2zx2	7.04243657786707	2.03422929003831
did:plc:lpl4zzambyb24nemrtabrwrc	6.96938204924947	2.04782507531963
did:plc:lpzxbvefdc2e63hszgrensxp	7.00153605406958	2.44459113616429
did:plc:lq3fpnx3xsgmf7p4eyj5lzn7	7.91414134488666	1.70715079814305
did:plc:lqa4kevzol674gy3o7oaryof	6.70885328655039	2.9526143826024
did:plc:lqaeanmuwh4jkyjuertd4ari	7.31836220874694	2.09166297886327
did:plc:lqes5gscf5gobwwo6lpjzuhv	7.74874283520978	1.59896265658573
did:plc:lqjjj3sbpkrj6crvqpxjjjki	7.84315254621245	1.91502926479023
did:plc:lqmxmapu6w4assrnvmn7sfte	6.78628575038291	2.07002887186438
did:plc:lqnk6w4s7celxq7chdzhxwkq	7.02508501315122	1.64839756366041
did:plc:lqor7wpzbjy22333soqav5z6	6.66401169375882	2.09357766670715
did:plc:lqqw2zb3gqfr7s3dlbkjcken	9.14145696483308	1.06590471910045
did:plc:lqqz5tmkvchgien3qy2elsbu	7.97342760354968	2.25423665370642
did:plc:lqr5lair7lq7p4w2xxruw5r5	6.64451662167351	2.37841778599943
did:plc:lqt3jsgagz4rrycwwud5k7qf	6.52594226927223	2.05259084019096
did:plc:lqxstol7beav6rktu535txsp	7.47220778143011	1.6595033767956
did:plc:lr32wj3jvvt3reue6wexabfh	8.2087033385399	1.62080859855069
did:plc:lr6ojuuolvbjtpymxbdugl5a	7.19265721379485	1.81174543510488
did:plc:lrarinlm3afwyopuino3ieve	8.3859776699517	1.58204464630585
did:plc:lrbprpdpkv6prjqqtd3qumrd	9.34301199105355	0.782673252258385
did:plc:lrbundkiqr7qojfanvaajfup	6.65752787900787	2.10071384722277
did:plc:lrdiejc4ao72rqvup36ry3tg	7.82126647963418	1.68449485569134
did:plc:lrdp4yvjooidn3ulg5l7ikzc	7.36786489109039	2.03963704960622
did:plc:lrhrstbmygezxvh43o2clj7g	6.44575697629453	2.59837090620289
did:plc:lrs3s7frinxeqgpo24otwead	6.91587712094377	1.47661041711303
did:plc:lrxasjokkp3ojyfabq6p2ufj	7.86985140264584	1.74397918946933
did:plc:ls4gq4cbdndrk63nyo7qoqhs	6.2674826791497	1.95360325208451
did:plc:ls5h4l7qkjdaavicxcnh7lza	7.24255987599546	2.30166325042302
did:plc:ls62ldkyyzesuujlmhri3tbo	8.67905253188636	1.65408453230341
did:plc:lsenckcszfjfy6qhmkppeyqi	7.96593478996106	1.88713790916069
did:plc:lsfsec52ibtgkw5x2npyohvq	7.3108885533717	1.95158012009382
did:plc:lsfw62lnmhh3do6sqgnca2iw	8.74708336896586	1.3389831303706
did:plc:lsjtiu3wokpd6qd6n3336grp	7.37108810712595	2.04047815681905
did:plc:lsm2srt4br25d4q7rks4dkxv	7.71609623662294	2.17305143093752
did:plc:lsnb2ebceu643aj3tgvjhp6f	7.34463148986934	1.95219568455325
did:plc:lspbq6ebr7kslq7jmpgfpofj	7.12479914869098	2.27948132001718
did:plc:lsqjuxja4rwnwf3ys7syszp6	7.51031998449896	1.58194727900546
did:plc:lssid5qxnvywghwkym2anbna	7.57247717601085	1.79900823416896
did:plc:lstk2gj27on5k26mdpxh3agi	7.08942008957686	2.07554357142039
did:plc:lt3jwf2n3vutzrxngmgil53n	7.77578499877119	1.59025942522922
did:plc:lt53m5tteu7oq3zkvmsmvuun	6.5790854354508	1.80315075403994
did:plc:lt6q24u7o2p2biji6rkqorj7	8.10980606623889	1.52043622097102
did:plc:lt6ykixzih6jklgybakroyai	6.99912219861142	2.14611931866318
did:plc:ltf52mwrztx74wklwuj3svm5	7.23277613553136	1.84179188592529
did:plc:ltg4cwf26xz3bc4vk4ej7lnd	7.21643170030618	1.88273074319488
did:plc:ltl6xlhgrkmer3ymcshqeb36	6.90923406722051	2.68868945551651
did:plc:ltms2xmtpnqw22bu3qecjbt3	7.27342069765999	2.04800405287719
did:plc:ltop5b6nte3c5m37zxrzngbf	7.90404634792925	1.94861882232935
did:plc:ltrsmb6vykvrirfd7xiglhrn	7.26544410953298	1.96424835909303
did:plc:lttoo4anv63suvq4d4ddtkt5	7.02253794788228	1.94186821651192
did:plc:ltucw5opi2gx5gxaiyavjtf5	7.62304664670353	2.03579641028964
did:plc:ltuouftutthx4pp5w6d7gaec	7.92495990792731	1.98581527219921
did:plc:lturxxu4zqblwvky6edr5djy	6.51264690191046	1.98462769235354
did:plc:ltz6u2wria5ubsmp7cqspwpx	7.16813668668405	2.30558943699
did:plc:ltzwgeygbas34v2halj4ntfx	8.02627142448557	1.47291467235531
did:plc:lu3yyb7kchssv5oovqgoraly	7.55232934165646	1.01037417431508
did:plc:lu56cu7wzjj5bzdsjeqj2kbp	8.15403669518315	1.71286673985624
did:plc:lu5j4ed7if7kf7mjmsfoslvu	6.70563879281928	2.55085523457823
did:plc:lukjmbfmcb44iw3zaj6s47na	7.75201884430717	1.9942603415327
did:plc:lunohlnpldceazogpkfg2w5f	8.11371622037009	1.48019169598536
did:plc:lunoyljeib7p6vkw4k6zg4lo	6.19488476951872	1.6662120001219
did:plc:luq5ehmrudmuwqq4qntmir7y	7.46551392747527	1.19538771920274
did:plc:luqjxx2hmzuzw74zykx5mvvm	7.04358541203328	1.53114423411448
did:plc:lurmdmls2eqi2zlf6dqscy5a	7.59811749445233	1.70189485023964
did:plc:lv34oc6y2onksotvoh4rx2ch	7.91062844484909	1.59021549183855
did:plc:lvfpotyjidv5p34y6sb4ufhd	6.46556075655768	2.40726567651658
did:plc:lvjjp6jxn7m346eiwdc6jyzs	8.26937549017575	1.70650633451846
did:plc:lvl6vhvo3v3bp4iucw2wy6oy	7.1104452576071	3.06581081701743
did:plc:lvpuxug7e3vts3rw7ewwknsg	6.9343919209457	1.62296036557778
did:plc:lvrb7xldrqhogta757awjne7	7.15668253586763	1.71982042210324
did:plc:lvrdpxdf6372iv44qqklxo3g	7.62071899077925	1.84176670978851
did:plc:lvzm6nblkdtvpeqdloartr22	6.21674091727979	2.82155249471507
did:plc:lw2dj5sgw5kprvmkzp5gldsh	6.92433691736411	2.10569961876095
did:plc:lw2lbouzjygq7abw4tqg27gv	6.53377376137938	1.78625974176495
did:plc:lw6e7v5issx6nobbomwyli5z	7.9815476748067	1.78622711280388
did:plc:lw6smv5jkq67nodf24bsmig2	8.5723216238374	1.60374376377235
did:plc:lw7354sntpr67dymp6ltdaps	6.63146532734505	2.65576025779849
did:plc:lwcyoegocsdqrsgfkyqet667	6.27517413572669	1.77231546458978
did:plc:lwe3k44ytjgz4bykna7ybk67	7.86580833171764	1.88320919978855
did:plc:lwfth56dqxo7xfvsx5cd7szz	7.89264701316961	1.88188531895435
did:plc:lwir4thqe4jqjxkgdkugsmj5	7.39088767513537	2.31921373337776
did:plc:lwk5beisv7wfzfst6roqt42k	6.95283201118186	2.66365619637635
did:plc:lwrk7fcbscw66bwoqazsbud3	6.42650885271655	1.92999823528844
did:plc:lwtvikjfga77djkegbv25yj6	8.46805575778752	1.47187476177773
did:plc:lwvxdak27efyibzcicvycstr	8.02112448863419	1.94589911476391
did:plc:lwyp4bih2264rin6e7c6if4h	6.18744478509763	2.06521809642274
did:plc:lxgb5wnynun35yqtzklckvlw	8.41438929076958	1.57194144154188
did:plc:lxgj6j4im2c2fwspobk6dffc	7.95476096349936	1.57027739442948
did:plc:lxo245s2nggrsbl47ujzrvzv	9.08339977269072	1.44957144648392
did:plc:lxwo44bx43tr5ydjehlsg27l	8.46408368849193	1.25024808318731
did:plc:lxxlkaehl522s22zunv5zbgh	7.8948164412096	1.67038607187999
did:plc:ly7qqnhzb7fckiv6zwltz3xv	7.04522176559783	1.92918062885124
did:plc:lybgi4dkkgbbes67esdoz5wl	7.13099024283433	1.57484265317243
did:plc:lydcvszg47cbyu5nx4nrlymw	7.0172398122433	1.9539945878522
did:plc:lydxxesjjmqdibq5xacb6smk	6.29020968680773	2.00390697795217
did:plc:lye7tx4u6jiun2squxnipkmk	8.2626835891988	1.56163623222512
did:plc:lyjzb4mbtsw75r4gikgpzea2	7.20594879222097	2.0604800038041
did:plc:lyqvkn7e7q5kyve2t2jny52b	7.32236342632528	2.3681985016352
did:plc:lyrqoneqh73xsa6aj4c2gutu	6.62769237503259	2.24630598103766
did:plc:lysygyqz3lpcgwrdbznx3jfg	6.24468126562264	2.63728601485738
did:plc:lytybgcgiwpjthozfxtswhed	7.77568538004652	0.645068148864281
did:plc:lyu2ue4lha6p2esq42cyrzon	7.03187363832475	2.3934006098504
did:plc:lyzbqbolktfjns722uykfi7u	7.58161821383493	2.43298345684802
did:plc:lyzmdfuzguu5hgzbm6ouhscg	6.82577287972354	1.85282098905833
did:plc:lz2s22n7znryjq2xfv4n2p27	7.07966282688269	1.87309132961788
did:plc:lz6iuxqmclcysrwluhsbzopi	8.73507241425448	1.21416309258368
did:plc:lzawilu4qe2ymenal7z3adb2	6.90658017146035	2.21461778497962
did:plc:lzbrjeoes3zcnuv7auvo5mh2	7.50364292078444	2.68209168265831
did:plc:lzcbpquo423usgnfqyujjazu	7.91905707114699	1.67585765962137
did:plc:lzfv6z2cnp56yxeokv5lju23	6.78704161598616	2.02889519961406
did:plc:lzikj7szyltkbnhj3no64h2x	7.63686200075352	1.39948852397468
did:plc:lzj3kbrt7p4fvz4tozsh4isb	8.60910435912087	1.12372654258659
did:plc:lzjm4ijdpszuo57wpapqbjd6	7.0434034078844	2.21307919390329
did:plc:lzoia5wytltaanysqftszohu	7.03599581667526	2.39333614529311
did:plc:lzq7sn2ipjwvv6lkapbl5kl6	7.59264177176277	1.96115654908907
did:plc:lzy35mvnif6fmbevsc2kxewf	6.43273367064048	2.39023936552614
did:plc:m2czvwxhs7f2neex76gxlmyy	7.69404516395759	2.11299802187241
did:plc:m2hqvx6p2vobed2vylpkofus	7.51496175912837	2.21002419101158
did:plc:m2ichp2bqqb4sapn7pxeejky	7.56151880443881	1.9173822126468
did:plc:m2m5pha3au5lvk6orjyftrhr	7.45745416352458	2.10016253043459
did:plc:m2macrfxbszf4u2fvk3w672p	7.08703693216237	1.85233842081479
did:plc:m2qfjzbhbfyvkiiicpp5lls3	6.28335257352957	1.91025897109578
did:plc:m2qlsnaljbgk7ju3f2u567bj	6.31377151615206	1.76769971579206
did:plc:m2rhzyb4ihbylrrfy7hlsf3s	6.47108403381107	0.43297970645404
did:plc:m2vdxmjw236wo33weqfoshqs	8.39102570831835	1.35735152192989
did:plc:m2wazjxhvknmeco5jiwk2lti	6.95954111696728	1.97098094190806
did:plc:m334imglvfyhs25y567krnji	6.62767942125342	2.0509215972994
did:plc:m34m6demj6k7oe2ehwhtrzj6	7.16133019908543	2.17151597929635
did:plc:m3at73wnxwhbpllsseh4vtyt	7.91487420864217	1.8615938512929
did:plc:m3bfntq2kxax7thyepr6kgqr	7.76787086381601	1.59859574087467
did:plc:m3bvp6g7j7kk7427cgipb4n7	6.84526072332798	1.83976843782022
did:plc:m3ebmseqy2nf2uqo7vehoutd	6.92386266628498	2.49783098634078
did:plc:m3rhbvrbmv46c4xlx7lnopv7	7.12908362022198	2.17449271611576
did:plc:m3yiaspkxrlh47npeqipuglu	7.80187015467875	1.55101719173129
did:plc:m3z7rl4ecg7lazo2cyyifblx	6.90709004162106	2.19402063039088
did:plc:m3zenuarvsgpeuhdgmllnr4j	8.46550740256608	1.50945381101347
did:plc:m4jlgam6pkbosb3owgulidbe	7.93123652291084	1.32643658276238
did:plc:m4klfldiqdicphe2pdmplawb	6.66913614515832	2.14241339611172
did:plc:m4m74nipubvye54e5u7wbwhf	7.30893851286072	2.18071601437184
did:plc:m4ofrywisijxk46paz24ecol	7.19341849009168	2.37967749230936
did:plc:m4pcawf55dbvkwedd7vho6v3	7.92936008411038	2.22961693584394
did:plc:m4tkrz6vof7ondvqilxdd4nb	7.39658414362856	1.41895892854434
did:plc:m55f63c3blaqiejtixnimu2v	8.2553600928398	1.41484042867942
did:plc:m57e2luo5ndwwwth4km52gub	7.76358487326584	1.84562310214414
did:plc:m5f3zkpwadwhtid2n5272yav	7.13557229296579	1.91767646624169
did:plc:m5fp764mgebblj7nj75pribb	6.7546500561034	1.84761337066442
did:plc:m5nlatfp7z3cugtds36scnq5	6.66943730583479	1.84152118760219
did:plc:m5tkyhz3rcucfxpwmj5gvvxk	8.79864797858779	1.0287233215015
did:plc:m5uutmkulwxrfmgm7qxxqqap	7.76632620541501	1.8977576972204
did:plc:m5uz6qtgdkoe7xfezwmmqjdp	6.53734870221024	1.93087720196907
did:plc:m5yhe2k2jz6vuvaatw57pjoh	6.70177208039598	2.76394626213369
did:plc:m62qc3xsp6a3inqtmdryg2nb	7.26019916475085	2.36602241006326
did:plc:m64tbnkzj27o5ngr7wjgwuhr	7.09179137747358	2.55180555994288
did:plc:m657ukwxx7hfqpjymqdizzhz	8.51171734437907	1.40711475154918
did:plc:m66vc2fiitsyfrsspzy66p5i	7.41656059279159	1.89149503054109
did:plc:m6bobizmmb5ccwaixzwujudh	7.37050459981504	2.04491381202492
did:plc:m6ccb4ruqjvxa44t5xvzrxgn	7.35367976085912	1.91325212135317
did:plc:m6l6zxph3dhp2bawl4fhuxkk	8.35059400163235	1.59992167678614
did:plc:m6malecfmiysimly3teoqn6g	7.41303082180062	1.70409168069819
did:plc:m6n5muurqwcjbotpaxivjch2	7.36357039883027	2.37685658397572
did:plc:m6s2w6hguxpmonzwu4coun7n	7.05071056555324	2.02829687270878
did:plc:m6td7bz4igxa6mphcxnuhewx	7.47589645830405	1.8393081319577
did:plc:m6tux6e7v33lt4isx5taraoa	6.50627238822936	1.83650016331516
did:plc:m76u6uutyfxbw37ckoifbuvw	7.61440995283021	2.61120326780637
did:plc:m7afhjp7og7lmd3l44fc73vw	8.04659778777298	1.38412283578128
did:plc:m7azzco2kir63bkmgjfln4m7	6.96361780016267	2.02430955837126
did:plc:m7dgx5k6sm6lijln5uaapmjr	6.15006211931679	2.24882372582818
did:plc:m7dp3i4ieucbc2iohujyqoal	7.34294089852089	2.03818118192889
did:plc:m7fwi7fuqxema5b7abfamt3b	7.72867098213777	1.86602088281266
did:plc:m7gbmlogah2waihzioldsdhr	7.46322861161997	2.24423150161698
did:plc:m7l5yxhchsn3tjm4dp5hcmvx	6.9267408628715	2.01929697868733
did:plc:m7objs6ceaqiztfqva4xkz7q	8.00174677261011	1.42702084693771
did:plc:m7qn6n6untpo7vq46ntx3phj	7.03427493952048	2.10378593919931
did:plc:m7tfystdctthzz7cz6zl7cki	7.45418642635998	1.79108373722794
did:plc:m7uinfu2unovawpwle7zbrfq	5.92265929441173	2.07817840985764
did:plc:m7wchhzhf5hwx3rjhz5ctsvk	6.41438970596871	1.85008603388873
did:plc:m7xc6p6qolx76yvjlwe2pb5d	7.57680712352416	1.68729910838823
did:plc:m7xhurhrkqkr74d3g44albfm	6.72095254803845	0.797512204002283
did:plc:m7xtlos6dpqaz4eypxcfafzk	6.80089311666645	1.81960797747767
did:plc:m7yij5mm35nj4a73quvw6niz	7.976561845381	1.63361928611095
did:plc:ma4a5fbh24qhh7cvtk4wqmig	7.12478283688887	2.88323470723593
did:plc:ma6wxf7yd2sra2yb3sxl3j64	8.20587669915987	1.1328019399071
did:plc:ma7wbzgshnokvyeys3vukdwq	8.52649360554569	1.32781594745328
did:plc:ma7xywdgiegth555fd75hps4	8.9414214264384	1.00232981904014
did:plc:majklnenz4a67qd6dkqwlbhx	8.21698768625144	1.03210899681455
did:plc:mak4pfejwakxjgb4l4n6qnkm	7.10793440896568	2.63718709541619
did:plc:malpo2kh5kwuffonvjvqul3m	6.45932717030613	1.69897574250683
did:plc:mamyb5oya5iv47fj7exzpywi	7.52132805491664	2.05405649594976
did:plc:map75v4lq3yr365gmzquputj	6.1433308778623	2.5223159906702
did:plc:mapygudodvnaxbvwlj6qzdpx	6.56929823710195	1.74298981120822
did:plc:maqonumvjd3xpgxw2cngldwn	7.64884207256986	2.06752239582932
did:plc:matgi6jddisegccsezj7gwf2	6.7441042160902	1.84019614961455
did:plc:mavzlya425igwsy2udikobyp	7.27092643983009	2.52518128557935
did:plc:max3c6nk7qhwqsiphgfujel2	7.80203922802018	1.54104317565624
did:plc:maylmaun3oj6jbfknvw5454h	6.76496153418817	2.11829071675334
did:plc:mb4zijndsfoimd3eracvflp6	6.89153342506505	0.841262254892578
did:plc:mb6d7hhr6rkj24l7jcslwamg	6.99671053163099	1.68898922759305
did:plc:mbayba4u3zi47r3ubkmelwnn	7.22932298083172	2.29683128016534
did:plc:mbfycsrrwjdwpar6hloaa6cw	7.87467678832629	1.84399219895263
did:plc:mblrblk2fph5dfnmmgz3zyul	7.75567700964078	1.62696400786921
did:plc:mbnfxpkg3tsa3wmg7olfb2rd	6.64779926482831	2.15299875156293
did:plc:mbpbunvtmrmba5wiaqnxkqbh	6.73194790934763	1.98265833632387
did:plc:mbqelhnuomxtckgsgqnve3cq	7.09501321308977	2.09457013240433
did:plc:mbtnpwwq4kahbnszr7w6k4cq	8.1408266203678	1.17363309589558
did:plc:mbwg7huxzjcrx75thiasyhbr	7.28271391776902	1.70347555499026
did:plc:mbwxs3fidly6jtowvl54cahi	8.4179673006824	1.55891018294406
did:plc:mc4t6qtktt2h4tvnslrkzban	6.87581041927961	2.0985259903232
did:plc:mcdfbwnloaxhz5p2xc2k7uat	7.2764530021187	2.45209215282561
did:plc:mcdfunrfkhjh3qsm4edgzmpb	8.12704815269219	1.58672236383778
did:plc:mcgsirq64jh5ar6euq5blzz7	6.60773910400567	1.73090601846239
did:plc:mchshjk3m27xjgaaj56mvevj	8.36472996640769	1.42845118561166
did:plc:mck44mlp25ax2wdnlbkvtonj	7.51662623244043	1.8719906038855
did:plc:mcv7xbdpekwvh3dcxhsxfeia	8.52920028561044	1.55035151750126
did:plc:mcyxzcasitzh3q44p5y3ubls	7.65209972630052	2.21055616285486
did:plc:md5ixrkkc37ui2gufi7nfm22	7.84663740469799	1.55997931107163
did:plc:md7b5fgdqbatsrqrv4rmt3xg	7.86679619664752	1.97494733292485
did:plc:md7hrfm4x3dsq42uzpicah6k	7.28074451116684	2.58906058467149
did:plc:mdeubcnizylswfelnvpeqlpv	7.07724213698196	2.13334201042735
did:plc:mdhqf6mc7rcq4ubsiv5fiun4	6.870159790674	1.66044801972221
did:plc:mdhv5x4vwcu5glikyev754wv	7.05114087770571	2.3839981906219
did:plc:mdjhyj4acnt3t53cpno6mkwv	7.60234813885391	2.04387678845884
did:plc:mdkzrccx5pt7eeldjv5hldxh	7.04295378042906	2.5240808147744
did:plc:mdpy5lay2rukrhnaslw4425n	6.87324783308603	1.87127679149619
did:plc:mdvwwvfylgejxbwly4yecr4t	7.87310153712357	1.81142587645222
did:plc:mdwnh6i6qi4zza4stjm76bq7	8.97487405052041	1.00312944971376
did:plc:me2fkbp4f2gjobubkiszhmdt	7.45175909603134	1.69766739551688
did:plc:me2klgm4eo2uc435sb2cx2nf	6.94512716795781	2.44730235134746
did:plc:me3loduuyzdwy2q2pulhyolc	8.88034314977691	1.46325956620651
did:plc:me6mq5vvnxawxxv4izp23gxt	7.89817205714147	1.81895887278499
did:plc:me7lofcjjo5awn4n2ytza3cs	6.98742113318344	2.46816978999089
did:plc:meegy6npyaketfnfltmi7lzt	7.77481122071584	1.59651494265026
did:plc:mej6h3kdtkkrnnbmbbx26hoy	7.80012642670943	2.27726271908137
did:plc:mej7t3oqyut5avpxbw3ryrqp	8.49999341168369	1.26542692632671
did:plc:mejzsoecn247vsdqe3vu6tb7	6.58007253182827	1.6919139680286
did:plc:meo4vnpaxxljeaei27r2ne4e	7.13915128063223	2.07873465782039
did:plc:meqhve2uzhkjdfiieiiafk5u	8.02243012713338	1.53438071989636
did:plc:mermobnp25uymbwomv7rh5xi	7.39685959178443	1.84703908976987
did:plc:meuhews4ppssrjh72kkvoi5r	6.95597931243118	2.15754040698905
did:plc:mexd5ylk2prfg2mvl22z2k7v	7.01445911897759	1.89046018365244
did:plc:mexz2u5ckdm7jnqimjfw43ad	7.12361924439649	1.86524980561805
did:plc:meyyrct6t6jixzifpuyvvimb	7.89396067972463	2.08126098435807
did:plc:mezjh6k6bzozvppsjkrihjce	7.73415323465356	1.91105864380063
did:plc:mf45dibdmd34l5hyztm4iqpi	6.37109126173554	1.80683910196226
did:plc:mf4sf5yo6hmgl2ysgc3igzir	7.92728976736571	1.02463678431979
did:plc:mfbmmr4osqplvay3drmdwvpq	7.80603163053138	2.2190676147471
did:plc:mfehxbrpt4oc5lyzyffnzu76	6.96025873972639	1.92746345708984
did:plc:mfekrrcqy2hj3u4d5vptqwyy	7.33410761165472	1.28212941152457
did:plc:mfic4dfchfcydz6cf47shrzr	7.55650935147237	1.43025782542622
did:plc:mfkzew2k35xe3c2ik4klldba	7.07961896966376	1.8610973173834
did:plc:mfl5calppp7zoa44zt6pymie	7.13202469122399	1.91511889527492
did:plc:mfq3etzsj45ehjqqqzx5d4o4	6.77608354998534	2.11533129098089
did:plc:mfrppstkgjblocum2ubemcnk	9.23390890228297	0.839745233988859
did:plc:mftpxzvzqlhijcm5wukvbmk5	6.45055111334851	1.77053391593812
did:plc:mfxmw54rymuood7vuabqxr43	6.87153933323485	1.90510755770101
did:plc:mfygiztvoq45rc67ih3ei3dp	6.9236649706991	2.5169320698508
did:plc:mfyok4xvavkfjp36xa3jqg6k	7.04595735314101	2.09117904974247
did:plc:mfz4tlun4a2astxq3hyxk2yn	7.29101931768943	2.02492309161134
did:plc:mg4siju456kh6ilov2ij76oa	7.50599065576143	2.13446432275293
did:plc:mg5m7aqoxcud6knqu6ojbzck	6.74759192273508	2.28936217457465
did:plc:mg632bid7q3irubzf76wjka2	7.37753124326073	2.09593951455727
did:plc:mgclf4qgvo3aory5iv634yuc	7.50264912797459	1.92833616289924
did:plc:mgcp6ahtyp7w2udhlvhmlb77	7.90117534465051	2.21548756215589
did:plc:mgdhek5flp2saeoarw6jjixe	6.98259011525319	2.11064864005787
did:plc:mgf3zfdwb3rnracvqa5rkcz3	7.1360181903753	2.76822916077818
did:plc:mghfl3sk42gzwetrx6txjylw	6.87208290844517	2.34933458033271
did:plc:mgpgucrkanpyz4iubcaww354	7.16283726643091	1.87694398338132
did:plc:mgrmiqfp3yawnxzchv7yeto4	7.86820923029469	1.68491076395117
did:plc:mgt4ep5qjuhzydtuofyuangq	7.04652171937455	2.20733298914991
did:plc:mguf6m3fmq3m2bnijo532cf7	8.69784024858637	1.56705978766824
did:plc:mgzvbuhnvxrx4g55ipgj53kq	6.8425423345566	2.01584086055423
did:plc:mh2kdnhctbov6nhrplitwniz	6.64369278941194	2.01670366644634
did:plc:mh4iq7mjiqqredsomhaqxcan	7.09582672928408	2.39488053568881
did:plc:mhbzrxs7f7ccapitqrfetfoh	7.60676306050185	2.24166828826429
did:plc:mhfvvnd6n5tj6hnd44czio3a	7.66247075027392	1.877551840326
did:plc:mhg32gy5qgjfqkwbxooezfyg	7.68751967662305	2.17885567920301
did:plc:mhi2dpnytn74j5lbb4ne5ktc	6.6586377968261	2.3419177705959
did:plc:mhixlpt4l3sh2vdgk2wonj3v	6.91118953126755	1.40067573089356
did:plc:mhjbq5foxrovs2db7njjr2c7	7.88425613869366	1.50664969521631
did:plc:mhmtbuaza3yam42ql3e2htol	6.72559518772968	2.20802820952236
did:plc:mhphcqghpetmxnz3cnk7q5y7	7.62205272893092	2.17127947606886
did:plc:mhrkol62orng5u33gab2zxto	6.84941337295103	2.33706190272024
did:plc:mhtasmyeihfjresrx35fpb6b	7.50850757326534	1.85429744998026
did:plc:mhvq3t2bvvzfqqy7xurbozjn	7.00452142718009	2.00875535641277
did:plc:mi5h3rpxeypjcsfbhn4sak5g	5.74672283129248	1.56961801358364
did:plc:mibs3opik72e2vot3bezmsgk	7.48725018737872	1.86657358309927
did:plc:mifn4a4e4gjnvxbatfgnnoav	8.41648428093605	1.5397734421647
did:plc:mihnrmxawkvzi6nde6pm3dmp	8.31888862755699	1.31719416399864
did:plc:mihqw4ltzjk3xo2jo62q7pfo	7.58156236922883	1.73335889943081
did:plc:miiutctgjzduz2uou2235wqf	8.9337003207652	1.10396168856953
did:plc:mil7z4vbc624dk7ymi3rguvv	7.14207059236284	2.09982328376873
did:plc:milnbvtaw7ztovhve6fwymyn	6.8279875159198	1.81361214642435
did:plc:mimctdy6afnnpsahkbxforwl	7.75616022908172	1.88987823358446
did:plc:miqsjw54mjggkm4mui7jdxwi	7.67984070254616	1.74679068712591
did:plc:mitla3kcul7svjtstilutlcr	9.10739200212715	1.10383579061803
did:plc:mj5cihot5c7ygz7fwaf6z5ux	7.02353692570802	2.34953313342366
did:plc:mj6a4c4imn67o63jcdmsbjyn	7.36987004718566	1.28519181944631
did:plc:mj746vsghqaco54u6ilhd43e	9.51745173215671	0.852825153835887
did:plc:mjai7ffz3pnkcbc3iojuaoiq	7.21673147194216	1.96677370925457
did:plc:mjbbesmrfgdo25zhxfujmxjf	6.93203749993387	1.65672771476548
did:plc:mjg6qryoz2h2wsqpncoohtto	7.78010780973152	1.52262499147196
did:plc:mjj3gfkyqgu66ma7zjgzagsm	7.19883765050477	2.67462232261516
did:plc:mjlqebricvwogsqq5jdiivtu	6.21929958687332	2.07546970565478
did:plc:mjracue5pgk7lgrmimsojdqo	6.66155690884309	2.04113403902712
did:plc:mjy2qhuyix6fl64lq5e7onfy	6.84249815871806	1.71751334358264
did:plc:mjzslptysge2e7yfqgkwz32h	7.56610895475916	2.28913650424635
did:plc:mk32ho23mlh5tza2sjtb3bmj	7.72380285686469	1.53011963938828
did:plc:mk5axfui3p2dznihpwaopax7	7.06454646349823	1.7712751627921
did:plc:mkam6ehsd2yzv3dgifhrtelz	8.53362388268123	1.36260498734742
did:plc:mkbl4yd4ag74plorwzhvebsg	7.36810440494842	1.72878176746862
did:plc:mkblt7qo6beqngmnpieutwkj	6.91269917756567	2.3115518144688
did:plc:mkbm4nl2jkx6byc25chdpoxs	6.99404009649403	1.93848265213271
did:plc:mkidswjndbvn7hbj5pmq36ke	7.22332427418011	1.61846030306052
did:plc:mkkjg4rjnijktzovwutktu6b	6.95341260386371	2.08165697874448
did:plc:mkqcwebuso4ifhrmxetwuvow	7.18715993226296	2.1624094095309
did:plc:mkt32qomu7ky4armtqumftsg	6.28678099017933	1.5923807342701
did:plc:mkvhl2doho42kl5myx5lstvh	8.2984632045919	0.577273845365305
did:plc:ml5jfaewnqiw3kmc7sxymfcs	7.69608371638968	1.87064133815501
did:plc:ml5jzdjrs7dnjmisnmgynkkq	7.02640502736209	1.74683094848608
did:plc:mlb2pidpmtfusfvd7x5zfcxq	7.23564869783982	1.66025612621982
did:plc:mlbns4kqdnlux7indkm3vf4a	6.98990721150995	2.46119029044206
did:plc:mldzc76jw2kfjw74bh2icktz	6.84409742258613	1.80275908420652
did:plc:mlecn5emvbhbwnyvz5ahil6o	8.25747516661221	1.78062218887031
did:plc:mlkg3egsigu6u4s53xtzmsy6	8.80140664322528	1.2410263641675
did:plc:mlkks2o4dtbahyqo4oha4w7f	7.29711130093568	1.73542660261272
did:plc:mlkqj52dzwiqnarueww7ttxs	7.03106055546432	1.78295895953361
did:plc:mlmyzcuoeb56ubhout4qcuqw	6.95208097079009	2.1600305787683
did:plc:mlnoabyucd6xgftyd24ftviw	9.14062608915915	1.04775844802935
did:plc:mlnq4ocnmyu5odrndnivs53c	6.71629383660159	1.90056711530722
did:plc:mloq2lizeulzdajkcdlyiwim	7.34336573575263	2.25942121380019
did:plc:mlpo4f2cn5i6fbdqtm2hfm72	7.04736142097592	1.97636882380136
did:plc:mme7wwxwegwsimy7wvbuwjev	7.24320387849394	2.30975827638437
did:plc:mmlaknhj2i4hi77ce4uge4ty	7.57041590163696	2.11200913127017
did:plc:mmlsklos5wp2xfenyubjfero	6.8848786200664	1.75171755096424
did:plc:mmngqndbvnealdckmox3azv6	6.61204355463685	1.8185126404761
did:plc:mmo5vzcxaxme6g2jsqod36d2	7.62548837072841	1.62007447960627
did:plc:mmotitkjujk2nt5xtlnxygs3	7.47613325918244	2.01266117415196
did:plc:mmrmar6smb7jtq5reanpnjdp	6.95588529868176	2.18542951470934
did:plc:mn2bpricgchd5vwyzrathdfw	7.11792237154526	2.57927579300945
did:plc:mn7whzkfmmu4nu77fyddxjle	7.93058999097313	2.01795750761515
did:plc:mneeorrzmnd6y47ttb7v63fw	7.12602167523818	2.18315344889257
did:plc:mnemeip2jsx4nffdxm43hvrc	7.2294421880253	1.64018721831427
did:plc:mnhl3soy2nb5ofk5254ovpnv	7.86072388645766	1.61508709124415
did:plc:mnigemxnozmuwtpllkefa4sc	6.62297674683036	2.29159617767466
did:plc:mnoia245e7tam7rfrwblvhbi	6.85129279793935	1.94039298410282
did:plc:mnrk53odqhbttnfpbg36baac	6.70711613331694	2.43645341717017
did:plc:mnsd6fbbxic2x6xqeo76xh3b	7.84819736917757	1.75800670899542
did:plc:mnstn4iy3sfjtxnqj3caexyw	7.09566891129639	1.43997859596427
did:plc:mnw5zmpy54yl3xrvyp4wmu5e	7.2247474546345	2.08252950024034
did:plc:mnzdluw6pzyfbwj5zs4pxhyo	6.59152048248418	2.02147469083609
did:plc:mo42iyiphnf2zp5yqlyt6aug	7.45965237839626	1.84304252273645
did:plc:mo76uyblakbevtfymp5q5mmb	7.60261647108385	1.95557688427477
did:plc:mo7jij3zpqtyurvibywtecba	7.22279110657536	2.27781701483846
did:plc:mo7xshtgwtvfofthyc46dlfv	7.20901305823612	2.32083854978556
did:plc:mob4vpxlxhardtzbivf2qjli	6.72847456141585	2.12742108747997
did:plc:mobaypotrkbkfyoxg6v3q6o7	7.37622950770308	2.36742337421146
did:plc:mogshrctze6hfdcj3bzxt6wu	6.13418634804426	1.3332843418721
did:plc:mohvt6p7uk3ay2rnhjhk6fc6	6.6407330438675	1.17376922046703
did:plc:monovnj34zcrmady2fjlzrie	7.13142108099509	1.93876431660468
did:plc:moolr67avq5u2bh7uyinoasf	7.2365781245312	1.56328493698462
did:plc:motdj7hhvv3dzc2tcxffekqo	6.22308456185522	2.28662324193178
did:plc:mowle23cp3kzdd6dfrpunzc3	7.07302230960827	1.13938802772711
did:plc:moytkr4c2qfeuagg7mefkkkr	6.54139765731308	1.96356527658946
did:plc:mp3wv5qs6ikkplbqiwbox7s4	7.23740024740441	2.10315386412999
did:plc:mp4hkr6dal7tv6jtnvki42zo	6.00437731179227	2.65400824706372
did:plc:mp4v7tuu6lekfev3fk7w6p4d	6.87060227657926	1.90516026798868
did:plc:mpeyrozkgfhkvgi3ujokf2sv	7.49051993155145	1.73172637481144
did:plc:mpixtd2xkbrfne5l4msabgrx	6.99605736886043	1.8575311079546
did:plc:mpkt7tzqrbkjyy6nmp7j52zj	7.7564872990135	1.94437178348751
did:plc:mpla6vm6n7cdvvcqmbj6tqbr	7.30125980245925	1.8148296888421
did:plc:mpomolrpk22dzzllcur2ybuk	7.62860179763582	2.72532564704593
did:plc:mpqmfslefczuhqeb63pa24fq	6.87729557602047	2.22251857434954
did:plc:mprcfnbx5nz5zrjvld6ihpqh	7.23837596864559	2.05178536469516
did:plc:mptq7bbuijruax6xlekxzsxm	7.21376776793523	1.93117561028981
did:plc:mqalp32hqiy67tconomj3jdw	7.37684812997615	1.90487761090905
did:plc:mqgzbwjrf5ny7eqfhonn44vx	8.39650775178896	1.50123742804413
did:plc:mqhlglwa7rizzhhhfruwwumm	6.81088399886254	2.03181573132919
did:plc:mqk5nbk5f27v65abkm4dl3ko	7.77066885651552	1.80449489271967
did:plc:mqsrxvbfuwvzrhs6ks6tl5kc	7.30694354075623	1.90929815331979
did:plc:mqsvgiviilo5r4bufgadqerq	6.7998858013281	2.54408789413212
did:plc:mquhemozsf6i5gbk77256puq	6.40659780558626	1.8884861640872
did:plc:mqy4k4okkqh6ofnr2l7qnxea	6.56789346122971	1.78667096092117
did:plc:mqytypdmaxzp6agak4k4p7tc	8.26900864271259	1.43112923802377
did:plc:mr277hhpjdu6tbxafchksc6u	8.0395941591556	1.82871941864916
did:plc:mr2nkz3sb2cqxyqeplmoaf4p	7.14657362651396	1.82516699659039
did:plc:mrdlzgnidnix6hgeqwnyedw6	7.80052033173571	1.72074364823426
did:plc:mrfkuczystt6rkigjxmkhm55	7.20896377826294	2.08800570536432
did:plc:mrgesgh53ycgx7zirn2d6sj4	7.97061154415995	1.71791362093036
did:plc:mrguckvx4oj2auayv4eaezk6	6.7167832865173	2.00044590775592
did:plc:mrhuc7wffhp77yh5ktcdz5gs	6.8000173186185	1.99869157368443
did:plc:mrmduv45q3rjjl5rkabk62eh	7.22701721717781	1.90836563305157
did:plc:mrolmvjyzdqcpyzr4on6m7dx	7.63278766122597	1.91892784632656
did:plc:mrpe5w7uhb52rg7boj3jjilu	6.15617235311923	1.58468599536537
did:plc:mrxgpcpwsfjaebpdza6u5wpo	7.06372953734275	2.67329764837321
did:plc:mrxsexgndhihhp5xor7ghedj	8.85449733937163	1.06041039354194
did:plc:msajz2v2iizso3zej6tku5rd	8.26828174154627	1.78528484009682
did:plc:mscwlr4kiolee5f3fyqilms5	7.46890256077323	1.7852558586967
did:plc:msj4exjhougtj6tyxammyhfd	7.66231581795322	1.96607679118722
did:plc:msog5zflepglup7nfh7x4l4m	9.05627873578593	1.36262663166284
did:plc:msql53vod62uis3pkzw7jdjo	6.60318324834403	1.7732260258745
did:plc:mstivqzbwk4mxkpgwjgvndot	6.99961199798042	2.31872210248749
did:plc:msufxwsu5adj23vdccdrk65n	6.94162118831933	2.40809794854229
did:plc:msx7hxrwmj5n2tmlecbsw73s	6.54914529293618	2.00081248738507
did:plc:mszz4kgpq5zhvwe2l2lnasue	7.38249447274145	1.76817234103574
did:plc:mt2kh6tzvjgv23obdti2bb6b	6.12548445546524	0.558769565537414
did:plc:mt2vazs5j52qry2ez76xq2zh	7.38831470534563	1.803816148624
did:plc:mt5yzlczf6tt237kb6gxhgom	7.72704598885436	1.58077685639802
did:plc:mtajwjulvensdztujzvtqiwp	6.87424478932343	2.13524224073225
did:plc:mtem65lrmtrdxg5xi5wyn22x	7.75163262205464	1.95816454079898
did:plc:mtgkq2fxi3qyjr4qqcclkani	7.27820467417211	1.64894197983926
did:plc:mthcwpdqwavvemvxitmomvf5	9.10969118563982	1.26420234481645
did:plc:mtsbqpnkzrpeqhik4deensr7	7.49390522104396	1.80795548813233
did:plc:mtu47zkew7ixit7y67nam5vr	7.6249162641757	1.72896075489049
did:plc:mtus5jk77xdddhcbslr3fyam	7.27384098154034	1.58809112686369
did:plc:mtvn5te7majydwd7txifsyqq	7.57845508950606	1.46114418379452
did:plc:mtx7ljj55pwmjsmktndcjt7p	7.71239570194333	2.01461722599942
did:plc:mtxxdvikghbwblsx2wf5crat	6.87050235220709	2.11873594659973
did:plc:mtyro4crqfnrbjmkpor6pr5y	6.92395384333314	2.52391586280238
did:plc:mu37opxsh4k5ls3h5pfhq7eu	8.61673417629859	1.01649474978509
did:plc:mu4jedsqm3ifcsbczahqyv3f	6.79082607909399	2.34559601781895
did:plc:muigeuh7om25q72jig22yhut	7.97742280703757	1.69057257003008
did:plc:muiguzneadyriyqeyxjjpijg	6.97564018637498	2.65563902018048
did:plc:muj4fvebeer2uit4ki36ahx6	7.89765210833127	1.52038403899295
did:plc:mujgxzltsh3yrnrm5nzhpt7a	7.00731524142964	1.89531370590281
did:plc:muolrn2oa3usuo4zjglzrcvq	8.41599496558946	1.77333997839441
did:plc:muphb5z7gjuyp3jg45zbtssx	7.04177872178766	2.35316897078723
did:plc:mur7of3ohmcxoktcacrxp4o4	6.7663801009893	1.84364801162996
did:plc:muuatj2b5f4ru7xcodayyvtt	6.48901104415756	2.08049903195574
did:plc:muxjzvpy2or3jwxgmfcl46wl	6.26644104446357	1.99693285092635
did:plc:mv3pu5hmxfyffhmrn6i47b5v	6.71718942705023	1.99576986921859
did:plc:mv5gkpnzw5j7usvrxmhivktl	7.56204011870131	1.38640279646604
did:plc:mv7zcj6oglztfak3655yfgpi	7.35345328568022	1.92708518791627
did:plc:mvc4n43m2xdknb5ex6beq67o	6.41506606290313	1.897776082503
did:plc:mvfo7sr2fhnnjtqefuc56yuz	7.47339257755332	1.85253583666848
did:plc:mvky2wf3ujg4ns4vskh6iqjv	7.92876183551265	1.75476401876683
did:plc:mvn26vfxi5qzx6rwc4wlvy2y	6.26840282967464	1.99245424103777
did:plc:mvn3twijh3bd7g36dau7akfx	7.83714655021811	1.6918156807635
did:plc:mvodzze7af6xf3mdjoav7cc6	7.26515301424314	2.50802613481769
did:plc:mvosr35u2b22mqlau4ribqbh	8.28099558424762	1.69246390657693
did:plc:mvvfzbpqzoxjtwuldpk45gg7	7.44021203568067	1.43462686567548
did:plc:mvvtxbddczgk6avpwtpwxkrm	7.40230084312407	2.17083261993235
did:plc:mvxpmy4wi6yfwfxaifz2onsd	6.88158408066398	1.5935542957985
did:plc:mvzxfze7zaytparqevvbdeid	7.83045618132643	1.9986316081433
did:plc:mw3ao736svx5bgbqm2fpzq23	6.8907309973881	2.3584851284947
did:plc:mw5zjyir7oiaf4puzgnzdsvm	6.69145222818859	2.4966976851448
did:plc:mwblpxm2tz252exja4tjpkry	7.10446178259073	2.63992182754956
did:plc:mwid57v5jqtrttkklmgshffn	6.67318429472681	2.33316277152812
did:plc:mwj64wcatqdoyvbb3gbj3qe3	7.57126005440569	2.14978811010379
did:plc:mwlxvnfezspjkrlykspdkkxk	7.58924182530125	1.45106349055609
did:plc:mwongvmc6nvsezvphw42trxd	7.3836047497057	1.93280637528284
did:plc:mwqpojzcybtlap3rdkpocdox	7.79468260357479	1.45551324936641
did:plc:mwtj6ghumbe663lmtuu6vogh	7.27616379121117	1.76081742397702
did:plc:mwxz3dg5oa2sx2evqz5jgzps	8.37987333604441	1.74163223251404
did:plc:mx3ghv4qpmmxesvqyyqy3j66	7.07657162190819	2.36872846020518
did:plc:mx3zpmw3ogac3tfenvogegpv	8.19311100959118	1.98596576549116
did:plc:mx7gitrgt7rwmwhh2pw7abwt	7.04703704468069	2.20827798379855
did:plc:mxfqnjciklf22vrntufrsadz	7.03403906559335	2.18804970332562
did:plc:mxnh7zzjgg3qblbd37bowuul	7.13299092507695	1.86501657611915
did:plc:mxr7gn2agwa3ficv7yqfrxv3	7.10399764594824	2.49422922491538
did:plc:mxxlr7urfsv3ypcoqvghy6jx	6.33111247417513	1.71035481821244
did:plc:mxzbpbxrnc4jy63yym4xaeyf	7.0676261003206	1.95553667886277
did:plc:mxzm2asxjbzqmmzp7yjolvuz	6.66956903307776	2.0867960020787
did:plc:my2sbivzj3x2ybo2kfzdhxmp	6.98311688955126	1.81213149108503
did:plc:my6vnjphos4cto5y5lvj4noy	4.9161744964202	2.91020580061297
did:plc:my74rll5tncu5ficxup7rkqw	7.47099364015451	1.84701733584856
did:plc:mydywtt6mrrpvr6hgpvsu6r7	6.436759389888	2.49378562991457
did:plc:myeklrjbrc74ri6lxmbx54id	7.11666017896576	3.01235717335771
did:plc:myeubegeblhktupujnlj4fzo	7.51622206691223	1.96761973405956
did:plc:myiqiptouftvkcckxdivzn74	7.35726088442552	2.45339151681628
did:plc:mynj5r427bcbv7gjvohyc55v	7.39310067251991	1.99959034622344
did:plc:myovbpskouhsqmgnijm5wrrh	7.66497942957532	2.4123154389574
did:plc:myqzwp54mzcnasbxd27q3jhh	7.16197015439904	2.02276667352514
did:plc:myr5ixh7fst44jkjblhv5rod	7.19329605724879	2.80720867360593
did:plc:myxfjhqrindzqwwqf6byc6kh	7.20911956511399	2.03722925346674
did:plc:mz74zh37izdb3ezu5srawmxr	7.2498508261903	1.92614817920046
did:plc:mzcgiqypztgezv6tfulbld7z	6.87385153250699	2.64611964263073
did:plc:mzdushyyqxcwoawjtsszd4cm	6.42171502000432	2.01219881871485
did:plc:mzfxi4pw2vlouryks4jsqxjh	8.70498355707638	1.27012346236363
did:plc:mzhhkhc5hhl3wg5pnlgcriem	7.69619362491401	1.6799249677574
did:plc:mzjreh3a5tjsvtsn7sdfylpd	6.70824356744406	1.97284174071985
did:plc:mzmert5ezqmuq7vo55jiadyz	6.77828853685368	1.64553765116751
did:plc:mzmmp4yavkgp4gxd6g5litfx	8.22476174144693	1.70205176818852
did:plc:mzucu3awyre34u5775d22w4e	7.70684692784933	2.02612999717677
did:plc:n257ompuy2ooaz4nxoumigyj	7.86404084882252	1.17422162171615
did:plc:n26scdnsvzod2eojyc6xse35	7.12520346447267	1.84866019537659
did:plc:n2belcs5fetjcyhdef4xkqay	7.19360062071584	1.78879878550217
did:plc:n2fiahu4sxvwuzdftg6uhk2a	6.64473220734802	2.24055600178901
did:plc:n2h2irqw6y7k34vfcvlqn26k	7.85620269165525	1.72579628212556
did:plc:n2iszvfnqhiey3qheue6iy65	7.4007548414729	1.75129953986777
did:plc:n2iww4cjwfcoxko7j4ucbg3j	6.41178950591173	1.9252656075306
did:plc:n2mqh5jvfm3zcxom5tu64nbc	6.46883925682786	1.58717190561726
did:plc:n2s6nacz66c7a3smihrjoejs	7.89858713458695	2.12196388786839
did:plc:n2tbzo2vtfmdir7ser4y64op	7.12147823407989	1.92273749924431
did:plc:n2tqvvhgiis2yskoq3vn434r	7.88545077136577	1.70959893781237
did:plc:n2viiolkdopbv6f4kecuz6vg	7.48198434314424	1.7077329236795
did:plc:n2vxpd24dse7b3xrora6d7ss	7.56947261502665	1.68069259674273
did:plc:n2xejmwnbievrbqh5mspmhms	7.34798158114466	2.21327058177107
did:plc:n34au7v4xgsdihtguhkarbzi	6.89665432926228	1.99213646752894
did:plc:n365qogwt3ny2khkvtkpwzge	7.8877348224133	1.61267114562717
did:plc:n3abyk4hmig7ce4hjveflj3o	8.10278573662532	1.42827675735281
did:plc:n3kcumxioxkvbdugykqw2cxp	6.8734069673625	1.97195347224825
did:plc:n3sp3cp5mhb35iwhtxc4znb5	6.31476928911793	1.84944000844391
did:plc:n3ungvllmayyhm4agidaokes	7.71994316288221	1.68932056560291
did:plc:n4al2hc3pgc6ellsocc23e7y	7.41630077714612	1.8579655342176
did:plc:n4i3puoju7owfulbe6rhcnkn	7.58945897415819	2.21063207370576
did:plc:n4jy4myadzvubfq7ck62m3fw	7.03542027573586	2.21195704241851
did:plc:n4lijbcnsmd5rapmjbz47f6z	8.56892741612443	1.73576174044879
did:plc:n4p6vyekm2kiplf3kfkitddz	6.82332978472274	2.01323412331306
did:plc:n4q54vuhrq5f7qjwcqtn5f53	7.14524063244665	1.8912463456269
did:plc:n4s4wr5ldnglrd7zwcjtj4t4	7.23688830255977	2.16802608344566
did:plc:n4vdn2oswatpvxznosqryaep	6.53331925712266	1.67909851213908
did:plc:n4xnkejnt37mkg7td4vkzuxe	6.57578385124133	1.85957580791481
did:plc:n53pnr5gtrtzjqen6clur22t	7.63011770512826	1.46733188089865
did:plc:n54akptd7htbvqlibbepn4xi	6.68031894933945	2.24012497342147
did:plc:n55ug5nbwgebkngbsh2klpza	7.8029124802797	1.79315717424172
did:plc:n56boqjo6g6jcqyefnr6wyhf	7.03710881500417	2.61770681002808
did:plc:n5eqvzzw3whivfgcyzpirpt5	7.34835108425698	1.73159935567192
did:plc:n5hlim4egh2qeyfem22gbb7d	7.31739860835574	2.16803697046286
did:plc:n5nd2wngtrwbq2mg5cvu4hxa	6.62810209099162	1.75341417348158
did:plc:n5ojqwo33an4qope36kng6xf	7.61710554427222	1.83101248445241
did:plc:n5on67bmjfxnaigt5v3bnrfw	6.47604344893022	1.95724541066282
did:plc:n5v773avbbo4fur42ewusibv	6.96924280595627	2.5007468146528
did:plc:n5vdbdusfmt6mksc6dt4enbv	9.14884389589925	1.03340626242537
did:plc:n5xb4cztfq45w4hck4mrzm7x	7.76150638404772	1.71403881003082
did:plc:n5xbbyazmzerxs34ozkh2bhy	8.5127993246076	1.82325039209286
did:plc:n5yflxawxuqmsmogep5tvu3t	7.29285875032427	1.50540598122297
did:plc:n5z7p7fgta6w72635qpkkshg	8.04208376147401	1.61299454116572
did:plc:n5zvwm4hk3nxfii72idn7hyd	7.23910898123965	1.80443921395225
did:plc:n5zzit7ld6jepi4tcramk4sp	6.77598337487155	1.7924667641827
did:plc:n62qiyd27eapj676o4nlqeal	7.27021499487019	2.8712810208018
did:plc:n63p5lzqxpokm2tsuu6tshgp	6.95948365868973	1.76321799285481
did:plc:n64jmf7ydf7ionwcwhgvazn4	6.85314671619223	1.69727762887253
did:plc:n64qh3rkekzcsgsq7iyv2nbj	6.84869789241483	1.98727397735415
did:plc:n65ypkk5bziwvlwin7pdsfta	6.58132853277998	2.20651137729727
did:plc:n675syeeoc77ewbl5te7shaw	6.80664288340135	1.52313806475567
did:plc:n6disjx4oh4k2qsj5knruzgq	7.02036140532943	2.41942798925745
did:plc:n6fsxtay2gio7cpmrdt7yzxc	7.00476445485754	2.345046090423
did:plc:n6gzjv3zottf2otyqormfhnc	7.87319688492542	1.50712232790128
did:plc:n6qh4xy3aa2qdvdxoaswefbd	7.8307673363826	1.36398619208594
did:plc:n6s3i6tlkmlfh5ddnychtkwh	8.15056887305244	1.61253380154324
did:plc:n6svcuaavt3cjz6uv4jaakvt	7.19615054244841	2.33591517010881
did:plc:n6uyzzzqi4lqhl3d364d2jul	7.66849965714296	1.40999350870359
did:plc:n6xfngm7fy7gxt4i5xsnpglw	7.42914394585179	1.66503925225884
did:plc:n6yh45pzpmjrvl6m6lzujgpw	6.53237368696979	2.05005719137986
did:plc:n73xxdlzwptkqwcq35q5mtem	7.55385088955215	1.68159538147083
did:plc:n74nw3xvc6m4jfgvokvac4nb	7.9750923390843	1.95631802758746
did:plc:n74wy26n6klbv7xgrndeog7s	6.51196218868016	1.90798264941755
did:plc:n7axwu4wx2tsohbjqgbfru4e	7.47787515270497	1.65132346779321
did:plc:n7dwkrqniraz2klui4hqtwds	7.06759487922856	1.86982931016669
did:plc:n7gis3czbirtgmgasfzl7fm5	7.62543498106522	2.35246504399794
did:plc:n7gwwthvv3ppgchudzyyw3mg	8.0260260485782	1.80174181454422
did:plc:n7he7e2lrsuofitqovqvrhhp	7.47025736462902	1.68447823142247
did:plc:n7mwoxjcn4duve2t6rxbbh3u	8.70095506974861	1.21379460234769
did:plc:n7p6e7zsj2h3dkmt3t6bg5mq	8.49761239320458	1.56239475280157
did:plc:n7ph2f23aij4hfon7pl75nc4	7.09316520806608	1.91171763637039
did:plc:n7qfibex3j5s6cl6oaumxggt	7.90433451859359	1.89914031972526
did:plc:n7sq7idphk3ypghy64cltkr2	7.93652364070471	1.67983141852188
did:plc:n7tbepsckkb4vp3nbqwvg3pr	6.9335902973243	1.85875157388222
did:plc:n7umvwamntpfqrtr5dtnqrqz	7.54704128320196	2.08975951802445
did:plc:n7xnn46vyt3ubxsmdt2dkql6	6.38098762034006	1.87017819660667
did:plc:n7z6tnhp36xhm7gb6nkfmcbu	6.49893036697022	2.05735084922984
did:plc:na4njpmderv4osz7lphfrufw	6.41302955809514	2.12811197167598
did:plc:nacevujpztk32xtrvwbczcds	8.34918584013382	0.497486589431188
did:plc:nagq2vekdo6fir64dar4e5xl	7.74522684603555	1.7410969069519
did:plc:naidrgarrjrnzun4kwuadsjy	7.24884411067359	1.3744247556084
did:plc:naifvzhvtzxi3dn7rajgovdm	7.13500860447786	2.22139648016173
did:plc:nakaqb566mvi6qda7fwo2bb3	6.99621485802862	2.38309251707064
did:plc:nalez2xjidljfge3sgr3djuk	8.36429475231018	1.46789936818083
did:plc:nanjzlwj5qlgnspjkg4y36bi	7.7056919545375	2.06968428097972
did:plc:naqq3twpkfacwhfswucx4jbi	6.9465325014548	1.95038114372758
did:plc:narxeyurvwub7q22cip7npjt	7.52751207574238	1.80843246255582
did:plc:nask27nxi3huu767cmga3eae	7.43732338527194	2.54170126983594
did:plc:nayoum4pj2llr3horwpaftxa	8.26522491821878	1.47307270840346
did:plc:nb77z7xnsom6yazsnbzfdr5m	7.50572154888396	1.79411648253194
did:plc:nba5byb2dcocovkjkgd7d54q	8.49837029443456	1.29078927574618
did:plc:nbbhf6wkbqhsg25utxao7per	8.02149207812982	1.85258576050729
did:plc:nbe2hznartu2tbd4ure4zasa	7.85073434237142	1.803208161946
did:plc:nbgbuqshwxwcvjb6znpveg2t	7.83867174335638	1.92033938532798
did:plc:nbgvp332mhaguqowbuvmad37	7.63280685900591	1.66013806638968
did:plc:nbhkgqz55rm56retnbn3vinf	6.82606578914722	2.02462588414086
did:plc:nbhnxsczs43wvy4nmn4g3mk2	7.55190339114661	2.13910353473582
did:plc:nbkr3hsss76j2pgn3b7gtzbx	6.91009858070373	2.66261529633374
did:plc:nbmtuoyqm74po2hwgyjq4nlj	7.40574510693429	2.35351681648565
did:plc:nbuskpzc3hcuzoqzjp5ct4wa	7.67254520203914	2.33191434627623
did:plc:nbwaefskxoqvvb3ozkyjx7kh	7.12005931004343	1.62790385994555
did:plc:nbznnl5ezlaur3boe4rdra6d	7.53016087025362	1.18450723904143
did:plc:ncgntna3kbkd4ibvswxj5hhp	7.6179954973417	1.82450599046167
did:plc:ncl53kuemkaiqj32kw7owoml	7.02631472992557	2.13198897374452
did:plc:ncpvzug3xm66txgg4z4eswal	7.13909098167923	1.73905786566075
did:plc:ncwz2mwr5gifumah3sq6rint	5.96099653307889	2.18147264469128
did:plc:ncx7ujss2fgjkb7qbouagp5u	6.98997890330075	1.83986513361508
did:plc:nd22j6k2kc6mq44u7eug23rc	7.64835858280308	1.80758999555252
did:plc:nd5ftmybfcsqfkivcwr4bc4d	7.66907552176018	1.8406092220213
did:plc:nd7f4zcr2yqtuuvaawjau56s	7.17860100555793	1.96885618573884
did:plc:ndcj526oukvvfmjnvucjuw5b	7.42247058489171	2.35442700125857
did:plc:ndfv3owuqqhsfw365reuddff	7.38027826471577	1.67819674437816
did:plc:ndis3g6h65gopwo7ujpuit3p	7.31915752952242	1.93272271304383
did:plc:ndkavjxxhnh6jupbamk44ga4	7.37719217462102	1.93177348049839
did:plc:ndlhd5xwsoqfggqwwhwgo6j7	6.42845922073485	2.13458256523095
did:plc:ndpcb7w2oshzzlrr5wo5su4d	7.54977145658185	2.42387865269957
did:plc:ndpecapyog7fgukhoxhkjorw	7.32053162550622	2.27070340835019
did:plc:ndqlb5qq4myurl7ygn4d7xzk	9.41213031209244	0.855244268851114
did:plc:ndvtcofs6tcimprhloj7a76a	6.80385740555694	1.46186672524964
did:plc:ndxk4rhvlhs6p2tjldg2ovjv	7.06773600753448	1.65883373863567
did:plc:ndxu7r6b5f2r3ft4t2hrsc3q	7.20273576059412	2.51640929439317
did:plc:ndytiam7vc2xxnmzjkronyjj	6.52618366594495	1.9199337373356
did:plc:ndz5d2uxp4gwtlnpo2pp2s2d	6.26508959475967	1.76522338923524
did:plc:ne4pvgtipat6pprmyqzbr54a	8.64416816258241	1.70450346427849
did:plc:ne4xfbhf5t6sz2xklwqnxs7g	6.09557658265365	2.05010388883937
did:plc:ne7wyzxfxhze3k4shxgohxjo	7.91454823618949	1.70502953915905
did:plc:nefyir6ebplxv7yajftuf4ws	7.53677271988883	1.77884861863943
did:plc:neivbas6v46djy5sn5wk5qip	7.72862235167103	1.71099610881032
did:plc:nejag2g32yr4lxeqd2zarxsr	7.4938313568254	1.56702157129628
did:plc:nesnprb6pserk4daqnpf2zb2	7.09115582718843	1.89805439582576
did:plc:nevzx7wg4axicluhnhb3sd2m	6.65701764867045	1.74627066029786
did:plc:neyqzb7ckwe57kktz54r27ym	7.8181171018665	1.62931408938759
did:plc:nezg5tcwpqgawjwhgimr5gcp	7.32682144932602	2.09338245139868
did:plc:nfbili2l5zqgnd2tn6vvkxuo	7.07717174761272	1.83038451560874
did:plc:nfeqlydm644ndf2kq5zkkjwt	6.34002814843016	1.80235312648152
did:plc:nfh5c7qd2u3gqavbfn544sri	6.85206588411585	1.79349733284391
did:plc:nfkg65jhsx44ztsfvr5v7smq	7.63016730075716	1.24383496474834
did:plc:nfkumfakvalhgkeefibrrexf	6.38449197927333	2.07536614410914
did:plc:nfm6gdfou7omp4vmz7o4fe5i	6.86848557242878	2.1210674626619
did:plc:nfmpql2aci5fjldyptxllqhw	8.70418338679422	1.60950431192167
did:plc:nfmsjja6r6gtys6byyhle2ax	8.07651805520882	1.69659293140445
did:plc:nfollysujjqmf5bspygvjema	7.95536852772438	1.32773119207693
did:plc:nfy4vtvd5b767h2sxcmyjv4u	7.2526151174354	2.00283809283787
did:plc:nfz5hzrz2abpgtrhvxrraaq5	6.42661555375977	2.13008476458329
did:plc:ng46wmmdqrv5pxqfp66ocsee	6.89716180067111	2.27046682131621
did:plc:ng4wm6zliwjpjxl4kjgyrzk3	7.00711309709371	1.91691983056789
did:plc:ng4ykelrtjfji5zccwuninig	7.56982444475066	1.57219861388005
did:plc:ng5ydg2svjrmj4ncznum3pzx	7.45364850157076	2.38161654465308
did:plc:ngcfvu2hzizhcnqsquovvjce	8.12607986602971	1.8072343304296
did:plc:ngdsb7dad2locgw7viyaloak	7.60992696896571	1.77515001425623
did:plc:ngfrjkfbjnpdogbvwemqnvae	7.38373238884837	1.73494047935562
did:plc:ngh2knuphh7njk2ntq3o4ni4	8.27101371460879	1.79921916361214
did:plc:nghm2h25hk4abpgsqgfeja6a	7.8930096514431	1.85035958602887
did:plc:ngnqizszbea5dljd6dof6mgn	7.77196243500536	2.14681600047189
did:plc:ngqde3jrhksmhu3rjlxcolkh	6.49420336228142	1.9468336665947
did:plc:ngsfoe7nqgkagluq34joknre	7.73253298512784	1.43998753522792
did:plc:ngtmvk22xdciu6nraw3xqwbo	6.48206934964438	1.60678601465216
did:plc:ngy5nbicf54n6td7wx3jyg4b	7.49995956275937	1.942626925663
did:plc:nh4k3ehrfmx5vtw7wt4iyomd	7.81809928451839	1.90851874507788
did:plc:nha4spv3om6bp274j4a3z7gq	7.17166728544053	1.80873523706882
did:plc:nhmdvtep7ai4vjgvmi2q5vzf	7.74262019712137	1.75523154492625
did:plc:nhmqtxdolcjmnhaxfshq7viv	6.53928383944421	2.37866519432819
did:plc:nhn52sv35gaqjcieac3d44le	8.3174556430622	1.67237905461086
did:plc:nhnuha5wldbqgjqsfgkhmcfa	6.45809469311984	1.88503605937957
did:plc:nhqhfnwxs6mwlvpxtinbdrd4	7.96235524505404	1.54375499625733
did:plc:nhqpbqp6oqwxtqssjvtpksuf	7.24746730907654	2.38185891959081
did:plc:ni35w6ckdwazgrjunf3feklc	8.19774913578855	1.72281870632262
did:plc:ni6aatxmsalf44r4cbt5kfhy	6.9389258858638	2.36788369430911
did:plc:ni6hvbcjvm2vpr54wjnm3bze	7.18272227375455	1.97278732132776
did:plc:nidblny73zbu6kxhou6ajlhe	6.60290481386193	1.97167317625247
did:plc:nif75rblcl7xot6n5yfmrxei	6.71438290911394	2.10786806846841
did:plc:nipfbegdgtczz6gcdp3h3qzz	8.07339573403741	1.62539248350365
did:plc:nivvu2r7pv7htx5lssp73sse	7.05220865911256	2.16392041227274
did:plc:nixj7xicxpmnfmppxuimbplt	7.03037930637614	2.72292049880546
did:plc:niyh6oraztmdkqppwsam5tcu	7.84617256649678	2.21185790994246
did:plc:nizakav7ebzl2zbaghl5agv2	7.26790923014518	1.64352351119242
did:plc:njbnwom5rkduwaenpphfyhvi	7.27237966589801	2.4152907321383
did:plc:njmkaljcnwhmg2tpbfx5cwag	7.43064895964492	1.9811258387105
did:plc:njmqy2vkn2uqvfcqaehfxlpg	7.66303528869069	1.87060435459089
did:plc:njpvbixuljrucrbftjzb2g43	7.098796935226	1.75725290090798
did:plc:njtdslhmwzcnsyy5pbb6iopz	6.99060568692896	1.74524442193021
did:plc:njup4kv6td4bzhh6g64faacb	7.42169661143201	2.22275164902477
did:plc:njvjlnjfbvtm5zsnlztu2tx6	8.10818520721275	1.56482631290886
did:plc:njvsqn6nxb7t2acpsu4a367p	8.05192242291364	1.31869328449479
did:plc:njwl2rgb7g7koqkbzsjqy5cd	6.90248430840564	2.02515553525312
did:plc:nk272rl63mtew2jacoxtnq4m	7.90988358938826	1.73447337640212
did:plc:nk5zmg5o5nphbiyvsfxjcwnu	6.8328636997524	2.46895832020623
did:plc:nk7suzk2wlqbizxd46i6yp6s	7.52230752033188	2.04670837765621
did:plc:nkagujqvefoysbievgibkhel	7.88370368953063	1.83329712833865
did:plc:nkdcq457pyuhlwfs4xojty47	7.4234215778263	1.82699269833136
did:plc:nki5hdoqg66x75osbtontczp	7.0754013292743	2.0446232949038
did:plc:nkjs5dhlfjvswxyu6subgtti	7.17863951336443	1.85784581544894
did:plc:nknsck72jaic5yhujsz6munk	5.6979417287592	1.25731143337938
did:plc:nkrslkjuudtbbnxzj2hm2get	6.97508888273268	2.81855436047863
did:plc:nksn4vpfihzvsc7bvrnhgadn	7.43988946104845	1.63555616605465
did:plc:nktx2zz6a7xmdbw5baxehhy3	7.42885262152154	1.6666103703188
did:plc:nl5guhwpfgouge36iebeh65c	7.21160110857681	2.39157113663655
did:plc:nldtlfujtikj4fstbhtznthh	7.36798734181347	1.77289819867681
did:plc:nlg7xzlhbul367jshuqvnbid	7.03345689198361	2.19464253010012
did:plc:nlpw6ariyz4dc7eneonrb3vr	7.17326618195529	1.76398304052229
did:plc:nlqs375hlcplg5hazlwmsis3	8.60843683625258	1.37236830250784
did:plc:nlrb3xvylgoeodnjokj7hm4o	7.74397771262807	1.95641179830061
did:plc:nlypyx3qvwbj6nmiqksfxqgg	7.76129004787987	1.67251085684624
did:plc:nm4r3vfzrhjbqgw6f5u2omd2	7.78750303453704	2.59277319315384
did:plc:nm5jpih76v6x5cw4p565mbij	6.39260240734055	2.22925378358986
did:plc:nm6yrxq4ja6z3dxowdgpuq2x	7.08624904175934	2.26820435505446
did:plc:nmbjzfpqukbuzqoq4opzdm2t	7.28067537537122	2.22785040834216
did:plc:nmft6nmbevbjxiz2xdicjphw	7.08988962341985	1.81348957393874
did:plc:nmgxtgtf7ylz3hl7nm3xsqej	7.555709457027	2.01562025295945
did:plc:nmjhg5rrqnbp73k5ld4td6dd	7.08867822680572	2.53277567490284
did:plc:nml5blxz36q4t442rufnbs2r	7.27563921506587	1.72902583834667
did:plc:nmmmidu7fxhyd5qcnzxe3a2u	7.97762993319877	1.50665534088478
did:plc:nmoaombfcftmgt6emgcapyh5	6.50886543851239	1.92232657747417
did:plc:nmribks73iylr4cxrehe46vb	7.87299847462619	1.54562703295957
did:plc:nmrjyq6pveup6opuokhkun6f	7.42085651841218	1.9644478141869
did:plc:nmtrhyvbyl4nmmgxa2cuatjo	7.20792985645167	2.3302040721647
did:plc:nmy7v3ltymagg64inbegyoly	7.30490748650299	2.10172217412048
did:plc:nn2vudxeyl34thzscmqmv2d5	7.62747646429399	1.64062267448323
did:plc:nn5clnvonr7xnsji7ii5rr3b	7.47346254177038	1.81935683991784
did:plc:nnbm4hxfifh6lhrebwx6iwrw	7.19014007981224	2.29306860137148
did:plc:nnc4afjwxehh5ry4hvebpdyh	7.0507546255285	1.93851861564354
did:plc:nnksukxqphgq2e752jwkdypj	7.03261602122793	2.38809005871911
did:plc:nnldlsaqmico63mih6pyk6b2	7.95046865427981	1.82742553992826
did:plc:nnpxjk54nsnoc2oqnksixvrd	8.00547854604509	1.66219783947865
did:plc:nnsfe3ee6ce3f2we6k2ulhr7	7.18113019139871	1.65628818812636
did:plc:nnz4vsp2sw3zgicyhfx4izbk	6.51139171577079	2.15584208340367
did:plc:no3xwujevm76q6shrytq5sz3	7.78929954338951	1.77679365173777
did:plc:no5qnvgili2ja6hrrbh2yrwb	6.5788180585952	1.99615641495208
did:plc:nocraarjczuapyywuzwuikiu	7.93546960344316	1.60474883746489
did:plc:nohrhl72grrhomenhgexef5o	7.60216617358049	1.74146308880733
did:plc:nojxhkruntbb3srb3kj4m24b	6.78476436196325	2.43040020623528
did:plc:noo2hwqnbp4usgnbqczutnp4	7.0409699951337	1.9870400238064
did:plc:nopmoc4uaciejggbjgpvwucj	7.73921972785172	1.16163518027362
did:plc:noqaydlcbia5upq6va2p2znw	7.40117411090592	2.30016380520992
did:plc:nostydpf45moeg3km2ayisbe	6.54544312911717	1.83252776738117
did:plc:notdmlbmm3rjpctndlnjykbi	6.62833950300812	2.140515221729
did:plc:nowjpcmkcbxzl5nqy26pfk4a	8.38446272998744	1.48987406870554
did:plc:nozs435o5vh3ykwxkbcxngjo	7.32037120363034	1.75585118933445
did:plc:np35zwdr3b5grfjnm55ogzfb	6.26009070048794	1.91760608612844
did:plc:np4lbwf6if2r223efmvtomlh	7.08754895749516	1.85583352910634
did:plc:npbznpgk2gghzn4g5jpqp6o3	7.16913075350048	2.44638807866438
did:plc:npdn5z6pby24lqqixq4cztqv	7.12605065767064	2.16065595327632
did:plc:npe32p77ynycneb7hrmjd55g	6.21370174052722	2.02716029943605
did:plc:npfz4v45tua43ksflxpi6ovv	7.78013663724821	1.941831624958
did:plc:nphgmn7cllcyqobqsqeoipg3	7.36652691027547	1.59284185247444
did:plc:npjtenl2xswqchp3uxfixyv6	7.97758746166526	1.86688018187425
did:plc:npoogjpmocs5simjdazjdmjv	7.78453159953169	1.78924013622967
did:plc:npowzinn4gpudnglx6n5bgd6	6.38506875155037	2.40654309765368
did:plc:npqv6a42g4mtmcxqs3lwc36u	6.57824205536885	2.9044559440041
did:plc:nptbultukos2t6gayswczvyl	7.80854563600657	1.73487708872504
did:plc:npva4yjzltrqm534weao4ayq	8.7737975215862	1.59792938915542
did:plc:npwwz7kramhxtkq35wqvsekt	7.31792306577162	2.35859065251581
did:plc:nq5j6ujpkz3r5woxiazy5osn	7.19113908933966	1.90513009333576
did:plc:nq6rxknr7ro3ojbs3waohnco	6.93742475692114	1.83426380849295
did:plc:nqas2vuizfctx44lhcrdy3m5	6.1379776240642	2.04883565105809
did:plc:nqbqfrzoedn4j7h7ycbe2go7	6.94138856870768	1.85563337840548
did:plc:nqdz2jhvpsiht5sxrzz2ty4n	7.48211852192902	1.62305819588738
did:plc:nqfvxaxbpo4sxy3vwgobxbwm	7.02018234915261	1.9220996262711
did:plc:nqgjdzmqq2sjkzkxff4svgpr	7.20430627849103	2.0883777449781
did:plc:nqstuspfdpxpqj3bubpaanik	7.45393235716247	2.61426936415688
did:plc:nquxepg25nvlreezdvaevypy	7.04758903744505	2.07355461297956
did:plc:nqv23cjesrasi2bpvyxm4kyy	6.47937966091136	2.21616211043108
did:plc:nqxuyac2y5xpjql3zlpstbho	6.68513864269742	1.99062383456179
did:plc:nr2aq5bzhv3ajnsdbwjp2ay3	7.44007035023392	2.28018452128858
did:plc:nra7ppry4zzkakjmdn37tgj7	7.17499745507425	1.43784194424971
did:plc:nrb6anv6kcuvnqlcait67wvi	6.27912885115302	2.00820374126944
did:plc:nrbwsng6uoe7jawuokz3kuij	9.59371149623848	0.768002004986825
did:plc:nrdht23vnldwctv7g7el6a3m	7.8614079757209	1.83436835179404
did:plc:nrfnou6ogwroqaalepamqe3e	6.63722203588328	2.20317366878612
did:plc:nrjvetkf4nsosk4vililozku	6.26740586887619	2.61297399735529
did:plc:nrkoph33gfz3duuobd3gvbma	8.06324987026288	1.78290475751661
did:plc:nrlthuhaezxecirhj5bavsc6	7.87555084759857	0.743593900892582
did:plc:nrm6cepyrhazeszfvimjlqnl	7.29789087992647	1.50990549930081
did:plc:nrqfpq5z5izb66ovr3nol6w3	7.0891595199467	1.96049133860881
did:plc:nrroqxglexb5r4gmuzwspdhc	7.03052859428525	2.08003976881896
did:plc:nrshns662bwkuqj3m34pdfgg	7.06504869279737	2.17790750475882
did:plc:nrzm5pltb2drky6o7zzpktio	6.9962983906093	1.67780973779515
did:plc:ns2z2cikwi4gle5prgxnbsjc	7.95401086710676	2.18516562882629
did:plc:ns4xb2kjdsvsgbzks7c7lqse	6.7183392239349	2.29467914866271
did:plc:ns6gvqckzfchg5c2fb7kitcd	6.50112737259538	2.01560166631802
did:plc:nse4s65utrdawcto4thmv7z7	7.06543870666019	2.06368001696946
did:plc:nsgfq3jw2kz543lrx6wnsfnu	7.35900885706739	1.88620024398297
did:plc:nsikkg43rvrosodt65g4645z	7.60801337826414	2.01405998860633
did:plc:nsjn5q2m362opxzmw25gefm3	6.88055800876263	1.7825356014956
did:plc:nsjwvsp7r4el45hhzvaqudov	7.81414986239487	1.63790110231187
did:plc:nsjz6ba36i5rq4bbfdpbrzfq	6.80422249803729	2.08952526904051
did:plc:nskcoqgqtkgmpnqaluykgjo3	6.92329158794043	2.27980541251567
did:plc:nsoblc5guyu4evlajh6lbr7a	6.34747781176244	2.45688425973673
did:plc:nspb4s5gdzfxcbidu56ej2ft	7.30014255632561	1.48799288235974
did:plc:nsprreuyo2zaius4hnnqomdo	9.10838608719394	0.813776534154396
did:plc:nsqfrjjteiaqbtbu4tsumjm3	7.38341129362242	1.91872404233999
did:plc:nssdp7teg2etkrlqks6osujz	6.83522927176845	2.73266354901184
did:plc:nsy5vl52p6klbwefptbsdx54	6.48261089512457	2.16853842703791
did:plc:nt26gbjrsn3pb7hqn3ao2xcv	7.23629609790921	2.18471461161656
did:plc:nt2ehh4gvwdcv73lqastjpqy	7.82084816763012	2.13466965752071
did:plc:nt5vl7wsq22bkfhhtojavhno	6.99994390496112	1.55708054926278
did:plc:nte5npvrbycf7ikoqhpofwzc	7.67377495786797	1.98321794150295
did:plc:nthdvlhilulnhbigmcclnzbj	6.60600989375014	1.9368248040042
did:plc:nthn5kxp43v3q6wlcyqf3h2k	6.64492588800874	2.53037017725991
did:plc:ntxc7gflzft4xjmfe2atc6ym	6.68947679733657	2.21203603064918
did:plc:ntzzdxjqecbmascvsqnblbdw	6.95549122670067	2.17231046793908
did:plc:nu3p5x3s66axnxss5unwwu42	7.24159223549629	1.68474740901476
did:plc:nu6e6ejnso2dkkbbcokotzys	7.03793208854033	2.21023857772453
did:plc:nu6m2s63t4smlxj4ua7s4sff	6.72752325508452	2.14388479892464
did:plc:nu7fbyg5tynslal3lhkhgu7p	6.84343648863824	2.12886326803648
did:plc:nubfrdkrnzv6ve7ar65vdven	7.33209275921901	1.60794485349328
did:plc:nucbsxomcfege752nkggfc35	8.0796912247897	2.13659778521562
did:plc:nucpl2s6o3d5mz5kbkfm5gr5	6.50548348564645	1.8915545911051
did:plc:nuda47gkicvt77hbwjbdtjbn	6.16388595104337	2.0430695966646
did:plc:nuewsn6um7iaek63pjwg3qtu	7.54835900575417	1.30789735685944
did:plc:nugduyrdozb53y3fge7j7sky	7.64269418458195	2.42501251809546
did:plc:nugshvmgwtey5xqokexi3xof	7.60388816777899	1.83946151486484
did:plc:nugy4alog6zxtjr2qyrihlok	6.81527652731771	1.83857413459731
did:plc:nuh6xipgtsyhuhhuwl2b2ehl	6.90579455459354	1.66743796794741
did:plc:nui5jhlyvwu6xp4ydhnhrqqb	7.21732886201997	2.42592690080678
did:plc:numyxzea5uscyo32fwvhfp2a	8.12542508596726	1.85281942066815
did:plc:nuohc5taipx5pgr3gtoi4x33	7.19729192682217	1.98079374006322
did:plc:nus56lmd24sextvlgcschvtp	8.70961634419236	1.60667530242373
did:plc:nuworcda5ffapdy3kmrt2pxi	7.99963723367844	1.87323168298525
did:plc:nv6hf3fsbkcb6klm2jyddcmf	6.90367360953822	2.15401823681371
did:plc:nvflwun6ztxyktjsoue3cmva	6.27621996441935	2.00783209277858
did:plc:nvhiq3nunpxjrvlcycegunuh	8.00308543071954	1.95104118727718
did:plc:nvjgczaa4ywqf6o3vpulmipg	8.20751105163442	1.3877769564365
did:plc:nvmd5kmb7n7uucalnfwv3kvz	6.76128299112638	2.10477893780454
did:plc:nvpaqpb6o45oehjpihdj2qkw	6.65650499025541	2.57334061120529
did:plc:nvrbufqbzujtciitnuxulbg4	7.85724350132696	1.82076302734011
did:plc:nw4yh7je2kqhyxiqct5urde6	7.36408715476262	1.81099565711946
did:plc:nwdlfo75rzshe4vbrnwhrfvl	7.96124359584182	2.06604654722096
did:plc:nwgih6r7abmlh4m4twoqyrai	8.07995589357694	1.68427660647005
did:plc:nwq466lcf7p5cdokbjvxuvjh	7.40408708038704	1.71223727659194
did:plc:nwrb6z674vdpx77y22obaahh	9.53646518452646	0.626373660960253
did:plc:nwtk33qhp42h5rsmdf7vv6h4	8.40492671963319	1.46144989577191
did:plc:nwuqpm52poci5hcbar3thhtx	7.07703261793878	1.88340355698484
did:plc:nwxdq7ckrpjtwncb3wqhlyrc	7.25800862990615	2.64343925329161
did:plc:nwz777w34dfxsmnbnstlynmp	7.07050637826008	2.19837862969648
did:plc:nwzd6nb2feyoc7feyvp2tswa	8.17486649875289	1.47526787051683
did:plc:nx2r3sn7d6cht2pmjewqqed3	8.83134400848472	1.4591715888147
did:plc:nx3ugrev6mdzqq5i7gvm3z6a	6.53697469885247	2.37600507253416
did:plc:nx5d7vmqev7fkma44ox63ah5	7.36570595717591	1.66247021769573
did:plc:nxa452datfa2counkncmtp74	7.2515100593856	1.95494710389732
did:plc:nxbjvmjsccb5uydyetwngque	7.06083271925358	1.8995295604671
did:plc:nxn46homfnqrvodeov3vv4v3	7.29317695735992	2.56553420566249
did:plc:nxqqu3fvzxm5ipo6h5iwlseh	6.64584717513097	2.04401980180473
did:plc:nxrhwgmk6sm7bkknsylkyegh	6.95606940380449	1.9828949996388
did:plc:nxryunbzf3xqslxw5uwqktml	6.77590646170337	2.728494393669
did:plc:ny63xpiu2jkeyhcvfafcb3lr	7.15790666795237	1.87956075522445
did:plc:ny6vo7wmawsgepj57juq3pcf	7.59952884487328	2.12886006218791
did:plc:nyepyo2xmnmmv4h7kk4ej7ea	7.40657960782654	2.30988886777642
did:plc:nyfja3ter5dv2jos6ywkcske	7.05234030354613	1.86652075601706
did:plc:nynf2pooht2cctx6flcwuhbq	8.03641168034786	1.5929985960012
did:plc:nyo2bxb57gl43vfnxc4fjy2v	7.39255045473453	2.02814093512374
did:plc:nyovasqtimseibvyww44i2iz	7.07765229476314	1.93414824057311
did:plc:nyqyknma3iu2q4g44nullbe3	7.92674525477198	1.45403808205235
did:plc:nyu7fxp46qyn3k6pssdtmats	7.37257664657816	2.2313524462821
did:plc:nywksb6sqyrojqx4e5eloi4w	7.60931114194928	1.60816848661968
did:plc:nz2kn2dc3j2yvaszhgukcbgu	7.7518612184868	1.64944086130332
did:plc:nzdp7btvxgvbdqhxvk26wvqx	7.14770593464576	1.95093111709735
did:plc:nzfkqc3f6fhqdnc5r5bzo2aq	7.40644985463785	2.436842927458
did:plc:nzgjjz7ffehpcyfc5i6mzvzy	6.77915419491772	1.88971997483177
did:plc:nzj26xbyf7n2idkvyei63yfc	7.74942643518149	1.8806919621623
did:plc:nzmevrfv3p4bczo43etnycn7	4.85115697215482	2.62557373605734
did:plc:nzoltwqn5i3nap7ngt4juvbl	7.31860927572081	2.31937212494862
did:plc:nzqhphib2yz3x5curnndttmg	7.00645559093284	1.82356589620739
did:plc:nzvihlhwdupjb6i53dby5fkn	6.91313297711178	2.99066209048574
did:plc:o23eey4l4eckadspv5zkp54d	8.51988628234299	1.29845360869641
did:plc:o252pxpjhpovgcnplxafs2ju	7.7923685642163	1.87788386219178
did:plc:o25orsuxmasv54ibenu5vm77	7.64697736415311	1.72420805249738
did:plc:o27oddzbfzw6y6byjefmvjfb	7.389317004903	1.10171635079864
did:plc:o27rplfljmyjqqfa2zxwde2f	7.23642712006299	2.11427566695587
did:plc:o2hv7ccx5r6tqbrmdv7xl2yh	6.46498390896574	2.05968215187862
did:plc:o2mr7ndv4ewv3kcwtjfy33cd	7.31790023706066	1.80250146825403
did:plc:o2nfihbboc6uvveesifformc	7.4698169481161	1.97931872395429
did:plc:o2nxf7ytj3z2zeizc5u43jlh	7.53120646236755	1.80685873144756
did:plc:o2ub4tvy5hc6fjgba5wlywm7	7.68221112118621	2.00900946050452
did:plc:o32lowdds5ugiv77gi6fsev6	6.71873112418325	1.63376324606184
did:plc:o32okshy54r5h2vlrjpz3aln	7.45092198691595	1.73738963267914
did:plc:o35f4ecurpcpedzxth2rpuqx	8.86112773758713	1.04282493306626
did:plc:o37xp2sabtiunsk4kbeflae4	7.62726112328507	1.82681701637352
did:plc:o3evjrb4w7vxnxpwxq3c3w4x	6.58738654059451	2.02028904538152
did:plc:o3hhtifw5l7qorexv6ov6444	7.15558127211962	2.19624679362247
did:plc:o3mo5k45y4htlh456rw6hk5q	7.30746854370268	1.93453163907136
did:plc:o3nmovd2bzdfyduyjnxeufpa	6.95592464089723	1.82642588963981
did:plc:o4224h7lsqepwrdr3t4nofby	8.03218084890501	1.70693044985986
did:plc:o4a5mw4xk5jn7t37h4k5lpe7	7.30356386819453	2.53622201359948
did:plc:o4dlz2uljdpdwcwsvr2lxpg3	7.18635340300973	2.11595873492122
did:plc:o4e7b2fcb6os35bwnlcmnzah	7.04033751679534	1.64797500397321
did:plc:o4np7hi7ifu77sn6qibmmxbk	6.71168177249928	2.12369305428226
did:plc:o4o5xhmnfcv3j3tpl4p7xxof	9.41686969352586	0.439743392726815
did:plc:o4pcd3zdwobzwak77midaotd	6.85119472809928	2.60728506596814
did:plc:o4sfi3d42ytcor5siq4m62ki	6.7779993608187	1.77997954634781
did:plc:o4zkmboeprqmrcnzseb2k7hv	7.13175973225998	1.82397504759813
did:plc:o4zr7ynbkoxms7n3q5pes3qc	6.57183643336679	1.22324445129056
did:plc:o56ghxsqnwiimautdgetovxo	7.32976409199371	2.12282615648433
did:plc:o56zmwwvylbzplozzoe2lpr2	7.5722248252149	2.1221831406668
did:plc:o5d7zrst4uuv7f45byscx3hc	7.41531247943678	2.0129102950497
did:plc:o5dimuqym24kpafz4in4wgms	7.54921023138584	2.03087878538074
did:plc:o5h4krnpobz2ia7v4ahrgulw	7.28748809679969	1.69258168625299
did:plc:o5qkftj6svxvi6mozoq25fam	7.63087063397321	2.03810270726547
did:plc:o5wfbmuklxcdt7uxe43ctsyz	7.5949340578256	2.44508477316245
did:plc:o62tfnfdb3cf2vqnvmigdaau	7.52065854455485	2.13059873182229
did:plc:o62ush2fdnfs4z3mmbsxensb	7.32987766424017	2.41332978243342
did:plc:o636mvgzsj2gfffkmiducztb	7.32893285405903	1.51042811980312
did:plc:o66zpaqp4jrmv6gzvgv6ir2b	7.04464253689859	1.99855895209075
did:plc:o67d3ibq6tj4o7s6mywknayx	8.04768099074597	1.7274009460576
did:plc:o6kmpl3nhw6p2pstuqqs4ox2	8.95760332698757	1.35462737262146
did:plc:o6qd5wels2g3gj4uhcm4mvad	8.07386164612061	1.75740441777388
did:plc:o6wpkn6djqbls7xpfsnjd5uo	7.35279484344588	2.18033615793196
did:plc:o75dkxyvcjwax275gkgsoip3	7.62478630726019	1.52047682086532
did:plc:o75ogyjmdinhfvpmipql3vmg	7.60888974411482	1.70030141388408
did:plc:o7cbc6bwn7hpieabsenn5iys	7.13626477722381	2.07665444500959
did:plc:o7gmqaz2wufirih34yaqugck	6.70854641024924	2.16623167439362
did:plc:o7gtze44xoohwc4g4yuglhy2	7.36989086745741	2.53809703131801
did:plc:o7k4nmf5w5gczdvtbpbvhas4	6.20841727627214	1.25092901034495
did:plc:o7mipxsdrsrmgen3lh5e4iys	7.21110211150308	2.0643271161115
did:plc:o7s2ddxzxodfvs7mmjo72j3z	7.74533057131742	1.73816237932265
did:plc:o7x4sqhqlyfllq5o5zf2to4f	6.38470839253978	1.99218879033282
did:plc:o7xt7svg2xtjbb4e2xqahqqc	6.39874939408103	1.72437604925737
did:plc:oa3aieaj5sq5imgvspk7f4ss	6.76046008342464	1.81408469297045
did:plc:oafmkkrhm5wtmmyhxnsnq3po	8.39709787918119	1.65154660360831
did:plc:oaghntcihvzqkirfcn4faarb	7.45610858229686	2.01870837225612
did:plc:oaisz2z2ctyj7bs6f64thmp5	7.62616749840394	2.53416731415236
did:plc:oakc3rbfeptbzlatr23day7q	7.42469169279945	2.10285962277909
did:plc:oarkbrml4opl5qppnwoud3uw	7.95401146242669	2.29114110924061
did:plc:oasttictzze7pba4c4dfjioz	7.10486500298756	2.01180356370531
did:plc:oawamojr6oyfnsdtgywdethk	8.99354423350398	1.11265585407878
did:plc:oazpx5zachiatai35xzolpwl	7.33173466219573	2.13967976648097
did:plc:ob66muqpu2r37j4w6rddrq5r	7.69167719168324	0.756243790958523
did:plc:obbqix54x6u37ztxjfiftqvx	7.1428526633579	1.91749502574295
did:plc:obe3bzhip5opmwa73xpsgjlv	7.39033555379951	1.84870807241803
did:plc:obflbnyfhohrl26mo3vfm76o	6.70924948465713	2.41547634364104
did:plc:obivjxklnztxeylcfseuijkx	6.70053321038829	2.21234993979775
did:plc:obj6rgsiyjyyirtfybnqn5sq	7.84178677841855	1.74167748201092
did:plc:obljhtaeapq2dg3h7rnjx2ee	6.1803080168554	1.88040577413508
did:plc:obmgru6nxkd3lasdxzipvye2	7.07905525242834	1.87571501541551
did:plc:obojpzm4egcutfluxormi45k	8.87565688571877	1.40540709783021
did:plc:obqg3yw2vg3oojzmuxtr7qzm	7.2549057730531	1.85385469004901
did:plc:obrbbq45ni7blv5w3zvugrzf	7.667376004135	1.85742545311035
did:plc:obtf543wj3o3sqdhusjlb2d7	7.93910917198645	1.5687202363955
did:plc:obtgdt52mlswdich6fcvsstq	8.73185653584366	1.46124633224373
did:plc:obvae6pdp7g6csb7wnywagiv	6.99605201062325	1.7542404045642
did:plc:obvant2ou6kramjap4erbisu	6.92151159000401	2.49623019258852
did:plc:obyggvpbwlpaprqz2my3nggq	7.9155928232737	1.4126406993236
did:plc:oc4s6ipfdiwdkslxcf537s43	7.72224831892459	1.62138195648467
did:plc:oc565bcd5sunsllkdns2zzmg	7.90512118715798	1.54072054344343
did:plc:ocabbae2yobu42yfmpskajhu	6.948766922419	2.33709874224468
did:plc:ochddmf4ohf3taa2fsnohsmf	7.49883144818286	1.98805582227647
did:plc:oclyb5d6zlpuuoxnmb4f233j	7.97145150993765	1.74269833411629
did:plc:ocmqnlqkvmcc2xu2ojeqikih	7.88628523914054	2.1745526749907
did:plc:ocu77ylkqiuwcxbrzhb7myaa	7.19058992100669	2.39489114939918
did:plc:ocuaybceredaygdozncxncre	7.06896316813005	1.50004031317983
did:plc:ocyjwrn6p75j7rawljrlc6jz	7.59015296794585	1.7229538051169
did:plc:oczkn5rih7ayaa2l45xma43g	7.16177708884131	1.6922408029105
did:plc:od4bnqwdzmywv27rrum5pn2h	6.53624812566999	1.79242922429582
did:plc:od4drx4lnx4pyiviwsqnd4ky	7.61319953107254	1.88713807680104
did:plc:od4zb23tzabbzlcmsmxcxqb3	7.21091813010477	1.65547197739292
did:plc:od74pgxphjaeqsygd4avty7s	6.44177655295803	2.32500047355221
did:plc:odmerlks2emojtbckftpei6l	7.26962003213348	1.7750709692671
did:plc:odrdny4vkh3tmyvufhomdnj7	6.6853462070235	2.69556969620472
did:plc:odu2pnplxjoldaur77bknret	7.05740325945008	2.44001521568107
did:plc:odvptz3llsijn447i2zaxoda	7.14287968821623	1.76200712607679
did:plc:odvtrqq7pesqcaygwibex6bc	7.80548343774599	1.70280704185602
did:plc:odwan7esebfgsgawfn37yejz	7.87766259396294	2.08834815457483
did:plc:oe4k2m5zkzxg2xczbrscnbmz	7.89194296219623	1.4417817353416
did:plc:oe5hd47kc2k2r2dg2bit3trc	8.21702537872553	1.2943868626235
did:plc:oe5ttb7ug35c4jgafagenxsj	7.34709413906623	1.82352189457414
did:plc:oebhdiihuxnx3ted3vj34gy3	6.68970110211769	2.47617854469122
did:plc:oebsk3l5g6dueay4ssb5bpcl	7.13381679573795	2.00056420200246
did:plc:oeh3tlqp4o5lu3bu5ryev57d	7.15620427938301	2.1752746490403
did:plc:oehax7kltwgmso6do24ugrdo	7.53880595502606	1.63816510438044
did:plc:oejddd6otup6ua73fi57itya	6.8274832850292	2.0761000809685
did:plc:oejqwar5jegzkklv43i2zzhy	7.34330478811346	2.60787527355077
did:plc:oeodpd7opbkqk5y7x6kzqjii	6.44882322570596	2.10959531950799
did:plc:oeroq2tfcfxmyo7gtcejqlz2	8.59353580986531	1.67519131037104
did:plc:oevmtkyjon65ijqua7ysr6gs	6.9143834973631	2.14872363561144
did:plc:oexn5kaqevbgmlwnhq7xzihf	7.67547486935657	1.42761143909673
did:plc:of4xo4xmm63aaqnzgvdd4t6v	7.39326493160227	1.88489799779034
did:plc:of6sqpdwc4xa4cuiw7lknk3a	8.95299080935686	1.39962738563745
did:plc:ofbkkezsleua2juj45gdisz5	7.32870617308282	1.82987361723214
did:plc:ofck6avkb3whfxp2teh65eyp	7.79037222761358	1.71704492079852
did:plc:offdsydfe2pgtmtscjvtvqw6	6.96774459841962	1.71316611226357
did:plc:ofhhwgjqusohb5x747kqi2d6	6.06965084023049	2.491910770353
did:plc:ofi77njf7n72bptwntndpt7u	5.98044466872373	1.83672342476153
did:plc:ofj4oetisbpfdz3inzsjzxy6	7.04072721266072	2.08417339203081
did:plc:ofnbdm4igvt7ve5nkoqkaz4m	7.44531068624861	1.46708842916589
did:plc:ofnmmmtoji5amcuzh2gkv5yg	6.97955406253217	1.39185655719055
did:plc:ofnpmtxh3ahvky2xzm225m4a	7.35227518770008	2.0518614076923
did:plc:ofpldesfu3ajm3l7w6j52wnd	7.07075994924144	2.49859669654274
did:plc:ofrus47kk23quf3umns3spo4	7.22918022075559	1.9374051605843
did:plc:ofsjpzznur6cvgn5jb5b5oq2	6.42912960614131	2.11163909206593
did:plc:ofspd35c3hkhxlior6rbub3u	7.22765188456252	2.08207641206192
did:plc:oftsgrr4kmeps5wfj4vxg7lf	8.17782770397684	1.46995202464126
did:plc:ofuekpml52ec5ojcromd27gk	7.19288476949778	1.80803705574968
did:plc:og2lkz2gkc2jx2457ppcx7n3	6.8081074516844	2.11283126380068
did:plc:og5vrvprasq7dg7x7hflzgfc	6.84780905751834	1.98191707008708
did:plc:ogavxwn6rg4afh6t32tmtjcz	6.76511880392894	2.27080639723752
did:plc:ogeo5hdstlvgtf7sed3xcirb	7.22104926040967	2.51633442306528
did:plc:ogjy3bquxbv674jv6wpkybkw	8.16267221860846	1.52092520750954
did:plc:ogmg2miq7dz2n6ng7pk4qoct	7.46041335706259	2.34957859665335
did:plc:ogmhtcy5ozfa3y5xrgrkygmo	7.58447858211282	1.85828839339838
did:plc:ognfyxokcqoadpnpygc4jusa	6.92432273979353	1.6591955963398
did:plc:ogpzk3l77iv46gat55ghgs5r	6.64989273539994	0.540221079187884
did:plc:ogqlkrwznaivdmlyqyw6n32b	6.9391302777291	2.36487959706702
did:plc:ogr5oawyz3ijajgan2guoz6u	7.52719124134895	1.70517017761883
did:plc:ogst7rjxjax7kpbubcfnpiii	7.47984288813677	1.91375883901633
did:plc:ogsv7vlkdj3t4t5dp4oenupa	7.59296241530945	1.8709574813186
did:plc:ogtw7pztclislxxg5pi7upak	7.56862176610458	1.72068822587213
did:plc:ogvyjk6gucpytz4qpr7yb2hl	6.6416134272903	1.79964115050428
did:plc:ogwgtut7f2qppf2puchfyigb	8.24331637520998	2.12466408817901
did:plc:ogxdfu7x3qh6qlvjtaw2fp4h	6.83848389602767	1.72282935860184
did:plc:oh433kookbqqh3ops74ohnik	7.06989983541746	2.13361707990638
did:plc:oh5b2dacgrszvetltopofwef	6.98375406874557	1.71933835013895
did:plc:ohdrwadswdcfyk3jyla4iroe	7.46159128821967	1.73240422188308
did:plc:ohlnlyjjld6tyvvac3nsf3xi	6.89298628635143	2.40076087599366
did:plc:ohnhqkmjij5bm357toxueks3	7.05380767260624	1.77950255982337
did:plc:ohomzmwz34ygjs4lkzqfqzlp	7.11572159534022	1.98617800584258
did:plc:ohrx5c64wisgor4ans3babpn	6.8506779127077	1.97486287820178
did:plc:ohtktr4czal7szfn3nrpayu6	7.14621181090433	1.85798959697141
did:plc:oi62yvfrfeavocvzvevx2ss4	7.420808241624	2.46644939312192
did:plc:oiaa7oy4zx5e5hlygwmsdirn	6.24976723199888	2.20693521668558
did:plc:oier7t42sqocwc5suu3x6h3w	7.59757183496849	1.77861136341979
did:plc:oiiuyop2twi35akryobfl4xv	7.00137960423994	1.82266708977691
did:plc:oilryc27wrncwkcklzeo6fsy	6.94463724229765	1.92962833998386
did:plc:oituwp4u6k574vnla6qjkrjk	7.54132827835571	2.16402504408512
did:plc:oivakhgt7yzgvtqcqx2qny7v	7.24498762895141	2.43779022466074
did:plc:oixd6xl2amgawe4mzinpuuaz	7.80493997099748	1.83506570262687
did:plc:oizfoiofddrc7vkgbevd4r2h	7.32424793629608	2.13048478256843
did:plc:oj7zh6o7buretpezu7cxobnm	7.5544035686243	2.19948352104095
did:plc:ojdn2akbjr7iuawq4wpctdlk	6.61102516561798	2.14498748388563
did:plc:ojgox3yduzxfdvtmif7o2bk5	6.89117345816174	1.87001182204145
did:plc:ojhreyesqosfhpjsbbtytzg7	7.49273507526239	1.91064750918104
did:plc:ojhxliwmyfxi42ou6fkteuk3	8.9492760652593	1.30928911714048
did:plc:oji5lrrtmt7t553rg27s7jvh	6.74284832466791	2.39432065670599
did:plc:ojl46fhrslrvymvvtjoadjal	6.7640562499062	2.26614391904424
did:plc:ojph4765fspo2cthl64swesz	6.84935483623206	2.02803601467028
did:plc:ojpn5y6xe33qntqqmjndyk62	7.89275061957789	1.82455636458821
did:plc:ojvwc6ibz4g4hc3ashamsb7h	6.64752576810915	2.31704291715711
did:plc:ojyv2jz5bdtioedjsp3pb7dv	6.1997322457389	2.23002971338484
did:plc:ojzqpdwtxwpns4pys2mpd7kq	7.47821289314877	1.81031851269435
did:plc:ojzqyamybkda2gkqvsilozfg	7.25091788377028	1.70382178755431
did:plc:ok4qpwvfmt2hr6zq5gty6h42	8.01464338701097	1.87538778484756
did:plc:ok623vsgw4o5xqazyz544xfd	7.16820573542866	2.63002079661016
did:plc:ok7bddb2kh2f35bfgguf2vp2	7.96181544928708	1.59001210899439
did:plc:ok7vi5wlrt24nsdfd2web34s	6.43260378912534	1.76759660458469
did:plc:okbrq53es44gcphzwk5a4lk3	7.02029208204613	1.81526144787096
did:plc:okbtpr2zulzzqtiygobpg2nj	7.61211988695162	2.16789614337399
did:plc:okftscqh7sqj72grvlm37lzq	7.7698868276008	1.71739194354988
did:plc:okhohjfevv2trpg4cchhfuac	8.4657370859189	1.3271168212663
did:plc:oklvrrbyudbo6mjd7znq7vlm	6.90776100670439	1.69273498643869
did:plc:okpcjl7betacs5sa4it2he2u	7.69612211644875	1.70827195087198
did:plc:okqmmuzrt53zqy2ga2psnbku	7.45500291583719	1.97594093375326
did:plc:okqzly4xjdt2mwsdlwee7twp	6.80081589635211	2.00089459733553
did:plc:okvlprtwfyfw6a22dsroiqjl	7.97987555705097	1.44253754477741
did:plc:okzidyrnlt3jtegcce5rnnhf	7.16969274089015	2.9682705872697
did:plc:ol4dtbj4srwz4ydbraicfpzc	7.42396436882008	2.04965270113643
did:plc:ol7bifw52gyrbassw2vxjnm5	7.00352145750417	1.94990983002725
did:plc:oldfkwjcpc5bkvbmoe3yx3ll	6.96353858234141	1.86827980202757
did:plc:olq3h637akynynt2e72v5msu	7.70680401802097	1.7147583899387
did:plc:olqru4xux4ntzpednccjjisb	7.3921851508753	1.9224606845673
did:plc:olr5zeenxdrw2ia5ppmnnv42	8.01650107895303	1.68563068831876
did:plc:olsplvmcdgh2v7ziwrn72fjt	6.70833249992961	1.83066425330574
did:plc:olxhyl64af62tn4rfkhku7z6	7.48435848691331	2.05477531964357
did:plc:om2qxsislxnsywaflacpnwoc	7.69684383652916	2.09653082324075
did:plc:om7rbtqt2baagqh6d3x5kdzw	8.25939055345851	1.30719531222069
did:plc:oml3fgkpgsfdzzittf7lkeid	6.84378893607242	2.32896531674279
did:plc:omnomqpzox5vh5wlfxgq7uuc	7.79111011950484	2.20956120490244
did:plc:omp5wa46sn5wbjadcqu62yqb	7.82484300083691	1.76059212224423
did:plc:omv73rn6azlubtnbai2kk3of	7.64312138910313	1.9871658413932
did:plc:omzgtdvd2mf74q5qzia2albn	7.62522439252985	2.06495403786547
did:plc:on3u2muwrps7ayhdmg3y4dg3	6.82267541649368	2.32019419731915
did:plc:on6ndqlvv6q5sfigrn5mumbe	7.21581213812427	1.88541510690247
did:plc:on76wlg6fcp4l6iz7gg2u44y	6.54857323618626	1.70110622713003
did:plc:on7rhkxpgfnz5rxhklwa7fqa	6.54498924192915	1.69316785063819
did:plc:ondoeq5nikag2n7yuggrgtdl	6.53070449248634	2.98674802422782
did:plc:onnpy2dgvtbo34slkvzwayvb	7.50903744265136	2.55448448625221
did:plc:onsdtjshtjjtbr6l2civzyim	6.27957757987098	2.30076952264261
did:plc:onshzbukaod52nca7fuk6u2y	7.83904062094399	1.75588390459596
did:plc:onu4vqlkyws4ykj6ua5xvmzs	8.73512600781404	1.29414086425393
did:plc:onugwnfkk5xwyecmwxtfc6ap	8.13576823675403	1.76615432558167
did:plc:onynpo6tbr74ozqtvv63h5d5	7.20628540814076	1.95258391185416
did:plc:oo3kppddak7qrhuyzgvozldb	6.52227123060703	1.86202082892404
did:plc:oo5ei42hoid2qlicz26hfbdu	7.94289496114231	2.28111041779712
did:plc:oo5tvrmxfttu6yeogr25be72	6.48656158656758	1.87464349197797
did:plc:oo7yyyveg2tlupacymhotzy5	6.45397314538848	2.18227375293413
did:plc:oodnzki3t7whr3m4al7y25a3	6.84497189760077	1.91030863456865
did:plc:oogx5uk7egcpeavtomox43wn	6.93026936047479	1.78752601616299
did:plc:oohfmsyyqoqqz7kmnbs3lww2	8.22440900944083	2.02856438641732
did:plc:ooigv4i5brhromst6adcszip	7.53522699189992	2.55947379807064
did:plc:ooixgtuypuq43ebp42xw2pam	6.6340690276322	2.38125192111581
did:plc:ooj3zhohk25b2v5x3tkvizqe	8.21928104959521	1.65531161982549
did:plc:oonq23dmqz7d3imppxbe3agz	7.20986610359696	1.78773058437683
did:plc:oosktiykvnebfbe3ltyrydt5	6.6690752471514	1.73805050429898
did:plc:ootaw3yqmfd5qy4ipklhkuf5	7.63585729200962	1.57946283260374
did:plc:oouj5xse6knq6qtggefzj6b5	6.9498877778394	2.07404803998672
did:plc:op3fortsbkhm6nosrcnbj4q3	9.22002800185889	1.0050362725686
did:plc:opc7kp6qr3ybec4toz2ahd4m	7.83975499415766	1.69017366248803
did:plc:opdk6ckjf7fp3574qiihcmgt	7.39248309430683	1.93163131040805
did:plc:opfhj7idx7f5s7kcc436ovcy	8.18264801034919	1.59114567871251
did:plc:opfmctecw37vjygvcd6cv4n6	7.49571772573249	1.75123228403849
did:plc:opg735ranvmxlb6r6oju2de7	7.11585939961264	1.76297934080602
did:plc:opiqtppexkchxmwynvuar64n	6.54993936679087	2.55331144584834
did:plc:opkewk3ktscvjpspgcfjdgmm	8.70527237952706	0.616010086575121
did:plc:opo4kr4qr5u74qzz6asagjkh	8.5121459702023	1.58211462970893
did:plc:opsjpoiwwrz7ehmhem5mrrsb	7.79270876382867	2.18812427961407
did:plc:optogjha3u52xolfpylgpdm7	6.63809105454557	1.77851014991431
did:plc:oq4jgbi2n3lke5muqp2tccvx	7.73881353933367	1.92582495118374
did:plc:oq5fub2cnqstrctr22su52hn	7.90715197701518	1.92220863740198
did:plc:oqam6ps2yay2y74dhhkiscaj	6.72774214151791	1.96964466919005
did:plc:oqcyefm6unmpeycm76pzohxu	7.65132922049834	1.7677783252367
did:plc:oqdgyfv3ssewinfoayhgioyp	8.24956439755793	1.38733666621523
did:plc:oqdm6rj6rjcbsr557bxr2iea	6.52586929723398	1.70660296658562
did:plc:oqfmevki5yqhnf3jugooj4ta	7.95811308752577	1.59600905578021
did:plc:oqhejqhljmlu3pganizsztib	5.85978555698331	1.97270932016205
did:plc:oqmcuym3iqvl5cpaxjw4idom	6.98203394363017	2.20574835403552
did:plc:oqmo2ycb2mld6dw25f4f7llx	6.66785303727878	2.04750757762375
did:plc:oqoksnyukzbase3uttllntwk	7.4762755940937	1.52891294419567
did:plc:oqsnatjurit7ai3yiu3gc2vv	7.4648958112655	1.8511606673759
did:plc:oqtbccms2ugr62nwrrrcu2ar	7.7294615547915	1.55111874001601
did:plc:oqv3mxbe5pjpak6hsibh5nwl	6.85818610512473	1.88450754768391
did:plc:oqxoleqsuir7cxrf3ys32pqd	7.42494134368197	1.81654787608705
did:plc:or4uj6vyuk4qnjksjkw3nj62	5.65744222569579	1.87006207648819
did:plc:or4zxspkfirw3zmfsrmwfom4	6.93446300540926	2.32720549446015
did:plc:or6xv3u7pwhvumwegoha7obd	8.09131786486324	1.40918052782399
did:plc:orcgnls6fk4l3m3ir2bwlgp2	7.28444166196156	2.44198004728243
did:plc:orgacswmrl4q2iubkcmsc2pk	7.23511691128138	2.00821373581265
did:plc:orgrwvaydnnqcrbwbm766ocb	7.37125911489972	1.96027360398078
did:plc:orgysap5jfiw3hqgm3tr4ro6	7.51097969115993	2.19229961960781
did:plc:orhdxs5f5o73rqkzthiaxflo	7.2859402729413	1.76354293698382
did:plc:orms7z2p33q5xvx2ncrlpd3n	6.7716068744883	2.088367522914
did:plc:orpjhwukfxaefiz6aztmyi4g	6.30227558317881	2.21586509108794
did:plc:orqiko6qrpyopspp4usnx7li	7.99475928547292	2.09881922893513
did:plc:os3clnftbkhirgsbpgav6eef	7.10361894817493	2.33354835640672
did:plc:os3dt3czvqi5ji4yy5zkgjrm	6.6796412005034	2.02278293145334
did:plc:os4mr6pbwii35dnw5xr6lymc	7.1257093839062	1.9921057616324
did:plc:os7b24l3k2khi6rmpg2rkwqz	7.46967013202072	1.65500042220809
did:plc:osbajhohj63gbjc2ednpif56	7.55720252200905	2.26239338949446
did:plc:osfmj4imld6ysgpowgbhvydt	6.66248063871842	2.23765247580499
did:plc:osgg422kqqodm62s7asxv6xe	6.29694365947937	1.77431671022942
did:plc:osllti3xika7c7m73woikkwu	7.10799375356555	2.22461456708048
did:plc:osme6dov46iy4zwwv7dtr7rm	8.82795102208605	1.33444779401402
did:plc:osqvgzkgrmsmcgdr2tw2dla7	6.96064742959188	2.2852616240398
did:plc:osrc7ccdm5yofhnjqvwv35bc	7.19456090635416	2.40267888590798
did:plc:osrxi53qvhgg7z2wmmuzh7ys	6.95720761936952	1.79114185799861
did:plc:ot5iko64wco6yjq3isgoizgg	8.12460011232439	2.23566629323186
did:plc:ot5upyswcxlt7mmcbti2zy3x	7.76719601480568	1.72119844722426
did:plc:otgtujugtgi5ndwcywwjwbue	7.24835155218585	1.76196477248647
did:plc:otomysmc3zjn2sxcadmra5cu	6.67563270672146	2.11572535028879
did:plc:otou5wo2zhb226wyox2w4366	8.59439010136119	1.4630930159381
did:plc:otqeqnmdtsl6b4w7fogbwrbf	7.31445957322974	1.71047074732522
did:plc:otqtuetur6ie7njhjphwr5mf	7.55237295370632	2.13901601633419
did:plc:otsdidolhzere5kvb7w7if5w	7.65718013647921	2.15099153473852
did:plc:otsgx2h2cc7av2rsgav6ftzm	7.17168559848546	2.10439556176288
did:plc:otx3wyif3ga2uzynefx5twxf	6.79300346258416	1.8723928513229
did:plc:ouevncb57qgevorsqftjk5pp	7.64683375981599	1.60253950766458
did:plc:ouflkydjphpw6xh7g5rc63y5	7.15079384777214	1.82767540366649
did:plc:ougljjb2zdzxgt5e6nz5w45r	7.5579391679738	1.51355788943183
did:plc:ougqihe6wjyrmiiyew2yhk7d	7.84501894802272	1.58793244867463
did:plc:ouhnha7gtxykqf7nlsxqxile	6.77203176033758	2.6826382317422
did:plc:oulaoye36ffniyupeeljrm6k	7.50603685953006	2.13837222879405
did:plc:ounnenusc7uuruxvmdplm263	6.82226607397589	1.84620571985867
did:plc:ouspthqzsoz4mcu5mkfux5fq	7.18268824127524	2.52136617016439
did:plc:ov334aom7bu2qy2kl4bcaldy	7.86677163104417	1.61277871670352
did:plc:ov3ixpbcdxxd4ueau3slthet	6.21489498676828	1.69701583434651
did:plc:ov4gyvjt52ypuvfucskelbcr	7.4632558567931	1.62967868299819
did:plc:ov4syqn6x24iybug2vw552jy	6.32204502512083	1.94725002846649
did:plc:ov76etimlkifipczecbjrwaa	7.43214873666029	1.84694807023651
did:plc:ova2vlpxnjdxlrtmvoo52dte	8.24147736744217	1.43147660000516
did:plc:ovc4nblkrnpoonnx6nnxbli6	6.72812337574252	2.63775544843818
did:plc:ovf5l46vctrnscii22bmlzud	6.62764258702057	2.24883580547047
did:plc:ovh6qkhqq5kkhy3m7widuuql	8.76103900680056	1.08006292573461
did:plc:ovjdfr2fwkpvnyproy5h24n5	6.74778023919893	2.15581536469084
did:plc:ovmjniwxicw4dynij3sen2pa	7.9732610208202	1.64241106353385
did:plc:ovny3i6zymuiojkjr6clrdnh	6.20122574092877	1.90203753889272
did:plc:ovyajbnegrir2ddtwfhijiob	6.65521547584224	1.95499215963121
did:plc:ow37qmuwsv3qlrkh6xdglqxl	6.10497862693521	1.7572434434947
did:plc:ow4ak7zcndcz2crcoh26wnxh	7.54070009003244	1.67940931347805
did:plc:ow767s23547zcx7lzt2td2ip	7.24613799937243	2.17337267241766
did:plc:ow7tgmaps7eizgdvcredvkas	8.20700260123244	1.74578667103717
did:plc:owaeglqenkwbvvhvqfgvmelb	6.86282527852027	1.87874829199468
did:plc:owehlqm4gkkg6qh6rr35yai6	7.46961133294142	1.81571570443341
did:plc:owfawravhq7qakp4rvb2zhgs	6.6692966708327	1.84498523856147
did:plc:owlbthqi6tiz2ihmzyaspfu2	6.37633763583593	2.17451062641865
did:plc:owm5c5m72xw6pvphyfrdwn2e	7.45553242569626	1.87986160068253
did:plc:ownac4h4lbbvzbyd46rqi4at	7.34954762223527	1.76136101499448
did:plc:ownclnmpxk2tqvlbs6hi6fxr	7.40850520405955	1.9994714942421
did:plc:ownlajqkljojjzjvkzoswkpt	6.19198802082121	1.92098037335344
did:plc:owok4gsqlzbnuhc4aki4zbxc	6.71403929106206	1.8785553098851
did:plc:owst3nb4iea7clg4dvwjydpw	7.9099295227534	1.59500024293914
did:plc:owta4btkxilsfzjbdhb7wgip	6.98686088017156	2.46382285421341
did:plc:owzfzdabdo4ymelgbcj2hqtw	6.23715100205493	2.15013114021343
did:plc:ox3qfsfm4klilbc3qshhrm6d	7.37175110813123	1.67064952413602
did:plc:oxb3kmal3netfpfkgkxlragl	7.78445007594279	2.42315420822325
did:plc:oxe5i7ih5hzvts7p4nou2vwm	7.76304908670725	1.69284656179317
did:plc:oxhlv7dhjw7ooyljkjbnyxn6	6.44620413139237	1.8255805124533
did:plc:oxp6vrs5z3txrobaokgwhjwz	6.77217513181249	1.44402069090159
did:plc:oxpdbm5mhkuffceinveelnns	6.79466697584519	2.35629619243525
did:plc:oxwbwtwn7ok4ttn5trhwlgij	6.981876324506	1.70795308053601
did:plc:oy2ebrbjfsmr3oacqe5mbuw5	6.84174484046358	1.90416261101687
did:plc:oy5kegwcqqdvywhefbiu4f2o	6.99016137198426	2.29699492804261
did:plc:oy5q2t52k5i7qwp4dxw3gkqa	7.52309429216588	1.81073164947121
did:plc:oy6o5cug4iv4kd3rw5weyk6e	7.32990435991133	2.06046874396411
did:plc:oybbc4nromxoism6aulk2pq6	7.29981230398841	1.84028422834381
did:plc:oybl65tqxhrz2kudyddnfsll	7.48560504995434	1.90092765408125
did:plc:oyjux54vup6uhcx4qmdbi22m	6.72488293462869	2.27234853109818
did:plc:oykf6opzdi3ngec7l5mu2xsp	8.71040800168261	1.324731052643
did:plc:oym7owtojolbfj2mqvmopq4s	6.61191014960936	1.95445612855839
did:plc:oynzxswjluygh4b6zf4fvraj	8.99293298975477	1.11659048610966
did:plc:oyo4fchbp3yxd3zm32hxrzmi	7.25608144517143	2.13755000599574
did:plc:oypfz2pvwkgpjkv75wuslofe	6.26635628661213	1.76588072857208
did:plc:oyqfwttrjhxakvjcgy5dx6hg	7.69201395232905	1.74392826585338
did:plc:oyukbhdyotq2fbkftubgcudq	7.16745477814806	2.67566964602887
did:plc:oz3h2n6aekrspeyl5p3aa4v2	7.34723713150278	2.67120009821286
did:plc:oz6urhjvrzcvlxrhg4rddahi	6.77239830643985	2.27119649738522
did:plc:ozf7dsdg7nrt45j7d2l3whd6	8.21571443518298	1.74930773852562
did:plc:ozfgunls774db2vjr6ht6j4d	6.75893340124822	2.13678694039454
did:plc:ozgtpqywzbk6hthflafpzl6w	8.72504354519736	1.08510470788688
did:plc:ozifw4b5mozkufkykkhgkmqv	7.14340601517492	2.11855876345638
did:plc:ozjrtpvbu7ibwjgmsdezzf6x	8.18034301710967	1.30587908212406
did:plc:ozlbibl7b6amljk4dams776t	7.04188737006981	2.26870960585226
did:plc:ozmewmiln7afgsvkdwbmq6o2	7.02190620779423	1.74892796823531
did:plc:ozmwkt4ygwt63oropvry7bm7	6.86411595232856	2.00166196276057
did:plc:oznmvr22kq7ommqucsknyqbb	8.10879529447561	1.60706560752505
did:plc:ozohcw5p275oaxegtfo5pfi3	7.51087147860236	2.08782045380821
did:plc:ozotqoljroyn2xnr7glrydyi	8.04931477250295	1.35168166157354
did:plc:ozzmuwazukvfdgjfjveaj23b	8.14514477353998	2.02909874084932
did:plc:p2hcyqrzxxow32qrexm6pglc	6.52695349706946	1.86943831681988
did:plc:p2mun4lbhhv3o3t4rt3bpgha	7.64104530745778	2.24657074025715
did:plc:p2nlzg2erhqlkv255zsmde64	7.84655840355417	1.73386070571159
did:plc:p2rbdy7vux6f6w5hqpyvbkau	6.80590083431863	1.92317024841024
did:plc:p2vu2k6oqs6g5j7zwf73e2po	7.12109779768063	1.9206788347585
did:plc:p343otu4g36xb5cgvhwwhtul	6.96011018814555	2.20185889547449
did:plc:p34bghev6przsthlfjfo2kux	7.21018711980255	1.79918231004371
did:plc:p37yvgssptkspdoanixz2fhh	6.96728254620675	1.94165177063498
did:plc:p3axwr323kuzft7b6hb5nizj	6.9654770545044	1.90186108505641
did:plc:p3cz6b6eb7ujevp7a6dxxyoj	8.42584687978028	1.58562618289469
did:plc:p3fbm5h3k4ak5h266swnjlug	9.16145296059309	1.28790361103558
did:plc:p3ib7heztmnxackcyqum3a3x	9.11425498841469	1.24911839621313
did:plc:p3otcpk3sgdhxdt5x57xzp76	6.46381834892937	1.80381071057561
did:plc:p3w5ewwmiynlljxaqvzqil4v	7.19993586485583	1.95592228488699
did:plc:p424zee7njpjo42ghasxuyar	7.1386777388944	1.86533450263357
did:plc:p4a2bak5pmqawvlqrpd6daeq	6.95615473763158	2.29641043602469
did:plc:p4axlxj4otn2z5aa2h2rxl7b	6.82678492942406	1.86008024674261
did:plc:p4dibcfokrjfhssu7uhiojfn	7.81506360189272	1.92396633523132
did:plc:p4dx7rtnp4lngujhehoa5ujm	7.79530321879176	2.48535949336267
did:plc:p4qkrfgpzreavj2l2u4pq3sn	6.72912112967118	1.93495025367512
did:plc:p4s6hgdufjbaok7zi6nl3xem	7.511103847961	2.18273366174318
did:plc:p4szkjzpify5kkcj7buopj7m	6.89007985439439	1.84532768168976
did:plc:p4ukbfeosbys4zmemavurvjo	6.99035150129295	2.03681105002386
did:plc:p4zrpego3cfumsgpvwbruoqg	7.45442620106391	1.98955121229922
did:plc:p54bdgzesl2xxgv7vwhxhhx5	6.79395857961506	2.25719354975057
did:plc:p57ygzqmulmom4mzwb2q2iby	7.2369884527511	1.82796987059999
did:plc:p5a4gm3yw4mlbk67uaaoygj7	6.82210792021682	2.50164017181094
did:plc:p5emozkj3d7mas3ljtzcu2bl	8.21686184257063	1.18244454094185
did:plc:p5o6xnqz5exzzcl3y6jh2zjm	7.30524851630731	0.12506833153918
did:plc:p5oatvmeviyksxjxjvei3cl5	7.24774185177661	1.97041313790078
did:plc:p5or753cn6daincbedtls54i	6.85766562670167	2.31364330748559
did:plc:p62hrtw5lep6bauj6apaydn3	7.07784360159107	1.64436750499906
did:plc:p63bhdyb6aaaakv74qz5j5xk	6.57540343251396	1.83234048497492
did:plc:p6angzbpluonxw7ngovmt726	7.39120740032972	2.64303405363523
did:plc:p6fbb6ujtl6hnpprse76sdd7	7.69233567384034	2.05917423516775
did:plc:p6igde4nq6qbbbhrepyopqcd	7.07363447550087	1.85819820046347
did:plc:p6iu3krwn2wefuvkoq2jsdsp	8.8709885534387	1.26226457048016
did:plc:p6j7bapl4fa2hsukbpun3noc	7.45564710124393	1.70688020605328
did:plc:p6phcjwkds5okrj5wuuhrxxn	7.29515179902178	1.8415724923321
did:plc:p6qj7tme65uxbiydnlcvi2ip	7.07777362774718	1.91814895109375
did:plc:p6u5nu4l6lflm5uhodic3naq	7.06505927785027	2.3064561603696
did:plc:p6x6t6nfowp6ymxjulyhv3z5	7.49662727877706	2.12174073500023
did:plc:p6yphn2qeeeop7mzhlkap6pd	7.55120448258411	1.096743798659
did:plc:p736diidrpg4qrzlya5mlwhx	7.25311668031241	1.9383928812505
did:plc:p7bdf3pq6brtbfzt3hngyzqf	7.16519215568884	1.9319154165602
did:plc:p7eu5dimo6524ohn7hfhhvom	7.3172483605652	1.79044495747419
did:plc:p7gnw6dyxzd2m5tmy7ucpiut	7.01803463913866	1.65177826994619
did:plc:p7lwzmvvuifiylwxjczoq2vj	7.2139709227479	1.77668389490417
did:plc:p7sllnve2vuep3ft7a5rixgm	6.17658922802789	2.01681093063645
did:plc:p7tip4eomhfgpezpdmsfvszl	6.88518618458696	1.24100706845266
did:plc:p7vhbajdanx5cem5o3srp4km	6.46511005771841	2.28322365940828
did:plc:pa2rsfvtxulh7ghjf77n6mgk	8.12780993997316	1.80242029854738
did:plc:pa5s56wz62a5cvz3kz3hyr6v	7.20606589094216	1.9981722212112
did:plc:pa5xf6ojhnogeeew7igvgwdc	7.07783988910192	2.15085487413187
did:plc:pabcsbinigtxx6eduudntkdx	7.42736986132672	2.50304593721507
did:plc:padeyh3rmxqj3hqru34ond4k	6.81273503935223	2.2686021756705
did:plc:paebtmudt5jacc5bkoe3qn2u	6.81856858390157	1.83912251726144
did:plc:pahnftiji72jk6co3sspftv5	7.16062486655347	1.73475998606164
did:plc:paiqyshzrvkoczk64gqdgse6	6.92425969500201	2.15767792838159
did:plc:pankdlfie7rptudsde7u4q5j	6.04820020478502	1.76583786071259
did:plc:papxxgjz2bcsdipgsgpylpzu	6.45205706724057	1.74160405366608
did:plc:pauxnsljeiofe6sl2wfiep4j	7.88395040561782	1.69278133723675
did:plc:pawyqyxxipg235uo5uekklbv	7.33684010737651	1.92086059728761
did:plc:paz3uw5uczawav3temd7fg7d	7.13734116808446	2.34712455845684
did:plc:pazw2fdvmdfnr5nq44r3k6hz	7.44474891487061	1.89521842774477
did:plc:pb4jteghb2irstlwtkaiucnk	7.59203008927594	1.90127297278675
did:plc:pb4yv7z6dyzv5lp7diunycdi	7.13215378403165	1.83879319421787
did:plc:pb7cnqz3t27zfqvxwrqfbtyn	6.47525705859678	2.33086050429872
did:plc:pbafra4qguwmvu5m2dkjblku	7.34481174103958	2.03674361248551
did:plc:pbdzao6ogtcm76t3675hrmge	6.98683171823133	2.41519287851508
did:plc:pbjqi44zeyape2kbrwk7r3hj	7.99787079204021	1.95922196641629
did:plc:pbporhn2b4lb75ftn3rv5ask	6.95568523089408	2.27672362200618
did:plc:pbrvlghgzbr67kqrsm4hwi4c	7.08279493977309	1.72003379758205
did:plc:pbseq35u6vpkfvpupqzcl2gx	7.29504289888401	2.05098927960431
did:plc:pbwrz2ybafq5qnz3gx6jistc	6.7603385041402	1.8617819806323
did:plc:pbxb4lp67vmagmzum3frlkjd	7.35878667123126	1.55217749903304
did:plc:pbzliunb34vtvqvb3mmopgtw	7.0062812917277	1.98257349546661
did:plc:pbzv522gs4zclbqqhjld65w5	8.0715516993182	1.88740407557825
did:plc:pc3h3a3ydihcbveeqidnpqm6	7.61105011993918	1.97566770653688
did:plc:pcamyjovgoi4t7lchxmkvkwg	8.52822668562489	1.26675838244424
did:plc:pch4brry54vipjbvwqcm4ayb	7.38979684167554	0.652881131093901
did:plc:pcpfbtbddrfx3iltxadym5fo	8.34175872979931	1.684495922229
did:plc:pctudx2pgvdufrvf2jqmnlmn	7.5091017350674	1.84328211475109
did:plc:pctymf2tjqcptpn5co4z4cnm	6.57968025038673	1.7846016808607
did:plc:pcwaln7gs6furokmiacjb36x	6.48478044337468	1.86812671907426
did:plc:pcyou3o5vq644loetf2o6ioi	7.36227360960521	1.89863533308323
did:plc:pd2ch72cl6ckvj752jdncmsv	7.17154607711041	2.18557845566398
did:plc:pdhzcd4eicpthns4h2xpoa4t	7.68358845582468	1.86947472007804
did:plc:pdk63w55pjxmaslrdk4ht6pg	7.35972019457513	1.51394009011209
did:plc:pdmbi5aw5qfbhy5skbttc22v	7.26256899066805	2.22232083764989
did:plc:pds2sgyuye7teeagy7ep4cf7	7.19590110485854	2.40452484259907
did:plc:pdsca53dj3kunfe26yikw6vf	6.05937236597093	3.19368405258093
did:plc:pdtnmbfwcclqeo5zbb2uzkhl	6.67778811365596	1.90786831589144
did:plc:pdxyqseksb7b2vh2i55zk4dn	6.62380666598336	1.89958836899532
did:plc:pec7ibr22ycbndf7ylta6wyr	8.69760260875212	1.55454163138194
did:plc:pecvdadewfbc2kjfi6da2s7b	6.79962023306045	1.66399902945036
did:plc:pecwd7nsl5p7zqjtbsrcv2f3	6.55213027702756	2.04740821698572
did:plc:pekfxdn7ld6toczwiysqewss	6.24236407460453	2.23333884644194
did:plc:penyixkyyokkgctskb3gak7s	7.46029901557453	2.37860252507818
did:plc:pewrgljupryszjdeazzx6765	7.44092977739412	2.10439411051798
did:plc:pezpuq5ix6t3t2ikgdnftqej	7.36149885970495	2.45703276702758
did:plc:pf5odsukl2qfucdk5batvrmu	8.40648843052708	1.36657776907543
did:plc:pfj67p2ca6vregrwemlg6ire	8.72964185384909	1.46263287414697
did:plc:pfkhkvwgp2scoy5ajlvmogql	6.74757059361185	2.48886580591695
did:plc:pfl4bipgjmcnqbzxqeqyfu3p	7.58839640420915	2.12376945973544
did:plc:pfls2tnaepy3d2yv7sab6c6s	8.83854412009804	1.29855915347412
did:plc:pg2bybycp3o7c5err56taw4r	7.76076758493023	1.63804497513446
did:plc:pggzlbv3h75owewz7g7rztsu	8.56200902130769	1.37596882141807
did:plc:pghlpclvmq5bx45krbsjntlf	6.50093079906541	1.94145365311295
did:plc:pgmzerfrsrr5gd5p6qr4wf6s	7.42812262354078	1.8547602048704
did:plc:pgt7x2k5mkwkux5yjiua3bxq	7.24797113903793	1.77397497121262
did:plc:pgviadhhbb3bbnvehwnz3iem	6.49309621752989	2.07200538962658
did:plc:ph53xcnoqdwk7hzifutikze3	6.08979930055582	2.13479618869283
did:plc:ph5jdyu7ua3cezdid5jcrnis	6.73646552395747	2.05375849263895
did:plc:ph7eccedv3fohnay6wsrricx	7.74884925292524	1.45788047231899
did:plc:phhhprpll3ynbhxniiacdfcx	6.31970108791053	2.11351815748558
did:plc:phmo5d7hdxuprtosgzvwglvs	7.59046488857173	1.6829638269705
did:plc:phoeuobk2oxajp7qkdryfjwo	6.51169866649479	2.14172787929551
did:plc:phytvtgfs3penxe4ochlj5aj	8.29257609428696	1.34940937655689
did:plc:pi46qs2pz6dgrmeq3wff4vzu	7.65849522332363	1.63201855399391
did:plc:pi4dq5e5wgm7guqweb3fafdn	7.3903387633678	0.509226070388725
did:plc:pi4hrc4vqcuonsbskm4h5ok4	8.28701154720501	1.41227445026971
did:plc:pi73zhlyokymqlzecavui627	7.93089185300765	2.05593751233502
did:plc:pimrnphejeryt6q2hghvq37f	8.52201933817388	1.17083533216607
did:plc:pincuh2ej5lt4ytkwbuqmnf4	7.07731219077052	1.72130374237149
did:plc:pinuo4mqnrzszwqqrppciidv	6.99420609787099	1.81206172703986
did:plc:piqonrzs45jcoeieb6sbyowg	7.74564595033013	1.499860930296
did:plc:pis3ks5avm6t3t7mijhqlpnt	7.37391115535333	1.69417672974843
did:plc:piudkqnum2jxizjcpd5z2m7q	6.48242980506303	1.9152286075646
did:plc:pix6ha3yothn47kejzpzsvsk	7.02635033493497	2.09410806157512
did:plc:pixgimpdst22ygipsrxs2k5u	6.99278108806528	2.05586794167915
did:plc:pizooz4rl3v3aqhjrfnacf4y	7.09218101318104	2.41954738375611
did:plc:pj333yvbcnxq3o4uigy36bgf	6.76962759955336	2.08440474048556
did:plc:pj64kvglagmcewsavzs3fyyi	6.82935714883976	2.18665469994992
did:plc:pj7245vuesyheduhwba5sc5u	6.44879835769411	2.23949068484158
did:plc:pja6wmm4yzz273c57invhvbp	6.77060634514517	2.14382097814748
did:plc:pjaba3cfssjbniynp4oriw4k	6.50415957914106	3.29999037912507
did:plc:pjbzmws3y6rnpzjscl6qb6tz	7.15173679276334	2.01508591265025
did:plc:pjc4otydagg2kmawglyshrup	7.97289833871823	1.4347423407282
did:plc:pjc7s2skrvgu6plhhpcsogsd	7.55242855427087	1.47022256539096
did:plc:pjcvwrvlsdzkxrjhu5ywya4b	7.8740580932138	1.866218273535
did:plc:pjd43exog5mscgzhwtqgr2zn	6.87527557906425	1.91481413760078
did:plc:pjg3kyzwwiabdwe4ns5646cd	6.5139494720837	2.58413013874639
did:plc:pjhftro4hohgstv4mlzmxecw	7.19180400882757	1.7421382782745
did:plc:pjj4a6zvb6baip5zhub6qnu7	6.63803613408934	2.24303410366276
did:plc:pjj7xibp7uxnqwupqos4ppnn	6.30489987270392	2.29087916405103
did:plc:pjmjhtrckx26dlry2kvcznow	6.5870170182159	1.75884537684948
did:plc:pjnc2avaqyzgzrhb52zext4m	7.66894518098334	1.67371372708915
did:plc:pjns5tdppdshci32emntz6hc	7.43443733640426	1.60312034831315
did:plc:pjpsuaba5e3666cwjo5c7w7h	7.65727457701638	1.96752982326616
did:plc:pjrhztwrgir42t5r24onvq67	6.8851126037307	2.17038312050671
did:plc:pjtf6xybdttxwrlkxia3yjw3	7.83164388788024	1.59590198843117
did:plc:pjx3hdwxl2qo3cuas44rpgwi	8.85815625003782	1.22833250680298
did:plc:pk24ejheuylnzlj6fv2b5vbq	6.80410848905731	1.69117317161209
did:plc:pkd264vduwpl67wsshpwnvjb	7.69886139347973	1.76242251860997
did:plc:pkia4faelxqew5chjyl5kyxd	7.55957809451588	1.55863489204319
did:plc:pkmog5aafaylxt5zoxbxrfyi	7.43323834815535	1.74773148677084
did:plc:pktrtiukez3hhkhfv6vzzzir	7.35563419289231	1.03488549112089
did:plc:pl2szgv3wcafjiil5hosy4gx	7.39114679614265	1.83810480086602
did:plc:pl3brs5g5onwbsd7yhoqx2fy	7.40231684576281	1.69360620963279
did:plc:pl4yq5citqfjlvmilktybn6w	7.78520491380566	1.45054536558612
did:plc:pldtqo5uzikrx5kx4fazcrmu	7.35994831749194	2.08597199185101
did:plc:plgjd4dkx4aoc32ahy4qqf27	6.6773260524459	0.133953767361262
did:plc:plgma5gh42bzbunsbg3frbio	8.83513657069322	1.29403583235275
did:plc:plkphyooft3ji2vsff7ipfhf	7.05888963271785	1.85381820406747
did:plc:pllbcbt7vohftfakoejhuke7	7.11694530719634	2.01192451442076
did:plc:plodxblfqvyiakbwq2speohp	7.7482395141923	2.12543022731148
did:plc:ploiegd6lasiu2vzocgdknab	8.51983690152497	1.55565194366966
did:plc:plqzskglvi6sdpfudounx53y	7.31359395045206	2.36125979470964
did:plc:plwzx6qlaw26xvn7s2aq6uuo	7.71272967517544	1.9114794902058
did:plc:plyeduqd2lxjs5qawsh7dwdv	6.66606140891239	2.2675195836465
did:plc:plylz6siqjxoutfgfg7oaztt	5.97203838036085	2.09138448638521
did:plc:plyo2agerjg5i2bgmnuxm6xk	7.41580587528635	1.92140233831203
did:plc:plzrvnzho2xchnkbmgtngn3w	7.49249605659768	2.029871156011
did:plc:pm4wjsganxv6igo6cgbwgbo2	7.68440769086644	1.6628937409577
did:plc:pm5clghb3so6uqwobus5hf4r	6.9286114087281	1.78387192380756
did:plc:pmcbkktdz4z5fntkqmw5nwio	7.97729845336034	1.69782440161677
did:plc:pmeflkkyoojrxrdk36tuo7qt	7.07405585200294	2.07340182610313
did:plc:pmhgcc4eb4bmc3vchpfutwjm	7.72924677853166	1.67608171366688
did:plc:pmmdjvvihtaec2rncwhyhoge	6.97279271942961	2.31981227238973
did:plc:pmmp7irwts7faw56jdxk3idc	7.31377225991729	0.895745134323739
did:plc:pmowtknkfak5v5katnswg66x	6.98794200562486	1.70640655563627
did:plc:pmqvbxjoyysddoz6o7yr7yw2	7.07927642785637	2.01237466401606
did:plc:pmu3r4rvhdilu2klq3ywhdh2	8.23997848820628	1.71929565437091
did:plc:pmvee3e2nb5va43ayzt2nm6r	6.57445524884278	2.55974094270888
did:plc:pndilsjvudpbpy2kxruimfpt	7.20635915062219	2.31506884862088
did:plc:pngf7dywbvtyrts35kb2ie65	9.02462652923174	1.3284879593715
did:plc:pnk3ia2sv76sio4l3acuj5ks	7.92899433819264	1.73303334681267
did:plc:pnnjwnahbr35dii525jm6ur6	7.30730093229087	1.68918488690931
did:plc:pnpvl5ezvci5op4jhn4q2uto	6.31682429659222	1.56983512671153
did:plc:pnzmippp37mfsbb6wwb5wx2r	7.56700649345097	2.23731686795883
did:plc:po5zao7ffpi5cszwvozsrkqt	7.8130304697261	1.83401824140395
did:plc:poauwqacllpa7liel57hohon	6.80685331222638	2.32592096450381
did:plc:podqki344ds72c327dsglkvj	9.11867560208519	1.20942891356947
did:plc:pom7mbtngugoc4x55ybxouo5	8.31629470018043	1.60494376660142
did:plc:poowmpd5q5xlcn2xnmif2hrf	8.71783712451455	1.32783757201079
did:plc:pp5mfn4nrki3phmiaxu5yln7	6.93848961314878	2.75575827130581
did:plc:pp62sspgyhto4sj4g5gq3jwv	7.72582425020968	1.57178640638117
did:plc:pp7qc3ypyatcujrg4sww45ww	6.67573044515116	2.12179147377414
did:plc:ppbpxuibcqykira7tcqq7qgr	7.65404168657558	2.14544196579737
did:plc:ppdkcojuj7v5kalrrz5ehrdq	7.26897359541783	2.2228015817466
did:plc:ppesrg73ryqcsehjqkhypg65	7.44813615040621	2.0196925211445
did:plc:ppf6lgv75thgzey6gcxc5k5z	7.31820917664487	1.68656906702688
did:plc:ppjfsnf3rutooicmskyy4crc	6.48576678538068	1.82939771331755
did:plc:ppka35av35bpvbcbxru3n3dc	7.01142799000272	2.18463370366127
did:plc:pplth67jdkmhu2xt5g47drne	7.05357711338972	1.87747911424523
did:plc:ppqkqg3sko4uu2sskmfqt4yb	6.73295910894839	1.90600600347065
did:plc:ppqq7xdh4tzfwyxsqiq4nsaj	7.06215867897492	2.35811195252471
did:plc:ppr6o6ogyojxayduekiir5cn	7.72753359521743	1.81651753300015
did:plc:ppvyanir7uwyyjeft557afaq	7.17267702026251	2.07302976865931
did:plc:ppxds2kcquwkyx6dmuvrv7g4	7.61276212113601	2.2400104656257
did:plc:ppywarxwgptdikdd3imzf5lp	9.16036488837351	0.99960241270078
did:plc:pq6m4nmg5tjztayaker7xu5h	7.86360232607972	1.24740260155483
did:plc:pqccvay7bly2zxyrx2q2np65	5.41841779766901	2.12651214818636
did:plc:pqedhf3swu6powrth6tu4emb	6.99613348494576	1.83459837452783
did:plc:pqfzgn3aarlmxepcvnffbesf	6.17152128902214	1.92314910749629
did:plc:pqlb2aout5twczaexpnlgmqy	6.90651977083063	2.28695231343986
did:plc:pquscoxnynbjpo7pb2662mk7	8.21260905854538	1.97279456800479
did:plc:pqytzr6nubquyx4ukqsqzeyj	7.38199429958287	2.05001738630769
did:plc:pr2hald5jphuh2o4fmbou7b4	8.11423285109261	1.49182659362594
did:plc:pr3paka7lmxtol7cphknf3cj	6.71965622726602	1.89872022065437
did:plc:prflg6towkh56iv5l5t5qzmj	8.97439447349982	0.618897259178479
did:plc:prfqkqezaxxcdndnyophbq4y	6.69639742317301	1.78768309653151
did:plc:pri6e2ubfkolnnhgax3rhhts	8.40779271362567	1.34789407481784
did:plc:prmc4s2thf4nhfjlsqdxmpqm	6.09123352834544	1.76989747168737
did:plc:prsxvwbhjwpnpnfr3m3crcy7	6.76955839673997	2.64358898988249
did:plc:pruiueewvzesklle63peqvtl	6.86994239560995	1.61879092886331
did:plc:pruw3xmfpb43kdkbah6fpbg3	7.94503187530703	1.90892618086383
did:plc:prwatrat6amfbpiiopzhdkrl	6.59660643086335	1.95113631195904
did:plc:prwxcyg6n2ml2msou6z2tsoa	6.923146938403	1.97849174300908
did:plc:prxhccrsasr3w7uo5yltrxqs	6.69288435168526	1.82013604016213
did:plc:przcew7gy3mup5sv4kyjevl6	6.63561610313851	1.8216644437359
did:plc:ps3nwd44aux6nngdyz4xazyi	6.93461791234648	2.27256674257334
did:plc:ps6xchwulzphak7id5tpc5kn	7.73881475780016	1.68430817679636
did:plc:psc5aefplmlcmnb5r62d26tu	6.58501409943844	2.37177135399027
did:plc:psjhx75eoiolxwtqfgh6nxwy	7.73776298551367	2.10033641216119
did:plc:psjtt7fhnwkeizy7q3rjr3l2	7.03386425212217	2.09483622187034
did:plc:psksp7yk2vhdu6xbqi3sqqq5	8.63416843783886	1.55203722508426
did:plc:psm6by63ogocazgwrygkvefi	7.72660585224429	2.11241639880971
did:plc:psnjo4sajhs3aojsmbmizuch	6.39125665454574	1.63903553702778
did:plc:pso4hooci4k5bh6rtebyukvt	7.16141381192142	2.27554953602179
did:plc:psvscbntu3rttnumm5wabvnt	6.80031396782328	2.06510683973021
did:plc:psxmhzgmpv53mwvk6degncnk	7.08214076295252	2.09994636004296
did:plc:pt3yg3qxznzor63uayczxvxu	7.6888108641156	1.71302189113744
did:plc:pt4i4h5hy4yfvea6tdfyt3qx	6.26220235431127	2.03727359244839
did:plc:pt5o5il23o2g2xc5eqfldlws	7.79747607011174	1.77851412249644
did:plc:pt7s2u2cdeod2rhho76t5shx	7.06606257577049	1.98472589691242
did:plc:ptbrpmgazhyf7nc27cuvgqzm	6.90739357734548	2.20515826247902
did:plc:ptckvu6da253tfy7bq3tpqey	7.33694165695944	2.10839347490685
did:plc:pte2mp4ia6v3i6ymqxbvmgft	7.09177407166308	1.6941154530869
did:plc:ptf5ayt4msn5gkgovpvg7jub	7.76047967502619	1.9183387893463
did:plc:ptfdhyp46vbiifl6vno4uo46	7.40821311264804	1.56664215158802
did:plc:ptiq6qhhhkijzw5vy54ffhdz	6.55100389072983	2.39822490359763
did:plc:ptmfm7veb4u7xfnvoisu7c32	6.70124104619282	2.69929139643538
did:plc:ptplu3ev3kip43sermcxa4bb	7.18283125083978	2.83248766050521
did:plc:ptv5xyagipwsmpxjxvj4plyp	7.06166975143984	1.86857750360084
did:plc:ptvvyhwewtghlod76ds7j2pp	8.10524110365194	1.38649177663071
did:plc:ptzflttudpqcrf44hctiiylw	6.59001563511263	1.97363420333564
did:plc:pu2c7ppkvglm5ckgrchgso6q	8.32019751016829	1.58365344123761
did:plc:pu7hwdchu7uciu2qntlannma	7.78655497443388	1.67402691675882
did:plc:pucdjajhorfsevav4mirkxmu	6.82690774974256	2.73480539197452
did:plc:pucm3txom7nytzzbopogacgr	6.50562222365725	2.5143597416421
did:plc:pui3eohqkitdiz4okjganfti	7.29935197231452	2.08022154826158
did:plc:puwyopkrt4thrtx5s5unxhie	7.25233860012083	1.68643546760281
did:plc:pv7az6au5t25jt4nyikz6ji2	7.26017005295866	1.99869188874912
did:plc:pvf3tqdkt6f6bamk7mbffa77	6.95293257235313	2.01317446732422
did:plc:pvfysmbhcxbtkrqdw3kwl4gr	7.41755014071628	2.0145560562596
did:plc:pvvybxvy2vwwpqf2zisvmlif	7.57986347822905	2.118833123608
did:plc:pvxtx24lufd7c4k7zmhqfnqr	8.14396494861308	1.68048955678097
did:plc:pvzjce57zbtoanzoednixxo3	7.77570575402053	2.00221008842519
did:plc:pw3no2keggnxallwi2ev466e	6.92261486480295	1.83577219739622
did:plc:pw3oy7gig5xkvsonfhh4ljcy	7.40819725616916	1.8301061274128
did:plc:pw7pbpp6pktso7lzuiz2lufs	7.23572125892185	1.87678176557565
did:plc:pwd6s4nlqs5gni4w5skghwkj	8.22823384444278	1.69821312462429
did:plc:pwea2zih2gbr5obrvyejo5rp	6.89423952408065	1.77799855134742
did:plc:pwhovuy4diehwyvdo2ontmsx	8.91656688697057	0.927210388156278
did:plc:pwogp2dyt45q4pn7zu5nh2oj	7.35208364783424	2.36620418703018
did:plc:pwuduvppwyyzw7zunnaxy65k	7.57562175851278	2.05401812026769
did:plc:pwv7yd4rr5fj4xlcskkfaemh	6.77167546878049	2.52504257830167
did:plc:pwvk2kl6rxdgdjtp45yf5xam	7.20840059965815	2.35283622896926
did:plc:pxac627v3j35liib7lk5xyhd	7.87166136158204	2.32852253952225
did:plc:pxcgwpeyplq2psuiez56dqty	8.61492084627551	1.31269417271315
did:plc:pxcu4ykvv7s2xak2rj47o3a3	6.57092619790539	2.59235068681199
did:plc:pxdrxyti4jxlpe5iv4mxql3t	8.24882455309587	2.12930616611494
did:plc:pxitcedtdtl5i4c6eatmfncv	7.82364651289237	1.69836570851375
did:plc:pxl2bh3armwgb6n7tttpvjbc	7.72441659087619	1.687861497553
did:plc:pxozvkfufk45lrowrv4vq6zv	7.53256183097737	1.80798206785093
did:plc:pxtij2qjei2rqcj746sgvxs5	7.74834573151597	1.47569178534265
did:plc:pxw775c7kqs7ywlzbdofvz75	7.16637038554166	1.88088284525668
did:plc:pxx2ketli6utsm257forvnz6	6.45007044452584	1.89845599253541
did:plc:pxzcwbhx6t37hhh4bz6jphxn	7.5207577438875	1.88002097876492
did:plc:pxzfje426nzi6ptywdwnvfm7	6.81624627231859	1.97508340067851
did:plc:py2ujkzl45dgfnco3vki7tel	6.74210271547309	1.70464872254995
did:plc:py3j27y5imzunxesabkkum3y	6.91344408198919	2.03334309880697
did:plc:py5sbzlmjh36fptes7sxvj2e	7.18897205008165	2.02961769272052
did:plc:pyhp5khlbfm6f45fyosfw7gj	7.62703490163906	1.89516710722877
did:plc:pyifl5iokpzc7qqz6ok54rpp	7.36708811000993	1.77331529773585
did:plc:pypgzxmgk7yvkw3gfpsfnven	8.548381272674	1.52183720759519
did:plc:pyyjranwyjerrukcazshrovb	7.59006006770628	2.21564964864353
did:plc:pz3sfns53xzweexmdr43dycv	7.84784292804672	1.52300355046621
did:plc:pzcfvbczcvxt64bakuoe5gcu	7.68496782854093	1.79294649766129
did:plc:pzifrpuncfrtza5fxjailvh7	7.10605328192648	1.91083325940891
did:plc:pzkunl6k3eyy7hivckycmzc6	7.46143363234476	1.73677623719006
did:plc:pznuprnwjn5yfyxwazywwafx	7.12548623470317	1.84547553269495
did:plc:pzufb67sl6qdf4nslniy3j4m	6.8432748528344	1.91760608684343
did:plc:pzvgjf5s3axwwqurr3dgnbtf	6.92890753770649	2.52235227852736
did:plc:pzwk2srka2ym4lh3twt5ipry	7.89612618004327	2.22416702457755
did:plc:pzyb5gmwatnu4eej4sqiky72	6.98218911676447	2.33039606394292
did:plc:pzzsglarxc7n3escjg2kituq	6.96272459115549	2.1620194384604
did:plc:q22bgfoh6xr7lbx7uneia4wl	7.1904834176699	2.1511517681362
did:plc:q25tg5qy6kzwtuecpe6b4shw	6.5348288034217	1.85463324511976
did:plc:q27ohhf2wajraefcztagfrf6	8.71052851155118	1.26711316977888
did:plc:q2cmg6npu4n4ibsxnud5xs2g	7.47907893777242	2.29468578504317
did:plc:q2djnzi37f224ssjw2h5aubv	6.70267201413891	2.1388912138565
did:plc:q2edrtvxywmrhqbgc2txd5v7	6.30375496280921	2.25384458718454
did:plc:q2mqyxnmrh3qhyegyhahubgq	7.31846472734616	1.56693259368872
did:plc:q2ntq47f2sism6egnjeua2ng	7.09129865170195	2.27397693884056
did:plc:q2wopy7pbys42wxdudossbn7	6.8973068739445	1.82222562921996
did:plc:q3bbdtxch45wvfxrxpblphxn	7.3614472534275	2.07868083048427
did:plc:q3d4rk5ya5b77nfzkjmjz373	7.6117864668637	1.82938554014936
did:plc:q3d4wcaki4tsjeeewekm5o5p	7.42856199027973	2.47662831914444
did:plc:q3efab5wpremacdxpxm5isjx	7.66702506349361	2.51018041870903
did:plc:q3m56ez6jd4oxow3ttou25o5	7.44604397194599	1.80033458650618
did:plc:q3plnrictp6chztj4amdywiu	7.79268440356459	1.88133336164479
did:plc:q3qvby3abcdce4jh2r6vaiaj	6.72561650750086	2.62424312053716
did:plc:q3saoa4bxdnhzlcwrubrrvke	6.80336693157198	1.79099462183939
did:plc:q3zls7wdbwlr2ba3b4tbnkez	6.19331890171762	2.07980553700671
did:plc:q45hg65fsqayxxbaeevcbg4i	7.93901421999304	1.5661031259811
did:plc:q45im4j5dtstg4tgffb64k7b	6.8659044047218	1.93297580931751
did:plc:q473egmmuhg3vxjenur74wtq	7.37822479465044	2.57922553363267
did:plc:q4bqzsezbvuqdbcmxtlr5ya2	6.93823426828467	2.09942441507102
did:plc:q4fbablvq7plug6bflb5veol	7.00842856608828	1.83199931316335
did:plc:q4iusvpxnuecy5prjzkofce6	8.27212213944334	1.26635175821648
did:plc:q4kgbqbx5a6elb2zvq3xuszk	6.8911843301281	1.99839528826387
did:plc:q4m5a2pfm5piz5d7pr5qlh5z	6.4076757142931	1.95574041833297
did:plc:q4nza77ypns5iurjztzuv7ra	7.49602891349389	1.69449330347649
did:plc:q4ovgljecfxpw4rh574pvqxz	8.58239199403697	0.945125559268265
did:plc:q4phcj2j4p65r3oa6z7z5tkw	6.41206660940797	2.0868145028665
did:plc:q4pzpfdhidqgciglru4akcve	7.9233659199895	1.49953941951273
did:plc:q4q4cjhwntezd2zakswaxd62	7.21107997276585	1.70951142435057
did:plc:q4sdmf4ic6gzvkb57a34hnyf	8.0734225386092	2.07182189255682
did:plc:q4x7wd4tiguthidrabs76pfw	6.66853005477089	1.61866710024531
did:plc:q4zinxd2zqosgw24yecz3wzh	9.19464939828572	1.19225609463061
did:plc:q5c4ajs5xh6rl3p2lnjtvmcn	7.01328208892601	2.95867682891509
did:plc:q5cr34dmwtwocfqd2y72vqgz	6.73060316778389	2.19754457478711
did:plc:q5imkuryb7nfgdab4moke6kw	6.81359636201466	1.9537205230745
did:plc:q5oh2kx4lmagx7fj73dlkrun	6.64174186105542	2.41035300838928
did:plc:q5qbhcovmxwfiefxa2xlbd2o	7.43326470342602	1.9564277853589
did:plc:q5sbyhlixisgvkxgejtlgsuu	7.73913626578322	2.27532410436019
did:plc:q5yaq4lb3o2qb6vawk44twd4	7.6985806064053	1.73646847706742
did:plc:q5ywx4qvtsrhitsqiakot5ca	7.56405960137171	2.30115006464071
did:plc:q5zcyvqh5k4e7neny3ynkbg3	7.13205823372902	1.82307292726254
did:plc:q62aczqvpqwdowfadw27e7ie	6.79406586754267	2.03402303043161
did:plc:q657motwq27qsw7vp4whuv6o	8.50652500805944	1.70064005303638
did:plc:q6ajchokyl5fvzbvzbmt2ljo	7.14232111732133	2.43416711890253
did:plc:q6e55nbmxg3tqfu44i3d2r73	7.96326694144775	1.98801365227179
did:plc:q6exbn63tqv36d7ukh7466ht	8.95472670743097	1.10888039315486
did:plc:q6huxztsgz6x3acuoz47l7h4	7.31302537698706	1.80574597164715
did:plc:q6iorid34q3ssp7f7j2i22ug	7.18690845081923	2.04958601518435
did:plc:q6je3qkupbi5igjhon6lkfnf	6.61320580067872	2.87495979746859
did:plc:q6o23nfsuxfxjplfvibrgrkg	6.84553095025365	2.57598602914448
did:plc:q6pbxqoy7x77gvtp7gmz7kqp	7.04955047638123	2.05336814854037
did:plc:q6qkhcde2ftfj65m2wqsmjyq	7.02876196982366	2.22250300975837
did:plc:q6tjlqhgki6spkkrnxo5dt7g	5.86686785845605	2.09539017531482
did:plc:q6yvlxzykzn2p4trzy7bfodv	7.77977276328411	1.50973359797317
did:plc:q74hjydnmcvlpheh47zmpiwd	7.25304389544413	2.10719519044871
did:plc:q7gjfyq22t5lesjhjx4mrq74	7.07635279962445	2.42064096327061
did:plc:q7irgrx4yhkzwrfeskl5brfu	7.44832507755472	2.03215062247832
did:plc:q7kgjgm7blpouckr3wqrj5si	6.98979612260275	2.20458831387917
did:plc:q7nnkvmvu4xuejaebfidwsxf	6.62463950585667	1.85020900940458
did:plc:q7s63wqps2zi7wilgqv4362v	6.49823249412702	1.83419386777461
did:plc:q7xjkbhzrt2zcalvz7hhbh52	7.03394606712443	1.9423991428642
did:plc:qa4x3nb6s75jm7mi2v725gxb	7.28593407908763	2.29485808214661
did:plc:qa6puf4v77yioiq5jz2wgyj7	7.41474481552742	1.92681518225369
did:plc:qa7jfu7ferrncsu7npia5qz5	6.82584095059886	2.01995845562902
did:plc:qa7tlvvxyvkszznf4wyehfvn	7.59521644343119	1.98690766473316
did:plc:qaaorzcqxkaurkcr6tl44dtv	6.86153897352542	2.20719228196861
did:plc:qabhyddwdrzmldhgqpcm3eux	7.92809862111137	2.00283481433
did:plc:qadz56w7pgr5nzcyllxmbmhe	8.03890829482501	1.6316884824474
did:plc:qaifdj4xnq7t6tnyjfwjnmke	7.44411992305548	2.11197631835327
did:plc:qam2ty45g73dezhfuiimbm5f	7.37812686769787	1.92431934569112
did:plc:qanua3xjwei5qlzws7ttg6ei	8.80459375774044	1.22756261405226
did:plc:qarneunzwug62hszxbp2p7vv	7.51285318263865	1.75408488734059
did:plc:qat75vguhkwocnkwlq6zdmha	7.72177458763986	1.52583544725575
did:plc:qavnsrio43snamd6ou6bzh43	6.81736190019522	1.90891732340338
did:plc:qax37cafu5rjnhsasvc5ukxt	7.40143039280019	2.10041735698917
did:plc:qaxlhd4yonmulylp5qxu6gax	7.9148331175823	1.62636971069469
did:plc:qazt2borqsndmop72pxmlsdp	7.45697308781959	1.62733308088606
did:plc:qb4ocmbs2bm3zqhapfrjbd4l	7.04585824267116	1.78226189911303
did:plc:qb5xxq7k32ucj4zs2uqgdlnl	5.91153562616517	2.06352825420345
did:plc:qbbzxyfyh664kijq2g5h3sol	7.19617403329267	2.62154310195545
did:plc:qbhlymviv7w2jrosmh63ncke	7.17817605851734	1.93096350022442
did:plc:qbxrqkhbmijbek2yfk6b5l2h	6.35538049291957	1.86881356917937
did:plc:qc2jqstpimfgbohevc3cw5lm	8.60610012318319	1.17517036764137
did:plc:qc4i3vngyhvcvb6usotwa5ak	8.32430425659057	1.2751335740711
did:plc:qccwbflpfhwa5gmqcmxueejj	6.49554336944492	2.21712229386907
did:plc:qchre7frbiybp6tudahlhu6x	7.95348374487135	2.04144359570893
did:plc:qciby6o55td2fej7rfr54lbn	7.32127461324113	1.80586700467951
did:plc:qcpnd5dlcugj64oqpeepvzwc	6.63167913901305	1.9912809121945
did:plc:qcpqyhexu5rmioc7lrre762i	8.05400102795151	1.98693081399022
did:plc:qcrh3xpp73ko42pub6yjqcyq	7.61473857590426	1.6530045832628
did:plc:qcsrkepu2pbml7zr3ak64a7o	8.21082415409022	2.02966799953126
did:plc:qcumxnjbtxhrpsrtn5lhglkf	8.17919107155996	1.75775066185418
did:plc:qcwo7x6z6x5xpnv2zmfq24zr	6.98469759922688	2.42494679941265
did:plc:qcyuojhew4v6ewlepjtifvva	7.76771434455393	1.9596612983627
did:plc:qd2y5vtcb6fglnjtjqkgq4d4	8.33055055483476	2.00077848960425
did:plc:qd7sjmc3bawkpkbbsqe2n6qj	7.02667671948116	1.96284940287458
did:plc:qdbgatxbixiz5xgg2cyyoheo	6.6368536419892	2.12527978247565
did:plc:qdckdd46lhfym3otdu3wbbtb	7.94148675224266	1.50527091260832
did:plc:qddlnritc7dhgdlwqblfudbk	7.90248626735291	1.61977913609876
did:plc:qdg4de3kz36qk7x7apox4mvf	6.69821746289644	1.85910902354569
did:plc:qdizq32caxavsujjb6omjvqx	8.20348349634604	1.80416201826575
did:plc:qdm6etxye3rg7745hf2wv5ua	7.97977333775629	1.4498489392983
did:plc:qdqd4qoohxwmrjgkxdvwva77	7.30858119965142	1.65744210550708
did:plc:qds55orfjlqxu4mithh4dp5k	6.20744746656771	1.76736056367349
did:plc:qdsebb3wjmaubxwalcrtyvyq	7.3119844108813	1.90825972871292
did:plc:qdzyqicklswaerbodtul5lvu	7.02752186329877	1.87148577889232
did:plc:qe6vunxqk4ya4cdkdocmgslc	7.07597284655471	1.87199016207747
did:plc:qe6wmacvxfmj22d3c244rjsv	6.15567165943148	2.06261463935304
did:plc:qedozxphqkcn4ct4ycx2zi76	7.22302113476914	1.18690470173392
did:plc:qekxmnvetmj6ttkxvvxgfpqj	6.90217652743234	2.27178347089753
did:plc:qemv3qzkek44lmgbimpayiz4	7.96516121802098	1.40236073382854
did:plc:qenj73l4ue4ywvv3fqnrguoa	6.82805122747979	2.02568776886714
did:plc:qeqdhkwxpmlnqql3j3x3ap64	7.74039623553032	1.66663593959402
did:plc:qesrmdrvuhcuqco2pckkzl3x	7.71189820420182	2.1790122745361
did:plc:qet25pm2c4vn2zoembiqokud	6.60873562783307	1.95206728337709
did:plc:qevfbuekkyu67me44bxao7dg	7.45959948686989	1.58437370689949
did:plc:qf3qe53lfc5w5amfazzxwgk3	7.48103651883016	1.33867011587318
did:plc:qf3rusppfnra7bayjyrqzauq	6.56495334448032	2.1671109701759
did:plc:qfd25sfwkpm2gkzuqfocay5z	6.61968930853049	2.24343758041656
did:plc:qfhyobzudnsnpuzrqc2p7yt2	6.79813394730463	1.84005840867541
did:plc:qfnffluokbdla2wmgoifmntt	7.36936388877241	1.84594042128004
did:plc:qfrsg667epcr5foyueehjxxf	6.84064392580722	2.20952823540719
did:plc:qfunjzgrfot646rkxplvug65	7.22461179427481	2.37089968073287
did:plc:qfx5tvtzfrvnby5l4hphdumf	7.25394936356369	1.94445389965006
did:plc:qfygpi2dqnplr27v2b2pmzjb	7.05167965432784	2.34620678569766
did:plc:qfyocg4ytkladnyak6l5f7nv	7.58991605606767	2.296494980783
did:plc:qg4odcglzr4w3hl4nkv2rext	7.88685842736628	1.26276724442322
did:plc:qgbpcdexico25ox2dvdfltdu	7.56990729148638	1.90754435382062
did:plc:qgkayazxl3jbtb6vhiz5ixfr	7.36937279506047	2.10229884651297
did:plc:qgpwepbneh3iry6lx7j3qki6	6.43867320646797	1.49801114451274
did:plc:qgs2pn6yeykdr7uom665tgge	7.20592372335791	2.03829929190155
did:plc:qgunaom6akvc4cajk4dhxwym	7.03364138647684	1.77936099594977
did:plc:qgvimoppuuyb7q3mop3uufxr	6.39208518115728	2.54804495857062
did:plc:qgycajovbh3u4tda7mromgu7	6.67129769658353	1.88312271477756
did:plc:qh2f5wxvddblecworm4b5ubq	7.29779387156156	1.58786818191434
did:plc:qh3tk6xrprtjj4w4vgkzktsw	8.26148725864348	1.29620596437477
did:plc:qh773gpzibiaubzqky253nxl	6.80864376955007	1.74732072696634
did:plc:qh7aczgvexfgel4sn2z3jaba	7.59654143595254	1.9126914469079
did:plc:qhojnel2u2g4k4ybqea2z2xh	6.98512821766337	1.80416847243657
did:plc:qhsqrbjj3g75lr4ubsx6hgbp	7.16774251323282	1.94316224862286
did:plc:qhvtsmt2cwgipnc46zzlhu57	7.65435057764288	1.75078177745604
did:plc:qhwaaftbnk7lid5mbtalykyu	7.0094673433012	1.87770273142449
did:plc:qhwf22xsibigncj7j53mkkp3	6.97349708386356	2.2518208644217
did:plc:qhxszpk4xnf7smrgd4hqlsx5	7.18840033770285	1.78227180301185
did:plc:qhyedsywcagmpthrd5af475z	7.56740220280967	2.27319980615089
did:plc:qi4e3sakyina2oljjrqauef5	7.11812687014039	1.71605814877614
did:plc:qi5tqyisvzuq2empgl65bfbb	7.328207806376	1.70592798416105
did:plc:qicyz6rmujr6jb7i2mfv5e4a	8.16853575258457	1.44320276787242
did:plc:qijvruj7e4cj74n2ic3jdlty	7.93590882030965	1.97329170498455
did:plc:qikorsmacc5gpdatuokd46su	7.89341155388093	1.36994075486251
did:plc:qiljn4lpzw2egrjho7xj4ovs	7.11536434866871	2.42419186771728
did:plc:qiqreqywru3zlunvduzw22xq	7.27343680090897	1.88020121539135
did:plc:qj3qk4k5cb7ufmlbswl57ag6	8.69654689631252	1.59535151105218
did:plc:qj4tjduvcc6rx2vr3u2xkvnn	7.30418408654118	1.74314649697319
did:plc:qjd46exvyrkvrn37zi6i72ws	7.50738995980582	1.88052691760062
did:plc:qjh4e26zkvc2u2jftnfzzzoj	6.91798376266902	2.49267335106685
did:plc:qjisvaxvppvtwaiyiaq4dx4u	7.70304234265447	2.0767067984805
did:plc:qjmt2t33fzkfl3due4w6lojo	7.61154521022532	1.99248140260706
did:plc:qjniglw7trmuerfwonq2aesq	7.22103831191487	2.30146586170514
did:plc:qjoltoq3z3p27rbucvx5azsl	6.79479138021237	2.06474080632028
did:plc:qjpf25xlicaaxqijmt6bc6f2	6.76729423690659	2.26786248711381
did:plc:qju5a3556voxaxqs2jg4ekit	6.90546681641886	2.13318708896505
did:plc:qjvkn3mvoakagfmpuqb3btgm	8.54455120443071	1.24601533675461
did:plc:qjvmosho54og6eaoeic7fbej	9.59753888706295	0.754692387413642
did:plc:qjvpml7vui6wacerboax54f6	8.43206868393785	1.72092370983853
did:plc:qjxlblf3ojvwuzl2lskd5nz6	7.01487095281013	2.03432307638568
did:plc:qk23wf7ktyngosio54ho7doh	6.84928572542976	1.9252289487579
did:plc:qk2n3wlyhjrcj7u25xa36qtm	8.13752398173877	1.69779813781226
did:plc:qk37m63qnjfcn4b3xbesnwin	7.18766998497573	2.23602481441726
did:plc:qkdmzfklxj6lvf2xfwpgaahe	7.34566570543321	2.05529872158197
did:plc:qkdu54q2vpqqucgcyvpb2423	7.83798785920276	2.36407700070295
did:plc:qkeand2injcl2wlk7ibcpvm4	7.78889244103274	1.29391416160449
did:plc:qkexuo6we6734i2i6pulc3uo	7.93578884238669	1.616929690159
did:plc:qkj7gpnhm4knuaezzavkdaph	7.41209336893287	2.15803858504857
did:plc:qkk5uk4zdij7xsgxn4xz2kii	6.9582782874484	2.21198578736339
did:plc:qkp5573mwfbuapza6qkwal2t	6.68653719951048	1.84855859093022
did:plc:qkr3yd7ikzdkjtbfm3jz5vcx	7.45774835733213	2.16007321102407
did:plc:qku2gcpkgwy76cw6oznlhrla	8.09260736474648	1.66250939073817
did:plc:qkublnlhsdv6vy5atngca5o7	7.48033354896138	1.35778198043733
did:plc:qkwjlwf3r2mr7sdyx3ia7xl3	7.451408852952	1.40600636373314
did:plc:ql2aioj7ag4pwxx5yk4neqdw	6.89602647507622	1.85936494462735
did:plc:ql2j7x5mn5bapvx4555lfadz	7.18242305770142	1.68879968636629
did:plc:ql2unqx6hbjdnqrhf5trclnt	6.56228029185711	1.61515959567248
did:plc:ql7xxmdnbckxe33yfc4252cp	7.12374033286701	2.49289796043251
did:plc:qlgot7ujetm32rbezal5wtoa	7.24702606032347	1.88518889005555
did:plc:qlkrkt7n6yabtcwgmtokiokr	7.21504213918092	1.82331891611017
did:plc:qlmbbrq4wfahzo3tdjtugzsp	7.0110020088995	1.95411596949671
did:plc:qlmttkf54je7ie22kz7oymca	7.26687678157693	2.2754547334147
did:plc:qlnqj5orgolmvixqkyfrb5f6	7.35309522852907	2.12771546442549
did:plc:qlnz66yfm7iejuamchlps36i	7.72741587213751	1.7284583691804
did:plc:qluwatyvvpsgz4wfuh7fz5rx	7.2852614373419	2.2042589809006
did:plc:qlvmzvws6qftaqtjmetd6hat	6.87687101570115	2.105243076214
did:plc:qlxboyrxf3kzy7lrndkmqnw6	7.44632454353966	2.01193453708071
did:plc:qly5pnd4ulevuhmg6iciaeod	7.74930603514715	2.05256708519152
did:plc:qlzfwapweepqluea5x56rdv3	8.61892664042301	1.37936080932671
did:plc:qm2genmzhr3uymuwrsk3dj2j	6.74061224636154	2.20134723327597
did:plc:qm33xph2ud3lf2rovodetfem	6.59791662285622	1.8929655919077
did:plc:qm3j3vuqy5fqjllmrzfzultl	7.58030722760777	2.51375114566803
did:plc:qm3vtn7doqelbxnhxjk4xdoi	7.24333810958319	1.95570818991795
did:plc:qmahzpj7nvapbeydo3bu5mgg	7.43063073864689	1.74210126139097
did:plc:qmhezxsrblfm5ehjxep5tjnj	6.80527669347526	2.10439099136021
did:plc:qmneobmsfmui74xguc63wekh	8.32104453228782	1.85767481968816
did:plc:qmqzo5orhquk4tkzgldo3enm	6.44349065487601	1.793067419546
did:plc:qmrdue2k6zka7grobrrb6vtq	7.35486882659994	2.37912920250139
did:plc:qmse6uma67of3pt2lj2fxqpc	7.41981293586441	1.91430724364998
did:plc:qmten2my6ecxwqmn2gmvundj	8.39027624327373	1.86245487550363
did:plc:qmv76vjfnsq2hhstfbutzcwi	6.55978349020269	2.16630085090391
did:plc:qmvgjkiwa762uudkqnfvmwvf	7.57853822837025	1.8015666698819
did:plc:qmxbkqua7ngunkh4tmvuk6t4	7.47841813495863	1.84008903436007
did:plc:qmykvlx3oy2sgjb2iv2fkzf7	8.18699010776656	1.69099283077249
did:plc:qn6kstxbjlgls54x6fv55azj	7.53851441580014	1.76694978601738
did:plc:qngqpyqlvwz4shp5ipdgjo63	7.29806527616713	1.70554933756299
did:plc:qnrdfiei4bj4yajb6dpuwxn3	7.59553599132055	1.59612543645412
did:plc:qnsjrvpqjd6v6gbjzrgrq2ur	7.06563075769294	2.86484338077123
did:plc:qnx3dtcfv7hwxrcfvm74ucku	6.81303445191872	1.75739590684901
did:plc:qnxi4qrs4zf5bna4t2px6va7	6.90743453836367	1.97939024836882
did:plc:qnxy3j6hz3kjpyuj24qevxi6	5.50845451128254	2.12512839417286
did:plc:qo4f5qs73xgljpd3tqi5xea6	6.72906618113775	2.07846828139273
did:plc:qochgxj2ulqgeosmc3xnrg5y	8.07278846998686	1.74952905732621
did:plc:qodjhlidensvtoiocgyp2k35	7.72583193726113	2.30919406929885
did:plc:qoe3kulzpz2caelkhxdfzrne	7.3730920557379	1.70891482777541
did:plc:qoelnsd6eksmy2brcp4wugco	6.6949845268194	1.52997198534794
did:plc:qoeowe26puewmencsaynhnuh	6.73523032306221	2.88086323054255
did:plc:qoeuuof2g57oke3g4druibm6	8.3625538837199	1.85020057661647
did:plc:qokyntz4b2jzaz2ydckrd2j7	6.67494885751484	1.6817232234343
did:plc:qoqybqjo3khjc7twkfeodijr	7.61188065195226	2.09472593415917
did:plc:qoxog2bgajmxcpliknlub7qz	7.17281732219648	1.94799799575975
did:plc:qozygkaru7g24fduk23dvkyu	8.01383008085428	1.92847568222395
did:plc:qp2exbb7s3rx5nds5f2nsq4m	7.09386670758335	1.77147469103394
did:plc:qp3ti5jwdrshegjen4nymv3f	6.65888609384828	1.9958197223225
did:plc:qp5ueo55ii63frkup2suq7x4	7.7661446006972	1.75173453410731
did:plc:qp7maomwvt5rg5bfpxcjonkm	6.64477427265242	2.42043866298304
did:plc:qpawwvhsehaepc63cpzsscp6	7.25978158126291	2.04184560663427
did:plc:qpbtjzpps3dpoeyja2pt3f3z	7.38102677762478	2.16679545066602
did:plc:qpeokygdq3lkzozpuwvn7gsz	6.9275252941085	1.91565643947808
did:plc:qpjkw3f6tqn3e3pyjqx26kek	6.8855648090948	1.96031794320839
did:plc:qpkqo5j6b3iz4olvdnv5gtx6	7.01405590019707	1.69970275098435
did:plc:qpky6hqvuevovqucgunpwp6y	8.80078195721319	1.36695586119022
did:plc:qprtnkvqcg6beh3rihmadxqt	7.41579591147135	1.48849036384105
did:plc:qpuankqmrebakjvkl3mjv3zg	8.89686486893607	1.20836996604967
did:plc:qpubyexpjvwdphuefmt724a3	7.09728371580857	2.61904887880697
did:plc:qpvtk2gxesbnr7p33fh3jn5r	7.67641614854095	1.75803211539452
did:plc:qq2ew4a7p44aiuhkghq5q6iu	6.99878440491928	2.08533714684443
did:plc:qq2jij6z46yjzlocxhp7qo6g	7.24141793867593	2.55444720893499
did:plc:qq34koonfsjed54ix3ezvzpe	7.12929728307812	1.86401308073483
did:plc:qq35seuibsvyyne5y5pcoawt	6.46189258506224	2.42946752602478
did:plc:qq3wkqegxl52t4cbge4q7www	7.44259485719226	2.03530985836495
did:plc:qq6swy5c6p7k4hufkcn2rj5d	8.61267380198304	1.51016685832871
did:plc:qqclina7ny4jfmqjnxjtissw	7.26752148659478	2.05816728967003
did:plc:qqehpi4x5qbtovxzhllfexkf	6.52838901563943	2.02780014532505
did:plc:qqg7heds75ndmeusupkth7n2	6.4097068827083	1.9711055471445
did:plc:qqgiwpttyutd3a4yongy7ije	7.94900961886635	1.92294337483763
did:plc:qqiowxxt2djp36e3g2pteqhh	6.90317560344771	2.35966908923461
did:plc:qqjtgaipcqup6dz6raqkziji	5.83606750789155	1.97589375921885
did:plc:qqkdnypidcr2omk5dlbdxyp5	6.8579741606638	2.75679810347181
did:plc:qqsdjs2swm3to7iccx673qno	7.35615133317461	1.6568082430318
did:plc:qqwy3sayt7qb7yh6w7tiwscd	6.73151493578594	1.68026657824506
did:plc:qr4enp7x7w77gsxxv2qgx3ko	6.67456130695526	1.92020995951252
did:plc:qr4hxopkr3o2f6rnv7almiea	7.49892166554845	1.90000232774043
did:plc:qrabuxc7tp2lnx6zdv3jeisc	6.61491116611934	1.88848929676015
did:plc:qrfi2zmagypu2ro2ym33yhsj	7.77008665086532	1.84439325898703
did:plc:qrg4soyqrjj7xnmrzidvtod2	7.99778651301301	1.90650582699125
did:plc:qrhjhicr6vlncxsn4r4nedzo	7.29193581453562	1.85904955384891
did:plc:qrhrgevwtwcttxyvagwv6xvn	8.00237942172484	1.64242355647186
did:plc:qri3rbuoxuqsbeopkzm63wnh	7.36013917264878	1.88373321800015
did:plc:qrlayeplxlw4q2kqv74macml	7.12266583934208	1.83461201589824
did:plc:qrlbgyddvju3hmqupuzvyqkg	6.67816125008363	1.89683327678223
did:plc:qrollhcgqrhb4jtcdaveyoac	8.80707012741772	0.982866055547437
did:plc:qrs7zxif2br7ifsamfwthmyf	7.382589450521	2.04961395918567
did:plc:qrtzvaaoj6jjd3pjk5slbryy	6.43686280613261	1.96982364216692
did:plc:qrvmqbvkgiqkf5am5th2lqaw	7.37929098224918	2.38624755941949
did:plc:qsbkbrffhyz3lsmtq6uc6vb7	7.04211876525138	1.88889838720415
did:plc:qscnrwy3eefgotussz3hi54u	7.90677400050967	1.94987934823618
did:plc:qsdbjjts55bb47jbwd4os2c5	7.00657747403388	1.99675158746191
did:plc:qsg4jzks5cgjvy3emlz4ihqu	7.26368506497927	2.08750092335171
did:plc:qshjkhkt5rd2gvcotd6ergd7	6.77992090485058	2.08679174198178
did:plc:qshtpfkrnfur2iq67zhpxfi6	7.13071148648941	1.69761756971352
did:plc:qsp5plerpiezfj5djao7hpdj	7.00701663471232	1.70876143565104
did:plc:qssvj5xsumaost5withco4l2	8.10244811544594	1.54529180592517
did:plc:qsu6tgnquzzjrt3jkdmvwyj4	6.90934808167456	1.8003863291503
did:plc:qswqtpegl6xm4ue44loaoyef	7.13883104230629	1.88144512921111
did:plc:qsx2dnme5fjxgnnmtlon65hg	7.89266869254264	1.92310376290581
did:plc:qt27yjc5jodefy6n7u3btl4f	7.00791880532442	2.10668086015479
did:plc:qt55fwibeoozl2guwrlnmhq7	6.99773147223601	2.59295970700906
did:plc:qt6vwxlfneyg76qwwuqon66f	6.99103649274157	2.14893002668323
did:plc:qtdlerpxilnfnmtuahsfu5cg	7.86203167961261	1.82774131935345
did:plc:qtdsdfwc6g6mp42nsoexhi7u	6.71457412445156	2.12484905039302
did:plc:qtewtpnl7f7jytcovli2qos3	6.71825951504717	1.91726541877003
did:plc:qtrgiuxfnvwka7ggjafqvxrw	7.08981111073441	2.52969836585964
did:plc:qttrpel2r3tnipdiziixkvwa	6.7439197949088	2.5205499146215
did:plc:qtyo7yklcce3klqh3hidf33b	8.45962475294838	1.84140248871292
did:plc:qu4f47xmv66ngnxisxvr6qle	6.08657243663707	2.45159907277879
did:plc:qu6fpmgj5buv2v6rmray6c56	6.54193944204622	1.88966069148076
did:plc:qubzurkfmwdu7qklxjzeelq3	8.57214354861011	1.2345476970688
did:plc:qucb3meh47l7l77chci32rko	7.14600739209447	1.7739019297741
did:plc:qucf37jby6tfb7e3su22njfk	7.94812754242696	1.77046396849031
did:plc:qucvvj6jeqgunavr6nw5v4gv	6.87927283280822	2.4268071748272
did:plc:qufgzuvy73dh6dpxg7wtw4gs	8.85604961114709	1.24107207704267
did:plc:quhlxgluit5rnwyzxhjpxhqr	6.87328487489768	2.28812546903366
did:plc:qunjq25oab4f44djuqrdaa33	8.2766027616261	1.28010837409342
did:plc:qupclfaaeoyn76xazswazndz	7.33240748138922	2.03372632473748
did:plc:qurlubxpryn7a6k7xmb6k7rd	6.96452135922604	2.66017506810288
did:plc:qusgsnb5mq7bccruk3z6lgov	9.2901357743261	1.07095659444874
did:plc:qv4xy4okrpxpmk5i4ywcwwd2	7.71993601465613	1.98968638025755
did:plc:qv5jtnrraxo62khl7a7wd2vy	7.35420902216575	2.16144471234032
did:plc:qv6agsxynnphx4qqjb3anbve	7.28258331611261	2.37024873289449
did:plc:qvarwttx6pfz3ezbghzrw23t	8.22044177060384	1.51334323196412
did:plc:qvaymxyxbmew2rf5foqnd5th	7.21002631142883	1.8674916833962
did:plc:qvdsf3ckn32oadsset4dx7pz	6.51156770842983	1.70559155761751
did:plc:qvdzqhhbnt3meirfna6kbugj	7.25098158770533	2.54293899964959
did:plc:qvfghz5wnbm2lcnnwfuin2gy	7.48215273968368	2.23973381745789
did:plc:qviymhehqorrk2bp3stnx5u3	7.06995259649584	2.74669426680153
did:plc:qvo4srzxrrrow7yxnweo3ttv	7.27597867338566	1.40155299316755
did:plc:qvoqbrrn4gxkskr7vqd45rdq	6.07015675057683	1.61693131758993
did:plc:qw3t2yvgnipt3od7hnr75r2t	7.29039082768274	1.55678661405001
did:plc:qwdsepwl5zhfmqziude6qre6	7.50068345015989	1.6968577221817
did:plc:qwfofrx5ujdp5piambjk2paw	8.12595204601422	1.60845496794226
did:plc:qwhe7e7ox6uwy23a7deokg2f	7.6820705730125	1.97042116398015
did:plc:qwi42r4bmjjowq4vqfrwlldi	7.10251156363801	1.90204033367936
did:plc:qwj5sjfwahxujtrtpwad3b47	8.40985567992195	1.77358956287559
did:plc:qwmsgzepux4vgowwefecmgwx	6.82753411955915	1.93410401906329
did:plc:qwmyqngx4x6bkrmxu2wk75fh	7.63678991744721	2.23159997468465
did:plc:qwnbzarseyplfnvo7547yee3	6.7527695214594	1.70294878817351
did:plc:qwqvfz7afn2avupzkxvdf5h5	7.62476738194812	2.11720141736847
did:plc:qwuj6foyai44scywtuaumxlp	7.03606566401909	1.76156423896325
did:plc:qwwqvk3huys7whw2nstqbr3u	6.61448673053732	2.31074007618243
did:plc:qx2khmq5usndqi2wujx6gzvn	7.89086705841625	2.06936196578972
did:plc:qx5eyif6xnrpfbmtxvfiqdgg	8.09671452013925	1.87873445908612
did:plc:qx5oe5odcrltixf2ogqu6uuc	6.635856228295	2.19364482486065
did:plc:qx74g3whkg66yb7zg72asohw	7.8332047285528	1.86096953742726
did:plc:qxkuljwygokzlmy66dw332eh	7.65376337688491	1.61106309034203
did:plc:qxmm54aqnhg42ymhct4x74e4	6.9687407415623	2.11844669445559
did:plc:qxnsk5hx4pjjwka2cmydtrp7	6.50536273184011	2.04719208241266
did:plc:qxsq4asos44pbdxztcntmmvy	6.5235682331156	2.0026046411788
did:plc:qxsyggpyarbkw6swqzp7mfce	7.85174697525535	1.666606274188
did:plc:qxyx7g5tnzbf32uveki53a2v	6.34666760317766	1.89117339026417
did:plc:qy2pdldletoy4hr6h3ytsqn2	7.81434666736913	1.89608239718435
did:plc:qy7hyeditvoggzmztmzxqjrz	6.67626040961429	2.37437571492875
did:plc:qyaewgjaaznaeqyhyykh7wer	8.07848728671155	1.50349597332065
did:plc:qycmjtk2rewkykfz2srlgs6d	7.01550342333071	1.99685011980475
did:plc:qye63n23fuzz6efjtl22tydc	8.11539098234233	1.88165176886666
did:plc:qyfl3lh3thhghav5znnidptk	7.11510019590493	2.55965392150508
did:plc:qyn2dxm7tcutiatswv75i6zy	8.73746617273393	1.47720011402061
did:plc:qynzwrvejvalddcxwwi2k5i5	6.20226601122969	2.23723269007342
did:plc:qyohlwk6afl47ne2h3fy3yym	7.28410401405737	2.07404634277035
did:plc:qyqr27nyamscwxw34lt47qm3	7.63601606626655	1.69014151149482
did:plc:qysaposrdl3kml3ut7do2gyu	7.42863214814879	2.34412640466743
did:plc:qysxjuorfpjtiwz324tb4fth	7.93909390769988	1.68989185603797
did:plc:qz3dm2hvujrnprb77luxhlww	6.76223878627823	2.05038654838455
did:plc:qzh7xmgmwrzpgtafjcmp2wij	6.62940522071443	2.15762586732912
did:plc:qzhif2kz63jv4ik6wzaowooc	6.96705995936192	1.90350158266141
did:plc:qzo4fuguf3pzyjdqc3aoakeu	6.95643908902658	2.28351206563795
did:plc:qzq3sugpd6wibuntiyy2bpzi	7.84777947856357	1.65347525159746
did:plc:qzwy2h7wta7eukot4hgf7nka	7.86890482054574	1.84153284245926
did:plc:qzxyjqbpn4iek53tolcsio2x	8.16673867215282	1.59793191816463
did:plc:r24ybmuhboo3kodx2mlkevy7	7.08301359679636	1.78989547836444
did:plc:r26pi6wbmshqtutzm27vb52j	8.81863278002272	0.908954588559683
did:plc:r2dth6oq6q5foqekccw5wrw2	7.80530193751329	1.6552446007627
did:plc:r2eeemq6grdavcrjiez7njl5	6.38592917265474	1.55183791575846
did:plc:r2fttrmhaiitzopbqxn6xlfd	7.01427698931064	2.14675833945718
did:plc:r2g5mrxe4vz5nb2wrwisscr5	7.11317817503614	2.33650109289111
did:plc:r2hfpvxcr34feuy37umlqsud	7.22235578522085	1.85725493556734
did:plc:r2kwvnayegz7bi2eyj5clkfb	7.11327637464826	1.74651956979421
did:plc:r2m2msz7aompn34l6kwuxbdp	7.48177964168096	1.37238872487029
did:plc:r2oqgxnckv3wiwufmwse4s6s	7.69119699378337	1.62577458427783
did:plc:r2ordnx4qxwqj6732xfriha7	6.5368286361341	2.5791652873523
did:plc:r2tzujsna3ul5hdcbvahluzk	5.87898531367671	1.98075734144562
did:plc:r2w7iqhngwiaopgkhmt7u63x	7.13158220421369	2.08751346673031
did:plc:r2wm2vu6ocbm4teeetwgamjo	6.47066443669725	1.96529844274779
did:plc:r32nrscwyzf5oxi5ap34mfgm	6.81575993536833	1.70209793666018
did:plc:r36n4sj22ug6vuil4h2pmzmd	6.85287429856573	1.78318804662331
did:plc:r3aulix2bfwpdovbgktquzml	6.7213682707167	2.37697759369396
did:plc:r3ekbk2jqo4yqgi7glkdg2ty	7.75644808785457	2.22290529094248
did:plc:r3jni4npj7tik46ydcctrkzh	7.4842054123326	2.13859211407868
did:plc:r3oriaspoxslzppzs33x34dn	8.06094916763823	2.03366228043118
did:plc:r3wvmfoxdkzytxyyupn6qndt	8.02558658067222	1.82383958289918
did:plc:r45pilbdddhjd3566zev4q2n	8.08424763087214	1.42627263036686
did:plc:r4dbo4nwlhfo4nihtmd5tj5k	7.69407389671735	1.69591240455211
did:plc:r4enabe3rowmy7k5jjbiw2xf	7.70527462598528	1.95622603450346
did:plc:r4f6bvuknag4dgb3siprtxng	7.73897265169891	2.21579602974152
did:plc:r4g6lkrragxve7hv4evyfgvh	6.87098605255835	2.07343510602182
did:plc:r4ga5yfk2murw7jghbwhovs2	7.08590357524181	2.12967513285536
did:plc:r4jod6wabrhfunyydjq4ulxq	7.94015595576162	1.53651087566287
did:plc:r4wynnsefwqposrefuenml6c	7.1521014766706	2.32429388030985
did:plc:r54hnj3itdtfhg6ojdlg6nfq	8.63694369782659	1.14890363565805
did:plc:r56vwsyljvvhphkksvmb2pxb	7.55523538375579	2.0640919937793
did:plc:r5bpexasnt2ujmfa3yqbnzxv	7.11699271942921	1.97548927942651
did:plc:r5dwqn4vcmiilzfwv3l5wzi7	7.5775009994736	1.75585017732146
did:plc:r5ft7jr56kd3wuexajih6q74	7.10629785591108	2.18838031643155
did:plc:r5is6e35secpanrs6xgem5e2	6.87233862454815	2.03586228175355
did:plc:r5iv5gen2pflb5hgtbwcgcmk	7.85923971955213	2.27858336329258
did:plc:r5n2i3mdu7mozj6jkdoe3chq	7.18990952226486	2.26888237620154
did:plc:r5om7v5fyqxfgkfbbqhgshkp	7.23257784273155	2.04000373731831
did:plc:r5q5csj5jqfzwbepug46wxul	7.43654695518558	1.92279014663643
did:plc:r5rvbli76ugh5ube6ch32niz	6.98476298415014	2.09362212724464
did:plc:r5wwieq5nfgtj3qcobot3pqh	6.36292846723565	1.71946659684761
did:plc:r64wzjtkimyq4vkiddzuu6no	7.44744130661411	1.87678078223024
did:plc:r6beczejpesueyk6rdj6cjqx	8.42223103852948	1.35065059469065
did:plc:r6hkk3e6k3cv6z6x2vq5k2vx	7.68438200861992	1.14080267029262
did:plc:r6lccyrtk4xaat3ncunbdk6q	6.99834406763885	2.30290555689319
did:plc:r6pag7grlremwb4iyrmqf3oa	7.40128198977724	1.9814010055326
did:plc:r6xps55m6afdrwhxprzaxtql	7.36399526272573	1.93886967625827
did:plc:r72lp63i4i7drs44kis6xmnl	8.02228805453877	2.02818823550291
did:plc:r75ygs64mv6a74cgeft7cnsa	6.78080160074459	1.81601340530611
did:plc:r77hvosz7rs6f5zs3eytyfuk	6.45040973018181	1.96012841360912
did:plc:r7ahgqcrcviglpufnulc5zqd	7.42923675295341	1.71705855313308
did:plc:r7dzs456zqdjjtylx54urhmi	7.26536415730094	1.89580312854727
did:plc:r7hcxablx2i7jrvsgdnava2e	7.99299592261164	1.82604579915913
did:plc:r7wfnhhzzo4vgv2nog64bqoi	7.23426491482936	2.46736897483679
did:plc:r7wj6js4zwg6d6ppuruhbks4	6.11804922033516	1.70741986801008
did:plc:r7z4bhzls4uumyad6kkxgmqm	7.17173418162421	1.94045288487498
did:plc:ra4ryedx25v4anrbf5y6j66v	7.05830010922331	1.83242071715269
did:plc:raisznldriyeakpqt5r5wqwc	7.44838893459287	1.68316500013925
did:plc:ramblftlf7vokznggd33so4i	7.27605146539172	2.14317704752212
did:plc:ramhq3vd2w6wgkobzxgszlou	7.55379278450215	1.5622691385353
did:plc:ranwklmxeynqyv6zx3k5lavu	4.14402724488037	1.51113636761124
did:plc:raqupcgfdl6zoejrmkxolj43	7.13205979724638	1.82057643895962
did:plc:raxk4afqpme3qy6wilkv77up	7.89787820046586	1.52559991341331
did:plc:rbhsjkbrpjfgcclxuua6fc4s	6.59332934709596	2.31375410142947
did:plc:rbiabzqtdcqaznbhwrdmoghf	7.29903622403581	1.6619659773818
did:plc:rbir6wltzr4hi3eub42xygaz	7.37056547826736	1.78947316105823
did:plc:rbjbb4fhzuqs6olny5udap36	6.65621738967518	0.698469833319891
did:plc:rbk7ijvt2jho2op7ghnsoc5d	6.82264293112449	1.72761569671647
did:plc:rblasisb3kjwvzsawysbcspm	7.44823909446272	1.69475082610033
did:plc:rbn2klaral4w3xi2qe5nlgz4	6.79197713369138	1.64548354199609
did:plc:rbpiqeb6sq4kd6eznjjllvqz	8.64766083202825	1.21048466850334
did:plc:rbpj2adlnb2crsqndafgvxxo	7.98529964384311	1.5548672104191
did:plc:rbqngk66yi5sddxguyqu3sr2	7.38802128768453	2.35158939278583
did:plc:rc5dpipcst2hzjnvxvlfvyav	7.20522951972131	1.92980332103913
did:plc:rc5gtvmlcpf77vcps6fgkfyc	7.4386981425929	2.31935895176548
did:plc:rcafl666f2eu7jx36oe76z54	7.6704732428424	1.48766470076258
did:plc:rcbl6tdc4ucbur72qeo76rw5	6.96200857806059	1.83032760666851
did:plc:rcbo26xucmekoovvxxjtv22h	7.51800521178523	1.57600102874197
did:plc:rceka7nnmblnyx5myey5b3sg	6.60072800922583	2.3105002934931
did:plc:rcgixy746m2rzgzqb5jwaolw	8.05326965228377	2.11029754026424
did:plc:rchemjbmu75xyi655x5mnelh	7.25517517835536	2.1721043805729
did:plc:rcivowkap4u6wxyapnpynyah	6.86616409390486	1.51545684370271
did:plc:rcrc2dnxuhylgv4phlzufxkp	5.82351271317291	1.74373263498646
did:plc:rd3ltqezajg52ja5y6jzvp7k	7.37076986833504	2.15397837636275
did:plc:rd57qqsny6vpmdw3rnzz7eos	6.88739950774369	2.158762019409
did:plc:rdcy7jvcfagp3nfbnaun3xfq	7.50727619176115	1.72276643868165
did:plc:rdkevnhrh5ffptx7xi5qpctj	6.37269044455606	2.27006127143329
did:plc:rdkjjjk3o262uyew4mks6wqd	8.53946391007886	1.61998839184502
did:plc:rdqw7mfeb46643grnxihok54	6.74941571102615	1.98150685706867
did:plc:rdsekuug7rvuzetarc2v23zg	6.58402681622077	1.59977539698568
did:plc:rdymzih5i47dlirdqzskqom4	6.38141447264946	2.0071198619262
did:plc:re4ftfbkmbxgt6mlsfuyo6yl	6.87236632379099	2.00457747377979
did:plc:re554a4t6vis3ai25epw6wqm	6.89120583991344	2.52973723919548
did:plc:re6gq24kvioozcgdw6upzmeb	7.39788118472442	2.05594389540958
did:plc:readmnpgwza7ux3ui3e77zib	6.80496056828517	2.11341261076097
did:plc:recqfmfvdovtm2nj636rerfl	6.47293249348752	2.22216286760187
did:plc:redccix7clrooo2gdvilogob	6.78229088864186	1.88281457767312
did:plc:reha5okymiay7gqbmp3gvk2w	7.00503511383342	1.9505176445064
did:plc:rehzb7sfm5x3slk6n6yh7yvs	7.56187936076652	2.0196416814531
did:plc:relydqyukyecdbmurfjehkz5	6.79483124452029	1.93410356121414
did:plc:retcqod3ot6bt4mywfyf6os5	7.36580883246625	1.14201917925892
did:plc:reu5i5d3mu74r64oq6lr5my4	8.52134552527134	1.67375214888406
did:plc:rexd257xlbliltpcmcb3ashl	7.23914248766833	2.02612773292749
did:plc:rf3kkppvbebcce35nv3e6ngj	8.11517023238289	1.67111861796427
did:plc:rfbhxihkw7vc4t5fmhfhrljw	6.7901390798719	1.83398253563836
did:plc:rfe745s3wo4yaktsyrkwzh7l	7.34091783971035	2.41717632079277
did:plc:rffd3vilxhr75u76xcnfcq7b	7.64807514164059	1.42582320012142
did:plc:rfjv2lfmgqjnzacyac7cu4ai	6.26197215150989	1.78055079585877
did:plc:rfk3s26wvw4trwkqbsgodkaj	7.23620038108679	2.1411368601483
did:plc:rfkbudpkcktbc4tynfdwwjq6	7.16826786781448	2.85834061381056
did:plc:rfklknbyc7x2x3bpo5a4ab6z	7.75140138212821	1.77827586098504
did:plc:rfosaxkbsx224s26ymzn3xov	6.90541803912392	1.91949474813102
did:plc:rfsxj7tc74mlhlttvkxmkd5x	7.49252409953554	2.12977360205086
did:plc:rfudkf2mj4iblr67jxguazhk	6.81028939101442	1.68835267081241
did:plc:rg63qbviiznkhyz54gj7xumu	6.61004304068595	2.10457040033438
did:plc:rgaewkc3lalxt6cjh6w4kvnh	6.63581648782189	2.10871001891602
did:plc:rgapyj2buijpijbawkokrwz7	8.10537146369542	1.91224668071681
did:plc:rgb6hw6h2abzzsse7jeo2twj	7.02858649053802	1.94452734687803
did:plc:rgdwixfkzd2dc4ahvlnbs4pg	7.25433599611583	1.95139531535093
did:plc:rghjxh52wdszuzhuisxv4ogy	7.11943192048472	2.20523631342325
did:plc:rgppo3iwzlajldegkzxvgwuj	8.43562362169414	1.39538840891398
did:plc:rgpzi6wuwzo6zgaacqalkqnp	7.11354283414285	2.14488641664023
did:plc:rgvp6ac2uov23dxw23j7pbfx	6.7396330421542	1.98818636992606
did:plc:rgyamjtetz3vcapenvfoqty5	6.95426837251692	1.97155727079865
did:plc:rh4bx2tutlwl6v2c67vagwu4	6.9649096463486	1.70069491779509
did:plc:rh4w4jkwcwvwpixx2bcxlzr3	7.39171462255219	2.28493661532275
did:plc:rhc6itlg6ulr6jkojjgzklqw	8.0614339732547	2.00972424849515
did:plc:rhh6lqszy5bzjivqumrpcnmj	7.25323891902308	2.69046101152469
did:plc:rhisyfc6jmizjkj3ubnbfrol	7.42121462679996	1.93521753757702
did:plc:rhit6rfyv23xhqskgo2726vc	7.10699608196377	1.90870248697056
did:plc:rhltes7mgmkgp7o2w6e7fj7q	7.68951037475767	1.54744217623061
did:plc:rhlx4dpgpm7et73ebttuyivc	7.57478081201535	1.64784255461342
did:plc:rhpbd6tlq5vjjl63shjqlvq6	7.74304271978306	1.71386105486144
did:plc:rhpbq6eboekqf4utvoc7e3a6	8.9916070106709	1.34267715083712
did:plc:rhqanbvd4ykhw44zadh757nb	6.56519798785844	2.44285273617404
did:plc:rhrneunyrv7cy26tqj6gpvl7	6.74390898871053	2.21940032124584
did:plc:rhrnu3tbic2b22ajhtx563pu	8.55830227155039	1.82832375933437
did:plc:rhxfdvy7n4jq2mtiiawq2gls	7.74343797768329	2.03736758228277
did:plc:rhyactevscxddjhszivm5xaj	7.49144968939568	1.87938077206726
did:plc:ri24qk7osos4r4n4kunz4sq3	7.20839438951438	2.62537134900109
did:plc:ri3hl4ud47xw537c4pg7zrcf	6.9762439729502	2.17126343185103
did:plc:ri5y7rcnpp3cfgebjmypm3ro	3.43919540376998	0.237911730980193
did:plc:rib4f4vhqgak54iwgr6f4ax7	6.98046553041928	2.04273139233113
did:plc:ricnd3oaxfmtc6emcpvwinp2	6.93792899830868	1.69406973235848
did:plc:rifwvx7xdpbi5vk23uvi7c2k	5.83650605309045	1.94882161407094
did:plc:rio6w65f7pbnzjutfs234atq	7.62303784893028	2.0880911862884
did:plc:rit75ycc3ew6jkcws27qxwkf	7.01747205744631	1.94280363018104
did:plc:riufan7ckzgfrd7asoytsvnt	8.09194158594159	1.89998130427344
did:plc:riutdtth2aiawjj7mym7emib	6.79325303272273	1.57984040149551
did:plc:riuyzxxcpsqrxz4q4w2jlomy	8.01826342402533	2.2067847573753
did:plc:rixol2dcl7jocvn7zucny3f2	7.01342764047801	2.1011308344596
did:plc:rj4rmr4o2i54dqqkvzrjmtdc	7.19323840739579	1.8076761075969
did:plc:rj6gfzfmefrw5lqudfslv5dr	7.53219370854167	1.83040740941888
did:plc:rj6nfr3vppw6dh4dm7brffze	7.21532843115766	1.91220599415015
did:plc:rj6qnh3zoom227j3xara53hq	8.2434705607434	1.38383000743219
did:plc:rj6ufdtnqwrfqhigbtso7zie	6.80255234176912	1.64494350873913
did:plc:rj77vebx4hdnuxtgani3lshf	6.76206011457022	2.15011155032015
did:plc:rjcwwlyezsl27oeetnqh4lwo	7.79999016486802	1.85098091676414
did:plc:rjf5u34s3bd2oqaq3di3vex3	7.37030261283679	1.84320952314991
did:plc:rjljac7g2m7ttobsx6mobysq	7.08297831655361	2.51774321923104
did:plc:rjmr7dllvfh56qbmwz2w7nts	9.20213011368326	1.19876609400892
did:plc:rjru4sdgz26qzxqqxsa3vx6a	6.86448434114059	2.11687533803416
did:plc:rjwb5aw2xszfbkflaxkwcbca	6.74252685340919	1.97557360078153
did:plc:rjwcsf3wrrvqd4hdtl7wnla6	6.85734554013075	2.41225174150174
did:plc:rk5n56udojhe2z2xqutd3546	7.18367771480154	2.23232964662431
did:plc:rkagcldecxf64optplrqkhwl	6.88969233755412	1.73441254206492
did:plc:rkdrwnvnvqv3nzovoo4p37yy	7.36597848628349	1.15199974241727
did:plc:rkeegczmcc6nsydxvfpqalrx	7.80612521698844	1.99489907753785
did:plc:rkemu63xd4imyk2vjtpdynyf	7.98516433361717	1.60705320855706
did:plc:rkfjopzqk3f2reywmj3rqxbr	7.92202166425426	1.8724656971664
did:plc:rkhorh27mt6gqpv4o2x4z7lc	8.27565604510061	1.4863408874922
did:plc:rkit56jggeod3v43hls3fq3x	7.27630660830577	1.70274541500134
did:plc:rkpybarbcsjp5kih2hkqvdtx	8.90683955136669	1.23369232236191
did:plc:rkw73n7d5zbn4se7h2hofupv	7.13295980534326	2.60569363730129
did:plc:rkwmed6fbalqdcf4gcmkrtxg	7.0157110426057	1.89514721097671
did:plc:rkxrkdrekylxxajhdgmu5zxt	7.09185808615257	1.75871907258802
did:plc:rl3bifgzw3un2rx4ftp2fylv	7.589503989552	2.25591300434211
did:plc:rl3ogoclo4ecmuydbzs6pjjl	6.80166247068979	2.8353636199504
did:plc:rl7moooxrtyq7c5y74byk7q3	7.82249309098502	1.6601971251816
did:plc:rl7v5buuei5ukenc2jqcyjyl	7.46093186533948	1.64069477287257
did:plc:rlhtuj5e6drvprvltrphk6rc	7.06598401245183	1.96405995447155
did:plc:rlhtwary5va4aa72nj7edark	6.9306967428046	1.47965521960021
did:plc:rli6n6go5z6jpafgapaocel7	7.61780184663953	2.01949595692393
did:plc:rlijfcncg72qoeesew7rkqfm	7.48388622486561	1.98158709687072
did:plc:rlp27mq42y3suvqv6sikze3j	6.55814542069247	2.07909850737801
did:plc:rlpau2crv3l64eavvhomulnn	6.53350589608792	3.08193687959192
did:plc:rluu5krldy6tpxbabkjb6lxe	6.69345184821877	2.08325965090817
did:plc:rlwdfugla4iwx7ztgoa544uh	7.31472356257164	1.83584450313729
did:plc:rlx2k723ju6kr3ewmowxhgwp	6.72662929098953	1.802776153727
did:plc:rlxlu4mwmue36xrmutmhur2y	6.89697365854928	1.72423597912745
did:plc:rlxyxtsnjhkulrnjuxx42yg6	7.16419458571218	2.46963360434583
did:plc:rm3jhobrrbjltzkwa2bgrrin	8.0673285191771	1.33180894329189
did:plc:rm5wkwq2hbpnzpcn6ramimvc	7.1158538654319	2.19960186545266
did:plc:rmgn7aravvt5xydpicz3ihry	6.70895141356477	1.71070066544727
did:plc:rmighyqfgqo37snbbv46xkkd	7.40191457850465	2.12625324149334
did:plc:rmpo4rshgxr6yjobpgnli7zg	7.25390402431197	2.47619427765011
did:plc:rmr2ugn2f7oxnzshlxcxftzb	7.20128098548791	1.98206344611867
did:plc:rmspecxjb6lqmwg5ox3nhy7l	7.3922910664441	1.70445077267117
did:plc:rmwug756qdsx6u4kwnhpg25f	7.11068271481647	1.91932681480645
did:plc:rmya7g5hbcsltyrhowndbyzm	7.1116178415553	1.84920354705471
did:plc:rmyka565gslsbiq26p2s7euv	6.50229079178919	2.96893684490257
did:plc:rn2p6zsjjqwdwie4db23gm36	7.8350325940494	1.76755956282585
did:plc:rnceyzsggog44ghpykvtpmgh	6.55401376604646	2.2428045825422
did:plc:rnciaudbraushqlip77ypdva	6.8435395399685	2.28965001891483
did:plc:rncjfppnc4lijcdnuep2sv6l	7.83783692533529	2.29501883326092
did:plc:rneu2aehqccp5zg553vhsgjf	6.94697233225482	1.66536909584359
did:plc:rnma6rthdc6ro5giv3xq2hda	7.0824818565012	1.76694697849346
did:plc:rnr5jkp3mfqbufuuqdg3sath	7.0422907911047	1.96765786646852
did:plc:rnu7rdgwjpokaajniobp6gbh	6.82728487882487	2.06066557065141
did:plc:rnyrytvb22gjz7zirfuoknx5	7.67454376811871	1.78608067017099
did:plc:ro34t6uptrvueyyabfl6aegc	7.41755809521059	1.63883588549318
did:plc:ro4mw6iphznq4qsk55jfentk	5.87688021196932	2.06766931789236
did:plc:roc3okbzwo6m6ejb4lusezy6	7.1378451066216	2.12435245760701
did:plc:rocfztv3rie7ntcxlueuflmt	7.01900119350535	2.40242191015853
did:plc:rodht2pjha5ska5kbjdm76dp	7.56448909196057	2.02277558122775
did:plc:roljzd3dpxmzvmumpepvucq6	6.96430512824726	1.61068511947119
did:plc:ropvx2begmwy57yfquajgcjg	8.51967515147792	1.37946164783093
did:plc:rorbehh2c6vdismweye5wr3q	6.668722270971	2.21742157544258
did:plc:roudkrbumkc4nvnxcfpglln3	6.08824419263052	2.40558959120857
did:plc:rovmfuhyqy7zrxalfkh6ff2n	6.70942555615914	2.15020127781688
did:plc:row3ww3jvsp4sdgrhtknxfbt	6.86810683661145	2.45848180803695
did:plc:roy7yxb5g5w2uterjevnsnjw	7.76759777121142	1.93367620673586
did:plc:rpdjzuv4jzlhqartw4dku2yp	7.13493409094456	2.46873430949318
did:plc:rpnzye7wglyu4pjddbpvwvp6	6.83038680540886	2.53840542228379
did:plc:rpp45wq3bcm7e47vcfq4cesg	7.12551075401793	2.50426473758258
did:plc:rpqvghkvkarwpljhtedw2xio	6.9940731714366	1.81098540282554
did:plc:rpryhdenabciwi5ivsxetpui	8.77236522399744	1.19771295498296
did:plc:rpt54tm6znn42azj24afzq77	6.78877225952607	1.73129208981287
did:plc:rpvkerrdiqhvl74mpazltn33	7.27752914782156	2.29629696877796
did:plc:rpwdzidguchtpfemt3xsfjzz	7.34578687807021	2.25091019083268
did:plc:rpxccn2wbyjebbasunlq2i35	7.75252767925846	1.91691158487114
did:plc:rpyh3ewnzixwnxobkiz67zjm	6.72312886997838	2.31107967932899
did:plc:rpzkljgui3pehpvfvqlpen6t	7.38235942230054	2.32784609628354
did:plc:rq66advueefvn53rdzfr5zyw	6.70608994766659	1.92759695172986
did:plc:rq7jll74mw4jvmdsalmh6uqv	7.09666185358355	1.95917635369311
did:plc:rq7yihdz7yunox3tbjal4zrf	8.3026238112742	1.68508853822452
did:plc:rqe5cpn7iragius7o7r3hgt2	7.3357224265635	1.98728785756712
did:plc:rqfriff2j2s7b4hhstq72hbb	7.03440162608571	2.37589434543343
did:plc:rqk3amphkwcw3y6zf4ctiylg	6.92121229587025	2.54927394343167
did:plc:rqo7zki4fawgcgwjtic5wawz	6.9850228163585	1.71440428445274
did:plc:rqpggk2t2fu5z23vpgtbmjhh	7.86615265836309	1.72803303752919
did:plc:rr3ibq5z4id4w34ic6o2wmjl	7.12469805350334	2.7236590111878
did:plc:rr3oz5osoq2ptfzuhtdv6ytc	7.01557816806132	2.80476517436217
did:plc:rr6b4xptglkuyvvnkeppdr2t	6.99434939715668	1.82917562541074
did:plc:rra3wyrxmaq2ukb5jyulovt5	7.39540026891169	1.98996083294007
did:plc:rrazx6qqehcgzaezkbxpijc3	7.91382455243836	1.61388461088498
did:plc:rrgry2tg7glsdqpuggj42iil	6.90024278188515	2.22675719228897
did:plc:rrma6lg4lpd65yfscjkibkod	8.16341568390632	1.30994388288381
did:plc:rrp7f3igb6kj5eutmi5kmhto	6.6428235356466	2.13516190086692
did:plc:rrpkszx3mzejmh7jwvj6r73s	8.83927881648989	0.00374888770399336
did:plc:rrqphfuvmskwf34r2age26dv	5.71100265617272	0.173985992797419
did:plc:rrsoirekqefnbcak7ke4hoxs	6.68608869529558	1.90280531416794
did:plc:rrtadjh47acnebeks62hnb5o	7.84703462468634	1.16480170575324
did:plc:rrtsfn5jy7syfvhz6vnbglnm	6.14280199829088	1.82307552580866
did:plc:rrxszpyhkc66uqb5cgpd4x4s	8.3274558749225	1.50542325020425
did:plc:rs6vkph2wmevsvqm6v5lmf6d	7.45442454911844	1.84719493482407
did:plc:rs77tpuohsh5u45s3mkfgvcu	7.12666747810989	2.81926486635818
did:plc:rsbisnebdlfgrf6hgwgcfray	7.45055776304274	1.70583391242605
did:plc:rsesegecgndrnqvkjvww5w5d	8.56963541308133	1.40216798649048
did:plc:rsgfm47foucpkorpdz6jdw3t	6.89993305713379	2.02452333734221
did:plc:rsiddsnbwfju2ikpyjuc3akt	6.8992788372847	2.07786806603699
did:plc:rsjvrzafs2a44wsibejj4k23	8.01591871422193	1.13950171911982
did:plc:rsk2b5rmo3nwljvl3svdry23	7.65931216680474	1.76638350152347
did:plc:rsnced4ooq7vrxroo6jczpms	7.67350596021785	1.87963391002802
did:plc:rspbqc4fmnexg23brpsu66qf	7.31011490443552	2.29607704892008
did:plc:rstixuhb3rpss67kla3s6sm2	9.01200011042085	1.16899447794191
did:plc:rstxdw4yxjxnxr6bnrsqku3z	7.47450897152082	1.82246026177191
did:plc:rt2rda5rvxp7yuwastciwdxp	8.09459994989386	1.88178164308939
did:plc:rtbjm5k7txpjojdprweuevdn	7.5214942186087	2.10263783075247
did:plc:rtcbmo2ilevmvusvf42netsb	7.57406616465289	2.19513478840539
did:plc:rtgruiv6zdndjr7bpisovhai	7.297292817269	1.75394383521338
did:plc:rtkmddsvury6fkinpz3fql3n	7.49349135436462	2.22742706709664
did:plc:rtnawvgru7pkebpfifmfqhde	7.14959409754032	1.79991778125324
did:plc:ru2h4v5el7o3qeie37ywalo7	6.94975835715037	1.70687381785707
did:plc:ru4jkdamxlxk4sy67dnkwfet	7.54222652573868	2.29850284621029
did:plc:ruge47hnarlquzdzarpvuycn	7.50629622923115	1.65001577161808
did:plc:rugyykep2pxbw37w5qomvejx	7.29544203442845	1.91653886765642
did:plc:ruhwgda4uh6aaj4qe5ncapj3	6.38562693230721	1.82215157613124
did:plc:rultirwwswqqniuuwff5teu6	6.99348053542217	1.63688308145484
did:plc:rumk3mjhfb5opitdv5bqklxb	6.60834418851867	2.52720458203461
did:plc:rup2djzeirknm7hkhjfxu44r	6.6616032690351	2.16989247270809
did:plc:rurkfqtwyyyaluigxheplmq2	6.41025993881345	2.10313602006125
did:plc:ruvetlsdc54lh26tfsepm2nj	6.17282613934649	1.72171491297738
did:plc:ruzcwvpki5gu2bpr2u3qzvxq	6.696257368922	1.97464713447406
did:plc:rv2x6his7boq6kwfvkjvsnvz	7.49991058378508	2.08965120182514
did:plc:rvewiip2cyeyephjl7wdgfad	7.40733243258674	1.68438077269583
did:plc:rvk6nydmys6w3twrzs545tqo	7.61659315466	1.86157051141302
did:plc:rvlqapg22f3pb3r5jueibqd2	8.27527237165593	1.84863489509377
did:plc:rvqnjzvqqkjj47sow523lyvm	6.34205849716028	1.92520519095527
did:plc:rvso5dgkdkgw74u6jldhq7lj	7.71388631054034	1.79820679950721
did:plc:rw3xa3lwrxoqx2g2rcwpxa34	8.20179434175532	0.938901349240986
did:plc:rw4pyorr6qnogispune3lbjy	7.24705522473259	1.819382500594
did:plc:rw7w4vsm3rczpocqaxqrz7zr	7.2145281560522	2.15960114681623
did:plc:rwbnw62z67ksuua5yr6l6xt2	5.96475418177572	1.77100940743196
did:plc:rwfi23iy57ralj7itq233u7a	7.49829700936589	2.10696116720384
did:plc:rwgvvnk2ezanytzx3eb6s3ax	7.05107508064843	1.74854777790826
did:plc:rwmv7kb733ph7suxdff5lmhq	6.49679881641826	1.85812512616565
did:plc:rwnu7ryhopnffcezkmn54uva	6.89816146164472	2.1027734924594
did:plc:rwr345vtu65sysrxhe2j7yyr	8.70480996114363	1.28175631333222
did:plc:rwsry6dhmmiqogeqzwewg2cb	8.84908198659992	1.52702827475663
did:plc:rwtb4vovgiqxlecmw3oqzxte	7.47373399021781	2.20291443356927
did:plc:rwvuja3wdilfzd2rtbs4ndqq	6.779811661886	2.05082462902659
did:plc:rwzrkj3uoxr3rn66ecihpzko	7.45323384699047	1.70482139196359
did:plc:rx2i2c3szxjxgqakfyeoyimm	7.16008051622671	1.98663505477293
did:plc:rx4jjmw3q2ru5fvcz56cnxts	7.42576376711615	1.81920011047329
did:plc:rx4uxfvftwsoctkwyyclxemi	7.66322850404622	1.98732298099181
did:plc:rxewezehuhvqldsim2rkwmpd	6.4481773365656	1.86573603270735
did:plc:rxhbzym5djndiiokpvz25aid	7.78630247133524	1.86277179312855
did:plc:rxrbg2hdapf5j6dv5epcedok	7.94755484711573	1.5159140318883
did:plc:rxt3obld4cexb6xqbf2rhkr6	7.40242892062968	2.48553794687258
did:plc:rxtfvhnwhwyqqv6giwwb5gfz	6.18020154662651	2.00787667390525
did:plc:rxvna4r3svpwup2bzoeihucn	7.48494810354258	2.12534807825563
did:plc:rxxlbsx4pyvswbdjpahjvr34	7.8500631671594	2.12870248989276
did:plc:ry2texju6oo3doksj5zem3nf	7.17890292221866	1.6384197977318
did:plc:ry2ym6ulqzgz54gepu5qeut6	6.66674522146634	2.06777945536844
did:plc:ry7dkczf6iiocwsaocuqjqjm	7.63646149125521	1.6936398606025
did:plc:rya5euvyqiosffpyxnq3eyrm	8.16712288664022	1.54765632611054
did:plc:ryfe22i7dtnhhbblql4wyc53	7.50734709911437	1.82025499690084
did:plc:rysw3f2632rmndxc3vkpabxz	7.7496824078097	1.91196276630971
did:plc:ryv2quoip3jp7tea6usyq7ei	7.36310405067164	2.13130082373254
did:plc:ryw57grs2pwbqwnkuks76ylf	6.84910132621291	1.94997490579157
did:plc:rzh5mxcc43s5dmq4w6wto4so	7.08803802192506	1.49981276048242
did:plc:rzikezlfdcppyqcxkqjhielf	7.76893532377438	2.00228893589714
did:plc:rzkenmeipfagqf2d3sb4mmob	7.86321318012473	1.90420718274494
did:plc:rzlfh3xfljcdnqwjgvyxwou6	6.7903240456745	2.65848798222916
did:plc:rzqmxvi7ozqwfwybt3blqmcz	8.14758509124631	1.77471014197158
did:plc:rzscuwmdn2if5p43zceljswx	6.04963455820657	1.77487051980464
did:plc:rztzfpkfyejs5zubxk7yuavq	6.61141672536998	2.52138723560612
did:plc:rzuzev5v54prdpcrulnso2em	6.5572271280772	2.45214147331573
did:plc:rzv67u2muwwy2oshvaumxts5	6.96296844090009	2.01202833701381
did:plc:rzwx6fedwv4xqyxlqajd5yv4	7.42436604541046	1.42844665521564
did:plc:s25umdbew3izete4ahs5xyjj	7.13529803741628	1.83822147570386
did:plc:s27fo7dzltw3acjxxld3rjmb	7.87373115302138	1.84064976907629
did:plc:s2e3cmknzf7kpk6s6zut5hqy	6.73574091238779	1.87681736732374
did:plc:s2hapmitimysnnzd6ew62eiz	6.43698077060313	2.0292272321862
did:plc:s2hcahkeattb2j723zrrjtmm	7.96696838787775	1.72159885107485
did:plc:s2sinnxd3vczvbqbqgbqovey	7.21604272988409	1.68423753022626
did:plc:s2yjtyovansh33ygtydwafg3	6.54763247475573	2.3890092621773
did:plc:s2yszeew7hxyzm4i7rw6cvm5	7.29928959245019	1.87968761215337
did:plc:s326gdnxzyas3xgay5fexuju	6.96676771946174	1.81658989393957
did:plc:s3beuv2oio7jho5rtkiejdaw	6.62818376170371	2.59265984693169
did:plc:s3ouuxrx5sa4ixau23evn6yd	8.28006980281074	1.64539885097246
did:plc:s3qvq6hmgjj2posxr5dexmvx	6.51043322437812	2.12515144835679
did:plc:s3rei4eaj2t5vzygjdlr7mry	7.13556708961524	1.77363789161563
did:plc:s3rlsijw3qyicajpdhxcov76	7.15644611474808	2.04177185267993
did:plc:s3rulpxzjlkqfhelqkzpz7ix	7.35469842064421	2.37566053498579
did:plc:s3yv6ssdgtvtraxoeedidp4r	7.35317245548699	1.63584253433143
did:plc:s42d5nyl4vodg4hyppo6x5nm	7.13488398522922	1.88460393964177
did:plc:s43ublx3tor4meqkxsoy5hv6	7.36412223081557	1.95659001786348
did:plc:s45fvypxmfn2o7vssrfcwxg6	6.96524229003397	1.83856519695791
did:plc:s4awvtfq467md2du56yuziim	6.96999490978549	1.6657488724038
did:plc:s4blocfnp4ykhu3fgk23vdng	7.43179539989786	2.15197397608157
did:plc:s4dfaymffawu5oovhurs35m5	7.14496177026747	2.18302952449207
did:plc:s4ewlkbx46u6pqwb63bdvm7x	8.13388091755096	1.79266930903319
did:plc:s4g6juus2cjatxupga5jh264	6.90786585663213	1.78701717783526
did:plc:s4hfdl75tnmrlepmxy23e6ke	8.4991775180782	1.29881451502881
did:plc:s4jqchb2ucbixu3npxl4xxyh	5.49919581440785	1.89130922932222
did:plc:s4lqgia5lo5binqhn2egbpkr	7.23058237211603	1.88749029867664
did:plc:s4m73wk5b6v5chp6g77v64ik	7.47803094059104	1.54737110060359
did:plc:s4n7quxwr5hdqh6zqxeumwhh	8.31167886882283	1.4997441774819
did:plc:s4ntsnjglfm2wx5isj3r2fln	7.44144907865236	1.63478220948417
did:plc:s4pui2ymwjp57x5qwuscw3vy	7.82189704245059	2.09105336287351
did:plc:s4qpqk4sfm3oe4irw27ssnvl	7.65323114775104	2.00189533324832
did:plc:s4r6aagja6nlblpuzsv7osfx	6.54650227883683	2.62229296651846
did:plc:s4ukcs4scvgcufghq6zscw2t	6.85202104122787	1.90161963228446
did:plc:s4vyndki2hx5f2prfvhfdj5n	7.24723915595251	1.56054511551349
did:plc:s4xbxipecga4c7alrmevihoc	7.21101126492436	2.6590869058059
did:plc:s4xmseub4a4pwwetg2xxmcyy	6.00738674685868	1.18504781693322
did:plc:s52jt7sonsq4fhirfc3fcp7s	7.40672823602661	2.33154715657131
did:plc:s53g2f5abjyeqxix22rexzij	6.24006079216251	1.73549121800663
did:plc:s5c3wqjr5lqogiwwbeihvh3r	7.02425200467986	1.91266261695312
did:plc:s5idwuctpnko7gvp34dn5zsa	7.41414312283806	2.18647972777079
did:plc:s5nlohrmbpnmudowqgvpcbtn	7.81852155927665	1.83006627367516
did:plc:s5oztn3uh7hulgx2uqegnqkf	7.17221727590809	1.88469131039054
did:plc:s5qeqjlv3pcvppt5hpyryl5g	7.35813203883514	2.00902549514207
did:plc:s5to3ufnqgyfe6bplhae7i2n	6.8229985581284	1.96516122356056
did:plc:s5vh4zz65przyi4xhffvjqas	8.08688178389068	1.74327997186182
did:plc:s66k47fucy6tb6lcr7d3rdfm	6.73084383838341	2.0340048513537
did:plc:s67e2ew6mvboyqdkz2yp5ona	6.6876642299278	2.43346826805528
did:plc:s6exybe3tnjxja5tmrddbafa	6.99146499564347	1.63750598347172
did:plc:s6ids3mel2rg2lesialzvy4y	6.91881997453955	2.37473676579346
did:plc:s6s3d4kym7jw67frwzmjduau	7.1413388485248	1.9176627108117
did:plc:s6t7q4dq2tvw7tutupf5bujf	7.08289113712136	2.40179996899137
did:plc:s6tpozozxim7qdbp5jcpqfjy	6.01420990375088	2.16104851385382
did:plc:s7bslcyfgt6nwnadsorwf5dj	7.66621727154418	1.72775587226599
did:plc:s7ek4kqrmyfdrwgs3qjvr7oe	7.21812994736322	1.79286123019264
did:plc:s7f5o4xnx4o7jziikmlm52ba	6.7747359503784	1.77882438824922
did:plc:s7gcfznt6zd5zqvwa63skp5x	7.175393660328	2.32188139824976
did:plc:s7jiqdscbuljqsbirvxd75vb	7.21262000880451	1.79832995719807
did:plc:s7mmrlsoinmjx3coh6axtffm	6.98401730058338	2.1789979357037
did:plc:s7o3rzpmo3q3mkqdyrea6gq3	6.66069339693591	3.0062990932602
did:plc:s7sasabz7qp637rkp2l6ueqi	8.0396701572175	1.70287086498653
did:plc:s7t3kzcvoknvocf32nga65pk	6.56220780067058	2.12818639818835
did:plc:s7uupeg7dqfly33xgsgecb2a	7.68974176538718	1.81465960836075
did:plc:s7y6tsavxiziceucgi5lpgtv	6.78711634923233	2.10933000451562
did:plc:s7z2g3s3fzngkedw257vqlfp	7.0238209348142	1.98437428203327
did:plc:sa27ronh2zvrkyrxmcx5e4om	7.52087866820363	1.87035106538475
did:plc:sa6ptg67372s4dky3rt2zzxa	7.32305939891424	2.72232461486628
did:plc:sa7a6gezq27yzhjzhyiraw4w	7.03309466091308	2.11648495483211
did:plc:sa7irpwcf4tjyu4chfzm56ef	7.50987663531145	1.61037281032407
did:plc:saa5vh2sw7fduqmgb6y6at5i	7.55361454152453	1.41734323121807
did:plc:safvjvtym4z64sok65vqdniu	7.5262724575209	2.37490401418038
did:plc:saizezekrfwy65xtswbk4bdf	6.88709348187874	1.68721809746104
did:plc:sajjvobljf6gjkaowmre4lfk	6.97007431178028	2.30016652667674
did:plc:saqh7oiwg6ssezplk5c523pq	7.56726967535644	2.08600965890254
did:plc:saqlwkhz55ia4ulzk4lvord7	8.25282730916666	1.75280061631288
did:plc:sarprbitrjg7pshqklbyodqm	7.6981213610117	2.05300516949713
did:plc:saxzfn75d5rlrr2irzr5xrwo	7.06419142346099	2.048782102453
did:plc:sayb4iianw3sinii65wnpnzw	6.8101919205867	1.81066499027034
did:plc:saz2rz2yyafbjgqaxml2iexr	6.2402698941797	2.79231704032722
did:plc:sb2kkroqkqbzew5dsjxwesft	6.58914002221727	2.01196012141052
did:plc:sb33v35y3eyzvrinr45eqtdr	7.51305979948666	1.84001293499931
did:plc:sb4x2bvasc2bvaroq4dqbnid	7.13954617196496	2.28879286738782
did:plc:sbejnio4a2ksxrumsftmawkp	7.01525425932705	1.7287410293731
did:plc:sbfgjaypyqsn6p6otemxuksv	6.84405085398407	1.72567922693163
did:plc:sbk2xawqgyum45ckxv7yroej	7.09094858584044	1.92641193176328
did:plc:sbkgaij4sltdemahqjj3cg7k	7.52811578997056	2.01409183324641
did:plc:sbkhe6prubq2yynid47vjkgd	7.03606341012927	1.92091697596377
did:plc:sblcefdk5i2dtneguscq25ee	6.77580257482857	2.36821860558219
did:plc:sbtyqxk4mdlndxniukmrsjf5	7.64014238607535	2.33033328267855
did:plc:sbydqzz4hnowiuaxk37l3tqd	6.36397304387988	2.26397966161571
did:plc:sc2v4h5t24boqclmgyd6gz37	7.29565117067406	1.67553637403375
did:plc:sc7orjpiaa3izbd436bylwkx	7.21672795363258	2.35831980686578
did:plc:scevxkjrv3ooe42l2mgfeys2	7.42152221088862	1.85434148428612
did:plc:scf6m2d6b4vcuxdglipxfity	7.31794952734725	2.48034763332396
did:plc:scggfkxaudpnnye4nampoos6	7.37490190690362	1.74065762796491
did:plc:scjujrccx3jm4acnrfipjbq3	6.97423366982333	2.11347633669538
did:plc:scmedubm6jm6l3v7mrwmuxa3	8.92060925499108	1.06086517768762
did:plc:scs6emtd7j7f42ngktwpc7fz	5.58898297304035	3.19893186146067
did:plc:scv3cxeseiykxzrgwepropz6	8.9789254325693	1.36987953423431
did:plc:scwxd6app7fn5agj2tchg5z5	7.82123289353989	1.919866425544
did:plc:sd2lrtzfdu4niijaakd7ogvs	7.41436565541117	1.92422276797435
did:plc:sd7q3qk6khbubesprxrnwe7f	7.32947950554551	1.70793511796385
did:plc:sdcoizzx25bmmo4mn4sn4fqj	8.90285872063418	0.817412402906763
did:plc:sdonvethvype253i5ex62xj2	6.70141795365836	1.70207154130349
did:plc:sdrd6noqxp6jafgawgg3r7gb	7.51824970945551	1.74312194572029
did:plc:sdtyxj6ed7rzkkdda32h3qqn	7.7753598742542	1.15322508487129
did:plc:sduqlqtronbuaoo37sxgkhgn	6.93829758360394	1.76219824292571
did:plc:sduxtcruyr5teseclvvamaxk	7.15873186389954	1.88268279567561
did:plc:se3g7xiccqzywmlaomtgf6ca	7.11873881002226	1.5961846783659
did:plc:se4igcoefec7ih2iajtgggqg	6.59888843261463	2.30834600483201
did:plc:se5cpshngedxknyuaevm55t6	7.29825392374032	0.884412605391234
did:plc:se5qagm2i7ktctnheyuyoxr5	6.25103036297976	0.813899235384157
did:plc:se7sqhgg6jbshe6myfegowcm	6.05121252837241	1.85684394396557
did:plc:seglcvve7ro6a5imhdsinbux	7.97172954532546	1.66917308386066
did:plc:sekd26d6pgelaoj7etokmvwf	6.37039293912151	1.9301906424447
did:plc:ses5bncd2g25dehubkgdsgpt	8.28586871715408	1.84229675357861
did:plc:sespmphotc6mlw74mrzjjxgn	6.80024309680318	2.42792868932104
did:plc:sf4udmqeoxmpebfd5pybfbvu	7.25325908798455	1.8976789835487
did:plc:sf7gw57hjmmgpfxdhh5hksnk	6.68178902805395	1.80937789344148
did:plc:sfbdnyav3zwu5l436mpqgsig	8.16287970544956	1.86113361929916
did:plc:sffvtrl2fm5kqshguhcqip4z	7.06529835198623	1.34624318030822
did:plc:sfmtppfx4eierkvkuikc5lsu	6.49105951965756	2.24094409303021
did:plc:sfnfomvx2r2jqwhegztdbwdj	7.82566007797261	1.51961743660022
did:plc:sfq2x3zjzrfspt6r7fdw6llv	7.45424126610312	1.87623631801862
did:plc:sfvq3qvjxslnword3upehbdb	5.94349962546303	1.77453985710928
did:plc:sfwmie4nnpdy56fqzysx6gxd	7.85803902881756	1.91093200081074
did:plc:sfwrfn7s5ps5x5hu24bsqst5	6.22209091224425	2.66363692379644
did:plc:sg3np2mzl2awrdsexyf3eok5	8.68089339781644	1.40412943535406
did:plc:sg477qvhu6aryx5jkmy2l44s	6.93249569995015	1.99584149422194
did:plc:sg4vkh4xuebft4r4s7fxa7cy	6.74418524110303	1.53041271466645
did:plc:sgbochhrg3l77abqgkm6dbvo	6.78879910469872	2.34302750971826
did:plc:sgdzn4nnti4vp4vragar56a5	7.51936502809528	1.78410952793647
did:plc:sghsxlimnqe64pqpphryq32h	6.42155987823506	1.94496501323697
did:plc:sgkjenxutik4oqmeulvixihy	7.52905112840129	1.78191061500315
did:plc:sgruzsymnrvn7zauvru3n5w7	6.93889030348151	1.88543573426396
did:plc:sgv2g2jc7wxmnosvqbqzz57u	8.40308088153805	1.18174957642535
did:plc:sgy7ktst7mk7e3jrwg2ifb3x	5.87364386658063	2.26891535640978
did:plc:shhfzlxmskks3d5ea4i53v6o	6.39743964629147	2.03370786122534
did:plc:shjm62y3stbu74ep43kuuglm	8.16321565777914	0.58179725001379
did:plc:shlwtojtzh2qc7wzgbmymmhw	7.41643832982763	1.68428662327955
did:plc:shq7xnbog6pk6luas2ofyn3p	6.98237285969082	2.14191849326405
did:plc:shrdjuf4qsbtpqsx6nxokfdw	7.84118453169783	1.5336727476618
did:plc:shuihjlwngfchbv7glvgz6so	6.74150268651224	2.210721220733
did:plc:shwrmrkky7cydjs4bpplvuqv	7.4141767584658	2.17892716261766
did:plc:shyfihugxqlcaetwx2fe3uzr	5.89312402949469	1.88015500638663
did:plc:si2hrr2xxyfiy3nzso2fnfld	7.304802386454	2.10638294037421
did:plc:sib6aqgjeqex3vvnrd6po7zm	8.58792094750177	1.78958715080529
did:plc:sigfvqstmmmchbmq7gvnmkbf	6.63621500179276	1.87911250390249
did:plc:signxf2ut3czb57eeqdcr5l4	6.96670608910288	2.68878500393379
did:plc:siimcjdae7jsg7s4ivc3lxvq	7.89474372531111	1.72999876695386
did:plc:sijmwr4w5l5nadt6hpp72aky	7.67988141163841	1.5428654483278
did:plc:sikxm7ki65esx3h64hidmnwc	6.59745310273061	2.11909837014902
did:plc:siotgr6rcboc4s2ljvsgqklw	7.93912972439477	2.01943074131455
did:plc:siqo4syahh734pagtecjwwwk	9.32709559584294	0.866592093484666
did:plc:siraizzng2bg45wp6ksnszph	8.1935034620551	1.82828919385689
did:plc:sirkfnxr4uoc6slrno5eqenu	6.88052990170389	1.51497958471647
did:plc:siuhkvwemb7hruhclywv5sud	7.65664962946016	2.01291945591046
did:plc:sivll5rlerq6nz57oy2a3tnb	6.55552599559541	1.81268513054281
did:plc:sj4cv3uyal5ghlsa3yrcchfv	7.17390081493654	2.5054296761221
did:plc:sj4egcoonnwrbkogilfhrc6l	7.33714743337589	1.89114515953831
did:plc:sjcuqsz54uvcli2nyfpll5e5	7.57117070050438	1.95206881914099
did:plc:sjgywppvdqddkexnzkyifiwf	7.93707594715842	1.60186007246982
did:plc:sjkjr6xfa5cwb5pjvqvjelpy	6.31395766803963	1.98041555524869
did:plc:sjkw3kg3x4btqcy5pktgzv6c	6.68165598393776	2.09715367434476
did:plc:sjmwl74ez5l4zdogks355ujk	7.8878625831684	1.77373254263199
did:plc:sjrvji24p4akya7sfw6ouzya	6.82065941143737	2.57795733754101
did:plc:sk73vv33qd52ckkibx6ntktu	6.69837122597436	1.76850960390157
did:plc:skcb25oqtmz7mmnbm5tizblj	7.00848387358213	2.6684121099771
did:plc:skcjbsglefyghxwxgccgqtdf	6.75736278571481	1.96863412313294
did:plc:skcqmycupcmcm7xmt6wrgij2	7.30639937188127	1.70694504319161
did:plc:skdh74frgax2datiljw4czfk	7.44767669239447	1.78739318147134
did:plc:sks7ecnedvnb2rn6pf44khrf	7.37971532615559	1.67503363216242
did:plc:sksraffhjy7m7vzixudqh4k6	6.87924575626079	2.0261974196727
did:plc:sktqhif3icbj5gcvfyejosi2	7.48076134061795	1.63787933238227
did:plc:skvhemrouc7ouzgwjemsiv4e	7.12649297418737	1.85524587170087
did:plc:skz5xrzobkp7epwwwnnvuy3x	7.55830664157487	1.7093588397812
did:plc:sl7i7vh4jhd4fc76rqneb4o6	6.66908460665711	1.91025871108008
did:plc:sl7nuphudti6azxvscqqxuub	7.0557572328884	2.40580449821243
did:plc:sldriwv4secsefloileqoz3n	7.64066884541386	1.62352702253168
did:plc:slduuw2clw6tgux4yqd72sry	6.3947886356361	1.78908319744663
did:plc:sle5yphm5hovmcfnk6vwgz4d	8.09965394681403	2.0639990910986
did:plc:sles4zd3py745eykd77ki5cg	7.30609636002603	2.23515533208368
did:plc:sliimsemin5qo4qifujllyue	6.69366377690335	1.91763711581162
did:plc:sll5ecjr4mqv6qxnmda5s6jv	6.8463528592855	2.05812271478656
did:plc:slppg5vp3hxubvcns3c2zv56	7.16143749870889	2.05793299149619
did:plc:slpso662jxpwxxlvth357h7w	7.08393884646232	2.00229724685962
did:plc:slqhlr2hemyrzhliq7of5fdd	6.89695949060819	2.73048156975938
did:plc:slx4tjpbnjqcqrfjbtgaug25	7.25339764620479	2.37812024491805
did:plc:slxanvzeo53qfvgn2dygkufw	6.84452192573535	1.89185886406882
did:plc:slyawqdj5krjd42f4pgyq5so	7.2472114007801	2.03568902333997
did:plc:sm3ionqqiab2y5bhsf6rgofr	7.51386200486051	2.01053859703048
did:plc:sm54cgmnmixdbml32a53mqgt	6.70001794562701	2.24181509204181
did:plc:sm6kn3e5cepcwnm5cg7k6ed6	6.76400498543591	1.12215088498362
did:plc:sm7pnfzxks4oe6optreoqqur	7.11224501490263	1.88369768058041
did:plc:smazgar3z3m64m4bvt6xa3xc	7.13723594725791	1.90055620082006
did:plc:smgpplnewazuz3lydoco6gut	8.42384393967288	1.45703610845906
did:plc:smi3brq5doao75lizw7s3qxx	7.53086947662958	1.53984943759174
did:plc:smj6j36b2ww5karq6pphid54	7.92811564640601	2.13359078960534
did:plc:smkktkz6isagbnpw4drtjm2t	6.65405223061278	2.8111587633614
did:plc:smlbffgldcetwrqsbbageel6	7.05486067474621	1.91329331077604
did:plc:smn2uati443v3gbuvgifl6jd	7.03418760226103	1.94073667197801
did:plc:smpohefudmqqiulkwusx5tg2	8.68315998132016	1.30586428458804
did:plc:smqjsqch57zm7u7ybzii4wos	8.32265414750339	1.47933742798962
did:plc:smr6xwab5lr5yec22yks7rdb	6.79878217425587	1.91716368733479
did:plc:smu4xe6tnpixwoi7np6yeixp	6.83311157245801	1.78914361155635
did:plc:smvpxrfbqcujfi3g7j5ntpug	8.24354174666655	1.62846731871104
did:plc:smzbdss7vorbt46gsjkk7bap	7.32841185566443	1.37068998006548
did:plc:sn57d37q3rw6c7nydnjh6aud	7.86892319474578	1.56049588425781
did:plc:sn5zjcrl6kdwrclga3xblomm	7.37181939114855	2.12950050430036
did:plc:snaimevvfabka2y43dlxg6qw	7.7335425881724	2.009438736656
did:plc:snbm6etjtqnajjmp3sgu4575	7.88500558071431	1.63327803963019
did:plc:snimwvaqm727g2psdvjjerov	6.38623544491149	1.8803538833421
did:plc:sniz2gsxypzpdfgv2e7pf7s3	7.13829547870025	1.96703029993706
did:plc:snjtnbistujzcfa3slgmahkl	6.83792039823628	2.05779495843137
did:plc:snkalz3ytenfqtqpvitkzddy	8.10276330997161	0.0813145388921393
did:plc:sno3zxvql7eh3d6h6gcl6zmw	6.17519610763223	1.9005687388376
did:plc:snomeouyqelcxddsdcistkbg	7.13745059429399	1.94965907946852
did:plc:snpk4pwexebk7f54eezfvdri	7.18087750763383	1.81903335291948
did:plc:snvyka5cmmiktj6ayarklq3e	8.20194835034502	1.23399745429449
did:plc:so6cvfhakm7kc6j642pqtqil	8.04585033355632	1.61284328022371
did:plc:sohbdlkxoo7halvd6sdczchi	7.25010519716453	2.4466387784778
did:plc:soiy5k3ussz3gponiu4g3wr5	6.09328776431425	2.00844188003394
did:plc:som3ptaouv4mm5m3ajoq7r74	6.91866345149098	2.07505794833745
did:plc:sool4t2q45yxqave4neyjxaj	7.23702267963746	1.46457390356872
did:plc:sos2milpoiek542bd5ix5qwj	7.59119872838869	1.53821590341973
did:plc:sotopl4ahmgjijkkpjnrunyq	7.55352500243382	1.97676575086769
did:plc:sotpdkkretr3btmgogr6pzit	7.4758739399185	1.87965499871504
did:plc:spcd5jese5xkxdlyqjoglysv	9.67211356895734	0.482912249780532
did:plc:spdpnhjisdch7ims4yua5lgw	7.17678084935849	1.71654336417504
did:plc:spgzt34jc2k4qq27oum64bwj	6.52634599262203	2.22499875293946
did:plc:spjdki5kry7vdj5zqsqa6t4v	7.83406227578298	1.74645537292999
did:plc:splnokcw5bz2h6ccjqy64svy	6.46105312726184	1.88093447528177
did:plc:spmobigozcpveqrujpg4xppx	7.46322771630318	1.70960869435228
did:plc:sptqdgbjzsnsstk7fvqdie4i	7.1422161143554	2.19259379213438
did:plc:spxpaxdhxjekbwcslymt4bw4	7.26023624704815	1.52250650465514
did:plc:sq3xfiscwwymzdo7mhvba3fu	8.12802504582694	1.94044409320012
did:plc:sqai55nv7qhaj7af7l74bpqm	7.15527738048553	2.26939201047151
did:plc:sqc3gc4uyehfcuw5p3ghxfpz	8.25840726863615	1.72581938579819
did:plc:sqrqnxi32zolceitmu2wipx3	7.16022165216811	2.1159581692118
did:plc:sqtfvphoeh7vdstwo6c2rf4b	7.52232675604376	1.9930793384149
did:plc:sqtm3ilhgeqk5epmxcfr4nto	7.63733468008596	2.03393690660934
did:plc:sqwv6r37e5vfagsxsrfmfxfu	7.70994447337818	2.16036126302929
did:plc:sqzbwsopfbotf2aabrek33nd	7.00128055149651	1.87801790283747
did:plc:sqzg2laixvtfbat2rqtodu6n	7.01245804456404	1.91900634096356
did:plc:sranbvoqpug7ljyqnu4uhm5o	7.35863153100203	1.95235438263906
did:plc:srcxy57r6gbjvlv5dmnlmdiw	7.90456666715434	1.81442568834368
did:plc:srkx2bqqx2y2vwrnyr65zk42	7.16300600228181	2.87814601300358
did:plc:srmgthk4wnqdbgp2vnlib7qd	7.0754346839497	2.10364282848544
did:plc:srp45ejz7qahlzca3f7imi5v	6.87860504015572	2.31962704005375
did:plc:srtwnmn6v4qkqa2t36ayglr7	7.03972583416771	2.1148875146707
did:plc:srwmubm2ke3ljnrr4372ag2y	8.45161433894412	1.3554167745572
did:plc:srx26z33xpwycv6qewctaj5w	6.48116709406574	2.20313135903895
did:plc:ss5y5g3uxj6yiy6a5pbcng54	7.35004461645659	1.67505379446801
did:plc:ss7ebrsd5ge4bynjksxjban6	6.62401253285057	1.9200573838798
did:plc:ss7vei4mnsjf4z7565h5duzi	9.2048610612075	1.35140685347469
did:plc:ssb4ijdznballxyv5rp2u4xs	6.93531097037513	1.70077777631181
did:plc:ssbupesknfx3aexg5mcou65t	7.48681660130652	2.05492695634777
did:plc:ssez7dxhxnwt6xifcqkm5oba	6.16084299812516	1.9544119871018
did:plc:ssi3f7pikrj4vlvcgcjm2ws5	8.43284757002368	1.49195302294664
did:plc:ssiz55mu5gllfd7lcf6ed6qb	7.49325229684689	1.89899748347747
did:plc:ssm5sjzm5ut5l2ftufp5nxwv	7.17493195262399	2.11883004140397
did:plc:sssda2zk2ifvtybdlef4fojp	7.55901375669015	2.03055121104603
did:plc:sstug36f6njioo6diyolll2r	6.50900376111252	1.79382994809064
did:plc:sszm2nznzl24642i5nvg72z5	6.63961883489245	2.10190239169677
did:plc:st2vwrtmxlpwyu6wuc2no634	6.71491362520755	1.92277138070633
did:plc:st73qxys6qrdyuvpiznmrdpf	7.92423186090444	1.53067452812335
did:plc:ste624oyvmvembi6kpybz3k5	6.7482063905179	1.77373778732742
did:plc:sth5uvxkihodbp6xkvoc5awh	7.08012908824507	2.5421742862095
did:plc:stm6fnm6otunfwpnfkfxtr2n	6.43253177639508	1.71028294267431
did:plc:stnlswzf626mdvee675reke4	7.46193069730498	1.99590844759211
did:plc:stntvkkd7tj2xwkb2754th3e	7.79577858850532	1.79745598386977
did:plc:stpygqxlxlb64cuocivbt7aa	7.12155043260249	1.91913239256728
did:plc:strk45nk7ctvnnkzxccsxutq	7.51112058177548	2.05398332065349
did:plc:stsatej5ay54vxjmnz3bqaur	6.94558774344403	2.00495376100845
did:plc:stu4uux6yb4mfxujx43hcbcg	6.60867410444768	2.04662866422671
did:plc:su3ecurqlglqwqljz53iixff	7.10855522062823	2.21006640830552
did:plc:sudatkvunnzd52nb2howy57m	6.48687929514177	2.11021606054185
did:plc:sugxutt4xqbdzlvlfoh7ud45	6.92230417773695	1.57757683570508
did:plc:suhhrbeymdjj7hajowatznak	7.31052588581889	1.69114454260484
did:plc:suibqj2ppb4544rryvcofwuc	6.88996177543766	1.99263842348446
did:plc:sut7q2zxaofhzxnuvv7geewu	8.48905105927711	1.11343084569903
did:plc:sutdz7ckbicr6cdivxfs4cn6	7.03950799548971	1.80240209983735
did:plc:sutg7jigqzmglzoak6bchccd	6.10699098370214	1.76985155703889
did:plc:sutowzotoqtblnvjtxchtdgd	7.82322467065904	1.86555297846177
did:plc:suxzfy47cqmijduj3kyr7rx2	7.66555022783745	1.75330785517185
did:plc:sv2e7vbnkswgq4a5l42defly	6.78814062692322	1.89129723460144
did:plc:sv3f3p6wjopo6l7fqe5qsfzq	6.85777877340404	1.72338833792201
did:plc:sv3mq4q5kpboiszuerosc756	7.72923748737368	1.61047831287597
did:plc:sv3tbxtrylnmbvxs7ynkmh2o	8.08143290943184	1.19262868888656
did:plc:svbhq7n5s7faq33pqbu7udyw	7.5205318151209	1.93723221057621
did:plc:svcz76lltjbyyj44moc33wgo	7.13787437084303	2.4080243871744
did:plc:svmmhn3suffjnyf27biyzknc	7.17884157889834	2.18523641851027
did:plc:svqduuqaxg2xo5ujrkzizen5	6.87994770241364	2.45364433237216
did:plc:svqkxlmbyx43a2ktl75g2ht6	7.19317611427831	2.17292164757575
did:plc:svrdtqhmmgwkjn57jlrzjk7y	7.54532047957685	1.62214405856821
did:plc:svrjgwaudf5ti7awm2ogb746	7.65396544617062	2.22702753511363
did:plc:svsoxtgai3o47uaxjucqzo2l	7.04772820683426	1.89962549819593
did:plc:svtfs3zoh2w35b62252dr2f3	7.09578783692196	2.00860019231122
did:plc:sw6kzgunzwryurig7f2q4dyx	7.40302572379727	1.90185107891126
did:plc:swgxwbir4rrimj57pf75jckf	6.48723008049039	1.78697298050558
did:plc:swps73mppnodcr4fxfitpcti	7.70572386590666	2.23463628134528
did:plc:swqgf7xx75sy4kn5azqetvh5	6.92308144133775	2.08835274177835
did:plc:swqzsomubbgzt2bmzhmddj66	6.2265732098081	2.22927836308823
did:plc:swuaxfrvaa5cdweuawjdkx35	7.41610143030322	1.61337715373717
did:plc:swwckewmvqg4m5z7hdc6rdld	6.53770337233206	1.98733136683125
did:plc:swxfaiw6i6czq2wge4zr4vmf	7.45052389493921	2.00780489373295
did:plc:swxt57cdcprf4xtmzmpn27cl	7.01362763816818	2.28089404946671
did:plc:sx3eayoile47ihewwq45lrt7	7.22692974942568	1.77688945470853
did:plc:sxkmw37rd2z6kj3fgylugtd6	6.61670233181533	1.90003549559323
did:plc:sxmyvs3v7b5duqqjxrwwaty2	6.21716299246486	1.8158438018515
did:plc:sxq5k22vwmjrg3lkmyp6z6b5	7.13697452788691	2.70961217139287
did:plc:sxrh6ppaw3ms4njawldvecnt	7.47467900010995	2.37970365744011
did:plc:sxrtukqfuylj2pegpcmwojzt	6.65787580916244	2.20252247948682
did:plc:sxrwgmtzxs36ev6w474utwum	7.61866185884443	1.60442087640849
did:plc:sxswoeiwva4oywttssvgnfdy	7.34915872304148	1.96918728125399
did:plc:sxto4mhhxxyoxfseyrrgszeh	6.77263259752268	2.23073387874744
did:plc:sxya7yqsplenc3w4bk2bszvx	6.58607054593044	1.63231886355226
did:plc:sxzgerd3strvmq6g7hycdc4a	7.60746132100128	1.76999631723671
did:plc:sy3aoayqgwgaezooqujft2rf	8.16265806344447	1.6824232173141
did:plc:sy42rj4nkl372n6mqlmvm2j2	6.53100403234078	2.46613511214041
did:plc:sy57r7kqazo6cggwkycmwmwi	7.55151726388399	1.99870124813286
did:plc:syczou6rias5rp24f3aqfisz	7.34926183353095	1.46287884017154
did:plc:syfiad3543ch6p3qvgwxe5qx	7.5452802540924	1.62808242160395
did:plc:sygeqypejqfshk7b3ckwp7r4	7.85722113547416	1.76270965284526
did:plc:syjj36vicf24xhgh2ras3zaq	7.43678205601788	1.63119648954541
did:plc:sypvr4hor2cjqk2vvpx6tctn	7.18956805791203	2.11237001130556
did:plc:sytdxy3antckx6xbfjapmydp	6.31106693730928	1.27028519855697
did:plc:syx3zh3vg2znbzeqnpsji4jt	7.67656950392015	1.66396064630309
did:plc:syzopjcnhyj3xhttyzlbetzu	7.46492415146268	2.09726759520247
did:plc:sz2k2l5y4gcv54qrvxutd4mb	7.54065855712821	2.26295365894393
did:plc:szf7j23524w36duk763uzyu6	6.91534297565313	1.91017278308304
did:plc:szijtzdalipozkki63filjew	6.83087431760278	2.52708124077031
did:plc:szpxflhehhwwiktsyordkupk	6.76190328488274	2.40465749066923
did:plc:szqhu252ws45ohmusjfltkov	7.26739113594207	2.16716549006408
did:plc:szt3zclf3jlqf5lrd3ydzyty	6.27390217496399	2.69572857109491
did:plc:szuzrxfuifmt4zpucfndwlna	8.07466948926334	1.54672566491574
did:plc:szwhn5eysedmruucr6kjq2k3	7.40686995109592	2.34212444093261
did:plc:szx2gb4koqtqiwv54aolakmc	7.57549501159087	2.17571508112853
did:plc:t2hansroh7txq5vmd3n6lks6	7.92577860389856	1.59750005072059
did:plc:t2l2nt2yb3deysk5367hdlr3	6.25401097381893	1.90261874661345
did:plc:t2nbwmtyzztslidbrxrfcm6r	8.73334950742462	1.22170408262049
did:plc:t2pihqqikvq6kj4pnimsqr4q	7.21014687669088	2.38767185621405
did:plc:t2wzqx43jgjkikyqzfrvjvuu	8.70362708464194	0.683244838002751
did:plc:t2yu5uipmf5v6i73ksdc6zoh	7.07303375764044	2.10890476491535
did:plc:t34tjlvox3kmbryjebbxzbjg	8.54142346028381	1.57013684852399
did:plc:t36edf3r2ko5jlegusmxchgw	6.75080516338188	2.6489851507177
did:plc:t36uh4oqvklnuqy2hhdjjhxd	7.84866227216381	1.63384894855062
did:plc:t37dzlxi5eij6z4cjz4ff5bg	6.96757939029052	1.89729926381548
did:plc:t3fzyuyfhz6h3qkthgtm37xy	7.36620460234877	1.7767112270129
did:plc:t3g33a2xy3e2xbd5smsemduy	8.33695136318121	2.03602156369325
did:plc:t3k3zejouvy5oucyc7e7uhlg	8.06511445371868	1.30152769633598
did:plc:t3nja6pff2r6t33thpzntcyw	6.07881102708974	1.466766407586
did:plc:t3o4nfbk4lq62necw2n35m4f	8.03751449786311	0.559049250073903
did:plc:t3qzoo5ia4sjwf5p4vhdgzbe	6.4242844968051	2.19903734393681
did:plc:t3sepgmdkv5jxuz5ipmgiaqa	6.6148649584755	1.86471745759813
did:plc:t3srpzfu2i6w6n24lvvjrdzn	7.23398720321096	1.6659156454578
did:plc:t3suidhdepxj2ognmo2svecz	8.64295120260777	1.75303873297931
did:plc:t3vvk2bne5a56p2jxdfu3zxb	8.25838322903561	1.79459443486076
did:plc:t3wbiensrdnpavbd74rv6pgr	7.98286896823653	1.72647731003818
did:plc:t3yttdx7gce3ln2cdnvaggjg	7.58142691068914	1.5318767203265
did:plc:t3z7zda2rnm772yaid5x7kxb	7.92078954153784	2.24678496999757
did:plc:t43wpoxk5tuqliuojbztso6n	7.78363638724649	1.63612399045397
did:plc:t45hunz5qqcbtl5oapcmgsca	7.30870493359172	2.6466391484314
did:plc:t4a2uyubekmvvgqn4b5kxyur	6.56350572400271	2.51158627631754
did:plc:t4bsavvfbjqi67v3xg5gph4f	7.07036523070053	1.93120223964086
did:plc:t4clrt3f4rtwzixc6hyuxvjj	7.08611102311135	1.84818525749384
did:plc:t4davgjnme2m2ae4wowejz5w	8.58670465360644	1.26537472783981
did:plc:t4hokbwoq6ncooj3lrifs5dd	7.77680571889914	1.84528639814391
did:plc:t4idzcxiaf5a7vajagpwnoiz	8.8857869728281	1.22304912728264
did:plc:t4lgo2xpgt4mt3ynih4e52vm	6.78654149527678	2.21010102512634
did:plc:t4q27bc5gswob4zskgcqi4b6	6.77468753311602	1.6836008152857
did:plc:t4qjao6o2xfwavfc5ewwvosg	6.3649658508933	1.94025526133748
did:plc:t4ugkdwwiy4nni4v7svyaisy	6.65827095830726	1.801408311149
did:plc:t4vsuvytteanvhr37wkft5o3	6.95028874731619	1.86546586997312
did:plc:t4yfpwlgof6swxa2hnp73q7m	6.53038531860957	2.84415294211861
did:plc:t4yvii2ivsadqr2wildi5gf2	8.42120870665046	1.74715654830367
did:plc:t4zdhbgkhh72mg63fgn23sic	7.3115017783711	2.00324694714295
did:plc:t56l3fe5w75kw74oq2sd3r32	6.71301449354809	1.76171908477671
did:plc:t5bduycg6tqqdxgv223gc6pv	6.96956690859948	1.76240742303269
did:plc:t5em5rndfpnxg2lqb67rgma4	7.59536901210155	1.79679595773846
did:plc:t5ezcfurlubwqucbqle6vjba	7.3676105961467	1.8633697754871
did:plc:t5gjavxi3wbu34xucm7pahod	6.67036338309242	1.80200453913859
did:plc:t5gqhxbfwkmefbe6qbavf4q3	6.73947935150543	2.21959373365661
did:plc:t5kfudu5ruyxxyhh7ivwmkp2	7.6149073947091	1.67157785663169
did:plc:t5o5vxbsvwrlffyaibckxrdf	7.89545695268826	1.54576710328331
did:plc:t5reoldbzwi6act6qo3evzep	6.76445282073088	2.00326828926317
did:plc:t5sfgvwj64vmmovhr2oshagc	7.75146991489306	1.31705788782224
did:plc:t5taxt7lhgyu25oq5nevakqd	7.36616249954851	2.12910201077768
did:plc:t5v76kzlwyg7kxbw2k7pn5gm	6.95062272167995	2.13287251795741
did:plc:t5yav2f5btgyygtqhsr2tpi3	7.50766214090015	1.95569847138913
did:plc:t5z3bbpjm54riowotusvqjyf	7.39874963316127	2.20109774833443
did:plc:t63jrixs7wqj3hhsphp5c4yj	6.97814851106443	2.10151643869714
did:plc:t66sjpa5jym3lmp4f6e5zw5t	7.35075072241837	2.2244711126024
did:plc:t67t5snzl6nr4767h7pzdxzc	5.90120711322104	1.96618486483333
did:plc:t6cmp6oenawazbenq5yup3qp	8.24705862466085	1.38648736792278
did:plc:t6rv55gfndnu5w3b5zlnhefg	7.78081202417619	1.96183563422624
did:plc:t6suob744ytwibspdtfbosja	6.54638670945993	1.55278168822009
did:plc:t6t642hx7qluzt7sdofrsamv	7.41449819153424	2.7385896205189
did:plc:t6tcp5pmgpojac24juqpfw6q	8.18436756832037	1.54894275778568
did:plc:t6w2wvw2fob37se35aw5eakt	7.7492039068721	1.83654135080014
did:plc:t6xm4zrxilskfwjta2x7lu56	7.14429246475025	1.25918659714386
did:plc:t76ozjh56rs4cgpjv23yl74z	7.32825650730889	2.20735690179056
did:plc:t7iqnuzunfcclyv4shi52zth	9.15545351013568	0.808879353417531
did:plc:t7jhw6tgposmhjhfjexdbhkq	7.58009904782109	1.86762777511275
did:plc:t7qkyngc6pfgqgg2etdcslbb	6.60829251499327	2.10729163439486
did:plc:t7tsuhgmadw4hr3yo2jqpsya	8.39092954511164	1.47621864232013
did:plc:t7w45xvfx7o6dfo5wd7lhh3t	6.38334415906814	1.88293911188319
did:plc:t7ylc6xhwd62v3uz4zxzwyvk	9.17071753084235	0.984071557429609
did:plc:t7ytnjuf5odx35dga3jjplzl	7.39456541404965	1.81013005748195
did:plc:t7zhe3ckedxfaznfmyivyzpn	6.60951153636703	2.55762144004337
did:plc:t7zrjzr4tlndsndmmjw6gx5f	7.76261933062708	1.84458882544609
did:plc:ta62yjc3vc5lb3ynedvfcpgb	9.3969097315501	0.788048030284101
did:plc:ta7k4o7lzcw4dzrgsb6l3xe6	7.605276891408	1.80716256880192
did:plc:taezggtratl6kte24zxeuv2c	7.24844807273605	2.24885463232235
did:plc:tajpabpw6fmqyszdnxokk2u4	7.33580968222871	1.93220461783984
did:plc:tamlxskegf74id7y3j4wmbp2	7.21155730450808	2.09621018484021
did:plc:tamrjnqfhhmhamc6u6najuig	6.49929927417066	1.6163511322686
did:plc:tatyrb3ckgigkdk7tsn5mdrn	8.08063192508571	1.51766232522917
did:plc:tawgsrpyydpqxcfzxyctzikx	7.09863756201153	2.0108386589045
did:plc:tawlifj75zny4yi5s7frfdcc	7.22399005517358	2.82416632657346
did:plc:tazgv27tmuxvjlaxrad6drcz	7.21197227216404	1.75949488670767
did:plc:tb47ztuwqkvrwbnp6qj3fkq4	7.00948844228558	1.77777337356366
did:plc:tb5zi6dlvxjwhtbth427dwmb	6.93382112635205	2.42124697729507
did:plc:tb7nv5etaldqsx7jwr4ykd3e	7.53092359514813	1.98164809811542
did:plc:tb7qf2qthaoom25g5vwus72s	7.51126933292496	1.81238497384178
did:plc:tbacfgoruy7ladjmnyyxv6x3	7.08243842805362	2.45068019010745
did:plc:tbci4h22fkoxxrpnwrsk2aaf	6.20205672588519	1.73321419494386
did:plc:tbf7n62gubvpzt7vx7tftfyn	6.90081829342108	2.47173090025186
did:plc:tbgtuvg4tus4cxawgib5xfwp	8.26634907794484	1.94102375085248
did:plc:tbgumbobuky54g34k3z3rpip	7.42904608612617	2.09352191306446
did:plc:tbjhfg2d7c57eaxdlluo3ncx	7.95329140065534	2.07286488563396
did:plc:tbo4hkau3p2itkar2vsnb3gp	6.54652873825188	1.84934102528739
did:plc:tbrruhxwcpoz5m553uo6mfzo	8.80848913412634	1.40743458225543
did:plc:tbxrfltqgn4izhxhtiyfshu7	9.12518851092362	0.884117076759887
did:plc:tbxxskkfxnhwb2flcxgcjylj	7.12228970213904	2.06312640683474
did:plc:tc3upil3llgltzqnhflynmaq	7.21040995338348	1.87182239709
did:plc:tc7dr3nj242ufib5rgs3ebit	7.49267669943362	2.19225237547862
did:plc:tcan2aghxupetzpai6sbdgf3	8.50426259611118	1.58721781568091
did:plc:tcfwvoksglgzzttzqlqpwtky	6.36422177841201	2.23289577775996
did:plc:tchczhzmuiz2bdslcqomx7m5	6.83304807066445	1.91866303245055
did:plc:tclret44j6novfty6k3kg4gj	6.39758978457074	1.93653622498103
did:plc:tcqrpunjapqos44en7rfyksh	7.10147525777114	2.63060982357804
did:plc:tcr7nxzxs4c5adjp6xa7gis3	6.05893306861249	2.08707689074506
did:plc:tcurzhaxsu2qewdzwdwc33nj	6.9045210437841	1.85976003400741
did:plc:tcxhdj3gfp67bmtaddlp3bh4	7.0253001501961	1.91525573562589
did:plc:tcxlj63fn22st2ann6yv4dra	6.53100882343834	1.9399018289715
did:plc:tcylk3k7h3ja3ngfa4ckrnvc	7.57789557376306	1.77602252743901
did:plc:td3zkcpesn5uyqspo4mxlqgg	6.87456943334198	2.32937294349543
did:plc:td6opehrtw2tqyvypyluf47c	7.77685511985369	1.77608009411019
did:plc:tdjnimf252tlse3dbgxwxoba	6.41546574265102	3.09670940477369
did:plc:tdlehveuzppqa344qq6csc77	7.99709378977551	1.69990026155565
did:plc:tdqolm2oruycrai57rst5jkc	6.64160721902645	1.78956826038509
did:plc:tdtfruibsdfwr5f2ffqn4qx7	6.49621123573518	2.79738735647184
did:plc:tdufebaafwb2zhmvdk6gw7bx	7.22023987207868	2.39038563350359
did:plc:tdvd7gf6jk2otbcutvdmbhha	7.19275020320187	2.65997777477841
did:plc:teha3z3o67maclu6bhdhayvo	7.98412157632389	2.238315001103
did:plc:teli4osisvwxhzdxs6h6txey	6.24630835525007	1.66097269711772
did:plc:tephxenzlhv2jfleckwver55	7.51111672142001	1.92577562491948
did:plc:tewlm4af77yzk4fe4nkrlgst	7.18964210955212	2.16510383605424
did:plc:tezq7wedabqr4323jeztq4nl	7.17606355106361	1.96330865149358
did:plc:tf4plrd2n34mudgi6gpvyki7	7.10405200223281	2.4994394870386
did:plc:tf5ypr7423mzqldxbnrznne4	7.18932360003626	2.27709067247588
did:plc:tf6ee3vekvhwkclzn7z55wyx	6.9222541380639	1.88330248695797
did:plc:tf6sep5fi7yqsgqdlc774nrv	6.58507031241367	1.65698982249204
did:plc:tf72msbwbiopitljpw5z2bey	6.06436348290191	2.08590942784973
did:plc:tfaezkecxsu3t7cfzr5abfhs	6.78923717579902	1.97135532418514
did:plc:tfamq7o6fciwwydompehj63y	7.27551505403001	2.11748015300413
did:plc:tfdkh5eoqqdr7m2fhx55vbio	7.71992640168747	1.74662251551124
did:plc:tffm76pyybep2ujc5vpn4b72	7.51953191261743	1.74099795019971
did:plc:tfgjazozj7le7rnjmtrhp34a	7.21049101593834	2.10353623223399
did:plc:tfhkzdee3va3h47vpmipa6vw	7.0333612533079	2.59601078935594
did:plc:tfnqvci4d4juo5v44ul2h6ck	8.23452967477254	1.09078286003794
did:plc:tfoohpwxl3vhsjqcl4suxjab	7.62303010940235	1.72105633146427
did:plc:tfroakc3lakkf4saxy2wfhm5	6.2880743171096	2.05573751154382
did:plc:tfut5lzhqmnm6l6dr66pgxca	7.58178819248013	2.05854394351187
did:plc:tfw3zmykw4hcefaydkft5otf	7.58770939202965	1.94079440406317
did:plc:tfytbdqdybbdg6ogvtn5gktn	6.17121211237339	1.77199590196731
did:plc:tg5twjnfyd5wanwfisku7du2	7.52753355970919	2.31546205041969
did:plc:tg7docvajvjrzv3qhphae3op	8.01984893523232	2.12475473525771
did:plc:tgec6bnqlbesq2blgq54q6ac	8.5020297831094	1.49339050867065
did:plc:tgfgnjoiqjlxqjmue556ucyk	6.45651017671432	1.83906358584571
did:plc:tgfmb4mnnkrn76i5m3ogquox	7.81302397977466	2.14260948271107
did:plc:tgh3v2dwy6rqufdjvcsc6t6g	6.98513312968413	1.74374026731034
did:plc:tgmbwh3vfuh3s23i5uf63h5k	6.91434681645637	1.75310814614184
did:plc:tgmuvxpoaesql5pov54ih2y3	7.72304954868283	1.87667616699243
did:plc:tgnwihypeqtnko6ue7ragqmx	9.0639307548612	1.09349263476459
did:plc:tgpvbqtoew6t3rpifghk7uhx	8.07093179314793	1.95145459957727
did:plc:tgvjxwjntw4t52xjg6bqb2m4	7.36139539430833	1.06072620528987
did:plc:tgvynt6uzsizv7jejlk26vj3	8.13666248271943	1.56042811961186
did:plc:tgzwh24tcyg3s3spxxsxrbav	6.777256403418	2.18569841986986
did:plc:th3iowagej4comvcgptvdafd	7.96856071317499	1.49695788780618
did:plc:th4e6756d4s5v54vm62yhzci	7.02182388684205	1.81058922015026
did:plc:th4kcbbh6cvts3z24dgxux4j	6.1415525509442	2.29127053663933
did:plc:th5ipsv274awcixycxgpw4cj	6.74255728330785	2.90463392307123
did:plc:thdn5hscbvcswzf4usof5pfu	8.77751949954225	1.51598992966951
did:plc:thgti67fonl3ah5valdi23qu	8.33249270017588	1.41143296211281
did:plc:thhtfe74lcl6r6zeuewtnz6d	7.30840359086969	2.36056755549951
did:plc:thkxnsenkekh7wu2k56lzsd5	6.85115061707803	0.824362153608844
did:plc:thpbwnafilb4zbxvcsnstmwu	7.25732378022538	2.02117289424125
did:plc:thscywh67b2k77h3onjyib2g	6.57261382196359	1.72333515593455
did:plc:thtevjjwbti3sn5fg2wjh5ap	7.3529451392577	1.86016079746982
did:plc:thtq54w5fcpyzgbs7hmscfyr	8.56017517033023	1.75162595091795
did:plc:thu6bm7hxfngbkrqcmkof65s	6.54326207879368	1.77247110061721
did:plc:thv6mfnsvp7nh7pws5xgpbje	7.36338870418518	1.90844650448475
did:plc:thvtffzhz53lwgkdq7m2l4yg	7.12605507669378	1.99902546087069
did:plc:thws3ungpdhglnvy3rk6flxl	7.13793126584276	2.14896954996434
did:plc:ti3tx5cfzavrdzzy76rwjzw5	6.4231028659892	2.02360581868523
did:plc:tiaxe7grgb4vnewhwqbkjiyh	7.14952943536618	2.078202347753
did:plc:timiwni3hj3wxgjz3honwdkj	6.02387278640135	2.13717071166401
did:plc:tipzch2i5ptohvqgh5ygo4iv	7.13791802334994	1.31276296923165
did:plc:titxck5iqezl6lz7ik2qgswx	6.99324750225604	2.22024158757677
did:plc:tivoxqajbawqugd2xmwswpyo	6.77369276843509	2.61760806451259
did:plc:tixyo3eqxqxd4mbuxndjhfql	7.37870884082945	1.74698176111736
did:plc:tiylsfo3l4etanben4rumnld	7.78134477386341	1.88341775180823
did:plc:tj4g4qude52wsaf6ga3tbjsp	7.23240281296882	1.72515755493368
did:plc:tj6idgv5zsczpgi33h7z4tpu	6.44933650722266	1.72377963352674
did:plc:tjb6l6jo5gsy5pjakaojmlay	8.13931656255235	1.76627598216362
did:plc:tjdt5x3j2ucl2ywzico25wax	8.03052451662795	1.53580611002423
did:plc:tjogahsmhn4hapiznjk256ij	7.12646503989196	1.90582099675327
did:plc:tjpr7cjwnnncjb5t6yumiiwp	9.25580981648158	1.16196228112547
did:plc:tjrii2rysa76ejegkcsctt4x	6.86229593448794	2.02115008365892
did:plc:tjxehy4jw2reovzjy3m3qhll	7.54794601839356	2.43622105825971
did:plc:tk2jyfa5okiafqrrkybx446z	6.4039328990738	1.96743834946006
did:plc:tk2wccgcembm57yqsugds24s	9.96650215198654	0.00286954944681646
did:plc:tk3quic5jae5trfxlhbn4osi	6.94129153644438	2.59662399751291
did:plc:tkalzqkv7gxgai2ekh2744g2	6.52706383525594	2.30684469196595
did:plc:tkb23r6pnhh27s2o2txjbrte	6.70840916140359	1.99769103529028
did:plc:tkb6qe4cgqxacpkbubxw4f7s	7.78824262510605	1.69814116189143
did:plc:tkbm6ke45mb6hgukrqtph72e	6.8373777441846	1.73704252047188
did:plc:tkh7q4xpgwhq3diaejndqqu7	7.93188283089339	1.34025194124022
did:plc:tkjzw54u4mwvdvvmsnbnchpa	8.0154946732959	1.50592958933537
did:plc:tkkmgyjfzsbwp6rmnyulptsk	6.95549882896109	1.69094437903559
did:plc:tkptjwjgnzvuknz5sufnf5zi	7.54009176660034	1.78899629709591
did:plc:tkqclg7ova4efnn6oh5c26xf	6.94383042540429	1.67614446693321
did:plc:tkrw3gcmaq5kexwxkopz576g	7.5558034594948	1.78469941065141
did:plc:tkt5bzawc3maecdjjtmyit6z	6.06971761201825	2.31420314277552
did:plc:tktrwczu2ljjzrgx22nx2y6g	7.08834513561596	2.95294848097731
did:plc:tkwn7mm6auqryxwhlvaefbp7	7.07991934634203	2.08014250289359
did:plc:tkykkanmwmsaieg7w7r36v3c	7.1119382314399	1.993672430675
did:plc:tkz4bawqiwt2h34zlslcshds	6.41822324228313	0.256258517850503
did:plc:tl5co2lltsdgqd4er655gfrf	6.3153407214969	2.02716373330444
did:plc:tlaspsc55hpn7hh7gbqd4ryx	6.48954161379222	2.50334452732457
did:plc:tlcp3jtds6v3evb74nncf6fx	7.45634623693015	1.80163555229516
did:plc:tlejdkydr7dwo3h4d2i2sa2g	6.61050852260683	2.81924779595754
did:plc:tlgti2pkafbfke3xt3yahfzm	9.00041972381743	1.15321672027066
did:plc:tlisahl4gkdahatdk22ryjnq	7.12705711014213	2.01728634972785
did:plc:tlljxadqays54cfmnybobpar	7.12875075980326	1.90578017668758
did:plc:tlwbjryon376qqnvew2suyx6	8.84923240099307	1.11373044997452
did:plc:tlx4lxbmy7sxtafns767nti2	7.18726647029683	1.70055691137011
did:plc:tlzoquhceeajm6cztkrom6nr	7.0627810128248	2.08461271806116
did:plc:tm7drfrzvntx5kfyuaofpmo5	7.38223867511287	1.66482439262691
did:plc:tm7foopti26ztdmqkuqu5hxt	6.9086312213692	2.60481509257321
did:plc:tmcn4hyseydmbez44t3uy5k7	7.1230776657213	1.99460460026292
did:plc:tmfoadr3s7fxryhc2xn33bnl	7.8990810109173	2.00944623305482
did:plc:tmoxx5256ubkxcutzgrkiypo	6.990687425778	2.10636672447459
did:plc:tmtbhhlsckhp4jtwob7q4pnh	7.01493235923381	2.0692191341669
did:plc:tmtod3udiqqq6mfbgx3haltg	7.98714471826357	1.5923581706156
did:plc:tmuyfwhipqs5chcfjxvvn7zu	8.13882142575286	1.67497307592682
did:plc:tn3pzjt4hcdhxaq5oy3vuxh4	7.13518130945802	2.11838097809141
did:plc:tn7fierfu6opa7lug6lgn46t	7.04608362130344	1.71030565388273
did:plc:tngmebpbvkdy462fw7g2yaac	7.48460253649497	1.41014119752877
did:plc:tni2q245mv3nu6qcfl4dtq2c	8.04488895188224	1.73388437459368
did:plc:tnipexnjdns6z7xmrf7bab6s	7.65943162452086	2.17286511657448
did:plc:tniy4ztpnca4itlwszwvz6kh	8.25048982176172	1.47505025311996
did:plc:tnpampamnurxbf7sh7amqrmo	7.36773320544167	1.85422850524361
did:plc:tns26u672a5dabvatfewqjpg	6.46452019205121	1.58735608746161
did:plc:tnvmh5bavo2jpj524wlc7ucp	7.34929617300666	1.85353888567904
did:plc:tnx7jpxwbjqufhdqq5sgfihw	7.37981208176571	2.05177809539897
did:plc:tnzcc6ao56egr2nk35lfxalw	6.32498032392277	1.78442587798924
did:plc:to3eyvamntn4n3oxucpfi37m	7.10763740895795	1.55693255107377
did:plc:to4u3xaqtulr7p2f7nhmik6n	6.36505803239048	2.56998244915264
did:plc:to75ngn6uttgdof6l6rsxuas	7.18391656487739	2.17950257232058
did:plc:todqxvzzw6jsfr5vx6e2tfq3	9.13502324824253	0.775566435908062
did:plc:toeaafyedhv7ftea5dheu3ar	6.18724476210065	2.39986865082708
did:plc:toedvmzagsewi4fmco4f6q63	6.91648519541055	2.33763542537274
did:plc:tof7qsfj57t2cvd4ewyqnagy	6.11878463959246	1.75654264892609
did:plc:togwqnbp7ftgdy4xvbgxa34w	7.195820170568	2.03475364217666
did:plc:toiqn4qpeh7jxnfaivgjse4o	7.03432104008006	2.43366439333631
did:plc:tokpqyctttaz6hwe6lyzwnu5	6.56866414181365	2.09119685822159
did:plc:tomdej34vw5w2zaa7fj6qmrr	7.11490796611215	2.32455231124676
did:plc:topho472iindqxv5hm7nzww2	6.63639821003433	1.71291132443991
did:plc:toqycl4dmyuam3tkljqudhkb	6.33891355267468	2.12340441313481
did:plc:torizmvdb6tsd7lme5ultkwk	7.2965849624437	1.66687523413464
did:plc:torlkzkfscgqi5qdhkw5yetf	7.38401229800645	2.46281284197525
did:plc:tosqwrkon5qdwpv47sjts3rb	7.40233229109636	2.0660236169704
did:plc:totof6lquuecxddqniqbrp6l	8.18871698948467	1.61769524843007
did:plc:toucv4jp7g5yscjpibjlhexq	6.60386362695638	2.34461271666441
did:plc:toxxth55tr2mljykdmqistd5	7.60622053158361	2.04411066553243
did:plc:tp3gv4mdiifninplqa7w37oq	7.42376400446277	1.84368861065655
did:plc:tp5eipdsiimishihrvh6cjjx	7.05866369434172	2.17767056508467
did:plc:tp6y5vpfajr2nj32s6caek6t	6.86776590729763	2.10146115374676
did:plc:tphiouve3f5y5pzn5ssxt7bo	8.1905279742923	1.87544705254634
did:plc:tpkhukjkc67mwos35sctzayb	7.15681451651101	2.01704770573088
did:plc:tpkvbymeljizjatqiaxiozzm	7.43744316250184	2.56289583188903
did:plc:tpmhz245ocxadv3xnmjwzinx	7.59104519598214	2.27991971679789
did:plc:tpnbuy7hac7wbbd4jbqnga76	6.92571219830653	1.75584533494509
did:plc:tprjgmyvbomkjjyudifoiut4	7.53406961462361	1.97457392076098
did:plc:tps4xd3ui2lawlknwfaeh5x7	7.25271046770475	2.40693688052482
did:plc:tpunn5rupoavomsz7llknlsl	7.86430892581569	1.75226455525793
did:plc:tq6gqh5aaohgi55y2yofylwj	7.45283604612289	1.71538887444705
did:plc:tq74dr7kypgnvfx7gsnelfm4	6.30076429280901	1.82564135275791
did:plc:tqaotu3qjncxz2f3qqzagg7u	7.2562245828476	2.20063542581708
did:plc:tqbxrfvkovatyvesxvhw4e2s	7.66686211127429	2.03899346888374
did:plc:tqftk33oktjn2lijglwoz6y7	7.87948945925627	1.81797135723866
did:plc:tqtkl3ifgkaazox6xwlc6y3z	7.07516847007087	1.96781053428471
did:plc:tquxgslsadm5x6qa74kgmovo	7.10869057091163	1.65942143962909
did:plc:tqwizdjstpw6b7nnwewjrhky	7.11113786054504	2.36538340502347
did:plc:tqwueng2cx7ppg6keg5zidwl	6.95495705466504	2.23785884794407
did:plc:tqwxk7wvxbujalg5gjbtd3rp	5.64659774545115	1.4425806269289
did:plc:tqy2sos3rs7xt2v36jypl2hl	7.20005203689816	1.87632927911326
did:plc:tr2iwc5hul2ujjqyrdm6ee4j	7.12539563128937	2.71626060568299
did:plc:tr4tcwjxzeay6xscc6q4e4ue	7.40774107314064	1.7748915720959
did:plc:tradldgtssy2ukbliwomzofn	7.87759430198751	2.11302219250196
did:plc:trfl2ppkj327ye46i7mt26mg	6.86271661931076	1.94290113746976
did:plc:trh2oiwib4vmw76owyohefhi	6.70358001517977	1.72785168634344
did:plc:trhttxllkergiw4v4kcwqn6o	6.30289108084637	2.17518203396549
did:plc:trm3fffsvpk6ijjjdkdya5ub	7.21531432163559	2.36763601021465
did:plc:trvdoe3jhereg2aasq7gaenf	7.84975230697261	1.70354654500416
did:plc:trvkuoj5llvs7rxawocizpby	8.23583579317514	1.26326490330714
did:plc:ts3aj6o3ds4le5y7vbswxean	7.48867371386495	2.09846921333854
did:plc:tsdwy7dheetctptrlvzbsxmz	7.70398994433858	1.88093154719185
did:plc:tsg4cpdwyoxfgx2h35ra7lgs	8.14417160902629	1.57467565239739
did:plc:tsoe46itxzirvy6fx6clc6ij	7.24793025229362	2.04326578478591
did:plc:tsq7z4zda2ftzk47lmxannkf	7.97181756733473	1.96524379868467
did:plc:tsqnlu6sgk4evxkechlenpef	7.0063550264923	1.91386341051298
did:plc:tsyvrdbgseh4vsfnys4ofezs	7.84141495468588	2.25640207137
did:plc:tszcewnhckd6oxogu6mbbap4	8.1900289183615	1.58168968464823
did:plc:tt26hqiz24qewifsm4jxtcd6	6.38667531416412	2.52800313308224
did:plc:tt7r67laakl3vnq4zwftoh6j	6.52227171827786	2.47659016007682
did:plc:ttawidhqqoemfsxpacp6jeqw	7.6596298836936	1.88935282478813
did:plc:ttbpysugelf3qjou6ehvje6e	7.18071176370111	2.76392717765172
did:plc:ttg57tt23eagwi3l6fbt5ndf	7.86844111056786	1.93287082018552
did:plc:ttlbsyx6276eyk3oksoqefal	7.81743512756819	2.28631391101443
did:plc:ttuaa6evo2lyvvttgecnitop	7.29456730690181	2.68107665675623
did:plc:ttzx6jltk5barj4wwc6w6si3	6.47595453352114	2.33745464978405
did:plc:tu56msaptsbgqib2dbzvrgfb	7.4319571174449	1.83139484434473
did:plc:tuc45n4njz5k6yn25tkaf5um	7.3015252318357	1.73437653100897
did:plc:tuccae3eo3f2wmekuov55wyu	7.15234045859324	2.25884907896762
did:plc:tuhpe3vssaxavdc3y6z2lx5m	7.0916478537791	2.19535180433627
did:plc:tuirqhubagnr325jxmufnfmz	7.22570208692341	1.72051401937105
did:plc:tutgmmstzv6ezuqmpua5v2y3	6.31285988398442	1.65790215325951
did:plc:tutigtqsl4xa3lyi6cczu54s	7.32500932495164	1.907224526786
did:plc:tuz5ko2nnflobv4ujkmprasg	6.73993864897258	1.862670510897
did:plc:tv2o6zjv5s2qjcvt5pch7r5a	7.43216492351743	1.86526971300995
did:plc:tv3g4olhbet3ghtwakjonxhc	6.94865959855911	1.86313409360657
did:plc:tv5vojpkmru57zb3hsqmhtay	7.48332464939299	2.0876629318597
did:plc:tv7ngheylrsayi2vg3ts2uyk	7.63508896106583	1.77610850775051
did:plc:tv7z3kkk62dkrtdnb6axpk5t	7.66450828421781	1.77219385620487
did:plc:tvchicsjhxwiasvqu5nhugks	8.05691332037347	1.78829893807422
did:plc:tvjqmha4va2xtx37qo2iio5x	5.72847174802461	0.260829355551582
did:plc:tvldtdd7ceofbellzdrpsdhz	7.51582672851933	1.59366416926309
did:plc:tvll2pwr25p62qmh4qerda22	7.37096944465523	1.71082399090427
did:plc:tvpwr4sb7rc62qpt6yfuvyqk	8.06947968201008	1.68702409219983
did:plc:tw2zdah7fwncdc76yzoi774y	6.63880416855074	2.32413117134951
did:plc:tw63x4kybzt3wwjosvpe6usp	8.39487481939011	1.63316009295464
did:plc:twabu4zhvvrajvsxzkx3isi2	7.33763861133889	1.85292599747358
did:plc:twctkqmt5s52zajjrxyx2qtl	6.46670486008716	1.74151485419246
did:plc:twcukqcyhnptfs54dnostbb2	7.75330801599031	1.86141124553047
did:plc:twcxvp22v6d5s6c2vmx7fwpy	8.81970694773463	0.753030078357631
did:plc:twfor6ri27rwqydqseagzcue	7.75660057382919	2.29911048804779
did:plc:twih5q6w33bf2cswszjo2qdv	7.74584953447816	1.66124807491156
did:plc:twkozezuxua3s3dmpust52fj	6.7466459789563	2.3733494197282
did:plc:twmthruimmq4lj6i4sxxprkt	6.28632409093822	1.76066618375868
did:plc:tx36xhx4r6cpzlv5ywwvakcm	8.87170415762676	1.08921372739592
did:plc:tx3pluhy6ti7s3swhb3n2o6s	7.66550864597765	2.52332031801974
did:plc:tx56aifhrlokpegt2jrqod4i	8.83318552960213	1.44959971770775
did:plc:txampjrssjfgmprohciriui4	8.64895622924458	1.21454882624775
did:plc:txejnpv3gbtceswlipmf5ljz	6.80207193534201	2.32169514928293
did:plc:txejplzohsbsk4ikecscrmdu	6.76651312996422	2.01193711005501
did:plc:txfg6zohqjosbvuyqdj7b5hs	6.94607720750098	2.91017805774628
did:plc:txg7e23tu5bc3rqi3icdzi4a	7.1651782247207	2.14966683835341
did:plc:txhrcvqnm3vnuyx5npjehxwr	7.59979763804009	1.88898157752091
did:plc:txlqxyqgd7wrgenjilzkc4nq	7.68699163203738	1.83554991101463
did:plc:txlsvr3gxrwj5naii5flvpfh	7.68847470921924	2.10936521379712
did:plc:txuubapwoey3imxwxz55dh2t	6.8818246450214	2.60429283000985
did:plc:txv6m43kessqza2nszjhuxeb	7.6095710504868	2.07152415086611
did:plc:ty2w73yrgbxczemtewgrg5rn	7.03857551416743	1.89121661963323
did:plc:ty3fmq3glc3ovh2k23iuhmbm	8.00828094225309	2.30521444197607
did:plc:ty5u4qtrszkit4hovkaxyqrq	7.16231895739007	2.42627978225769
did:plc:tyajxeqp5i3tdafvrygcz5mf	7.41028298690566	1.89351729307315
did:plc:tybpy4gtzriuphqknicyb3nq	7.20963236085003	2.00163963488788
did:plc:tybt62sbphitv77fmbitrqns	6.93632064575591	1.91798246682141
did:plc:tydrin2vph4c3r5k5zygmnnt	7.38150338902835	1.98157323338954
did:plc:tym3oj6bf7vuoadugg5x4giy	7.79680319182964	1.51293341429422
did:plc:tysgpordglsvlmthiu7cjqkw	8.28588614407886	1.78971062102799
did:plc:tyszxzsqpm5vylh2dnwwcfy7	6.47505069637464	1.74958148407882
did:plc:tyvj6oqnogdrw7552pgke3qe	7.23811348952417	1.49798718787833
did:plc:tyzk2j7t4hd3wvf3phko5b46	7.34551053882741	1.68249535646166
did:plc:tz5xuugi5oipifdit2mrsbai	7.60812548170356	1.97037979881457
did:plc:tzaxaxl3cyl3tkm3d67onxmd	7.16325730976512	1.75937467624345
did:plc:tzgy6g43bvzct2f2eh5epdee	8.00020637022995	2.10696087049043
did:plc:tzjrgnnjjajly6sq7nvkswgn	6.91796480539145	1.7344553404756
did:plc:tzngryn6ntdt3uorlog2cgub	7.41063297961449	1.99647398881044
did:plc:tzq6g2r5tfqyd4w7h67crpmh	7.62332377531381	2.03288063947045
did:plc:tzq6qzo62oedo7lmurth7aml	6.511148802136	2.26639183185679
did:plc:tzv4fjiallvdkscq4fcl7als	7.00724867377635	1.57440003901805
did:plc:tzvte6yqqfqzkzfm7bj3puo6	7.06769813739963	2.39028504387466
did:plc:tzxicqifwt35i6lvkvvw553u	7.78734093788646	1.97580754372366
did:plc:u2366zlyx5q7fozcisrybjxh	7.70142813860831	1.72078171167244
did:plc:u23pfawvkjan6776ynrqvkta	7.051113900392	2.42497763571148
did:plc:u2673mqre3hgx32l6yv3vne2	6.2940246219299	1.91838976332333
did:plc:u2ejam2fv356d765jwf65vgz	8.47450054620666	1.31073426296637
did:plc:u2kmwzzmcrrierlmrq4nbcg7	7.68867500171158	1.62313205602472
did:plc:u2l4hg7keq7tqknxfhh2gdar	7.24590587241688	1.89861904828936
did:plc:u2mohexo3qh4ewj246x34yhc	8.10266588271339	1.58944663896407
did:plc:u2ovygm25v2o7djof727atre	7.44800259752275	2.29401651160411
did:plc:u2pxbgclz23hyqxcb5ze776j	7.50659583366693	1.9652347464574
did:plc:u2vyg26ktd7vqb6ymwgnj4li	6.95677624864939	2.08187796065018
did:plc:u2wroujiesjhze2thavp3ri3	7.42118848705735	1.69707519418872
did:plc:u2xpllzxs2c25tdwksyjmbwd	6.49991759804447	1.82304033036044
did:plc:u2yhsytsynzstr5teozpqeq6	7.01919976743279	1.4429702647592
did:plc:u2z3nkqlug56qdpp4il5zd7s	6.99063275101322	1.76729607002425
did:plc:u357wngnlzaanfoz6fq6n5iu	6.2036361228488	1.66633167796972
did:plc:u35ctzim42xuth5obdc67v3r	6.75713065186862	2.10723205985642
did:plc:u37blmhvmkjjjzg4eev5vzvw	8.75749598497814	1.55291624573182
did:plc:u3e6lohmunlpn7anbnw36vlz	7.64278058612958	2.112095289773
did:plc:u3eba22y2d6elezc2gpltwex	7.01410854462948	1.92799180744421
did:plc:u3jcf5qwmumhvkztsurkxlle	7.04130969919132	2.57225871307201
did:plc:u3lyvqxfdg3x77lkqvmstg2o	6.81994238947594	2.12649582375546
did:plc:u3nnikhlqdo5aj5skvx7sqma	7.67600865502364	1.66046443487682
did:plc:u3xmhmai57gwhxk2nwycjtpn	6.21897427381011	1.70180178581559
did:plc:u3zzfwzl6ku25uxhxteog6vb	7.22304904736435	2.27943631785132
did:plc:u45eal4ncl4dhkkxjfzku7ee	6.66360035730897	2.04037911017653
did:plc:u4f2dhrpagoslzmymah4tgzp	7.5566166061474	1.1086232925683
did:plc:u4gnobhrk4eczewxwvxa4e2s	7.12003524419343	2.17894478844978
did:plc:u4iarmuet3wavlapb76leu7s	7.06852231985935	1.86680029986476
did:plc:u4ln7vulb32p2truapxmyi2v	7.84235189410472	1.69046522533438
did:plc:u4zpayhf7kfwk4yfhpbe4hpy	7.28621828070902	1.54757306549045
did:plc:u53kru4jau37bn5c6d4oxex4	7.20281669583206	2.31446187013555
did:plc:u53lf2i5zs6rsa2p6oiz7ibs	7.89205254728319	1.19068556117085
did:plc:u55peuvc7ubj7iqebgk6x7z4	8.05248485938815	1.21384606266135
did:plc:u5asl43v4sguwvz6pgpdtak3	6.2125378115453	2.37386712324778
did:plc:u5bxamib4o4ebausgdhdrot7	6.90081964821944	2.45240449687444
did:plc:u5guhuusvmpsdmnalkolkf6i	7.36240340055031	1.88032067117002
did:plc:u5jseholiei35v7tv7ejkfsq	7.5424329745584	2.72445590215878
did:plc:u5jtlq7xwmpf2ni6euye6s6e	7.26125540710693	2.29522973218662
did:plc:u5kjl2kzsmuh73jt23u3hfhn	6.88373444742744	2.29460313786351
did:plc:u5ngomlsbe2m6cb6nrvflkpk	8.16903549039749	1.71552259501079
did:plc:u5nyjaek54xerj5fysi2rdo3	7.05011148397055	2.12287397061236
did:plc:u5qphuemjuwrvopfe6kahbzg	7.49042505545241	1.90744163444657
did:plc:u5r4ahw7cfh4dfmj2kkpaby2	7.10240422406629	2.55977733031034
did:plc:u5s237ftlfpbvmhkejut6hls	7.49098732911869	1.73844414789426
did:plc:u5tx7b4hcowgv3urnzj4xq7z	6.90465341077991	1.76891442884842
did:plc:u5vkkqu4vmpamfpfdrx5y2d4	8.33022171181515	1.24481675747979
did:plc:u5xchtjprdjt3h7y3hihoj2d	6.34743177825158	2.22925063789638
did:plc:u62po3jk6e3om2ikckqz6rm3	7.41076317378317	2.14394474771547
did:plc:u6kp4kawqmap5f3ozp2ku3ki	8.30649961283364	1.55611710630999
did:plc:u6mqp57ul4tiisjuly2t73mz	7.41242791058889	1.8447395808249
did:plc:u6nnfzkinwecrgmswe676yyg	7.0947877379361	2.23197975274263
did:plc:u6v5v4vdwgjzjxkb6e6sws5y	7.3536012192862	1.86285773416539
did:plc:u6vwxgkwv5asrpvc5ii5zpvi	7.57666678810937	1.84192117806133
did:plc:u6wpcrl2fu44xjdwm2y24yyt	6.87261913983757	1.99323827953294
did:plc:u75bz5wv43s2t5jiufg3vmlv	6.81684378973809	2.21118208756023
did:plc:u7azuzp4rk3tutfiicoxvyh4	6.26559933244473	2.20848280427886
did:plc:u7bk5a5fehwya76eaiv7webb	8.61876827769524	1.36754143098686
did:plc:u7exh23kar23kidzui37bitm	6.7695157467146	1.9805566207753
did:plc:u7fdpmvpylk7umdmjnndqqiq	6.53796915651204	2.021784033964
did:plc:u7h36keaiachajecwp2kabgu	7.91869137057385	1.76049288392259
did:plc:u7kezup4cps6kezrbmbzz6vm	7.45525976324829	1.74155565775005
did:plc:u7v4we4qbxhkhu3snedcv5vz	7.66894237732716	1.58922263922968
did:plc:u7vdzskm6r5sya3lq4iixxc3	7.35691863478113	2.01899015938668
did:plc:u7zdeks3xzxh5bejefdiel3v	7.50076708843343	1.34532684827551
did:plc:uaaevsv2xmudsbh5v5uewg4u	7.6716239369634	2.56456008459529
did:plc:uab7flyahy332m7oj7lolypw	7.36635527027245	2.10278260247296
did:plc:uac2heetbbar4nqojfncemdp	6.53151990810472	1.72780323271848
did:plc:uailr66ort72ado2rtmpdmsw	8.30501310748012	1.7450431620908
did:plc:uajve36cinxco2pyo52saete	6.68817862637997	2.35253114972167
did:plc:uaqq2l665j2ltkzijx24sao2	8.22102445431334	1.6079554821606
did:plc:uarlx3o2qsak7kenjzaaxp34	6.98513593565325	1.77609859459245
did:plc:uars6h3ipb5eh3ttvmah3yf7	8.00655457836525	1.47775699799326
did:plc:uawjehw56x3ukp4rhu7u67b2	7.37268667751992	2.34327577306274
did:plc:ub47y2g5gqyv3r2ek6wgzwax	7.01695058277992	2.47711393142973
did:plc:ubed2jxheiqyk2wzob5yj7sl	7.28510278115386	1.92153352418006
did:plc:ubjbyzoqhukd63gopvalfymh	7.71210789303938	1.90423387767482
did:plc:ubji6txf3gdzwztlt2zegzdi	6.95209499446087	1.75096190610101
did:plc:ubjjsjzcziizwtighdrjdffy	7.87446267080312	1.89982488488083
did:plc:ublhpjkyy6eru4dunya6gshm	6.76277932222518	1.80332275506481
did:plc:ubmlmdso5fxzsfkdxovtrtsz	6.35196236763734	1.9762627861182
did:plc:ubmuqk7lqiliwaywyqpen37s	7.5500312978632	2.08768637812821
did:plc:ubq6zo4z266xp4rmt2nybn62	8.8063177510339	0.935743266185858
did:plc:uc2g4pi33xpn6h4ccvmuauls	6.88714182586604	1.80464055633125
did:plc:uc5rftzc6ig4mzrwkn2dd6fn	7.46641009457497	1.70722620048171
did:plc:uc7y6daxf4abf26wpgkdilws	6.69272411440323	2.38327687866763
did:plc:ucgzhvkrzbakjiqq3zcoloom	9.44167801673258	0.944055872275457
did:plc:ucjzel6b4h4vbeli6uxe2sqo	7.37490884429665	1.91744816326027
did:plc:uckvalgis76bihvqzopwyfog	7.55449351008849	2.34287941261056
did:plc:uclxcjsazj37fzz6jrxcbshi	8.45943006262121	1.53464993086998
did:plc:ucm67ivppvbzi2kuhbpdtr2u	7.73836240828548	2.11472035994932
did:plc:uco36m4mu3zkxy65gre55ozt	7.11791091997061	1.81835288501333
did:plc:ucr7rly4422vt6f53y4q3wpq	8.0402740302434	1.65151563272997
did:plc:uctibpqqnh4x56j6z6j4fvsp	7.30254124552958	1.69175010798906
did:plc:ud4zaisqzsilxpylj5igr57i	7.14764748321139	1.63854651468728
did:plc:udj3qnvupdzt7kdo5akr5qg5	7.91691535332657	2.0829183423857
did:plc:udlgzj6tvc24rai32xbynuah	7.2104932671331	2.13991966452745
did:plc:udpy63w6bmevjhyt43bkcz4a	7.18637112950673	1.91922897509381
did:plc:udrwnvnldoxo6ruwkreuu47z	7.89614248666817	2.06673904256279
did:plc:udspg644zqm4iled2e5rxfkf	6.63750635777309	2.1877319832076
did:plc:udynicpg7xl7am2mycrc22zu	7.72921452195597	2.05327547567357
did:plc:ue54izxqst3fodsywr3ygzlq	7.70967524047974	1.71752609521641
did:plc:ue5reflgfl3ixrfvsnuhqeu2	8.44124742250453	1.58085209800853
did:plc:ue7qa7ripatmbv6qd2v43i5v	7.09945274087064	2.12717018549061
did:plc:uefpiphefhgcexfcajyf4fk3	7.1438156098452	2.06184766394722
did:plc:uej2uruzitpbxrjdui2vpjw5	6.86737774996006	2.03497753864904
did:plc:uejqorls6vzzeo35bula6be2	8.06679318694845	1.45593822563349
did:plc:uemhtd6tsmkegbaupqej5mhb	7.32479952536554	1.939953566772
did:plc:uenkqp5ncwpvuvvlmudn7ofo	7.56662148041273	1.90508035529687
did:plc:uentzwq4lz5mkfa6ffu2lodl	6.00444604653649	1.90051118104656
did:plc:uesw2ghpkazuh7fpzhc5woia	7.07291781484467	1.87734220598244
did:plc:ueupkxocwl3jsexq72ycnorr	6.53858272864822	2.23434468017117
did:plc:ueus3ignkqp7ifx6z7hlb35a	7.46964668981017	1.64227843587821
did:plc:uf2ygyd7nqkywtnfbxf53ho6	7.13776919822095	1.71663339286648
did:plc:uf5cp2dxhr5ncch2c2l73ugi	6.60450682334309	1.76163390000151
did:plc:uf6jztgw43ymv2r7652qtdhv	7.79284345814629	0.829714033527046
did:plc:uf7lxtckmkw47mh5etgpbvwj	7.19231166744374	2.10099715690346
did:plc:ufa47s4sszfjkjr26bhhkdry	7.52418924904912	1.72555310790998
did:plc:ufbf2d7fgfvhz3eessoe4va5	9.4099326038281	1.03961829275644
did:plc:ufdsgdyqv5anfsdobsofqyfx	6.43561361314318	2.06221436905823
did:plc:ufg7m734oead4sxanaos3k2o	8.32571968019488	1.7984716627264
did:plc:ufgvwva56w3jgdw3fgvq3ydf	8.4011916377989	1.45684546418556
did:plc:ufhdexjl3lvdq7sjtqfwq6dv	7.27081794169531	1.86342445932844
did:plc:ufj4exstb3yt6euxq67zsciz	6.7546127264215	2.1946416725095
did:plc:ufkileruahbdnb3zvomgxeae	7.78626769642469	1.38664904161178
did:plc:uflp2n2g2sfwt5ksgtwknofe	7.01111919048665	1.70052700440188
did:plc:ufr67jsb66x36enkhwsfcr4g	8.04576257913617	1.46234353920544
did:plc:ug75qow6a3wfblwmxzqpphpl	8.45068073105463	1.2004931278177
did:plc:ugcakgjcihdak4nyr4ywrqg4	7.93251976524092	1.49994789191305
did:plc:uglzrtmdc5w7du3hqawc3isg	7.13050439033493	2.54663165409586
did:plc:ugnkpfo2xkoplg3t72keuvx3	7.55453118827161	2.22303206003868
did:plc:ugocc5p56bldjuwnk62vvatz	9.00772536912959	1.22865942306492
did:plc:ugqhisfgyshpc6rfcbyiwktl	8.08107930677987	1.27451910389236
did:plc:ugu7vqgpf5uqoi3v6bldxewt	7.12097675165878	2.34283599198643
did:plc:ugwfndci6h4ihoirusuzlk27	7.93967083516253	1.67428153779827
did:plc:ugwzqlh2rz2ckeubr4iiaoyp	7.69159476732284	1.5552259871069
did:plc:ugzzjjiza6hzdnxjiimseycv	7.54705068546011	1.90303945725393
did:plc:uh2pn4qtd3mpg2bqcwwjjqke	6.38405550962581	2.69153375831312
did:plc:uhbd6bmxvqw557mycl3gnpv2	7.9363211769373	2.05251281363115
did:plc:uhbjnwpbm3yl5myrxligkc7b	6.82344908255714	1.71129826947275
did:plc:uhimdohubazf7cxrrqe5kbba	7.40028487908554	1.63197499423899
did:plc:uhnx6cxrmy22lrrlwbo43ylk	7.41537696383562	2.09006114427641
did:plc:uhoc4wrzhf5ii7avwzdk643p	6.88365433901781	2.17901809518075
did:plc:uhptmt3h7ktynwihociw5cdn	6.39014113754485	2.07879123855484
did:plc:uhxzefipixsi2jzdvppeecnm	6.68601060556016	1.97794714577314
did:plc:uhzm5boh3xwf4hnuouwao5j2	8.02454340699951	1.45274933031795
did:plc:ui23ejylt3gzogp7qq65d6yb	7.8236126491519	1.74995603496852
did:plc:ui4iwy7nuhwtevogvha3rlvt	7.16208052298433	2.15394134350348
did:plc:ui7nv47it5hwvbqfhfyv4sty	8.59445563013354	1.33143372885757
did:plc:uibf2jjfv3mco6zyrimgvzwy	7.74215487669211	1.90560932543735
did:plc:uicakvuanqbyty4xr5b3h4pk	8.70397126565405	1.50752256447416
did:plc:uigt3jeyadfujntrpfhveixe	7.96818225290358	1.69507824725621
did:plc:uihimxvt5eic4fogo5pva2co	7.47072541120921	1.92751772421721
did:plc:uihtytecwjkuzjtbiaetzsr7	7.98028802893422	1.77724359025368
did:plc:uiijo4oypphese2dmkqj6jm2	6.94859533037369	1.60697346606939
did:plc:uil7o65y6w36dtvr4qfi2ze7	6.96764059559243	2.16527580112695
did:plc:uilcb3k2zlgsfzi3ugyqn3fm	7.45843412394773	1.8000054504498
did:plc:uiliu363wck7kyqrc6pw5fxw	7.05668894113015	2.18492223684721
did:plc:uiyoe6onz6zawcbixc226rry	7.07879658904195	1.95408192083353
did:plc:ujfqfy4sqiboqo2mmtdr6rgc	7.90247753260943	1.65655112738966
did:plc:ujgyvaiuxqmymigalnztrwmp	7.09795338291898	1.58165779920365
did:plc:ujiqolgihxkehi3ppghh72l2	7.72732505120422	1.71309911042843
did:plc:ujlexa7cqkdimqfd7r6ghxwf	8.22449075448412	1.55307193811018
did:plc:ujmxqcpmdr2u53qnlc4aofgv	8.2723913682748	1.67700226282587
did:plc:ujo35feph32gmw7ufl7y7qxu	6.90852836037699	1.98698037236293
did:plc:ujrkea7j2k33weghglydrzq6	6.8826242636772	1.63087814041995
did:plc:ujrpupcjf22a4riwjbupdv42	8.3337517185599	1.73836765752288
did:plc:ujsxevdib7jnf3cb6eb27p5c	7.94074758614224	1.73103686537506
did:plc:ujt2wsor2mas6bmhtxdjcgkh	6.90515088819443	2.14118178136022
did:plc:ujxrzdmda3pv6u7fhzeqmrny	7.17983085026153	1.54925430920706
did:plc:uk52icd26cb6njhl2d5pv62u	7.54240438457142	1.78615939774049
did:plc:uk5c6ijn6dz7d7m5lqkffves	8.36481461980356	1.55127518040676
did:plc:uk7keuxnilsu6qf4kkivq2cy	7.25862086247114	1.73547678418637
did:plc:uk7nouow5yi2ch53aecqhex4	7.2402452022161	2.32752764698185
did:plc:ukiooofo3qhnwhfadgk4ezeu	7.84210623376779	1.46400655633341
did:plc:uklrbypv3tifi4ilawqxfaf2	7.53736070452477	2.78583434361761
did:plc:ukni23smqofjzeogzgcsv3yv	8.09064242586666	1.79640998367324
did:plc:uko2ovdjil7rv6irrjzq7auj	7.23020158447964	1.92611445938358
did:plc:ukxchhm64v54vz4r7mmonybm	7.30549875055132	1.73059320304211
did:plc:ukxkwm3wnigo3bjes2ag6pws	7.25822388052205	1.56249040540796
did:plc:ukzpmzuwfuzsbqjkjlaw4dp4	6.46219903147119	2.00554196759338
did:plc:ul2bmnv3z43fvh3plam7uijn	8.11960713007609	1.56354389925041
did:plc:ul2tljeqsgu7kinplc742itm	7.06708488734212	2.44447229758418
did:plc:ul4o7pqepg34d6q4xx3cd6jl	8.35272076144203	1.55634648580683
did:plc:ul6euhevv37j2ccsxqv4tdsw	8.04112006903424	1.68181066169271
did:plc:ul6ezplxdl4yulqxagnt2ama	6.27057606926782	1.82696289819067
did:plc:ul7jr7qfmv7ypmp2gidzgz6l	7.25571614995385	2.08415978139835
did:plc:ulfyllknjrskz5lmcsqv32g2	6.84325566206559	1.82695568680611
did:plc:ulh33kjjwpn7il6ftn5qp67t	7.50674299844007	1.76669140904293
did:plc:ulhawq6hm5rmi56lekytjjqk	7.12808664293135	2.60348687201279
did:plc:uljllhgp67w4hvb7nncxsh7x	7.39136356897649	2.42082060991586
did:plc:ulklwzgwglp3rrz2bmk2pogt	7.76274538262141	1.61052155308585
did:plc:ulmedok4qole522zizlm6lk2	7.51196516695323	1.93732442524059
did:plc:ulnyxs2pgqxu66isjm5iqnyh	7.3102779976557	1.58502015829161
did:plc:ulrnx5eh6f5olbp3t735rrns	6.49433397641297	2.03598141995204
did:plc:ulsaeztjtvjxap3zr4kgwo5x	7.36096548067841	1.83443578906099
did:plc:ulw76e2ifg76xsyqlk7nqhme	7.04615642540649	1.72912311043112
did:plc:ulzsgh7zxllcdupfzaw6kekl	3.42866740345421	1.27207482955492
did:plc:um4hsskdfltl4qgankc2ikxe	7.83512372026761	1.63560700617831
did:plc:umlodymyh5vvbd5w62q3jqlg	7.00601252370109	2.25496975608828
did:plc:umlqd7ozbllv6nxf6hrfrelb	6.6366427145039	2.42016468654608
did:plc:ummn6gu3l6ow42w2ddsl6tvp	7.44688858379278	2.13134075681913
did:plc:umokqd4x67tuls73touo7rxk	7.82646450904125	1.73701117659462
did:plc:umqwfr3g3z7utxiacridz47k	6.95096437781005	2.14841370328383
did:plc:un5nfvvyjhbk5zvxlgztu3hr	6.71955418739988	2.22393548840805
did:plc:un7lba4bvvfwgrok4avoph4s	6.77344157827182	2.21891404925045
did:plc:una762edah6bgu527fzyqv7x	7.17161705810639	1.78052559446453
did:plc:unavihqhdvnf5cutupz35ttm	7.90326925775383	1.42666116912166
did:plc:undvdhgicw4qhkzujgwml6i6	7.4917967127235	2.36887002830892
did:plc:unetttfqymseq3pozoh27vmu	6.87658778868743	1.9636013787119
did:plc:unhnp7p5ziv7bzlhjk7nem3f	7.25589621420142	1.62662596963815
did:plc:unohdmnlmiv6pzph7qm5d6so	7.40390373370229	2.42066964874105
did:plc:unptbnjlwczttfii64xhgytr	7.13354070355525	1.94120050900207
did:plc:unrhlnay6rxz7hanfsi5dbb2	7.45226831693635	1.79601001851582
did:plc:uns4jwgu4lm7stfpdk4csmw3	6.46400494915708	1.91432831144033
did:plc:unx22jqnh6gz7iei54j65ngq	7.45907100824047	1.93801771408405
did:plc:unzg7ew5dtln6dzaxjqy43y6	7.4227900789964	2.00188816853259
did:plc:unzttzrnfhmpl72qqlcpkf37	7.27065878816427	2.03029446033528
did:plc:uo2ys26xhzhwrbtmxoxejl56	6.47447918854488	2.02503741697988
did:plc:uoeri5mc3jfpastvcolri6fl	6.22016933654816	1.80810749809973
did:plc:uojzq3opclwjrnnaw5snnxrb	7.19115569496662	1.96718164598595
did:plc:uom2a6spbanq4ninfkgec22k	6.80039341805983	2.05780841448408
did:plc:uop2wnjnrcrg57patvkhlbii	6.39180530914315	1.69246053439409
did:plc:uoqvvahslhllrpecixr6qqtp	6.37314263914046	1.81393309141177
did:plc:uor7pkrgge4ron56vqr2p342	7.39049875195581	1.77976389890613
did:plc:uou36nkzzaxnpz3ispcytdxb	7.85852487848856	1.51144704570673
did:plc:up3djlctx3ccbool22pgdbrt	7.55980841183627	2.15860608759848
did:plc:up3dsbv4fdfn3ic74ovvgukx	7.33553239522112	1.3729220408547
did:plc:up3yf6d7qv5h4ii7xdfdrhah	7.10856600433586	1.82292992438459
did:plc:up5wssjtvwvx24nxdnk5tyaa	7.56928830808556	2.17127203643349
did:plc:upchcv6xktbinbc7phvr2yhq	6.33600425355432	1.8508475538291
did:plc:upkrrqs3uokatvddqzhxvmbn	7.07092573397096	2.01786238005464
did:plc:uplck5g6yonwpdbitzq37g4u	8.80799288921879	1.31005596955645
did:plc:upr6nrslmgnbqtcl5ptwmbkt	7.07955025371206	2.05689539473122
did:plc:ups4j7hsarg2bmiewb5xuauz	8.9915999576181	1.20160199987297
did:plc:upufgigfnrtpgpkk4qndhdix	6.56543268794927	2.20622279998354
did:plc:uq5u6dfsi4v4vpo2w23g7ebx	7.08821812158402	2.00323668923439
did:plc:uq5yzns43h2raorfggn2gm37	7.49614194034423	1.58893782220925
did:plc:uq756minlpf64zvdzt4xqjwq	5.74756233093986	1.93989084295373
did:plc:uqagc2lal2vhw6wwvs6kue3z	7.61631686212724	1.96324405845975
did:plc:uqbjffefkqi6f6ndwdjfup5k	7.24863937154767	2.04871729179839
did:plc:uqcsdy3un4pnxjpzdr6ttunt	7.28041844870556	1.7834426252966
did:plc:uqjyj7i45zskgtgdxixmswaq	7.03459077414414	2.50248730077142
did:plc:uqqzoncaek2m6lc24kfppaeb	7.02429838085436	1.80551633381612
did:plc:uqtxqluatw76a7hk76af4bjy	7.70930544084381	2.1205412455372
did:plc:ur575vurugqpew3m6wfhbvck	6.88785417158377	2.11905148097639
did:plc:ur5sbqjog35vehg7golrxgz4	7.47805922651326	1.75278722251695
did:plc:ureo3yxrcui5lr5qtwvgt4y3	7.65371515280373	1.5789274149971
did:plc:uretwsn442j6ds3srpq634tm	7.02340069776273	2.14936784181724
did:plc:urjyj74bkvz6e6cfwbffd25e	7.53868667752799	1.87794564650674
did:plc:urkjqaeto46dcpbmb3m5nbb3	7.21154701889402	2.27901366397254
did:plc:urmxv3vj22cw2j64nv3lklxz	7.63978865131763	1.8804218712248
did:plc:urp6jm6tnpb54vvi76xqbrba	7.57975155167031	1.81174588626707
did:plc:urpzu6gzjgdsfh5n5ws2eh73	7.30697221299158	2.05002086345736
did:plc:ursmjwiubmauka5rbgafmhxg	6.35334712646039	2.85728520783356
did:plc:urv3aq5lym3o6yhkvyvf3ujo	6.16200551286796	1.99338237330875
did:plc:us22xok5oexrmn5oupyfcyke	7.93933601896946	1.69995914661432
did:plc:us2agxl3x45ye5yugmc6ywjo	7.69791739967558	1.94144651360896
did:plc:us3iyfi3rvbkbynyfduwrojs	7.12730828817054	1.84141893349549
did:plc:us5ancy75nwsauru742zmwgm	6.41811207360593	2.14730720541807
did:plc:us5qyynjiqt4xxrdde3hc6cd	7.76710947500239	2.21059888748223
did:plc:us75kihnjgp7xq6pfnr72nyf	8.43482026058272	1.18490142755507
did:plc:usa2yw5hgw7muww2mu4sqtsh	8.34203342758003	1.66588765181541
did:plc:usb7js2dz6hy7uq7qm6pmo3v	6.60939407879961	2.16619857881013
did:plc:usc2ncbpsprzpivpoimcbl7l	8.6713931470595	1.31359923271708
did:plc:uscqdhdyxi4c3wg2cig3mg7t	7.42089977990898	2.07386036597026
did:plc:usef2g53sahk3mutexen7yin	7.86967319720062	1.68280893989519
did:plc:ushuox5s6typmy2o47pqft6x	7.23166910595471	1.94509306987129
did:plc:usidppasjec2ycf6na3ipzfy	6.73766937136874	1.98760814211702
did:plc:uskqcxbxqab7mbr7sxmggr3a	6.76277657413151	2.05630396287307
did:plc:usl4uvsezraaecbv5pgzdqqc	6.55739945842629	1.78680067429286
did:plc:usldrq5nl7cazhcvjswhyby7	6.50023338234458	1.81832840544965
did:plc:usml4wj7z5dcd3fa6hmrqmed	7.81518835879249	0.479926166172769
did:plc:usuk65qhor6n37z5e6a45jty	7.2603669035875	1.87964856093319
did:plc:usuyuanfag2w42zq27ifdzfd	6.61427626854615	1.98738442485474
did:plc:usvr3ozfkv7kcgjss2kzm4oj	6.69202435435697	1.38877221117439
did:plc:usvybsgelkzjm5ke4kbafcyv	7.20725779002786	2.30370498656557
did:plc:uswe7pmikt2u3de3ahxwbflk	7.13901472284363	1.83586269162618
did:plc:ut4u363hmbp7x3uiea7itt4w	7.45334412464124	2.15121869637107
did:plc:utclnpo4pfwqrnxoyq6jlhwu	7.1961106102227	2.11119757733269
did:plc:utesj5cvjimmwcdkngtlsm4b	7.91291710134117	2.39042233233164
did:plc:utflxjlva523zn5a32lfz7fp	6.32346556215882	2.16252786561731
did:plc:utioy32vgclwmrnx3n7vbpt3	7.00250435290428	2.33868245431827
did:plc:utnqesnzliamrfhouyhdncle	7.61952380828484	1.17722993521663
did:plc:utoib7xaoqx4k26pot7sbzwz	7.69877573678558	2.00953489191926
did:plc:utowcbf5zh34scxvus7v4p6c	6.629229495163	1.98925021559023
did:plc:utqe2hdhqv7ffmlrih6axp77	7.15065971693232	1.74237587762684
did:plc:utuz3fovesmsiyegv33o4ywx	7.13283629905558	2.52996124871897
did:plc:utyz2cgidg76tmc3cmaobvvl	7.65489367626548	1.93072374248087
did:plc:utza6rhvk3vjxbssiup4srqs	7.40022144145873	1.94447840437618
did:plc:uu3h6x7p2ygpl2mbhxhq5uh6	7.60712942370757	1.55147009738787
did:plc:uuadyfyad2gozf3v3iboiubk	7.82490192138959	1.25848904658175
did:plc:uufz3dvrdnbm6ptii46y7j7u	7.97937686416718	1.62285437550357
did:plc:uui67nk4qfzkjc65btuqzg4y	8.09862768871753	1.61418383201336
did:plc:uui7klepcl3xtuocarrfsz4h	7.43884861341328	1.46641867902732
did:plc:uuibfh77qbgk2hzrs7czfdtp	6.8812998642189	1.71611196313688
did:plc:uuqlsqyyxhivuvbmqgzcx3gv	7.3162859662441	1.78439905989628
did:plc:uusfd2wqjsu3dd4vnugwyret	7.22420087641289	1.80077793325861
did:plc:uvax5jrrvoktccl5mpuwizms	6.72627074951379	2.04786004638748
did:plc:uvd67migh36xm4ayi3md26hl	7.51236070159494	2.04891730165538
did:plc:uve3hsx4rnvqbcw5yokscsie	7.60091967120277	1.79173179217412
did:plc:uvfnjhpbwcwnd2n5hj3l45mq	7.92422627818549	1.89013116787304
did:plc:uvgi67ame5kwv5oytfk56pzk	7.96242227387115	2.10051142378582
did:plc:uvh3icxdcywdvcl5f7tbhio5	7.88621936213232	2.51633648369452
did:plc:uvii7xyd4x2byzcmt6q3o3p5	7.61445701932948	1.81109469373385
did:plc:uviqb4ah7tu6eza6fou7hosx	7.39064520277141	1.96353613710661
did:plc:uvjg4g7thhskcaagwefcw3sw	7.88294718982946	1.81220940203295
did:plc:uvjlrmzci6eqjxvxmowjar5c	6.69378310886452	2.16392762274795
did:plc:uvjsbzxic25elfnmjkv3umjh	7.42758304360009	1.97505604060002
did:plc:uvoqzykwi6sgajgstohn2hzu	6.89730287773062	2.55758302093221
did:plc:uvxwvpzt37h4elfo2dzh3h7k	8.08006967790223	1.79291041932265
did:plc:uvxxn74r6zm2kqdmkyrjtbao	7.74889887728096	1.92422639377224
did:plc:uw3ja4i5xyo7ls6mhs33skan	7.33023685834086	2.75052801349662
did:plc:uw3v6pcyd2hs46oagi5nm6fo	6.17363326755875	2.27637724983896
did:plc:uwecrhhckaewnl2tniywyeu5	8.08383273788819	1.81041888871949
did:plc:uwk4x5rpreaxwh6mhqrhpzli	7.32248361273479	2.21331922200342
did:plc:uwnql5fbw6zlz6n26lgrjv5r	6.98279899988118	1.98333910661927
did:plc:uwqemxr5xfec7g4xxxqjpak4	6.89172294140139	1.83005320506664
did:plc:uwqkzotwngnwr6tboqjmw6pb	7.30488538325942	2.36622999100697
did:plc:uwt5b5v2bo5kmvl2ijwxjccr	7.61896621637149	1.65974852864358
did:plc:uwvorhssau5nmxeqqgtggqne	7.11090543193315	2.18590262641954
did:plc:uwybj32lftvzz7aegfs7pthj	6.95106636879533	1.77938477013685
did:plc:uxal2owy3r2gbsw7m3am2whs	7.39051948165992	2.13456499654769
did:plc:uxb3avltfplkyy3v42vw7uqh	6.98240396705421	1.79939203157813
did:plc:uxcwcpqrmcoehyszzohrcgw5	6.49974743690595	2.42064667151773
did:plc:uxelaqoua6psz2for5amm6bp	6.47409102352737	1.885305050032
did:plc:uxf273kfjguizajczkyj66iz	6.6960661558772	2.22074043100034
did:plc:uxfgnj445d6imnatrvha2bv6	6.21240236420057	1.87343323143662
did:plc:uxkcem22ti36xwzt5oink4gm	7.07241584715449	1.88417615411165
did:plc:uxoima3z66ydzcn3vcecxs7p	8.12921365315369	1.66197131270814
did:plc:uxoudua47f6lczv3xvxnynsw	7.72112991082098	2.0312385963049
did:plc:uxudumahrv3l6wpca7ldxdfo	7.16262289351799	2.53728106859721
did:plc:uxunipq3axuz4in42gkfuwz7	7.83313236746199	1.89713637178603
did:plc:uxus3jumxnmzbzxfg5a6wrcg	7.77231521183669	1.85000824430345
did:plc:uxuzwb5ecupmjxehznlnadnv	7.49902474507984	1.84097818569831
did:plc:uxvuq6mkjgjo2v2cuaefl5dw	7.13053694607427	1.92774126674951
did:plc:uxxvir5tplninkwwgmke5brx	6.60997916132037	2.03215098283394
did:plc:uyeiwwbm5wlv2o6sr4g4hkbu	8.01354913988041	1.79379636176612
did:plc:uyjekur5tymhwwngpj3rb7uz	6.88931271551963	1.92960265286934
did:plc:uykgqe7l2oqwa2tx6p7yjqr2	6.94405043030294	2.28948427158956
did:plc:uyljms3lyvt7c67b7fds22qc	7.16195690158231	1.76061019648241
did:plc:uynccgztzafkikfhszpx4yse	7.3928695476527	1.92275116416204
did:plc:uyoxpkdo3diaj3bm2nyelfhb	7.82329371817735	1.96748115489604
did:plc:uyspkhq3bf56kmeuntin7efi	7.02006422106636	1.85706001813379
did:plc:uytj6rofloykkyffkzlawjj2	7.3249818174562	1.74689266988989
did:plc:uyu4vsdfgpgyeoe77nmelqfn	6.3962019564146	1.64630005364465
did:plc:uyzkn4uidlowdqhvm2kxul5h	6.11769169731862	1.85468187519355
did:plc:uz7yhoqx2ukus6jy3zy6zg77	7.21946467543247	1.74481908168175
did:plc:uza5huydfsoywqzoswzktimc	7.01471432094874	2.1571945483032
did:plc:uzhlp4rwqdk7jilowiqxecdy	6.32575186299845	2.24323656179403
did:plc:uzk7aoskyadw3auidtk2ehom	6.85923228655638	1.956063956291
did:plc:uzlcnufbt7xkfsblvc624jlw	6.71956505587607	2.52996919548256
did:plc:uzm65gujpvpy42wqp3x3etwd	7.07067148080127	2.16585999307787
did:plc:uztmtnredtmrdw3msb7jvehi	7.10232022058632	1.99345078292146
did:plc:uzub3m6bf2d7wb5g5lp2s7dp	7.27666645005678	2.12440456023393
did:plc:uzxlq36quynx6idtrlh4tfxr	7.75885987054765	1.95702588055184
did:plc:v24vrygtxx7zlibheaeo6nrr	7.06821497416293	2.37889946271247
did:plc:v2dzvit43sktx7eqsotbyzco	6.53331876340286	1.68931395734025
did:plc:v2fkqfa7u2gq7p4q4pak5zok	7.14682055062967	1.90336097192626
did:plc:v2fprt3cwjmrbyvvjm3opyvz	7.16939651414449	1.95223500433596
did:plc:v2fvj556sl3gxizg2m3gdgsy	7.30956943594865	2.12895228638131
did:plc:v2g57ogposh66eltjjrg3wbz	8.55384038996108	1.56902577725354
did:plc:v2nleftcudvyw3bitfvibchz	7.43285116501029	2.36403276138789
did:plc:v2ou75ho7tyk2zbwlxx3pdst	7.23690571479384	2.02941540642628
did:plc:v2r7tpn7dqsaclhitwxtmboy	6.70562570794047	2.18470703278163
did:plc:v2uif4jaqbryltzxpfxitdfh	7.75566762177088	1.90494870246148
did:plc:v2uuvgxnscxv6f545hfeixp7	6.72451714343167	2.00905166949508
did:plc:v2vazpvqfw4xbs2ugowtygkz	8.89944819071032	1.1820119152177
did:plc:v2zokqmhtb4trssgokog5342	7.00047354258867	1.97704062356762
did:plc:v35qr726hdxmqpipnxztw6fx	7.2815737846037	2.4346230241543
did:plc:v35s7l2l3nyjyxvqf427r5av	6.11427936241176	1.86126066149822
did:plc:v3fr2h3h7r2u7gfyym4bkxoe	7.05539204339416	2.06783761612032
did:plc:v3jr43mssrwhtway5notinkw	8.00733150479228	1.15605360567912
did:plc:v3qorfocg77vzo6ymiwk7mk4	7.06088630431191	2.00569906470739
did:plc:v3qtj3g67i35x6htfjjevt2m	8.87609591687146	1.09560315410034
did:plc:v3uolhymwp6csvjv673jdws7	7.76931091750681	2.07272012841069
did:plc:v3xfww2j7fphc3ywxwi7x24i	7.47968336564601	1.56621964654361
did:plc:v3xoxjrk4b2vpmzypnrjjcz5	7.31135952394236	1.87423933750357
did:plc:v3ymanknog7okopuzqeoe3fu	7.22694065868392	1.75164790276717
did:plc:v4fpw3jr6ypga46b46h6vzhv	7.00571713855866	2.65709138876146
did:plc:v4jrlzcvw47zutobuwguwkwy	6.88010959422221	2.27336348091235
did:plc:v4pfn2tpm66r5tuob7if76bt	7.19907291831863	1.9065362990478
did:plc:v4tgapqrjjch7jdbg37jhcod	6.31306913682751	2.0384379408538
did:plc:v4uj7imbvhskkqype6qodzzo	7.27427958522228	1.93445415164852
did:plc:v4ul7wvfw4n43cggph47oglj	7.94094255394706	1.74943500071847
did:plc:v4yc7kmw7yiooluplimgmy7v	7.9861676461788	0.938908155679326
did:plc:v4zpi74gy7enfiwke7hmoxv5	7.51360344568233	1.69175322750983
did:plc:v53xqvv5zxf5zidwd2ei6fj4	6.59490750413003	1.87254844514809
did:plc:v54krlsxhwtunzm2lhqocfat	6.86175527551955	1.80774262612723
did:plc:v5bnwgpafxvoz3c2zyhthvuj	7.2466558587752	1.87814207709209
did:plc:v5l65wuf244e6oaj6vxg5jgx	6.69129188175485	1.84755080615385
did:plc:v5p6r3xrhqzuaq5pqh3umobv	7.91088884842501	1.70030562255591
did:plc:v5qfotzugixqa3dbu3hatthe	7.00488398449281	2.11531421237763
did:plc:v5r37f76qc5oc2schtd2lcwn	8.05685384440159	1.51268862340598
did:plc:v5tk5ze6yiiau5g53ypdkhks	7.47977595322647	1.5906823840817
did:plc:v5wiz72voo5i2akl7jnk6775	7.34904479213304	1.67297421979757
did:plc:v5wrdmcbgxxxnjbghgsrd7h5	7.63460123977216	1.96935583554732
did:plc:v5ylep3cozsua7vjvgf225ip	6.73601434155629	2.03037216911957
did:plc:v6b7xwewu2qljbscnsxvxljr	6.18324112988841	0.79421850263094
did:plc:v6lnr7ycxvhb5pq27gnkkjfa	6.94430269173692	2.80670289643416
did:plc:v6m3slo75isure3wodk6rlqg	7.08387296663277	1.51489224506621
did:plc:v6nr2baos67iue2vcq7wnrxf	6.22678912240326	1.78269325745223
did:plc:v6qwafflogpbz65l3u5cugkm	7.38657080340704	1.91696294746276
did:plc:v6soxoadgt7caq7mncshugur	7.49542677847786	2.1672221293671
did:plc:v6uux3s5dluby63fnm5zhcps	7.52146603750625	2.30482422443731
did:plc:v6wk23ifyd3nh2lzy6fhinrg	7.1084856200049	1.95617937343909
did:plc:v75ot4adsooyhbz2tdqeqgqu	7.53558299886587	2.08557596463171
did:plc:v763w6rovrf2lobswvdf676x	6.83324787918674	2.38536285407653
did:plc:v76bm4pwxegvl7gixqzam7hh	6.47754858213399	2.32475520210564
did:plc:v7iqo5kqunhc7i436enovwod	8.08234205212701	2.04691227084685
did:plc:v7jdyewji4s54galwptsu2v4	7.05175349809377	1.85277693564332
did:plc:v7mndln2ed4qdcxcvqgbqlf7	6.4841091901835	2.25957035850125
did:plc:v7qnqceijsrue5nspycddn4s	7.02454046813295	2.679661291873
did:plc:v7wf2jspjvywgcnysn5kcmdo	7.60394320160456	1.99827272830334
did:plc:va2lhl5rsjmv5hemcyaxailt	7.41036535248159	2.04933669518479
did:plc:va55ggircwxwpfv3v5b34tfn	7.06686623430975	1.70957170441393
did:plc:vaa47ldxcdphthlyfwtpm7ql	7.55071540514109	1.11075433795514
did:plc:vagcncd2o5tfewtsmgfwroi6	7.69363055880641	1.82497374467952
did:plc:vanebi4ozaabntgaqpa7fitk	6.03044682256287	2.02511388825258
did:plc:vaogh2nc4lq44yght746iq4z	7.33596075943658	1.93050644456336
did:plc:vav43gc426s2wjivt3ne6vko	6.20827823379106	1.85508648162648
did:plc:vawzqvfkcd56p227ol6yq6u6	7.08229069694771	1.90294099527735
did:plc:vb5ri2c2vovok5ebhlbynmid	8.24183650506263	1.89162773255666
did:plc:vb6zw6ujphksdt7ypcd6cdzg	7.07666851509554	2.18688898068628
did:plc:vb7e4eg3wds5z67y63n7rgdr	6.67797744878079	1.8137994564411
did:plc:vba3mnu6fzlwkmxtwhj6lmai	6.65602525359187	1.98393523542823
did:plc:vbbpxlhc3fxtylgrbo6z3vmx	7.25473310329373	1.46572848117915
did:plc:vbc2ndt6ycs3ijunobc7bfpy	7.50265709020932	2.30684133864876
did:plc:vbizgao7bkz6eaenimdl6zce	6.81237268720682	2.04388057761626
did:plc:vbr37jex5lbl4kamsy6kofsg	7.03642950481404	2.08621396259285
did:plc:vbr65yrsgzygpha4dandfvwp	6.78208964872468	1.709067268938
did:plc:vc5wukttpib4uj2zovj3pura	6.77528890272878	2.03863283225315
did:plc:vcae6dyth34aefxkq77rx6rq	7.37006746688517	1.81227332461844
did:plc:vcbd463qrgfnekjur5bhgvmx	7.15299009482667	1.9815897338211
did:plc:vcianzmgk4bwq4x4mmotxssm	7.89081523437242	1.62245942708877
did:plc:vcj3w37z3tpvzpg2zbv2it4z	7.61298992451206	1.87081822707846
did:plc:vcjerar7wj7x5jl4gif7f4cb	7.66456793258394	1.71900213722185
did:plc:vckvwvcvm3zkqhkg6pzzzxqe	7.06576614662672	1.86291495554331
did:plc:vcmhi355okff2a22zdzdt2us	7.69822275956872	1.62503397721616
did:plc:vcqggrqyncmfhg6uhet6w4li	8.3165822414882	1.94412243413111
did:plc:vcsdyqovftkjwr7cnzinh25o	7.94067070787776	1.47222682153211
did:plc:vcsmmhictkdrwfw4xgcomfv3	7.0693312110802	1.67428805319047
did:plc:vctoiry5fvoz4dh6lnqztkgj	6.70504162245703	1.80671828477496
did:plc:vcucucob2k6jknuerrg45fhc	7.30789451649206	0.513094247990263
did:plc:vd2d7iuc3mknxzdqwhtenyhi	7.26856158729491	1.8079742040283
did:plc:vd3juutaxlimntx6vrjz5dc5	6.6810925826427	2.70477394579627
did:plc:vdebwjxnaucpty72s5mbm5gl	8.10775651375237	2.01201944810671
did:plc:vdfh3mht6l52tgcckn6vly2h	7.37766451774166	2.21098227326204
did:plc:vdh34csjysdq5wkwnt4b5k7g	8.00275821628277	1.63902170711418
did:plc:vdhytj2i4dzseocnp6qq65li	7.52455089146462	2.0934304538321
did:plc:vdruwcb7v237te4jt44wlvwf	6.74640118518857	2.0976131267774
did:plc:vdtm6kq4i2gynuy3xp54x2ya	7.36446991869983	1.65663561470297
did:plc:vdtnlyhxwdv2twrppcdxy3n7	6.65792005799305	1.8968068217506
did:plc:ve2xbvwhkl5fgsmiikveu32s	6.71429355078477	2.77099762378553
did:plc:ve7d3yncjg42vxm6hwmjneha	6.43916036286243	1.923535175598
did:plc:vean4vjenqfufcghmfag7otf	6.69611113285982	1.93670031363853
did:plc:vefu7eonywp27jobpzi4kkw6	6.87166056925024	2.10559567850468
did:plc:vegphqy5lgw23qyheaaitem4	7.27054001667022	1.9765567652941
did:plc:vena455ctwntkq3v5lfxfkl5	7.63588654831755	1.67575551158857
did:plc:veo55hwewjy6gp3lp25mogfp	9.76389918142801	0.595753020816738
did:plc:vevg7yubericaks6di27joes	8.5946436596282	1.43893522960086
did:plc:vexp2rb4ztovzodco2uueqyg	6.8851031347873	1.9936811270997
did:plc:vf3zpa7pfzs2ejeb76vp6rk2	6.91208339274004	1.88600554069795
did:plc:vf4cpmuk2qhgu3nm63llvih6	6.21542256215612	1.84255076360842
did:plc:vf5yjl4sz5by2epajwfae4gl	6.99254093932208	2.0862908855591
did:plc:vfblc5thxdj3kp5g55gyng4s	6.97727770577611	1.71622929241319
did:plc:vfdnmrlfwvibhc5wbtgfsi53	8.09668256704198	1.80829331419082
did:plc:vffa2q4zmayvhouwqbxnx6uo	7.09345028880741	2.51743996451446
did:plc:vfogkxpg3tpxzbd2ko4upnuz	8.31891094338755	1.57809412023818
did:plc:vfr3gx22wxmjfo3gwniwloxq	7.71912734084539	2.00413803789494
did:plc:vftw2u4si6aq2gmjtpbtqddk	6.52047620908798	1.90016252103454
did:plc:vfvblcd25kc7wcxvaoy5o4b7	6.84775683390747	2.04276530871027
did:plc:vfwwck2w3fvfvmexhooaafli	7.28558009947391	2.21010281719619
did:plc:vfxr5jsfsgr5zpt6pozevhzb	6.88154855954448	2.20477173553824
did:plc:vfyqrnusoou2fgotvfibmgxx	6.89540962948764	1.84258617151355
did:plc:vg6f5plq6cf5pe63ps37ru25	7.95883935642578	2.12867166054099
did:plc:vg6qbi3b7fbssxohigqdsets	7.15798678855263	1.83661568438267
did:plc:vgaokxuqvm5rzxgblgstjq3z	7.83520486286164	1.57532261385946
did:plc:vgda4e2y7afyhxrqzfhn3p42	7.71144557690766	1.39162067531576
did:plc:vgeu42g76ngsmy46e4wlrpti	7.36566439997067	2.63093493172677
did:plc:vgflehbym7ebobkdzfqxjsqm	7.05573955875031	2.57527979111778
did:plc:vgn3fbhkg5b56374jizneo3b	7.32333921770236	1.94295120018334
did:plc:vgqvktxh6rndlubar6nueflb	7.28474083088426	2.24969513022785
did:plc:vgszle2yyf47radthy7lkn3x	6.55636881300278	2.36157955269666
did:plc:vguvozbu52ty634uuudyn23w	7.586824823928	2.00089212349783
did:plc:vgwbmfaggy6g7noqcupyuolq	7.31650082793315	2.47509740467598
did:plc:vgzr63alcebydssnsdvnocvl	7.66970405586562	1.56939963702135
did:plc:vhchcdf27orwjmlhea7jl3an	7.544026134657	2.02976663560545
did:plc:vhd72xmavc6afci3fpqlbvxn	7.51962812997429	1.7087979979111
did:plc:vhijjmgbkjycpm4wqpaaqk4u	7.77077880655549	2.36536075921147
did:plc:vhnndxsrixeuq37gmqgfcwkk	7.58659779989663	2.49617324431393
did:plc:vhqlrxzeychc6njrbakoleh4	6.74484754034449	1.92768075172638
did:plc:vhqwwwo6j3yawh5pi37dalq7	6.96688211428084	2.24257905525886
did:plc:vht2hr4akiztcau7ieimc7kn	7.77905249602209	1.61483007668979
did:plc:vhuuz22ixmikwdnxx7xemjvl	6.38274238935607	2.24725695308059
did:plc:vhw2gxpt5yzqmhtsidme4aje	7.87059777949717	1.7522136641863
did:plc:vhxkdsocjpxv22fugd57reeh	7.32190633326471	1.53094305071951
did:plc:vhyvg6aac6zexvtetco62w3a	6.30899098053644	2.72475795928578
did:plc:vi3n2yyrhgcranqnwhsukzca	7.36271536913737	1.90756857693548
did:plc:vi6f5igp57cdhrfvhavjyztz	6.54562271799	1.97263008172483
did:plc:vi6yzjvkixrneajke6bv5o4e	6.73990196551702	2.00385755710538
did:plc:viad22ed6jnhpjxby35atkr7	7.43163942521522	2.17145798828047
did:plc:vidrfu2csbenje74jj2yzlfj	6.99911130939869	1.99297398997106
did:plc:viixto4ieyncqdfqirv7gdme	7.09018977337775	2.18714121840382
did:plc:vimd2q6o37dwdiu2kpvews7k	7.0476815153375	2.07612811054285
did:plc:viplyyrs47ewnkkrm4edvefn	6.38050540319174	2.08996741262295
did:plc:viqzmjzfqwggrxv7dsmq36du	6.73837819430148	2.22261591578737
did:plc:visykgz74ksr6sjsyx75ekli	7.68242361182468	1.44386943291786
did:plc:vivevodhfkwvyohxzd3v7mhr	6.89002976867572	2.27471402680773
did:plc:vivn7z372e2lphxcxb2f3r7a	7.4311281476066	1.87757358070751
did:plc:viyezf4kcjhtcf5t6hyeazzb	7.91703039412249	1.71016871829858
did:plc:viyy7btrtkmdjlua4jc56kzb	5.97108986588794	1.83624369334876
did:plc:vizsnytxp4dtpr7b26l3dlva	7.35671390348198	1.92938952181765
did:plc:vj46e766bbmn7uhdduiglv5w	7.29071234915885	1.87589660327743
did:plc:vjnlzzseqz7k6afxoynljzmh	6.40066966348002	1.6815365935859
did:plc:vjqmtvne6c7retp3aguizcwu	5.96990628590419	1.80521423541148
did:plc:vjtjnhktgodsa26hurayt3mi	7.63954885112626	2.20176151628338
did:plc:vjudhcjvbwo5jo2w7zkdvkpz	6.69680234011592	2.24031070703059
did:plc:vjvfop6eazpyno4tokmu6syy	6.8962135042566	1.84658751096432
did:plc:vjx66wqp4yjbhhdzoeustymc	6.35432195163445	2.03835334962536
did:plc:vk2y36emeer5d2nrvvnwuxed	6.09050727336144	1.81792718459566
did:plc:vk375dolf54w3mwscycjlcsc	7.22399961363555	1.78882371064692
did:plc:vkcajnvf3i4ckreqc5h2roqc	7.45474411204082	1.92631848540199
did:plc:vkfgcrszbe4osrkm3tyb5nv4	7.25711249670443	1.89540494514013
did:plc:vkl5xk67tsfnapowmk3jppie	7.1542985278138	1.95642503318937
did:plc:vkm4k2q4zvecfb3glnkp5u4x	7.54880116815992	1.8058113380267
did:plc:vkmdizt5ectvt64ncbdk7peo	7.28836056586047	1.78990618095669
did:plc:vkof5vekxqwszf7fbbxjj4qn	6.55980309348055	1.20195094642398
did:plc:vkpnm3ohdqtsuylrb3i6phmr	6.23204968652348	1.97819234041525
did:plc:vkqjs7v2wn4od42knq4csgnj	6.29136715180996	2.55795555658673
did:plc:vktmhpfq5hej6qtxfdhc376q	7.21688515318557	1.5141714027558
did:plc:vkxd5jnkannp4qc27fl6puv4	8.02403373965816	1.09858662002763
did:plc:vkyta55jsg6jqvchcdi7mrqw	6.80067608442987	2.16119667127329
did:plc:vl4qvf5jmnkj7i54fd5ru5cn	6.74326394643262	2.46533192123496
did:plc:vl7z2vwugzo5v76j3g2pqs35	8.46278970330045	1.30926363650004
did:plc:vlco2le56uf5en6rq7dej5ow	6.53314962132342	2.16688637978837
did:plc:vlepmcc7pztb7atbpjxpggc4	8.26125903745613	1.5979424795057
did:plc:vlewnlu7bmyix2ze3shyusjj	7.22363793296672	2.62239844621771
did:plc:vlgr6naitps72cfspbkrynox	6.48577880263376	2.00114653765166
did:plc:vlhm35vt3hq2gm23w6qrvs4e	7.14897096356324	1.98385050039158
did:plc:vlofvaqp3paqxnhkb3uo6ekw	8.44945569969493	1.69774338218401
did:plc:vlsdf5ufkn33vkvy7mrudtqy	7.3640196741359	2.11351155340494
did:plc:vltxgroguqwuxujxjg65zw76	7.13867078117959	2.52161538514249
did:plc:vlwkkbwcqbhrmrxvwxt43j6f	8.11968180318619	1.33390082465495
did:plc:vlz2xjzpsq4pti6wnl7r6i5r	7.26170020145311	1.96539882764399
did:plc:vm2ojrwiyyshfk67wg75iiyg	7.65641486641318	1.99799500015527
did:plc:vm3iepy54hjyq3tnrnc5xje4	6.91801383515991	1.97793699634224
did:plc:vm3w3g4xidwgqpenmml4hlgw	7.11518261433985	1.92977359584465
did:plc:vmd2oqboco524fhpqdu7pnbn	7.42792512076533	1.63668833857533
did:plc:vmfpscqiq66lynrtzfvu7356	7.75570034546899	2.04940876451675
did:plc:vmn4byape5u6gko4jisihgpd	6.36489675612147	1.94474062723644
did:plc:vmnhr57rcctu66rdfsxp23q3	6.21953128830008	2.33180325384292
did:plc:vmofwo6dpjptmkjnardqviml	7.57450098435295	2.03267846901763
did:plc:vmtfo3vfl4ruewjrmclmchrq	7.08468577255614	1.88551666005662
did:plc:vmtlkv7p57squck3uvuvjgyz	7.30812733412972	1.71054397121255
did:plc:vmwe6vjxxunxccoypks3jeyc	7.0648414324585	1.7804828566475
did:plc:vmzcdudd26zy4qs435kiknp6	7.45310722735038	2.04138876392798
did:plc:vmzhftl7lqvudpgmmhemfreb	7.21790930939573	2.05509742107643
did:plc:vmzuu7fd4flb7gzc3ue2ajn7	7.9563092795632	1.36759870128626
did:plc:vn4pjserovebeekn5sm2a4x4	6.47625062397636	2.23412291228114
did:plc:vncexyvxqtelkbubewjsskdn	6.88267552468805	2.43754931724361
did:plc:vnjsjsmarufqtwod7o25num6	6.76155204251372	2.08436958955371
did:plc:vnlkpa22sthv7pit6gw5u6i3	8.0349421785977	1.47966472413056
did:plc:vno3lhzm2wnmbtvhqxyu7a27	6.30505280012323	2.12700788606493
did:plc:vnpzk7bvjpv3l4kxqw2z4thg	7.12251104963161	1.8740443355709
did:plc:vnqqj4nfak4e6gmoggsjfe7z	7.1308043133372	2.08194943615437
did:plc:vnse5l5f7vntikeykneljcyt	7.52098593774288	1.99454985989987
did:plc:vnyxjbui55szrc7cyxuqnrmc	7.31752624590286	2.39833634382953
did:plc:vo423dlpuoskdaih54lrfplt	6.1506427755522	1.99170106124586
did:plc:vo473qbc2era5swd2hfbdbna	6.77665713442223	2.51667534586664
did:plc:vo4iotlseqyu55abc76qb4ad	8.641988180423	1.20514438956418
did:plc:vobcpjjk2nnm7zyhkugugakg	6.71494601185109	2.10995482399475
did:plc:vog4jwokhw3ieahccoqqoef5	7.96017080310369	1.53879666439951
did:plc:voiuc27zdow75twc3vlbbub5	8.16419091270999	1.66677000979576
did:plc:vojldqjd4icgwrkhlqjbfc5r	7.4600625824045	1.56667108628016
did:plc:volahpzgdrlnbcu4sn7p2ous	6.82914547204175	2.20857876565033
did:plc:vonxstcaem2vmpt7qnzqmfe6	6.87700482591221	2.50596259255317
did:plc:vopkx5otca4cq7e27ejqv2id	6.55670377669868	1.89579735893245
did:plc:vorvotpmx47il67kg54nddsw	6.97153746189465	1.83896640610788
did:plc:voyt5xymewhaumpjhg7d3tb4	6.92881658819092	2.61514841125761
did:plc:voyxlcvdnnbxwq4gynbz2rh4	7.02387909261672	1.55963458089148
did:plc:vp44ox7iynu5e3ggrinvmhis	7.64931052116869	1.87919685984471
did:plc:vp6fqs3mcjgstkxvj2yr5lo6	7.65700760620146	1.41522248680787
did:plc:vpcf3l3vgso7tlegcgm7sfpq	6.19014116628203	2.35937475602515
did:plc:vpevupwqcl2kuzl7nue2c7x6	7.22338176874762	1.62000472664538
did:plc:vphgtbjqaht3n5ora7h6ssc7	7.40178252767008	1.88124563154128
did:plc:vpo2zm3gc2y6x274mfwkpbex	6.75807909502285	2.32865493971326
did:plc:vposunwe4k5vdpjlsqmu4vww	6.55404824205904	1.96647472640254
did:plc:vpozop6lusf7hsl3zfu2n6dy	7.20893390303332	2.67325236534686
did:plc:vpyvn62lnto3yi4c35lr2mtj	6.93565328294928	2.06988518917102
did:plc:vpzatrqka5adcfrua2lpaonq	7.43955819514324	1.97970746764672
did:plc:vqcotmg256msqcoxg62eugma	6.69912992497442	1.88204156507174
did:plc:vqf23bziwrxc43bspav2si7b	7.10150279185233	1.92292578554619
did:plc:vqjlocyozd7z6op7nemmtumk	8.11683953260487	1.65672302603361
did:plc:vqk6buj25jyrna2xysn2mhrz	8.45363476367022	1.30269531380917
did:plc:vqm6ovrxyeeyac4wnyunil47	7.58019810397293	1.73305817777647
did:plc:vqo43blcxmuk5opn3d2mrfzb	6.87700187223503	2.21886049491439
did:plc:vqpzxu5b5kbw6uxddkrz673o	7.96237095648009	1.71993863888402
did:plc:vqr6qcne2dya6o46z2citxdk	6.43266708656141	2.21747589903007
did:plc:vqse73rmbvhhkyecvh5gz7rp	6.61659508175395	2.06216715989656
did:plc:vqt6camxl4kyr6r5v765nfus	7.27654604118057	2.64786246846673
did:plc:vqueulgpnbuqjyhop4uvl72j	7.08627007937902	2.11253010773069
did:plc:vquleqel2r2t7pbi7nh5zdg4	6.62138510977748	2.24262124214221
did:plc:vqxtjexa6cn746ylyrqgd3wt	7.53736570585103	1.73044242083188
did:plc:vr3g7cvh73bhkbgiz3v755z5	7.5514816385963	2.34006939466501
did:plc:vrdmqisa63wutogggdps37ei	7.86034288049645	1.94986300316533
did:plc:vrdthzx353hlhxh3ao24bngf	8.53854012471222	1.59037092841563
did:plc:vrgfu3knlkwg3f5qvttgl62a	7.52037449730112	1.92896389465769
did:plc:vrhqnfhtndxez2ppuhjv5mky	6.86451047390222	2.26666592001705
did:plc:vrhut5rdt46o5uiafbtbopnz	8.17216351877866	1.31303003180145
did:plc:vrkgare2hg6e6xiaqssvqbh5	7.24987686377985	1.72154791919322
did:plc:vrnjqa3bd5ichszr6whu2nbx	6.46478201925793	1.77326942667864
did:plc:vromepee7fp3zvftmrie2itr	7.73715376757622	1.88238308900287
did:plc:vrplddi6z5eph23xtiv473jq	6.24585725773965	1.96605106942089
did:plc:vrpp4g6ait2hyea2x6uh3y2k	7.26954909960045	1.34290384535967
did:plc:vrppwwgouztohdcz7kqaouiz	7.16633181604315	2.0870845040373
did:plc:vrqh5zqdaqxnpnrwabsisr2e	7.9432062418339	1.83425845095773
did:plc:vrsmksnbnrxplcnzk5s4dqou	6.88037114124678	1.74840429863309
did:plc:vrtcxkrwpjhie2bg4gztuaup	7.07238949644416	1.59465385002162
did:plc:vrupxgjwqkdb7zwrszxxb5rb	6.51427821113564	1.96754991901102
did:plc:vs5wzlpyi7e73223zzpb4rxi	6.8251872977792	2.38454495983046
did:plc:vs6druwmk42bgdkbhe5bq6vq	7.13947108322651	1.89532964917292
did:plc:vs6wskuj25efxaut5bvv5jkv	5.80762456024624	1.86130456924981
did:plc:vseglbqny3llibojpgjkdcxe	6.2263382308378	1.87747019134522
did:plc:vsfdkjtshttufkueozjdny55	7.36817773433284	1.6526860454937
did:plc:vsl3prreiyebmsztsll5roq7	7.66127481710405	2.14194411387287
did:plc:vslrbc7djkqog6jqu3efeqbj	7.42241515711275	2.08142797291608
did:plc:vszlmsjjd4wahcb42by733kp	7.9684000338777	1.56406304010358
did:plc:vt4palp7lb3ag6ak4fisphr5	6.69383760323151	1.74839134059946
did:plc:vt6uvvd3qplokptyua3unuln	6.61190650342709	2.11147736830329
did:plc:vt7bcwvwzx22xs6vs4o7w2e7	6.85032268991294	2.21277179742419
did:plc:vtgavvcilmc52mlkpop7m7gj	8.11537373163248	1.43348660235145
did:plc:vtqdfooxddb7yt3aefprjpls	8.1135893646246	1.84305372861117
did:plc:vtupekeasucxsm7gy4y6sjm7	7.08242502510971	2.52557760658818
did:plc:vtwx7mb6tej4rmsmdf2qfc2f	7.26400393406742	1.65672967753493
did:plc:vtwyu75ewzqlekh62zftavao	7.80010553606715	1.72099061463099
did:plc:vuc44pi6hxfyh4zmysxefvdn	7.34709177399145	2.10689752717905
did:plc:vuctw7of2fqqo6uigl4s7xzy	6.82366319305578	2.55976464174942
did:plc:vug6a2iqrjsx3n74cg33smp4	6.75343271765077	1.87833805648478
did:plc:vupfmyedqjydk4ly2qxepr5p	7.41603330329966	2.69862067249488
did:plc:vuxqv6lzlhakvn2uadhyxwua	6.9507181951907	2.04950411613481
did:plc:vv4odj4rygnexs7x3as3xrq7	7.42391999922108	1.84267620209345
did:plc:vv6suju7wty7vzvaspmaxmvv	7.23429182965267	2.46768622359704
did:plc:vv76hv75mpirnlhwmqy6czf3	6.54023038897047	3.10616177584011
did:plc:vvc3hdiypytr5ginslqa2uwi	7.04852909222116	2.11323648511696
did:plc:vvcfyfe3azitzslzdeiv4fxo	7.59462281948366	2.50030507254759
did:plc:vvgtxbqrbimpa3aqojt3n2ca	6.98943713692598	2.47571673374412
did:plc:vvk2wukzoaopgugrulqgvvlt	6.92496408955795	2.08921232178445
did:plc:vvlpfarso2eojm2xpzc7qrd7	7.15370022338801	0.979597366271042
did:plc:vvqsrco2btdcz72b63ammu4i	7.49329723389178	1.74247948419291
did:plc:vvs2qgvxft6secuwfcj745yo	6.15882843627491	1.87989350595633
did:plc:vvspzwiqxpbtajqtqd6q3bky	6.97664634122235	2.19293633939796
did:plc:vvsvhvsgdhwxq7kt4jbi2epi	8.99694787437654	0.77514284875376
did:plc:vvw5uq2cpoj5uturtot3u62z	7.1502878849565	2.71317956994363
did:plc:vvzcj5ernqjgpu2rw5o6ezax	8.05530840776173	1.78964645986301
did:plc:vwahnxqkqcuytg6d74ox2a7g	7.89681788478084	1.8204142215342
did:plc:vwbhgwi5gqowmfo7vmu5twmr	8.4308287677142	1.59422868346971
did:plc:vwc3x6i5hqituvymjfppfmca	7.23946662459258	2.04692284650542
did:plc:vwgffdss4uvcexzq6rn75wd7	7.26467942371602	2.68287715291631
did:plc:vwhany332xq6ja6nhvcxtv2d	7.75557839212466	1.83645317263734
did:plc:vwhhtpujekbeuxp7vyv46pyz	6.87497187926528	2.25454058760512
did:plc:vwjqnig47jeghiv76q4zoa7i	7.24736671062816	2.09383549949111
did:plc:vwkrwdoddi6qfyoeuf4xoeib	7.32820948922478	1.90357906862938
did:plc:vwncruznl3glrb2zbzfi2f26	8.04267295030688	1.72465012688342
did:plc:vwqizri3ls6rt6s4v2nvtteh	7.3565549545128	1.56599354459001
did:plc:vws3z55pcetd5hodkjysscr6	7.95744544825431	1.75378820843663
did:plc:vx3oouusgpe2eqyispivcnna	6.08216635971966	1.75191878737153
did:plc:vx7tkttnbnyhycwhlxq5vejx	6.90941523030986	1.67942414904416
did:plc:vxbwg6c6cx3tv6cnikidpmvh	8.34242436112026	1.74809271304021
did:plc:vxmvvejnqpw7lajld3oez3nc	6.95945907184332	2.01001645171795
did:plc:vxuok2bln77cydogvelb6yjt	7.80051171296052	1.88047414561999
did:plc:vxuyxwn27iq7c7wf5llf5nkk	7.19822200310263	1.8706270120122
did:plc:vxwkj33fz4x3eunsfwv2i6zn	7.02235401888701	1.83068389014527
did:plc:vxznzcofacd4efltylt5fcnb	7.5193898157767	1.89356578972983
did:plc:vy2y477wsuvqbqh35o3zujup	7.2127121032681	2.51654240839552
did:plc:vyb3z46uqgukrmuvc4bwolmx	7.50512493914312	1.78023873606796
did:plc:vygolpbmgxetxpqymh4b64w4	7.81479114627891	1.58545297344917
did:plc:vyhtsumluho7l7wnoxp7yfz4	6.59410367342864	2.03725727469338
did:plc:vyjslljc3oj2ijk5pa4vgzoh	6.71800164156094	2.3643214759671
did:plc:vym6mb27xeh6nh3greeerkrv	8.22594630503155	1.25302403012385
did:plc:vymfy3prnhd7j2ut55jxw4s2	8.94404177487522	1.20763176818023
did:plc:vypepewgdr5ae37qyh4ui5as	6.27096893149405	2.00073674142589
did:plc:vyqr6nhe4fxu5wwzpemwuq7u	7.70109332075121	1.56630318929877
did:plc:vyrx4xgpupjsk2kwjiv6zx4p	6.70824328062493	1.80273789454656
did:plc:vyucfdttygdlzh5wd7jkcfgr	8.46569967946559	1.61908905364044
did:plc:vywtkj6wuvrxdva2rn7qfcr3	7.69517317786711	1.77113685973722
did:plc:vz4ur54nsyi7bheagn3sad4x	7.46666860777979	2.16221456077161
did:plc:vzbzvgfohwgbtess2fut22v6	7.64785495915928	1.86451507398094
did:plc:vzeroizac64ruioqeayeyuwh	7.5165234903458	2.09331609953074
did:plc:vzme5z5ngvkef2byarxwlhgx	8.53958747683051	1.45134761279071
did:plc:vzq7tl5x2u74elwoai7ffdsn	7.07102981279022	2.17007581623646
did:plc:vzuhj3auzld2bkbnbqgtl2fb	6.88577876742675	2.36809788767803
did:plc:vzuofhtr3tqa7viwmpwtcia5	8.00672076998547	1.92358244879088
did:plc:w23ltxyei4ifrrh4bdmoharz	8.29521802631223	1.42852886955796
did:plc:w25pysqskl2xednzhvyuxj6g	8.00493545294135	1.85803043140152
did:plc:w2egrb23pv6547fgnu7kwqqf	8.2731688795617	1.76370349281835
did:plc:w2fflqrkrnqskjks7ueszbgh	7.23046679642257	2.50108109465801
did:plc:w2gbdqq4kgsvbwrhxk7ks5um	7.13898390949415	1.53208451741819
did:plc:w2jcunzoo6wwewpmz5v6pdn3	7.77241673290062	1.79451521110946
did:plc:w2kuq6rzsxxhpgg5wd5rrrqk	6.62196160591952	2.77451927435428
did:plc:w2lbommurc3x5iic27eeiigw	7.37160142785606	1.88281990500955
did:plc:w2lvkdkun4wbxhjkt3gabe5h	7.14352542097362	2.28665634503161
did:plc:w2nocvif23khx3izfevdvsio	6.72345091286251	1.60542402499173
did:plc:w2qwg77fgaryw3rauktjseyc	7.06885497027587	2.69785911006809
did:plc:w2uohqjfrf63tiffx6tr7qwy	7.81330300732886	2.13788813022897
did:plc:w2wuvpdjxj7qtr6k3eu5ad7b	7.27035905972694	1.89241123943768
did:plc:w33swn6rzkn6seum3qlrrog3	7.93607277648392	1.6961739096722
did:plc:w34trmknpaqicwdrlcwoxwxy	8.75137089627437	1.34167660037158
did:plc:w35bldizlw3k6azkllpzfmef	7.30028129000589	1.94551897080918
did:plc:w36uocsichn5ef2fios6ij5s	6.38033202751319	1.79132238143092
did:plc:w3dqpuulolyhqpdsycw7orwx	7.94395894442766	1.7624666967126
did:plc:w3ihiuygact72iej5cu4rovu	6.73885113474371	1.63979405427141
did:plc:w3l7oj6hsijrw6qqvuwpecwb	6.81513499647193	1.99735145398479
did:plc:w3ogv65l4ho7e5hifio35zjl	7.72937778736328	2.08798499623298
did:plc:w3oqcz2a22ztark4w4g6efhw	7.67519707196603	1.57956398303814
did:plc:w3sckvroxkirshvhdegiakg3	7.47138185394427	2.57112638843845
did:plc:w3woswx2gu7hburv7q5jmmkb	6.95752009815637	2.63182627558603
did:plc:w47dmycxmh4ed5dsevizg5ek	7.93048089075214	1.97371219309021
did:plc:w4avyt744ibhzm4eunmnfzca	6.62176335408333	2.11117384204256
did:plc:w4gneejdlb3n4wotloyv7p2x	7.513627716449	1.83230009870437
did:plc:w4j6rvk6pj6sopb2gpyktaml	7.25536482777653	1.70006314625327
did:plc:w4kjig7j74t5jo2vrfdcca3n	7.66140179646879	1.94668073648269
did:plc:w4kkwb253w5bmvgxp54tvcng	6.60059165969309	1.89300977327794
did:plc:w4lkztxhn6em3u4z6l6rzngs	7.72228917936505	1.88198758005184
did:plc:w4mkz55aekadnxvves5pitbo	7.08478690465815	1.93400080344249
did:plc:w4nbdu3vlea3mlr3ojud7l3o	6.4176183590333	2.07162798466892
did:plc:w4qkrfwher6zx4gdojj6rhft	6.66117986039177	1.6901902017172
did:plc:w4sgcpm47h7ud5rkaa4blxzw	7.01475042432315	2.43347225350835
did:plc:w4t3iouc65ppdgth56ed4fo7	8.03061328421824	0.431944954424962
did:plc:w4xgktzvnu4xyy37xlgp3xki	6.34241887542663	1.81312709914317
did:plc:w4zmzwvymlhaufcuoiffy7mg	6.67775035679899	1.93134167930773
did:plc:w5bzp2cv2jdkh4opn5scfpy2	7.46451982325849	2.41125237283058
did:plc:w5fh77ykzxzkv5fmzblerhox	7.9202375813393	1.59223073489339
did:plc:w5fleovkn4dabvp5rdjm7t3q	7.14896473414904	1.96834796879131
did:plc:w5fzxpcfbjybjrllrzk7tyry	6.65268142102693	2.18452146486881
did:plc:w5jgc3a7tc62zea4hhdjxybe	6.7816063180318	1.78199187760393
did:plc:w5kn7itcyssigocgak3mhipo	7.64734171777561	1.71431333900634
did:plc:w5q3txjdtlbwrnr43ntzvumg	6.04493906117526	1.90007831552802
did:plc:w5rdzgd7alyvnjmadlvnxpp2	7.51169260240049	2.00185096680672
did:plc:w5rg4tlqy2zujjzolt4xd2u6	6.94978331478391	1.83916821409118
did:plc:w5sdbn6bhfzaa4hajfgdhgpz	7.92106824044865	1.85095181224726
did:plc:w5sr7ipgnoy6awbphp7ggxb2	7.67428506536779	1.56672044686151
did:plc:w6a7mxzvepnwus66hgw3xd22	7.04557185615015	2.26471577687782
did:plc:w6a7vrc4fl5udc7ekvziigep	7.81993795210607	1.53656729729269
did:plc:w6g6gdqxqyfkrbkthyoav7nt	9.16420845417839	1.12400448593275
did:plc:w6jbokemfd5ho4isbesd2la6	8.25250779151075	1.4327151000281
did:plc:w6llvu662mbkpqwu6svehrbo	6.52495617950556	1.97631561971718
did:plc:w6nir3sflpncy7o2kjnz4pu7	6.72610151526198	2.06334863138905
did:plc:w6tv3kdlcqhw6hwonrbrzx36	7.92354379798487	1.72477056441114
did:plc:w6ujbxhiylvvhz5uyrxubt2e	7.08233676545221	2.26651791658428
did:plc:w6yzy4yanhaof7bv3yjgispw	6.54988475100419	2.24456917733529
did:plc:w737x56vfnarkxj5rllurh2h	7.54287345865755	1.91452614289646
did:plc:w7dgmvtsuha7b4gidoi24dhp	7.07495528997582	1.55192413035589
did:plc:w7e4d5p5sgt5ickmqzkkwb7i	6.12697123948185	2.19232277322236
did:plc:w7f7udr57hztdmuowvso4cur	6.48023886129954	2.68284732078365
did:plc:w7h75l2ubjysi4eouifobzhx	7.54650752154698	1.92747613246532
did:plc:w7ijyhqk34sdusreb2eb5o5u	7.22835945781285	1.81535693757377
did:plc:w7j5lwmnrs3cb64d2hkoilqy	7.15561959170849	2.14485947577885
did:plc:w7kho62rnof4ubgl3rdcd5xm	6.68454932499774	1.97452832485269
did:plc:w7moa6tpifwmdjvest3kowdx	7.89197732404069	1.44745619554472
did:plc:w7uwnxitco2pfrmds64kowjo	7.39025175232743	1.62416150896629
did:plc:w7w4pqz2fhcongqi32d6pous	7.54252676020666	2.34940325716257
did:plc:wa2bacafi4rlaboiggd2qfem	8.07449289465028	1.72646272699432
did:plc:waawrjdytx5kxqwqszkneu6q	6.64410493710055	2.27112648473395
did:plc:waaz5hwjdbvmh3htx4nysccy	6.75730527533145	1.89895894743403
did:plc:wacjca52ewzmdknqh25u4tj7	7.43916824066865	2.25626144379492
did:plc:waoj7sifbp6n2josefuxhcod	7.00092416686653	1.78441910995973
did:plc:waryky5mbhbjvcn5gou3tna6	8.19069919894675	1.76883815693968
did:plc:wavov6tfzk6fw5yfia6sal4d	6.88876305676264	2.1240757459243
did:plc:wawyrv4nc7mjfjqtpveyrifb	7.9663388036185	1.78647348362873
did:plc:wayt2gwlmtfaqlrtiodqohok	7.16009359459809	2.06352852149143
did:plc:wayu74hqceyghimhdgfvwwc2	7.12251422673766	2.10026319963804
did:plc:wb4ovhhcrif6cp66oe2pqx7i	7.0512997413697	1.14067791601541
did:plc:wbavzuz5d5btpfnisqwbbl57	8.18345398543818	1.57289248194543
did:plc:wbf5v7nenb3a2ikzj6mgn6mp	6.79412169361013	2.85094015913822
did:plc:wbi2ddvkrznopgimpkif6igh	7.21840390672747	1.95998088992492
did:plc:wbiclnurzfks7lbmumjelito	8.11669266766476	1.74618192497145
did:plc:wbpuzh2rkmmi46ueygwe3hff	7.30886653869597	2.30158390055452
did:plc:wbsl2sqkakqayq3haflhllt2	7.52320999754882	1.98509081148169
did:plc:wbsm3zpx3elwavaasel45amu	6.81154874174402	1.98275109556483
did:plc:wbvdedpaqezd2botk7alocri	6.84221350187704	1.89483293356729
did:plc:wc3uljbzjvw6xqq3b2yoirgf	8.83524876928634	0.0176084462323873
did:plc:wc4uyuzooql6szxeub2xuce4	6.60744055887327	2.33512521899133
did:plc:wc54b6rketkasb7xu55eefe6	7.07538787132699	2.21895307366749
did:plc:wc6ztam6ctimjc6e2d6smo2c	7.45399048252404	1.75513508691417
did:plc:wc7egcm5iumppdv7fdsfdpuq	7.42243075975412	1.66394928579007
did:plc:wcgywjxzfoxqsfbmb4krostr	6.65975354125388	2.53882480930376
did:plc:wchggakqppnphhym6afy3mtk	7.14581060770305	1.96063609727737
did:plc:wcjs5fesaurzs7ia2nfwr6co	7.96126956321509	2.00354150776434
did:plc:wck2wnlmzrdoqqqld56e4poz	8.2520521464255	1.95660077030022
did:plc:wclrhjtk43jbtuwzegajh2us	8.05977114681874	1.7817560677742
did:plc:wcodfmaavttv6qenj7kg5256	7.08978571871497	1.91377496374575
did:plc:wcthu23gj7ns656neb2ju3c2	6.85146811567276	2.05398862092092
did:plc:wcxi3smv7cat5467faxykqzi	6.71497100010678	2.0772426337494
did:plc:wd4pgnkkoq25425ljcpwevcb	6.01628191355736	2.10367350841863
did:plc:wd6qa2ma262ujwxqtl7dde7l	7.15540341172225	1.66973162041158
did:plc:wddum6ylsvrazwpp6aoplub6	7.36099079689241	1.73901636265073
did:plc:wdjr6cpeusba6rkfmmxvockw	6.60151272359571	1.86835944296997
did:plc:wdpfegaiyzytkw4cejdmkmun	7.61985298555268	1.52853940619667
did:plc:wdqwn7dekkhmbrcpzga3iocp	7.15455570966587	2.31293531114102
did:plc:wdsph45atlcqevvqw52impvu	7.33417500457854	2.10645966754498
did:plc:wdsx45erphqsmuag3w2fq3k7	7.1307425684803	1.86476634983128
did:plc:wdtdvlqucuvqpbyttmqwmslc	7.12989337760293	2.42917455131379
did:plc:wdwasxhz5wp3j6226ie6jf6q	6.89287998632667	1.88800765546239
did:plc:wdy45fqzl73lm7nc6b6vj5it	6.64935750349065	2.63302024654606
did:plc:wdy737e6kzi6klizg6w3u2rk	8.01598483680117	1.59368310296431
did:plc:we5tbbw6bmraejxod4ea6hki	6.6248686046083	1.72957516971345
did:plc:we6aj5igltk2imtnsz3dirpf	6.84129672400707	1.90825922727566
did:plc:web6nq74r3t227ezw5q2jrsf	7.63218276343882	1.78186579062968
did:plc:weblb7rms4dfhdjqmtqlmjlh	8.18675607677244	1.67668454728489
did:plc:wed5lyxipp2jteprhtcql3oa	6.87692171093762	2.00058088646362
did:plc:wefysmmzyyutzsgnj4s5hgtm	7.76974272216108	2.06866952097016
did:plc:wejo2c6rmqmokyvak3qdzbki	8.23360184334522	1.31647127764797
did:plc:wejzlfe77v3mjulj6za3d25n	7.71221535712846	2.0087495730494
did:plc:wems3hfqqjsfenrrd325q6zo	5.08616723380562	1.24555144894205
did:plc:weowuns4iy2onkc4ffiomaoi	7.39036346104682	1.8224276248
did:plc:wewzpud2bhcrsxibmwvizvjc	6.75668990370471	1.74318661951424
did:plc:weyj7zm6lyvabzempfo5rkcx	6.73160995241732	2.74966624536522
did:plc:weyktrtwca7za5y6ys7souyb	6.52976564958956	1.96317858794453
did:plc:wf7o32k2yfba4djsgmtz4os4	7.6903539619625	1.86803268723146
did:plc:wfajm5tu7hmmjx3j5ffkr7bg	8.12634308019055	1.48098674068691
did:plc:wffauuhppma4vsy3b466m5w6	6.92050601948064	2.18489677935235
did:plc:wfhpjmuuhavry5ffqx3z5zct	7.10385820540095	1.62728217166603
did:plc:wfm4v2cmxhw7kdfypqchbrs6	7.06947114602286	1.7636285696329
did:plc:wfmhp3bxopjtekbhfxryezbv	6.65780483667246	2.11309510811997
did:plc:wfpmsqblub5vtnu2s7uneobx	8.10030059542702	1.50853609383447
did:plc:wfsh7wap3fnjb7jinx27jfsk	6.9484499519975	1.72120431963347
did:plc:wfu6olewiyqyviwuom5e54eo	7.71485606811704	2.10017653806532
did:plc:wfyx34neqwo3qmmvikm6xhf5	6.7390594230571	2.0923544775591
did:plc:wg4jkuvowqimrtk3lzkf76kl	7.30667222894512	1.65800593510102
did:plc:wg5rpgdfkslwywyacz6ksrtm	6.99286176610873	2.60600393639878
did:plc:wg7cdjilekd7a2v4wg6wjb7t	7.3463174873671	1.92112672037427
did:plc:wgijsoecyxxd5ezfbsyhrfte	9.320447840354	1.21004247679321
did:plc:wgmck23ekos52qn6squs2uvs	7.78524648380366	2.12276449816633
did:plc:wgogj64kn6wgx57vyy525q5w	7.40569188413321	2.23629676813005
did:plc:wgpdeuipsowt4q7hsbuxf76t	7.99528624401	1.31035326920038
did:plc:wgs5fgt3n3atuudphky2q7r7	7.09836924075053	2.15333561006377
did:plc:wgturhnexn77z6yjdgsm2zxy	6.97215148660415	1.78141930622289
did:plc:wgvpozoiuqhw6mvxonulichd	6.75576915184452	1.96589929973767
did:plc:wgwmn6ynhoyuskun4q6cjcc5	6.64331635589614	2.03723052317122
did:plc:wgzbp3tuuu572656kop45ttb	7.14674509668602	2.26299577069516
did:plc:wh5ucb42deaainio6gizlato	7.56507920930277	1.76555878189982
did:plc:wha4nq5t5yudzausgbv7iwmt	6.84315938541096	2.25344290787918
did:plc:whbr3cosigouminsjqg4rfxt	6.85071194867172	1.93025551034956
did:plc:whc6m5lqncscttlwtirekh5l	8.06378291849945	1.80580604810422
did:plc:whhn3x232pigjiap3tqxjtmn	8.18593927514958	1.6752370320388
did:plc:whhytxsqrb4dy3cwk4ot662f	7.15630752020183	1.53542461869125
did:plc:whmaanyzmvssk6s6r66qryaq	6.26256888807343	2.09669241455481
did:plc:wht2zb64it2w3t37znkmgfeb	6.61824075244141	2.49189413650585
did:plc:whxkjygqtagggcxx2c5tqokf	6.20067448042814	2.221539172575
did:plc:wia35azrgvplcqd3phvbkgg7	7.07227913233218	1.77512243593683
did:plc:wiaeqbecdy6acw5ghyucvok6	7.01257453101784	2.33921365466236
did:plc:wib34pztubtne4is6yvyr24e	6.88744112415542	1.8376483393111
did:plc:wibud6d75ttrzzxf6nceqlkf	8.51522971885371	1.59175410759342
did:plc:wig3th7ua3slwpzuty25cyt4	7.18467097526805	1.95860283368329
did:plc:wiik6m7wdssofmxdoz7apukk	7.72268935444584	1.16493626692533
did:plc:wimmly4oaoaz3ziufpupw2rv	7.11771712154922	2.08844895943655
did:plc:winnuyyrrxslnq7rcwx52qnm	6.78454610568373	2.04596591887175
did:plc:winqhrpqmwbi7veqmtppjue5	7.51899571008332	2.24424787810747
did:plc:wiox3dkuzqhx7jvd3avibkeh	7.34361944763783	1.468802168707
did:plc:wiplj3u2qvh36omskjhu53xe	6.86494549361812	2.0298934630986
did:plc:wiqmvbuhcqbimswko3oeqeom	7.30187312364878	2.20471861799144
did:plc:wisv4g424ulowneelkr52yv2	7.17930111920154	2.45151068997649
did:plc:wix4bxtqzlso6oyhl6xqg5dw	7.96959674542078	1.7727760863825
did:plc:wixzye52ge63wgmztori3src	8.63087068278136	1.28382749052666
did:plc:wj222j7j4agz3k4ikhxrbb4r	6.98029240805787	2.07882628737921
did:plc:wja44lcntjwlrqg6hvdxql63	6.85887045357208	2.27791688545455
did:plc:wjatyzjoioqxfpz6r2erahnk	7.1301491745739	1.78859990925086
did:plc:wjhffhygup5oqxxrf4qevou3	7.15399102216695	2.1724951163306
did:plc:wjhvye66pbhz77t2ibb2novw	7.82942472690874	1.69281254115689
did:plc:wjiansgduwbzlzmheyazez44	7.29270157284164	1.87422880048928
did:plc:wjixarxrjrdqm5va54spydiu	8.22174813344283	1.81748920018172
did:plc:wjj53gjsma33clplylrf7o47	6.70898796377895	1.76327586656765
did:plc:wjpblmvdfa3iaqrohneqc2ls	6.98806974553954	2.02023765436721
did:plc:wjq4sy2q7efirropxrimfptf	6.09390157518442	1.81507967415494
did:plc:wjqab6bao5lqixzlpk4axf67	6.93532548228454	0.849850860559651
did:plc:wjrokklknvks6atlfudf47qq	7.15116621645309	1.9460561967476
did:plc:wjrpkham2fhwlxkthcch2sc2	7.84051413286776	1.67375443588531
did:plc:wjz2abyflkqpg3lravnpqjos	7.69661096011268	1.94206090140185
did:plc:wk2b6rcqpz3wmj7ntf7ki7lh	7.27334462825233	2.14068039557079
did:plc:wk4ekewq5tkxljo2rdw3ylhf	7.56435878301587	1.7228137097986
did:plc:wk63cjzg2hfvkeqx32vqbkui	6.84336765576892	2.56270684911167
did:plc:wkizcdqps2rlf6ksyz4opiuy	7.185775098711	1.35641682609481
did:plc:wklcz66a7t3ddfkfgohjxxe5	7.15882649834344	1.69532262979289
did:plc:wkroyhbabbwfimmcgppofmtq	7.72502744300329	1.73101918262696
did:plc:wksbuksmw54oaojwzsz7psek	6.62679940977886	1.35106875941414
did:plc:wkumwl6bgqrq47xn7g3tbxfk	6.98497939451613	1.87925383268006
did:plc:wl6kszbbvtoexmgfusli7qdz	7.21508406709018	1.9329677777075
did:plc:wlagrbj3tvmynp2mt6t2neno	7.31755356602136	1.72456869891221
did:plc:wlb5bmuruvvptqmmp6kmpkby	8.07652412743487	1.56691460979364
did:plc:wld3zbvjzqdbdunebhue7ixp	6.05124806026059	2.4668043698963
did:plc:wlhtco2jr3h5lewgl2dfsogj	7.52125477028629	1.67783287533389
did:plc:wll2kpsdw4nprnaup6zijnp6	6.84749025595902	2.07587035480395
did:plc:wllyn2uh4jidghn3hq2xzjxr	6.91727445499555	1.84758262194114
did:plc:wln5hgtyg3kqaqwql5gxxls5	6.86207276565894	1.87332297281178
did:plc:wlnio322dnqlmxnrnv2cyck4	7.45303929166333	1.97580282216548
did:plc:wlqglvhd6feodt56pymakldv	7.8740841860016	2.30710616241166
did:plc:wlvjajo4kv6kilr6n6krtck4	7.78364032308007	1.51919407273474
did:plc:wmcf77wjn36uvhzhcpj6nv6z	7.10976292913729	2.1757341253868
did:plc:wmhz63glc4tpc24mfmu6pvpr	7.75547891616016	1.93111760056811
did:plc:wmmx2jtqdnudy4imqynnyqhb	7.5636566223104	1.70521781115716
did:plc:wmpsnhahludkxin7sfbjz2xk	7.27687206302221	2.86115019191151
did:plc:wmqnmlu3dnshtdtyfxhny3oi	7.1677814628094	1.97081476098157
did:plc:wmrjifmtkal54ujhoxknjugp	8.16641297049153	1.90345162025962
did:plc:wmvfqs2fdyxhsbon7kyucy4g	7.46281856191547	2.11658543000969
did:plc:wmwhjob4yxkvmfdfx7q3lwyr	7.67036743844778	1.74974908735161
did:plc:wn2pxdghv5ibn2f27bmj3x4b	6.20311057161473	2.142212200887
did:plc:wnczjl7poh3rxissa2eoj7jx	7.44269560331117	2.17238053226739
did:plc:wnedbel4hd6avtz4uoyegnhl	7.88009377610343	1.82719306597317
did:plc:wnhosd2fnx62zai6zloyqndn	6.99979714446994	2.26188187225254
did:plc:wnhwcnllrd4fmbajn3ikrcjz	9.17588918931046	1.19657605252829
did:plc:wniah6hhhtjp4s5w2rhkgxkj	6.80949745169259	2.35656180792737
did:plc:wnipllhk76bguvmzoilst6s7	7.28880623241718	2.25723442796266
did:plc:wnkytslgdajuowtm4475u4df	8.39949945458739	1.57834712185613
did:plc:wnm4h6zuem5ojehwenreq7of	7.47718957647717	1.97933945367701
did:plc:wnmri2mt4y3bvtbo3yaqmlgp	7.06083159037685	2.62327119288289
did:plc:wnpootvmm4q6z64s2dpvugq7	7.60851900286248	1.90709211865429
did:plc:wns44u2gnkhhfzwhjo5kbvg2	7.0085689972871	2.52464497214649
did:plc:wnskmdnwbw2daucb7iopqaxb	8.0395029425155	1.81658797014842
did:plc:wnxceywrguivvg6xm7stgqiv	7.27935883159928	2.17615308829862
did:plc:wo2xdvez4v7g7px6wpnwtmbb	6.98000083127327	1.81291174265563
did:plc:wod5btqgqt6i3hfi3ls2w75r	7.51251276113352	1.63374862446357
did:plc:wofnjefybvdz4dbwoeol3oa6	8.55287795282056	1.60210127073124
did:plc:wohy7k2apszwa5ilxpf4lgqe	8.65703526285357	1.44134370840814
did:plc:woixhrqo4zgwaydw4pees5kq	7.11920629478922	1.74703008686492
did:plc:woto7c7yzf2q2pxhdkpyn26k	7.64923740792317	1.97277759437342
did:plc:wp42u5irp6co4ychikmedgnq	6.67506708021536	1.87076328234292
did:plc:wpbcqub2qlto473em5hcjiqj	9.1715156644055	1.07634013268462
did:plc:wpcrskumukcidlnvgdbzceii	6.06843895250901	1.93702605148013
did:plc:wpkfymjjuvfzrwgtqzgnc2pv	7.31602263434847	1.78230397279303
did:plc:wpklj4b7qzd7a3axitv2dt4d	6.54312039030076	2.02737723689952
did:plc:wprvtzipmskjvxsz2lzjunwp	7.83394911947652	1.76506891077348
did:plc:wpvwcjuhrpr5tjnhy3vp24ly	6.80674327678167	1.99967390307413
did:plc:wpxfszu4474j3foj6lmwigc7	7.50381434129882	1.9091582303502
did:plc:wq377vaorwtquadu6d5j7jql	6.22759459019288	1.79304316500919
did:plc:wq3h5555gcjmvw5qliekurcg	7.48804259802468	2.18286659167687
did:plc:wqddr6hsj6qfx4c3v4h3v76s	6.50144433452643	1.74549285429868
did:plc:wqdx6ihv4hcdbx2tq2p5jf3l	6.39860510963586	2.06023283233869
did:plc:wqiihrg2ixllnzxontgqac3f	7.11480107654151	2.36529503835049
did:plc:wqksmrbexroywrioamjacesa	6.765880422576	2.34140360635088
did:plc:wqlnpsn6rgfyolovetnafos4	7.84353954416033	1.68145705865417
did:plc:wqoppyroyku7r43b3hakgzay	7.36944688460706	1.795350344209
did:plc:wqsybskftn3fstnhnx6mrqwg	7.49223807343141	1.82094987493183
did:plc:wqu2xjo5aovilfva452md54h	7.87165291350925	1.9800966827922
did:plc:wquu3ly6rb4n6qeienszjrps	7.69725867763723	1.68759421806232
did:plc:wr4zfemvffnf56i24fz4gdrg	6.54149190729154	2.28050041884695
did:plc:wrbezp43sg2z2n535kzmuwl3	7.10001614537913	2.36968697105729
did:plc:wrcybo43x3b4n7ui6vrpj66q	7.55064787613709	1.69995413542299
did:plc:wrendss7c4shxnnqkm4o2zcy	7.27501949850948	2.51640937952563
did:plc:wrf2e65f6hejyuw2xql6vzg7	6.8358813949822	2.03308345492843
did:plc:wrfbvl6vluqrpei4yk5nvqlg	7.66181446823046	1.87272847444065
did:plc:wrkapohdwvaer4yxkm5d3wqo	6.46317754979836	0.202071383404421
did:plc:wrrkjsgpppxn776rjmla77xc	6.66155907792397	2.73462326291295
did:plc:wrspnws562t54iu3jf4lmhvl	6.59019423278257	2.18883441097593
did:plc:wrtgcfe6w3bmrgdnwipar5fu	9.10884256999439	0.894613574899631
did:plc:wrto6adl4gerjlwm4l2uxmpq	9.10413395336853	1.233714707573
did:plc:ws5fycwz2p4xxvniyf3g4rj2	7.02642697158509	2.39751760683735
did:plc:ws6l6wi7mucr6tqvzumyltrk	8.23849203280992	2.067764393327
did:plc:ws7zgkt563ufvvq45h6weqgl	7.21599179750199	1.91754366861237
did:plc:wsbonvqtkslkct4xsudyk72u	7.06507863835429	2.00173730380819
did:plc:wsgosqwcttbiy6cttaq36egr	6.70676026286696	1.78210428832571
did:plc:wsjhykpxqhiszukq2677ybej	7.75712189327238	2.11510365301175
did:plc:wslmdt5rzhgsqnhci7ttaew6	6.06164608390999	1.96099917698979
did:plc:wsrrbmafessk2kkozgqfbrhz	6.82758520799653	1.84609109973516
did:plc:wstpte2vzb4ra2iqtnw2d2ef	6.75498449065531	1.95260344687631
did:plc:wsuxajxdi3ixz2bhj3w2evdf	7.6139905685219	2.31613576824033
did:plc:wswzqk3ciwqkeo3iimejaqmq	7.14286409811081	1.79443137688156
did:plc:wt352wnqghbnk2wxdd6f4fi6	7.27159865564348	2.68059872193549
did:plc:wt3j6hqvygd2z7fcoejpq67v	6.83524157051503	2.01411683789918
did:plc:wt3pim2ljuwujjo2w5xhuqen	7.53094843062547	1.97844437235326
did:plc:wt66ilg7vsg3rthhbdlpuqh5	7.53177614147626	1.7825581423511
did:plc:wtft6w7z53udg66dtzgbhwvd	7.31296925784991	1.8679504640786
did:plc:wtpa4zivlljbnyny6xduijhn	6.44876758130294	2.19740437114517
did:plc:wtynowf6bte2pndupq6o3pwx	6.70447216437016	1.85979324056444
did:plc:wtzcivmxhnacu6nomgt7cgs6	7.53412500162764	1.93224714386724
did:plc:wuj2pojty6vfi7javflewprw	6.88831709109754	2.15471762700675
did:plc:wuxnixosy7sfcc3vx2s6h35z	7.13478211856481	2.12712248837232
did:plc:wv6lepuykh5axb3gtzjepmdx	7.02234726990529	1.82218448778456
did:plc:wv7geyxpjrosulqithgheodd	7.52827853211142	1.64479803840371
did:plc:wviacpopaikjqggiex7vvhtv	6.4411947222815	1.94006798295106
did:plc:wvkltj774fg73wt37cb3z52n	6.32549578050276	1.89451069648159
did:plc:wvl7jmzsuk5kcjlvytfyo7fi	7.0745980610104	2.22113810352748
did:plc:wvlbhx2c2srslifqzdiyaqpt	6.62691435568441	1.74833381680573
did:plc:wvlfbt7hxaqizx53apnzdmpo	7.17434383682325	2.4039500227906
did:plc:wvs6ckv7tvmbfaky3rli6ekl	7.6316454995882	2.01177532685168
did:plc:wvsuordwq7otg2zy7p4fdljl	7.71481589470529	2.21205507046427
did:plc:wvtwsjgvhu6ppzhbclzd6y76	6.50294431889761	2.02434943487479
did:plc:ww4opirjcg5upsbqrabgunhm	8.19490387320938	1.84733699830567
did:plc:wwaf2dyfg7zrkdtexqdpp3ba	8.39588440139243	1.38439643658593
did:plc:wwc4zyr3jjrwqmhwvy4uv232	6.88101578165801	1.78252018725148
did:plc:wwdsmkfommumxojzga2v6jxd	6.96056196971306	1.810596661612
did:plc:wwjc7qjd35ngtpr3mhmgxga4	6.70023968057736	1.71693130164698
did:plc:wwjz5i3jm3bbspvhkg7rhzkh	7.16550014428659	2.01255216814103
did:plc:wwkiwyt5d4265ahfx73klyex	8.52808594169912	1.06031903729607
did:plc:wwqzp6sdonms4bnk3fgqr6lp	7.42787416868011	2.39482851387417
did:plc:wwte7hbaaozzejvrdtzgttrm	6.71927852022534	2.21998963670406
did:plc:wwufbfl72gz6az5lj3np65mp	8.19456620478405	1.81914398962455
did:plc:wwun2aipfstouvzdzndzvxf7	6.74466697453548	2.22748261738395
did:plc:wwwunrr7jc7kzropaxvmoday	8.00568343233299	1.43786051108813
did:plc:wx25kk4re2kwauyt4iy3plxn	7.07283306395656	2.1491006985464
did:plc:wx3tf3opompjbdqppnpljiam	7.44323419397564	1.88598837778082
did:plc:wx5vfbv4gmbcvhy23yjxfgl7	6.91319953381642	1.92428785308478
did:plc:wxa4li6fmo5awjngo4ly5k72	7.70490258202238	1.70296082127256
did:plc:wxc4zyg7wyyhohsabg2z2eth	8.9385403425006	1.2298569169641
did:plc:wxdd55veq6zdkfpttxg5d3ug	8.24038892553025	1.20965658916958
did:plc:wxdgkvfh6i267rrh3ctdi2zg	6.92480636628074	2.37230254391966
did:plc:wxf3zcc7675d4jsbs6j4sk5l	6.34543842566256	2.11637325178578
did:plc:wxltlhckiv7jkads72abo45c	7.46709378296476	2.01167956298101
did:plc:wxmgi2smcrl6w6flyoipykl2	7.49971873442354	2.00044191085585
did:plc:wxpsgou7fe4vr7jcndts7wpj	7.61931013198607	2.08041704903066
did:plc:wxv5cek6gqiea72vwz3x2cu3	7.17695362921048	2.31302402548914
did:plc:wxveo6g5lx5mbuvxhrmolsec	7.04866588369162	2.25545726822617
did:plc:wy3y6y33qx5hrwxgddniwdxx	7.82638807167022	2.40520261062303
did:plc:wyap7p2rxrymyb6m4pyvhmoq	7.15889103770759	2.20854512998828
did:plc:wybxxutcbwalog5fzgqmwbfk	7.22935892152861	2.03530792795463
did:plc:wycuooucm5m5rb3ymznovaxa	6.72519789438158	2.07485506113608
did:plc:wyf2epnbpiobvkrqgmxz5lox	8.76298100079204	1.47018310485308
did:plc:wyfvgaqayfdyrcmpzom7bsa4	8.92798530317008	1.33031627884445
did:plc:wygima6fdtxgy2sxcnmj4nol	7.44929050091892	1.69617623716264
did:plc:wyi7ylxxt7hcmh26c5fjtpqp	7.15307878998711	1.9588793290976
did:plc:wylguku6yfhnlgeheqrar5ai	8.03793767329635	1.56204195153022
did:plc:wyu5cssoutyo7ls5buxuyne4	7.57382371025143	2.19836574102078
did:plc:wyukbmiosepkws4vfghehx4l	7.38290193407978	1.60663119255867
did:plc:wz3eu3fzuewjtnub4ij4ndjw	6.97548874385131	1.88933623268633
did:plc:wz3folw4emj5chuv4xvdn3y4	6.66854706047006	2.53047140810192
did:plc:wz6ux4keati4lih222kiqzf5	7.84226557002911	2.11959515077801
did:plc:wzes32chkxaym6ec6j5vthdq	9.08002016776554	1.24608904787611
did:plc:wzgjkuoid7cidbb6frxectk7	7.42025136354369	1.92498997129625
did:plc:wzlt4f3ankch46fcr742y4f6	8.03272246316949	1.7501160530578
did:plc:wzm6d5ebcvnhnkmrz2af4u2x	7.15531557472608	2.23132101516983
did:plc:wzpu2bndzu6s4qtq5trfhwjf	6.4537072036985	1.65723514550311
did:plc:wzpvpqv6675fmqicend7rbh6	6.50264858088212	1.97406245014339
did:plc:wzs45akv2zgss3ofezoze5hk	6.72011841205692	1.99076824596583
did:plc:wztsneuqglf4xs2h7a6t6g73	7.29024283532787	2.19773000001742
did:plc:wzwjqrv2vlmvb7xjacmt2hg2	6.95393925820044	1.75486772341129
did:plc:x25vux4qijov3yhdx5rq4uur	6.7007508047563	1.84212588613695
did:plc:x26iektupnygiutgzhfircxl	7.01568076176024	2.14344189873247
did:plc:x276ylkrcap363nr2dbd7tch	8.52858382389899	1.39167536242553
did:plc:x2cvmoht32dafa5mmiwctaaf	8.26139065935728	0.74969299714299
did:plc:x2dgascnsdyuj5injopnqu4h	8.55628624934978	1.52959268775203
did:plc:x2hjqxufbe643kxrgylfk2vh	6.88155576730317	1.82861959152991
did:plc:x2hk2yl64zbqqxpsgexudqvs	8.37862544272918	1.63309088923203
did:plc:x2j3njvvtshulbhr45hop3hh	8.19489551695918	1.78224887329953
did:plc:x2rljlfmu5kt2kq6uifpk2sp	6.88207445911494	1.83651599040831
did:plc:x2tyfvc4o7hedveoscylcqe6	6.33997885534569	1.9054836047899
did:plc:x3brj5ppd5yskf3xemufijwz	6.53867285974704	2.5290390142594
did:plc:x3ckyz32v73tkjaq3f6cjdsy	7.91285149233718	1.82349184843213
did:plc:x3d3waf6w2eagc4v5y7itj64	7.18317604094862	1.9066241352054
did:plc:x3djnhjhilpmghrcn3ctny4v	7.24723107865487	2.44059729798923
did:plc:x3jxxkgyxnpbcbrf6vxe4g2n	7.13747871163645	2.02686873648857
did:plc:x3klsfdpcyteovqhr4ybb7ga	7.06198057769116	3.05276960280586
did:plc:x3kphyzmrbqnr4uaxj2emmuy	7.28472788524782	2.41993075824878
did:plc:x3nzkz5nyzbfxtki26cbmkrr	8.82189777625276	1.32499992368588
did:plc:x3rfpcl33traavtgtduoq6td	6.78147717362162	2.08817705451718
did:plc:x3zxmsphhlmqz72j52gi6pc5	6.97827501726558	1.911819213113
did:plc:x44zunyadsecvxg7viepj4zu	7.51822998614446	1.59638021168444
did:plc:x47spmtzrxjcxwsrjvusnis7	6.99203773999703	2.14240685171705
did:plc:x4aguicivgtkaikgggareo46	8.14903731497716	1.50133802408469
did:plc:x4ayxzw23jcjkzncgfgwnc2k	7.40191001269374	1.8524767317974
did:plc:x4ke23fhty45snko7gppfyxr	7.46865898660508	1.63666475111552
did:plc:x4lwwqkznd4grgbtimycnbzj	6.79142618152229	2.32477435453954
did:plc:x4nixj5p2v7onttg3jbjx75e	8.77654804556713	1.52872274818678
did:plc:x4pnc5o5jifgyveslksnhq7r	6.34553917862701	2.38184066452596
did:plc:x4poclw6oj7dys5xqa4hs6ue	6.52669423520428	1.84957259660321
did:plc:x4rm4bclmr3yyhgunfgewxri	7.69973385731717	1.19626444933147
did:plc:x4so5zafyvx4ax5zdhcwk3o7	8.06357182527243	1.77700079746359
did:plc:x4t233uk3p2w22ubpl7pe7pn	6.11678088081598	2.02234870069805
did:plc:x53qiogyvdfndjspzcuvlczv	7.39417722719673	1.53161541864245
did:plc:x54od2tjaztykh2rp7b6ttur	7.53262145279631	1.79475961954469
did:plc:x5cg74c3yoblmhspv7dhpo6c	6.80541067529153	2.3443421223373
did:plc:x5crkvr5oislxzvd3pz6qmzs	7.91888243174779	2.05640599136051
did:plc:x5eq5cx3etjnp6367stu4idn	7.88079414030157	2.3579867716165
did:plc:x5fiahr5o4b5cjj5zgm3vcmd	7.28550641838088	2.0482546020824
did:plc:x5jhp22kyt7siseslpxn4q3f	7.16961514670453	1.92074738582024
did:plc:x5ramqe7iorvvmltxyshfk2h	6.49633582709795	2.22196431928955
did:plc:x5wihmo3ee7wy25odyujvufg	7.42078725386331	1.57316131616351
did:plc:x5x33qcm465kbxzjdouqnma4	7.12488913191891	2.24304802898911
did:plc:x5yg4p4lgoylonftriujw2il	8.37237155128506	1.46491876958272
did:plc:x65d25rcoamuufx4fn4qwhzh	6.28791085900845	1.93535062839868
did:plc:x6ahcgz5q6ytuozc7enjyj3j	7.31111344894695	1.4730771811254
did:plc:x6ahfdv7d5hblxrrkqfrfawy	7.10290519355355	2.11182834680161
did:plc:x6ccxe3ecnxericbzacdmti7	7.97425760194408	1.59362261520337
did:plc:x6hac7gul336d7eywjhiwtxs	7.16920071406969	1.70558192034549
did:plc:x6izj7eg2xteymbp2nhzdmqq	8.28121611996741	2.12198687850141
did:plc:x6jvssrbfw7mtvkfcgnlzqx3	6.77872962788572	2.52378490531427
did:plc:x6pgmmulikcktikbor7ofzfk	6.66713835291825	2.17132338636208
did:plc:x6pjudsfgrwhus2l743mn25v	6.52017623432127	2.43167820458288
did:plc:x6rawa73543khwmpsd7ehqup	8.0936210796204	1.55131975708468
did:plc:x6rhosx27ehjttnhfxdavfac	7.42618689835414	1.59136996835091
did:plc:x6sjyzsv5mjx4xm4uvcogije	8.4315826683159	1.4841307354149
did:plc:x6vhainxvlubpjlqlfc6fsqr	6.37179916353764	2.13319938394927
did:plc:x6xxxsy5cgyw7uesgajxd4kg	6.64911479232818	1.91951445539693
did:plc:x7b7utld4uouti4twgmacujj	7.66044290422769	1.87138859859533
did:plc:x7ddvlyrnhbsrsjtjskklfqq	7.55721398601064	2.37496620229576
did:plc:x7emlmlcgzvvdyx2xvrq2puy	7.71083169920031	1.06753103030654
did:plc:x7pgovnjk6lxcz3hk5jinj2q	6.80058525122244	2.24763864859468
did:plc:x7q65755ijbzfcg77xrlrqim	8.15250187658075	0.536438033425649
did:plc:x7t6vdguvingimj7hen55ncr	8.02488619373356	1.72665476516383
did:plc:x7zgkn6aiyxinpswb47gmsjo	8.07165575839515	1.66203663429896
did:plc:xaaiikctpckwstu4ft25q3sk	7.57956181973102	2.03868082463953
did:plc:xaaorpzwkg7thzdn6zvsny2o	7.2587220353321	1.75252050237708
did:plc:xalscwlm3dcxbnepyb6ununc	7.75572665339561	1.586497702769
did:plc:xaoxw4sat7k7rv4jwy5lu3ld	7.0765194875261	2.60138500388595
did:plc:xap3l46k2ttsoh244zlgrsa7	8.66537521080548	1.21915815873802
did:plc:xat4ww5q6iowy3izmal3us5e	6.00151748606615	1.97724427618418
did:plc:xatfnoglxsubihjbejpzqzv6	6.87290263903748	2.43616262782652
did:plc:xavoj7itrgb3fqdhcn7dtd63	6.17032414203529	2.24076213123793
did:plc:xavxa3rjf55xlvr7ltsejzz4	7.37153807629704	1.81035933413296
did:plc:xazb4t3hgi2ynyjhqamxbofm	7.03206195152222	2.00239181280171
did:plc:xbaeazgq6xiosaadfydpfn3m	7.24625146946402	1.97812998796313
did:plc:xbamdz56rxyf3xu2ezy7qr55	7.68270614241179	1.69520634463285
did:plc:xbbjtnqub74gkaucjk3vyetc	7.11907598619052	2.1829000674975
did:plc:xbdkyu3urhlhjayspnjpvdwl	6.50947020678608	1.37221724382088
did:plc:xbfhhrel5ycxcxz6hnkkhwum	6.74610296004317	2.19717915975101
did:plc:xbfus2copbn7cthsvbpbrjtj	7.05153882128217	2.34554614013873
did:plc:xbh36dwbaymoihiybrcs3h7o	7.50169728313709	1.88196761935228
did:plc:xbh5vuvq7yjtvkpnnvc4ux4e	8.00170242349597	1.74072546978825
did:plc:xbkqqp3idloiojsaueqny2ae	7.46139149195211	1.789157433214
did:plc:xbmqx4ydndzh5smjqkjgr665	7.04322957098367	2.00488435392286
did:plc:xbux4ep6w4okb6aaj4nbidlx	6.3596485485246	1.78724086494206
did:plc:xbv4f5wrz433bdewdgez7qpa	6.70188444033379	1.97503533696673
did:plc:xbwagd2jln475jhkqa4jdjkc	8.3870377772756	1.66581742524939
did:plc:xbzq7in3pw5gsmsqcmth6cv6	7.33508074317409	2.69778639662819
did:plc:xc746e6tztxwj4sribojce4c	7.20297097467538	1.63417548763442
did:plc:xcgviuiiypptmg74qjny7no7	7.37899321665889	2.12685934683265
did:plc:xcrde6gpatetod6hc575mtgh	7.02061775694962	2.14356989280289
did:plc:xcxb2nuq2c5vztdlzx5okus5	7.17942655734113	1.84146332078919
did:plc:xcxqhu4uwspt4dqcfcggrdv3	7.84552781841985	1.61919146056846
did:plc:xcxzcuq262dvshk52kpa34bw	7.02769544928746	1.97691831811815
did:plc:xd3iqwxa43l3n2nffl43bjhk	7.63762066121953	2.04021219844337
did:plc:xd3ytmq7asof3dpclfvid7hd	7.63711824703237	1.58222606523993
did:plc:xd6pbgjjd6bhiwn6blao7a5e	6.83733588321021	1.88977617280581
did:plc:xd7kbprtookzj3zkf3ctbspi	6.77050720447479	2.38244937973119
did:plc:xdf6nygopb2g6wenjy4eavaf	6.82239814748776	2.44263318686707
did:plc:xdfjbrzq52gmow26md7zkfjg	6.26663327651711	1.76429163103687
did:plc:xdhdkmxgvg72zt3jsxrksyr6	7.39860123388619	1.8376775139515
did:plc:xdkf6o6ac54juftj625sgbhx	7.3600769622114	1.86693751030882
did:plc:xdnxswd7lve3vfqsgfulseeg	7.82287988386583	1.80737233339794
did:plc:xdojmfslldbng2y3romaf6qb	6.90214669904465	2.60898337798523
did:plc:xdqn2gfx53weuihh6whlwbig	6.52416726255878	2.282114948721
did:plc:xdrqzkh4m4u5hrmfigek4diu	7.02425622635027	2.03380817717098
did:plc:xdxzslw33an2v4dxfz6m7kkr	7.45171059416085	1.772436712812
did:plc:xe2nvguankimi4b5cub2dus6	8.17419392522591	1.89321721366308
did:plc:xe5wphniclpxmf4r52jswuef	7.98780626039047	2.0194549026005
did:plc:xe7ezjddp4a4haqm2f2mqvjd	6.83898621316689	1.96889153473284
did:plc:xe7rnwlmhzhzi3sp6pn2pbv7	7.78107744205438	1.99075999964811
did:plc:xebpdip2bs2l6yxmh5pke4ki	7.49688279661327	1.88594173630099
did:plc:xemnevgroksy7id26mcrzddy	7.09859829118686	1.85533009485794
did:plc:xet7qbnn57qf54sojsjq2yft	6.18453255990159	2.54904950848304
did:plc:xezdaf7kao7zineragz5fjyz	7.04163090215019	1.72651041516936
did:plc:xf52cemu3w6kovdlvoosdkpe	6.87914063707362	1.89534210205598
did:plc:xfby52b3gzelhvkxusat5szk	6.98960650224918	1.93121952551577
did:plc:xfgwxma6ucxsa4vqhpkoyagj	8.92990133432059	1.22875867332835
did:plc:xfjf7fkhv6rwsx5e6p2ar37o	7.40395201036632	1.8744467809485
did:plc:xfrwc47pfhs7ti7yyt6nj2ew	6.09096453218501	2.05851000857657
did:plc:xfuli46bcp4xgfi2nuwblw2o	7.65513125339113	2.0579039404466
did:plc:xfuvxpmvnkusrkttiout5dnd	7.41443422157501	2.0533793881705
did:plc:xg2uzfgwxrepzu7g7zcwn2vt	7.08696914670826	1.37120618057536
did:plc:xgat7p4qorqy5se5f3rv7tfa	6.65914918714514	1.9326137860159
did:plc:xgc4wgl35alnuixxvuzu6qrm	7.97478607536586	1.47525023759984
did:plc:xgdmq4ac5eqpdewjw6ncesdl	8.0243909053094	1.66788335777306
did:plc:xggnx526w2ppvcvzmcdzfys2	7.66606051013768	1.93961450990325
did:plc:xgux26pmmk3k5mjzrnb4ntx4	7.416720302058	2.01977992634083
did:plc:xgv77yilpdg53on363vzli67	7.90409654514808	1.72941746428214
did:plc:xh2tmj3aqaebsgldtqpi6eyp	7.36585565168394	1.82563059835646
did:plc:xh5k3ahlkzk4v4ux24jzih6z	8.77365652521462	0.972653085115382
did:plc:xh5kjmquk5ngmn4kpy5vawxc	7.67192982011498	1.78904910908145
did:plc:xh5u2czq2cwipux6n2vfsq4k	6.94056132002279	1.9778436066425
did:plc:xh5wqoaikcb4fkbfum46zb5g	7.59093041500597	1.95076946782555
did:plc:xhaiabz6cxz44ojkhhmsi4jl	7.3969046432343	1.948597221806
did:plc:xhbmz44rxrbddd6lcb4uqtp7	7.01370197516466	2.07408568233121
did:plc:xhfusuaaschlh5b3t4qtvssq	7.26136797012564	1.63659213097683
did:plc:xhfwwsymt3z5kpkxa5xiwf3i	7.25654340977964	1.72701341446801
did:plc:xhgqhtjqp2iugenxjzterbqq	7.29680391753747	1.95390820486049
did:plc:xhhmvqp5twepnofrvvz7lcjd	6.63590591353106	1.7096427820988
did:plc:xhie7a4ogo4oad6xwg4dcxkv	6.65548142110945	2.53518063903332
did:plc:xhmgxdyyls65ve45onfbwhhq	6.17136304962636	1.94685934973434
did:plc:xhofn7utr4i3pedzp3f6ntip	7.77956785715862	1.67506203416153
did:plc:xhoys6noboked2gnfi27pxnt	7.15816499499775	2.32901586965909
did:plc:xhrc52blxxrdqyf2pvmbss7y	8.45208703103947	1.29600963944313
did:plc:xhs75o2zsn7frqjncosv7p22	7.69119969762611	1.98395969339462
did:plc:xhtpoii7arhytf3ughqla5ef	6.59859287694407	2.13072637368746
did:plc:xhvdmbd5kige23rip4oxdrdf	7.25116999298177	1.51538302886213
did:plc:xhylydk56q3ceew3xxnuomyb	6.95635185820269	2.17175431990269
did:plc:xhzylomg2k5zxnxnhxgcwin3	8.01425019243385	1.39517165099043
did:plc:xi5kibcvxcxlif53cqjbjim7	7.37732281562952	1.81269695538575
did:plc:xicc5cjqxo7j6cwlqbe4wkfp	7.12407580492144	1.88059112713972
did:plc:xieq245g4zlicljb2z4uas3t	9.44544362268908	1.02714218916023
did:plc:xif5qh6thea54ktzl4haiv3a	8.88640712853532	1.33586655048728
did:plc:xif7m6kzdmfrg7tam5h6wh7u	7.22613176884008	1.86218438796082
did:plc:xinvsbtlrerxtoso5v7tslmv	7.60731428512958	1.93559377073079
did:plc:xiqcanx7hqpmbsuu7aooqhn7	7.04900418400464	1.92101436296442
did:plc:xit73bds6xxhijln3dvpihz5	7.19627442763404	1.58510002048314
did:plc:xiwgy34einugmmrfz2tkzq4o	8.69059998251733	1.15957109921446
did:plc:xiysjnacj5l7snxkrzsjpm6j	7.7038328940429	2.11002259224186
did:plc:xj6yp4yfremnivw57krwh4r2	7.17663653940879	2.315328127333
did:plc:xjc7mkotpenvhh6ffewkdpyn	7.49303985094042	1.69057309538394
did:plc:xjcc3ktkatzhpww33rtv4tiu	6.59479848011658	2.28547717860454
did:plc:xje47fombezeyc5s424jlzuf	7.6534857675755	2.00248891225859
did:plc:xjglh4sogp3ohpbgyf3nn43y	7.53378708434065	1.7054286795043
did:plc:xjhmf6bfy5i4qdxkmorp7lox	7.47767578924453	1.9065906397271
did:plc:xjp5ojbuswrv2ry74fhquozk	7.142397592632	2.36457065866351
did:plc:xjqqqu35c6hvgqqk5ooxwglw	7.12705459124656	1.73157221275072
did:plc:xjqyrnpastev3afuqaugeftx	7.67376875886079	1.57235758054544
did:plc:xjs2mnc5ev6lspzqostvnrrl	6.57895262458597	2.30960820369345
did:plc:xjvmyboun6l3qthnrntctbie	7.52002128689149	2.15599911434877
did:plc:xkaxuvjsktc67q3il5qli3pa	7.56970608542021	2.10017959574203
did:plc:xkd25zw6et63fx6fweoyceas	6.96054109268834	1.58168663349805
did:plc:xkhbj76sbbk6ymjntxxpyzu3	7.40244217670608	1.61355609925529
did:plc:xki2zwuvamtuzkdgorvfjlp3	7.18791137008179	1.86410990719588
did:plc:xkmfsdjaijk4dmyzfui2km3r	7.63452986947311	1.98406784779903
did:plc:xknwuajtezqpaqjalelgw5by	7.51182942513657	1.96540502934525
did:plc:xkv24ibe6p34ai72vuvwjrcx	7.54087013375481	2.03225697937489
did:plc:xkywgpnzsxap6wluxkhlzegg	7.68076013002575	2.1846816446146
did:plc:xl2kyscf3hwsme3bnsnnhmgd	6.72976347895021	1.74859020104365
did:plc:xl4ikmudzzcfgmacn6lmra3o	8.47741214610892	1.58792135911812
did:plc:xle3zniylsmtnde4ltehqqaw	6.75795849942549	1.69117203286253
did:plc:xlhe55y2lxukooken6k736dy	7.77681147984267	1.84073927163409
did:plc:xlhglkbz245nydlnfnc76ump	7.75238538917035	1.7779337748247
did:plc:xljkkljjtneiislcljfz7t2q	6.76707914885731	2.36838441634846
did:plc:xljyfa5hxm6jxevv27gd4zxg	7.63316769166195	1.9438199258655
did:plc:xllje7uq5mxasub6l5e3ojps	7.68611440889067	1.73108972981506
did:plc:xln7rmntg73mnuvfxjovnkaa	8.42959627998571	1.33564090363807
did:plc:xlnh277dd3dfwifufwkjebiu	8.25238614785722	1.98525039589737
did:plc:xltvxm3ze7fpimys3roti73q	7.5922859973357	1.89522823694612
did:plc:xlxbe45o7v5fib7y4um2u4ug	7.21801174842865	2.06707823844747
did:plc:xm2t5vq4wm5ddwz7dziqnnkp	6.27970195443381	1.74079719569403
did:plc:xm3uzhblg2qqezirek43wded	8.59149835039348	1.2471023847497
did:plc:xmfpjq4amsd6sjyembekx25c	7.29376820588668	1.07812812056435
did:plc:xmgg7jkoxoatrgkuyvi622rh	7.9502353250639	1.69671704057084
did:plc:xmhw7dnu6ekzmqliaxex57o5	7.52510338990765	1.63446607519716
did:plc:xmnx55n6fmmuzum5nl7brlve	8.42538589313362	1.32842767252315
did:plc:xmrl7oyd44yntwchhhc3utx5	8.94744482037282	1.05942440447141
did:plc:xmuq7opr4uyzhtf5xfglnzaf	8.31408035694116	1.62578887343478
did:plc:xmy43gmbtx34u45t4e46mul5	6.55326629013458	2.07357749401056
did:plc:xn2y5jb22lydvy3jdqfkqxi4	7.1592217351495	2.3258406853596
did:plc:xn3oquxskabs5ijruhexzoik	6.64322219392098	2.67079969101088
did:plc:xneblfqsjnsvqy77yqmcloe5	7.08567539054126	2.06106957190424
did:plc:xnfsrtf5kc2o5ow2qtitiqwn	7.22197777488806	1.88886412362626
did:plc:xnhcgiv2tywldjvfetb7ysp4	7.65343968478311	1.71282949162343
did:plc:xnkxdg6iiey2vnknyygatbij	7.9530789035221	1.74291765402548
did:plc:xnl3i32qbgmkqnx6gpdye5tu	6.44693354252271	1.68513670632418
did:plc:xnln5jd4y2rg2gc56roys5e4	7.6924406976467	2.05579467061217
did:plc:xnm37luxb7fkcnby5yktvmuo	7.45026419046311	1.99258215154349
did:plc:xnngjachp3mnmqjgwugkeos3	6.87468377885406	2.16856045475456
did:plc:xno445dkfm5zdjanaf5cqzqr	7.59461346925836	1.72491330618092
did:plc:xnp65lrtebfq34ctrdxqfq6p	7.14164365619124	1.74735460799766
did:plc:xnqmbbwewwnyu7tuilt2vzdx	6.90219237377426	2.61968542964006
did:plc:xnvqfjnrgfiiv3sgzasipo5a	7.26536471584425	1.85170564272843
did:plc:xnwffsvqkixm4d6nlhbm7bps	7.86973454701673	1.62806972672644
did:plc:xnwxhac7yxcawdr2xnkkgkqo	7.82188890335103	1.5888714135292
did:plc:xnzq3bckepqhk6y66gsrkvc7	7.6331403567819	2.07481577724315
did:plc:xo2qz65twudxqzk6cl5m277s	5.03394781104894	1.71987975965516
did:plc:xo4zvaoyslsdcwtci3g4qzon	6.45008470649586	2.14767561133984
did:plc:xo5hqjek6c4pyxr3uu4ipqzr	6.6335773151037	1.82050101711766
did:plc:xoczpmti5ugt2wpcrbna5yfc	6.58874904123073	2.02389092114859
did:plc:xoelvmdbbrupvigjtkb5b5m5	6.77542674713205	2.55462596278679
did:plc:xogaaqemxwsewihdt5ltozgr	8.22910098103539	1.51587331080831
did:plc:xona3tz57y2soddooiir32eq	6.51142485285988	1.56900633768522
did:plc:xoqtmho5raaffvbt2yuhicc4	7.63387131969361	1.61524081942047
did:plc:xp4f2x4hfuw5vzc6ffju6egi	6.82688520409602	1.97284841394726
did:plc:xpa7kvaj4q64kvodznjxnxds	6.51460420256425	1.80534724003313
did:plc:xpduzmab2tajzjt5i2wnd7cw	7.54373310366912	1.97242251600236
did:plc:xpit4nxb4arnoiykw3gomykn	7.61977318682853	2.05599007804494
did:plc:xpj3bz3zwt56bas2vqeuizk3	8.06108170284845	1.55871887783985
did:plc:xpkbqzhgojhjuu7ehtxj2yfq	7.09705889778397	2.15917871151345
did:plc:xpl2khgakxbf2viku4ct6sqj	6.74014991811071	2.45842732866528
did:plc:xpq4psw2nj6k4aoztd2idb2p	7.71115843547648	1.74130402630341
did:plc:xpqlzieozyxnmkkdoh7sre2q	7.79221823097107	1.86711721479188
did:plc:xprbu5lakbdgjq54o4r3xg77	7.29442758918942	2.11448467784314
did:plc:xpw24v7ajw5fhm6qiyzg54w2	7.6512472228829	1.80115166518451
did:plc:xpwb3azn45w3jom7t46uczqp	6.57105691312527	2.40019601069956
did:plc:xpx3ugdxzywjvciezl67uw4b	6.17407181346655	1.83324091054756
did:plc:xpxdywm3uk7pa6dzsp4jsxmp	7.04190266116712	2.65457052460831
did:plc:xq2weqnsowfhozosjlbh33nu	6.92344510713686	1.92709136686662
did:plc:xqen5ra7sc4vsybxitgz2pp2	8.41950344858969	1.78559468029394
did:plc:xql5qppzsvpw7wiplr7bci3q	6.4993080740889	1.78653278882189
did:plc:xqn5eaya6duoog3fmbvkxigh	7.74910357634082	1.70490287380883
did:plc:xqn7tjnw4ezbufc4mtnsmpfe	6.87942454899044	2.46491915553477
did:plc:xqnyajfc36cfzgyym6f7yoqe	6.14730440207447	2.17009971919571
did:plc:xqpik6j5c22ba5mb4arwx24v	7.14563246273878	2.11083690231887
did:plc:xqtsznu6q7zyw77gt2vnl6s4	7.03208889143757	1.92304504289974
did:plc:xr5teyvajmhywjxd3vuv5ecw	6.87339324382141	1.74670675038713
did:plc:xr6fmwk7ensky67encug7xz3	7.9879990437495	1.50647509626054
did:plc:xrelnatburb5sasxaqhobpyl	7.96649858835278	1.4277058833973
did:plc:xrmaehhv7gjbkff4a7qt65ay	7.83461802598161	1.55563573135011
did:plc:xrp75je6clabetx7m4x6anbh	6.37831560139186	1.80584939522605
did:plc:xrpg4sdgahisohh3ahupayk5	6.30888468534599	2.26862836674262
did:plc:xrw2d24n4bssuhm5qhj3otxe	7.17557433669443	2.16326136935567
did:plc:xs4ncolqcbfs7udltwv4s4dr	7.9695628477425	1.53384293746468
did:plc:xs5bplgbe2hetkarcf2j2a7w	6.77411824946209	2.12899505245918
did:plc:xs6v3xdf42ucqhf2pmh4lmyc	8.17574406051999	0.526747779394542
did:plc:xsfvbdqukg6ywpfktycarrgp	7.38788485119022	2.50759152637877
did:plc:xsm5ct2pq7a5mbg6chcs5kqv	7.43174955620839	1.97448742241761
did:plc:xsnn6eq7jepbslofvzpqrkx7	8.02238577154283	1.64840043476962
did:plc:xsotb7dob5yaym2twu7d567c	7.54810977064743	2.17076799404923
did:plc:xst42c6ztycjypwij6asbhzs	7.79512200530971	1.21352037219823
did:plc:xsvgd44yliykyfb5ivz22uta	7.43217580702865	1.87881797507081
did:plc:xt3i24amrut22i3l33dumwbv	7.64660688201028	1.76346550777379
did:plc:xt5ytuymc6pmv2bb4i247lbg	7.08410264360476	2.07153061275394
did:plc:xt7atms4gl6xiqcib6gtpovu	7.46149761511184	1.58377135037617
did:plc:xtaml3d5ldjjnqunapum63sb	5.71273787578527	1.50051216672761
did:plc:xtcddw2dvznmsn26qajkjgss	6.97139866675964	1.99896231646328
did:plc:xtd6a4d6ccgqxiusn5pyt7sg	8.04888734950388	1.59542278064048
did:plc:xtejanaxmbvxuehwwagcszz7	7.73792214307852	2.24989609411647
did:plc:xtm35oi46njcozusf4vf5xka	7.14380045580177	1.89449485183059
did:plc:xtpnjc22cv35o6mxad77ezni	7.43863424198533	2.66552086107989
did:plc:xtqr3omjnj5eccm4obynimsr	7.25179647096693	2.07369272573948
did:plc:xts2ui2jxnfpijz2o6oixska	6.54725138636004	2.05036839318763
did:plc:xttimrf3do7fr5ep2zvp7nux	6.71821302122673	2.41624150074176
did:plc:xtzt6le3djxsrlgqeodiii6b	6.64886237737172	1.90874709226221
did:plc:xu23ksnqda2kp6rnkhs5st7b	8.47240517457911	0.94144895310736
did:plc:xu2x6cyz3zp65pukgesh5hlt	7.37213655521536	2.12762348291995
did:plc:xucpuhwhljd3fawaxh5encmg	6.81939657859391	2.20775938360485
did:plc:xuedwbdlx3fjtisum2ebqxzg	7.18245776693266	1.98315645253646
did:plc:xugdqzv4pl4j4bi2776mbecl	8.14003652965852	1.58128086895529
did:plc:xuimb6aqpdolamtwng5mvs7g	7.33110910253781	1.91098257409098
did:plc:xunlxc6eh2n77jcpytakcj35	7.60488261955994	1.68456417704004
did:plc:xunndf4hrdddlc7j4f3tuger	7.80392061272621	1.81840948916196
did:plc:xuqfbwz3d6xc54jmnfcj7kr5	6.37738763647929	2.04543419583341
did:plc:xurieaxx7x6cmao4mo7e44zh	6.44537598219426	2.94752118478874
did:plc:xut2g74fcx2gg5gwoqmgcz42	6.81364172935164	1.90365528690545
did:plc:xutiallhqatm5gtoinxcpvwl	8.06925578364895	1.35403844024394
did:plc:xuwkfyhbjikqchkxwivkia6l	7.03549221557542	1.86294430800807
did:plc:xv36ghduipf3attme3rw6fcr	8.17104269856731	1.51937479346866
did:plc:xv6gvpbo64bkgciwzfmmjxuo	7.6983263004813	1.39486363052636
did:plc:xvdbz6hk6phihs7st44jhkue	7.26482790563872	1.38824010740718
did:plc:xvdyevr5nnuhe4kzu4fj6mfn	7.63726462362659	1.8438595746125
did:plc:xvgvrz37sybdzkl3bom5c4wh	6.95051145091394	1.93705857619597
did:plc:xvh35gwc5ypqbhjmq4tgy2s5	7.75572511679149	1.72874783666109
did:plc:xvmdy5dtievhrwdzerwltkjj	7.02091947105061	2.19417292601893
did:plc:xvndycc5ysa626iygadbkf6x	7.56777573875164	1.65622144854539
did:plc:xvuxu66zyinfpi22mtmbqvqt	6.47765384300486	3.09308698291219
did:plc:xvvnxwyxeqh4mo3oxyqh5ycx	8.0412064021206	1.81678185465757
did:plc:xvvxjymxy45ap73biklzabyw	6.97444695757447	1.78903693026904
did:plc:xvvyrwfgdp2mysawcziwhnls	7.27671058495304	2.0737226091865
did:plc:xvyapulwzf3uwiz7lpdjlfx6	7.5591893890366	1.76724472184783
did:plc:xvynvlecpkwlqp6cldzcek45	6.78952328269751	1.9529416223573
did:plc:xvyq7vh5obkha6kkun32wfyq	6.65960976211356	1.99243396709856
did:plc:xwjfs27xzgrodxfkrm2mx7ur	7.71013454817306	2.39230921067624
did:plc:xwkjkhiwqkvq7ot23symanoo	7.20093682427305	2.31516201544978
did:plc:xwmjld7q5llhnqgcjkdm7mpv	7.7452416665523	1.609621679596
did:plc:xwyi7pczwh6m4oirvz7z73aw	7.46125055925946	1.89958732712354
did:plc:xx3357ztnujjvf2wiowrr7n3	7.37467417102225	1.69740087326584
did:plc:xx42x5smhqxpia7yrdnonad2	6.86106098563249	2.2041909985963
did:plc:xx6o3qfh2vnd6qamhusciwzk	6.83533425176862	2.54175098850973
did:plc:xxa7k5luc3zeswuzpj2subzs	8.24388220705493	1.61578313758149
did:plc:xxbvhivdw3ijtlsmd7jstzxx	7.45420823479099	2.10965153632805
did:plc:xxgtntyxxvrsxugx5tksvjyx	7.41133498006459	1.90507224138441
did:plc:xxjzrc632cbadblt7lzgmiqc	7.92199166968184	2.04631404916807
did:plc:xxq4o4cu7m7qdeka2d6dnvca	7.12144449067599	1.59758849286572
did:plc:xxqnak6biuosjcmeg6nj65rf	7.22574950625911	1.99307922693337
did:plc:xxua4mwitgios74mt6dvcmxx	8.34609659660569	1.61965075436402
did:plc:xxvq2ujvwtbioawdxrukzwvg	7.03650861251078	2.28662480600537
did:plc:xy32eqlgxtu6tckgryy7tmfx	7.11393108600437	2.18877378103182
did:plc:xyafc32uhor2g23whlk7eyfz	8.2188130650711	1.81399007281891
did:plc:xyb3mxaap24yavyotxkb7b5o	6.38535107955303	1.99118608847261
did:plc:xydueznukwpv3esjwcexd676	6.1104922172605	1.85047087541468
did:plc:xygbtvc7f62tffr6ygc3a6ym	7.1852713919127	1.89884213703892
did:plc:xyhcxzfkmnofo3soi2xwnun7	6.93531563186732	2.13929065811884
did:plc:xyj2wwq4774wwvmclu5xxhvc	7.36846977507085	1.97567180442058
did:plc:xylp7g7y5fx5rfleoo2dixlx	6.87010491014222	1.76325590717063
did:plc:xyomka232c5ulo4ev5inxggz	8.06480310230121	1.85458094454513
did:plc:xytw35r7lsmvks47dbffwflg	6.93732245333393	2.20782412222215
did:plc:xyumr2natxvkcvwav7iwnjlg	6.54208713090238	1.8420343111808
did:plc:xyy6u4fm3poismcju62nw6xp	7.00056896192592	2.37709361913287
did:plc:xz2zmmdxuqt7njuycatfhdpj	7.81647769082074	1.79140438321016
did:plc:xz55cmfklypkyqp6mi3pwn7j	6.86681674126345	2.11637484361676
did:plc:xzkcdb4acssc2er6xxkt64vz	6.98840864917958	1.79738014029154
did:plc:xzodm3wxa64qrolzjbrzoo3e	7.99169557893906	1.98738261890231
did:plc:xzpip3a5vbx2m2h5zy5cgc7f	7.03788106837037	2.18383440640682
did:plc:xzpur4vsxx5m3xmjaswppnh6	8.31815367781763	0.474831780940149
did:plc:xzpzaomxbq22xor2ttvrcwhu	7.25745935205218	2.06194857204713
did:plc:xzqdnydmlzqdo5rwioc6rba5	7.16094929339441	1.89283175722984
did:plc:xzqu3k5w6vwyawj6fg2edrvj	6.61033024309698	2.31092567703096
did:plc:xzsfv3vme4bi6oj3roi2m67v	8.52772674776788	1.75419938744548
did:plc:xztbag637ponuaub6ztmg5k3	7.68730909678653	1.00605152209576
did:plc:xztxm2ds4skzkuxm7nbaopub	6.96434379703092	2.18588750362761
did:plc:xzxg4iilf475qykfgyrxw53k	6.29371859219508	1.99266320336398
did:plc:y23tybin2nfml4g52nex2thl	8.65725452779099	1.30774949728451
did:plc:y25pq5ww3tuvuhxfxsjezkrz	7.38906104779164	2.54864712118833
did:plc:y26yu3o2j34x4q3xdios5mkv	7.94544630504665	1.53878052303706
did:plc:y27o25q7b2kau4fjvh2y5kko	6.73653853185572	2.09235720619509
did:plc:y2dpkz672equvm2odtyvw6tl	7.91751146483814	1.65108132640511
did:plc:y2ijcvfjpq3zuajzgnm5ruik	7.27965533733363	1.80818325990732
did:plc:y2shgh5shfjl6zdjvti4gi5q	6.73908177985113	1.99242020343263
did:plc:y2sxx6ugod5jrismc2ibvcw6	6.81490726292546	1.91004644045355
did:plc:y2xbtjqnl4oqqcfl6zsdz72z	7.49731946997291	2.2911648751806
did:plc:y2zj64chxqfl6kjmnpvc6qrx	7.81432295022278	1.44938398670295
did:plc:y325rsuyyekbkz33hwg5fjw3	6.92704689671723	2.06186098607535
did:plc:y3ds7atu257nctfqhezi4vcu	7.54103850510619	2.41625873088149
did:plc:y3eui3kajyt5bomxc47roaje	7.14035304903767	2.10867773862958
did:plc:y3kzyankjcmmidgmmks53rp2	7.39434908258701	1.77350527843723
did:plc:y3o5srpo747kzzwlkb6ftem7	7.64413441684801	1.76199535413583
did:plc:y3rb5juqoyhsgvqx3ksa2tq6	7.7337147094825	1.75920219645535
did:plc:y3uwbsuezq442wddnomevs52	6.70023950832239	2.1335973875521
did:plc:y3vr3yhb5inf7vulfd5lpblp	6.95483774349151	2.109471726505
did:plc:y3xqpvcb62vjbpo46i4q6fre	8.55231341808171	1.17215226319371
did:plc:y3ziw3m5vt6vcnfumlfjyuwp	6.90585405649997	1.80548663045623
did:plc:y4hd4hkzltyigvxkbifc7ndy	7.18447440629683	1.78083072276225
did:plc:y4nsfo37bix6kxmkwnpfwiwn	7.13615557288562	2.52034033550378
did:plc:y4r4pexdscxonol7otg2qrut	7.37993044445901	0.440093398726268
did:plc:y4s252a3evoe6tbhhjesnaxu	7.38216064255349	2.28185887230653
did:plc:y4sy5pnuoftwxurqhae6pauy	6.92805460497758	2.16583202215958
did:plc:y4tykn5cswti5k5lvw7ltbn3	7.18873193934653	2.28282641667511
did:plc:y4uo3bsxduefs3tzjc73tdb7	6.5556111181114	1.8367717922225
did:plc:y4v2ax4prrda72fmx2f6sxds	7.18808226433886	2.10228560765723
did:plc:y4vfoiyzmoqraoirdmyzr62f	6.39871638686322	2.05903009813173
did:plc:y54z5tvwxe4hyr2ziuepw5fd	7.32031772774613	1.88423339759637
did:plc:y5b2axq2bou2eyzrucqu7lve	6.60634217400624	3.16736300857943
did:plc:y5gog254mrwumgpkqkh7vdrf	7.74646726681667	1.44790175682071
did:plc:y5h452jyyksm4mkteo3j54yl	7.33409661054237	1.91968311512139
did:plc:y5kv2globphlpxnz5fm5in7a	6.53118852205236	2.27999666520341
did:plc:y5md74nnnjlfq3wufouovuuz	6.71135237602395	1.72119883304415
did:plc:y5nh3jpm6nocan45zyjjtcit	6.4329519637567	2.60386941710039
did:plc:y5smr33mwi4kpilrjo5mnmjv	8.25813316301397	2.01124102570962
did:plc:y5tqdpi4wzcmg56b44mydz2z	6.63415841648629	1.86487690651081
did:plc:y5vydnrxcdybjje3cl66xd4i	7.89290633845895	2.47068364286709
did:plc:y5z6f5fvivcxxu6rezt2tlaf	8.17068898511267	1.76347920990369
did:plc:y5ziidtxv6yvci7b7tvei3ea	6.71809396614918	1.96238149930642
did:plc:y62xrrortbd2rsobhchsdqmp	7.76967464379593	1.84855989276917
did:plc:y65kylkcj4k6qciuopez3o27	7.98084595888562	1.64103250523156
did:plc:y67tktlv3akvtvv6sv425m7v	7.55135513387395	2.08993409532305
did:plc:y6dmtgpxufogeh35tdhf4pjd	6.87022986896568	1.81521563908621
did:plc:y6n2tbydxoqewsla5gank2rb	7.00729903496471	1.94964367511257
did:plc:y6spq4dfkbzc63etvjug7i7z	7.50723566024217	1.77807755737194
did:plc:y6ucrxbxjdy7fghneov7du6h	7.3352370655786	1.72283361186075
did:plc:y6yjdfkftcn3phwvp5kzser3	7.39748608008037	1.98052442813615
did:plc:y75gurbrpuqmun6enw4nwffs	8.34194830363069	1.46871740763464
did:plc:y77cmi5ynjfynzo33yhhaixo	6.97937514679417	2.55107222774091
did:plc:y77izru2kb4rv4y3hdutomul	6.31723995054958	2.04695000800006
did:plc:y7akbffdmjwyw4e7jjbktw7q	6.71532497674181	1.18223075897485
did:plc:y7dlu5oblhmvqz5xqvhrxusj	7.65399045869544	2.1559541645219
did:plc:y7g6qxwzlvgzlfyxrut3kc5y	7.75472975567958	1.25554085305626
did:plc:y7h5ik5jv67dakzala3hr5dv	7.1728479324783	2.09235493021056
did:plc:y7lfahtgeceoxwxpih6g777r	6.93405914675098	1.78400619182289
did:plc:y7lrft5iku2zacj7by7jeot4	7.25876651663146	1.89025924612458
did:plc:y7ngqkebpo3xsdeecsz2fiom	6.82726247962137	1.91953709120946
did:plc:y7tfcf5oyjpfkd6aqtrfhzrt	7.42126599952001	2.39556522006601
did:plc:y7umttzchavzwwsasguakagb	6.30449280069017	1.93327365538164
did:plc:y7un5j3gxbc72wkuq4bagn7p	7.16626569324765	2.19319298786326
did:plc:yaay4cbp5gzo7smlp36xm5yy	7.1768728304778	1.80656159912299
did:plc:yabw5cc7gwb23tsragv5q5tf	7.37224318131654	1.62863564022483
did:plc:yak7zsasvxzwzpprfwwnfwax	7.58882794444102	1.78452476102753
did:plc:yapb4lgfyly6qe4jzqe7ywq6	6.65040071518273	2.52340885875281
did:plc:yayfr6swuczxei6dgckhptxx	8.0311314026421	1.81420859224748
did:plc:yb3rorhyj72xe5ydft3epptu	6.8906505476513	2.13142172949854
did:plc:yb44anvnrznntsgss3clerjp	7.28476887033931	2.59447074894408
did:plc:yb4trnegep7f4kx7vvty7naq	7.63203820623512	2.11044661892989
did:plc:ybcsmsvtpdrvfgo7q6zz672j	7.50351152772044	1.85534697506953
did:plc:ybmaibdotnjtt7cpla6242rg	7.23349446403289	2.42707890381345
did:plc:ybmwju57ei5k7kupax2fkp35	7.47971317145738	2.17699349734277
did:plc:ybqliomvpuw56gartd3xeleb	7.73547302813034	1.66247706969114
did:plc:ybz23jfpg74eupq4avr63t3b	6.69848120570715	2.17842379096583
did:plc:yc5cj47rr6vug6hwvxh4mj5s	6.67051181738955	2.07119785680379
did:plc:ycciemozq6uig7jgzxutrh3j	8.21371370325469	1.41511516632933
did:plc:ycdjuqmemlubrmsv2ee6vxn2	8.00360920461505	1.77650848636427
did:plc:ycetqbve4lsf4pd63z6zjj6q	7.5630388472476	2.06402641694738
did:plc:ycg72upfj27krx7h3irtxgfj	6.86557323638569	2.01102191002896
did:plc:ycgt6ngwupuenwj4jhqoigse	8.09612415462597	1.75608525907453
did:plc:ych3hql7mtr6egzivlc26sya	7.30030920830424	1.87117021817614
did:plc:ycisgeu2mgqdmcyzf3cimyzu	7.36817610303017	1.6606265242087
did:plc:ycqaet2tvrhfwq33bjat3lzg	5.98482653936427	2.17342367464065
did:plc:ycr244xpllrafasn2fd4rgep	7.47458727488765	1.67791000449751
did:plc:ycw4zsnkzaaonaitwm5njbys	6.73423490905149	1.91815222585267
did:plc:yczlzbo7m5oywdmhbafbgbfq	6.92189835517576	2.48139393546307
did:plc:yd74l2ucc36qb76ne5okmmwm	7.15055811127122	1.84920536104499
did:plc:ydajssld6kkcf5vol3ld7c5v	7.84648057477057	1.39910650727858
did:plc:ydccmetawqhpoahnk7m53poe	7.79542289761495	1.52422465340889
did:plc:yddsw5sdyejewkvqerdtgfsp	7.32442627662439	2.04934329879763
did:plc:ydgng5hy3b4enxgfar232caw	7.14113214184731	2.36608136378531
did:plc:ydoled5ids5pdwvfuyqqbztz	7.16562021935101	1.69591946683605
did:plc:ydq5j3yrimmlsj7xmsrwlt5z	6.83417918382798	2.82823148339737
did:plc:ydrnj7itcbalotuuvo2i6hgh	6.8345846569261	2.04275580327292
did:plc:ydxszrxdel7zg5s2j2muebjv	6.96512923642159	1.785380891634
did:plc:yerhul3hyaki4jyahbcfavk4	6.28486372707828	1.90597030876392
did:plc:yesfrapnzvveetr326ikjhhc	6.94248059833365	2.00105265297367
did:plc:yespptplvnse4fwrxgh6vxoz	7.14318040174954	2.33346480473442
did:plc:yetitjtstbr4swmfyphshmqy	8.20960938122941	1.77359165961021
did:plc:yetpklzctougwmkp3lw7x32h	7.45392828386473	2.12629933853669
did:plc:yexcapfkucnqipkpedpx2lyi	7.05367002690591	2.78732596344325
did:plc:yexocbrzaozju3d3zfcs4ulr	6.93583248461312	1.79930436262463
did:plc:yf3zwx5llzcz5jbutpajmf5o	6.82503916047146	1.85212367973783
did:plc:yf6wciui7cmrtdt5vwdduxri	8.21219218638422	1.80636033025283
did:plc:yf7ncknn4e5sepeqjuifk6yo	6.71027215270296	1.44496681113859
did:plc:yfbetqllcncznwtk6b7eiyt4	8.34619460312711	1.10946447378246
did:plc:yfeq3fikwikawfnnmvov2wv6	7.13094460837861	1.90888890909832
did:plc:yfgdzws7yupnnkzpeawcuxrf	7.38578583714978	2.01057551952602
did:plc:yfh2jgyen6ulactmow3vlkdx	7.81882116606222	1.96965206671449
did:plc:yfjg6apdamb43kdh72atbp4t	8.16474848334019	1.33639179628975
did:plc:yfmcqce7dmaadladeok64oas	6.61467152343642	2.73797046746435
did:plc:yfpgdyycloie6nkrso7ucek3	9.15860957013758	1.03754957972592
did:plc:yfwxgjxxyzeobnldmb3emoyl	7.11873072101985	2.15114978885474
did:plc:yfys4a4s7kdftqsazcmupbwf	7.02643377388128	1.99088815572512
did:plc:yfzqc42lkdurwcpslq7yp3ud	7.93793259190948	1.00230359086105
did:plc:yg2ywiuni3bgaawm5tgtzu5t	8.2921899315036	1.4856003350064
did:plc:yg35f7fmchvrnroxj6wgbmgs	7.61921766639671	1.8741873462057
did:plc:ygacycfp3pu3wbqg6vtz6mhl	7.2703722928782	1.71841735107424
did:plc:yghrgm6g2kvzxfvkpntgtejp	6.89232971008894	1.85607721471295
did:plc:ygjxxkwozkwja6ucx4qeniat	7.34831155745323	1.76722166338038
did:plc:ygohazzmgbnynqdbqcyv4j53	7.37213683671248	1.47735967817921
did:plc:ygri5dmv7xjwalsv3u6gmodz	7.53929487512154	1.55818753742994
did:plc:ygsigqsxxcr5ogxw4why7s2w	6.77299245217003	2.5381285992943
did:plc:ygt5cmrikb6gaf6jjtwrgqmp	7.38937748737357	1.72899613647213
did:plc:ygt7pagjq4angjimcqrhukca	7.40372142232952	1.66038633324173
did:plc:ygumskdpbovjqatycs3x4q4z	7.47631372050412	1.80881962531654
did:plc:ygvmlfi3djn7wz6bkub7nmom	6.91345430926053	1.55137049451891
did:plc:ygxycaj7erkcdhpq3pjwlrrx	6.98221027144701	2.26263162940224
did:plc:yh4blejee6idvqm6g2dq4t7p	8.48088503019659	1.49069608180431
did:plc:yhb53nohtkyrajionyyb2ejj	7.58407466915892	1.88075574433875
did:plc:yhbtls743ginr26sxjyd2g3v	7.03760377348924	1.7118059143262
did:plc:yhbwdyhmbqdsrn5qtuae43f6	6.40009807421663	2.2079995787221
did:plc:yhdpchilpf6als7tuyojpdeq	7.15684840468086	2.29113864513551
did:plc:yheucdc6bnewm6aqlmtjzw7r	7.03854417266343	2.09509942502047
did:plc:yhfqpcqgekao3nd2kzhqnxsr	7.99853682119456	1.68648712046361
did:plc:yhhqv2c64q5xv7mdwy6dbwqq	7.52024664557837	1.39762331226401
did:plc:yhngvwcsgw6df7skkancbbob	7.50128863453753	1.49758745598905
did:plc:yhpl7uambketjtz4yk52lkvz	7.29826990112407	1.81046956338482
did:plc:yi4m6y5b3sqycjprec6aqqej	7.91751404844667	1.87546507272324
did:plc:yibintbvlucbhfzp7xkm46fm	9.38775859961027	0.829154739892404
did:plc:yidmtgi3gliuiniq2nyct2t5	7.14925818739347	2.52949710084845
did:plc:yiehokin5zwf3t4wxj5cc6yy	8.0749435098407	1.62696291944447
did:plc:yiha4e7asowsz4hepwovkpgi	6.37408591518775	1.82280893949083
did:plc:yiixgucjam5fumv2rugxmwpx	6.94457452101313	1.92814453815314
did:plc:yilrut6gcy5gtk2o67yy7id3	7.13996909737373	2.05082996433769
did:plc:yim5neut5vr3ska5pzome2o2	6.91876915992727	1.81485352514736
did:plc:yimshkmcrtajsert5olt4zz3	6.89301104822397	2.06971917916779
did:plc:yinwz7fe6o527jtfldaacxr3	6.8312260520997	2.12946104687865
did:plc:yixigqqkzd5dw7zekpembbhl	7.24386701935069	2.12367300403275
did:plc:yj3y5dh3f3kr74sggjl5bqpd	6.46980506788909	1.89294013129193
did:plc:yj6cfq4tv3s4xihpg7rumje4	7.20862229755742	2.42644870241072
did:plc:yj6r5tyt5pqczrq4pel3t3th	6.91287074126125	1.94062634064835
did:plc:yjimrjlzr22b7yuomfr6rbgn	6.25377426744921	1.98974750589642
did:plc:yjlhgs4z4rjdlgw4m6rmirbv	8.24971549929879	1.66126208085489
did:plc:yjmtwilqu7y2fgmacze7myxe	7.46096168666214	2.58708385956789
did:plc:yjsfytijkg7buvdkjrc2rydt	7.48125889774458	1.94645223628657
did:plc:yjy7vi2dmpixolz76vzia7ca	6.91617948056054	1.77815533178269
did:plc:yk3m7errkp4golum2bkyimgp	7.24868122141516	1.65622074836759
did:plc:yk4oycdgm7mswpckg2xeeio5	6.69615313015571	2.55336138296034
did:plc:yka46vdvhkjxcro36ayluaew	7.33385053596473	1.84016850166134
did:plc:ykhmcg7m6zuatkdkyre5wgzh	7.23291286501449	2.05985144241996
did:plc:ykmvojakfraipnhxrmzapxrj	7.84000311222794	1.48612103617864
did:plc:ykngancu65fqhrshvhju7z6m	8.53613006540992	1.41390885211783
did:plc:ykqtwgyoxzvigyijyueskl2e	7.13628614114136	1.62381046734287
did:plc:yky52bxktegwehj5c4ldo4wj	7.21273259927745	1.78821200146981
did:plc:ykyg325qzzrj2zu53uf3gaiu	8.00963742464776	1.63183384505095
did:plc:ykzexl6hiwq6ou33tkuuzft2	7.10738981380916	2.077632449402
did:plc:yl3yhd4f6se4k6le7emdjxxp	7.13599188061478	2.00025190426058
did:plc:yl6elb5ekbsxadcdceeixzem	7.0426991844394	1.51552129179577
did:plc:yl6zlz7ud3dtflq3lgvsqyug	6.89766069647583	2.51229749544674
did:plc:yl73fcmoaidsmf6fq4myk6or	7.43968176899346	1.84205668805368
did:plc:ylbenqwa2ztd3pgh4zmcwdpk	8.57603353936134	1.11401198081366
did:plc:ylbwcwwbjxqrzsqsqlqddkam	6.68308675692225	2.04804359520313
did:plc:ylbwz55sqge6djamd7u4mkol	8.40707162867586	1.37056083321676
did:plc:ylbxf2o3dbqryn3v3mddmmnr	7.11422787413154	1.78892126608552
did:plc:ylf6swicjmim3snbfsxx5h62	8.32759238604145	1.7942948650449
did:plc:ylfhapufh7vovocqgmt2dfzi	7.18741543364955	1.87776380312363
did:plc:yljylhu7drwakgdhdpuyh54o	7.88852384910938	2.30727510002493
did:plc:ylkeqmqmj3xur4mqjar6d5n3	7.52659533107619	2.59975412250078
did:plc:ylmhzx7f7ldqgrmcsag3hqla	7.29515613927466	2.25460533611705
did:plc:yln5f4sbtu4ctbvdbu7hnuun	7.32855340037728	2.37933557052215
did:plc:ylnpr26rcz6pz2qmf5exwa4t	7.12441066125742	2.04675200775224
did:plc:ylpme2bjcboes4z5mtjx3ubx	7.08108789795759	2.09342923298457
did:plc:ylpzvxjob4th2wmn63yynazx	6.67346305555425	2.58788452928419
did:plc:ylt7z7ik3ubqfwuwxebnkmrl	7.57246446921088	1.59322901893651
did:plc:ym2iissikoxftrr5kogn5vvw	7.12523097234248	2.26853158131125
did:plc:ym2lic5paqsm5ffujktfsmdn	6.65098775590985	2.45393804285891
did:plc:ymauchql3kfplrib3ds72nl2	7.45988763381149	2.06939845753727
did:plc:ymgqr7ec3xj7g5eayziy7rny	8.30284259689798	1.61558300266686
did:plc:ymhcbeelbmmh5inzi3tu4vhm	7.21872860024465	1.8657012353697
did:plc:ymninynadpwv67q7hxiqy7h2	7.03188962248496	2.34270823942974
did:plc:ymorcnza7suoohrxihi6jpf7	7.55618565065425	1.63609442274458
did:plc:ymptxlolilv5wafiypleqmxi	7.16205903362726	2.50926874963462
did:plc:ymv7eq2wpqj535z5wdpppamn	7.27320383239725	2.14566032158983
did:plc:ymvqbjpyuufdp3re4imsyryj	7.06257353439242	2.1900240752808
did:plc:ymw7q7inylltibabr3uyb7pi	6.72322103858103	2.36292957173366
did:plc:ymx6f4u3csz6kyoje36cikhv	7.7304967233642	1.79890383618138
did:plc:yn4fcttrve6w6tuyh7znaybm	8.03421611547677	1.72881527581559
did:plc:yn5yn6nyxp76vajoflxewhcc	7.17799924420374	1.92254748972509
did:plc:yn7w3j4dqdc4i3np7544x3vw	7.53608534252215	2.12553028212047
did:plc:yn7zcv7neoyrfesesqufi4sk	6.92760830784279	1.85499396019629
did:plc:yncjfb24gmhthlhawubvxikp	7.79234254489157	1.880488609803
did:plc:ynee3oad7eanrby45gv3rpkb	8.02394889456664	1.65496280760008
did:plc:ynh2dvith6linrkv4wcyrsy3	5.53044318338476	1.41585421739471
did:plc:ynhxr32pplyw2enjb76licqb	7.16813345266491	2.10440420217212
did:plc:ynjjz3tg3givuv6sfmnkagdr	7.59151479112106	1.77359866107009
did:plc:ynjvxjegufv5eq5pyfho4b5h	6.84732937856699	2.08221280870112
did:plc:ynjxy44ywjofticxkzmzcirf	7.00336039017016	2.33338623414691
did:plc:ynln2tnywqvgyywzmfnklv5a	6.93149294606887	2.08978243838969
did:plc:ynlsfpvpwrpmst2kvacr5rpc	8.37731291328057	1.37366402481802
did:plc:ynmm3dzq736jgwd6rm53hlmc	5.68558431936453	0.89258773002919
did:plc:ynwnelh3bxm42mf5nyegb2jf	7.50113808673038	2.40161596367287
did:plc:yo3dfq6apefesfd6d23fsgdd	7.23195135644493	1.90419820189507
did:plc:yo3xe5oftjn3x5mzqhmjrbhk	6.72699795628184	2.0469934813137
did:plc:yoa3oe5libvtug3icgavi4vr	6.24457637886583	1.8364287904808
did:plc:yoaajgfgovptjdhoorycmf3q	7.76962635948105	2.09862242462585
did:plc:yobmkku7mcss5vlt5esn2lny	7.66068392607291	2.55040643300869
did:plc:yoh6e7e5ck6hxvvjc2crn5sy	7.33093648121372	1.83719175807758
did:plc:yohn4upuzxxycje65yjsrugj	8.51025745829954	0.753011673270116
did:plc:yoiczxllnh77cyy4khhpykca	7.32280053472991	2.18783930660801
did:plc:yol4o75p6olyrganynsji5f5	8.57164879259562	1.24601250546049
did:plc:yoluvyppr7bb4iice5cx7pr3	7.95269936532363	1.7388067454647
did:plc:yoorxodgdcylzn6aaxvsn6ca	6.90270549206446	2.28731336706204
did:plc:yopxekk2jg2bh5nrg7kk2luv	7.3103510302473	2.07592643005148
did:plc:yoqqp2kxy2k2ydpzzfq3c43p	6.22132970324442	2.22431044845863
did:plc:yoqzmb3jyyppycbs3tvc7lkc	6.63338872658698	2.18509990670283
did:plc:you3flnsrwmr43zttkzx4ti3	9.10393092894876	1.02666205055442
did:plc:yp5vmrutuudmdqza7dhtxg7y	7.87638495685079	1.85097702830483
did:plc:yp7josza5cqyvyeanpypwg45	6.52312532930104	1.84083232050905
did:plc:ypaj33qrheaigzujulxi22x2	6.96735489757581	1.37854271480802
did:plc:ypfktozcf6reqph3xsbxd25e	7.35485403840115	1.95690730555838
did:plc:yphu7mafcuacwoqlvwkgaxbt	7.62633810905662	2.17746762505664
did:plc:ypirf6iyvz7mocua2jhfjliu	6.61553718710996	2.01951665850175
did:plc:ypmcaoavb66yf3i74w26l4my	6.73104391385947	2.25899046436827
did:plc:ypp25sjvgfuwo4ficvcfsjsj	7.54715080685628	1.79559240905494
did:plc:ypuxxd4pxn4euphw6dspflrm	7.5011823095484	1.8346043031434
did:plc:ypw2eefi7ak3gawubc3j6rod	7.18724419647739	1.87262600660589
did:plc:ypze6ezv7rlqghwippvogs6c	7.70944358809862	2.02938206514268
did:plc:yq3amyiwxkoxlsd355oilae2	7.40099992547021	1.98420276376141
did:plc:yq6gdjouxh25rxvhtj6q4xua	8.60184178214303	1.67496319397552
did:plc:yq7x7s4c3tjnnddgoiq4hj5b	7.41016018877648	2.57656320496157
did:plc:yqapk5wsrf246zf75chh2der	6.93418825460907	1.81018487372822
did:plc:yqex7jdgctdvvpdkiytz3tra	6.23176220291728	2.35893285938203
did:plc:yqftzasbd5k76w5kfyqxsoan	7.5693818082615	1.91234991259482
did:plc:yqgjvxeq7fioe4czkgep4ele	7.23052354191155	1.96035181314358
did:plc:yqivlvkbjlcl5jm5ie6hzjfc	7.23950616856217	2.19074484978428
did:plc:yqlpdxfmotkfthjd6kznxpzn	6.59309673861538	1.94586387444317
did:plc:yqwpxrucjhnl6u7je4ygsq4d	8.25021698357329	1.25463968851841
did:plc:yqyievcw7lhxojeq737cizpo	6.75499950822821	2.21100069430877
did:plc:yrhsipj2tn74mha4wkxajlpu	7.0483081327913	2.37452940958681
did:plc:yrinrteqcdskchpscb7uc7pl	7.16375158972206	2.18872371141763
did:plc:yrkogmpbvp3xiaahnws7hspy	6.89335042421116	2.11127458650684
did:plc:yrr5uywdm6ovzy7maq5fx3np	6.44153977632163	2.69903349126902
did:plc:yrt5rwk3x5bojtrnq37erwfm	6.90541425986293	1.92477097294119
did:plc:yrz6f35chizoacafjzxcjkom	7.13821174972426	1.84830505991597
did:plc:ys4hnosv47omhkpk6rlfntlh	6.84301797426613	1.81112286861845
did:plc:ys7l7jw6i7wer5byu6u6v7i4	7.61259238214342	1.43949605935045
did:plc:ysfed5aoky2nlr43v2x2xr7l	7.85938314888865	1.99627025613303
did:plc:yshfroaav6oylf37mx6q277o	7.55216607277785	2.15480898688244
did:plc:ysl75goekw7xpfinlzkboora	6.75365561803998	2.23737809379115
did:plc:ysq7vtake222lsd3f7wk5wu2	7.38902386402182	1.79475961848322
did:plc:yst26slzgf3ajp6nvprrtstd	7.25048672198408	2.18278180546909
did:plc:ysy4bqrmhqk5wmnvy27jagbi	7.37278016133326	2.02425657084852
did:plc:ysycwsadxdsj5j2mq752ameh	7.711893245766	1.95741391424305
did:plc:yt3h6ghie3kwxc4sorwnn2df	7.0037286022023	1.45509229120018
did:plc:yt4lauu2xv7nfdrmydizjuur	7.93268623249695	2.07872824948762
did:plc:yt5niliixtkkroudwobn2y5n	6.73268126924687	2.21211171124558
did:plc:ytdovwtr2gilipp64uvqh4tu	6.70057739136883	2.55618880472639
did:plc:ytgiwz6egynx37hg3k3m4jiw	6.91995440269753	1.85608713695576
did:plc:ytla252sxcoknwtbcsor7ltt	8.18772311504236	1.68880891900365
did:plc:ytocixg42b7yd2xgcffog4ag	7.06861895911839	2.33273968793215
did:plc:ytundex7c7ljkuccnxfd5wdo	8.4713140315035	1.33464123388758
did:plc:ytzpv4a2uwi5ertldo36jyfp	9.05064999248622	1.02311074618591
did:plc:yuabtcox4nty5qnjl3awhbcj	6.77296878828515	2.22970594696087
did:plc:yubfw72v7m7oou4ppnzhssmf	7.44890056526551	2.26450798318836
did:plc:yucu7jpme2zgxlqgp4oude3w	4.79743974720874	0.529850807800377
did:plc:yukdtlho67cnbo7pqhphgu2l	6.39907794014647	2.37756107474564
did:plc:yusabejviemnjcxxjtq27ln4	8.18837044952813	2.0465786555043
did:plc:yv73f7zeprzronstlu63nml6	8.65285544481083	1.55680387424432
did:plc:yvaazb6s3r2qje2i4cvoj7ur	7.99417377683046	2.17882409162941
did:plc:yvbpqusbe47la3soyourxthf	7.24648493311738	1.66153857436141
did:plc:yvlevubzxvvxmterisbsh7jc	7.86940490607495	1.79560445998145
did:plc:yvmmzogycighocmvkcfab7pm	7.31264737810892	2.13067019756431
did:plc:yvpehuxbseq7sbkyrg54jzfn	8.06749549179251	1.02817749073238
did:plc:yvrvkt4mg5aabfvuh3k2wpc7	6.59302829965813	1.69623090335257
did:plc:yvrzhyl4t6plakut7n5wsnem	7.20578195943839	2.12602276855754
did:plc:yvujrgjjolz2regjutfnm22h	6.24455221604629	1.87800784069315
did:plc:yvvydrsptbhpximtdf327mbb	6.88976718038279	1.93624163016525
did:plc:yvw2rvicklwk2diw6rpq72bz	7.28594307357993	1.53840186708263
did:plc:yw5an25tvajxzzudnakrzpy6	7.19991789652158	2.20325040344874
did:plc:yw6hlyh6y2mz22f4ewsmi66b	7.37817617774251	1.65580515856752
did:plc:yw6ospry3bbnssnqqiguagoq	7.53345540434749	1.87617427417968
did:plc:yw7ceuisxgbo2us5ucte2k5o	7.0144958295143	1.70588705735001
did:plc:ywggelggjcwm7s7iqcogxhdn	6.62428123551599	1.61505536812159
did:plc:ywn4hthfau5grgmel7b7hlo5	7.35168893263593	1.81913126244814
did:plc:ywqspqfpfyo5znp6icvlhkjk	7.86647464541951	2.07426263963312
did:plc:ywqvm6uuocahu3c4w6gl37qg	7.59433199693423	2.1023005404137
did:plc:ywtuiznm2wdme3tabtsax4sa	6.99925636030619	1.55604962285632
did:plc:ywvvxakeqcsyej4zsedbwglg	7.32755279518827	1.99081259090007
did:plc:ywystdjuvbc5wgqa7zgcm2lr	7.96689639540881	1.55722125834082
did:plc:yx4q46gv22qhohjel4ko3bi7	7.87456798941093	1.3421860455375
did:plc:yx4xqigawtwn3i3b2kzz33vc	6.35243939985928	1.82766816169041
did:plc:yx5yhi66gejykrn3hlel2dm6	7.16347532600961	1.85580966691685
did:plc:yx7l5wemranjdqcojf442c3i	6.90585215288349	2.07152914256565
did:plc:yxfnqusbjdzkezw5trdlf777	7.51002320702704	1.83538602128326
did:plc:yxjwsgxjav2aoniusxrfl3oj	7.23060087419686	2.34603198539828
did:plc:yxktr75rbbknnzr3hemd5hsp	7.22919177501881	1.86569227799513
did:plc:yxnmnv2pqxn5h6wos6cvu5kx	7.14200317638077	1.53146374021027
did:plc:yxnnwitoqz2ni2hjy2ogv5vp	6.92944201831019	1.94682323676263
did:plc:yxyyrdacvt3dxfyurgcrry2u	7.32530826259197	1.82028552468815
did:plc:yy3czgqochlupu2rqmewigoc	7.17757409918804	1.7491455758688
did:plc:yy3ppchco55ajjm5l64izvgo	7.51897183225468	1.88028205710908
did:plc:yyb55ubjeoa3qbrmfge6lpwo	7.47310680883914	2.12493557210413
did:plc:yybxy2gul4oo6q3vu6fqr5k4	8.10641426658933	1.37270974152579
did:plc:yyd6eiz5wa6x6geg3yslhjf3	7.31534452453676	1.83774411574022
did:plc:yyj7kxkbwembzoi7wejavrim	7.21553817974395	2.2681152271833
did:plc:yylhfr4sq6m3saxyyq226mao	7.46720492749895	2.09367387974377
did:plc:yynvtozntjjv734lp4pfrumm	8.28626588620761	1.5766853362592
did:plc:yyoydswjpd5hr7imsboglyxn	7.0782499071612	1.86222318598134
did:plc:yyvis55rdstkziohjx7pjiga	7.0318050901821	1.78399085069851
did:plc:yyz3lqafltcon6w2ct2e5mq6	6.59694461647264	1.94357319692206
did:plc:yz2q47pv2tuehirhil4qb5cd	6.54769921133498	1.85116611881985
did:plc:yz4mzgshzmuqxtl6ssgl55nw	7.00645285354463	1.59640322282282
did:plc:yz6qt75b2zk5wfmr4w5giyp2	6.82574783679088	1.76767715957794
did:plc:yz6u2qgzygk4ldgwhj5onqpf	6.71001352760222	1.74107178957653
did:plc:yzecw7kjqos64zoxceik5vcn	7.23779000119205	2.30196175317613
did:plc:yzgngc57qg6kb7isrnerrhjy	7.74981755489954	1.86888903985053
did:plc:yzi4jomfcktv7r3zptbpm6k3	8.34501416385198	1.46874760594869
did:plc:yzisuquo4yo6mfghlpr32xxl	6.68163710503117	2.01335511356376
did:plc:yzlpbay5fby2kiiqwr3kij3o	6.79984841564481	2.14819143146126
did:plc:yztcbmhl3iickpg4maaiyasc	7.84848768697838	2.20496240410281
did:plc:yzvplvsgdg7blnivab2wafe7	7.57758208741284	1.9155742953784
did:plc:yzwe5uosr3jmlbyqdaqn3gtk	8.3094340056668	1.39168622414364
did:plc:yzxiftb6wksi54ojddljcg3e	6.76263724385229	2.00777051376066
did:plc:yzxrgehshjzgve2bad4hdgje	7.18314956942001	2.63784481069151
did:plc:yzy3ld6h3y45jklenj2lpqdk	6.27963844603761	2.48642082322739
did:plc:z22iojvb45xno3nblfy6fcwg	6.39389747939476	0.16944313138134
did:plc:z22zakccqtpdxkuvalw62pxt	6.46097583218963	1.95538605184762
did:plc:z2aagn6df4bi7z3sennm5cd2	8.59263024274152	1.33249671222895
did:plc:z2axob7r3u6eytj74772vqqy	7.93830812128715	1.55993999599527
did:plc:z2dtsvieulwwutmbn43diykq	7.4417531195032	1.96882709095015
did:plc:z2eap2a6p5r6l3xjaezftypb	6.11634442220707	1.74292034759464
did:plc:z2gwoi36a3ryzitxtyo7yug6	6.57390834886146	1.94656623101435
did:plc:z2stliahgzw2qxitezfsaus7	8.13113898593571	1.71959310855635
did:plc:z2xpb7bmxiqik6klpbdfo6g2	7.4744590605899	1.69271071502859
did:plc:z2xqbvfe6pzeqocyy4aqsght	5.93366450303009	1.83825088484819
did:plc:z2y6vazwurjgzywadlaja6ja	7.43897963394584	1.90661871250256
did:plc:z34w43bwtnp7avjdkc2hbe7h	7.9421662489571	1.92948847993866
did:plc:z35la735eactxi4f4gdya5zu	6.69006712357544	1.74444797122815
did:plc:z3c4awgbq5qwprxrwlxsh53b	7.21904293131255	1.94945397215252
did:plc:z3hrex4yivw737nzbrdgnlwb	7.76071321583538	2.06332648086295
did:plc:z3htj23zig6zi2k5x3koquw5	6.57016366121354	2.53663570027941
did:plc:z3hxzhbzse2q6lda2kqecs4f	6.22789912131406	2.38352185901403
did:plc:z3kom5wghjkyggfviteysvaz	7.89368698143912	1.60830190662915
did:plc:z3pnhndin2bjtmjtli66yue3	7.02602306739427	2.17898400667562
did:plc:z3t2ll64zqmjdr5hrx3odj4k	7.51014531647957	1.18094471643961
did:plc:z3tlt525zw3esahvncae552c	6.42626210486444	2.14486260935221
did:plc:z3ye3hgbvsi26sktxmedbbbe	6.8985294992035	2.44647784627704
did:plc:z44ltejdulvu5ta6q2w6bnef	6.75426070395293	2.19991104776932
did:plc:z46bygbjumauw2mcy7s24aa5	6.80720579523237	2.61248268647752
did:plc:z4e4diy34fjoykhdibxvkrud	8.04214322319453	1.35667996955203
did:plc:z4gr3g55afsejurdprc5mg6a	7.00273028379163	1.95548651329999
did:plc:z4juut3kq5m42sde4vfqadgn	8.16694513804505	1.81211746962386
did:plc:z4m4olvv4uxam7febbmwu6xw	6.99148271733733	1.73058046021382
did:plc:z4m7joytohlrdqcrmevcj755	7.59859779505836	1.93710230093022
did:plc:z4qborm5lkofbipdmwwprr2x	5.58626433076051	1.270830862479
did:plc:z4x3kum2unjitfrbmqbbcv65	6.24400714061531	1.6734924751009
did:plc:z4ybzquchmnvx4e732rqrkk4	6.78828501972912	2.00817227242895
did:plc:z57q4udel2k6xm4yhvoxr6tu	7.82929358235738	1.46153118068787
did:plc:z5chgosl663d5s626eldjk7l	6.43977615077449	2.6061513144001
did:plc:z5gtn4nahl7bb447ivpeoo6z	7.62499249509769	1.9479337792057
did:plc:z5hfoxg4elyl7qs3ttpt7vcp	8.09321594223226	1.83617909224568
did:plc:z5kxkke3lqsfklrgntlpt243	6.95935829215865	2.5067418376742
did:plc:z5kzo7sylx5ctsjbq4z5eokn	8.15371713480503	1.63761640770884
did:plc:z5pwkg7phrcfvq27xnh6ith6	7.33783246337769	2.1955307894733
did:plc:z5sqchqwld34bfchplfmxsfn	6.36020946961595	1.94329600631078
did:plc:z5teovxahyryilkbhw4qoade	8.12675093208238	1.86702898211578
did:plc:z5tzr3sbn3i4z73ow7pjzjjx	6.72800053666987	2.50826776388253
did:plc:z5xxk7jwrhzfmjrzjr4unrvu	6.72720909568278	1.73037743376059
did:plc:z5y55yjzykk2i62a53fbj7e7	6.35852389312954	2.03253694052113
did:plc:z5ykawwv3ogsof5k2u4alfnq	7.35473596786184	2.40273943866736
did:plc:z62mt33nvtqwmuljk7ensmx3	7.71620142174981	1.71884575054331
did:plc:z6canslbf7y5qhkyb5zmzk2u	6.60148913161074	1.76522549471718
did:plc:z6e5ylijfrvb7mk2ja53dvrj	7.77902688913314	0.732655400580673
did:plc:z6glm2gp7o3t36tmioifgzxu	6.87507574611515	2.11649472627831
did:plc:z6mchttqhgz7rmbo65xqb2jn	6.98415654054526	2.02165890198957
did:plc:z6mid5sj76kvto2rhsyakqek	6.48816022226583	2.43950699946311
did:plc:z6phioqd5wrigle4t4jbveif	6.2178189533472	2.11484379942737
did:plc:z6qcax4feevr7fxensxoeaqg	7.06642863247639	2.52110788787276
did:plc:z6qjfq5ftcwm2xh7lp4r3exd	7.09380317728683	1.50812623712698
did:plc:z6qns64hsx26wz6qxfnl3swz	8.49763696712306	1.57340105795713
did:plc:z6srt7ttig637vfl7eilvpxx	7.76642446062714	2.1434379467166
did:plc:z6yv4cvjwwp6yddogyu67x3i	7.55250384844141	2.1490384568775
did:plc:z6zmjnu4biylow3l7gbm2ooj	6.6945843472844	2.04387394306159
did:plc:z7555awqlewa5jhmwitjeiu2	6.50651158257289	1.86212321371469
did:plc:z7dpmd6dh4byeam4524lxjdg	7.33472539347113	1.91078145180504
did:plc:z7pssimclydj5dkaakmuickw	7.53278090575466	1.87643250265799
did:plc:z7qbxifpb6mmpwxjbzsggb77	7.81114861938345	2.11192865695086
did:plc:z7uqncnn352hkvpmptbsuz6s	6.47175524784392	1.78877645378913
did:plc:z7vhhywcrt37enviamastddx	6.83365277710789	2.13332811021163
did:plc:z7y2h6cbkr3gkbrdplxi4qc7	7.12777418223369	2.13744154352905
did:plc:za3uvrirqrawm4ofnamouvv3	7.10495034023154	1.65084554925854
did:plc:za7ropmknd5mmnv7twapzhox	7.99020389958355	1.3598953280346
did:plc:zabhuffw6omwn76mc4363fd2	6.86386905712977	1.92094035803551
did:plc:zac7cxpoxwtmmngwe3wgm67v	7.48557044135	1.98520208618072
did:plc:zacr4gh6iqlhdjoszkad2vui	7.3576409404205	2.29842798323617
did:plc:zafx3zhnxngne3bvyprwg3rv	6.40311405746246	1.99349327233359
did:plc:zahbo4yvwzu2nvi6egssbloi	6.26194417464396	1.89325010456632
did:plc:zajazb5pftn2xmek64ow4gpd	6.91992613011857	1.83101170710471
did:plc:zal4td634vye3rgm3pfy4ps5	7.41808959014494	1.96346064365012
did:plc:zaltgwwxg7q775nm5qfc5p2c	6.56185821587439	2.44788942637317
did:plc:zarg3dg3x67jkhdksgacymy6	6.9189027587357	2.69115783685119
did:plc:zaryfl73istlhzsldpey4dj2	7.04238507700904	2.19233518820268
did:plc:zb3dzewi5zi3d4yetedbutnr	8.22558539378242	1.93739837433471
did:plc:zb4raj7we5bjbbioafwvvmzs	8.32078681671368	1.76091792117554
did:plc:zbe4zj6244bqgzsp5stzsyok	7.46993145304624	1.66659818457315
did:plc:zblplbxukaixxedefy2ul2hr	7.34988375628086	1.97494655664204
did:plc:zbmp57bnyfgez2ruvsiz2ecv	7.99857427626549	2.15589681154695
did:plc:zbqsqupqapqauuq4ewndngdq	7.71825123987205	1.77901286198468
did:plc:zbulxadmafrmv34a3dz4swyp	6.54378374294124	1.96519962324664
did:plc:zbwimgu2ipc5stxvrqjb72o7	7.64179035147123	1.65567494241041
did:plc:zby7xd4nlu33b7boy7hr6yxb	7.31168494262629	1.81095307809248
did:plc:zbypksvkx5bs7m2zbxadfx7g	7.59018587064188	1.55795185699324
did:plc:zbz2eu6ugaegcemhodpcwrcv	6.63447371804562	2.60626959219095
did:plc:zbzny4vu6h26dk4aeoj6w3qt	6.48832621668399	1.61036129247188
did:plc:zc3rde4klve5mo3hpfahnzwv	7.33172066364746	2.13835671358261
did:plc:zc4o7sh3fdycxvpw2fsq5mg7	7.19438926101507	2.00250952744098
did:plc:zc5rvcrdz44fjtp5gci5fkks	7.33635143192408	1.85015931008459
did:plc:zc5yoteinldiia47zmfum33l	6.90237502438433	1.95243022823433
did:plc:zc6zvsb3w72a2ftkhqcjfmdx	7.31743090964998	2.02900545993426
did:plc:zc7octf6bttrhodctstrafeo	6.70217348986384	1.95544462677286
did:plc:zcauo4n7gfxbvzn4jqfzyb2q	7.19848593262201	2.70151872930857
did:plc:zccmcvy75opawizvnqxvnxul	7.41669098135116	1.75041022853316
did:plc:zcioviiyqw76bc2fuzrs3mak	7.06049297538629	1.91139300069559
did:plc:zcsuj6vfkh6icyrplof23t4p	7.94863287935998	2.10465559638986
did:plc:zcwceyfyrt7bu4m22qfycriu	7.29903044397331	2.03597997307189
did:plc:zcynfwxd64z2ghydjki6bpau	7.44511671371679	1.64805644991182
did:plc:zcypo4x7lshu5eheubke5nc6	8.1618094191299	1.67228008659113
did:plc:zcz3k3tdrhunxuihztc4bfwp	6.11353070879781	1.76803193186024
did:plc:zd4iikv65pgcf6su2g3sy36f	7.89225844555601	1.66523790139477
did:plc:zda676k2zq3uooepkrpcizkj	7.55019458508817	2.04762379434698
did:plc:zdeebtczjgg3rzhxp6dxmeji	8.24542580903643	1.46730930163983
did:plc:zdfwzcosruwtssqwvyu7c72b	9.04188278388859	0.663544196697632
did:plc:zdi2cc7oqmqy2dzhq7vtibnt	7.87296056641266	1.49826428664489
did:plc:zdp7ryv2y6sagchr52ljox6y	7.42314834699534	2.37322969490962
did:plc:zdrpmwqcofobkle7syvp72hq	7.49759244289346	1.93911820759063
did:plc:ze2dkm3tjn5tcdjnnlnbly5z	7.906091665982	1.90573309438757
did:plc:ze2pmo3iumufm4sob4m4xfqd	7.34174477490912	2.00058006771387
did:plc:ze744gkbuwg7u4fxbamcjrab	7.07917644860502	2.14751972580714
did:plc:zeijyv7v7xvdpyla4ql7yoi6	7.37423102697412	1.70396724979762
did:plc:zekunruxyuryvpkloivcuhti	6.66912879088314	1.73499376908108
did:plc:zemmt6pfvxa23mcxhwtrzivg	6.80733218573197	1.98186234710508
did:plc:zenpy3bs5nfjk5zuyx2tq2oz	7.35467601705035	1.88241648740108
did:plc:zeo5odr5ajlf4yviydutgpmm	7.01145974518866	1.881436034383
did:plc:zer3hzngdhrg5lbnvyhklczg	7.06897105975779	1.83654035061233
did:plc:zeucgbjtjchyud3om7cdpdaa	7.97487236587985	1.74092422043069
did:plc:zevm3wtxm3n6vdixdw7c5mzj	6.75335989919077	2.49146036789431
did:plc:zewx7vin7gtvm66br7qpjz25	6.3478029773205	2.09399283855797
did:plc:zf7kpcubmno7qaxlo42visem	7.46011759016075	1.69943135631334
did:plc:zfaewm4pnc5wv7k42veh5nab	7.20935822276351	2.07162785355358
did:plc:zfarewzntecfar3g2sz7bexh	7.71440348913716	1.55901298100893
did:plc:zfbcnw22guclohwptu5ckxuc	6.3180895814542	2.05098666552099
did:plc:zfgkcotnw3aq4vtae7vd7oao	7.37382266794209	1.976485450553
did:plc:zfgzu2qem7fnack7pfizciqq	7.40993763661075	1.91529807463525
did:plc:zfjhky2armtc4h5dmk5vvrzv	7.07487274776337	2.15252932620738
did:plc:zfkmx543loau4fc6mdqbeqk5	7.66013662284986	1.6018076173863
did:plc:zfn5mtjxh2ysa5j3ynshk3ea	6.89612189721605	1.821232694385
did:plc:zfpoq3f3t73ghqcpphnjrpyn	6.67604298375558	1.77795919235449
did:plc:zfwm3n5qssypersh3e3itp3e	7.12480054571011	2.06672350833444
did:plc:zfxxwiszrcms3excvignx3tq	7.31195408835458	2.19853480339944
did:plc:zfykp2aekxln5phl6faxsmyg	7.5314256266911	1.98499740718711
did:plc:zfzhjj7oymcsbfvonqvveyd5	7.71286408689422	1.65619760903493
did:plc:zg2nmfp4g25su6dtjntvmhkf	7.59160379552885	1.80111947132062
did:plc:zg3yxlfr33qwmtrzwpmvaoio	8.2814234915607	1.46962738122348
did:plc:zg5xr6ualqqmaospzs3gsja6	9.26096559174149	1.11021612342267
did:plc:zg6pfatrodh7x6ay4rm26n3t	7.86608916384607	1.64580908853761
did:plc:zgapn5hl3ikkiffv5zxvotc6	7.73355998849951	1.85286937143219
did:plc:zgeyjdk4roqgosfey4mx2e5a	6.75408257505566	2.17798810114168
did:plc:zghjbgzq3sj2riq3a2lkq4d6	6.31430354666427	1.81160457336108
did:plc:zghwzwpa6mm53epdfyo3qatl	6.84847141005626	1.76908240618093
did:plc:zgnwlzgy7kkrzoz32fmprzp5	7.0207332908181	1.92015669806972
did:plc:zgokkw6sze2fithrqesqugfl	8.01337787332313	1.52009189578616
did:plc:zgwypjud5u4qss3dubzpphmi	6.40986103868763	2.15909600027729
did:plc:zh2vjbdyfr7wwp3b4qtte6qc	7.01240589097692	2.1831446228728
did:plc:zh2wdzf3wd6k2zku73wm264p	8.31884699867152	1.52656047740509
did:plc:zh3ylb5cp53l6fthnwv5ilov	8.09874748815384	1.57826612484408
did:plc:zhnfvuouy4umvdlnur4llsaf	7.45681092819463	2.27924220524767
did:plc:zhnp3qdgck4l3fscdyj6auwa	6.70218731329459	2.3781374625941
did:plc:zhrjacfwldb7g5yyiktl4kwr	6.9928841963264	2.34312957891268
did:plc:zhungh5v23eucaq42inyawh7	7.42194139663761	1.26875880635854
did:plc:zhxrlxgxzszvu7zvb4qlem2x	8.67873222080121	1.1965407827401
did:plc:zhyin7vcdqhfvhu3irfu2uyu	8.42367127089686	1.47409817562524
did:plc:zhyxkngupdhobhjjytc2hqyo	6.69219682292271	1.89327266688659
did:plc:zi5n6iqqbaym5dnrpzxfaazt	8.08765033967108	1.33469031009094
did:plc:zict2f3qd5ed6z2ydjk3dcq6	6.29772755425234	2.51969925465337
did:plc:zidqgah3l62z5p2wrxowq7ej	4.75354983599111	1.98677818644455
did:plc:zihncnmx6jwu2qgqcolbfnnt	7.46982822544053	1.62198152333836
did:plc:zijp3qm3i6lvpq5v34ck6tkq	6.59367893024849	2.16370869625678
did:plc:zip5bpxr6wqwzcxrd7uyuhwu	6.60159018505	1.88340040846948
did:plc:zirytrcnymne6aftsnqt6a77	7.82496297299306	1.81035560774199
did:plc:ziyg7pvt4bao7ot6wcc4eddd	7.23325849768474	2.23345972589056
did:plc:zizkgb4v5kb4xmjpdzkbcx3g	8.50959829592799	1.23692031375683
did:plc:zj3blps74jjbbm6e25kqch7p	8.47846660187544	1.42963996473379
did:plc:zj5kfeu2vgl6t4jokjjroszo	6.4234336231136	1.80680464909719
did:plc:zj74cdhd3sacgtygbqryiylb	7.83222961045676	0.474234678183889
did:plc:zjdmcviet77tcelml2k3fydc	7.20699916927147	1.80583516611662
did:plc:zjg4j2uw2u4o7p7eu7wuepn7	6.6781179533721	2.8225218296627
did:plc:zjo7yjneapj7t3l7zzlfvpmp	7.4908602316387	1.86294139372839
did:plc:zjp2bdvt2npqptb3tehr4xxd	7.44207953194909	1.68748061243469
did:plc:zjqlz3n2qmppazfyjxtjeoch	6.68603314380826	1.78668324644036
did:plc:zjsrkwwsew7jbh7ay6dpya3r	7.53719856230772	2.48212663866932
did:plc:zjwks4vqnxzwesru3qf7mxfz	7.78932789030555	1.22582913365988
did:plc:zjwtn3wkm3yenvapfzhxk6rp	7.95627318372178	1.87700565377985
did:plc:zjxhoaifouhzqmjjrjcmidd7	6.62732591122586	2.40126699832724
did:plc:zjxvf45d2a6pwnygvyf3sxzf	6.75147541764886	2.37303858861254
did:plc:zk2lwif4df5ac5eruwyr5jes	6.57393596026498	1.70803657958544
did:plc:zk5paeuvtjlqe5fceczud2z3	7.16885703225745	1.95357064088659
did:plc:zk6mjuso7bloxrsj57stfq5i	6.90046802939142	2.03986536185527
did:plc:zkbs5djqbzrtbcftjpmj4ygg	6.80819223898616	1.69861266650249
did:plc:zkes65vvxbqrxj3qme6e5q2f	7.13017131179663	2.09948975435949
did:plc:zkex2j3fgzcr22oonayfvbud	6.81835269895344	2.54660877637801
did:plc:zkfl2tj46fxaphmyhpindhlx	6.76001955713375	2.05386942325993
did:plc:zkkahjyoq25qu57utwlk3llq	8.29333550654582	1.68428106159619
did:plc:zkokdh5j3dutd6pu6x4or6zd	7.09005633791093	2.28021267572657
did:plc:zkqgub3htxvybwja7tqohz6f	7.17707122802075	2.09673435516024
did:plc:zkxavzruzpzow2phizfvwhui	9.12027332472906	1.23540908596712
did:plc:zkyrcnjjlyd6gxpsz35bagn4	8.07101830938965	1.6826610240435
did:plc:zkzlgc2ck4h64y7sk7j5ljif	7.60891970899515	2.28146718970279
did:plc:zlb627wdee4bwacglnblinj2	7.06097532815871	1.72776324460305
did:plc:zlc6ygq6oonqqdtthqavbacn	7.31165326015937	2.20204756625172
did:plc:zleg73ap3c5ia32h2tdupnl7	6.99979862812886	2.14135915825856
did:plc:zlgy5lhjl3ddyu6otvczh6sq	8.424425568173	1.6195475563078
did:plc:zljnrc3lsczuxpluzfdxji5g	8.17725342102257	1.53163519259257
did:plc:zlm3csl5zlgbts5vlyutyyov	7.17094398645072	2.16482355672089
did:plc:zlq6lf36cyli6hbrw6ytuspm	7.12048095919145	2.4799205336303
did:plc:zlusbzxiwgvhcplwp35pk6mm	7.92589141365583	1.48590793606018
did:plc:zlz3zuigaw5pd3u33lvtkamp	7.93415367334483	1.92912292037589
did:plc:zm2ka2kmsj3iilt4uad7pual	7.75478140808211	2.26067456598715
did:plc:zm2vs25hy3pvivo2d3f4xmac	8.11117171964474	1.56534746657576
did:plc:zm5ckfaevwbd3iea7tbzukmg	7.04535267645576	1.91246489700227
did:plc:zm6crgy7vicgqltktsu3rtw4	6.75018227541625	1.91220991212088
did:plc:zmb2vhr7gwupr76a6cs2pkyo	7.22031786768538	2.5625172843605
did:plc:zmcjkegohfrguhgfiuhjvuja	6.81854168361731	2.15657219202131
did:plc:zmimis53gtij6rfdcwg7xyy6	6.79356019462523	2.00121727337219
did:plc:zmka332u4trdj5vykqpuapop	7.78094246898814	2.2518940382964
did:plc:zmt7nph2t4sbb63l46pwh6g4	7.33768391758967	1.65277004703728
did:plc:zmuagnxbhwz6oi6sy2gfbfaw	7.58825000263791	1.22175072409296
did:plc:zmxcnz6t2ktcy3g7x5y4ozvc	7.91919676058306	1.80015715993377
did:plc:zmzaipkg66hxtt7v54v4rydb	7.57911495713344	1.55524899137568
did:plc:zn2ci32obk5g4ijf7tj2rbf3	6.83833254975228	1.77302284653131
did:plc:zn37rsj7ezt5gcqbvwwg4zlh	7.34919080496562	1.80716361654712
did:plc:zn4643qyoprosypt3ppomgvn	8.16493844745279	1.70027635193735
did:plc:zn4dnk5uva2w2ydb5oi3yuom	6.54473381782026	2.50821855653726
did:plc:zn5skh6l7juk2ehywnofxejj	8.31515360022054	1.5983582051548
did:plc:zn7hwy4gbk7at6f7cenp4fdj	6.96306583315007	2.28414578042409
did:plc:znbs7suuis35etbf5sgnjxei	8.28801911052709	1.45078597639103
did:plc:znkclcprruic5dv5mf3yzvrh	6.81401792484437	2.05764276448139
did:plc:znl4bx22pcf6jpn63og2b2sg	7.07040985515778	2.31040989997914
did:plc:znpbmho4q2c4sijwpjjsnqco	7.41720704529641	2.30115513999716
did:plc:znq4ivuvldeipki6mcid4qfd	6.75462067732344	2.10809096227003
did:plc:znqszn7aq6dsj7hnru7qyrn7	7.90757921651986	1.94535932569537
did:plc:znqwpwrnlhm2rllxk2yh3va2	8.13214726542951	1.78612606423328
did:plc:znx6uibfswlix4zmgavc5jvb	7.23831430657571	2.39842307759689
did:plc:znxoypuidsg6syqr4feqjene	7.1215697786922	2.0929970493988
did:plc:znzucc2c5hs6av7b6xlranms	8.68232369098679	1.59773540144547
did:plc:zoft5pzi5jzc4majhojpjasf	8.47587872654375	1.37646675600789
did:plc:zohdo7brkqy3r3vr4cqpix3d	6.66105632638287	1.86457650753196
did:plc:zomc3lfzgns5c4mu3h2zacuo	7.27325166803235	1.90928203754853
did:plc:zomv3azokddwidzwr6ezo57m	6.3051141460956	1.71569315326999
did:plc:zoogu27imbd6mlj3po7ebrpb	6.35822522929869	2.26123021841186
did:plc:zooxcjiv532cgraks4bl6dbj	7.32380471106179	1.85287666748095
did:plc:zoqd3vyvmgffr4n4u2iwhmyu	7.39375442487674	1.70569369213813
did:plc:zorlzu33g7apiyffae36vbwb	6.75497587525835	1.80436667005577
did:plc:zouga4ljtgwqnzfxvmd65odx	7.08858990025721	1.63370047724264
did:plc:zoy7awk2bylm3vcqne3dpk52	6.97602272177762	2.19969922015069
did:plc:zoyidivpklzvurkl3kyijw5b	6.88714611276828	2.01461525320031
did:plc:zoz7pm4slffmiuj6wdccjcfj	5.75021847098921	2.68561587027881
did:plc:zp3vx5lktxcemf65gtqdvxca	6.61444227467169	2.55130637245997
did:plc:zp45j7uhv62bv6a6fofrbrhb	7.99569624733479	1.60231151070687
did:plc:zp5u3bvx7sqbkvivjtp6yjna	6.15652270622676	1.89366367653191
did:plc:zp653ebnfbvhmxfsvx5bdemx	6.65812169798773	1.93839378650048
did:plc:zpei6ekydxwy4nkyifxmgel5	7.60295697496479	2.26927042531054
did:plc:zpfg3pviwgrbk77kbtxcqggt	8.07529239432594	1.95022433619884
did:plc:zpglxro2w7jvtp7r7gepidxy	7.81480164999703	1.8656662339781
did:plc:zphlxyu5g57trh3piski22ex	7.37851401639095	1.84750155505151
did:plc:zpinmjowpis6qgujuwb55ixc	8.20070509426985	1.67270930454792
did:plc:zpmvlvfuex4s7fk7ghi5r4wq	7.48183009306733	2.02767651634534
did:plc:zpo2ldwbux4242fpnxv4zk2w	7.25019458425633	1.75633467639285
did:plc:zpv62qqo44vwlkd66huah6wd	8.10878258911766	1.72469949909474
did:plc:zpzp52eh4lmzyxpcilifckt6	7.26322129977426	2.28612412253143
did:plc:zq72l4tdj4aqqmoqbugxnjes	6.87744482465434	2.55330969566468
did:plc:zqbkr6tfgbtsr3evcpcx7kah	6.55519606316313	2.35525426491074
did:plc:zqedkpxa5oqtlq65byoeu3kv	6.41463280762895	2.36560420943696
did:plc:zqkroslqdd55l4bogfwpfsia	6.8469350386706	1.91257705120373
did:plc:zqllvkrtqv6fhoqgxkroojfa	6.57734802485231	2.24681441477628
did:plc:zqnlggdtcritabujftngf4r2	6.94718438278099	2.25026878843135
did:plc:zqnvrh6df3knxyxj6aoeyn5q	7.65463863566814	2.28189710673354
did:plc:zqp54dim7vbptbkcattv7dpa	7.3124866428246	1.94227325679753
did:plc:zquqernsxlgkt3xqnpbkscgh	8.66805635294465	1.00390158492518
did:plc:zqx4nlf5h4rsx53hwi4csaz5	8.84953954743679	1.10627478117351
did:plc:zqyeowevsxdygkgxekc3hhyv	7.55740515735299	1.67934391662569
did:plc:zqzgjqtz3e2bgfm25tbfzcte	7.14214862986551	1.93708039296635
did:plc:zr3swsnscsoie4fsyl4pgqt4	7.99500748590342	1.78684987765672
did:plc:zr4bvwgsyntwp7qrwa5glfzd	6.85815671604603	2.07592693126269
did:plc:zr4rfu7nyqlibueul6hyqp5v	6.60915049881672	1.7114321425598
did:plc:zrjj65ihmvwxeywnkabb5bdb	7.0396568883925	1.98649728125988
did:plc:zro6jritgwk2ok2il6jqgatf	7.19077524127744	2.31271550577066
did:plc:zrpxmfiecxenpckxjoodhjji	6.91731671817615	1.9985813555793
did:plc:zrvllsmumgdepkteqcfjbqoa	7.10623937975191	2.01126828830476
did:plc:zrvz7m5o37mf7r6w3icexfgq	7.16585734901972	2.38622630293695
did:plc:zrxvfqz45rm4ll4vmqpqkkcs	7.27676490916971	1.72103889744121
did:plc:zrz33wwhanmexrbz7vmhu2xx	6.94082236175515	1.71407584237295
did:plc:zs2d4w4ztyrpwyrnrvuvavqu	8.19965408799195	2.15777872188011
did:plc:zs5ogaedbdd3q3xmahhvgp2y	7.66485450632413	1.9509684369331
did:plc:zsb5yniuchmhetmzix3plmfw	7.25227479470088	2.20515128504425
did:plc:zsbmtolakxoiurjga6ik3fp2	6.79210498349524	2.05847122976062
did:plc:zsbvglogo2nmpne5dqy6hcqu	7.51777244051066	2.27731967212606
did:plc:zsdc4dfyfi576z53ojrgetc5	7.83581162731286	1.75876429265037
did:plc:zsegm3yq6tu7237ao73cixul	7.31462472825376	2.28759438951875
did:plc:zsf37nmltdxbtxpgkab4k6te	6.86610995260786	1.88103457504964
did:plc:zsg4acczysyo2kyrsedd55fy	8.54386096093601	1.61101666000077
did:plc:zsiybg6iow626de43ab2g3mk	6.25552570078076	2.34665401378863
did:plc:zso6xlulz6dvf6taqyqr5osn	7.10090403473683	1.89642368559403
did:plc:zt4r4b2uyqbauzl6tfkc3wva	6.49889009999646	1.87133922052706
did:plc:zt6tmdfrp6h4mbhnld5sy5aw	8.57598663311561	1.19640333689282
did:plc:ztbw4fkkmqumhnu4tdk5tfdp	6.96990554379897	1.70214381249224
did:plc:ztdcb7m255e4aq4fih6de7gv	7.34799702542077	1.92949179340076
did:plc:ztrqftts4xmb2msqri2razov	6.65113350447795	2.22155593385472
did:plc:zttk4243eovf6oh456y4qnio	8.50672341502354	1.30215463319476
did:plc:ztvzgk5batxpveq5hwpiynja	6.55373783866845	1.83195880490354
did:plc:ztysvcoiqugokct5b7rpfzm4	7.52075480316316	2.01325806640825
did:plc:zudzpfsnxifcdrcqxu3dgpdh	6.99610691876455	2.02677538265658
did:plc:zufhy2svq3soh7rnr2anpxth	7.839248364454	1.6748724657926
did:plc:zuiou2ybwtai3tidyvm45wbq	7.54531435938297	2.38046304039328
did:plc:zunhg7zgu424icwvoozepnxo	8.15411087051828	1.50156855344608
did:plc:zuoye3ag3tdwbh4qwlygozli	6.68687901087249	2.16175201446589
did:plc:zup37rqy4p5bdpoyvpqcgbdd	8.18011251985977	1.6063617386163
did:plc:zupot4b7ehwjtwmv3efm5ppo	7.26705266938433	1.94729597097877
did:plc:zuu3mbkmneiml7kylnqtbfjp	6.7782654539795	2.34065146602436
did:plc:zuulbkhdhdzruhq3a3zb6ngj	7.38826720068164	1.73377989003304
did:plc:zuviek4mk7wswsdkzaqvjvah	6.84950997589415	1.97228575802153
did:plc:zuzstwdlexu7u7ypv3fe5oow	6.8578941648355	1.93173005871442
did:plc:zv3stwvxxbrcklidvxz3rtza	7.11006325985172	1.97518267001278
did:plc:zvdb4smdv77f6w3cfuvdqqrp	7.24553915342988	2.04466006270619
did:plc:zve347cfp4u46rknjdhzzkew	7.05219508961396	2.08292163260581
did:plc:zvfopj3ofgjpxj6azeuuysdo	7.67626145472692	1.62770303049471
did:plc:zvjqfl2xwcklpo62lx7uzciw	8.12934577144145	1.57727488835455
did:plc:zvkbgblinn4zmdrbwcuympxb	6.97336668993234	1.73030037784066
did:plc:zvkv4dc3z5cuxvkywlw2rewa	7.51352335353593	1.7518075853481
did:plc:zvmnz225nh7ebngt2bxgj74i	8.00194587472814	1.67224493110912
did:plc:zvyt7rev6evnxfxgesok7fud	8.80102593733089	0.991544513566591
did:plc:zvz3dqx5su5phezb46a6e77a	7.57766081098124	2.39522510042664
did:plc:zw2phv6og44n6qbwryedctze	7.09461252501218	1.76509057395677
did:plc:zw3knrw7uixb5hh2uysrbuf2	7.49686909776961	1.81490203640328
did:plc:zw4bbwew456awmd4bkkvycwe	6.69025164298029	1.92041323629863
did:plc:zw5nsnx7n6u5427ss3r6j7s2	6.56046262029171	2.083452408636
did:plc:zw66bsjf2cfsydwgomvlosk7	7.5659186063494	1.67803102067065
did:plc:zwd37o6dyajfa3jeruic5fjf	6.14458801016563	1.93023604278305
did:plc:zwft5jkvzpfz52egtazzeijx	7.34000389436319	2.48912335304337
did:plc:zwiehuoqarsbyda5yapduaoz	6.33061790592774	1.81121806142302
did:plc:zwnwjvlbyzzhxgijkk6n47rg	6.44372873975038	2.13608241888003
did:plc:zwqenaighdtyd54jzb6vrskh	6.97180858717221	1.54788765250749
did:plc:zwu4pb6eylyumaxzx76a2ot4	8.29441372671192	1.69770027361771
did:plc:zwuhdui7hjbnmwzuntal6zx5	7.54994623880297	1.36472279231719
did:plc:zwyob5ykcvk6a577big5raks	7.8495613123988	1.34584777598614
did:plc:zx5r5pl4ih6ropok3o5a2eef	6.99201932606313	1.88005595497509
did:plc:zxbas3qzsvoaxq2t7p7wcsht	6.4542856011019	1.90689010713689
did:plc:zxhurdx5eaujocffeps6vdvz	7.51302592999746	2.30608863699169
did:plc:zxjurotnaylqpadxxffuq5ju	7.06488795890446	1.72483750486312
did:plc:zxlg7db5co4df67avdzolwqs	7.81610549996485	1.37856440400407
did:plc:zxnmvw4wsv5vxedeqq3hphgz	6.58326599433243	2.13975807098701
did:plc:zxt6jwgtrly2djmbcpb5idsq	7.0302945680334	2.19217383152245
did:plc:zxw3r3wnd6bc2djhghyhwzav	7.11169096651159	1.62383741202834
did:plc:zy52mlufupvgyo5zcnozmnma	7.27531683639462	1.80504274220994
did:plc:zyagknywveyacp2scwswpqs3	6.95631612786687	2.03163784523399
did:plc:zyg2ekzlrnuf6oo5xxxyvslb	7.1790871110485	1.780302970178
did:plc:zyhb433trmcvgrnlnpfagugz	8.75141082257813	1.11888466176513
did:plc:zyij5h53hkjut532fwcxmnvf	6.88677381598788	1.90227795363339
did:plc:zyiqtdzp3a5usict356oxf4n	7.14996084814055	2.41302370804728
did:plc:zynzvpaogr7syrk6i5qvf2on	7.40959640046209	1.97073650163064
did:plc:zyr3t6y3tfju5wmupjb2qkrm	6.87207282232992	1.87569376636885
did:plc:zysr7pkx6foawsbdaubcuiw2	7.16485861145314	1.87345097476917
did:plc:zyufy62gs5bswbylig3tnehu	6.78853588271721	2.27767619399224
did:plc:zyuhwwc4fsc44jpfey27t7cv	7.85711569817315	1.52781937503256
did:plc:zyxsism3oicrqnrq7fdfc2s6	6.77000164265601	1.72990951640708
did:plc:zyynahob5wl4k3cvrfy6p3i4	6.7864036119264	1.33556562399954
did:plc:zz5e5ev2rbiq7vej6ref2h6y	7.37047643966411	1.94121974628768
did:plc:zzakd7vyddblazq4krcgg2lu	6.69528742566268	2.33689559336744
did:plc:zzbpvnwurzheabujcgftoyfp	7.40343503966657	1.3174978481636
did:plc:zzcicustx7hroaohtmyoiyua	6.16082362563695	2.08264992996953
did:plc:zzdvvfo722ugv26ma5wavbu6	8.95391540926529	1.36554681235108
did:plc:zzgarfeqikj6oukbn5jhd2ht	7.17750546886107	1.99690582169192
did:plc:zzmdjucxa2dak7itzq6ctjg5	8.00244195969826	1.64238682883248
did:plc:zzoatnsj425nqimlncegv6ug	8.76429269398238	1.64729746460682
did:plc:zzp7wr7l63uamk4ghfdyzaqz	7.87748650521879	1.67455625699718
did:plc:zzsi5ireywqmuzykrmmqcdzx	7.17550782502902	1.7637955415604
did:web:didd.uk	7.19843462236008	2.02754340432249
did:web:wisp.mk.gg	6.33914797365031	1.18258860628067
