did	meanlog	sdlog
did:plc:225jifwqatcawcqpo2jjmx5h	2.73052509729681	1.70248563972892
did:plc:227tvq7yj4gqywnedl5epas2	3.44447057586875	1.25677619589025
did:plc:22bh56unt6amttywwjosu6nk	3.3508256116518	1.74676559574445
did:plc:22g3mf3sm5z4lp7zfk6ncv32	6.05179798995578	1.00618655790258
did:plc:22hjgx4tyxyg7dtndhsyi6zn	3.80301773027885	1.19782309936062
did:plc:22lrjdvse3l6gfsv63k3pyd7	3.64811199943537	1.58964728117795
did:plc:22m5xgpsaoj67err7d67opep	3.17698223932413	1.1581073133941
did:plc:22msnh4bnrc6gg54kvrrtc4o	4.38271232697762	1.42178362992073
did:plc:22pf2cxv4bdgyjonl2z4fmkw	4.13018120517765	1.39437135894749
did:plc:22qv3puntjffqds7fnye5epn	3.24910537497385	1.57437724087725
did:plc:232esdlblshlaykyhxajkncy	3.80693500179107	1.56480088873092
did:plc:235s3xmrp43n3xnps5o3qova	2.43508812712743	1.55593564850705
did:plc:237erdpfo6ulzkfdhuzhlwwn	4.55818380127636	1.00252617966324
did:plc:23ect4wm5cecl3cyqh4bfpvm	3.28177387441302	1.87840213582016
did:plc:23l5ivmlrd2tpsm2fwfogxof	3.64618191321245	1.60979536533131
did:plc:23qbpu73ae4nmhqyktkbbqgh	2.58414418683006	1.33226844750056
did:plc:23rqgf3s3724oo3xyklpeqkt	3.23463977751799	1.92906565467466
did:plc:23rrhkmw2ehqwtm7wzr46rs3	4.25728913425095	1.51158500710326
did:plc:23xkdxkfipfirf25wxs25jil	5.09253160428	1.00004093825944
did:plc:243hhsjubdwjwgbu6qdhh3r3	6.79456006905831	0.952852467655776
did:plc:245cxtpykvdjxdzkvffblf35	3.07560945834898	0.952150751896909
did:plc:246s7yeo7r3ivt76tdqitkrp	4.15571345023073	1.09921525540629
did:plc:24je276xut6snvtsl47xayy3	4.58285653868665	1.57426539727917
did:plc:24kuqurxd5tnf6opmfgurdik	3.88300551403287	1.39312564945651
did:plc:24mo52fj3hienpf7ak6ghe5x	3.71221754345758	1.49176199228283
did:plc:24mt422z6f7xk6o7emawuajc	2.88380544816115	1.86882962460881
did:plc:24p7kazeyrus3rmo5j4itqyc	6.44210288100938	1.20336325402211
did:plc:24w5l76j2bqkc6s5jf5abvoa	3.97148297747924	1.43096872101828
did:plc:25fmwrct5eruww7wsglxjey6	3.51680265334824	1.97414598044585
did:plc:25jkclloo6uvsyfzdv2kojhy	3.40061681408938	1.43655791028865
did:plc:25kl6mhkkufghugwos5ecql3	1.93461225273335	1.16053652128424
did:plc:25p4kpopu4xp2cgwhq2vr2uq	4.34691518080495	1.69703724172405
did:plc:25r6efzs3gj7m4niiocafbzl	3.10784847145686	1.55810443129281
did:plc:25wvdhxzylqrc573mgtg64ny	3.75729201174284	1.50837345598578
did:plc:25xhpmxydhqlfxhc6if6gr4q	2.98298876459585	1.36643146668625
did:plc:26fkrnrusm4d5kfupev3qzke	4.35065583030111	1.63930751254153
did:plc:26ki5gpdxmshu6jwwb6ztaip	3.33353360382585	1.72050062732904
did:plc:26q3vchq2krlksrz6stnxhht	2.8804203722809	1.83043237596906
did:plc:26qnqawrjwfev5cf3xz5tf2r	3.6812906044677	1.55680634161426
did:plc:26qsbn7lcf6v2fzogt5zdcnm	3.10862210784578	1.79982502890112
did:plc:26tmovi26tyclk5pxlpzlcto	4.72648561387529	1.4498259899266
did:plc:272of7cnxtscbnxcxoefoq6z	4.94513377707086	1.51172078836147
did:plc:2762l3a7vuav3yezspd6awax	3.2238601406416	1.77708807519506
did:plc:27dunbh44kdpazlgwu4ulspx	3.95032203293744	1.35712193577283
did:plc:27vvvxclwzc4lculhtpio66n	3.6258913920888	1.56126226493987
did:plc:27xaesnzahtlazoyie7uc35j	3.71882408530489	1.86926331471296
did:plc:27xcebu4mcwojdi2fsglmreg	4.72228534837487	1.35981194602074
did:plc:27ya65ltuz3d3bv7bkostmmo	6.78762705472854	1.48899097117531
did:plc:2a4dllf62n5aoryjaffqmgze	3.53537997764419	1.27441486978322
did:plc:2a7fmgdolk3a4xiohlpczblf	3.1399877596587	1.62707964572309
did:plc:2acuskfvhv35adqai4cjpsmn	4.14524124081186	1.61118503062061
did:plc:2agq4awpwiepg4ph5seicjo3	3.15339869531126	1.54371792932947
did:plc:2ahpqbbpdwzfc5m23egb5eyk	3.78669814281208	1.21642517288232
did:plc:2aizehcdydxboazl6ierwg4s	3.7664547466277	1.24188846134043
did:plc:2ajxufowgsgu5byfcxvczras	3.54283011020186	1.14682453305268
did:plc:2ak5ajeayljgv6nd75uhnl66	3.29086629650459	1.5928997761925
did:plc:2anjmxalxaorojbrwkvkghrw	3.44265281340488	1.5941242557468
did:plc:2aoh6c7x5ow7por3ykixprnc	3.74554987128789	1.48373102087521
did:plc:2aq7mw6q7vswasyy23z7wyjx	3.44487267450487	1.57401962818565
did:plc:2arrrwmnrtihblpuxjxc2cha	3.71705305281843	1.54095916858558
did:plc:2avgdghfj23jjfufhtwb3tya	4.25917871396343	1.35120211883842
did:plc:2azpp2h5wigf6lfi4mhgz2t3	3.93014013813501	1.3996156995394
did:plc:2azwjoq74hjp77osm3rkhjfu	4.07972115734415	1.46161097983101
did:plc:2b4vytw3k7mrk2folw4fcils	3.83644169543288	1.36048598141836
did:plc:2bfwilutgjecrrhfuvntqbcf	4.4560954664354	1.46670545198944
did:plc:2biqdj5bvp35trszgyemljqx	3.87256227234349	1.3227465971364
did:plc:2bjllmuppr2y77d32ic3nxsw	3.72910746401235	1.51507337654432
did:plc:2bk2cr54xkd77mysy4asfdeq	3.92355866578813	1.30464146315658
did:plc:2brr5gugehxnsaoymlffejtx	3.65759078285991	1.54121302289561
did:plc:2bsbpavve3xn4q7bhk25os2o	3.59648918432298	1.44945109192038
did:plc:2bzsplttdanf2zwjbyjx56e6	3.31140950984775	2.08199276677568
did:plc:2cankwcimd5n5qnztn3yahc3	3.40172793973515	1.47900197680803
did:plc:2cfn2iw2afjsltmcxen6cns2	4.68636781519714	1.45289596825306
did:plc:2chht6lkoe4yrxmmdzphzurr	4.14354578310869	1.38635269957033
did:plc:2cnvhyhjw65ogs4cdachlmjz	3.25848800700324	1.24007045637605
did:plc:2cy6k3xykur6rts2immrgzlh	3.35003535708206	1.09492850576037
did:plc:2d5tigfjv3z4zxadq7z3vcoe	3.38126312163706	1.95444574985717
did:plc:2dal4yu5zq5bxmemogtkgljp	3.91871377631058	1.43711824743194
did:plc:2dhb2gmxjohoirfahihquz6t	3.47035371073724	1.66387361258597
did:plc:2do4oup6zwoxiz6hb7zf4bzn	4.09521597184757	1.41002311910219
did:plc:2dxr2ctiyolspakma2aiel5z	4.35789173678035	1.51014881318554
did:plc:2dzbu6r2g3gqcrcio6yy546k	3.56926380513005	1.30986380553263
did:plc:2e3ybp5zlnxyizqpmozjiioz	3.16994716910312	1.92268537829038
did:plc:2e4bpotb3wcniy643vo6xg57	5.3839250298204	1.47926007303916
did:plc:2e5jkc2bmrhntmpsbwnvjekf	3.54403779091737	1.6532831645685
did:plc:2eatrhvx7asqudxl5wgkoswg	3.5664234928418	1.30446019611728
did:plc:2eebvejhh4t3rsmv7dp34wie	3.53354618222594	1.64404859587703
did:plc:2eiis2pdfmmsusw6rzgazfdr	3.59300613226623	1.34619275619228
did:plc:2eksxwg6q32llpcl36qilmyq	4.57042721908299	1.03130504659448
did:plc:2emrkjrgvd3j74bzoi3xn3xy	4.30770118535044	1.29382036879592
did:plc:2ep7p5mnmq7sht2ycp3dqvhs	4.16057101065471	1.37079404679927
did:plc:2esoijljbjkhmoha447agnzk	1.82914478709561	0.74098225150686
did:plc:2etirfyqqgrsbe7nibl4eyx3	6.37715418467759	0.92634696050521
did:plc:2exwqjysycx3or56ipi67zui	4.79194905723584	0.856311191369667
did:plc:2faxqvnre7wcgeecicf6ifwo	4.68381238674614	1.06319543966602
did:plc:2ffie7svwviaoyrmkzzb4nh4	4.23573191940109	1.16578867986381
did:plc:2flbzgpacfr3y3omsmgu5a2p	4.01142967977516	1.53399920941126
did:plc:2fnnvk6ch6e3udkvs2itxtbu	3.72576229977407	1.43404553045053
did:plc:2fpmnztn2k6pecffykeelum2	3.8260252383333	1.39095822346936
did:plc:2fqsvxoknjq7rf5d4u2uulqb	3.50609972816246	1.60064286650089
did:plc:2fzxb6rqernbcn6kuiyec5jq	3.48191854988688	1.26847562578567
did:plc:2g2bqolqtyjtc2mjjvdfgu5z	3.79616093539139	1.53961330427314
did:plc:2g2qfy6jqrtmgim37b5jt7xp	3.94652903446692	1.06649784712354
did:plc:2g44sisoftibzygqlcsjglb3	4.55719490993783	1.20212805317302
did:plc:2g6vttduplvwbu6yjtsdmcqp	4.79493215663395	0.991691951859501
did:plc:2gfdk2iorjmjgywsg5ozo5si	4.21320119346532	1.19443437700792
did:plc:2gpqxv7jpp4snacxcvmwgwxi	3.53469269882745	1.44180374270421
did:plc:2grrkxuzz2jlr6vrtdyqtnbr	3.74543997625866	1.46377867799902
did:plc:2gurvm4ovmgonsjauq23dfes	4.0160899150227	1.30338433068766
did:plc:2gvednadfss26cvzehitdqgl	2.97678161490557	1.39891480639158
did:plc:2gwwgyrpohlffpk67643e4pt	4.84340086313695	1.13876544467517
did:plc:2gx5fb3b2knfdgtailjyablw	3.74970055921137	1.28376242526092
did:plc:2gydz7pmbvdqqrfkofcerm3r	4.51264487228705	1.63863844801368
did:plc:2gytajksefbrjottaghxm6zl	3.768039094708	1.53386606628558
did:plc:2h3tzcxuuet4qa5frlfqrpdu	3.23708050249556	1.53803598495328
did:plc:2hmnqdz5kuw4lgz53gbzvu7j	3.47155540158457	1.5186824678248
did:plc:2hnz3cyetceno6nh5vlj3uq5	4.55230000640862	1.70189427300455
did:plc:2hq65l6fqxmilw4wsvgs6ho7	3.12631536992851	1.30412090863206
did:plc:2ht4xr36odx2pinifom7v3dz	3.63248852573076	1.74085871802579
did:plc:2hxxraat3fprqvjpm6fb4x7j	4.88493242864051	1.54172648340567
did:plc:2hyf4yuutbwngep5m75276c3	4.09490800764419	1.5774783438267
did:plc:2i6bfk6xvsj4araci3vgvlkd	6.2264698007897	0.874811035402491
did:plc:2idzrndnfqvlc5sd3ypztbdo	3.46682522130244	1.7948587104309
did:plc:2iouaup3td34tmu2rwxtkvgv	3.26000988195872	1.61202856938058
did:plc:2j2ejtmurgj25iacih2o3wdj	3.37499781328846	1.36987900478729
did:plc:2j4tre3r53gzdz6lncqtum36	3.52295826589965	1.65956236196595
did:plc:2jb22gib3f2cfgrvx6cpc2kr	3.85442777530576	1.37873868987625
did:plc:2jf3yjc7fzmkatgrzftj7yft	3.70222140951252	1.33552349761105
did:plc:2jqhktmda3nbedb7segvot4h	3.11659567310017	1.34727316034707
did:plc:2jrcfsphevwlvvf4hogdivq7	3.74039571277528	1.49113878588387
did:plc:2jt7ewauqcpbeyqi7rqpcdek	4.41462775797828	1.40601846071875
did:plc:2jtfbuk45lasgppbokwsuf7u	2.85808768250318	1.51250067046671
did:plc:2jtffkrgjrrtb5nlfb3nclzt	3.39729664017339	1.33830600905971
did:plc:2jtvxblroeu2twmjcfjvnq7b	4.22517434052546	1.10151532541182
did:plc:2jub6s2upv5zzwjyb4cyx2xq	4.18287024064192	0.918231927154309
did:plc:2k45lv5jt26zdsix37lqziie	3.54473490502255	1.67998082306764
did:plc:2k56xrpw235z7nf5sy5efyit	4.10868619340237	1.63853244129769
did:plc:2k6aewhhpum6jhsltacy6zxj	5.21680930714932	1.38277616980378
did:plc:2k6vxlxke6bocn4egcnwzxwu	3.35316696884534	1.55081191442408
did:plc:2kehafz5dwavq5kiz2nxisro	4.88478195731218	1.21994300920284
did:plc:2khkfrtuomsixyn5t6y4y2j3	3.09413954277979	1.93533258592871
did:plc:2kmahgtv5ue6ocqusel42oph	3.66466531583801	1.51039979515039
did:plc:2korugzox5bwutd76bwmgq7k	5.51770589871526	0.876415531166997
did:plc:2ksz3krcezaqkn3sgyphg2cs	3.83913296256234	1.66518701389942
did:plc:2kvzbyb47llx34vdrxlz6mvl	3.43509619944561	1.49171637489443
did:plc:2kwo23sqayps2joix4wuomsg	2.49997201814277	1.62856314896185
did:plc:2l2z64r56ubrpo4wcq3gucpg	2.98624742622287	1.86977174892708
did:plc:2l3av3rzxxkzu54ts2xvvxuo	3.93706464576901	1.38151263283291
did:plc:2l4izgp6z5vpo7f4g65uzerj	5.69725042447538	0.69475813978378
did:plc:2l5zi65kellj7verawukcmli	3.48562417295491	1.60371169849972
did:plc:2l7dhzyvvru6vo7mncx5fepf	3.15037020391214	1.58832942678493
did:plc:2l7yecagdoswffsjpsqua4fp	3.87841380196301	1.38709063534215
did:plc:2lenmfnged5gwa5ki5mar65p	5.66665003689014	0.877976635540762
did:plc:2lftofk54c352tutjtlpmifb	3.45406944018627	1.41051566452868
did:plc:2lgxe3nh72x2ovj6bmoy6f43	3.8607028358387	1.2653448527261
did:plc:2lhj7a47dcsnfohuugl7j6cb	3.58964320606022	1.328737555747
did:plc:2lk7ylfjaglc6nbhonfhzdij	3.50033836630944	1.36470856278859
did:plc:2lpa57hdqtwmp2av5ljnxjc7	5.18017789141544	1.15298408831679
did:plc:2lsmqs5q6kheypemqzwbkqp7	3.93272846602751	1.40097706127594
did:plc:2lvlgask62vc6ts6obvuwynj	3.43098564245567	1.48294860116443
did:plc:2m3svvlkj3dwo4yvtzjfgxxq	3.41965168560358	1.68185615701722
did:plc:2ma2idcmpjukdqdempoqqwuv	3.44772915572669	1.60454778151525
did:plc:2mbw5kee6f7bbg7a3cwgp2yi	3.43483708532328	1.55749454624104
did:plc:2mpelz3eyev67wvkuih7rzbd	5.97090837655726	1.05171913129681
did:plc:2mvkdyhyl66huih5erwulffm	4.09558506941072	1.44185335510361
did:plc:2mza2tomvyzw36x7c4lgpr2o	4.66061451507609	1.17680396748328
did:plc:2mzbjqp25okpxe64pdj5igrb	3.356009366694	1.42414622538314
did:plc:2n3cqeiw5g2eyhjnnswwbhko	4.02023157752549	1.45731406317286
did:plc:2n3vbd7hdxb4rtvgxakpo7rw	3.57001041573533	1.68356667497661
did:plc:2n53jyzkdk4lkrobzxl7tezi	3.50956922505067	1.50554462615703
did:plc:2nlzexbhl5ehelwkntntspf4	4.51406515126704	1.77589284909829
did:plc:2nmkvvu2kgcvwb3c3ga6g2yq	3.64593993120346	1.68546997075842
did:plc:2nncgscrsfzfdga7pu4tg2s6	3.55058846967271	1.49534342765508
did:plc:2nu224fu5whkiitpahr6nhe6	3.90375342993803	1.33710131666169
did:plc:2nzfghfxnwhngtmidgjtdci2	3.71331245496393	1.4515770503436
did:plc:2o2gnbmwylm5nuxsnav4gj55	2.66537079508984	1.24475391579799
did:plc:2o2qu3yeck64eqc2kogj6bls	4.30073602581293	1.48763006162867
did:plc:2o466xp6c3skvgohmzgdofb4	3.94349389357473	1.56670524690322
did:plc:2o6jrsnbpqntatpe3lt2k6kw	4.1331036755252	1.50088577947716
did:plc:2o7oy5n4tpz4hiacdsjogwyc	2.86890322393143	1.46163357804278
did:plc:2omvmkcmsgkcevzsenbrgsat	2.2932732952948	1.43117254079453
did:plc:2ooqwumbcdwpmwdpoevo4yjk	2.73620381015886	1.58562194104881
did:plc:2orixlyd3ne2w765zrzf446t	3.27631202962982	1.62393271853725
did:plc:2osjio7mipkvbowv5yw6xeg6	3.93551280374922	1.40320649005877
did:plc:2p2wwtgwdschvohnfn25los3	3.35675402263314	1.92073294638894
did:plc:2p4nrqcttda3asuadlpst4po	3.85633307185172	1.55022335353383
did:plc:2paf47wfpd2dopudwmptsgzq	3.16783197902656	1.88314627969055
did:plc:2peokmtjhl25zflu4o2tde72	3.41272750251804	1.21890181456831
did:plc:2pflhvr2ckbpinjlfurq4ey4	3.30033840550693	2.0094948505004
did:plc:2phdvo6gu4nsbxqelvqrqhqe	3.554435362551	1.44391676838367
did:plc:2pjh3iwaxnwjcnmz5sebsq6r	3.27750076704006	1.53221664726717
did:plc:2pjkti2stwcyifhxtyi2adh4	4.14017790088327	1.41060825963141
did:plc:2pllx7fhuuo4co7ybzqlwepe	3.98982876988942	1.25262525379023
did:plc:2pv6hfvcxgndy4lqtphrizsx	5.40356439704583	0.759205298168151
did:plc:2pwflekhstxkcvjujwa4v2mq	3.08912234629085	1.65824531023854
did:plc:2q245rk5bgckrp7g5dwrdsxm	4.13437235866322	1.43773895390914
did:plc:2q2hury72sdetipjbl6w65ci	2.80563646302422	1.82109465846888
did:plc:2q2sd3enss3domgu75cbb7te	3.71257037138098	1.88785255769803
did:plc:2qcvlnkaucz2vdepmxvxyovw	2.58125325333497	1.63567005400728
did:plc:2qnen2f364chxvmjlh6xiyel	3.09855271231303	1.82978814478655
did:plc:2qp6xgwqtxd5dil2q4gwxm7o	3.15036426543849	1.80168551655652
did:plc:2qvpryen3vbidh25vqpz7zgg	3.86225710216169	1.32802073393279
did:plc:2r6kd2clxbadom5x6nksparx	3.41054087233275	1.84502879370735
did:plc:2r6kgbsy57ccbmgn24pqwcgh	5.23031246015086	0.432802346084788
did:plc:2rmyny636ftkpfw366u4ozj4	3.85720402583739	1.43252930609164
did:plc:2rrzwmbqdxm7gll65i7r3ons	3.22973822665756	2.00806529531649
did:plc:2rsctfhevbiuyhwmglfyun5r	5.67621119435438	1.13300175993643
did:plc:2sci5y4qjppilippbteotcgx	2.50418603619656	1.56265776606933
did:plc:2sdbhoa5xczrx6b6svhcdlfq	5.02227040452662	1.08072590449421
did:plc:2seacnm34vz3y3tfoo3pe7en	3.73655603224232	1.39750672270465
did:plc:2sejbsgrnsr2b5feo2ox45gr	3.25201944984101	1.04993111009793
did:plc:2sgjbguzan2exkdbzcxqmnqi	2.7184676489066	1.72099620679858
did:plc:2sl2ak4kowb6livocz7kyprd	3.44295001577519	1.33296719543899
did:plc:2sm6uait3tsks3suqeq7q74k	3.24056695214343	1.42930591326387
did:plc:2smxtsphrztnpe3le4fua426	3.27398369472984	1.35730121833992
did:plc:2snxsa5duga2tnczzsk6lbl4	5.46584956926105	1.54085195786494
did:plc:2srs432erhseatt344smuh5d	3.67462864690752	1.29561168363137
did:plc:2sxlhru42q7uuy3pioot7gtk	3.4980200235512	1.55097579064313
did:plc:2sz7lzabaabo52nd2p2h722t	5.39650315498261	0.734008920277796
did:plc:2t4cshnbz367eamltcyhqfen	4.42592524572545	1.32446408071999
did:plc:2t5q4rapfpz3kcwyzljwwpx6	3.23590803854727	2.03172582806732
did:plc:2taeetoq6xm6peaiqmhjbb53	2.84033403118401	1.45485990194415
did:plc:2tbelxg2foqbld4eagu5owbm	4.29063239686277	0.920693084777488
did:plc:2thtyranruysr3zm5bwf7j4y	4.431888658921	1.14569885541472
did:plc:2tlkluigvozr2sp2eble5a75	5.78915332843325	0.948560632453885
did:plc:2tob4b73skdzgjlehiyzq5nx	3.96378541272468	1.74734564061499
did:plc:2u3swnhb4if5jjt5rghh72jp	3.66906779226683	1.42465880241462
did:plc:2u3u25jo2eqgdsnuw4fnwq2e	4.01767089741998	1.09686658996014
did:plc:2u4t3rnsvth7c5idaktrdywa	3.56964758449483	1.69878867064403
did:plc:2u6uocxdlhxifw7qcxvzfdwg	2.74907465909832	1.64923906813086
did:plc:2u7lqvtj52jrhhrjm7umshwb	3.9839981560705	1.75969093232915
did:plc:2ujtbmereqphqydptsfnqvxv	3.91079699488111	1.76656169709373
did:plc:2ulm4tcrthg3zjjt3ljxogmn	4.31492170293751	1.38093486765968
did:plc:2un4kn6v4y6gxfflsi6gi3ak	3.1469884691135	1.33480279908442
did:plc:2upk3t4bf3ddfhkx3e3ip2cz	3.01783809270514	1.89215312865136
did:plc:2uvi43hpupgrdv5s5hf5ip7f	4.90997487632027	1.34835901452064
did:plc:2uw4dqzg5j6q43xx4z4xwz7d	4.45221970113516	1.51543301472747
did:plc:2uwgbefw3x4igvmsrylse62b	3.77240943457146	1.6652562421485
did:plc:2uy6e4fplc5rd3f6vxcvyxi3	3.55772109309239	1.36711488093568
did:plc:2v3nty64phcdflve5qspsm4v	3.16087342302467	1.57399460547074
did:plc:2vgehemmy7vfc5hoi3n7kc6u	3.50668556839922	1.46854392069708
did:plc:2vittho2kzrianmhj4xrduua	3.56896636694857	1.16631058088735
did:plc:2vj7tcudjeudf6iokmsvisms	4.42493383379115	1.20045659333593
did:plc:2vw325it57ve4ppddfwf7aco	3.33934269727477	1.59582067821775
did:plc:2vxti5td3tdwrqidmbbhj3wn	3.03686447169696	1.44606299666532
did:plc:2w6kdpabzo3xxvlemwy4cdik	5.13555602880647	0.835869585114758
did:plc:2wetelynf7h43egchgy2yksc	4.32498189331932	1.58109808418532
did:plc:2wgh3ra4ul72ppmnrh2c55ka	3.94987008374824	1.47438273031255
did:plc:2wiitvf25uesnh6v2pxw4cy3	4.41714520148498	1.29529199042696
did:plc:2wjog5dz5z5w4hkeeyipwtmj	3.64396321352689	1.48661526636678
did:plc:2wk32ior7nbrc6jf6vum37kt	3.64316938360606	1.62583447361467
did:plc:2wk4abu73xqjphnspowbpz4g	4.27210583671268	1.31618474631333
did:plc:2wkbxpknzkzn5s7erjyhewpi	4.01057620046846	1.23233224818333
did:plc:2wnay6p57wwvwaxdantfhke4	3.41949313571409	1.53478673088494
did:plc:2ws4tr7rui2r4f6owdnwa7km	3.76038292230078	1.55381757454421
did:plc:2wwlee7ebaxut4weui3kvxbi	3.19782589658796	1.62239967433421
did:plc:2x56tudp4dnanskliv2fkyl7	3.10034911582208	1.48703871246478
did:plc:2xfcditkc5tcxcazsbsqmp2w	3.85633281974274	1.38176350890674
did:plc:2xgr42khac5hvt7ub3ss2hr6	4.03822289361756	2.05391030874706
did:plc:2xisupj43xdq7uvffzigis5p	2.77443670316973	1.40321478552896
did:plc:2xjptuug6zgeo6cc4lmespaa	3.76879313317509	1.54563575924762
did:plc:2xkijm3f3njnsjrtext6c7gp	4.3096927595441	1.52326792579538
did:plc:2xlijdl363ucmsc6mpagdbxh	3.42813773580786	1.43413470153339
did:plc:2xmonjzvny5w6amiuamjtovs	4.35869858354418	1.93989599121971
did:plc:2xq5jzeak5cawxqrf7u6ovwx	4.47792718713789	1.34845150563843
did:plc:2xqifqi2vio6v2gs6hdrr7hv	1.45187202700154	0.896136746014482
did:plc:2xrd3dx5rggcsttr4gd44ijo	3.6336259280927	1.15239666652144
did:plc:2xszdzpklbyj3chduw2fkxcf	3.09541629724092	1.45220230040175
did:plc:2xtjxdtdudhcot4gj5mv7gtd	4.07668344065651	1.16408382699124
did:plc:2xuw7whvbxpxorssvuh3nunb	3.7171881730663	1.22376306002709
did:plc:2xzfgruoi7pwvb5ze67bkeld	3.95760776373737	1.34033799394932
did:plc:2y6ctemawghi2r426pip4ofq	3.69094884137436	1.50395271993351
did:plc:2y6cussabpm2cauths3sr4av	3.70961782445769	1.49322632690012
did:plc:2ys35qzvc265dtaltqdmgxcm	3.87200053248035	1.22351603825631
did:plc:2ys7g6jmklyasvf5zbcrfjso	5.32360075126271	1.73903187545603
did:plc:2yz2txla76nnc55iri4uvoxe	5.37594147637275	0.779419560122314
did:plc:2z3ntsucsnmuyqepwiqznzp6	3.20151410259072	1.94306879397943
did:plc:2z5724m7eeombpnjmcbgnjbu	4.00047048997637	1.55893876454828
did:plc:2z5bbcybynabkkgay4rwnimm	4.05298676720057	1.69844097081124
did:plc:2z74h6czrckf7st3behveiti	3.07857567363148	1.76719244223726
did:plc:2zaxpa3kvgvyb42rvu4r5jrl	5.45879665220164	1.05931394446768
did:plc:2zb5gw7vgclzs2x54lj2kcmy	3.29643832968217	1.99418330553417
did:plc:2zcbgd6ktqk5vkidraattchz	3.70347007145443	1.54421529663587
did:plc:2zncxwenu4rlg3oxos5lhesa	3.53279302607164	1.97771221974603
did:plc:2zzc7n7okzz2zqmibhb6l2dt	3.88159723347462	1.49531538949697
did:plc:322y3w5mc34p5hfdj4rt2sac	3.32078205034582	1.60746102061189
did:plc:326bo33o45kvh45fjtl4edtz	3.26743953186735	1.79277495193163
did:plc:32hbf5kkmbozaabx6ydckmiz	3.87530450335042	1.41288716529971
did:plc:32tsru35yqoslpfqvvrfsp4b	3.35133000305697	1.52836532535316
did:plc:332acvltei4z3umqydft5qwp	3.98632040821763	1.34129425442652
did:plc:333w4j7x5rwfgwlztcrqwg2g	2.82614414161147	1.69087421917528
did:plc:33cwifa4x2sxffsfq3swcyqf	3.61812180142173	1.40728684562839
did:plc:33gpsfkffilm52y7hkeujgob	3.02405393093729	1.80808512292695
did:plc:33hryu7isteh2h7bvukppxdk	4.11647562834393	1.59346921765551
did:plc:33jklpcltvr6narf362edr33	5.1509299699013	1.14881438157039
did:plc:33pzttt4a6e23i2tmtis6v6h	3.86997402863282	1.14003861649967
did:plc:346yubikds6g6545nml45nnq	5.02352683147999	1.49471051378239
did:plc:34gdbfvvpbjxnn4jk7nfou4f	4.15860457492925	1.18936093633657
did:plc:34neqey2spt6p7waipw74tuq	3.90536383067515	2.05841721499168
did:plc:34prgbbebxrv37dw5c4fc7lh	4.17658530519892	1.61055390977072
did:plc:34v7qffwmdkfxyj5lt3uc45o	3.02372856448067	1.50735102661744
did:plc:34w6p2nygxpqkiqbkrnq56ip	6.91877982558398	1.05841532364484
did:plc:34ynzcud33zcjua6tsgnwm2w	3.64140844775493	1.40599838254411
did:plc:34yzvxvcluoeegw2tde5jubz	4.307872588534	1.41189652244015
did:plc:352d2w22tqqrs6ukvetauzav	3.09276559321277	1.36672157647804
did:plc:3544l3lwplnoxbhairbnggty	3.37136906092379	1.41947894730503
did:plc:354pwxcvqzzvnvh5i3s3pdih	2.39763233829626	1.57414126538663
did:plc:35crojyvgomz3c6i7jicvv35	3.80369369277123	1.55374188887913
did:plc:35dyf47y5lhhlx75nwgjjydx	3.48450868363307	1.18551171978698
did:plc:35fxcxt3epfcccfvampmp7dr	3.94420275543882	1.38919883020653
did:plc:35okgytgb6yxuzuqxv44wikp	4.2240716902009	1.37136097605537
did:plc:364mogrndn3ukbtgs63rbqjo	3.48521975170623	1.59023862206494
did:plc:367v46iwlsht23iyx2x6ypcc	4.08897050650408	1.60113235373087
did:plc:36d77ykr6nxtoiqx2fmwqfit	3.77945706674026	1.93729181165963
did:plc:36hj5tzbk5vyf3w35bsgyoit	3.64835912891298	1.66840100412959
did:plc:36mxmvvt6rk6mc3otbureswb	2.90028785260483	1.56469559087373
did:plc:36pzwozawiqkl4diujhdsiph	4.14578858704737	0.953745770057509
did:plc:36q5zpmyvi4cwblhtngfaznq	3.92875201095587	1.52868580588928
did:plc:36rmhemnvatpiiyfrmpvn4a6	3.51461254400812	1.35905054800197
did:plc:36ummi52o7wcbweertd4nouk	4.54001225877158	1.10112289840271
did:plc:36y7drzpwcjyh4z2gaxiebot	3.00755131527127	1.58726381789427
did:plc:375ovdjr3ikzlhu2zfo5gab2	2.61188827227007	1.35020580323816
did:plc:37axzqk7segf3ovvagwooer3	3.6779323561066	1.51034765185305
did:plc:37bnqfcfn34ponhpvy4mjtnu	4.4453248234358	1.44122489310829
did:plc:37grdp4tpt4xwvyeotoiv4v4	5.28356774545805	0.856837816346767
did:plc:37jcnuaabqa5ozktj57pk42n	3.7279085333212	1.39906746889935
did:plc:37kigaobcvkuk3xfzhbtcol3	3.4665298058002	2.26617746774971
did:plc:37r3hzrhzdprpcjbqxqmysv3	6.59229629748068	1.18390731218817
did:plc:37x5mqasnh5myqo2nk7yk5sb	3.00672668418617	1.69608460299572
did:plc:3a2zad2xsbeqc55ywny3tlon	3.96468090479057	1.56762387019555
did:plc:3abbjm5o32etcityua5266vn	6.09083980709719	1.08951451623861
did:plc:3aem2uy7ttcsqgu25lci4ymw	3.40474284998999	1.79503977018976
did:plc:3ahe76545xgywzkegtfvp6ms	4.03901482228358	1.57230600382764
did:plc:3ajswevqmaxkquwrepg266sf	3.83330364021213	1.43565346996925
did:plc:3ao6m4mzky7kzsvyhzyznpbq	3.47744944634212	1.93390625149377
did:plc:3arlxtvabxv6o5x7l3ske735	3.89599416622244	1.4575614552785
did:plc:3ascb4rr5q7wnc64n6v5lotv	3.56733348475332	1.45428320918366
did:plc:3audnvkd4ea2bgmdis4zeww2	3.59637225974217	1.88626523435959
did:plc:3axjs6atsiip2qxsvardq2io	5.12768037277168	0.976690268360814
did:plc:3b2boxdc7aka2kwxzbadmneq	4.78585274723682	1.13523619424473
did:plc:3b3utfaopltchaljdqriqddl	4.33652437959873	1.25691326609875
did:plc:3b4qe3xsp4mjw4vwwxd52f65	3.65287186437684	1.6148685583096
did:plc:3b63sx77otxw5rcxz2xtxg7h	3.24288115230294	2.02075652148342
did:plc:3b66ej6hhy5melg4nafnroih	3.35064949976989	1.73074107280327
did:plc:3b74ts4ihq4mhdr7pvmklmrn	4.38399937423653	1.57933384418476
did:plc:3bgvzyuuumfdkbrt2my7ddgb	3.81081199765437	1.69279199477449
did:plc:3bitspxgm35t3ad4np5njm7d	3.34754760918134	1.44358055112751
did:plc:3bkhetn6cdzd5gn7g6tgshll	3.79998247508033	1.05516895707446
did:plc:3bnvewjw34jpmk7vrccd34o3	4.37629348513508	1.46566356099391
did:plc:3bopph7l3rddfdgwgvdoh3ly	3.29691501124746	1.65643416774716
did:plc:3brg3tkarfmhgddu4pmgjbkq	3.43727332822287	2.24437840398865
did:plc:3buzwnsw3lazmnksgqlpwsiw	4.65367205991082	1.39818620373021
did:plc:3bxc6vjier4bt3g4v3yqwnci	3.46822070527373	1.59651975399025
did:plc:3cex2fq4hvytbi4qgh7dpg4w	3.52084562965399	1.37182257824429
did:plc:3cg3b7gw3uu4amdmbezzxsp3	3.22117187068928	1.59755518282254
did:plc:3cj74xtgr3m6cqsy2jgvwwnu	3.77202091599725	1.88697242061165
did:plc:3cmlsvt4dht2remajtn7x56k	4.72828346710908	1.59028299637305
did:plc:3co3it7g5yszsiezwgh3hzb4	4.41969366539182	1.40704640281363
did:plc:3cofmu6avjro6nnn5monu4u4	3.56861126885418	1.61627315271502
did:plc:3cpt2cwdbxzbj2imymv424go	4.19275538294799	1.24074431400955
did:plc:3csn26qezpqcewpgnil6ymg6	5.93604220344618	0.980702141288269
did:plc:3cx4gy3xjtewqplgynvroft6	3.83287502722141	1.52998237888409
did:plc:3d4siujou25ttbxxxs4mtoly	5.83139904793239	0.792900913575618
did:plc:3df2zdc47bn3sxlmf2zksukp	3.3520117604266	1.67234024910366
did:plc:3dil2ofvtgs2hfdzoermv3s6	4.05861968414852	1.16967253428696
did:plc:3djevxq3hs3awqut7jkbgm2p	4.42800741451595	1.18367931351246
did:plc:3djij3owa4vo72o5iob3pjjr	3.3848534541992	1.45821203421283
did:plc:3dntth5evs3hadule7zqknvn	3.75479570771008	1.12761234022417
did:plc:3doaa2mzheyxffyxbfgf6kk4	3.89628368530165	1.38054837100865
did:plc:3dr4ualyrnhjb5znqqphbneb	5.03449079385444	1.07234286782349
did:plc:3dxfxf5zzbrx55by6loo2d2r	3.34378688428304	1.1784554230425
did:plc:3eau2v52e5anyo76sfvq7xhc	4.28904478436438	1.28290578132308
did:plc:3ehvi5mv2ffwfj4u5f5snpyj	3.59167135901361	1.59383149521585
did:plc:3ejjporknvc4y6oi3xlghnqv	3.96801078147739	1.70505074116584
did:plc:3emyytzhkfddhxvnvvjeuu6t	4.14422252019716	1.40163722210748
did:plc:3eszzlw3wwsrrvqwskrdxz4h	5.22764877118312	1.14476228082845
did:plc:3eu47y7hme4oang6vnyai2bz	4.3307390869656	1.37871931147903
did:plc:3ezcwsgffiqpm5xelsveecrl	3.54662020839003	1.80485192849045
did:plc:3f6tdrgxep7lo4k2r5qhv77e	2.7653826794521	1.05836250383159
did:plc:3f75m7djlurt76loysrenn3w	3.83921134218046	1.65378871557051
did:plc:3fgfgmrk2v6u7atdo6l7snv6	3.30889124381745	1.93322761266862
did:plc:3fgfzxb7qyd7shaahs2344o6	3.98786772193538	1.21737498986475
did:plc:3fgwoop4hsoaq6xxrsy7tnsr	2.88200526196789	1.71636667383162
did:plc:3fk7a6nkfkfgwn3qvbyxknxc	3.09683662114821	1.13378878437155
did:plc:3froctrbpbpod52pzaq42wyk	5.35434996135487	1.13227834776691
did:plc:3fubotlhqwyuzvfifyi7675c	3.52510668940163	1.47226874991181
did:plc:3fww3zbunviwspk75547t7uw	3.11518815934238	1.50059415528619
did:plc:3g3zbthgiuy7kpc2ggbobewk	2.52217906360859	1.17588832312221
did:plc:3g4krtqlo43n5vzoimmlnkpz	4.90518538525612	1.18238213957844
did:plc:3g5wsqrjq45gscsytu5buhh6	4.87395486597522	1.32659123881578
did:plc:3gbhxfllvrtjvav7cjmpljls	3.14711017891347	1.77698728831249
did:plc:3gcflvcgy7lze2rcfl7eqv2z	3.88113661607852	1.56087811661937
did:plc:3gdbxffbtzgho6o7b2xz6yxn	3.73079161707707	1.52682428999572
did:plc:3grulhkstcllk3osodf3sud3	4.04335668571609	1.46050274583201
did:plc:3gtviveassbnf4ikgtsqgj3t	3.6158256278075	1.40885131504064
did:plc:3gzlqlvnhjtgbd6kwnncrn4h	3.66554821710923	1.30996932229167
did:plc:3hal5lrkxb3ypfqhdd2wujzk	3.68424028098712	1.59622614503105
did:plc:3hd5ykhtyionbbfgokjz4pp6	3.1656577851662	1.99788137159671
did:plc:3hi2ogszjfgf5h6eytn4p3vd	4.62864473308981	1.34653385402806
did:plc:3hoe5vcz7ez3nnkq4ftkuqqe	4.32169797616139	1.56128831742247
did:plc:3hrhbqhhqhjbsctb4nbezwfo	6.74487026309076	1.10535121512212
did:plc:3huv4anvkhxun6p7me3g42nv	3.24743546058091	1.56025597607895
did:plc:3i3zcmffslipw4nqnny3nnvl	3.49657007244474	1.47588144805726
did:plc:3i6ufnhlwddfez47msmcmajj	3.81572984540351	1.32983550702519
did:plc:3iexwels2pfniquuvldeeuwq	4.12643074816731	1.72742921804893
did:plc:3ijzfhb5muilbeppyq7ltrch	3.90384247211458	1.39542104265721
did:plc:3imhavozmr6u6dlcnbo2g43r	3.95919526402346	1.67633536718267
did:plc:3iny4hn4jibnohvlryjevrtp	4.36465443294607	1.11497635550689
did:plc:3iug3kpok7phruhtmrrmaxdy	3.39260120209046	1.71803330826485
did:plc:3j7mpq2wnjmlme6k77xdsivc	3.52761621566052	1.51342340115065
did:plc:3je6bkklx7n6kyud3s5ronyk	4.15967651394739	1.01570317125626
did:plc:3jfiifs5ay6kobkutfwoal45	5.00804902795839	1.44771111019605
did:plc:3jfxopb2byio5igt6cmzju7d	4.25075223531122	1.53760120149378
did:plc:3jqfpuy7glmlssuufn727gdo	3.69667760810876	1.11958373389146
did:plc:3judfjtr342mlrhlkc57dehk	6.91053128180494	1.06829776909911
did:plc:3juricdovpo5npa6rncicmi7	3.95775828713839	1.19516340059766
did:plc:3jvqg63hdx4y7jkqrpgean3u	4.38863925041789	1.06145866722474
did:plc:3ke3fuk4gdurwax7ti2h6iwi	3.47928731664629	1.54751352904116
did:plc:3kmy26ou6rpwc7t4p36hk3u7	3.60579063997573	1.81885476694927
did:plc:3kth3m7jqr6pcokbrjeatztx	3.75418163553907	1.09125258620411
did:plc:3ktxgtqx7lneyg4rxqqnnvck	4.00567715806713	1.8843404410613
did:plc:3kwgwjuxp55um5lnqdbxwfcj	3.53386327241838	1.61316902404422
did:plc:3lbg2eud6bbc4myreq6huckt	3.17558700615627	1.39116726274067
did:plc:3lcmedxtqgg72d4ag57go72w	3.15163289475185	1.91234102370584
did:plc:3lfwmobkhpfkan6wpb55osft	2.82784192944438	1.83575494965403
did:plc:3lljiwczgnqihgsb27pcksd3	3.09417912658949	1.77807639720362
did:plc:3lqqonsz3l7j6ug7jqzwnmn5	3.43700416141937	1.82236635843124
did:plc:3ls6f6shgtrivxbz4exjdzlk	4.17605885330178	1.61242038702772
did:plc:3lsvp43b7qwhe5avtw3wffke	3.88112707560481	1.45597579586944
did:plc:3lvlqhqgmwtkjpzopefiai26	6.39483275229789	1.20427824502823
did:plc:3m4haoxsc6wkwsptlyrzk5im	3.90009627214456	2.0921382582419
did:plc:3m6wfsoqsqf7uo3nl66cbleu	3.88925843981782	1.29282541114844
did:plc:3mg65ot64u3am3ziyxn6hejo	4.48597764903671	1.14993966618699
did:plc:3mjslpqdhvkqp6phva6x6qor	0.709431013713296	0.349688753956377
did:plc:3mk42zwzkmewb2rr7g6ksutd	3.53882263321324	1.88080132890959
did:plc:3mlrwsjdtdrxnmra5bcuq2bs	4.07480466852152	1.18142768250184
did:plc:3mortzkhbdaflujt72k7z4xo	3.11040238294889	1.8530334676792
did:plc:3mpphlb4qlwljbt7gwxc2ytf	4.30856732528247	1.07001670499938
did:plc:3n6ennbcygzfyouxj4npjnqh	4.62371321719869	1.68972885725472
did:plc:3na46xailx5ccmsjxw2qg6ez	3.82452796298527	1.28936222372661
did:plc:3ndi5eixg4zlyptkpmfdvcrm	2.77177182300041	1.73861828424241
did:plc:3nmfoph6ogpvuwkuixl2jgf2	3.75879349397221	1.56588243678565
did:plc:3noyc7ehomh3spkpahov7gcr	3.69291789310554	1.74779135253638
did:plc:3nqqplfi52qrvxt2biq7ukyo	5.55286053595908	0.961443156795747
did:plc:3o4w3rmwaiojlzk7f5f7b5xc	3.71961020613462	1.44558056421947
did:plc:3o6hqawdvlai6hh5pqjreq2o	3.11318703006111	1.54142732514071
did:plc:3o6rpo65nbey3eodwa3rydcy	3.24596832801424	1.26464630588697
did:plc:3oewfitcsgb4q7pidkxueixt	3.18363954729648	1.76056938211647
did:plc:3okdf7tswh7xsi7cnxla6c6x	3.74945000782927	1.35387937573982
did:plc:3on74kf6xltnupvknxzvf4xr	2.51966079784166	1.36780079800818
did:plc:3ozi7hi5yxmg5lcxcbjk6j5a	3.60161531648452	1.5819971840196
did:plc:3peqnrdmgdkpb3k5uvvl2gto	5.99621873073396	0.835077356282284
did:plc:3phkjqmbv6ps44roongil5eg	3.97706699898451	1.50193592463949
did:plc:3phxuta5ceqgrgjibo7zrmxh	3.01930910169303	1.4693190827639
did:plc:3pkb5hnk52qnkzslijcmyfvz	3.58882197806715	1.08556122463491
did:plc:3ps6blnij7frkfzfvc2j3c6a	4.40795956074036	1.25097788406196
did:plc:3pwbfx4upjllxnibg4lugyip	2.97960645517034	0.994122496740993
did:plc:3q5krng3t2gs6tr3pr2fsxow	4.05225649088286	1.44287476582706
did:plc:3qig4bgdr6earyja37vizcyz	3.15598547098147	1.51895563019095
did:plc:3qjlq3tfefpmqaxgurlgonjb	3.07065625928465	1.59436651027395
did:plc:3qp6di7ta5zb7cyo5mpl3f2q	3.36625982972186	1.45575789752315
did:plc:3qtvbxexgcj6lwttq5bjliy6	3.98390502985319	1.68239169351482
did:plc:3quust7x24spum73y5w7pa63	3.90121753554893	1.27227316424977
did:plc:3qvn7oinyly4vegjmrh6squ5	4.22083017684027	1.54512194801046
did:plc:3qym7p6iwxvydgwfcyrdapnb	3.32153137313401	1.30643048248096
did:plc:3r7bdalo4spanrpcirq7q2mh	3.72940364644615	1.53764911220228
did:plc:3rbz7m3egj2l4jfjus5gabub	4.14974121142823	1.03106923995232
did:plc:3rl3xtjypdrgcl5npeebqm23	2.52861388441804	1.63348603261598
did:plc:3rlesfafdiimgplo4gtswvy3	3.05422119890221	1.36391376172473
did:plc:3rmvhbcv6o2drswvdt766omf	5.42651674522058	1.92815355618735
did:plc:3rs7qzhw6ogrh2gaxbc62cbl	2.93399379199512	1.73670672751459
did:plc:3rulc5p43wqtlk63knnxo24a	3.41956580097455	1.57807519292498
did:plc:3rv4zdcgu4dpjrgczlbjz6zc	2.90445946358015	1.2347839673927
did:plc:3ryzb5al5kjpnqdcuchhubjx	3.58915650643678	1.58217730482199
did:plc:3s4p5w3xfr2ghtn22sqsplad	3.62364732470276	1.70904502773786
did:plc:3s5snpo27erjieqoikmcopnp	3.50389853460228	1.32297097082757
did:plc:3sapfnszmvjc6wa4ml3ybkwb	3.93845455017701	1.36137511265307
did:plc:3sgubsfam4jutxy2dv2ufkpn	4.29975330819643	1.38315965836867
did:plc:3siiezjriytigpzt3nffuls2	3.65369632127852	1.61933606541605
did:plc:3sjqbnzei6tnq4xind4enxjb	3.17998834319801	1.34693528870607
did:plc:3sjr7we7qrqmncbd5o73hqah	3.75400604224769	1.57465829697761
did:plc:3sm34cyyhizzrevma5vt4yil	4.45264042803814	1.28785046523992
did:plc:3ssgvzeaaf7kasnl4oqff4ga	3.95043047676839	1.40639042542547
did:plc:3st44ef7bodglbuzzvn6nplk	3.95444166405264	1.29434345646608
did:plc:3stusphsxxv5a5t4t2bjnicg	4.23371547388563	1.33141320528018
did:plc:3su6bjnfzcpshsm6hjw4hhud	3.59994165207666	1.39663992182122
did:plc:3svqoqrhemmhpyxgczx3m4pw	3.67545445753113	1.65527355175029
did:plc:3swzt4i5bbkv2gqaawttx6un	2.24294604102748	1.11199365359614
did:plc:3symfsmho5fqu4vvdg73bwh7	3.73025374537717	1.42715307003693
did:plc:3sys4g6upc3iwbafrjbrxm2t	3.75768301096639	1.3997599305494
did:plc:3t3bcntmee2x2gian2el4m22	4.0800431931195	1.01017447504592
did:plc:3t6gafv7nlqkkiunpuby6eeu	3.25425466701385	1.56940289410105
did:plc:3tqdd7dwm37dlvzoce6lnnxr	3.45756597136158	1.32681920107558
did:plc:3tujy5nn3cxeq2g52kqcylqm	3.64608002906765	1.55609274166934
did:plc:3ty4fxsc3bgypw6ls5f3syug	3.59263817396911	1.56007182269111
did:plc:3uabbibergq2p4mdwhmoweaz	3.15423250326131	1.53825163853301
did:plc:3ub2y7orvnxl4neqw7zg2lpl	3.17758511918879	1.88812821137425
did:plc:3ukp4dmlmwqjf6hos6vrdrk7	3.55905722826197	1.70098393262362
did:plc:3umavhuib4hodqdikmgto35t	3.46331919150732	1.12741916917759
did:plc:3uwuez6vf6x4q4vwk65jjah7	3.89095218802496	1.59199702345863
did:plc:3v2f3ziwuubh6gmqljrb73gh	2.78554271515687	1.80906648464157
did:plc:3v5qavrpkwsryk5nyunxhd3r	4.453143352156	1.61880945725917
did:plc:3v6ky3lnij6e5egpzneww6gx	3.3413679432227	1.1788447810681
did:plc:3vgusowcf2ka3lmxyrxb7ltb	5.04090761140565	1.13902421286561
did:plc:3vjlo6n6ndkuqrmxwr7zc7ow	3.39732329296611	1.7461590658668
did:plc:3vkuazpwklx372jxn3wtdgrk	0.915798204160328	0.563306329685504
did:plc:3vopdivv7dhpehcaij6egkkq	4.8176080401138	1.22315682141638
did:plc:3vtuord7jhfqixm4p56mvwxi	5.87986245502125	0.95499652864587
did:plc:3w2jgyimzytiyjzj53mmkemq	3.46760565350355	1.4782884659708
did:plc:3w2nh4wx2npl4zqw2fn4qefl	1.91898563736467	0.376281417266669
did:plc:3w2pjjrztqpvsomdczvtem4l	4.7234418178386	1.46799960856704
did:plc:3w2z6fd6awmtbwar4l3bp3bf	3.44473245556895	1.84674416216801
did:plc:3wi4rkbfnpq6lx3nciht6aze	3.39780084462884	1.45486281349602
did:plc:3wmtb6rwucwpwer622p7db6b	7.44197515097011	0.665689968806061
did:plc:3wnxd2hvg4yo533vvcmdunlh	2.98647073533144	1.72175769520116
did:plc:3wppsw36syki7pdgos7xmxsm	4.34078064495551	1.02419459583815
did:plc:3wvqtcatpsa42os75zdw3vuk	3.39667853318465	1.83947903459499
did:plc:3x4nvv2n4lwbgxc3oydfthxs	4.0686961620897	1.33634925421806
did:plc:3x7dvxoin6raxaexquexmg43	3.95116556013036	1.81270393731831
did:plc:3xavl4h7tcvs3si5cmoyr3zd	3.69316176415437	1.20881775229567
did:plc:3xei5oti47xidz44km6cltbo	4.05509305219253	1.39942221425811
did:plc:3xjhkv4f6gzj533n6pqze22n	5.45797205009943	0.721750783375666
did:plc:3xlmkj5dwkwrjngfvowjacgb	3.64468499984691	1.55021610223994
did:plc:3xnm7utuhvualn4d4tf74aaf	3.83721478362154	1.18941489253164
did:plc:3xujymnxbije7abxpmzhw6fp	5.11749970454755	1.03581650926269
did:plc:3xxhlmn2zlslsyd224ti3hak	3.89999182447274	1.22238452145278
did:plc:3xymbsaov5lnx54gvr5ltaqb	3.40049379520907	1.47519076739073
did:plc:3xyoq37ozjr7r5jlexgsyiev	3.9020315335498	1.45150644884886
did:plc:3y5kjzieq2eymiod2mdbjs53	3.96305826869274	1.59691025502794
did:plc:3y7gmsouyomhnnq6kkxu6gz2	4.90567535468663	0.731803005150023
did:plc:3yjja4n2f4krjavq34ev3rix	2.91844642746744	1.54416835278426
did:plc:3ykz6mmcjejhyv6cagmsozzb	3.38953484806426	1.38182317111344
did:plc:3yn3pwnykvs3bk5ohmsregsx	2.0433773191551	0.683636411434658
did:plc:3yqezl4dw5oq65fxo4udswlw	3.46500551130902	1.65716979260585
did:plc:3ywmyetzcwstp2hjvvjobqi2	3.61003864984464	1.36125222839919
did:plc:3zanfaygum3vtcdncr3jmsf4	3.87602349513223	1.84946226337373
did:plc:3zd27ybtvq2h27x23ifjokbp	3.8319177116649	1.23336160359765
did:plc:3zreuc2exixhupehlsgssrgb	3.84695174133229	1.39842289132398
did:plc:3zsvnfbww6hbjzbkbt26lsb5	2.90682858575537	1.31135723435865
did:plc:3zwj7zznorkw4fpo4xwzltg7	3.03921240993734	1.93408146787474
did:plc:3zxh2cma2ecwt6qbn4ptef2j	4.18170916006911	1.42124604670898
did:plc:422dwgc7ezwvgxcvdaaynrs6	6.45691369553492	0.910431700512953
did:plc:425mfdkqkuo26gui5bcn42k7	4.06233382316647	1.61544583790533
did:plc:42cmdx3fre77oorgncshe2fa	3.7916956227523	1.84372421228343
did:plc:42diyznh4gbdau3b4g47ovqi	3.68302164320321	1.10013990518151
did:plc:42e6uzppuv7duucjokjhvyss	3.71180721416081	1.2378204232671
did:plc:42ei4eqivnarad7uqirg2375	4.62311218774025	1.28693791489787
did:plc:42gpja7cqwupuikszygpu7dc	3.97630445975978	1.2266344910131
did:plc:42i3hwz2d22urpm4ftv4uzal	4.29454778795496	1.48044246612594
did:plc:42ibomubbtfcy56xz6xftnmg	4.42084714525776	1.2402328973416
did:plc:42lkam5hmylzigrvknff632a	3.36446649975964	1.44929225787528
did:plc:42paafe3zlff3yxtha23fq4t	4.17582804758307	1.70098411085337
did:plc:42qcfddftjwnkmkeytsmcyfv	2.63485485404495	1.32024962785157
did:plc:42rd3iyy4jexk5wxl6nszaty	3.51390351047348	1.68066880857598
did:plc:42rnn2bgxzut34lkgmogxdjp	3.67104697197281	1.36063597481731
did:plc:42tt32duhlixwqzsduwhodra	4.17713441758313	1.42600439541684
did:plc:42zuxbayy2fln7dvkkitwrbh	3.47188909632257	1.44593372532326
did:plc:432uhkbsyrbffipy4xkqy32i	2.90466829369256	1.68764994345527
did:plc:434jxukm7zeif43y3qnqf6zy	3.69539444310504	1.35306681313234
did:plc:4376vbkdyt462o4lpynolsq3	3.08079396986156	1.81090982407597
did:plc:437eyi2qsefqhmblpop2qhup	4.08735424273809	1.62563161172152
did:plc:43gjq3th7rlq6ku74gehtx2n	3.42258870042686	1.60227585189137
did:plc:43n3v2r3c3jkfoehdih6t3ke	3.12529608127391	1.53673317627989
did:plc:43rbirmjh77xdihctmytdvqn	3.6855674061562	1.84397428274843
did:plc:43vxgurdgpshpcedmcthfwdq	2.93812797687456	1.22732391578636
did:plc:443arya3g7jvqz5jyr75555x	5.29918411366943	0.717541740645185
did:plc:44lgu4rcq25yfbfjtwtisq7h	4.0252726398809	1.35956556999946
did:plc:44nt3ecswhihaomnsp7wcgx3	6.07762253373188	0.901243118706573
did:plc:44qzcr2vlte2j647kw65wlkp	3.40560774670048	1.70612941137975
did:plc:44xeqpywaawg6zo5d3qikfrf	4.22803657543783	1.23115759870954
did:plc:44z7crgedgwds7v6rnt2hf75	2.24448869796687	1.32096819415893
did:plc:44zj4socpxrx6gmbnduabqg5	3.29450620492542	0.763671923605727
did:plc:452bsjvswks4qt4ss4kq2ddu	3.71940460729944	1.31880238761492
did:plc:45bdhm2efqkqikxfhghqyzn2	4.06056241631924	1.03189293432715
did:plc:45f2y327vlwhbykjcqiz443e	3.10390593329399	1.96754749158104
did:plc:45lcbiahcyf7iangnqtxvt53	2.91029652376959	1.67494146075006
did:plc:45rrgzb32wdgltxaf6seiura	3.03963787106024	1.60367240376655
did:plc:45spi4cip7hueuzrp25edl2o	5.01872691569087	1.03971895484544
did:plc:45sqpxia62pxa4tffsetia3v	3.18772370827216	1.87007058832873
did:plc:45usmua64k5onm6w5foa3ver	3.89079954136157	1.73690198145508
did:plc:45xme333kskwerp2n7sf3vz3	3.41396807936917	1.10856368817629
did:plc:4624kcdnop46eda2x3vzgm4g	3.78573521151506	1.13825270310106
did:plc:4624nuvmtivf4bc3kd7kwq3n	3.26367953633967	1.60959671443748
did:plc:46foh25wj2ygvhdu6dvvaivf	3.00635418047081	1.06675111425572
did:plc:46gspxu3aehikdcmmegutcxd	1.36017415116779	0.276110368844205
did:plc:46hprlb7ni6ulm57e3yh7cj3	4.27521517724363	1.3367956225998
did:plc:46lgcvdnazrwxeqahaaqzruq	4.06776336686856	1.00417818624454
did:plc:46najsryqiieo66jx264msqs	3.54975017050605	1.77700602404252
did:plc:46qxivuinu5msyxzviysj5zb	3.30726893958361	1.59903772689142
did:plc:46x75ixxsqq6hbxy6pbkivof	3.38252783536311	1.81141968111366
did:plc:474u4xt2cdyjkxgvg47wslje	3.45369615233899	1.47263200552653
did:plc:476ww6juzmwivwcoanrwyk23	5.76134643280092	0.890282875253047
did:plc:47bcpdxl5e6ogxz7kon5g5iw	2.36230498192395	1.43475877995196
did:plc:47excnx6mafn3ru6m5k3h7jl	3.43320932408027	1.86821470388464
did:plc:47josblm74t6jz7rirruct7n	3.84219824679719	1.2358494401914
did:plc:47p2rrjb4gd23lfnjobuwbal	3.47628972669545	2.12321423519076
did:plc:47rgheu75wv55nhcngps6yy4	3.2854657678891	1.66934845597238
did:plc:47wqfltyjymdtgyt6cw3odva	4.8035027758953	1.23594055971692
did:plc:4aawxyael2d2lbtrhflhia76	3.85509079940566	1.74309864539021
did:plc:4afkffrlqihht7r6a3bwaynz	3.97995156746962	1.4645277060537
did:plc:4ajw5hfkrjhii6zdszvntg54	4.55881604566858	1.14621608695822
did:plc:4aqpavylpwb2s7r5f4vfqjps	2.90502732897085	1.4652344569131
did:plc:4ausrq6cxwusyervrux5exfj	3.4435677237058	1.40190818086261
did:plc:4awhkpmlxumimvcujuvcba6f	2.70128469572349	1.4571561383576
did:plc:4b3mqt62snj26355hv3xafme	3.64786813612629	1.66522784639678
did:plc:4b5kkuzbceg4fcz5nr2ar454	3.17156853671141	1.8614932479844
did:plc:4b7oua2peortzcoq7nk6hyvs	3.44426950797711	1.71269440691293
did:plc:4bgjptlfn4dnnkfzjglmv5u7	3.48157214645666	1.76744250282308
did:plc:4bknedyvrdsrbvmcpkr7omkp	4.19369246974623	1.53883867668309
did:plc:4bmba75ka6zelkr2ppq4kb5w	4.51237178031765	1.44364787868725
did:plc:4bqw7r62n4o3zoqlj74hcqoo	3.3356938138076	1.69800446271601
did:plc:4bsqdmldnvl3hzo4swmqibfh	3.92397124262783	1.7115544113971
did:plc:4buqghwyw7t6omndqaybjqy6	4.63352259390547	0.92641494441194
did:plc:4bvsgewkufcxjlki4yniqy5e	3.05018129910414	1.45755738341553
did:plc:4bwemzukqfkvgrfcf6sielfr	4.21236791429393	1.4538966439391
did:plc:4bxnw2fmprbiiu6bzoloom5b	3.11171427989968	1.57207154438694
did:plc:4c2unoab5s4z3fppu25u2jsx	4.2673317547903	1.22181090934708
did:plc:4c3bc5gajygdpoqmjkqm4orj	3.67759205904518	1.56231367890856
did:plc:4ccsm2sscq2nmgrlortbcvuv	3.94051828941716	1.39401752093744
did:plc:4cew7wnkc6mcwfeaihc74vrn	3.68416325649126	1.49039388752939
did:plc:4clvmv6o4hmwu55qqdob34sn	1.40917254151324	0.832817457995437
did:plc:4ctlxtidij5aujctv72k7ova	3.72503223210286	1.74523671937056
did:plc:4cxkrx65ozje5s2z76axiqe2	3.60711712859081	0.997501294152519
did:plc:4cznlt7ouwzdn3job7ofbulu	4.35293975514471	1.27314214641063
did:plc:4d67w6c276yqcoqk6otnjftj	3.48680656323768	1.7736738497771
did:plc:4ddcgi5le2ybx2wrj5xwojbn	3.42886702001424	1.73557857178402
did:plc:4dl5yalgth7kd77uuou774se	3.5295750263207	1.6690756670664
did:plc:4dou427b7lrvim4uqkfc62pc	4.10161917976892	0.916827759833801
did:plc:4dr2zlrpqpmyjewueu5zsulb	3.52026537776957	1.61127787340833
did:plc:4dw554bornwac5yquhr7faun	3.88806729691144	0.831886675114809
did:plc:4e2vd5fngcvxu3tj4yjyc5jl	6.0766542703585	0.78777348699299
did:plc:4e4jwjwig3p3vuy5gw5agmfw	4.13805120893962	1.29648701549043
did:plc:4ecpijjgmztjizrlycujtsrd	5.02142393540949	1.05980004022476
did:plc:4eer5smwyja6eacvfigjybgh	4.44663815618564	1.24507002327957
did:plc:4egognesejy7mqn4xzfmfqb5	3.7519276295302	1.74097493539598
did:plc:4eji72bca7usagksjqebarzo	6.01844443517903	0.852064422906921
did:plc:4eoelkfyewkejbmibwv3pgzb	3.75181342279021	1.23471956718595
did:plc:4esu6bjngf75ufnov3o75bw7	4.80732592789489	1.46997988666369
did:plc:4etkmhydbto7t62dlvjuijjp	3.52650222854093	1.16922333020009
did:plc:4f235m5sjilys46s2mazgjtj	3.91898247957134	1.59900632414557
did:plc:4f5lttg6uh52xojvonqol4pw	3.49235666059267	1.01954919537
did:plc:4fjdoi7oto4nkusqoxbn3rfx	3.0958359480931	1.53034860817548
did:plc:4fkkqc724esds2f66qlj5sqn	3.13848017831339	1.52319697423067
did:plc:4fmcaqkddoc2ar3gf4ok4gni	3.34434708903693	1.46921947478586
did:plc:4fmjuxhzgsj2ifm35azwikq5	4.03001041283393	1.39372973469805
did:plc:4fttqetj7spcfdcfsnq2eyse	3.01025357653804	1.51171483624528
did:plc:4fwim4ketfyat6rrorgmuldw	4.25024251157392	1.56915059793246
did:plc:4g4f2bianfmsoh6iim3fudpr	3.31886066638889	1.69580220250023
did:plc:4g56ilkm3rivrzugzxye6jrf	3.50375169088594	1.70195868157437
did:plc:4g5abj6pp5ya6qxczgedqve4	3.42333147654172	1.34849735812129
did:plc:4g7t5q77jz35iitqh2rxced4	3.36980964910986	1.65324503099274
did:plc:4ga4bgtb523syyo4t6data2n	3.04069825347661	1.57918816060654
did:plc:4gmiugoxsnzpx7biulaypjjj	1.00165973106103	0.543467335280699
did:plc:4gnyehw7d6dlwbu6q3gfy3em	3.1394014704828	1.83302284756032
did:plc:4h42ssg2fsqnsh4gc6iimlcx	3.51851727165381	2.05305964033765
did:plc:4hb2gucdfmjoymfrj2qqtozm	5.0060822608257	1.56994263861549
did:plc:4hbdg44t4sy6p22ixkytd4oi	4.02551237779019	1.77604759113697
did:plc:4hdcyu5l6x7frxmdx3owyerz	3.01929589155808	1.27278829621652
did:plc:4hgdjffqxgk3qyzss27rhhl7	3.64324584218338	1.52827572102945
did:plc:4hgngxlvn6k5vgrfypsktrbg	3.59640260652475	1.76191105533884
did:plc:4hn2q2w7rbdu6upuf4va2qkc	4.47337766025849	0.900448395357951
did:plc:4hwra3pjqii3kz2pdhg7iwfk	5.27733883928471	1.48870373306657
did:plc:4hycsvgl5mbdmxlo4dhduxbf	3.88310323564157	1.45207335816212
did:plc:4i77bu6xlngreb2y6pizgg2h	3.45189755209533	1.69055850885154
did:plc:4iauxvt66ijxvbxpuhwfexm2	3.83070923446497	1.32400112346617
did:plc:4iiisyogbvtkeld7hf3ded55	2.51832721362742	1.28678947218859
did:plc:4in5jqlymqp6kedlmw6dvhvz	5.80707414223301	1.1628920055187
did:plc:4ipyi2vsia3swzr7nzcjzrfs	3.43302445972309	1.28830383280383
did:plc:4iro6ej3acpxjnjklpqaqlwt	5.0013033213509	1.21517273577599
did:plc:4iwwkqmdk7rmefm5eu3uba7c	3.81046615317538	1.42357556296942
did:plc:4jfpq4w4ah5lxnjibb24vyxz	3.54744226459768	1.29107543955917
did:plc:4jkwc3hkysfeuyugg3p7cbt5	3.67669916596441	1.1910759454054
did:plc:4juluyev3xbe36mcmkmbfygh	4.8415784759067	1.34033111750266
did:plc:4jurqhydbendsogxomwt4lmy	4.12675046738452	1.43061008739953
did:plc:4keukb22l66pc4iq3cvwapi3	2.93629539397562	1.4832235641493
did:plc:4kghxohge7cn47rtfu3x2e2u	3.8070823482599	1.62800868415315
did:plc:4kj6z7r3b64oi7ev7jpdikek	4.00277666430307	1.56075571407309
did:plc:4koqjmvynog4ncdgxpcbzql2	5.01445773071964	1.36242937623759
did:plc:4kpqjmgpkymm373da5srkvjk	4.1999645845875	1.40270494196024
did:plc:4kusfbogduabm7eqvcygfat2	2.93374418361128	1.73816829928071
did:plc:4kwjsg7mddiuhka3h53cpifu	5.13362230121014	1.22690527688694
did:plc:4ld7xd5p3dr5iigrz7c76klg	3.00703934060554	1.3754346491719
did:plc:4lg25tharvjhx6spdc6pvcan	1.29141130245755	0.562609488010719
did:plc:4lhu2nopb476j2n4re4pqwp6	4.97540609947709	0.716382125293844
did:plc:4lhvyx63ivoqso2cn3coyoa2	2.84969826124438	1.27189289500193
did:plc:4lw6fhpu4ksgl7o24ivauglz	3.25003986818297	1.15964080501528
did:plc:4mb2ayx5kmxi5n3zkmrdgwjz	4.3426846604419	1.2259567205261
did:plc:4mc4ybanxwgokpj6doyqipz6	4.6096915441456	0.947082327154923
did:plc:4md4rgwunrpu6bx365ve3byk	3.24516976092226	1.34591884688103
did:plc:4mhodijcstaw7hu2v3x3ob2r	3.35769282747813	1.56022653153739
did:plc:4mjtlifnp4zc3ns67bnf6lld	3.54925848397601	1.32068166589444
did:plc:4ms6s2n6d4k2deyg56pxspp4	3.37926976722344	1.21485745724095
did:plc:4mue7mtvhbwhbzflmmmvuda2	3.10064732832191	1.43357571308581
did:plc:4mxazdfyeyoqkgpamaka3kkn	4.26433928370564	1.55844931644605
did:plc:4mykxi5ff6qysi7j3bnyszrf	5.9757232194607	1.18285251157662
did:plc:4n7pez5qldmbsn2jwrkljdu6	4.01336995581933	1.34483694920766
did:plc:4nckjtsx6s5hpsagu754ctdi	3.85052301957498	1.41158271724916
did:plc:4ndrbqakxpzgumqdgmx4jzu5	2.81786913725176	1.78154883194081
did:plc:4nhdkk2dbrf36kfs3yhrdkys	4.15239197696253	1.73785875405242
did:plc:4nml24nma5l7lv6sbrautsxl	2.34498297009315	0.628993110560301
did:plc:4nou3z4wcelrp3drmjujm44c	3.84930016349467	1.65163351494315
did:plc:4nppdoisovg4v6ca4knx5vmd	4.64309334101409	1.45671066905122
did:plc:4nqspqzddfaywis33gad4q4o	3.48780861146001	1.98422858002644
did:plc:4nriv5onfsic4uxrfznbznhm	4.47558297708997	0.719173377020374
did:plc:4numg5ciasue254ihhtbbqgj	3.96402355393601	1.76703250649824
did:plc:4nvseu6amr2cjrjdwenirhoh	3.83258552955557	1.53667383228165
did:plc:4o5243ddqkkyhbb5lqbvez6c	3.29741328060891	1.62725291066238
did:plc:4o5mibn6oeqak67uamvzkqsf	2.79280426463862	1.67474275904191
did:plc:4ocg2esgdfvbggwdiolphu5r	4.39132626820982	1.66735842280764
did:plc:4odj6t5zg3hl6kzaiwd3kp33	3.42460820305646	1.86908853412091
did:plc:4oeuqfvlfzhhtpodn5saebfv	4.59236523472236	1.16834554810157
did:plc:4oezofy5qperpvlyvtbiull6	2.66409374867618	1.5224332791487
did:plc:4olbtruq4edska6epzb3ucgj	4.14513804796828	1.01333150718713
did:plc:4oln6llrfaodmxvjhq65blov	3.81151083088868	1.27570370959759
did:plc:4oomm2ghy4vepsm5uhmg4w3a	3.80741986286523	1.31537259409591
did:plc:4otz62bktvaeouy4au7lv7tw	4.40948267387409	1.08592019683856
did:plc:4owvxpqibcv3vx5ijufbmox7	3.78119221256872	1.2463208655718
did:plc:4p23j7rzubq7pjehe26dmw3v	3.73711046258677	1.73341037786021
did:plc:4p6lxcu3zkartht7jb6d74zs	3.30725664819572	2.1033212644621
did:plc:4prhd45ebhtpwfmcsfse4vq2	3.58583582571179	2.17018200927521
did:plc:4ptswxxreoblq4m65t457rqa	2.50449238990198	1.25901535736967
did:plc:4pz3ia5h5ous5jbbcxj6fuaq	3.87142651880611	1.2177409814759
did:plc:4pzws4okjcvxhune4g634z7i	3.91858453960855	1.17849394388389
did:plc:4q3ukp7w6he5a26hs3lt5iam	2.5686957306932	1.43923340073146
did:plc:4q4qqi5gub5ls655vuwoqtti	4.42795006672772	1.57105830990195
did:plc:4q66howsxik5tcvauhell3t7	1.78332850467073	0.151262115343
did:plc:4q7dswbd3c3vjm3pviagcn7u	3.60314121771826	1.28085285650083
did:plc:4q7onqsm4pna4tpxy6zduqcs	4.13429253454047	1.13469369948223
did:plc:4qbxmtkkszjqbma2ctdazbzb	3.99329156733849	1.42309580358794
did:plc:4qjww3oh3g7haj3l6cvrqs2k	3.45043307776414	1.59736663706407
did:plc:4qleyt7e5lgmamehaujx4pff	4.10829339609373	1.64183773206819
did:plc:4qng2xo325nsoutwvoooggt4	2.97063728657701	1.56625496937287
did:plc:4qpg2ct5ac43ok3jyah4z2xg	3.42144514536921	2.21052309647946
did:plc:4qpk7md3hdo3onafzo33qf6c	3.04751168776127	1.348574704615
did:plc:4qshuiwcsjr2gra5k6nlm4la	3.61445819060564	1.58800531729129
did:plc:4qy2ftx3cpt3kjvyuthgvks4	3.51586764690586	1.36361523294851
did:plc:4qyw5hgbxv6f4zozaosnnctk	3.84604907678518	1.61546588096947
did:plc:4qz7zwsa3eaegxx3rlg72pvh	4.43664787900067	1.09366719473826
did:plc:4qzyal4ndgrhssprvfi65ulm	3.04911290611923	1.47786175276282
did:plc:4r2misqhp4m7vpts3gxurzms	5.26058894773767	0.426310752924948
did:plc:4rhp5uae7lfyw6uk74uihuog	3.51969357712236	1.43110414795838
did:plc:4rrquzeqevcmkjtl6yr6fyvo	5.30742323392657	0.980953923964748
did:plc:4rsdu2gi3w4iukkof6fkzhf6	4.21275114543355	1.73825000510636
did:plc:4rulhfbwwhvanf64uxpqsyaw	4.94447085428624	0.83091463576363
did:plc:4rvi4ubsgd53xvom6tvzb6e2	3.34414929044874	1.71949057722218
did:plc:4rxayn2xhnucwxo2nxak4lhe	4.0073501565033	1.313806490234
did:plc:4ryfsyujn75ocgdxsqxnx32a	3.44777967491913	1.35407797945023
did:plc:4s45qmdwpc6ojzjpbmyg2e2h	3.50677911687145	1.57661159664787
did:plc:4s5xxtqwjfdsu3hn4ny3dlnx	4.36820200494525	1.22873586019025
did:plc:4sbuv4ycx5j472so5yb23evf	3.90613013168358	1.13848037578968
did:plc:4sc7lhu3xhpssk5bb4xwxwha	4.75281081811199	1.29006242627642
did:plc:4sgn43uhlymbxqkfiikvm7gm	3.03432878886657	1.77433959154398
did:plc:4siuljbmx4gwjyhn3n2nrxxc	3.98629956006763	1.29789776813475
did:plc:4swhinvicl24gv2id6zgec3z	3.39101904482742	1.45507157136773
did:plc:4syacya5jnhp2rwm434qnu7q	3.80636023963162	1.46474896349212
did:plc:4t3ozs5w7p3n6rrdleyphhg7	3.38018784256015	1.44805610315729
did:plc:4t6isrqmd6qqmcvk4tdlgle3	4.21472669749353	1.29085778418172
did:plc:4t7e5s6tawpxiapzcjerknrp	3.53483398367435	1.47587587978005
did:plc:4tcwxjowewieb526lh6w7fhw	4.04329255129384	1.65654476908471
did:plc:4te263lczjljeckowosroid5	4.52192565577042	1.36337328749202
did:plc:4tjjmwt6bea6ptjvgs3bws5j	3.52911902878251	1.64046394398427
did:plc:4tslvruexhrbhva6xyfphhy2	3.28325075025622	1.32041924932369
did:plc:4tukt4sxfmz5gckseu6iu3ux	5.14572342379439	0.971516125128725
did:plc:4tunz562j5hml52pp2fde4my	5.16691999829761	1.0891248176122
did:plc:4txyc2zwexydukxdq26hzxgh	4.16344310886652	1.32693754610368
did:plc:4u4m54z2auc3veomg35cjwg6	3.36291586709668	1.51976871434564
did:plc:4uep26wexzppmmx3ccwnebtk	4.32599575331326	1.39235447007857
did:plc:4ufcs6reehcueb4dds6u4l4q	3.86021021637532	1.54546443317351
did:plc:4ujlab2ci3okwd67cqpjta2u	4.11318363550101	1.66105101886076
did:plc:4umbddw5xcaf52mkntsnzcqh	3.35542393557506	1.44768194725338
did:plc:4upx3smjbgxmou5ahuus2lte	2.79461259016432	1.62592153300054
did:plc:4upzlvlv26f2zfocpg4eep2v	2.65500222262585	1.52938718326799
did:plc:4uqcpv4223tzjxhulg3apo5g	3.70162196261268	1.72723616536625
did:plc:4uuqta5qfbhzd3o2vqcihhqd	5.52423421939636	1.28471941021677
did:plc:4uxvyy2rwhu5hipk2pxhzoou	3.7318138885316	1.86820600768642
did:plc:4uylhsuh54qj53yvmdjhetej	3.06519224161225	1.67442422491242
did:plc:4v5j4nbyvtuow7b4em7anb5d	4.20667678292059	1.39678390544159
did:plc:4vbhhgo4jivspyksl53cbgdq	3.58244630373529	1.47786948489144
did:plc:4vbtc6qlqejoli4lqxj4q4yl	3.52650927068751	1.24104960250882
did:plc:4vegb6jmr3m6scoqwenhb77e	3.51729989176341	1.58191199149281
did:plc:4vgani2nrh7chyfg65nqf2bs	3.61026907605789	1.34861360970794
did:plc:4vhlaqsxuew53ezlvjyfxb7b	3.21368246982497	1.5038788472938
did:plc:4vi6my6h7ad2diulixs35xdq	4.71837627724008	1.35869237515128
did:plc:4vj3anrikz3lg5slvtdazpjg	3.9586319789343	1.43047179227311
did:plc:4vt4womifo6dtmitde6njbux	5.59217137855159	0.955325906527788
did:plc:4vujlecteoe7sz5jp5wws4av	3.27955640713724	1.62672099286801
did:plc:4vuo35kg7oamcunrnnkvprx3	3.25663424539238	1.54919720256886
did:plc:4vweos4qn23citlop4vrpgjp	5.01678932384085	0.956931432015138
did:plc:4w7mnljsybxeys7qd2twves5	3.74149394469855	1.46814301565252
did:plc:4wb5i7yto2q4rmboe5qyqu3d	4.10865722655966	1.44467505765112
did:plc:4weefonhaz2rmpq6qnjlcv4e	4.95503682261487	1.06979237224989
did:plc:4wewrpoxfcaiztzvise4635r	3.62624900485331	1.42213849501784
did:plc:4wg7zt5gd6ufhyhrfvqzds2o	5.30196788089083	0.76867103078726
did:plc:4wji6zw6kt34bz324bf7vrzn	3.53669581861723	1.45646620585285
did:plc:4wtavjxpr3ehwz6xyolnu4bi	4.33422603115816	1.28290957720009
did:plc:4wznflt326b5go7kqddc6fo6	3.04397008401936	1.67040356596168
did:plc:4x3j3alczuaoxmkr544tqfq5	3.89983918651651	1.38695417305253
did:plc:4x4ge4t7eezqa2dhuhq2emxe	3.42034497105902	1.81807776312544
did:plc:4x4zh3opl6loyxg3gx7gkk2w	4.96108755296692	1.19213417326459
did:plc:4xarbcgkpx6qnul7dy3o7nil	3.89045938719645	1.05247712025106
did:plc:4xbxostl4eaee56rggjbkk32	3.73712761815958	1.72833515928572
did:plc:4xe26gweoqg4wsnbzhhvxdm7	4.82204182620173	1.67130203153768
did:plc:4xg4z5kvt67czqurw2oxnpwu	5.94606286457845	1.20783927551897
did:plc:4xgfwqui3kypd2kimtt43miq	3.2440985455929	1.72204919722912
did:plc:4xj4ssf6xbbftronqvwyyhjc	4.0105489719827	1.45812387935605
did:plc:4xneueppq4wsenxu2be5ecuu	5.96063274520327	0.998609362695525
did:plc:4xzn6ig7xt5odfrz77anecsv	4.35198179790162	1.22448414180502
did:plc:4y4s5pbtanun4sr5kxjqitli	3.27924591443058	1.13979189716034
did:plc:4yfdybowhwn56jvsmt4z45bx	3.02715850434276	1.80894916733103
did:plc:4yjypnebcyvp5miikqdzedqp	2.82569512242215	1.24307685232546
did:plc:4yq3zuiv3snk2uitqaihw5jz	6.42443522922667	1.15079979709843
did:plc:4yz24mksearumwojjbngepb3	3.28792344809102	1.36452454201237
did:plc:4z2ev6j7u2z5lmjpv6nkjdgm	4.39367619721491	1.2629644084429
did:plc:4z32swxiqofarjjtavwo5b4g	4.42335271623943	1.2931975935715
did:plc:4z6znnjpsr5wjfec5bisokmz	3.04755141172134	1.41929358656508
did:plc:4z72hczfjzpurydmdgrtlr5o	3.46592326959889	1.6065898343273
did:plc:4z76j5crz7ltdaiumloz5aqv	3.71972167853028	1.76291174992694
did:plc:4zbbt6gs3kk2taeanruahf65	3.68354221858847	1.76819280557861
did:plc:527ntibejqoediegayxaljnc	3.69702477473083	1.36558924023272
did:plc:52doublyszgbszqcpltco373	4.15403164165142	1.61504461952428
did:plc:52e6eopjf4fzq5wvfpcxdmkd	3.73956338330374	1.36477110661912
did:plc:52mzsjn52cafamyrqf3pearp	3.06471558496661	1.86794612372474
did:plc:532fzxk4op3m2u33ob3pbta5	3.78553996094009	1.11771904616178
did:plc:53k2iwr6yqbotjczuoo2ftfh	3.92543413176123	1.55065630949981
did:plc:53s24h77dbvyqyjyazckfrtd	3.50813516989597	1.86903529217951
did:plc:53siuc4smzipjo5v6c36egld	5.76294921881096	1.23146221590949
did:plc:53sjvlhyp2zrd4idou2cfvqo	3.62243806759674	1.57880692238472
did:plc:53ubka6dvbwdd73umpglz7ko	6.22759406662066	0.782183760115266
did:plc:53xhknfsrcrp5tywzevlpqvx	2.71047367377183	1.65967255632818
did:plc:53ye6uiu24kz5y6ze3zff5zu	4.38274164601077	1.35114716896491
did:plc:53zwsi7adhfih3khsihouxl3	3.87556555436275	1.18333264909965
did:plc:546qduavwhb6tzsjucjhqvyo	3.00883096275673	1.24836153808237
did:plc:5474xqtg7sxymwjkcs6d6ncx	3.19900579984352	1.63004693241538
did:plc:547fbkekhntcxlalpexe35xy	4.31141701232644	0.9868127034691
did:plc:54eimrcnhtnengpwyamavriq	3.10072185296025	1.6977555268222
did:plc:54epo63v3x7dmlkjv7gd7v2y	4.10835171333656	1.41759895352382
did:plc:54j3ndcaf6zbjmlzptrvrmoq	3.589589720602	1.80389050618589
did:plc:54lz6kp3b52ll3qweqba42gl	3.60927802021716	1.3958276774995
did:plc:54pv4difw2jf3gk4b4tpa33q	3.74522513095831	1.54236075574561
did:plc:54qxewzeymyc3fhgsead6maq	3.68666009174175	1.74635253027495
did:plc:54r34envurspk552uk5gboli	3.07909278769013	1.43798041224161
did:plc:54t244vlmy2bvl63w3kp2fy4	3.48813504503586	1.78722827136686
did:plc:54uwz3uc2ddwl4rci3l5q7bk	6.15372196163397	0.709619286710313
did:plc:54wizykuiubc7ohf7pxgpknl	3.97252473095198	1.61678689879598
did:plc:54xql33uck6pccwg2suzktq3	3.48337609266136	1.44838156319162
did:plc:54zvrb5etw7t3qztlny3peie	3.64079035350127	1.41209360023875
did:plc:552cval3tyopgbanoa6csecu	3.4920079148023	1.53568448638641
did:plc:552wkftgqi65oynlogd2xk3k	2.77469394614223	0.859294001135719
did:plc:55hqvcrk5hoqvvwcglla6k2g	5.10163071323233	1.25919662008949
did:plc:55mobiejahzyl3lal7es45gp	2.90983446329836	1.90052651485725
did:plc:55sdvmwy5j6zpbb5msfhq5kg	4.24434422605851	0.933610366125828
did:plc:55xvovdcqtbfsbfqtq3g7rxl	5.10318146064744	1.24902556183748
did:plc:55zvo5kvlxi7yia5p5juiwdn	3.26426172958742	2.02308133585216
did:plc:565ywhgzhovt2ofauga4vtjd	4.15371622986683	1.57743678291547
did:plc:56ep2lod22lzd2gn4imaw4bf	4.21011555597919	0.987059283559032
did:plc:56i5k4rdeizxjwiot7kufsqq	2.34227100804198	0.553116932013048
did:plc:56p3qcbrz5th7ebzvj4du6uj	3.68828307881046	1.7071283807194
did:plc:56pysegjkobe2ywt6wnwhbmo	4.5863064572278	1.47389859943065
did:plc:56qus3qvjmy76yghmsas4bvk	3.40779728509402	1.85413813593056
did:plc:56ry56wcigdoo542ff3hoh2n	3.5605447286938	1.43483257435467
did:plc:56v4z36h245viufbdg4yyu5f	2.92338783571176	1.86718373646721
did:plc:56wfqbgcnzrphdsn5ctekv2f	3.61436066016252	1.5447557677312
did:plc:57c25udyypk2t22nbsarjylp	4.17678204959433	1.39797462687537
did:plc:57dsi2wurplfxwelcvgzp2oy	4.58986686715845	1.32352019922234
did:plc:57pudzxvukg4a6f7tt2wzcgw	3.12442752720299	1.88340170971077
did:plc:57rcnmun2xzs6ofga6ivxmlh	3.45542443953544	1.12438300434115
did:plc:57udfhxlyu33piyzejj6gjhb	3.58119590224042	1.46686786876809
did:plc:57xarltq2vbyiusq5o5zy3ch	3.39176610758233	1.37020940637801
did:plc:57xz7jnpn262nf4f5k2m7u5k	2.80060290215747	1.71272698437495
did:plc:5a3vwf4ysswcmoi54mzapxgt	2.47236590363308	1.33537890436955
did:plc:5a4p2si6pwhxtdtw3xcv2fh4	3.92074606855021	1.27510964161863
did:plc:5a6z6di52r5jxco37iaypsdx	3.79722451463803	1.70010573735854
did:plc:5a76sp4hun7jf36rfjsmpmit	3.87195898406684	1.45660446433085
did:plc:5ahdup7bcadl5elbciiwbw2g	3.56811043124389	1.95938832925003
did:plc:5ahscsqatgjr5jq4wjtrk7nx	4.1810315409285	1.73251983893029
did:plc:5avj773iuwxjdelytxlpswyg	3.02459056765102	1.77704339225455
did:plc:5avqdrv7wfl2lvzejl2q6qqc	2.96465429200346	1.80750651755006
did:plc:5aznrjmifwaquhn4mtkyjhog	4.56926233998789	1.00002624101286
did:plc:5b5jptgfiyeu5dehc3b5nr4j	4.59397032091415	1.11263922511346
did:plc:5bcvjbkczlci66x7wzd6ptcn	4.08615967015926	1.28098306556149
did:plc:5brtgc4uvhvbfqbvrl26fhnw	3.81728861687374	1.51909833794233
did:plc:5c5mscvjgh3tpzxp3risvyyg	4.17218435141072	1.46817066512381
did:plc:5chrkb74g3eibxz6wdenxqcx	3.70430494299147	1.61467722919473
did:plc:5cibpp6xxnd47ntotqtvmtf7	3.30559859345211	1.328533174476
did:plc:5cj7ra56pkpg7segxhjoldqs	3.97216535280743	1.57344243024618
did:plc:5ckvtdxmkyxlmj57qv4faja5	3.41459961322683	1.63807389033695
did:plc:5cllklgqxsowbg3lnionnldw	3.46691570500518	1.22372875245532
did:plc:5cphxweag2b3vhjqmlamxokw	2.99768803972184	1.75117947795514
did:plc:5cteqf7xguxo2ypw2jrxjea7	4.23260110680602	1.20645236858245
did:plc:5cz4hjmet7pxzhsyphmw6hjg	4.18925546960034	1.18140004595083
did:plc:5dhakqqdwshwrk42hws3wpvg	3.27228213831806	1.42985982943751
did:plc:5di3ckngecgfwvyiujsyhfjl	3.00456241505759	1.51626798272348
did:plc:5dnlwqmwlychqsn4oz5y5u53	5.02142557333084	1.43298221251922
did:plc:5dx2ysffgrlkrpbngmior2mc	3.70990543535629	1.27139832835862
did:plc:5dxd4t4r7uudyy3v7ytfs2wx	3.24133812868239	1.46741995614124
did:plc:5dxu2a7bycsi7e72ubo6omtb	3.3717880899336	1.94061400129857
did:plc:5e3ntt3237j5ztpjmuycfu4q	3.90554136208767	1.60265003611229
did:plc:5e3xsgwnyzn6mqxcgpiwgy2v	3.49042810748581	1.72705168529831
did:plc:5e46ua6pvoymzc6faawpdr4q	4.41812069065518	1.49262523457713
did:plc:5e5eprapvvzwuqozontyedsf	4.43026087094068	1.24499429429385
did:plc:5e5mlpbnr6canagvv2efwvpe	3.65844489673109	1.46006557198303
did:plc:5eazckvgcgpd76vnfluj26bn	2.57415442100861	1.61463908859953
did:plc:5ebiydpwnev7k2dikynj3ty7	3.31188044400223	1.53320989612933
did:plc:5ebzi2d2pd276q34skrpvjpu	3.18768279917113	0.344746460696989
did:plc:5ee5rowswlu5tjbashw45dpc	3.34331504185889	1.98415460178172
did:plc:5elcp32kezzzqct3k3cw2q53	3.51302067189133	1.44319993809621
did:plc:5erlusakxsnt47rgazyqjcou	3.75576350918831	1.8146289461465
did:plc:5ewbecf7moxbwz6mulxrzdjb	4.81099360197288	1.41389165066191
did:plc:5ezcabbjoog7kxlsxdmra7bq	3.98034306614161	1.87352177867504
did:plc:5ezn3cftv6mdcom33hx7pliq	3.47205336430734	1.80404427004468
did:plc:5f3gdv4vavpenhmuq63fimwy	4.54288164551393	1.34855380802828
did:plc:5f6a3xbz5ecc5rkqxodz775k	4.21500315198886	1.53466413615857
did:plc:5fd6mftzogkauj3jvggx2jnu	3.66984442620094	1.35451509536163
did:plc:5fjm4kw3ldcwk2q2oiqnlr3q	4.64063838503383	1.09250061661799
did:plc:5fk3x3mxv3gaff3xbb3dkbpf	3.72199870881424	1.59907123494324
did:plc:5flq5eizhibuhvqj66prvsss	3.2937442793669	1.47304577517286
did:plc:5fmky7eqcnzpg3ekkuwygf3y	3.36637413551397	1.46018823564598
did:plc:5fns2gbw2kfkbqmb7yamh62t	3.42201932194848	1.48626764086484
did:plc:5fnvltdxev6p3rgtj2qha3tq	2.82531574028235	1.85232803641618
did:plc:5fs2jms5jo5cburfscte2nlv	3.70980649697549	1.38060510114401
did:plc:5fsns6um7cognie52xyzdfzq	5.77638920878394	1.32536677661679
did:plc:5g4c6i2ln7sf4my7i4lipjyx	3.88927533641879	1.37968907268252
did:plc:5g5iyrr4xoktnnyfzsqanhkn	3.18312644999707	1.71947526716609
did:plc:5gaquqguxtilylfxzdeko5x4	3.53222573043477	1.53293162419097
did:plc:5ggapyunfzwl4eofpudtdewi	3.33993322155998	1.74398994339488
did:plc:5gmjk2fi3tih2kue3t4aa7ik	3.08870961670508	1.74888074660705
did:plc:5gqnjzjl7mdohronfsnltudb	5.27003429402365	0.608075023750572
did:plc:5gv2wpft7f4jq5e4c5e4c5zl	5.04839359857871	1.30242378611859
did:plc:5gyqdgs3ap5hmhpnux7z2fdw	3.46670536833083	1.01614524034433
did:plc:5h3b7jfsc7jt6arpgnl6ebgm	3.52025248770288	1.36272734575822
did:plc:5h4xmiooslualzxicisezbji	2.6004321101994	1.67722353354043
did:plc:5h55h62epwaexf7cpaflylto	3.8020306280494	1.65719918355931
did:plc:5h7tfko3ka5m6kgnv237w4kq	3.83623135022012	1.46911493575958
did:plc:5hen5wazdnjvqox3pxyj2gps	3.74437652853529	1.5406125044618
did:plc:5hh4qa54wqksbuw2hwl4k4sp	3.73441543542899	1.51339020917705
did:plc:5hjnuntoo7lsg3ejoss4pifa	3.06597999927393	1.68107293126131
did:plc:5hl4avyt74qiwgkiekpvny7m	3.3627307053106	1.77933838102103
did:plc:5hlvs36pr34dtadya6mky27s	3.2964451061032	1.17353916674511
did:plc:5hm6gmnwxrtuam33otszl6bf	3.60227834117765	1.75885382235807
did:plc:5hmwaqhpyvvj7wnncc5x3dem	4.72054555165657	1.20084769385
did:plc:5hmz4lczk2akm3kok6x7balq	4.13694495154816	1.63236112546965
did:plc:5hro4twgiabn5omuc6tlmtwx	5.60035450108811	0.810379435713312
did:plc:5hsuscg73tj3vi33rjgndeel	3.17775567453847	1.83862196851765
did:plc:5ht2peftbeghskdor4lwtvse	6.24696887985294	0.751194189586762
did:plc:5hudh6zedr4foaaeff7e43tz	4.42488198079262	1.59717351062796
did:plc:5i2ncdqjw2qbdj72gy2nnd4m	2.83925628425119	1.75191967199158
did:plc:5i3ngs65l2shm675zkhlghn6	5.80243719976675	1.42445785692968
did:plc:5i47zo6tv2hgifl4l6kr7rlo	2.94964676554623	1.15848841476733
did:plc:5i5ch2pd3h2wswmcupw7aliy	3.42278727119268	1.53962826976178
did:plc:5i5lcootmcece6l6sapw6h52	5.13966047408647	1.53684950158353
did:plc:5ibhzd2wb6vhauxvi66n7y5d	4.17541771598236	1.09202080043296
did:plc:5ibuqw3gbg5ip3vsvsd47ffa	3.62166402053284	1.64166625876474
did:plc:5idenfzhtdpmccmw2kyu4wtz	3.14520035652818	1.58382226849496
did:plc:5ih5t6rz2qpq6ef6menpbogb	3.65630750442679	1.66672201862562
did:plc:5ipdiut7pyi7dqltm5ccrmb3	2.74387138109406	0.595718425760521
did:plc:5iq3rqzpcgcds2qllvcmij3c	3.99377124269207	1.20718966365324
did:plc:5iuwywaczngyewbh25akoj36	3.38213795107817	1.61341220140614
did:plc:5ivcwhqhekyslrmlxcfo6pgu	3.94566105677105	1.79613220793594
did:plc:5iwuaysoiz44rp5xnwvby6e4	5.24496159680721	1.50782837591805
did:plc:5ixe5mu26xlo4nwi7j3sxqwy	3.22970772522277	1.85744976182742
did:plc:5jaawcstz3tjr5wibju3k6w4	4.79131356424794	1.00160632702958
did:plc:5jdgh6p2pecucbhg4xbcdjth	3.90970360210848	1.75744804856669
did:plc:5jmom7a2isclqzi2n74tt36f	2.34964575464925	1.47721927662479
did:plc:5jnssmbmg5bl2hchs2gasr6k	3.47815397993346	1.88656242470554
did:plc:5jsdx2xcewmqljzqn4lfab2n	3.10349263348278	1.58088896386858
did:plc:5jupyahiywvmvtcugzfyf42p	4.74548161872769	1.42558262061446
did:plc:5jvwgzys4ks2ta4w7td6bkhi	4.40780355704869	1.15264968853331
did:plc:5k23ncnryw2usnz6zemtzgy6	3.39528324817059	2.1166241007623
did:plc:5k6xsgnlfd3yqaka646npnld	3.8501641826055	1.69735578197909
did:plc:5kbwf6zmfttij55d3fk2r3t5	3.31811734535191	2.12092996033269
did:plc:5knwzhoavacybeb2ddrkfqgc	4.59419560979616	1.601198236001
did:plc:5kp6u5qwoymiq4qe6swwzwnu	3.15713167253634	2.05373228961419
did:plc:5kpo7npbxlobhmtyd7x2nkkx	3.22826046968351	1.77290005514104
did:plc:5kqihpq6mnbym3fjz23olwz6	4.12364676217504	1.39399063007906
did:plc:5ksoi6ty72qmlhurruiaiuxl	4.72016881272025	1.36522812980576
did:plc:5kylzoba6l7keualuc5omuc5	3.29434336431035	1.66275220701323
did:plc:5kytcdqopen3icy36tgi4rs5	3.7915805137235	1.30087350635444
did:plc:5ld5364lt6q6k2rzseud47tq	3.78092108564294	1.41505210260188
did:plc:5lfmwwdo4dwpl5lvrkjokt5f	4.77515763652412	1.61706303617077
did:plc:5lj2ghgrcxc63l7ghqrtpcmj	3.07918879168657	1.82662053675033
did:plc:5ljn233niw6z5obirayhta3m	4.74927752271585	1.35383696552081
did:plc:5lkdkojzmswsx2lfls4lvcw2	3.59316887512095	1.72333643784786
did:plc:5lm6dn2qxhgektfdyjuv3vy3	4.17101088832814	1.84510711685109
did:plc:5lnenkcg7mifgvuvqvkxqhax	4.04156956185574	1.14725087564784
did:plc:5lxnezhhymp3go4mi2ft6cdq	3.73353970888599	1.45728163677815
did:plc:5lydmwm2ppdy2i7u7ylvfrty	4.53626330039202	1.31811413214595
did:plc:5lzfpwxht7kpw5kk6ewa7tv6	3.07611601157572	1.94050883597501
did:plc:5m76u2vi43iaiiy3kg6squeu	3.04220645891507	1.66310947275758
did:plc:5mcfiwcb45wabs7clgn2ztzh	5.22644264294974	1.05375135164698
did:plc:5mgniwcpdy4qrk7uweixh2gw	3.30794006636961	2.04806135082342
did:plc:5moj3fexqtrybwsexudgnd4w	3.22014869243046	1.74044473085799
did:plc:5mrax62u74vsjfcrgnrwrkkn	3.48408984791208	1.47511764308116
did:plc:5muro3csstuo23efxrzrb6pn	5.05468397429053	0.946161059162179
did:plc:5my5qxiumfsusluul7upbw3p	4.27176099197135	1.72493337819331
did:plc:5mzcobm6skrplyqol6i3daaj	3.71969803314295	1.95953808966802
did:plc:5n6nb5yvynhpstpdaymwtkhg	2.62978416364759	1.39069471009596
did:plc:5ncvmiqdup2qia67f4edr7aa	3.68023576207989	1.46935388108203
did:plc:5ne2oqhfm3kpozwisytdm4w6	5.66054213296808	1.17492689815271
did:plc:5nscs352jubh5tir4zh7jcj6	3.84911038981476	1.27086375203641
did:plc:5ntw4xrvq6bpcmr6ljmad4sm	4.13187399267334	1.72453507802295
did:plc:5nyv2gux2hkvwnu4q7mp2oi5	3.5421532795363	2.13182198483358
did:plc:5nzxf6lrgafpelpvqc4vfk2r	3.57161239969406	1.54188920013052
did:plc:5o547fpetxxfgjyvlmink5nz	4.7638112308601	0.748326815568728
did:plc:5o6x6o4vjhgsurgxpxfwb2kn	3.60851977275076	1.48608136275553
did:plc:5o7jzm33jketcqpbvo7xsgyh	3.71413975162826	1.52749040724962
did:plc:5obydmgtsmeqyxwdeu36ri36	3.05713699324868	1.73413713550263
did:plc:5orvgaupveenynu2ekt66khs	3.70276826515446	1.26386915496237
did:plc:5ovyeh42kmrpvmr6w6jdhzlr	3.04413700426583	1.80852643430852
did:plc:5p2qrm3r45uidxttabruti7w	3.07851723802313	1.70591664493911
did:plc:5p7vnzzr5a64d4hy2vfpio5z	2.87980859880415	1.46263139893156
did:plc:5padpe6jyf36v5asc36sb2b5	3.97874521966471	1.15729982502694
did:plc:5pb23jtz6qaklwr7fo53jve6	3.36694055765416	1.18807002368034
did:plc:5pgyxahe47ddps4w5oavzbsi	3.45915297045969	1.3140947718187
did:plc:5piijbqphpy3rjuteq7m7ypk	3.6922073895602	1.60069319488448
did:plc:5pm5tgg74mhx6oduz4tf7fkh	4.32433146225177	1.54339961743019
did:plc:5q4wqa535fusvgnsq7czp5al	4.4026049600202	1.05158240572715
did:plc:5qb3ytp5wgwjkmby6ei7emsm	5.30412159401262	1.16068393778118
did:plc:5qcburx7xf6ahs32hfome5og	3.51132956071935	1.63078569437272
did:plc:5qfrtpzvdpam6rvtdwzb67cg	3.68142843384167	1.71789949218272
did:plc:5qjyby5t6yj77f7gxpa7uzdn	3.74011600285449	1.30208082343251
did:plc:5qnlihzf4gddddqk2kgv4pht	4.67796859548706	1.24053985625795
did:plc:5qow45drgiuq5fyj5n6jsiil	3.93547358349089	1.38848990440425
did:plc:5qurnz5vm2uecbsi2xwzb7zd	3.57393170604157	1.73459465841741
did:plc:5qz7f6v6wefng6dmecy663c7	3.78090580943	1.28936772466543
did:plc:5r2uicjs7ydpb2w6sy7ynx2c	2.31978037750039	1.28325168449425
did:plc:5r2ytr2o3ik22sbrvvh4osji	3.30636328676935	1.34959746514408
did:plc:5r6g7jbkt4oohygfchfrpg37	3.31682791627169	1.33942869496196
did:plc:5r7ksujntycoyxekduym7i2p	3.08466461290104	1.28748254819179
did:plc:5rgsrt6iogaojkeewxcvxkgb	3.32789039603213	1.41191148741971
did:plc:5rhor6sylbum2kgft45o7vus	4.74319905408766	1.26243802081764
did:plc:5rhsoivf45ja5xvo2brlivz2	5.32171506365506	1.89893830063509
did:plc:5rkaqrekqn6lwpxpdvv77i23	3.53842664406629	1.43168773467734
did:plc:5rpch6cjvcot4763pu77wk3v	3.55371932713047	1.73499214460212
did:plc:5rtdwql7faxvinjfvmyi7l4m	3.71931979247004	1.75274356046216
did:plc:5s4k4mu32ervzgxrxwsuv4jb	2.93935228997683	1.17055763009808
did:plc:5s6xvfxho7cfjfrqikrnqo6v	4.18081526880327	1.63493366711462
did:plc:5scjjcdvhkrrki2oeulnxjiz	2.87885673623242	1.31747984274646
did:plc:5sjh3dz45gv4537n7c2rcdcl	2.99007795994251	1.72211977792651
did:plc:5sly4vugfjtfky77wje7yvva	4.22080066634092	1.08465724515707
did:plc:5sp46qnzhzcgtbswqqvk567m	4.4002123036288	1.37627731554687
did:plc:5sx5wsmloynbtd6ae7rucilf	2.57785009336136	1.68759129239036
did:plc:5tdiycfzhqxs7oursdswgrpy	3.36615376962149	1.56837355810128
did:plc:5uhskcu6bvtiurq2a7l472xn	4.46414517297719	1.36883480714511
did:plc:5utrficmmiyj3wo4umvrvvgc	3.87419408402888	1.47211900953807
did:plc:5uu6uhalxrh4m5kevijekk6g	3.42192498256954	1.39996680038827
did:plc:5uxshbngxf5zlpxpikeosvbp	4.37547497438498	0.383942781942794
did:plc:5v5me5cn4ksbarjchaxoaper	3.51866613704915	1.27994953405266
did:plc:5vd67dfvlrwrgap2y2qp7qad	3.67275193267659	1.51744337459562
did:plc:5vlr7iokh5lbdpttvadu5exq	4.39837106579163	1.09005209243372
did:plc:5vnm4x5dd246fgksfce57akb	5.16778524912877	1.66217959846891
did:plc:5vom7ac77qp2dni2fcmkm6rq	3.65714894248345	1.71145165050552
did:plc:5vovwyhhwaakxohglqalvkmr	3.78883350044787	1.56891823573798
did:plc:5vqq37a55gdvcdigztirta7k	3.18124064794921	2.00653492056606
did:plc:5vswa73vgyvlxpobkob3ayfb	3.0440530593017	1.50820810375913
did:plc:5w7xcxcfdj7q5qlraa4sbjiw	4.12337611291457	1.45945610832583
did:plc:5wbfxi3fvkxug2nrm4acx7pp	2.60339563694735	1.52390284515401
did:plc:5wi4guyk2menzbxt66y6soen	3.9428762070873	1.5089648672605
did:plc:5wngp76uc4uqeme72xwdzmxg	2.54056287046133	1.58636610106941
did:plc:5wtwbm7miuzd24g7uuu5gv4q	3.42482342182861	1.97775367541542
did:plc:5wyn43xmfdgc4dmkqkefatm3	3.02804896942597	1.86679491346694
did:plc:5x5ukfoq4p2z3wkkn6hkndtn	4.65062959673846	1.66662319508021
did:plc:5x7vqfatfxfo7wozz2ehnn25	3.24250304972057	1.47178962887845
did:plc:5xd2ymvrgnzc46nhj6raazmm	2.99060314510651	1.84717819938509
did:plc:5xmuxkm63iy4yso777t3qc5h	4.12262716183707	1.59710509742192
did:plc:5xoitrx4ujnzsbsqahemdkan	4.48079843401168	1.33020312699619
did:plc:5xopqzatmk52gkpvhw3qp67c	2.8345134475592	1.55407463722259
did:plc:5xpcgo23wzzzy5w3a3f6qba2	2.8760535292016	1.79497330870912
did:plc:5xvpeawvwuqtwal74s2cvmv4	3.01746311589601	1.40415654802978
did:plc:5xvvqt5xlqpdgmmwrau53rzx	3.31032705079899	1.57009477777505
did:plc:5y4euut6szrtwiroo6l46lri	4.47432401398968	1.31755220999574
did:plc:5y4ptf4z2aqufinyl5arkykm	3.90351030301629	1.68311467917885
did:plc:5y7k7i32xyo6ky3hshum3ubs	5.77732121834849	0.842719812869015
did:plc:5yacb2yuagwzgffcohx5rbiy	4.08587813545738	1.37265438643817
did:plc:5ycnzzqi7sbnrxcezb3yliua	4.45477446067135	1.31965108875106
did:plc:5ymenn6qdwjoskmo3wygh2xv	3.92741675378295	1.84418710546685
did:plc:5yqoepjfkhf2rvazgucyf42m	2.81721357151147	0.995559414267889
did:plc:5ystpknkpxcnafflrx5v6tl7	3.06745051158869	1.59434387317971
did:plc:5yv3yf5nuykar4a64z7ocl6u	4.91531795281031	1.21251705588051
did:plc:5yveqcpmsfyspuzpl6gqshfg	5.1194960615252	1.4969661739285
did:plc:5zdg6es2zgwxwkrukn26hl4g	4.24067781809856	1.53448394944299
did:plc:5zhpjhlveybfz67m5jkmfzwz	3.10830743129772	1.4435666508494
did:plc:5zjkyzdxcyuywgjd74hibnpj	4.26261871860911	1.82381001832697
did:plc:5zko4mhmewi4zqgctbe3fpa4	3.90964400100641	2.03104692905141
did:plc:5zlrox4ykmhe3o3rddqvfvdq	2.95478152595438	1.34738384751076
did:plc:5znsdhvtyznh3c36oc7pbtso	3.28676765286018	1.72237717514561
did:plc:5zsvx4kpuon2tfrnppbgsd6g	3.38901974373748	1.57433432908838
did:plc:5zupvsxycre3z6dwosdhckmq	2.90171174767185	1.51152699025118
did:plc:5zwaza5zbienp4iemvfmio5m	3.99823419423098	1.41607675937346
did:plc:5zww7zorx2ajw7hqrhuix3ba	3.99534715982248	1.21132461785361
did:plc:5zxb5r4nttl74tie56bw5hmt	4.63964964406855	1.34861922901716
did:plc:5zxwjx7ekwd6q6pltb57j6lr	4.04942923469894	1.36567988618699
did:plc:623ktr4owvc4izqnzirjx6d6	3.25868065584503	1.83722342632392
did:plc:623m2zlmr5c7oz44xxhfkkkz	3.34923340454597	2.12370973455392
did:plc:6273zcy6vsqysdnmgnrrmur4	3.86951876918848	1.87210574256098
did:plc:62axnu2ogxbavdm5nomjeztr	3.63936316877879	1.48967273781304
did:plc:62ay6fsva3lmlfcqufegaz6e	4.81268294109379	1.28278959112087
did:plc:62blmfu55my3qhlu4bbgi4oa	3.67847995763296	1.90291139395122
did:plc:62gm6usijr3bk3rukmlgulct	4.80239843785115	1.20481478476344
did:plc:62iksbwmaaxyic2h7uvyeqh2	4.5038238066311	0.944759203134002
did:plc:62l7oohrpdjgltfeccqhqrth	3.43057471346479	1.44761491276913
did:plc:62m3e3jec3gvnubetxyzgq4y	3.03368067708342	1.77307359530831
did:plc:62nqut3jxypkpyoz4fnfzbhy	2.99401649599005	1.93556154943725
did:plc:62oaziboskg57brja6bt6ye6	4.09937092800778	1.22831333419692
did:plc:62topkdrjfpsb6avurxaz6v4	3.14420346155591	0.938935068659221
did:plc:62zjqicxedsrvelqi53ladaq	3.77692770987916	1.457297374562
did:plc:636x47bnka3arqrjtdjoftc3	3.83684682895761	1.4456555214042
did:plc:63ex7gavtysodw7ryloqhkgt	3.03079142576475	1.96114547043518
did:plc:63glbeou5vr43tw3tsakv42t	3.62688026243751	0.967912898784398
did:plc:63qi7shd7zjptmgiqdxfydhj	3.90804486211694	1.60565864036692
did:plc:63r4drjvi2ksgj7xfv2ifdwd	4.78437010431225	1.5366408301753
did:plc:63rmwpawguuu7xwiar3mbkkm	3.07549926843902	1.34391812802591
did:plc:643jegqpbw2b6g2ockv6iqd7	4.42037912887986	1.22696503270378
did:plc:644pxyivqvpq3m3u7b3crgvg	2.75166807646951	1.73577558754625
did:plc:64fkhwdb3oucg6mgszm3xiph	3.1148998575815	1.19242155002141
did:plc:64joqlaoxjulwwepcmnedbka	4.58701133075409	0.904534725924051
did:plc:64nimvnkhv5udbaczll6m4m5	2.89626007238586	1.89159137220391
did:plc:64ozndznnblp67uxdoqv23lq	4.11024707820055	1.21103001365704
did:plc:64pyh3jqpq3enulcjpla4faq	4.14059699189823	1.00945414963008
did:plc:64zyfxhesykcimx4a5e7st7n	3.80853630491335	1.17729362277724
did:plc:653zunjtcpabeztyju4fkjxs	2.32327129146057	0.875479776065346
did:plc:654chggbya4h5f64nct6gpda	3.69069638861773	1.62219599196805
did:plc:65dfe5sy4peseepbxk5h44yk	2.84897340453538	1.27770179977956
did:plc:65elo7zewgkbsle2n53rhcca	3.83217794484915	2.08944892499436
did:plc:65kikvps4ee75onr52k5b2x3	3.48015422540973	1.43875086567513
did:plc:65r3dy2t6xfuwidxmzvctvsh	1.58314240782725	0.419053840489744
did:plc:65zv22umh4ya3tz6cr5ecabq	3.48553004370518	1.27592224638349
did:plc:66bc2siqmfssxibgreycmc4e	4.03306422133029	1.54888885411222
did:plc:66fxwtrddctvupuuxrfpvhyf	4.64725212698796	1.31567374890046
did:plc:66jn5e2rorst75t2vzgvxip3	3.4294923380501	1.78566213649799
did:plc:66oglcqf3yhtrcvtdi7wmf7f	4.43592585725775	1.49666339859493
did:plc:66zhvven5p3goxbl7yhjqnmi	2.75830379716448	1.52572453875135
did:plc:672qlfu2vo4vyfbri5qyskop	3.60103689717428	1.58245399405463
did:plc:675qekwc7qxaz7zyz32tqqy2	4.08553482840203	1.39198372422999
did:plc:67il2765hvd5yjomyj5acprs	3.96664893091029	1.20464668968979
did:plc:67jpxn5s2dulc63dtkfglia6	5.13438300476529	1.40022420263149
did:plc:67ngpfdg4ld67y4zx4iyt67s	5.9922351106972	1.33538403692595
did:plc:67t6qsvqicseiuasx7qs3wjz	3.99311250114926	1.52702295641552
did:plc:67ukinzwuceflj5aqx23ii7y	3.1548662100536	1.88885778781535
did:plc:67umqabu2odsrf3xbyynpeco	2.78819051914055	1.70358253434034
did:plc:67xgt3u5eihw4qnbrqqd4hkt	2.63102574466352	1.22223613751822
did:plc:6aguc47fjvr4oyfvwver7ifp	3.00577419567226	1.82409616520628
did:plc:6ajv7ctebrnkysrr462rwqcm	3.66829242271446	1.56960284821379
did:plc:6alq3q2h4asb4r4yptfrprl2	2.60313521579364	1.57049365317694
did:plc:6anl4uyegnskdnuhzg4wyvto	3.31331961000648	1.35145153461
did:plc:6apamfw6f5pnbsbscx7m6vd3	3.55933875870239	1.55449002619886
did:plc:6ay2p6ixiu52hnhd357ou3i2	5.85971075296026	0.838972747350189
did:plc:6b57mh43vyodkcxdzpggtgxr	3.58795432627389	1.35632729280035
did:plc:6b5jojjnq2hwaeqckthrmswe	4.22001808825922	1.28146413030662
did:plc:6bd7palzjusqy7uyi7jx2w3h	3.26687650255569	1.6580736645791
did:plc:6bjwvpf5yylii26iiexfo64y	5.67285581147248	0.962590374901631
did:plc:6bkfo5a7zxfmroqy4zgwt27n	3.15205439579725	1.90569432169562
did:plc:6bogrwxpgz5boq3h66mhivj5	4.76096211663785	1.19547544407521
did:plc:6bpkfjfpgr6y3d55flte5gdp	4.33046597998638	1.42057753472297
did:plc:6bqjjblegjz7t6xhldmlg6m4	2.69978703941358	1.23290194197251
did:plc:6btcchupuhzfvmhtrwspetbb	3.85414240484244	1.42517683219133
did:plc:6bu4ls6wb2cagd7qenxfmcsi	4.99483221535351	1.35465650732729
did:plc:6bxayep7borq4fagmfwkdqn2	3.79309749667238	1.52070380714601
did:plc:6bxliksqxywsx3l2tufxceii	3.07366449226706	1.12136138310341
did:plc:6bzpwjup4ywnzvy5llv7j6n3	3.91320880693172	1.38799400744451
did:plc:6c2itkov2y7hfw2efroluqeu	4.2162462826565	1.34343787921038
did:plc:6c3ay5rf7nyacsvehupzpkqg	4.5235231913958	1.30003864966753
did:plc:6c3hv3kkkafywtn2wfk3iqpv	3.80698813007486	0.886314318740577
did:plc:6c5udmirgcz5mxljbevycwsn	3.73651904967356	1.39649112230601
did:plc:6cbuyostj4ovhon52js7tgpv	5.26326053887195	0.889537506197453
did:plc:6cj5fwys5hu2sxsbvlxa3p7i	4.68739934109367	1.35657622614955
did:plc:6d23pnjiwtga7gjre3otyara	3.79018591422347	1.67365336464353
did:plc:6dc3agemsfzrdxjmv2fzbhh2	3.02146305097942	1.92928634282085
did:plc:6derlr32uylx2jspqlkpprn2	3.54791122839009	1.76959309054671
did:plc:6dljgpwoykndvbgdrbepxp5h	3.7112622696981	1.1440428684392
did:plc:6dp4nwdmha5zowrh5ivehcn2	3.41610720979848	0.96507252978975
did:plc:6dvrgpgxkdqttozvrnf7hbgv	2.99796127014424	1.55947546181966
did:plc:6dw5k3hsr3vgs3iuphdcgwz5	3.45105079327966	1.59479825278641
did:plc:6e2dukze2weudrcirw7lh25k	4.31431793909766	1.50334209583196
did:plc:6eqt3cnalupfdimoargyjutg	2.79446808331857	1.80290983355825
did:plc:6esqh24ukm7sd6miiycznyab	3.56283337381902	1.39777823150585
did:plc:6fcyjdg3wwahvihvagr6xtvo	4.33726724259324	1.33875772069594
did:plc:6fg2ttlob2mzpy5yhw4spum4	3.08471202398675	1.56450699665314
did:plc:6flkd5j7g3dba66b6ao7eoju	5.96788747583013	0.786314128411885
did:plc:6fmznmcwlkijqyhqzwurnoag	4.14642974837814	1.50006703194371
did:plc:6fqrujoyby7so62gshfkc2po	3.66631337757301	1.36955027954202
did:plc:6fufqo2cnbbe3ueeuaofniz7	4.99385829582408	0.57909117834827
did:plc:6g4iqhogrc3zclbzmetr42jo	3.72670742334737	1.1461304875091
did:plc:6gibsp2okhw22au3pgqg2hub	3.70678559858168	1.13430312281309
did:plc:6gtbk7iwzfgghevalarcy6kw	2.78041734801767	1.82625838261075
did:plc:6hb4vqmsqqosignv3c5qnmsb	3.92921019881644	1.49905416620035
did:plc:6heaisli2axtxomdnfc55xmy	2.45812019788697	1.23728567296876
did:plc:6hfiqhrimgp26azm3enaqumh	3.21342133508447	1.50488336727811
did:plc:6hkeexsq6ohmn734vi3xg3ve	3.39397002870812	1.52528187439547
did:plc:6hndjq3pn2r5xpybrxia556r	3.7982575827177	1.71002375075746
did:plc:6hoihlnm3gf5chy6py3ft2lq	4.93323687555293	1.5197783454385
did:plc:6hwcy3bn4utdc22oqz6qhdht	3.60055378770898	1.68583364789464
did:plc:6i2rp2bjegshlnzxiken42xx	3.614014258843	1.45861942301096
did:plc:6i3xayuipq7sbrvtln2gf3s5	3.37675742967892	1.22299973147964
did:plc:6i4uw2mmrnaos4uiul4fnn7z	3.07447615585019	0.986465682292148
did:plc:6i5fjbcgysmbd6urjjgs3fiu	3.73182015516853	1.51785229884955
did:plc:6i62idp4nn5whtdasiqckgje	3.77652485410492	1.66269001513669
did:plc:6i6tpakrv6f3jol3hiklhfev	5.86676148764188	0.927416581802338
did:plc:6iifsu7ekzdtwta6dbv332ia	4.39387377208613	1.38181800804175
did:plc:6ijhgcexbmmudgxftw65r5xm	3.84315487486238	1.60270471750562
did:plc:6iuytlwij6vrkffq5mtcdwbc	3.75120268237684	1.24306583042658
did:plc:6j3iy2bzc6h6n27s332nk7xi	4.63423536339124	1.26086126073385
did:plc:6j5rellykt2mfwrfh2b5cl3m	3.99017582989941	1.26295532388553
did:plc:6je75cgsxf2vmp6xtcd5dl3j	3.04516225829117	1.33052533679031
did:plc:6jeml4tlgq27vjhocdqruzjm	4.76011923284812	1.28828238382238
did:plc:6jjfmnmcuxzhmowuj5yo2gvm	3.96695297174335	1.20556297496378
did:plc:6k5gbjek4qca7nj2u4nsmnqi	3.41105254041064	1.33921396189894
did:plc:6k7jccbgcr7jbvgatddthlte	3.7976855251101	1.46353681436047
did:plc:6kby74ry3s6if55okqk7wwqz	4.01276650630658	1.3619097330137
did:plc:6kdksag5dn33r7eomkzqgdrr	3.95484036301051	1.43105333586503
did:plc:6kdr2p2smabyfnwpwn7saxbm	4.31916141068488	1.25735280295676
did:plc:6kecwzlmrsrth67f2rvzap6n	3.48124478043973	1.58980225615999
did:plc:6kg6emlwd6bfmyf3i5zyn264	2.35303009470688	1.01959763229386
did:plc:6khxlwtvpeoubsso3yvexrh4	3.43561990168139	1.94558608417253
did:plc:6kkpsbqq2tf4l3zzyneasi2d	3.81226506406131	1.41786959447688
did:plc:6klxfoxmdo62r2dg5m7k5fst	3.65428631685478	1.72491800874371
did:plc:6kqeana5e37ypgx574hhzrfo	3.31889403485381	1.95999770483082
did:plc:6krb37yapq2r2nxzgwamif4m	3.7557761274833	1.72288175163567
did:plc:6l2umrq7amnqapeulymckfah	3.74100105716071	1.47077515521182
did:plc:6l5p6cx7726udtcts2rw5sar	3.66711934548538	1.59720155045826
did:plc:6lb47uv6kayz4aaxcugd57qf	3.65402741675296	1.43441753471587
did:plc:6lj54mzx2viygvyqfqizuc4d	3.77581836584798	1.63056925767331
did:plc:6lkwvttxlmupxi6yfz26rcdm	2.73735608828685	1.29510776191493
did:plc:6lm4afoba76xcgiki77gchz6	3.64647473922508	1.83483586684925
did:plc:6lo352b5nbysf47yxpqtltmr	3.31229631783738	1.4990894519597
did:plc:6lq2b4x7mv62vv77uepdywio	3.85067031121067	1.03113310608809
did:plc:6lxs74s2cqnyfdmrzj6cervb	3.95527456282564	1.43960180274875
did:plc:6m2xrpqmterzau5o4dftl3wq	4.16868143352866	1.77446334885716
did:plc:6m7dxtiooj4tygxt2maq4vfu	4.50201848374015	1.26281570359178
did:plc:6ma6frsp47zv3dzoyxh7wmhx	3.68911798869347	1.89429083238031
did:plc:6mcmfjjf437kjip54lh6tgzi	5.82350988490929	0.606016721485059
did:plc:6mgc3es7l33bt4f7uydlcejt	2.92409350934217	1.84930190530848
did:plc:6mkwvhvpxxpt2pdzyjkrvvrh	3.56774515304848	1.34192505798711
did:plc:6mkyyb6gnaxcfbfcnavkqmdk	5.04609383091425	0.871367447749279
did:plc:6mo6bnz6mfzajleky7vn2r4t	3.33437148453016	2.01106852559603
did:plc:6mozyhq2hbl3ndmjibsg543f	3.89745707885713	1.46591364985388
did:plc:6mqvxbh3ypzj2v62iiq5j4u3	4.66300377003046	1.28601077033811
did:plc:6mt2ugdkrma7q3qosg6ctrmg	2.98928023436414	1.51325615230855
did:plc:6mwfdh35wa4tgdjqkqpftoup	3.30198903692174	1.53109032928553
did:plc:6mzsn6b7gbuyueqfxqet2xbx	3.9505935324886	1.50305955545435
did:plc:6n3lwugnvckbmfz2hi4sygxm	3.89137018437869	1.26889578584316
did:plc:6na5gjezryokut7doql5lic6	3.50174790677554	1.56217605021964
did:plc:6ndhvxwfnwqhyq35ukipidig	3.74104442349706	1.66529074396616
did:plc:6nenukp4p66qdn5r5ioffmfh	3.72105721938147	1.38354334558162
did:plc:6ngmqtmco6k262d7i46l7qdg	4.52175096429452	1.02637601315063
did:plc:6ngqi6slohevqvgjwr67mr4g	4.66154563114591	1.16207335487868
did:plc:6njhtnfljpu3gi6rd5h6xbvg	5.09339862740022	0.699277846962049
did:plc:6nsigzgk6m4ufjkxmciesz7v	3.9460862860935	1.44200501065085
did:plc:6obbr42k6soevqicrk77p2tq	4.36660656302015	1.30979351936214
did:plc:6oeob5yrdiaeurgzyow3f2zf	4.36387289889742	1.30009380654386
did:plc:6oltpenvltssc3ef4b66k2wm	3.5662709427742	1.6301265118247
did:plc:6ovatt3aylgiccd5qa2holmz	3.56653096758174	1.25120355958774
did:plc:6owgvqtf4y5l4rk4w7anpi2r	4.73606905636274	0.964560863840497
did:plc:6p6avhdbpebnifyvwp4d7xwx	3.94967103241015	1.27247491753144
did:plc:6pdrq565x6fxc2iygvvohjua	2.49846054853008	1.38988495181021
did:plc:6pggdo4kmcc6v7gfzvgwvame	3.47832440184297	1.70079772623415
did:plc:6pnakrn43kacylpddeprdunw	5.75924473880899	1.24638643278742
did:plc:6puwyxfjm2y4ew5xiy3v6nzq	4.39002828340125	1.31066818112243
did:plc:6py6y3gp4dtn4euegdqv2bvh	4.26526189408203	1.19417954263122
did:plc:6q5ygzzha3dkmgqpfatp5rrn	5.94328759226955	0.708918322721554
did:plc:6qa2makcupphe2p3drhajd6j	2.95542184419438	1.6030887964227
did:plc:6qadu54pw5dsvmcumawse7ro	3.61971623429577	1.62960966204318
did:plc:6qb5tzfypfdrhjg7imgung6c	3.83467502421893	1.22320871706385
did:plc:6qhd2javbw2r4oi4bas4iawg	4.26210679604925	1.08455465208422
did:plc:6qjq7eogcj6xaomxvwtl5uds	4.45753698095071	1.21670428326847
did:plc:6r337lgep5qiikacttwtulvw	4.26728641792481	1.40901858709766
did:plc:6rc6degpuhxpnustmyqx2goi	3.78462876188509	1.37684947860023
did:plc:6rcwymxrxvncth7ibste47pi	2.71962209493842	1.31353087070714
did:plc:6repjdi35hgratdrrl2adw5u	3.35559086730448	1.63703843213628
did:plc:6rfcay6jguhac5lgq2pbdjdm	5.28850216813315	0.988685867704459
did:plc:6rgj36ycmpy4cj45e2x5ht55	3.80635494707422	1.33550096458501
did:plc:6rmumtj6n2peszz4yix6bujd	4.31576352578651	1.52294306048264
did:plc:6rvh2rq2shgxlo2a2rugia4y	3.9705362071265	1.57876177725114
did:plc:6s2ib7uyrk3i5td54cgypwwd	3.03445684192941	1.8019056804957
did:plc:6sev6fctgr46vsu6gocdr37y	3.34454235490001	1.42318867473579
did:plc:6sf7nnzfwqjxg4wxiw2ozspe	4.81039948655703	1.18543841875684
did:plc:6sfjdmxxn6agn56trmkaicmj	3.91326185364001	1.38614237160948
did:plc:6sgqoyo5l7dohyyuur5iyhcq	4.31447809364653	1.38240741809883
did:plc:6sj37zgcpjxnbp6a55oor2ch	3.33658539730037	1.40777770301447
did:plc:6smdztjrq7bjjlojkrnpcnxm	6.67580150006329	1.11197189573661
did:plc:6snow6ipek5nolj75sexupb4	3.99358412808736	1.2798342297027
did:plc:6srjbciq5l3lhoxyl3s4d7hu	4.73771710231963	1.32482311027323
did:plc:6ss5wcwshqo6qfysonpak6me	3.29551044664402	1.52856793353792
did:plc:6sssizooqiinf6alfyzarbkl	5.50721549995316	1.04454944539658
did:plc:6stihs573vfn3szfkfwdfnzq	2.62902265244615	1.16770443166518
did:plc:6sv3rzu6kub2wjcq7spesobp	2.68351112229696	1.75616052494881
did:plc:6sx5ou4fomnaghbglwuq5cql	3.65709725406187	1.44103738136014
did:plc:6szagky7lwdpdbndac6lrff4	4.87095857714523	1.49649061572385
did:plc:6t2vaqqjzg4uomz7lul3pkeg	2.5744492631007	0.97228223235765
did:plc:6t46uygwa3oadoqbtedokf5o	4.55674115413777	1.36234949603738
did:plc:6t4et3mfzx2qzvm6ydfkhojy	3.19634930144317	1.23691397386172
did:plc:6t67ta4cn4bipknflwyta7hl	4.07799934094986	1.28005616414018
did:plc:6tki66mfx4kvlljamwvzuq3f	3.46556527728706	1.14213949764443
did:plc:6tot2wsgunb4o7cnszoposzb	3.46146517882824	1.71766503954882
did:plc:6twiug75kjnhxxyp3j7nbbec	4.11582745686622	1.11383660976149
did:plc:6tzhu6rba3s2qwfsm7eg6pht	6.03169592292673	1.00156977827323
did:plc:6u5cbtdlzkumqzogozf2bly6	3.85606626524232	0.918681287408517
did:plc:6u6qy3aofo35zmbba4j54zfv	3.31888110500187	1.67075459556216
did:plc:6uj77fm3dyufipck7tpxnc6z	3.6260893531495	1.29738185729788
did:plc:6urpygpbesl5c4qizkouaqsl	3.68683253766743	1.55667020612205
did:plc:6usptpdb3stnccny6i77vyxo	3.24496938354123	1.63082572067391
did:plc:6utrdrqbkqyxrczccm7khslj	1.72361083546039	0.994195423601727
did:plc:6uvpnlhgqvbyz6yvbjtjncrc	3.40236254397917	1.37135907633797
did:plc:6uzhbf323shttc3u3thsreme	3.91646191052407	1.58083493710101
did:plc:6uzkh7jwp2ehfp5e3kq7xpou	3.34139430771141	1.62299498616754
did:plc:6uzqo55ksoazcpoopcr5otor	3.14806674241038	1.57964561914058
did:plc:6v3htan7aabmnjffeqnszeux	3.68786906366115	1.45607288606556
did:plc:6v52ho6vdasgczcn7pvqgszy	5.68449707751511	0.945926878440532
did:plc:6v6jqsy7swpzuu53rmzaybjy	3.40484449734501	1.97447110301936
did:plc:6vc34icz3xk4vbaxwni4emw3	3.60961654921426	1.66154496962068
did:plc:6ved36fla5wxmgbxf67byn36	2.20523209346656	1.21852714111266
did:plc:6vhbcdhjerc5cvti6ysebv2u	5.25476430935803	1.09849742147333
did:plc:6vmp6mpkbpq46h5sjwuobltq	4.29128875860933	1.63444747942378
did:plc:6vwzq6ohuaspqpg3sa6ebsgw	4.14508413512572	1.97847506830063
did:plc:6w5rx6ik4qvl2jfw6orcnpup	2.22721506902435	0.72100668993743
did:plc:6wckadzob3cu4l743izhj2ml	5.26964410967332	0.731209682126336
did:plc:6wqq62nioo2dwlzsu3ogcre4	4.12209251935714	1.48396787664525
did:plc:6wrecd43igmt5vyaba6xnrxd	4.07622310003766	1.33726234079648
did:plc:6wtkc7war27ozam4eqe6rrjc	3.24993331063552	1.60846135387902
did:plc:6wuzvkykxve5w5boyr26kvo6	2.93223230025028	1.7010192825554
did:plc:6wwqrauenzmsnsf5exvc6lna	3.67935067107678	1.17394943065774
did:plc:6wwteclx6ruqmmbwf2hfipx4	3.30765672739452	1.52757759864385
did:plc:6wxhh3xqxgs36ygebmug3cxk	3.07071709186024	1.47632479284297
did:plc:6x2ln7icihghluolcmegiz4r	3.04568739373615	1.3742850084774
did:plc:6x6no5tuhwtxnhbnmwj3bzxq	3.492602789736	1.43446157942458
did:plc:6x6nxke5nhd7aawbe65lxyd5	3.27458933444055	1.86003557415337
did:plc:6xd7n3r6e72acjri6mucteqc	4.52806232428061	0.955470115178722
did:plc:6xjghypeqpymmrbzpkzhenuu	3.79793137439581	1.19269529248677
did:plc:6xkfosvukjwlmgiuf6xjavfp	3.29571221101361	1.31433999884542
did:plc:6xtvm6fzfwrk5thnmfp4dt7x	3.17545646009877	2.01828560600249
did:plc:6xvp5gxtyjp7f5fqpyhx677h	3.26758984436384	1.50707413527346
did:plc:6xyvc5t4nzwgsmlg3atsi2m6	5.62076216985484	1.14640716729825
did:plc:6y4xryj33hiyenq2ewrqdpac	3.16679885021147	2.04327791703648
did:plc:6y6bvknkgrdctqswskiruapq	4.53129533182632	0.970040833635333
did:plc:6ybfbkiog37w3frvdkju7dcq	3.80472770314155	1.11386394620696
did:plc:6yjm7dmnr7rh2zhrzqtacvst	4.18332350673492	1.50660737134771
did:plc:6ymallfbgjuujeon7rqfvtig	2.8652565477958	1.86456588887746
did:plc:6yrhszm4zibzhssjsujnzp2h	4.16389242143734	1.49123352190565
did:plc:6ytjiuuw65nyvjzawnmgkruo	4.26639823336992	1.64036225397487
did:plc:6z4iriv7fe22vu2czdobj7f5	3.40005649440917	1.41029508338652
did:plc:6zg565r25o5bsfbgkp43qzj7	2.97140416775955	1.88567035698772
did:plc:6zgrr6yldph46m3hljlh6gbz	3.50815497380332	1.49829102574326
did:plc:6zhawnche5vk4llzokdwpwnk	2.94202405465527	1.61466085465824
did:plc:6zhetwexccitcsfasfkt7rda	3.43975397353792	1.69037721580332
did:plc:6zk277jekbdaxhuz7y6gjkbc	4.2268058416202	1.32419353306931
did:plc:6zo4rtzcfhpzjfbl7rszri3w	3.79759846546513	1.56926519684535
did:plc:6zvfazxinrjmfu4dcjzq6iot	3.40568680407579	1.30218682074092
did:plc:6zvlrusnhp7lalir55wtoa6l	4.09384509560356	1.59719175565452
did:plc:6zwsjszejayipvqya2cn3ozy	4.21075148091198	1.4276960558599
did:plc:6zxgmwrp7pzhtby2dvpfa7c5	2.30149674943194	1.16552037538125
did:plc:722yypr6qqubajb5s5mbols5	3.36377520551925	1.68820221410656
did:plc:727zbkubalv24x5aakw5jdlo	3.93430414840427	1.38812733712106
did:plc:72a75smtc2pmuxnk7r5e5tpp	3.75779199274126	1.56006364205887
did:plc:72cjtnqrw763la2w2gibj5bl	3.40746749121329	1.35049213899957
did:plc:72cuevxsql4kqgkbangizuyz	3.50384593949659	1.72600435227173
did:plc:72dnqnzek4cr4qey4oay4ddi	3.59930283738365	1.20174823964058
did:plc:72gz5dygi74ou7lx3lb6ehml	4.43856875941204	1.53180306397689
did:plc:72kul7se4uyekvet4lm344k3	4.42927405749137	1.53894224255423
did:plc:72wgdqylapf3cxmdsg6zv5cl	3.231214180119	1.50799783683669
did:plc:73h74h77vklzezpcxlxnedln	3.07954043193822	1.13249554429432
did:plc:73mynrttq6mj4ug4alia26v3	2.96560615813427	1.90467641788523
did:plc:73qhm47zcqc7vi44dasqh6pm	4.60441166030461	1.2849501447059
did:plc:73rmidwvdspcexfq5x67nsss	6.32402864543004	1.01878264238903
did:plc:73rtd4j4hzt2nwomvponqdct	3.33411426793059	1.56112398864299
did:plc:73x6xxiaafrw743mtm56x4m6	4.7628506892331	1.05840145899146
did:plc:73zmroifos4o4hejqx4ac3th	5.89717357173335	1.09386061059532
did:plc:742xc3kwp5yyhw4dg3amhiyo	4.35869382655442	1.26460438086754
did:plc:745eqqyrs5vokmy3l5n7aw67	4.49336568417093	1.30848391933928
did:plc:745gg7azabc2aei5me7jrsav	3.58058117613065	1.49931777222966
did:plc:746ntqrwnak46b6ccwazmag4	5.60112243772468	1.11701528094671
did:plc:747heuz7lgoys3ny7owhsu4p	4.25450669832202	1.23983370640662
did:plc:747tzg4lrivgocihcpfguzch	4.08179543400629	1.45299016081586
did:plc:747y3hrwmtxtgjt5kksllwsh	3.61669747228522	1.18836513694735
did:plc:74a3p65d33rnkjtwvmdebnta	3.73991762504517	1.51513033802205
did:plc:74gnaro6gcakdkvdnlcam3g2	2.71549590930343	1.0526194161494
did:plc:74hf3hacgzhs43prlekdcvpv	4.84339761091285	1.38434731122685
did:plc:74otgppokuxox22gwkep3bj2	3.92951892583857	1.48852573911934
did:plc:74qj2uyncybkpzpgdycldkbw	4.43611438874517	1.46178748517649
did:plc:74squainie2b3siftwenclli	3.13605272982425	1.50724507233315
did:plc:74z36uj47teo6rojhdd2cnnm	3.62403826027284	1.47064865384441
did:plc:753xyd2tjmw5k65kgp3a5l52	3.6260991082646	1.6659239483666
did:plc:755nrikzjctnjeelzpcrlq6t	3.11024013321623	1.6508275375903
did:plc:7577cssatirs3urogzuasl4p	3.69752311752112	1.43064612746721
did:plc:75a6zeuhd2ms6kl46t7vxhj3	4.32789324095581	1.41361211540621
did:plc:75kswivnawvtu32leddn5qio	3.31995594640478	1.03865448167498
did:plc:75r32yfbbyrnlfxd5nmga5a7	3.26245174619946	1.27139463915713
did:plc:76eswu3qlyukauv7jpwgt4k6	4.15480276592355	1.74885467619206
did:plc:76rxusdysiufuydraqxmdee3	3.1614375701646	1.35566635820684
did:plc:76xtccuinv7rjiaqt4bkuycp	3.63035506837363	1.42690559049303
did:plc:7726qafjhi32r3dscfjom2yg	4.47858324216373	1.00032416553168
did:plc:77ijsocysxqusgo3exrmzbom	4.16614676861442	0.960604883262794
did:plc:77wap5fpu7ma4msiprm26qy5	4.02251430498969	1.6231337753966
did:plc:7a6jnyt7ctxdjcnrzigqtn5l	3.93960851095456	1.64226296811995
did:plc:7a6kujxwnhrynov66bm4glvi	3.1401379251714	1.44556084951562
did:plc:7aeye752qgc7ycmlei77pnqu	4.8461369222686	0.747154010926716
did:plc:7amqhb2x2wlztufxwshczlle	3.75615976022389	1.48709496466566
did:plc:7artkluuryzbqkk5znyaukqe	4.72861010264629	0.998672143349307
did:plc:7avw5b65sdwnla7dj7pp6jml	4.24167419849616	1.2270981862568
did:plc:7awiblkfdzbcer55aqezy7on	3.32715639779073	1.47557797244178
did:plc:7azmcq6ol666l4ix7wkgmlxy	2.75131073928974	1.4761060498543
did:plc:7b3pafwbymtwomeexqybhlmd	3.91668561198037	1.52447430682156
did:plc:7b5e5s5enjdfny327c4nkf5l	2.51492859559313	1.631611873418
did:plc:7be56dsfgdvi7mliswycaafn	3.64090158676616	1.76040910646498
did:plc:7bftpfbnlygc2czxhrigr4lz	3.1974137996677	1.7892642707341
did:plc:7bjvdcaoxkz2ohp7gg2jvomq	2.68266605212077	1.55701573578814
did:plc:7bkkyvxloyqmdq7nrn2phpte	4.06052180076194	1.51454888228756
did:plc:7bno43hw5wkfr3stos5qpkqc	3.47810375718538	1.58382547023446
did:plc:7brkzssal2ycxtdfxfjb3yow	3.59828174354052	1.42109769214096
did:plc:7bumeuhghytfogil2ibp43ft	5.09244864084112	1.1453640908708
did:plc:7bztmkscdx72hoaithvlpvky	4.39472839980036	1.5926926279666
did:plc:7chwrvwm435mzxkpi37zykf2	3.15973384651966	1.36616786204191
did:plc:7clblznvueqgbbvde3crhy7c	3.07880277253946	1.99601904895842
did:plc:7cnr6t5tcmi3lkkhsb5wt2jp	4.0060298216257	1.14672199310593
did:plc:7ctxsp767rixtcibsrvo3wp6	3.37971891485358	2.00936628138811
did:plc:7czwumqs3j2vdenut2xs33wg	3.22618928351111	1.22189675583861
did:plc:7d3vmmgmiuz3raa63rkahxmn	2.85305546822158	1.83288947304193
did:plc:7d6yjflclbotnmh2v3upa2il	3.26095215950191	1.24200362696444
did:plc:7dbwqql5cbg3i2y25zhs4t3t	2.95785652182159	1.69659209511982
did:plc:7dllerqqkjlf5f5hneqt33l5	4.02859261377679	1.50511398978997
did:plc:7dltthxlpsx6crx4s7lxfuzp	3.73253834794622	1.8824375646282
did:plc:7dtwkfg43xpswrtytvsqkuux	3.08840186448666	1.07822235923707
did:plc:7dygd6duvqhw7urfyvp6jup2	3.85285361319813	1.10186007880791
did:plc:7dzulgfedlgtu4lxno22sejz	4.09985174159324	1.32389153132194
did:plc:7e6w43xbgyxermvzayw6g6xu	3.86361160545543	1.29803618032393
did:plc:7ejucw3iyvr3s5mtifi3bqqm	3.45278398906352	1.6343896503348
did:plc:7emsv3ythmh3vtledqjnnvrm	4.90107025491507	1.84405550702428
did:plc:7epdg43lcxggyww4yawyz3gt	3.54369693762717	1.52969004592842
did:plc:7euwurnrt4cnlapptx7xiiyn	3.9847968710587	1.76742045272298
did:plc:7ex5h3fzakjjxt6puym3ggcr	3.4621083986975	1.63586150832517
did:plc:7exvzl42zn224rpe6pafrcxq	3.61023811155175	1.31041977054021
did:plc:7f7c725t5c3h3bedi4z4664v	5.23347027981124	1.02374763282132
did:plc:7fbbqbv4qftoefcbo2knejal	3.72011581103093	1.13941083649149
did:plc:7fc5itiip42jviiu7dbfpavy	3.4478428397819	1.26001127351295
did:plc:7fekwaujcftqoc5wbghsxybm	3.97713878967745	1.54387649302508
did:plc:7fgcrpfoogpg4rin266tyyvi	4.10478829719572	1.39054891285667
did:plc:7ftrj33fgrp7w6che4o6imsx	3.74466457989022	1.89124273580328
did:plc:7fv6nwyp7rysz3enclnzldlv	5.14043131394922	1.28775828633558
did:plc:7fvlrrnr7p76u5gdcksd2n4k	4.83955429205464	1.06605311517227
did:plc:7fy6e22xrbmcucdwec3cywn2	3.69206714497929	1.10079886114449
did:plc:7fzaqahrabvzhzchpxzs64vu	3.05351781067267	1.77712239370276
did:plc:7gcd5hg35vqqutp7lv2wphir	4.31877943123929	1.03513927795863
did:plc:7gdh33bj3icphhfsijx3kowr	2.95722640927591	1.44157239296143
did:plc:7gkcccel3fex3e2uuocnmvgv	3.64434880465763	1.30423182658199
did:plc:7gl2gcisvsccfa4y3ig2fgb2	3.36774184972454	1.43082284788694
did:plc:7glsumech7yempfsqlwkuqeq	3.18931533629224	1.52026376648574
did:plc:7gmw2f3eix7gl7fiot6w6u6t	2.25249455325895	1.16211630452566
did:plc:7gmwpxwvo2lootxzs2bk3kwr	6.04611546272446	0.761220208766996
did:plc:7gt2xzdmeslc2ezauwzfo74v	4.49057067732162	1.31433839208792
did:plc:7gvaeqhqyd54nwp5qfqhyan3	2.78769643621957	1.33058684509957
did:plc:7h43giaoiwbgg4ulax2rzzri	3.87302291055394	1.26095650228713
did:plc:7h4wje7scqxtmwzatfwt42l5	3.49403228401968	1.24863581121949
did:plc:7h5gromctlaqguvvp7grlyir	1.81685002808939	0.78140189929785
did:plc:7hdsgijz3wnwys6jmcasecq2	3.92314261386555	1.7451109978183
did:plc:7hg6qgxkbfevmk5cdyvuy3ri	3.86065053741145	1.27591667705611
did:plc:7hh73bm2heesz4gsyewj2w7n	3.52406022631288	1.21507051491484
did:plc:7hkespxvywv7wqsktu7zp7jt	3.71410822102247	1.70939956756103
did:plc:7i2x3tewg5lulzkzjsapzn3u	3.97709061083796	1.58843202226637
did:plc:7ia5gyyqv2will5wxhrdey5h	6.26823805764096	0.284863738989093
did:plc:7igieggvszsqzhzxygeae6sx	3.37796101665279	1.44793872909724
did:plc:7igvi4pj6o7qxbncu7tzjpb4	4.00413263353742	1.55129159154151
did:plc:7ihvojd435lxcyvx5c5r6dip	3.41820153240857	1.98719031075217
did:plc:7ios4cfxzc6llyw3bpovkyh5	4.14274499176054	2.07301381725599
did:plc:7ip6sp5ervtm3y7ym4xpvfem	3.59918638472317	1.30244349636183
did:plc:7itpcotbsemu5sprwtx2tsbm	4.1275149814413	1.60991096212157
did:plc:7j2kaufpb5pbmixsfun4764c	4.59125052293561	1.35499929901248
did:plc:7j2sqxta5b32xfbb26zq4yhq	3.62328374899247	1.86790739431406
did:plc:7j343ukrzl5fz323x6puw3y4	4.29316134793901	1.65049001422653
did:plc:7jax6rdbtg7oscltqjhaajcq	6.08488643277862	0.936005683692154
did:plc:7jbyzxqlafdvbykzhk3bzchw	3.2534382385137	1.55688326850581
did:plc:7jirjmimlbunduyj5ocnkagy	3.49224339158001	1.29678081213284
did:plc:7jknwdd5ayciqsczu4ud7xdj	3.24792588526731	1.45978542190929
did:plc:7jyqgz2zkjifoswo33zuetf2	4.45038807698738	1.4612961702292
did:plc:7k3wezswlw77qw4pxbpjfxt5	3.1926478943977	1.74132896579613
did:plc:7kciktl42s3bxwd2mmczsgul	4.01982104427886	1.35110962945676
did:plc:7kjynad5okzt32j6kuq35b5h	3.85247908625727	1.70989666805893
did:plc:7kyyuvokwrllfvo5nkuw3vi4	3.7838839027772	1.50769646637531
did:plc:7l5oup42trjn35luu7mgru3c	2.50364023612754	1.44589541496171
did:plc:7lbb4hw5ju2adgb77y5oltch	3.94475265263602	1.57995404564874
did:plc:7leqswos44e2o4zeg4dgcduq	6.08807760901525	0.857994150444877
did:plc:7lle3p3mvq7oz7gdz33n3u6v	4.22540876131746	1.74884920718067
did:plc:7lont6tefsrwyubnf2frfxq2	2.98833965062532	1.41508576030267
did:plc:7lpzzcra6gedodkckwqky4pf	2.8260048698247	1.73919721302115
did:plc:7lxxzb4vp5yvnbreuusegtb3	2.46162270070031	1.56525477952075
did:plc:7lytctu5n3juk4em7ggtoa7w	2.92679322886239	1.64018656122091
did:plc:7mah7aaspub4lqray4f4d2lt	4.39011909507341	1.2055661991268
did:plc:7mbmtjnn5jtkm5hkcwxhee3s	4.27474764206875	1.35878068349309
did:plc:7mfrib6466zekjgmvzdr7i2w	3.23537424972873	1.56339598184624
did:plc:7mhgjnoh5mqnqq74wjduaaru	3.47949672432779	1.55204251895217
did:plc:7mjk4aiqxs5owmq3a7ndkaqs	3.50410005726631	1.80632941174377
did:plc:7mmo75q62eqdkp3yexewti5r	3.70375318280365	2.19783237961112
did:plc:7mnv25a46b5jffm336i42z4u	3.15354231284704	1.55224174578278
did:plc:7mpjekezbs63cdzabzawosnd	5.87736170512558	0.906509314420208
did:plc:7mraiaeop2mwswhs2vn2be2r	4.26755486926078	1.64459384039283
did:plc:7n75ul5b7fnfjwsg3qfoynwk	3.45810421256696	1.57409957691647
did:plc:7n7mdiirfwfert7hwa4di34n	3.21916218184074	1.77412653509259
did:plc:7nil6fao42y5hnuoxbr6uhzz	4.67732111655875	1.50360810367337
did:plc:7nkmgdgego5bcid4d6st6kdb	3.2106995621093	1.54825891965039
did:plc:7nmhgircluasicsjbgt7xv7a	4.25642263010013	0.950306062205328
did:plc:7nqii35infppqgl7wpg3fazq	3.1763210677358	2.04696928545815
did:plc:7nsy52rj7ksm4cnom7obueo4	4.22177394866024	1.31295119987338
did:plc:7nyb3qkxdrvia7oub7oe7egu	6.57080228244326	1.01601311188794
did:plc:7nzqkokjulaboh5syvvlpsmb	5.66795284294903	0.976572948197356
did:plc:7o7hourj4tksq7vjuirqllpn	3.55346921936909	1.35582317770096
did:plc:7ocygxam3udfp2y7tuot3se4	4.1394534430466	1.27680139968848
did:plc:7ogro6s47lkdnaziu5i6hfqz	2.19364698203236	1.13918333314088
did:plc:7oktivisdz5lwwtlmk7cljqb	4.02504305072402	1.59617593492744
did:plc:7op5xnxwzyiorqaerjh5cbig	3.79918065103586	1.59609952657905
did:plc:7otq5txjh3ckq6fb5gfe7z4v	3.47113202249667	1.88824700289573
did:plc:7p2culnup5njsy7pjojkalfj	4.02778304548939	1.28388929646902
did:plc:7p72vkhuobur2x6kor35buyb	4.36866492221091	1.17406829332758
did:plc:7pas7suas5mvpmhp4didcjs6	5.6353351344655	0.416725690007317
did:plc:7paxm3kt2y4ioto5pgosn4kn	3.72852282831808	1.60058372442612
did:plc:7pbmr5kmittomeullvruv6ws	3.10252524656742	1.5526744261972
did:plc:7pfmv672tb5uhuzs2nyc4bmh	3.68211025040485	1.35922807478577
did:plc:7pnbhaiyudxhf4oqpteyc53v	3.94494700290156	1.38590894104909
did:plc:7poe2uschtbjoadh5ghplmjc	3.27894107632885	1.70391406621784
did:plc:7pps6ahwbu5ndq7utnmybxjo	3.13142762353966	1.86086418864369
did:plc:7q4pm3jzqjww2fxcm6jxuu7e	4.28320791815357	1.56759288180121
did:plc:7q6fkkox6nykkstvbuxc2rmp	4.26032160866749	1.48428895741887
did:plc:7qfcgkejtv2sz7sjhtjfgnqq	4.2249779754691	1.20412451614743
did:plc:7qg7bmhtlqlmsxutkkeykteo	3.73225221927416	1.29710814949843
did:plc:7qhub3o6dqq2dgua6ln7key4	4.77853212126928	1.53328637169461
did:plc:7qo7c6qmaxo6fzujvgwk2ayj	4.46206926981191	1.26629361153261
did:plc:7qsbapgoxau5chyvzna7afv3	3.81005294021407	1.57813317270329
did:plc:7qu3x3ycdyqm7zagjvu4z6ff	5.19550206553866	1.01912112511411
did:plc:7qvnag2wmk2iidyvs2yz4rww	3.5617111765335	1.5541017881367
did:plc:7qy6lcg2jiiuxgfl27wftnr2	2.96599592939276	1.35592848700504
did:plc:7qyinks2c6sh6526uqso3yro	4.56039429928838	1.60372826066535
did:plc:7r52yrmd3mmlouf7uyzoaojo	3.8788124469604	1.79708891670477
did:plc:7r67m2u2pymtjsdjqs4ks3sl	2.76305701815751	1.57699363527402
did:plc:7refmv5j74qaogd4cxobzql4	4.14950327217364	1.33189204643511
did:plc:7reo4ecdfxj2e66fkbnyikti	3.73635592188861	1.58170321416537
did:plc:7rezmhmhresh4jg3o4rsjak5	3.49307108575031	1.78230897479493
did:plc:7rjc66jzo5gaabdwdjms7dmp	3.43407994717645	1.20633904429621
did:plc:7s3hc37abcjuhjqac7tcknea	2.54967284005676	1.05116752673126
did:plc:7s3ot3p36zrlcvriy3yxa6ab	4.70781460661673	1.46452126832421
did:plc:7sm53va65v34atqargonw4fp	5.71186343409389	0.579985962870649
did:plc:7snklzkmq56qpmap34xsulvq	3.71012296274476	1.65146620765255
did:plc:7spc6dwzpr2n6wm3gmphrpne	4.41016228473465	1.33698234792481
did:plc:7td27zy32fch5r77ma6gzkm4	5.09791810788802	1.07229156697515
did:plc:7tludg6jhfgts4ppgeyb2oco	3.9023886285214	1.46340185431467
did:plc:7tqoaknamkxgjscgwi25bc4n	4.07109861712802	1.3139316863123
did:plc:7ts4dg5dqnwqy4j3pepgqx75	4.56156862360036	1.2637827264497
did:plc:7tuu5sc7pqvjgy2xddkqiwmn	4.59056628553815	1.5575803316041
did:plc:7u5kzo2664vq6c2b67fixclu	3.91060637430288	1.33569085373814
did:plc:7ucdbp3xnoe635fez2db7veq	3.58331448440462	1.59946827656456
did:plc:7udm3gmb5i4f3ow24idk2g7z	4.24973739446537	1.21635723648588
did:plc:7ueno3ydutw7fjje7tzm2yik	2.28597481272111	1.49623458271007
did:plc:7ui347wddrjh4hjp3uxt6kwr	3.36260976603085	1.9608693001518
did:plc:7uj6sxkkquey2m6dusa5o2cu	3.55007829830964	1.62217957304686
did:plc:7uwvloz5lnqlsslhs5tfe66c	3.57037652354058	1.79017099471672
did:plc:7uxyhkkezplmwaurnodect42	3.47680589820471	1.35795470941122
did:plc:7v5fa5vpsru6ugwohada37tu	5.35430307635224	0.962446450279191
did:plc:7vb7g7dvpv3rhclhugeod3bf	3.63523723181906	1.47144575253311
did:plc:7vdpys2ixoziijnuhppqzb6b	3.73165986544488	1.39278275597151
did:plc:7vnmfkrp6aivr2rbvgkxciy2	3.24111338196497	1.58491642872884
did:plc:7vp2bkpirslprnboyhfxvx4l	3.49538084082346	1.258205710948
did:plc:7vrqqsgcocpavesfoknn3oms	3.96742396296268	1.1608638827714
did:plc:7vx7hudxho6bkuvsp45bzdja	3.8936427122457	1.32704623824511
did:plc:7vzmp4sfqbcy2zjfoqjg3vms	3.36984317942183	1.20041678824086
did:plc:7w7idrytyq2q5bsvej746spk	3.82948738972846	1.43610036683684
did:plc:7wcph55supqzkhzxwntsw4n5	3.42881029795957	0.87284335135855
did:plc:7wed5kvjnucpe7ipro2jg2bw	5.90252181291706	1.0330992048067
did:plc:7wevywdesq77fx6uazqd6w4a	4.09772062016531	0.896433970878184
did:plc:7wg7vz6yvmxxwy6az6qxxhze	3.91974586792527	1.66964439359397
did:plc:7wkoomenvsk6pkkodc7olkgv	3.987343702728	1.53009115540202
did:plc:7wza36f3cbdpyrlavnakynlp	4.81011982533368	1.43163805272508
did:plc:7x6xshhjou4ijit5qjvyput3	5.49567362977439	0.952970052159019
did:plc:7xavfq2psdxq5lic76dvx37c	2.94388352770219	1.488582664114
did:plc:7xe66gworczvsuxaidbtdevp	2.6985529066265	1.74020972212699
did:plc:7xl3z5wtffydbb7kyesjsim5	3.76562741451691	1.10525624513482
did:plc:7xt5d5hpoxixbsc7wwykg42a	4.40633384457334	1.39673784824131
did:plc:7xver6fqndijyv6krbrubtud	3.46656210781458	1.58683775335864
did:plc:7xvo5igdq4wyk3mhu4fsubcx	5.74520847269881	0.629990205420711
did:plc:7xzyr5unwarm4bnzkvsvrdkl	4.51972708004312	1.3379950477493
did:plc:7y7w3emvvirrixpyt5sjysd4	3.08446394298005	1.57591500736738
did:plc:7yenikdf3267l6m4vz6fbydc	3.00240827959069	1.25649147560079
did:plc:7yke6dgs2aokxa3rexyko6ap	3.69175817864901	1.3982040712214
did:plc:7ym7tlibs5pyolb5tvnjs2xy	4.58488718434094	1.87287630676409
did:plc:7yqipgwkfd6wny32augurkgg	3.38234227175159	1.32813337417775
did:plc:7yrv7ex3erk3gjrcgzc3qu2d	3.59210632884511	1.40026574696268
did:plc:7yv64ivs6aoafy4t3o3uftv5	4.17536879219202	1.46010911038023
did:plc:7ywjhzd7ek3l2pdn76buh7jz	3.92061586618364	1.35354703383029
did:plc:7z7xao5tx7igbhao24m6frg5	2.47951819036411	1.5718649502378
did:plc:7zaas2gzygjhoerfaai3xtjg	3.98087350941044	1.46461909602794
did:plc:7zfcnnagck3iuyiuivk6ie7c	1.89042676449354	0.699010367677212
did:plc:7zg7i56phcu3rwo4nghxwm4x	3.56085075557603	1.82633344829232
did:plc:7zyh66rrin7otg2643udasml	3.81941216367528	1.26815455189697
did:plc:a2bbf6sagz67e4uneanokc5z	4.05267787994871	1.61441092519609
did:plc:a2cv3lcljkwejmu4smaor3s2	2.70332030098305	1.34409153011222
did:plc:a2dxt54kj34qafkqf35aplmv	4.72070002364275	1.08429415751472
did:plc:a2eawszmrlvmocrivdsmcbwd	5.30164382583456	0.812781040616112
did:plc:a2ksbih4rzmych3hjgplnuh2	3.48725077587748	1.33021124176438
did:plc:a2lxjytm4xc4jc7zgytdokqe	4.38958968029534	1.1980208611959
did:plc:a2sh7dfxk7wlbqx7vxp3kz5x	5.43852550842881	0.719412069787307
did:plc:a334pbxfzbqrmjhser36sani	2.74629487565617	1.64956360031653
did:plc:a35uj7favgoaokah6mmdpete	3.12358600194299	1.8005661646815
did:plc:a3ai3z2rsukj7jlfhglcg3g2	2.9452938684857	1.7740052750033
did:plc:a3cjazdu7es6m3mzd6slipwd	3.98058910791387	1.55817238194089
did:plc:a3fvjeshiceu2a3xbxziawqb	3.79575612016866	0.993423066649672
did:plc:a3imqsdkmc3l62q7xu4y7v4u	3.70802537495086	1.02995363737919
did:plc:a3jfnrrumbzspkaxzmpjm6zr	5.01925874423142	1.36181373326513
did:plc:a3pkog3up5gfed6giuherje4	4.04380718293597	1.55655132931703
did:plc:a3v7rovvpb2wopgqzxphupsa	3.40190843458048	1.62881872321941
did:plc:a43odwf3fe7anataaytcfusb	5.3068046795623	1.19135020341924
did:plc:a46jna7dq4vug7pg3ikxqlvk	4.31109701073561	1.21058691215666
did:plc:a46tpb2vqxncq27dnjoolney	2.51871677286557	1.25233543939448
did:plc:a4bkttpgjoempyapthian73d	3.23672349695741	1.47744344305821
did:plc:a4dhqg25othzp2lou4butqdv	3.23587512769117	1.76372763744774
did:plc:a4efj5pgkufg7a6wad3kikho	2.75165228747073	1.47621065115877
did:plc:a4i5ufoiq2b2qoowe7y3zqgf	4.11429223686389	1.34650646479571
did:plc:a4qvt553nqjyxekwlclplxap	4.91592732543191	1.5444498992749
did:plc:a4un3ctxqy5ze3ou3gllmdyn	3.35890293495807	1.44403690343209
did:plc:a4vhp5cp3fov474vrjlk4rs4	4.08011049782866	1.56100790878894
did:plc:a53ypchw2wpwxc3pock4kl2t	3.61470674825343	1.71394766733436
did:plc:a5bwz6fmp3eyqldklf4djd2q	3.9545260301186	1.82788184735776
did:plc:a5fiokj3uj5ogwek2kjyt5p4	3.80727409980671	1.76322979760018
did:plc:a5ik74iywatwlgeifnes3ypp	4.83551256191434	1.02971895258443
did:plc:a5jktjsetdxt7pkgmhzz2peu	3.26005624501604	1.47696740009355
did:plc:a5nbflm7xzafvjvk544hxv6y	3.27170429301896	1.57870707067857
did:plc:a5rki7pqointvgfq3wnqrw7c	3.71822623899541	1.37092998981804
did:plc:a5rovvgqfqihpzb6gvmiy7l6	5.32027301637145	0.643656725394443
did:plc:a5tfvhztpfwveomkar6aycww	2.40341569790902	1.281637526905
did:plc:a5vlyhukemvocuu7xtkgic4j	3.60462119753905	1.68146078128786
did:plc:a5z3jfnztow5x7zdeuwdavd5	4.42092928900397	1.35595015399877
did:plc:a65ylsyhcjudwaier7wrylf7	3.62583114990607	1.51053232886283
did:plc:a6auvgahw42tttvrax5eco5v	3.73282271181823	1.50719874566252
did:plc:a6fhqk5aa37akkllmaldpmop	3.90561896083055	1.49730404054542
did:plc:a6kaktqi5x27cptsppbisxyv	3.93373185333798	1.24494789142525
did:plc:a6ut4ngbjj65tolsnjhb54b5	3.83629434073559	1.39824452361466
did:plc:a6v6tl62lyco5nngqxf3qwq5	4.59958230001607	1.36244860791389
did:plc:a6yb5v5vmb7twbzc2gmv4lhw	3.31860197741266	2.08113877082126
did:plc:a72mfhmmwr3gpqsuomc662jl	3.46682120864207	1.79939819375678
did:plc:a762bdsstk5sptl3mfm5p2z2	3.64536518817547	1.52685394171248
did:plc:a7cutz7af54qbbwmljlp3clb	3.93753772409014	1.37682479283114
did:plc:a7ezk34ywpcnfuu52rlbk6q7	3.25745121057471	1.58259958567338
did:plc:a7wefqe6arwnaxtfjdpjbj5t	4.10698858735355	1.72034241168012
did:plc:aa6janlol2nijtrko6arafpa	3.12264273106111	1.8911852279046
did:plc:aacankhtgcnbbekghdvkjkox	3.50842240224391	1.82534662558677
did:plc:aadfg6a6vxfqax5emb5ejred	3.89808044354313	1.51776528397225
did:plc:aaes3uyknafcyocavn3hjpuz	3.7451600872017	1.81083124427215
did:plc:aai7ndrd7mv2xjyxanu3xghq	3.36691783212138	1.45750913869429
did:plc:aal5qtmv4wjvdvwpmengthrs	4.20988378655645	1.5136509352457
did:plc:aany5srp52gn4w5decfukf34	3.86128357721878	1.33576009161046
did:plc:aaqm7tpgjze5vi5ibet55sye	3.22298721183334	1.43006431643928
did:plc:aaquhs7pqwqsvh4vxlo7i7gy	2.84225670897092	0.34297085967211
did:plc:aattexikjlpex2xxdod2el5y	3.3810857827387	1.10252764989188
did:plc:aav6tfepbujkjwqv4uojv676	4.69876476208012	1.4980809313315
did:plc:ab343kko4kxjxta7zfddwfuq	3.51773391790427	1.18280270650973
did:plc:abcadujn3aiq3viajfhromzp	3.90558185463653	1.19180273642222
did:plc:abdj6zdyjhs4pn54jefzm3bt	3.26425132104857	2.07251723869678
did:plc:abewb25a65arvstxcqns624d	3.35357178849071	0.826835793681788
did:plc:abkezghpoathgjgm6g4u3jqp	4.78124923423803	0.385534493747921
did:plc:acb3v76bzqlk2ht3ivjx35di	3.95786926527358	1.37593718711095
did:plc:acben24rbdbsshz5u26bah62	3.92137428782653	1.30265752521216
did:plc:acc7uhbevrxx7z3kxffiyne2	4.10156644277496	1.77157509867055
did:plc:acffk4uql4l4c2dzrnm76mux	3.62524458141118	1.29609574028684
did:plc:acfjdilwz5ym5byrtcc3da7i	3.55592802920085	1.95266045128481
did:plc:acfnef7fdyi6jj7n6cvq5fnh	3.27719833363303	1.46096458639739
did:plc:ackyiu4aw4bvhpclk5eoqvjx	4.09276967911075	1.40134446200847
did:plc:ad6pu3vpxapefqjw2dhbdpwh	4.60037767277356	1.29833702348542
did:plc:adbadzttcrl2pei4h6yq2znl	5.95605016884806	0.979664714643583
did:plc:adhj37e7badx2h7k3w4segq6	3.04628372731283	1.37034944834041
did:plc:adil3wpcnebqyjcnc26aee5k	3.46951737129728	1.79199473677145
did:plc:adpxrwlmcm75hej6hiqdyiiy	4.1170383881945	1.51780394150752
did:plc:ae44edpl6ikgkkdzn3kwqxtv	3.78732031832608	1.9976226224173
did:plc:ae7lraps5sjivokrrajuk2qj	3.4156324294486	1.56782507212815
did:plc:aebq3a56t2z3p2kcfjeiurze	5.67910178060564	0.776292164031596
did:plc:aec3v4cxo2ly3cyuf6qz7ezy	4.82608846434002	1.3292527869067
did:plc:aejcplblytkwwk3xyipouh3w	2.08025493131294	0.864728203943038
did:plc:aekrdrrp6ttzjqy2im2wm6p7	3.78419336465781	1.44722403451613
did:plc:aep6mpl62y24rix3p4faudaa	3.23883552720107	1.74141092739935
did:plc:aeqs3a7o5kri62zayzrxjydb	4.45353314138607	1.29659768235643
did:plc:aessvldibhdlo5xyz2wpe2cu	3.9815867575041	0.852657420473544
did:plc:aeyievcarj54vgrbani2ato5	4.10148763677603	1.35647188034484
did:plc:aezbrjcyhsrsaudiup5ehecx	3.71716000831442	1.20795182341984
did:plc:af63u7rt3otignfqrdkxijgw	2.4774281486515	1.25979808629817
did:plc:afbh6d6a52f4yx72i7gmxr66	3.44609605028611	1.79846566088704
did:plc:aff5dalvawwvka2omuq23flb	2.64614296782653	1.37949499407893
did:plc:afilwcrwnn4crwljtzab3sde	3.68810366429165	1.41812068202686
did:plc:afnnvookhzgjifcxapqkictk	5.33980718184118	0.808938509109769
did:plc:afwzffszcdf4j6m7dzai53li	3.18729653413498	1.43948206957131
did:plc:ag3ij3dnsetc6s5we56vokss	4.58695092787585	1.13311124590808
did:plc:ag5xosqvc6q7ztduq4sml4rk	3.98238788945435	1.44568998110352
did:plc:agclh5gz2modh2q6rqrjgyrz	3.68685275775064	1.74416105657428
did:plc:agknwijheobcf3cyx466hcdp	3.08046893460571	1.66072520072384
did:plc:agnhq6oelvk35q66wk5b4dib	3.61883537772889	1.50959156388136
did:plc:agt5auvjvgvf6yiomtdvdjp3	3.52991997296646	1.47763563338168
did:plc:ah2pmtjofy2bcsodavqjkhyc	4.73526854889032	1.2935324991822
did:plc:ah2st4teldslrl2fe2jro45n	2.66815583981252	1.49797992933326
did:plc:ah3gotu3noeqxrsk6v3howwo	2.99343427189021	1.7207311158505
did:plc:ah7mbne4zp2dbgfjv7gqerrf	3.7617977053637	1.25544140827484
did:plc:ahaserb5wubkuubko7g2iqlb	3.70771055512784	1.55604189863931
did:plc:ahcycp6zsd555lqvet5zxb6d	2.43830147913049	1.56675483324342
did:plc:ahieeyxlz5bezubb6yjbu4yh	2.57741695655673	1.64322681901709
did:plc:ahzidp5so3xiqzuy3thyhayf	3.99537916428567	1.39932711852099
did:plc:ai777q5m2jrlav7iegd5a67v	2.58795941505485	1.56326563543953
did:plc:aidvza2tvzkofukutpjsd6gi	2.98113756742433	1.39091733346559
did:plc:aikiimansxpbsfyu6lgxveby	3.70636893608164	1.62979046381981
did:plc:ailffy42sjyofgmmq6az6ll7	3.43539608262547	1.31862460843574
did:plc:ailohce4k4voa3w4gi4fky3i	3.16486932165679	1.69293272962371
did:plc:aitulbkc5iqlkixyx3r6i7cn	4.39520763994994	1.28836111239476
did:plc:aiypyz34rzs6ghu4ecykrofx	4.17771323606452	1.31142058498616
did:plc:ajdmw67xp75dpezmprbchlez	4.00259435296707	1.53578513537977
did:plc:ajk6ikq26fdqfkykkexsfwru	3.10195755126491	1.85186993546913
did:plc:ajkxu7stw5xeiezpefui5yxx	3.27284065386276	1.98317388236763
did:plc:ajmus4wxxwbufufountm2gcu	2.60665803364225	1.57617788079488
did:plc:ajpfmjjgavaytee5bwzojhc7	3.43554289991752	1.96230487392013
did:plc:ajsckbgwkgopbayqrbsckkum	3.70919713434406	1.38763615073749
did:plc:ajsi5nqbti7ufne6ncykxnr6	4.27024601537725	1.53540986901735
did:plc:ajuh2pbfjwbnu3bdksfb5clp	4.31097456080326	1.30817709437382
did:plc:ajywfrd362agb4moqlccy2gn	4.2107518930399	0.967938324649601
did:plc:ak5maxplgt63g5sltlmtpimc	3.23932411511835	1.56498292087473
did:plc:akb2i3f7ajqvso4m2neqns3j	5.19463586654871	1.62952653010419
did:plc:akclzbtahj6glvhw545x7lji	3.77613558909121	1.41912276589976
did:plc:akiztfinxe5cbxqnbj33akp6	2.8790768233392	1.70805831930357
did:plc:akjiktfqy4j5ipcqxpczyy3r	4.5744410269891	0.961472759876982
did:plc:akklow5xkh4khsas2xlddnjg	3.19702342847695	1.65030926495089
did:plc:aksckhdirj5paef46i7pr2gv	4.40180021715407	1.45492292992445
did:plc:aksroc2hoo7ilcdunerbhqhd	3.61104922022293	1.56702293654893
did:plc:akxxbm6rvpvjn6bastf3i24q	4.0737090399894	1.44073726141446
did:plc:akym4yzr4m7vsbgu6vjn34cj	3.27694138251802	1.56230426564445
did:plc:algivwhznikoj4gpore2ieea	5.12809472179063	1.66321776434939
did:plc:alh5rj6fzwfb5v4aefyqije5	2.77761437438087	1.64209769415204
did:plc:alhqqi35frjdrv5e2o2ayo2n	3.11242212258202	1.89258884633324
did:plc:alkxauij57s6a2wxvsuarm2g	3.68467282648656	1.11710546681856
did:plc:ammwqtx7uqkel2df4bzwaoaq	3.3592767761855	1.58380433168871
did:plc:amvqn675wp4iid4dzqvagprd	4.12123112222881	1.0715937608041
did:plc:amx2sgnfq45srnqxxfpeqsir	6.06819786394781	0.986681318221304
did:plc:an2cljo3xhgda6vcnekk3ewy	3.76524214812524	1.40607660134566
did:plc:an2qg3tejjsvpeey4mhopnlz	4.21682602720711	1.32399057382821
did:plc:an57wmx2x4yi2h3dphkwsajg	3.56845857367661	1.43825178573861
did:plc:anb6xkjmtzhtatbtp4fuenvc	3.63879164288791	1.53807389641333
did:plc:anbyz5ggudbjbovo63s6oqqu	3.51664730723806	1.44169492094708
did:plc:anfr4jhj6k2mnksa7cnj77t3	4.18197441633193	1.65762358841995
did:plc:anlioyrdpirnnwotoy2zzt5y	4.39968971167802	1.28935145945775
did:plc:aoaozxdt5dyhimu6lsstj4za	4.15590931082932	1.33942819538939
did:plc:aoccphjnmrqqi5polzxswcc3	2.72251103666438	1.45295719875472
did:plc:aokjl7a4y3go77w6fqgdoteh	3.61288818100277	1.49625740958917
did:plc:aol4ig7lttl4u6njlbieonbc	3.2869994628183	1.76056857780549
did:plc:aom6dhqp4cbunoyvbe56jdej	3.30512754311623	2.08033871546128
did:plc:aotz4o4fd3mdtrbtydwbmb75	3.89862914075927	1.16424356411948
did:plc:aouo3dmlyezmmscrltslpdui	4.02667238832296	0.382963077537073
did:plc:aoy5yf3hwlwlm44fv2iu2tvt	3.67128012864331	1.29306646763339
did:plc:aoyebiidht7s27i2bwmlvh3f	3.34561287647444	1.45324052796537
did:plc:aoyt6qmf4dkz3ejeonad5le5	5.67807321147624	1.64219907704072
did:plc:ap4lguwlcdaydg5sz77jittt	4.5430400297761	1.39941432077057
did:plc:apan7duorqj3tinojw6zv2bk	3.24098512399111	1.91623054707995
did:plc:apd46253oqvjwe3df5ltwlh6	4.21750848609915	1.32351693225328
did:plc:apeaukvxm3yedgqw5zcf5pwc	2.19018972466602	0.375837862714927
did:plc:apstxxzh7mgdftb4o2p2g7ud	2.78409030850762	1.67705525595977
did:plc:apwpeorkxsj6rtieyuvzgtff	3.1179475270713	1.42622512140456
did:plc:apyutk4e4d65g6bp26s2qra7	3.77389335244704	1.86443040678909
did:plc:aq56feyqewwmyfpqvdcwu7b4	3.58337568212844	1.34724472431763
did:plc:aqaw23faiuc6hb34tmm3tgnu	3.98016886161055	1.63569221759096
did:plc:aqcdvpozuserxmmscz7p5u6v	4.47822876041792	1.41309630321465
did:plc:aqe2zmdnnqwa6zwv7gg7eo4v	4.00145280626025	1.52349137175621
did:plc:aqgbfd56h47v2zxn4kd23s5u	3.86048018186862	1.42662872789513
did:plc:aqmet5dxrqmhtzngz2eqydyo	3.11566444563161	1.75604908077037
did:plc:aqojbqytrgmjm7i6fmiu2bl3	3.9463909606742	1.46217509474318
did:plc:aqs6nwlv5jwexstgd37njxlh	3.2383926972601	1.59623729715993
did:plc:aqwsyjtddklgje7ioe5k3o4v	3.43820647531732	1.45299868921543
did:plc:ar2rbkrsyyodyierxgphxwnf	4.25267645714907	1.35231226897837
did:plc:ar6mk2i2tpzuziidu6377nat	2.86538111398892	1.83466344517413
did:plc:ard6igyuupqwmtnqtry5fxtm	4.92880072965516	1.22413426248895
did:plc:argd7xhgif7mm5qaiycp6sv4	4.05863309072741	1.51147568439147
did:plc:arkicechqeogkuolow224ba2	3.35018436503245	1.46474047752594
did:plc:arnjeln7gm2llkqekfv5hh24	3.77970744287367	1.22656570768038
did:plc:arrpq5b6snyqt75iimq2anxg	3.52226149912187	1.67223451127831
did:plc:arrswugsg5kch2jn64ovhmxt	3.43856143020871	0.679941248653624
did:plc:arzrnptu7oxwtolr7b54j4qd	3.21537705120445	1.41874634668733
did:plc:as6yj65wangovtygxgvpsnv5	3.66276373219386	1.61876388897163
did:plc:asb3rgscdkkv636buq6blof6	4.0937668038249	1.93243376665051
did:plc:asbm4ney5kalt7zb2gri45as	2.58074584743587	1.50127891923296
did:plc:asevsmqwqpcuu5qb5uz4hopp	2.99836421978562	1.32122694460207
did:plc:asggmxkci3e3k3h5omppe3xh	3.53975812561423	1.55628005993644
did:plc:asgnepdxq5bodl6pg3pdwz55	4.56154476508671	1.46419505030685
did:plc:asiicizfzp6pgcgsi6ues662	3.80388071918313	1.32847434495143
did:plc:aske3ha7qi4gm2fskxuxo64h	4.86910997377007	0.989193620549223
did:plc:asmimv3dxfxzwgb3dj4c636u	3.75291688622089	1.75469884002226
did:plc:aswsqcnfcnpbxkry5c3unm5t	4.35425838961837	2.24371359062704
did:plc:asyaz6jgyscz3rftl7nnz22h	5.54459673202698	0.575128801168603
did:plc:at7vociqmin5bgqt35tqr3lp	3.19520363691101	1.65490422460588
did:plc:atemos4evpjrvsokjfd4bpyl	4.14124242465999	1.23751184362695
did:plc:atfle6somx3m4pz5bhl3znbe	5.54508372794117	0.936781761856824
did:plc:atgovca4h5gc3vw2gmqtrz6l	3.96383167895077	1.52955151175187
did:plc:atmdcywogqmpg4spjfp3wea2	3.82692414108644	1.59960494166178
did:plc:atny7lx4odxo57qulsjfirmg	5.15992503861665	0.932312099491004
did:plc:attrpbfyc4qewpdkfe4g66fd	4.3439301404377	1.14790606297645
did:plc:atxzldyhp3wweh5gidten7ga	4.05094188682023	1.32521705504761
did:plc:au2h75mougmx6kqblqbw24xd	2.64346123700377	0.636778550356771
did:plc:au6nz6eg6farqamtv6rlt4mw	2.81771572086035	1.56001111149611
did:plc:aucxn7utcdzxets5yq2fj253	4.02751000039032	1.83714354850539
did:plc:auiyaf6wghvstgoy5o7jdtf3	4.03069238357574	1.45788484283261
did:plc:aujhboekm4ijigtorl26kbmx	3.40416470988785	1.61952922607646
did:plc:aul2xtmh33tuav542zyhe5fw	4.4186003853058	1.70827668340331
did:plc:auoogda4g5gwd76ank2q2hux	2.68190353652217	1.12207378710604
did:plc:auvcjhok2oa5tso5atuh6ux7	3.84631785837534	1.75667722005226
did:plc:av4w5etsfmtjxjm4xokrm6pe	3.889701818105	1.5907577757479
did:plc:av5lmedriil6qr26d4y5hudw	4.81255641057872	1.24677474035687
did:plc:av7fgpn3iqe2s4wxyzgz76l7	3.40654747138883	1.69866957558906
did:plc:av7osgfxkus2gfdr4bdsjkfj	2.98509744630353	1.40991596161778
did:plc:avcb5ykg7jifcihl2w3r6y4i	3.0861965211287	1.6486534919944
did:plc:avijy3qxe32yyo4k42p7drfu	3.60546367520856	1.59537480967573
did:plc:avkq3nbby3a53kped6z4cwa5	3.63847488703921	1.58923591632129
did:plc:avl3tu2j26hz3hvfrrzcqtyj	2.96742510845885	1.41306282852869
did:plc:avqrfhl75hpyvkckwdm4au7x	3.32438395115871	1.06677227575203
did:plc:avrw7fmc2gcwasixpz235nwb	3.18438631000229	1.9950907235618
did:plc:avwocpj7ypw3rasdd7to3jtf	3.95553677928314	1.22781259592223
did:plc:avzlx4i5m6wpdkfwhs2ozvhe	4.12430078359126	1.65234620609948
did:plc:avzmlnfbockfbrk4j7ssiqk2	3.06106652022228	1.39905769840862
did:plc:aw45nvrxhylf5zglz6lxw23w	3.48870089668407	1.61210647253745
did:plc:aw4tmtcbpna4oyvoptkoixvw	3.52524034040975	1.31701000846519
did:plc:awaicc3moooygb2i43pgp3hu	3.02543609324047	1.67706784105864
did:plc:awiypc7puc6uvlxwxzvupvup	3.51359134891622	1.66852391048436
did:plc:awrhfiww5wzn66mombqpjz5w	3.44382293953532	1.70653848963056
did:plc:awv6bppgowosbnca24jdgiwy	3.977490660771	1.46384437111113
did:plc:awz4b7go4emf4kgiuyomeqiu	3.08761477261181	1.71207970168307
did:plc:ax5avgczpsunuyjit5kdyxaq	3.65350629070349	1.37072135045665
did:plc:axawiwv3vfjqdakovoahh7jw	2.99014181243865	1.28040329559778
did:plc:axcmryfowpltnshobchzens4	4.18403664240322	1.47651982425467
did:plc:axt36iino2yjcfqxfzadwpck	3.78876034282136	1.66149417415281
did:plc:ayaviv7dlxg5zakfeu73p5bw	3.48627587214011	1.13268391217104
did:plc:aye62amndblava3g3zng3e56	3.5715124799542	1.87291426545566
did:plc:ayqajfeysfh7fa6qs3wmatqe	3.99136355692071	1.30537122876518
did:plc:ays5mvsgyl52tqorgfn4ld2z	2.73622138385514	1.63076698804608
did:plc:aytgupxlaok3uupz2ohb4av5	3.65789703258094	1.29380094023511
did:plc:az5ysfsxq247q6tkeni6nejo	2.71596789511375	1.19867604623502
did:plc:az6v2mt3jhovbuqud5djpscy	3.78681728467272	1.32811353836334
did:plc:azkdu2x5xto2i7kkbhn7hn5t	4.80428120672854	0.898961527416177
did:plc:azx7ohmb6env3kwrkdh2jslw	2.83846741867708	1.7855333913717
did:plc:b27xr4zbgephoprlo4zemqw5	6.11799517545851	0.691131550596267
did:plc:b2ezd2t3lmxzh4g73kzdxe5f	5.04496938467743	0.930597508776098
did:plc:b2h7eyhhee465gn3zmsnbkiu	3.43066709020741	1.25764617711867
did:plc:b2ii42bixgch3lcmgam63znw	3.49552867667911	1.53715117914064
did:plc:b2nmbwg2b5l253cfqyvxv6zi	4.36611986737342	0.993302902762865
did:plc:b2nxjjp4ogtqaos56uxxzmh3	3.37539633686121	1.63824276271938
did:plc:b2sxarmlwgqaajyhc26lpcri	4.32152915631705	1.33262604703476
did:plc:b2xw6ycffag43u6eltkesrbt	3.823501170034	1.22153583935782
did:plc:b35vkurqfazwxi422tb4gzyc	3.78742419103938	1.45922371262007
did:plc:b363fjzyvaiuappffewym5v7	3.01865741257906	1.26503180133427
did:plc:b37kuhhkfuxjw4am6bvy3egf	3.36708114446669	1.26003290906294
did:plc:b37v5x2qrfxr4isc7s7c6mda	3.75289492319731	1.40473535402887
did:plc:b3citfqmxfepgd55eav2hkxb	4.07652378942128	1.06158691127797
did:plc:b3jdd3mrrm5xgdvfprz57ajn	3.95857305132706	1.30735316376109
did:plc:b3lqwwuapczr5acokwq4tiuf	4.50695698980366	1.25868364759939
did:plc:b3pdv5rkmqkrfsoo7fktpiy2	3.41125665462731	1.71049476968916
did:plc:b3pfyikckf77gtuif2eue65x	3.51094318991916	1.56293331326971
did:plc:b3rnspqfv2c3cufqfs7czxw7	3.39127440986548	1.65605959472027
did:plc:b3vnkpzmz526q5fq4vn5y54p	3.08528874850875	1.89526800315157
did:plc:b3vyf4eh3iuib6jkn6hrtplv	3.77977240981972	1.57929431121131
did:plc:b4djya4kkebwufiqbxgtekck	3.47331389080043	1.43267760484414
did:plc:b4dsnbo4zkvqb5bxh26euk7p	3.43094200526827	1.49866158572067
did:plc:b4dt7lcl7c7w3qvm5si4mltx	2.68710584082759	1.62196081855873
did:plc:b4fqs2ltuiz4txakl2wieumr	3.8197193973266	1.25199643818853
did:plc:b4jhohz77o4ucanjuuuzjypy	3.08319319390865	1.6409487084601
did:plc:b4m7k62wlnjgrjbmfarrxrcv	3.08098501767427	1.70827685916487
did:plc:b4s6hdoa7es6zskpth4ujh4y	4.54313055701887	1.51737068999355
did:plc:b4sf4xwti7kpttaentbsmqc7	4.24151892425712	1.27914844477503
did:plc:b4te24rqcridlpzfsddgtp26	3.14052223140544	1.59703123255261
did:plc:b4ulm3kjrybkc2w5hfhcg4ur	3.87333487153251	1.47453903028231
did:plc:b5gnysxnmmj7czup2qsh3tix	3.54239071985153	1.82985928874337
did:plc:b5igh64m345hhj27hoked5f6	3.81441993852758	1.58182716795168
did:plc:b5u3bjsiaofpfnb7d4kkb6gv	3.92294328907821	1.30181279567545
did:plc:b5ut3hwrpfeddru2cusupejc	3.33653049693264	1.35942455496328
did:plc:b5vobpi6yitivifzumbaxmla	3.62127833738353	1.62955688988603
did:plc:b5xonotes3w2y3wjmq6yefbj	3.78281181643151	1.48877953526112
did:plc:b62hmjjtqhhqpeh3v6mmvd5p	3.86630095742817	1.48003262443764
did:plc:b63mghaxkwskvedmedpfwaad	3.5956239914274	1.60073803004417
did:plc:b64lednuml3zz7q7b767hyyy	2.9679632456862	1.82476105718485
did:plc:b64vjyermseonmmdjrivtkxz	3.86485490195419	1.36464585910168
did:plc:b65gph7cthstpqnshdmioseq	3.20798214300203	1.27633941705577
did:plc:b6b3vrfp5tb6sxewpjov4gex	4.63420767203058	1.19888637743113
did:plc:b6coxz5zz54mmz43ut7i22pz	5.53493486186301	1.00010154398737
did:plc:b6dwfucjehhsercmo6ut2zfb	4.8263176781381	1.07728854689515
did:plc:b6fljgkzeiqdfxhg7t377bii	3.28933908315073	1.69802172982261
did:plc:b6mo6kcvgtzwfgyr54bqznpp	3.39549742453746	1.536710403747
did:plc:b6o3b775nsnsbybshrjctlqo	2.88415707335121	1.75734469766644
did:plc:b6scuaa4ds72ccpyedtt6tec	4.84814856695373	1.18025725465372
did:plc:b6t4rgq5qesiacawkepuvjro	3.68763396353986	1.62467920429294
did:plc:b6wy5goicr7am5js5uymq25e	3.61905355310808	1.83484919753998
did:plc:b7eebgb4lqekkomgi4i4r3wv	4.26426147993353	1.26217709412354
did:plc:b7f444fqdebfinfdehe7drpf	3.49295346859976	1.97795956235557
did:plc:b7j4nepvak36f4gxzmbozfk3	3.50303797431401	1.36900035485376
did:plc:ba3mkjeqqu37ru4odnqxazr3	2.58338753134436	0.77994657185936
did:plc:ba4k6ovqc56izwwgqc5xthcs	3.6871780720109	1.56326001321847
did:plc:ba5isrrn63vm4bki4uj3rjkj	4.04858706351789	1.6593817003831
did:plc:baat4irpjz5e5uxhjhkwesni	3.60277651784688	1.50363668420024
did:plc:bajfv6ph33deewq424jg4xvk	3.11797944268341	1.95754765866243
did:plc:baru4mj4osaxis44q646hbix	3.78261918868968	1.53232481980826
did:plc:bas665jwyeytmoi2fb4znm3w	4.01497951204776	1.19996001209886
did:plc:baxl2c2egme77e6npbcikanx	3.64789103344966	1.53016221083325
did:plc:bb3gpr3obyq2cc3yvfzzmjxj	3.23405456843038	1.37483004397708
did:plc:bbcebr5qjrvue2mvp3fs4gvj	5.50929148017376	1.05183874269351
did:plc:bbdxdoyfrxhpzw33z4fikvvd	4.4334996266126	1.27962864563187
did:plc:bbek5bkaigicljxqygvz4cqf	3.73662447279643	1.97418674758158
did:plc:bbr3u63ddaid7i4cwwukgkmq	4.6881630993136	1.37817848367689
did:plc:bc2kifdhhiq4n4l7ik5pagqs	3.58363836090944	1.7269927411352
did:plc:bc63junm4oyiqjjflqthod52	5.82063326836735	0.688816734227248
did:plc:bcan7fnl3gpqhcjczvyfs62e	3.68309343111012	1.27001424480265
did:plc:bcba6xphclxojrhjptjskslz	3.30656601725514	1.77950877567468
did:plc:bcgltzqazw5tb6k2g3ttenbj	4.11962905420221	1.41840455335496
did:plc:bcimmblf3ali6jkoevrwxjhv	3.97471889687803	1.32911403209224
did:plc:bciod7vyn2lfhr437ofpc3ur	3.48992246911036	1.3934186143889
did:plc:bciqpwv2xlxe2dkxz43nk2xj	3.70672022846087	1.30488879810598
did:plc:bckrtjyisyysocxiisfi6jq2	2.67150096450529	1.52216323405148
did:plc:bcsw6rkky7oxrc45axoxh63f	4.22896853308314	1.40793262334615
did:plc:bct4mvkb66re4epiukcry2pc	5.24671501913368	1.28820741811593
did:plc:bctee3zkc6zczsdihtgdejfj	3.72217293206426	1.2066215735376
did:plc:bcwbop46qrr3a553p2makg5o	3.14432631370448	1.21744347538295
did:plc:bd4bx4w7zq3uowqka2diz25a	3.39651392337003	1.63669875673382
did:plc:bd4cl4siak5wjaqv3gudttvh	4.61690088989191	1.59934968408176
did:plc:bd5x2y7ami4gs2pb4z5sc2dr	3.70206232393685	1.44547096677665
did:plc:bd7wba3xqh3wnnem6xsok534	4.16435863907917	1.06769210053014
did:plc:bdfo3gsi2nymcqpz6lykp55w	3.49203755355005	1.54816119099638
did:plc:bdi4plvoxn2yzoo4v4vsdzlm	3.64983523430689	1.60647484539015
did:plc:bdl3pfajlkmcv6by25b34mrw	3.42563678925583	1.8583023835251
did:plc:bdnhb33pwmwinzbfrgqiqciy	4.36595378496855	1.59334907171002
did:plc:bdnp4lntce5yvzrw5cyaerba	2.69057006082767	1.6055505882516
did:plc:bdobrwr5oiwlgh6hn7rsvly4	3.72517734715309	1.72738386085334
did:plc:bdwyj2qe62hpkzg5pls6eail	3.27549188767802	1.78283231175291
did:plc:bdzowfyc2ajyflqj654m6o47	3.55699125100515	1.32104211372361
did:plc:be2huqsxdtbfodlhwkcn6usa	5.18774467975857	1.59504708363788
did:plc:be2ltgjzw4vqmuqgi57uh7ic	2.899336673689	1.47348785092113
did:plc:beh4vvv7kr4lfo667y5anjfx	3.75502132696305	1.16466274781861
did:plc:bemrwbab24mfwmfo3vtnvm5j	3.20964929362132	1.57313689367433
did:plc:benbmmw4ctbkrtx34on3himx	4.29337577402664	1.46971898040173
did:plc:beycivenygxci2tvixhl52qp	2.83749572065131	1.85736058742925
did:plc:bf2xlgw3s6krmr4y4ys7fxd5	3.38398975473974	1.4939676865924
did:plc:bf4imwb547eg67drpp475oeh	3.74220998844206	1.6064228634189
did:plc:bfckb7ceixovyaj5erjkmtpy	3.86749636563665	1.26505457691621
did:plc:bfevvgoay3tirvvrif5g42sj	3.16266669777836	1.35463581349354
did:plc:bfgpguyqlv4khurbaxk7jnj4	2.79825077743277	1.75949339718974
did:plc:bfhmhnv4dvbjoosr2ldmldos	4.51176248097191	1.92173682006103
did:plc:bfjzxfufb7d7ldyzqntnt537	3.29402687866805	1.64149516022943
did:plc:bfo3s5fdq7bgsjsm4dx6yzft	4.06350942915071	1.15702394018106
did:plc:bfu2wcmtqulr7tzadz6e7n5m	4.1504541238693	1.44140966275311
did:plc:bg2gonvbbdj2krzli5i2kyud	3.58825472311776	1.31585592635071
did:plc:bgaa7ksf6vubbucpy3f2auvi	4.03843093045022	1.47263144178852
did:plc:bgdqkygdoqkahskteychgvbd	2.02641205736657	0.636124571673861
did:plc:bgvlgtbkimftrcyzyehdkpmi	4.09421535014718	1.60576979615695
did:plc:bhbye3rokpqd35lf5wy6rmav	4.13445963803415	1.39873107238756
did:plc:bhcxmr2fstbrowi2d22vyaau	3.71615117834334	1.39580187067997
did:plc:bhkddvxhy2mpqxfmum3bivdv	5.23483395107073	0.847336799746542
did:plc:bi45ejy2s6egyhidp5lcodaa	2.21095440173923	0.499939599824464
did:plc:biid7o5qpu46biwwkczsawm3	3.12651438053082	1.40704005609987
did:plc:biplexewwns35xgbta37oynv	4.6407049151039	1.06580250400029
did:plc:biqfsgswtwbsy77hbadj6gls	3.45985879281182	1.5346120102435
did:plc:bitts6tcdlmg26d7nnuwvinv	3.21729181214121	1.60339643287524
did:plc:bizxsgkstrdcqmv5k6ipkh4e	5.59130834742478	0.797324372367284
did:plc:bizz4msd3nwl6jlnwwlj6fam	4.02487393486582	1.42106091124343
did:plc:bjfgkzxdikeak4krdofk5t4i	3.34024411631322	2.0129447898097
did:plc:bjiesyqthzjh6uxnlodn2z4r	3.244453052033	1.10923330661986
did:plc:bjiupxpfu36zra5cwag3hsga	3.19407438543493	1.11577553089367
did:plc:bjjpe5m5q5teicttdpjna3eg	3.77675760937872	1.56967844809694
did:plc:bjjzd7badonng4yfmo3z3llz	4.6533392074659	1.3468594660923
did:plc:bjm7fq6jgotowpim5ggfbzw6	4.43661409786237	1.49601795578928
did:plc:bjp2aswc3pciz6agojn7aoro	3.59780572610653	1.57071512921575
did:plc:bjq7xy4ucfynbycc2dpggmjh	3.83980426894528	1.1442511868082
did:plc:bjsgktrwsyuxaq4j4y5klqzf	3.15896666643049	1.60841349187491
did:plc:bjssn26trxrrnzvhrmkhv7a7	3.68691218942079	1.25608322060135
did:plc:bjtmo5f7wzguy66gjl4nk5d4	3.54429897986634	2.05468321956279
did:plc:bjtr4guraibq2d4tu4inzxlx	3.98566682571204	1.1560620382146
did:plc:bjvdunkmu6gvpxhmkh67qdry	3.4826725699217	1.4514259932811
did:plc:bk3rtnixna6kfmaz47ymay6v	5.42929950903858	1.43710286634432
did:plc:bk5eisxje7cvtilwkoquh6we	3.52068520138409	0.920342034626199
did:plc:bkbmobegn34dexwvpz3vui72	3.71209763718153	1.72034313490587
did:plc:bkco7mrh57mvs7pkye7v4y5b	3.98883188335724	1.43542540268576
did:plc:bkgdcktclwgjqmh5qkdkxzr4	4.228101016184	1.46922129204357
did:plc:bkp75vmcq3esuplg2kmhvswi	3.57232860564841	1.20801934176051
did:plc:bkqjqht37j4w2qqp3m3et24j	4.43025790609143	1.42441780734772
did:plc:bkutngq3nsllpeoxb4q2q6t6	3.59231419920184	1.7076202364606
did:plc:bkuxchxwx6bltbrgrntb23c5	2.58826604892378	1.67542797513165
did:plc:bkwa2sb2wzcqwf6elnpvhn27	4.27377580885784	1.14287900391075
did:plc:bkzze5l2ndfgxaxa2qyn7md3	3.12935068002825	1.67765261623033
did:plc:bl643io2ifhmngcyxzyejk3t	3.92913955300573	1.68927594252346
did:plc:bl7hspj2b6fgit3g7tevov5o	4.14098470996097	1.36556770275821
did:plc:blaoctikfj4mixe77lwrw45a	3.89047983659071	1.50582491238724
did:plc:blblhbed3sfegqm33hllczjh	3.7978535999056	1.64330366100516
did:plc:bldb6kl77j2j7lwpoy2qyxzw	3.30479197015067	1.7204941063298
did:plc:blnhzzt3ppv5gud6xdaqa2en	4.75582252369273	1.56471707705597
did:plc:blwhhckwgiqnixwr47ovwran	4.99353465896203	0.982945350480794
did:plc:blzcuspxhjsvg64sqdurm47h	3.86455785698197	1.37103432295158
did:plc:bmbbzjpceb43swszyfu7ukk5	3.74710315495148	1.12916002697946
did:plc:bmko2pw4h4fkvpjs4umhfioj	4.40502076174608	1.30241302103366
did:plc:bmrdyaovu6fk3jbt73zy7i5y	3.13018117910412	2.03170413671941
did:plc:bmvf34a2dckxbyxuhizvx6k5	2.85264682254702	1.64537927979696
did:plc:bmvvmjxzvbtiopluttrd74cq	3.52930082198802	1.60206657485243
did:plc:bnb5jjzwow6pw5ndth5lpxgg	3.68174670314574	1.47957696476922
did:plc:bne5gjbvhgzpjr7fxrklxzaj	3.62567661609209	1.79309828597251
did:plc:bnfzk5yvoxbykzudfxgh3sxn	4.82712350068144	1.18220630873778
did:plc:bnhe5yecsytflmmgks6d5qbh	4.0972281220049	1.26109683910079
did:plc:bnhzvrgbvljibfvhfjssiimq	4.61768150673907	1.30184136175451
did:plc:bnix2bv77hg7ha4frkht6l4r	3.3031221955909	2.08174743290096
did:plc:bnuclb4ixqa5uweziszslkdo	3.79864397322868	1.47669711063275
did:plc:bo4s3ezxhobuypr77d3tak5v	3.94612099704641	1.27780543658817
did:plc:boap4i5zbj2whip6f2iqqvbu	3.05445281664215	1.74206234762297
did:plc:bobw6verpk3eggm5n4ybfhwi	4.23914439039355	1.6787314627178
did:plc:bodfrbqkjfoewep6ch6fudoq	5.43659280133992	1.33569736741029
did:plc:boew2oc3snp3ubq4vuwoj6hv	4.83614497576918	1.48117903168452
did:plc:bolmj5eezk7xkabiz3ueskd7	3.0990895106973	1.37524122006949
did:plc:boqmdczvbj4fjr7nnhivehkh	3.19438602861971	2.0791126119355
did:plc:bosrxxvumiepba7q6i4gxgjd	3.29923150250913	1.72971535503651
did:plc:boxkofetaual4v2f5njasyzq	3.34579575089672	1.39107416695093
did:plc:bpgbbqg4tev6svhi2nma7dmf	3.65148048073749	1.72026128529786
did:plc:bpplfubmzw2r2jqq6atk6vnq	3.61816908748614	1.28782786516352
did:plc:bptgkcpktf5sqqqnbojlqota	4.91096608510224	0.652048385559198
did:plc:bpy5mku65wtem7lza7tzsc2e	2.91998746213242	1.72560347488816
did:plc:bpzcy6v75j5bnogn2rutspqi	3.17924493630978	1.95394013914757
did:plc:bq5ebhldjxioine6iuq4hvdw	4.39965510219007	1.39446618673035
did:plc:bqbjh4ut52mpemvto57jxams	3.13980472068719	1.48082665135155
did:plc:bqet4p62b2gvy5yifp6lpidl	4.78499387909413	1.24121300773254
did:plc:bqjopmunmdinpcpnqng4l75w	2.71695681796976	1.77961140832122
did:plc:bqjssvxijo6vf62t4sk5w5fx	4.13119331660558	1.01133614430339
did:plc:bqp7qujsggtbbebu7qrz3hi7	3.89238621652826	1.63221615979145
did:plc:bqtdbevckauar5kopjnv2r3b	3.68190047414118	1.20272010272776
did:plc:br2ek5c3x75jzkhpz32auxnv	4.24988117461893	1.6664350683929
did:plc:br3zk24mdravbyn3wzobqtyx	3.76699612613351	1.52547919403201
did:plc:brdepwlktbed2gn7uglut32f	3.40313766370116	1.31319672723086
did:plc:brmm7pyq2o2mhtp2doqolz2t	3.51142338242684	1.17890897154776
did:plc:brmz7ngsoun3xokils2z5v6i	3.76235632462076	1.44490058591176
did:plc:brqenoukihdyw76gwwu2zy7o	4.5828707203278	1.46319880039356
did:plc:brqo5lus6rzmumd2ikk5i7s5	5.44002829654502	1.25803384651559
did:plc:brs6edxfp4jolttynpnmgmr5	4.13966159152428	1.57981549517113
did:plc:brzdogxzyyb5spgy3xis6tb6	5.26717663074473	1.26820872522414
did:plc:bs4r4vbexoj74swfrpts2npx	3.60635001634876	1.3492721044515
did:plc:bs7u7xdwdujvznhs7jm6ugqe	3.58649454214559	1.36440031326273
did:plc:bsdi5vpqduc2kpohk6kwb5td	3.00240167325558	1.47353915212964
did:plc:bsn7iu7xv5bq4i4a6s7awhnf	4.33791448923234	1.2583321334005
did:plc:bspjgn7ccyejpuvwcdulatzw	2.87909369159959	1.59395353571765
did:plc:bswt7ixfkpqrmariwebsuflo	3.32957017157329	1.30684152377479
did:plc:bsxroc77zn4gog2yabkpwsb7	3.6713572940442	1.49304959920069
did:plc:bsyjqnec5ma567qbvk3ynkz4	4.27135108388177	1.27132855366122
did:plc:bt352gblnmxn65rwlxcs6x5w	2.542711162907	1.52784963674362
did:plc:btfbneq3kprgaotnbagg6hng	4.55164394466595	0.790387119808459
did:plc:btg4hobrtprtmxxackigpmzz	3.47404029868845	1.33224991576219
did:plc:btgxq4d6aorifztq5cwua7c7	2.61607590482296	1.48999414930308
did:plc:btjju2lwi3w2l5e4q6cyg7jg	4.15863566549907	1.48017262418107
did:plc:btraqd2ip64akojufoihywah	4.09634608064502	1.33462784427339
did:plc:btyjkyyifpartovpyzsand43	3.71294294441336	1.52262338915507
did:plc:bu4kdvg22phfm636cvhhq3p2	4.45640143371439	1.57001850831264
did:plc:bubqax3hefsxqm7jogkf6x4j	3.70460569350497	1.57315998011073
did:plc:bucc7dqpjhhr2wkgmlw63kdb	2.83893046631505	1.69960420507386
did:plc:budeqnse624jbwu76upvjusi	3.31540577040456	1.22378189566942
did:plc:bugtvbjt5sbtfhlqjtggav6r	2.09930361681265	1.22379293948272
did:plc:buixnkclxs5vnqe2jyuukqo7	2.96207041445495	1.94706552421635
did:plc:buiylrj7nq3gml2mxkpmpep3	3.82031832418954	1.50691994534762
did:plc:bupdjp3a2v2pwl7ub4gtrdel	3.55448116062763	1.24903884180985
did:plc:buvej3law2qwlsvttufdu7up	3.49052636023279	1.73489202127057
did:plc:buxa4bwekxztpmwx3h5cprzh	4.13473819633273	1.49171215915096
did:plc:buy35e44zs6ts7iacjfztwqd	4.12898702583613	1.29617235791634
did:plc:bv4l37fld3adwxkbtde6aa6r	3.36241291101777	2.01099677372324
did:plc:bv4too4f27bndr3l2vaz4q74	3.12281544958868	1.67371517311796
did:plc:bv7iwuea3ynkmwrgbq5twotn	3.20395891150656	1.28044263705108
did:plc:bveqjj46x7m3d4jjxe3hpfrz	3.77493170313239	1.54846059866262
did:plc:bvlb2lyqajfppej2cw37fitu	5.31775426858207	0.777248836368954
did:plc:bvojn5abwlm4ph7lyeljztcc	4.22873097997767	1.64998196606729
did:plc:bvqxfr4mszf2fqhtwy5kpm4e	2.98859673689547	1.54894108712404
did:plc:bwe3plgk2ro7obl6urgpt4iv	4.78422117535989	1.15801213697124
did:plc:bwqjhlyhwp6tjjmrdtnnzo3j	3.25679647809564	1.61832489903262
did:plc:bwucgbwtu4kuktb3l6h4mwvp	3.74180718050636	1.65837049766597
did:plc:bwv5xeanhrkh4aq4fjwvoeta	3.63425661076179	1.57706926431513
did:plc:bwwzszc4fdjkfh44q3bxnsdj	3.61977618985265	1.65163266402304
did:plc:bwxmvxaq4drh2d2aembcyshj	3.07377738591193	1.64303254200113
did:plc:bwy3lzf4uiel3cxqh7fxxjf4	3.05645271366741	1.14130934100362
did:plc:bx2qkr54zzrmq3athwg2omq2	3.37037445327114	1.80571123970136
did:plc:bxcun44dlds4gl7oinfv3rlg	3.90388155499301	1.43373347432896
did:plc:bxg7j5ef325p47vhvgoltrph	2.88708266467057	1.6993637987064
did:plc:bxlsqyjcy2peuul7gkb7df77	2.45485292031403	1.55857448651495
did:plc:bxpaaswp54tnhssi3pdegdpa	4.32824575409836	0.866663555249083
did:plc:bxt3a2nfcod77oerla7jolur	5.40350676354731	1.12075239978071
did:plc:bxtxl3rfurgc6claaib2zcmd	3.12752304668927	1.85273340120427
did:plc:bxxxaijjjssm7ylgqxvcipsw	3.81346473551353	1.89143617345271
did:plc:bxzihhtzatlb6tpt3s6dc6wv	2.88243493467882	1.74658812332726
did:plc:by3uk5i3tjegqhavt343rpi7	4.27768986130091	1.29137295914789
did:plc:byfnjxjzzyjcz4eaedoh67li	3.30725748078575	1.57684107051298
did:plc:bykcgkpz5nkwe5ylflbw6lb3	2.25930206668667	0.513926452355427
did:plc:byksxuf3vpgcb2pccukwqyug	3.38755788524256	1.86758611845401
did:plc:bylstsoif4bshrx4phbmm6ry	4.69021238569546	0.943648261024962
did:plc:bym37nt5gvrsninndzhhux7n	3.49917033982826	1.55669850396385
did:plc:bypthspyue5twygrcykx23rg	4.45498023039375	1.32541702231861
did:plc:byum7yyiqm3odt4t32xahcpk	3.85526282836384	1.77157449694132
did:plc:bz5jvjvzxgk3m23itb6ddmcs	4.07794272124593	1.36636029020622
did:plc:bz6m5xibkdzakai3zo5ygfl2	3.30440970327871	1.6360927014716
did:plc:bzeyto6ekdl3h5qyn5ehqp2w	3.89125220547228	1.25540900361567
did:plc:bzv2aygaicyzscqlt3iyiiss	3.09298775871304	1.39670692529449
did:plc:c27pvbpd6w7lc6htgwfwih3o	5.63284435257475	1.16201166190361
did:plc:c2fmwo33otpnxkeha72ep27l	3.72182761544272	1.59831522467357
did:plc:c2fzondr5e53fp67xeiuifbc	3.86988912557801	1.71236334503733
did:plc:c2kj5b2tkrjpvtofhx2lrkk3	5.0410028862859	1.38780376467523
did:plc:c2omytxypunk4s6gzbyagmjb	4.74551229233521	0.947724328003449
did:plc:c2ozrolmqrn6ewd7ceqr3tzz	6.02501930484899	0.951469546142547
did:plc:c2uk7wxshaqulr3yw7z5mxpv	3.0832272031752	2.00714124536061
did:plc:c2yknqt6on3eunnfye5ggdld	3.63130635813452	1.19274399428535
did:plc:c34wfmuufdl6ppoe5z3rjt4q	3.98280136388303	1.39989248236757
did:plc:c34xxiuwbn7i5d7udjyxzmbt	3.63800178730225	1.43552612026647
did:plc:c36kvsv7y6wnugmy3je32i44	3.95081880398173	1.51942444074284
did:plc:c37dk2wi7i57tdyhh536pcri	4.3478388093355	1.34837828523097
did:plc:c3dlx3r5m3eyi2nvd2zxvlzz	3.31363616140888	1.80620708322072
did:plc:c3ejlctc4xwspnljviz5iijn	1.43616317350432	0.802108784585107
did:plc:c3hsskvrm6jncil53opljimg	3.51289129445242	1.36330947740559
did:plc:c3isdaciyuyyciynkrrtahfc	3.70092163102116	1.54760584059881
did:plc:c3tp6gq45hjlyr5n26wzocnn	5.27479814510034	1.23890890985416
did:plc:c4m2h4qapfufbeb4kkjaujyx	3.84088781872255	1.49662730208457
did:plc:c4rifoljcyvfmibcqh4a2fdk	3.97644475739952	1.63255842345516
did:plc:c4vglv7m2f5qin6r6r2y3n4a	3.92867184713724	1.25348430745026
did:plc:c4xehft32dinuflfqdcfqmz2	3.53473658596844	1.53506217075047
did:plc:c4y5gfftzt4d7ymudrink7tc	4.46141814176798	1.37041468070038
did:plc:c5dfhz2qtummmdiypgwsklro	3.47217959621866	1.65371361295787
did:plc:c5f3ombspvk2b74wfkhevss2	3.32709036673059	1.28529623034081
did:plc:c5h3q4kbxywgsldyak57wm7b	2.66789743167261	1.6691787303748
did:plc:c5hefvcagtvrooekt7eumimc	4.24316222602468	1.74968581295575
did:plc:c5j3tydwu7zxyw6ifzbphdbc	5.10412615309861	0.925571839102188
did:plc:c5ozr6qxnqmk45vl4frmib64	4.03139090726702	1.36865585041337
did:plc:c5qpl3lulv2ywjsnigxwq3yq	4.01119679242959	1.27078000559776
did:plc:c664b7zlrcs5y5mpvbzjqbcl	4.03108521789309	1.49343700866948
did:plc:c6eku6gmzr5bs3hgfkrmin4l	5.00164446451126	1.21147737409635
did:plc:c6fss5iugr5e3dweqgz66rvc	3.06914187966299	1.95134549010952
did:plc:c6k2ozisr2bbitsafwwyistf	4.44566942128902	1.4796389057119
did:plc:c6l3iini2eol5mx5uputys6d	4.0456199141336	1.47323336794089
did:plc:c6mk2nakhxysuzt5qfkvbdig	4.55505679463714	1.75487681292359
did:plc:c6vjs5gggq44dy2kvvffxcfq	3.39958106332523	1.63972947549815
did:plc:c6xapq6fv57qtxxc4dhcwbof	3.60188719900214	1.54702568648294
did:plc:c7amptawjkhycfsltigkvmh7	4.1924794977218	1.62343299967631
did:plc:c7frv4rcitff3p2nh7of5bcv	3.40407112569811	1.44153014071148
did:plc:c7hn3q2ggq5gptmtefsca63n	3.40236112552002	1.67622639473365
did:plc:c7wu4zmunyhoymwuydcobbx6	3.03795749196826	1.43330591464071
did:plc:c7yleurkebiziq4bnr2r4r5d	6.74113465849743	0.771717747903547
did:plc:ca3fp5x4m5a3cho3632yfc56	3.92040834295513	0.978167627016859
did:plc:caeo5nhddtuqehbl6ko6otz2	2.92187699353098	1.41082707720727
did:plc:caeryxlng75h66pqxs23cpqh	3.44314779829472	1.75356677615859
did:plc:cafzliyie6eb6znwvcn2fr7b	3.38319640492341	1.36322979523533
did:plc:cajhzidd7mvakv662ptwechl	5.54609446264413	1.53142663192353
did:plc:cakthdmunxtds6qki3ppogyq	3.39039798192306	1.80051785850473
did:plc:camifshksdmvncq6swqxmqfn	3.5240701820494	1.89101290129293
did:plc:cauvcw2wzwwu7pweyswkwxgt	5.74964442640037	0.842572262464895
did:plc:cavysbcwsh2shldjhygxcttr	3.03935981154075	1.63818639991174
did:plc:caxgnjtggjbejhhdqdf3gr7z	4.52623498788489	1.32060529228642
did:plc:cbaq2qoyzbsls5ygov6hqhbh	4.1619173477436	1.31222524686598
did:plc:cbex7gxv7vjlywmzct2ysbtj	4.576503759077	1.8175703435327
did:plc:cbjcfcirar73vihn5gni4olv	3.75245255512506	1.67537622506225
did:plc:cbjgd4vn3u6uqouyxmmms5br	3.70588732099358	1.38491159895414
did:plc:cblcqqrkiyviygdq6mqtpzot	4.32590036938895	1.41514132640399
did:plc:cblobx42hup76imwf3kltc5f	3.57924105228966	1.77246032044527
did:plc:cc2jkqfk5mgbyasxsho4kf5t	4.11634011526378	1.39848625812416
did:plc:ccaeoj62yhzc3snz463fjqps	3.36288633779557	1.75270515392574
did:plc:ccogf2bnlmtmt6egwlxwfwq6	5.49938255385352	1.19584502933303
did:plc:ccse3ikrg3yi2aagco3jtlo5	3.76871703665491	1.50159369159253
did:plc:ccybzrjdwjlswzbb2mvh7cdo	4.4939212360714	1.10016241650204
did:plc:cda5xts656vw6pfvkezbdcdn	4.37569231933519	1.49246567486506
did:plc:cdaaamsn633t27sjg3ces275	4.95602629792209	1.14472292116344
did:plc:cdauggaeycma6kow42ecrht4	2.86427309743308	1.52735777171912
did:plc:cdavsxoaczcknqb72vuf6w5k	3.81491405855921	1.48253677842389
did:plc:cdeuvothwpqvu7mbpd56npco	2.63315148663408	1.56266595204497
did:plc:cdnvbvn7vwornsiqlfwemkmm	3.73702728394121	1.69058368985529
did:plc:cdomergwvm3ppvo673hb5jrk	3.85155962351777	1.39069397535735
did:plc:cdsty4prwjfvt6yj7jqwlcvr	4.0599034978848	1.27951428963643
did:plc:cdz3tkc4stz732zumyit4hzh	3.21677171052889	1.07813678631044
did:plc:ceahogxoe323isdkzefq3lli	4.6580124180552	1.36735909503729
did:plc:cefj2fu6vvv4ykt7sffi52x5	2.88377699779045	1.41349646974426
did:plc:cegiy4pfghh4rjs7ks7pbnkm	6.26269989557684	1.36566026210614
did:plc:cekq4vjvndeg4yzmfauiceso	4.40621859286974	1.43314482270742
did:plc:celwumknrfqwjgtoa4qx2lil	2.70367786282902	1.53288245767659
did:plc:cemegsjrwid3virftjl65xoc	3.06458924265149	1.66681302034027
did:plc:ceyn2fg6otcodyrvresbxw3g	3.69942251911988	1.67163536884657
did:plc:cezoifmdms7jrhxib3kob544	5.03658332216839	0.816813839953389
did:plc:cf4vyquvemzwt5jry5ypcuor	4.01622034445517	1.27451145281402
did:plc:cf7mmkyqdgzhjbi6rchsl5kr	3.26064037808095	1.5556973347397
did:plc:cfa5hump5ywcqkuskl2ftlnj	3.13872231864834	1.72036896395197
did:plc:cfdhery3qgnicbbhgntngfnk	4.65030357400413	1.63919990688072
did:plc:cfhbqlqchpf7w4ndgnd4zciw	3.81722089929954	1.40538295129157
did:plc:cfme4dwk3msn2yj2pswvoysu	3.27742823080089	1.39062006006667
did:plc:cfv45dmg6amy7tb434aogpyy	3.58919030344076	1.67741651373292
did:plc:cg2vs7cukjdukbk6k6cf2w6v	5.19384347802597	1.18449307580083
did:plc:cgc7z2f762ulnkfgipscfazq	4.10421081127457	1.62143092820727
did:plc:cgctuym2gkbi4ldobcz7tt4m	3.22643329274903	1.42047062258888
did:plc:cghoubfxt3irtzcwhmjukjcj	3.49154957784874	1.352317390166
did:plc:cgilq3haf32forghcn2lipkn	3.21203763916931	1.06339498434513
did:plc:cgiovpwzl7tm7keokmck5o33	4.42717932817368	1.26636584380686
did:plc:cglrrgl3zjh5j3ci2ice4yxb	4.4485890340003	1.32174334396449
did:plc:cgmeuqmqh6pkorsk573rovi7	3.28750614546776	1.84460976433638
did:plc:cgumfxhru5kdxgrpq3p2fvzn	3.60677361207299	1.43207832671257
did:plc:cgupy2bsnlx6i7vqnq3qfetb	4.89985742278492	1.01017075515654
did:plc:cgwoc2tfisizrsnytjfqzdkk	3.54621591462449	1.61840566161246
did:plc:cgxpuwejdcv3txvakmsufu5o	4.24456812059818	1.43763923765206
did:plc:ch55orwh45lu4nbuu2mj4w4n	3.15075493636415	1.9647149197018
did:plc:ch7jjqtimetljdkwqfgdme7j	3.41267111338004	1.85503827211388
did:plc:cha22jb2tojifocbkwdfpur2	4.40515261967092	1.23434785035971
did:plc:chgjcf3f32psgbdawllsximr	4.43510809397838	1.1821979239704
did:plc:chiqt5b74zdpdun2ql7dfhcf	2.98569839583424	1.66242357881286
did:plc:chjk2nustlfunknjspvrfhzu	4.09723642158963	1.35286845984223
did:plc:chldzsz247epux4ry2qri3b6	3.04883700130856	1.75768701413946
did:plc:chqfijtwd34l5xz5ykctrepx	3.83436281985802	1.19866559729219
did:plc:chzgefmtb2yfmwn5enbqt3br	4.34643252821455	0.919923381174817
did:plc:ci2qws4rp6446ijdpjzndhf6	4.52950209078526	0.195930238350085
did:plc:ciblapqi4irknlyvdwcftdyt	3.9582627348112	1.3814474177652
did:plc:cicsykyltyfjuqwoilrjn6sv	3.36633089912046	1.54283865652431
did:plc:ciexdjq7cqohdh2lgzqqc27v	4.9709107327218	1.12676803574404
did:plc:cifmuer6o2cbr7p47i5a4axj	3.86127546262904	1.56933141632853
did:plc:cihdivvp3yxio4simqtg7ysa	2.72071879863374	1.18086859058053
did:plc:cihoy6fk3jdi5i33cmg4gw3t	3.54519384888605	1.32580298308006
did:plc:cihqhsguqejlfpvk2tdi3iuj	4.48679859403733	1.40210183089032
did:plc:cijb5xuwm3tkpt5n2xd2jjqg	3.78196237768242	1.56490530664024
did:plc:cijbgnwgv766ff4ukdasdddu	2.66768195053672	1.75360855332742
did:plc:ciophku2kphbpomx2jpebnfh	3.93622850665586	1.40702736579142
did:plc:ciqdukpc5ymgbibwqlycease	3.79048674359118	1.72830421422484
did:plc:cir7y4msofsfcyydpihjchke	4.81644603802355	1.48352073249501
did:plc:cirl44czpjn75wluh3elqive	3.55921481366301	1.70419077268581
did:plc:cj325x467prawtzgdugcn2zl	3.71223488308362	1.0384481181044
did:plc:cj43kzs33gra7dus7wszmqud	3.26333921669755	1.54526575451381
did:plc:cj6gthpkbhqyn5sdw3tua5jw	3.65497813610285	1.89906434231849
did:plc:cjcpqgovzong4eimpj44da7l	3.97494131114533	1.42035003941489
did:plc:cjghywcdc2y5guajw7yxyfzs	4.46561867175777	1.32171837064356
did:plc:cjqcp76rpoduxkvhyms3cir5	3.98124188494344	1.21615764752484
did:plc:cjxujqujvql4f5lcbxscqwmw	3.64438856749955	1.67391125648921
did:plc:ck5rhdo3o7sjsefvgvcj7yid	3.83584479856805	1.37425604901074
did:plc:ckab2nooskdsrel44qunriev	3.65923346491211	1.47649289477358
did:plc:ckcp53cz6cgucqwc66ugudyy	4.15839722183835	1.5645580426399
did:plc:ckir7rpfa4ba66u65fzb53zw	3.80361437544876	1.45754282910387
did:plc:cklb63q4yunkmn6mg7cchg66	3.24293221108462	1.68598621503303
did:plc:cl6ruj43jd3uhvvyuxhowhwj	3.51190979108536	1.47485942556956
did:plc:cl7lgkeoxgr75hlwv63qdzxc	6.25956623970081	0.893516288502292
did:plc:cledc72pwdmshuikwsa5gt2i	2.69266953745435	1.23956576797252
did:plc:clknx5afl7j7xxw5vabjehjp	3.12521122151206	1.42386085703653
did:plc:clv4eelbcjairkvkpoumoh3g	3.33820594691042	1.4160183550209
did:plc:clx6ikzy4r5h53fsjpdhy4j2	3.51723486597279	1.61037305669952
did:plc:clxi4nvm5gzqft2ofekdfnq3	3.92959052652626	1.88032593325208
did:plc:cm3yck4wp2vqao2lz4wvtmvj	4.05283016082412	1.23338257245741
did:plc:cml4a7jswfdzjfw5ad4ukyst	3.05417337325485	1.57379126424285
did:plc:cmoss4mav5vienrjinjbykrx	3.43076241326866	1.84634752900699
did:plc:cmrdmqamlwnymeykrw6jzolx	3.75591122943612	1.05938561298144
did:plc:cmxsxxvkgfhqaodkl6bgoybs	3.57935261038464	1.16404827784715
did:plc:cn4lhoy6nmxo4jqido2t22na	5.41713894668418	1.13263338183102
did:plc:cnff7zmudwbhwzfketzk5cou	5.92288467772043	1.5512634012941
did:plc:cnommh4mz6fyybnky6kq5wc3	3.71689978106486	1.59134356991035
did:plc:cnpqutrciixtcypfw2vz3bzb	3.62089192264511	1.39245473712977
did:plc:cobyfqutsnlljncvv2imgob7	3.36638847183398	1.43598661908986
did:plc:coikgtbdwhwkeqk5z3ggrbzv	3.85405033376241	1.94618932478896
did:plc:cot6vzdptrlax5vmorgjrbdm	3.8029478401247	1.29162369603537
did:plc:coysnxclacuyo54w47cgruvb	3.96482011307695	1.72463233622123
did:plc:cp2adfbm5sv7tjzfuc3gwxo6	3.59824208659709	1.88694498620856
did:plc:cpdw7azgw4h6fsr5ggrffb7z	3.0043826654779	1.70691380616732
did:plc:cpf7mw6jqbhgnbztjbaysoll	2.98388593186804	1.55848621972639
did:plc:cpgdiclcsaqafax6vvmarsge	4.26943045068395	1.03379820862041
did:plc:cpqh56p6udcpzx2yaft6a6ws	4.0596836818719	1.27854733487232
did:plc:cprdl2schik64phuqwgi3ylh	5.47338791024923	1.22902251555552
did:plc:cprjgenxeombeo3om6yu3ucs	5.48589239615449	0.919097062982644
did:plc:cpvjlg3xrzzclhr4ulvwj3yk	3.0754882256516	1.48198240823488
did:plc:cpz72n2fsvpedhqiryynqvgu	4.89015742138766	1.21325946668569
did:plc:cqas4kbiukuzspnl72a4mpws	3.67914946915596	1.51583345861601
did:plc:cqavnvsdltygzracokpi25d5	3.93021401812719	1.81872455724719
did:plc:cqiegson3zkiegqgvzszonwp	2.78629379110536	1.8182798156341
did:plc:cqj2qvvpw5ix3af37c64kyk7	3.16484851723553	1.77703561862252
did:plc:cqjo6mvlscyq4xrkwzq4qzoy	3.61238914649881	1.70543505165692
did:plc:cqjwvkueyuga5uceds53rxhv	4.0390698520586	1.50430063506124
did:plc:cqmbnrikab4ji3hk5b2zd7n2	5.17652869613405	1.58701669043393
did:plc:crbsw7uiesuqv35uw5ey7wcf	4.14270575148513	1.08907524403109
did:plc:crykwksdng7ir457r3uvtyt7	4.44988923598975	1.01312491710246
did:plc:cs6ecqjso6am2qisnajg7fyk	4.65412127895956	1.65538595187776
did:plc:cs6xi4wuslikc2ujoredblly	5.24524095274239	1.61438337229085
did:plc:cscesde72erqjz5simtj57l2	3.51889488569606	1.17445155615934
did:plc:cse5qjciomekrqeum3ye23el	3.99907321883256	1.62167601841617
did:plc:csfbwrke4fq5w4vrsicrdtdk	3.3829777255514	1.46820965654
did:plc:csft44c3hzmxtiq5ntg426ug	4.38637639681214	1.34394842383596
did:plc:csiiwrb52ku5zuq55nhpp66l	2.72245784501556	1.11344199000308
did:plc:csmezejojzt42jwaqu7q5bth	2.1353668519311	0.885163528246811
did:plc:cssbac6ycxi5zc7e2e26hbm7	3.35200746191438	1.5254206170999
did:plc:csyrcluuof6fknuom75mo6py	3.3305599182536	1.37461670481221
did:plc:ct2w3e6xtlhogj7hul6l2ncr	3.50129951346926	1.48313505654596
did:plc:ct5u4vpg5ajhx6wxihtca6qh	3.8248086580088	1.4244281604489
did:plc:ct6c7nwskkhkbjjzncek5jwu	3.97322151129967	1.15976696283329
did:plc:ctaezw2b5oxkgd5jeqf2tvbj	3.07086754395263	1.4587724566305
did:plc:ctbkaawpy6zyf2oozwssk6pb	4.0427721533497	1.33467012472783
did:plc:cteerq4hwgb5godfcds6w7ue	3.13225124088047	1.43765898050007
did:plc:ctkicltjqomo2mflv2akt745	4.75492128500501	1.12057711981172
did:plc:ctspkocplz3q662er3w7qiwp	4.51330920429267	1.26331369686957
did:plc:ctw5qis5k4lle4dkseb5nygg	4.11894131454456	1.31107229323636
did:plc:ctwbfqx2c7jrmoqnzw7tu6bx	3.2605895515161	1.64092665900228
did:plc:ctxj65nskdufa73wl56bhnrm	4.07872282507831	1.59145131043228
did:plc:cu7bllfusrnhw53zy3a6nsg4	3.79924824687808	1.5582020104902
did:plc:cuadxxddtksh6sitswfe3bq5	3.80949567623929	1.29711078315003
did:plc:cugl4hhm4ictgipzcj2vveyi	3.87606167010654	1.16978463675356
did:plc:cutvbhw3lks2qezl6gori5ma	4.47456373670829	1.30820166699921
did:plc:cuycplaclwz62rg7xewqmcab	4.12751101642894	1.69779491556164
did:plc:cvadw3w6cu43gfelkao2nm3d	3.90770915308666	1.74492492468511
did:plc:cvcs7i4lwalczrwnebf2d46e	2.88199903498718	0.744332311902067
did:plc:cve7frbnljleunqvgeumbd3y	3.79483202911334	1.36837758800561
did:plc:cveexxewvypeyhozct5famim	4.09773297523341	1.68640782765326
did:plc:cvjurhd533l34jfmdrrlj7zz	3.9383664071824	1.49915706760415
did:plc:cvkq23fzlc3ci2ihkf35hzvn	3.1338054595053	1.76197953263973
did:plc:cvnspvm6e7kvnvuj2wn25z4f	4.04454174224502	1.26654883614288
did:plc:cvol2hulctq4asvohnun6nus	3.17411264427774	1.76306891462606
did:plc:cvpmifnolqq2gvwbwmeo6ftq	3.14774357413522	1.7783915482027
did:plc:cvq62ocio46hdeyoncb4mn3x	3.85903163821021	1.1747393143483
did:plc:cvxk6zyz3buiqcdyir7crpyr	5.284087888053	1.31816908224
did:plc:cvxl3bx2mj2x6gnjk576bnry	3.41051115475528	1.80722413696907
did:plc:cwbb72ujgvoltqnpbi27qfup	3.92947708395366	1.76681054799652
did:plc:cwcdefpyphvhbrnyjyxk462q	2.88337608963011	1.6787328951044
did:plc:cwivoag35ykqvsykq2645l5l	3.24025505428229	1.52423765789985
did:plc:cwjrqcwdvdhfxuusigx2vklc	3.15249562334413	1.22644351777752
did:plc:cwjsb6n6d4ysacfz6xqwjdql	3.88622406219941	1.51197928452389
did:plc:cwlrfpflxjpijc5qc5bjw2yk	4.12359507832288	1.74105821377755
did:plc:cwmb4c6lkppc2g7shbk7btk5	4.39190456338595	1.55205779210021
did:plc:cwmhwxino3o4cyxi32l5pufu	4.15730419948115	1.37315004970346
did:plc:cwmlduuv3mnwv4txngutkyo6	3.77930258860499	1.74464239770527
did:plc:cwzgmqck2qtpdrjrppfmaveg	3.11173354866895	1.58065083575044
did:plc:cx52fep3ly3a5q4ykfqwtwjf	3.46653487513425	1.99122372239813
did:plc:cx7fralesqul27ctzxhshygv	4.30042968574961	1.5409611833096
did:plc:cxcpjfm6sdp2jsnv3ziu2otk	3.44260602698755	1.82746420912061
did:plc:cxho5azqz3u23izdzp7girxa	3.84284976560443	1.31612626345917
did:plc:cxilf2z4ym5q3va3akmojmoz	3.26623671818865	1.45636302464213
did:plc:cxseypjquwqygywe5a7ymhds	2.87240420003375	1.2973685117001
did:plc:cy2zjwrvfvzspyhh6dgslrmb	3.77701567770028	1.7643665069196
did:plc:cy3u4zhawk3x7jbmfh46cghk	3.10645663229136	1.9342118602964
did:plc:cy4uutm3xkh7zunrdd5jjtrv	3.86962786740435	1.41921936078822
did:plc:cy5bqrgpwhptbuddusdbdmjw	4.59949639412495	1.29292867388252
did:plc:cy7dhpxcfdlohesdqcpdcch7	3.54484621977901	1.68338895844079
did:plc:cyc273iicu7b6unsi2wkvwh3	4.39118519795122	0.972611373930535
did:plc:cyflytcyyyhawlrnnwiv25nd	4.24707480994161	1.52551563977584
did:plc:cyk6yqrwf2oyie5i4sjbz426	3.79478892685309	1.16713862010388
did:plc:cym47lkwwccinsfepsdpgbs3	3.17408194463802	1.33428578182558
did:plc:cyqedt6ow42wtmr5lx737mhv	5.28110229580057	0.778790411153597
did:plc:cytqq57ohwk5hdxsq4fglc4n	3.5997371796356	1.58854559960531
did:plc:cywtn566t3yv5y3wmx5xutog	4.06649316944194	1.46117926549279
did:plc:czayobf7gyrvv37kb44ydkfr	5.82754932624025	0.706034399290781
did:plc:czbphb2dyunq4a6e3pghsjfq	3.83165373597643	1.29221477531983
did:plc:czdmngfpzhoqrut3ez64gril	4.05214245285954	1.35759716738281
did:plc:czel4edmaasoiaztn6ukraw2	3.94074950599162	1.52709107348087
did:plc:czf2uc3puyqihvaph64xhmjm	3.92080960343039	1.10197379282985
did:plc:cznuax3tc7tf4bpfasb7qfr4	3.93820012391013	1.72031443336829
did:plc:czouswqkoagnl2yyxjb7eg3f	3.42341046476704	1.29929782322814
did:plc:czt3hkkh2z23w2jnqt2qtnrn	3.5211747837798	1.5540387282725
did:plc:czzejekjauwlpj3lwa7ntn66	3.30496130962413	1.81010179747014
did:plc:d24lw6kc7fafvpv2dz3ls4wn	3.27195293631212	1.62419326029578
did:plc:d2555x4bxf3ejaipk4nkfblo	2.94545228969064	1.38412308334567
did:plc:d2d3bsbsze4h426beekuljfr	4.5887860941314	0.93233829511985
did:plc:d2fe2cmfdcwz7hmghhkhavhb	4.3522427134175	1.32653763992905
did:plc:d2fwasw7d4gyw4u4a6uc4pmw	4.36302138666407	1.31220917661313
did:plc:d2gldute6aalishjai5qhtld	3.47724803252862	1.26544772409654
did:plc:d2kebrl63qoq6bxi2uw2arom	3.87915937753056	0.285746475375803
did:plc:d2o47q35sjtohblwtg5chcot	3.9040888137121	1.10253708886942
did:plc:d2qdnzk7d5lqsfd3fk4rhgfq	3.63622749295274	1.4368079842624
did:plc:d2t3y7c4i4kwmsswnxnf5qkb	3.12983742187611	1.69746442730581
did:plc:d2uokeotlnwbze5rwewl2sd2	4.3700418203749	1.27775768364131
did:plc:d2y6xwqkpgzeyeoeacqzlske	4.73914276388834	0.986059561142485
did:plc:d374n7ioeesrndmvgt4lecca	4.64583804362998	1.35790175415118
did:plc:d3gsdzdcwy4l2uzxqtoqdp6a	3.99082522575594	1.26080061837088
did:plc:d3ihghidcvpafulafajb67jy	3.2191374576826	1.46967857792676
did:plc:d3mo6stuirhrcoa6ekzfmcxt	3.56658478300198	1.67845031652673
did:plc:d3rpwbauq2b64yzpyowwwsck	3.31234635561039	1.48615386626258
did:plc:d4drdktsid7fxsakp6f5332q	3.28707446047796	1.55033809179516
did:plc:d4kvpmcyxaghe6cpvigq5gdc	4.12316335488349	1.19566690861806
did:plc:d4msmi5t3nryzjmb4poc2vnu	4.92017203124316	0.93934507638377
did:plc:d4sb6tdwis2shuig7gcrhvky	4.90691492459617	1.31337792076018
did:plc:d4swm7skiblq7pe3ojs7tuqq	4.15583545575078	1.52399394890649
did:plc:d5gfbvydlm32r4zmk4wwkxxd	3.76376431920944	1.52500812446067
did:plc:d5gp4ab46qqthptu5zrd2yqt	3.62481656902275	1.74328342860042
did:plc:d5hmw4zntjixntuynofdch2n	3.86437962964192	1.32519567528356
did:plc:d5nluxmbnryvc6xlozucidjp	3.83414227167074	1.40653185525085
did:plc:d5torywdns2h4kghsqmil7k6	2.99670961249831	1.76935425533015
did:plc:d5tx53btxsy2sopg3edbkcky	6.00301703700897	1.08871523035415
did:plc:d5x2rwb65rslvbrr7mytoqdm	2.94901100754709	1.93905515502849
did:plc:d6mk4iqh64hc4uvc6wcazzeu	4.22232677226469	1.75009880585885
did:plc:d6prsobawhak5clvytg6i2zt	3.40548275965171	1.57441556279486
did:plc:d77ox2hnolvc6so4fb52cyle	4.19412556520996	1.61575993514904
did:plc:d7afxuq2iotwqbykuhr4dtdk	5.28474999054386	0.826199737883024
did:plc:d7aqwixyka3br4rep2rmgsab	3.50118246377113	1.82699093994127
did:plc:d7d2ooicncsr7bwvsphml2b5	3.86743303311461	1.63035507164856
did:plc:d7fwhqiyseeew5mao4dhky65	4.04432876080835	1.42110010593494
did:plc:d7hfct73ak7bjzxboiialvph	3.88619249478078	1.71845111397613
did:plc:d7hifcba3ns43bv3fggs2v5k	3.28718343211646	1.48862331472129
did:plc:d7hpz2bxto7l7gtpdkb6yj7d	3.07047957137413	1.5428574401061
did:plc:d7us4zvsp4yqnuldrdrzkuw6	3.67065712206964	1.48251823426996
did:plc:da4ayjqe7zvbimwgseiz7qnc	3.22496722112336	1.90262485051578
did:plc:dafpxzxjpn44vr45esadcwy6	3.82323017451632	1.437684992975
did:plc:daoctmtjtbursd2vba2rzney	4.33416599064668	1.34909881991742
did:plc:dapfy7dcnuqbktesaq4kkmq4	3.98343425756828	1.57016704610684
did:plc:darim7wizvaiqd4ncbhsyh26	3.79382529622672	1.52110157252832
did:plc:dauwza6ikdtr5326cbyobe7f	2.58171861018496	1.51684735630407
did:plc:db3cblidwdx5x5av7mp3jiox	3.60862885848964	1.61680411513482
did:plc:db46waypudfxzfspwpd62dfz	5.90826833662623	0.996138490192437
did:plc:db4dvkeirhu6u4ok5beavsfy	3.07170458109473	1.88892514029727
did:plc:dbckg7ywy6yutdkoycbkssb2	3.63209133531147	1.47629543558827
did:plc:dbenvmuizx7acwkidd2q75lp	3.78647308481198	1.37304715123294
did:plc:dbeqd7srbmsuvrmmdzvaxfha	3.16297745910671	1.96588411959165
did:plc:dbgafojbt7vpeuaeynt5jyyq	4.18696790183283	1.44830582565893
did:plc:dblkrue2sshybcpe4sslld2w	3.21580375465007	1.55029214423726
did:plc:dbpvievumwhki64bhaypxey4	5.5382560031359	0.977364269781399
did:plc:dbqwsvfps3xgnrt3vs5qchxi	3.66468967984454	1.30921537538952
did:plc:dbykco7wxblwessxnohmavw7	3.39941688767833	1.73729754861828
did:plc:dc374sm6qljgt2occxudtvnd	3.39593194864561	1.4774163669269
did:plc:dc3i4iilsmhcfbiogfo256ww	3.56542688474899	1.59734311995868
did:plc:dcabcbwkv5zuinwk2uwon5sp	5.22126505673531	0.937561666984796
did:plc:dcbj7klj64ti4axotdmqzw7f	3.84546205930712	1.88604162988535
did:plc:dckcdavtfeilm7bxojst3tam	4.91284199293194	0.967518935281088
did:plc:dcl4lmg36tvkdl23oku526pl	3.40330252625798	1.88485876611229
did:plc:dcluj457nzkavs7vz63uojit	3.86702986374993	1.58348195677797
did:plc:dcs2vu54vsk4uiwe6kalh2nh	4.61107633881356	1.47036315869208
did:plc:dctqr7kcavgggjipg6s2xc56	4.06560321709052	1.48269542549182
did:plc:dcufvk7t7ryu6ruz6f35pr4e	4.80742238624983	1.03888518835627
did:plc:dcvmmbsjcn5tlnmd6k4msn3i	2.41249766422598	1.45352994875337
did:plc:dde3uouhkk6mkcb4iaxxbted	3.83033146370294	1.39850364348329
did:plc:ddeglf2bui7sj7kesxbfzymz	4.79586700041847	1.27717475612637
did:plc:ddfy4xyr6j7t6jw4u2bzobkz	3.35403585544236	0.974359723371315
did:plc:ddho2mzwwfdicknwpbqkl2fb	2.7031520769271	1.70274347551631
did:plc:ddhurnnsaotxg3rxwcib4ei4	5.84325734659907	1.03869220988125
did:plc:ddhwjylsvwac444ez4jv2pwd	3.96343678440084	1.40074967234521
did:plc:ddmkwdknevhtb5ezps34whfa	4.21499795152097	1.60749498429708
did:plc:ddxg4i7xtyoa7nn5rnz7qcty	3.49920431016654	1.26490199336528
did:plc:ddyp3xcqiccoylicmy3clahq	6.16363498103254	1.13953602843008
did:plc:decb26ki7e3uwovaabnhnroz	2.28755730804855	0.551663135208007
did:plc:dedma6bsu735cj3nf6frafkg	3.70783709772158	1.56909412543716
did:plc:depe7a27plwywfcpgrcnzcku	3.22820546374615	1.86535643973394
did:plc:derlwgcaojqxysb4cj5pyrfa	3.4088951633168	2.0834711121265
did:plc:deyznewkl35ctm2rd3kvt3ht	2.47994720676662	1.63080320916098
did:plc:dezuwxskff2kidvuan2o4e5b	4.45237610003238	1.10072444915987
did:plc:df6kkeqcs3ukd2xwk5sxnqqj	3.7023363826644	1.3777289324366
did:plc:dfbz4hifhryn4ie5uqverxda	3.21261085280913	1.95593522115625
did:plc:dfcteyagxnvzbwree5kgmwme	3.70330046812143	1.60918078029951
did:plc:dffltqxjvmmgrvw4onr4eo37	3.26896170543458	1.68326002697153
did:plc:dfjs4tqvxgy3h24c6jmo4iw7	4.70260843868806	0.913917564137155
did:plc:dfl62fgb7wtjj3fcbb72naae	3.19796977285028	1.91105539361692
did:plc:dfpdh67p7sabzi6lr2bq4ezc	2.9210883979981	1.48146043958367
did:plc:dfth27my4iaakpbk5vegyn7i	3.93348874491126	1.80387325533888
did:plc:dfyvagqq5mxplqmiddpopbif	3.89934217674484	1.41661457980046
did:plc:dg2pcwp6a26la37t3wm7rb54	3.5746393031595	1.58102224635719
did:plc:dg65fkwgzgg7fq7t72b5borb	3.12363577657676	1.63342226534425
did:plc:dgab6ok4gdotqeyez64ea6va	3.33892167401148	1.77605009675451
did:plc:dgdcy36v32tpdx4ioth2amvk	4.39209892510154	0.839727975997926
did:plc:dgfhaq36jlw7fjkvikus6eqo	5.74788858088485	1.23040460941445
did:plc:dggamtv6xhjdeokx5m6b7ka4	4.52994936314169	1.51188269319385
did:plc:dgjd4yubcxt2qpq53x6ptbc7	4.07347329272431	1.33949576300304
did:plc:dgnass2axewyv6xk4sixdkzr	4.23162733803379	1.54740791994583
did:plc:dgtoy4kagmg7gop54ya5pk3o	3.65652423685752	1.83491462997934
did:plc:dgunuyxwpl3kpoggtyrz23ff	3.78153896783735	1.51362189242546
did:plc:dh2qgxhxp2vrjjyz4rimbksj	3.50478262780822	1.68925940143644
did:plc:dhdczboozfomp7nxnqxuyo5j	3.97041435001786	1.39491763837603
did:plc:dhfbe2nxjscexxtfqpg52v3h	3.09195725902676	1.69014245332218
did:plc:dhi33hus2yaula7ru2sfifkq	3.67709677122026	1.69883210934869
did:plc:dhjebjzvevkmosbdwbwengsr	3.58579386481843	1.59706166056344
did:plc:dhrmecpikkm7yf5zxykechvf	2.61597217311975	1.49403649260742
did:plc:dhukedhe3h4ot3yrfzlhomcs	3.25775056760502	1.6133737453422
did:plc:dhvs2eq3pdzgjmecriyuj6tc	4.2665615145698	1.18033965948387
did:plc:dhzytuybmmyb5qmkiv6vscve	2.89414190917894	1.73460854644092
did:plc:di2kftb7phdxop2ypjjkvn2q	3.35104286951191	1.51612283306399
did:plc:di33hnfuaazxbou3o65q3jsg	3.96686190100854	1.6594284231245
did:plc:di67qetu3bnaect7rrbtrv4p	4.35419995909125	1.1696200095079
did:plc:di6gudro5nyj4ajjqccjdapq	2.68964059739982	1.71442591239359
did:plc:di7it34ezakqbkg36oxdgghu	3.82711523959957	1.28025463930888
did:plc:diffliwl64aq73yudw5qlkgq	4.89894538146503	1.21380198505067
did:plc:dikzk2beb77nb4jv5veqq5r5	4.49155646490693	1.88002555713786
did:plc:dilbiczlsemllmpa2plyliih	6.13079934107675	0.705323331057297
did:plc:dimzrf5lkhlqeopkcricqhmf	4.41063939863473	1.38158208937879
did:plc:dineaazbazx3wodyp6ajxtaq	2.92525494085158	1.6625742151546
did:plc:dinml75kjahnpjktic4ztjmu	3.53137976852754	1.30420993888334
did:plc:dirbewgntw7n3s3nj6ie5b7x	4.34240045968391	1.23795370825812
did:plc:diultroyjy4m3sd5xjgwotbh	6.18094729637049	1.32182770663513
did:plc:djcscvauvdnvde65yaxnmfii	3.883960063971	1.38930290861418
did:plc:djgha2vpcxaylqacu4yim6tr	4.30558201537255	1.3424372088549
did:plc:djwgiaz5wbwaaw3y5h55rpwb	3.31990762135766	1.58902376105384
did:plc:djx627cvubfgvbkncbmf6w7i	6.42166366109426	0.929324515142021
did:plc:djyi4xhvm5dexksuuwgd4asq	3.53649320086644	1.679682125462
did:plc:dk66belhjtfadbud2kpbq6sc	3.3829849718007	1.69920646441472
did:plc:dkadsnauv5ieyafb7jdn4fjw	3.22755523919263	1.23819314920793
did:plc:dkaxcysyffdzedtzno6yba6j	3.25790234704206	1.41257344427812
did:plc:dkg37iswh7pqtbac57bbsvxw	3.94288061377858	1.18842358219482
did:plc:dkoupnq54djixw6fdfqlfl5e	3.4876427840573	1.58700063736209
did:plc:dksr6a6tfe3dj63jczxtblxs	3.26263212358165	1.9276497744251
did:plc:dktbee6kam5a7hc5gxp6f5ir	4.91212247120866	1.18213824868456
did:plc:dl57srzxuqfuclijyiaob6ez	4.00816401294177	1.4506236263872
did:plc:dley6brvdc3mnsm6jtddziuc	3.86163110027864	1.40427173820432
did:plc:dlg4amxticdoeoricchdtnpv	3.6243473336905	1.63942066284086
did:plc:dlivrhzdfca74irw5rkhrftf	3.6509398696802	1.71340506450562
did:plc:dljtuwsxu5ibezzo5knpnq7u	3.31405980938936	1.55745888009091
did:plc:dll3u7mtfyx2dq4w3esx6ni6	1.89500359268286	0.83715397717194
did:plc:dlwpqjoybrs75gfhec26e7ib	4.06977880676542	1.39248354592327
did:plc:dlywi7yfzlrg4jx72zm3uhs4	3.55157600857566	1.41145702552055
did:plc:dm3ggeyreslsytbea3t3cmtr	4.90100349921121	1.36423238663422
did:plc:dm5aqlazivds3lg4iqxynebz	3.62789831089381	1.20697911903294
did:plc:dm6nkokgrylhmjg6c4bsuheb	5.01829207239167	1.32441891638199
did:plc:dmahvrisszocg47isi3i7vj2	4.13239121970043	1.39368582641694
did:plc:dmbzeifpsrqbn46oj3qceiux	3.66407440965963	1.91022413777577
did:plc:dmhzfrt6bflqonssrqpumxor	3.52878994240016	1.56315497218546
did:plc:dmpirdk6dcab4uobpav2ffz7	2.60858994471336	0.713325230925677
did:plc:dmqr5ocsggkoblo6zk67hkps	3.60237986487082	1.49666550950436
did:plc:dmsnsga2o4dlgr4ko3rd7kgq	3.62053371864803	1.51853889102786
did:plc:dmuhnfohmz3of7njmzsx2qt3	3.85623249158809	1.80676340866419
did:plc:dnbtuqioih53swy3l7yiu2bu	2.9950696712984	1.89178409979599
did:plc:dndqcwjg3voejylqcg6ikoyc	3.61370288871002	1.57741649557956
did:plc:dnhewl4ljajx2gxklzdg7ewe	3.1380424151975	1.28288884147412
did:plc:dnmaqn5jlppxrbci6dnq3wko	3.14925302557635	1.96521284836033
did:plc:dnmgo2gubfibtcr2sphjxeqb	4.23325231494703	1.64603912437656
did:plc:dnrkktjuabxs76dop3ucwspn	6.70414352603483	1.078470770098
did:plc:dntqxsuy73vjctb4nld2tri3	2.8150936045746	0.79396786641486
did:plc:dnvajlhxmtppdf3w7h4fdelh	3.20916285791353	1.42944018361184
did:plc:dnvazqjbxhi3be2wigwfpdqj	3.31905990694853	1.43177486902314
did:plc:dnyahqpjcofl2r53syhimbwj	4.07338685123242	1.66881970890397
did:plc:do7fa3yqogxn7xag5v4kukxd	3.76620839419963	1.3608805587651
did:plc:dogzsyf5mbdzywybuzzqtxge	3.85485187095327	1.14332023102282
did:plc:dojchnny4e7c6qnn4rjby6yk	4.34961463756051	1.43156299904676
did:plc:dolikwrl5zkykel3xyyokuyt	4.60968634089083	1.50164315193198
did:plc:dom2rlh6yrp2goeedvkbvwfq	4.56602876472414	1.54208175015034
did:plc:don2s5rkqfteoi2ry5p4i7xv	4.17706428890446	1.52404788068923
did:plc:doqbyigkdvbyizhi634ebkby	3.49797324759066	1.54752457399531
did:plc:dorsdkvl6lwkm44vnrzzqivv	4.56957279595858	1.43051913507051
did:plc:dou6l5ryphr2x5bddcllxdh3	3.31746239031454	2.07851959786548
did:plc:dov4smvpvc4ldjx3iq4us7hy	4.4049498975822	1.59993226800216
did:plc:dovhsvhkoexg2sefrmhzpikz	3.51136390712357	1.51330116600429
did:plc:doxmy44gxkijwlx67gc7jv3v	4.31392490977134	1.40440610454506
did:plc:dp2h2y7edopkcqwqgulq65ls	4.3239641210205	1.16348091927677
did:plc:dp6f26fc24nxnjkksq7gv2lw	5.33812091151407	1.02949871800632
did:plc:dpc7gg2sjjaoksixtzzvz5ox	3.66014121838472	1.37179120553795
did:plc:dpe3h4p6gcbihx7y5q5wkrwe	3.56813680889342	1.31274321514065
did:plc:dppgchcrcfp3o2qxhhlh4v4l	2.96725192607194	1.60716400199963
did:plc:dpqdrnyrjosdrxua3azxtgtr	3.48780934356178	1.53528903662935
did:plc:dpwbcuiyfg35b6pi4dfpjuzr	2.69332389358576	1.36247503053727
did:plc:dqdwz4lfq5w5n7kl53w65obi	3.34798480732232	1.71846054298853
did:plc:dqjrihsvshivvxunfeai7wzt	3.2951398088568	1.67635073071152
did:plc:dqjviwuweh6xw3cxwc4ks76c	3.85046436339795	1.45237276487172
did:plc:dqlqgd7qrzu4arvs55bxmqr7	3.17570459492355	2.02488384072164
did:plc:dqshi3kacjobdp2x7wml5txs	3.25082005048517	1.09457813150434
did:plc:dqtmonpjy6q3e5wxkqajv3jq	2.4401736459561	1.45130570997903
did:plc:dqwcavs5k2y3vvmsaqlj2awr	3.70612963736478	1.75835422938901
did:plc:dqxwlil5h323qhnimgayuynh	3.30721151532892	1.93216529339237
did:plc:dr6rm7w6p5azovkmzme2w5mi	3.77570953318114	1.41789622065165
did:plc:dra6cr5ai5cewdzrfypqst3p	5.27301550359914	1.13290390299651
did:plc:drevea2fg5w4bcxyzht75647	4.32586875821645	1.13772969493247
did:plc:drgnhebixfe7z7izmoq7ijoi	4.53022411018068	1.33312262308325
did:plc:drjvtlcziowalhwlg6afrj2d	3.88947460608935	1.28663379746211
did:plc:drqfkggwrr5gpjcyylprvpjo	5.13259313671347	0.808843898639767
did:plc:drszorqdfhhyhxhmmp266el6	3.46955938901108	1.72518506263622
did:plc:drtpj7edvlcsskqvbem2ueru	5.04938316287903	0.940912871582626
did:plc:dryjvwrjfh7qdzydrwggwufz	4.00034957477735	1.35201765164959
did:plc:ds3gm23ybne2ikerwax7ovxd	1.97131986840082	0.888085154777376
did:plc:dsgj7bqriaaicyk3uvsbbeza	3.39820001450706	1.44335281554321
did:plc:dsigk6uiedqzztysbm4vyrjo	2.52995288801628	0.756677230197409
did:plc:dsk4aulviztfcigtongezwvq	3.30565778383611	1.31540823191845
did:plc:dsmd5rx5bmuyqhnjdvzhyj6g	4.02095852481399	1.17303895622679
did:plc:dspetwsyyeay7imthsmgtdqu	2.99145052537885	1.90319912676211
did:plc:dsyhyq5ma7je7bgmsobct3qv	5.4603708868261	1.0278036996219
did:plc:dtbetaq3jyxtx56ttc2y4iup	4.80725591207307	1.64929479333611
did:plc:dthdwffffh6ie33dywu3tj3v	4.58466679871965	1.04150494258986
did:plc:dtnoge73rpfrbbrgptzpby3k	4.02919789060915	1.09763831293519
did:plc:dtpgxznlhygvwtcdgnxyrouv	3.25485163817362	1.92452943508716
did:plc:dtpj5hotcci4fanph7kxk2tb	4.61433160497068	1.15410257567099
did:plc:dtvgh5vh7fvfys4ojjx2lmil	3.82200125339391	1.50720768452307
did:plc:du3pbtsmjfvgfyvb5p3mzszf	3.88963196019486	1.66117716257396
did:plc:du4rlofecrjdsqd2agdx44fr	2.56795972778481	1.48331926467148
did:plc:due764fs3onxetsxab2jdnrw	3.72287665444263	1.47755746710452
did:plc:dulid7ykozayl423xey3sekg	3.74148324824257	1.08971385816648
did:plc:dumu5t2mkm3r6rkjvawnh5sd	3.67052454820672	1.01135521494626
did:plc:duq63aydlz35vrdymnrsruvo	5.70115674016254	1.40812465954581
did:plc:durgjpbzqnlunlhjwtxiqlwo	2.8704386469436	1.30793542654033
did:plc:dushqgqws64shnjoz5pfm7s2	4.58496489368161	1.34013147509655
did:plc:dv6czuta5gketyxbptoxf3i6	3.15183021642592	1.65332081060028
did:plc:dv7kcprhntoexifgjxhq4uin	3.92149769564756	1.68201625787085
did:plc:dvfuqjzghczvhts6eobjvl2i	3.4548893603522	1.67157127661939
did:plc:dvobdbxw2sgmjj5ybemyb3yt	2.88592850651448	1.39404252086008
did:plc:dvuqwakjjljej63x2golzidt	4.43799768685725	1.34030100252824
did:plc:dvvbdsxajmjcwl2xypcfn64x	4.3028070212636	1.55322422146225
did:plc:dvxdfxmyxagmluabihvz2lwf	3.59730898842555	1.63200667504344
did:plc:dw56lyxdc3ax6k4aslyc2zdh	4.64536357808644	1.09871909710243
did:plc:dwcnjv3b6i4c2fwtdcjubrl2	3.83993254393897	1.43823873519569
did:plc:dweosp4aww5fn3cukf3jxafz	2.90666924940664	1.6944102700161
did:plc:dwh2gr5vsp6oenw2fwu3fwgt	3.17667068120046	1.39839533518291
did:plc:dwjglfkdj6wenukxtp255u6e	4.08669539259743	1.27203173143361
did:plc:dwmfnrwxi3ccxtrdsjbo6sob	4.59398865589107	1.55910706454414
did:plc:dwnjbl7lk7th4jmyjxznmlsp	3.49911299888388	1.70133596834132
did:plc:dwz4zczsgat37xgcm2zb547u	3.55330142550449	2.19672820316406
did:plc:dx4vt6krauy25mp3d2lml2pt	4.94336870646044	0.990960112887097
did:plc:dx5y557diwn7qyh7wr4nucav	3.24992029296293	1.77025259773283
did:plc:dx6fkhrh43kwgle6rzqp24i5	3.86160745773011	1.36386747101722
did:plc:dx7zyo5kzramwqhmxeb3nw3c	3.35994054296522	1.43659688099258
did:plc:dxbnf4nvnsxzrr734fricbpv	4.33118822471757	1.61717575898538
did:plc:dxel2amrtxpsvtyxmtgveawo	4.5442790016809	1.04395535574231
did:plc:dxfjrg34p6o6nczyyvujgjs2	3.66657394887189	1.28364529224947
did:plc:dxhxbghjobjf252k7yvtzemh	5.10432224110641	1.36230184451259
did:plc:dxkerwr3vxm4i5ozoquyi75i	3.24904528090257	1.26254150502137
did:plc:dxsy5agvh7emjyl74xp4t422	4.31065312450936	2.05058378713551
did:plc:dxupnix6yaqw4xepmr2djogr	3.23707065909057	1.44293097658379
did:plc:dxwt3wxow6xuqgmi4owcnc6o	3.81229658075083	1.51185097720137
did:plc:dxxuu7z7nw7atqgjdyfzzb7w	1.03388318080799	0.676569355975025
did:plc:dy4yi2wbomc4dk7a7siy2egf	3.14062569925301	1.22308709992357
did:plc:dydy3idkxydstwybf6iaetxc	4.01253066132432	1.4570249589154
did:plc:dyng2yuky2k2avtaqy65oz24	4.16767355508827	1.30144489369195
did:plc:dypl6rk2ikd5nlv4hydxci3z	3.76190257737869	1.28616443546139
did:plc:dysfkiehow5wg2s2mxrsh5ex	2.91831788272922	1.5485062820176
did:plc:dyzlnwm2gzxhzv7aeg4fcb4h	3.83573860419383	1.56395083595846
did:plc:dz5ddq7zc7ai5xjioqkmz4t7	4.10617548315315	1.30391588876479
did:plc:dzfsd3qxli7y3urrfctxbfcw	6.06461944646099	0.828181457834632
did:plc:dzwn5dypatlme75m5gqdkkz6	4.05644591067257	1.47495158855874
did:plc:dzxxzxjonzd7pzgn6mz4oivj	3.18583623769182	1.49997549848884
did:plc:dzyg3cl2otxtzp2aw5df6225	4.82479824447564	1.35649974930246
did:plc:dzypwcflv5urtzfaqs2aarn5	3.55242310798158	1.3796942282603
did:plc:dzyxmr4n4kxjvnrc3rcsfmos	4.18202156429588	1.13739489207554
did:plc:dzzlcogo53cepsffzufesy5t	3.11928612422756	1.93880377480572
did:plc:e2dlkikjyu4o2ohvaukiuxtf	3.04820432441374	1.6334707281294
did:plc:e2ebye3ukixdfveqgq7k523w	3.33551246441676	1.55015162344004
did:plc:e2ovoskq5fmw4tlyzxdiwd2t	3.47594171945193	1.28257131398796
did:plc:e2rmmvqsxwlmlv5us7ecio2s	3.82318383310809	1.59272473184318
did:plc:e2sraa5vs2oceuf2zjk63rw4	3.20618089497661	1.62546243792468
did:plc:e2zj6sgmkhxgcphjjbwwkfxe	3.35821024120605	1.48329678987895
did:plc:e33m7zgxroviskmioksby7nz	3.89026505564676	1.91402433159439
did:plc:e3dfo27yldhd7u3vd6vt7i4g	3.42779201646612	1.36383779047729
did:plc:e3hnh4aamlybmktdq2gkdce7	5.22292630032702	0.989241977535774
did:plc:e3npe73lambtowth6luyso3a	3.85232267779113	1.4921772657876
did:plc:e3r4uioy6cfmqyv4s3y6ifmq	3.27921272997768	1.74896582545216
did:plc:e3sw2hhu2e4qcs6l7zui4mvx	2.6722809895941	1.48591190974444
did:plc:e3vboa2zzikjvuxdrjzqz4eb	4.84456550547538	1.77768473869981
did:plc:e3vuccoxunhoeeljklfuncl6	4.24599629958482	1.36494279852059
did:plc:e46bwy55utqwyl5z2xt6ohlv	3.07397912698996	1.94787729757344
did:plc:e46kurcomisgfccbyd2q6am7	3.58866639931595	1.68393152009762
did:plc:e4e6p57fnoa6grkfcyyk26ni	3.63463116816231	1.5295536828817
did:plc:e4hcp2a7l7vwsgk3sqc5pu3a	3.55743294007165	1.89568396803807
did:plc:e4hi2dtvx5u452ytjnr3kz37	3.47469503320964	1.31876608708857
did:plc:e4plp7wljosxam7hhsny6vs3	4.79700881116429	1.39440264112639
did:plc:e4pzgjnlyh2ukxnhru44giot	3.23748933110172	1.79684875522013
did:plc:e4rbzenzaig73r2csxsmi6at	2.95767672207904	1.49873708442674
did:plc:e4u2zfxmnbteuxuyd6ahvdfy	4.32307555230826	1.40839302400501
did:plc:e54nqp5kvuaa4jslnwuo63ql	3.93873533436864	1.37384625949106
did:plc:e54or5dqukl3h66q3ngy4bi3	4.20065710966192	1.60214938029176
did:plc:e5bz7ehsjlqkyioycht3566d	3.83355965914868	1.20715086054888
did:plc:e5iamz6dkezlgy22p6y5fdza	3.70363050682081	1.35525624009577
did:plc:e5jvixkjnzq3loenplz3twfl	3.26281325079921	1.36731045998672
did:plc:e5l2twpfaob2wgqfwanragwi	3.28476688192085	1.99774794185556
did:plc:e5lum7j7tcvmttrovschmgpn	3.18785174074292	1.67064082368112
did:plc:e5mlzu575of235pgw4e3rpnz	4.25574722315914	1.23592352657152
did:plc:e6tjk4i2hz7dohgqd6eggpmq	2.71821643991073	1.71548315553435
did:plc:e6whiqzmcy2rczb6fpli6jts	4.07871539184422	1.35765402379312
did:plc:e6yc3yyry3swzdykwwejkwuj	4.60931191040001	1.1735123350903
did:plc:e73krsdj5a7ecb52e4pzpjxq	3.22010156536145	1.33947651743862
did:plc:e7bxh4ex2nlqxggs4ytzthwg	3.00090367289053	1.84398051345647
did:plc:e7fx2k7djqbkh6tmsq6ck5sb	4.59390002041373	1.28842400776262
did:plc:e7qznijbre5mnpftuabr72d4	3.81273389506951	1.44726932559724
did:plc:e7yr2zrozzettxxrec7u5hfb	3.60924216291306	1.23302613969277
did:plc:ea3jm4cgxfer3qigabwyoicm	4.23664945455146	1.98977836777036
did:plc:eadlvi4jlwv5ig6yecdz6b4f	6.55434643019791	1.11901039257922
did:plc:eafy3bofqxk77joghna7sgpt	4.19783751358162	1.67517982760358
did:plc:eahwzmpjpbhyaofb5bl4iwle	4.72308676352749	0.94090161933856
did:plc:eai23nsjksj24x2slcjydzht	3.05809955446261	1.66688977444457
did:plc:eajsbnsr5qsfjqbosg2myf3s	3.14825400906703	1.3777400041461
did:plc:eaoekl4x2n4ezzhadu7cwcq3	4.61098160556866	1.56006153791863
did:plc:eapx6z6owlwklqbgm4h4gope	3.2276852989538	1.65017011546064
did:plc:eaxaaftdyzghfww5urf2vzck	3.40586633038906	1.48409593777048
did:plc:eaxmqb62ezdcmhzutlr2n64d	3.6017482810361	1.61652537709791
did:plc:eb77scyrqaknpfnqgefmbti4	3.20135869874411	1.81003365213349
did:plc:ebgtlwblbm3ef5ls6a5zpacg	3.78963805191698	1.48407855856014
did:plc:ebllvicfpwjfimzjxhiem322	3.0278755795307	1.44874367712551
did:plc:ebqa33eulig3i5ekzuhm2ton	3.5196602648761	1.33407822632606
did:plc:ec2dspqalie2c233mtpykcus	5.1779694751392	1.43531838740809
did:plc:ec2znqfcmamjmn44tcosf6aw	3.26946146414128	1.69319280690044
did:plc:ec473dzaukltzxnvcjmgwrw6	3.98577713752992	1.51548779495096
did:plc:eccgpzvbiqzonryft75bgnss	4.39964002082624	1.45518880874747
did:plc:ecjlc5ouev63oweq5en4lsj3	4.24131921295363	1.46572034158027
did:plc:ecq2wvzndmsbfqrvo3qnq456	3.75383573785503	1.40577769054658
did:plc:ect55neoh4oqfuh62sp6xeqz	2.60750621515806	1.66535078252304
did:plc:ecvax36nehyxl4eqtkqphuq6	4.54144128890354	0.946443864266093
did:plc:ecvfx6h3dj7mxjcqmfcyybmr	3.41314086286541	1.72727795949838
did:plc:ed6ywwxgcm5h4xg62brfdbez	3.46076970865451	1.5659439465201
did:plc:ed7q5z65dydsqkbmufodqozg	4.32352836859022	1.36070070790597
did:plc:edcu5xtocvpjrqfttm77k3k7	4.44765754773779	1.06233608643476
did:plc:edgecie3ey6jibr5ax6jv7up	4.55729907263418	1.22461404094206
did:plc:edl5coh7d4leaw7gpnjs2efu	5.13327278249378	0.893831335260742
did:plc:edlbsmwygx46mgijvy5hiosp	2.51887861646149	1.52595428032129
did:plc:edmenbxgwflch23puu6i2ikx	3.42511167206906	1.48845894097383
did:plc:edriqcj6hfcdr5la2g3hiiyf	3.67113504741489	1.36094919951931
did:plc:edtjx54au22lumvzltjcnfau	3.92546996377396	1.31394117785809
did:plc:edw4os4laiawk3sn7z4hlm5p	5.41313042849989	1.50093101333899
did:plc:edywnvlcwpycu26t5tztu2nt	4.53894008266294	1.42968118369987
did:plc:eef5hlvpmyosferdrjsmksvy	3.64531943777026	1.60402997532946
did:plc:eefdiydxe37wuxrvvatbptgo	4.44467538660794	1.50859377310277
did:plc:eehhxcimm2kxmostxfavia6t	2.99416598948409	1.94649367430564
did:plc:eehjpyc4hcumgbtg6zggt7dr	3.02234770745755	1.19004148716349
did:plc:eemi7c5gzlyp5p5yb3m5argc	3.22668753456149	1.57073288461499
did:plc:eensbwiajcl2kex3ley4jgew	3.48360367484909	1.74105642260634
did:plc:eesxkqpdyiiq33tellbipfzw	2.92798347325949	1.43402622033672
did:plc:eeylow7wxpmkrsxz3xnc4ml7	3.74765502574076	1.63899340176153
did:plc:ef2tvgmzh4g7bq6gmw5qkkcx	3.0983955727409	1.38319244581342
did:plc:ef6xq52yi34xxm2ng5yhnsxq	2.81822319080277	1.72846583997186
did:plc:efe2xl5qcwweqnhest7h23d4	3.80346936021009	1.40782828490814
did:plc:efgh2zvroyo7cxb3p4caw47l	2.43309775905221	1.49841660772578
did:plc:efil42smu4wr3nyltuwhegc6	4.4822230241587	1.52102378676117
did:plc:efkkmt7mpknzh3qhaq4ufol2	3.57798233957091	1.73402359583892
did:plc:efml4hhzgwomfwy7ywuzcnfl	3.66391221621284	1.63405967658409
did:plc:efnrnluzzncqwx7lux6tjat2	2.79032235262573	1.53509443268581
did:plc:efpnhqwmf7b3p55kmtdehana	3.43827934824473	1.52967172250859
did:plc:efps7opvqqdgc6z6qrdkjryn	5.00272543990492	0.98975545055279
did:plc:efv3xiydkumigto7at2phoy6	3.2644355394202	1.74437572821561
did:plc:efwdlxt5ze4lw3mvqwunwkxu	2.80156930480434	1.67227070536589
did:plc:efyzadrxc3jgarrdfgq4i7bw	3.88408744502647	1.56047209239775
did:plc:eg466ptmlrzyonlrzjkrtdsk	4.11728117146595	1.4766492188131
did:plc:egbxwilcwnpfolo3a5ek7mr2	4.17183517963649	1.52956885248717
did:plc:egdwnob6srr5dy3o2f3pixwh	3.02937294023359	1.72196199062514
did:plc:egejqr5ys2tzwlwdwuybdzo3	4.52545049458048	1.25319177158966
did:plc:egmjks7paxa2vedci76m7k42	4.51514825586392	1.54911751421776
did:plc:egru2rxijsfv2ymnobpb2ngt	4.56689909492121	1.04100654195163
did:plc:eh7el5kwvey6tsymioullfmz	5.10910459309927	1.53188726232517
did:plc:ehhxoqf7qmwkfzyhhrnlpr2c	3.70378452941872	1.509703800655
did:plc:ehu2vwfwg5hffzyvuzch6lmm	3.90953117075284	1.30675395230892
did:plc:ehuu2zvoghcjakx35lu2gxnz	4.07076600060773	1.29748412275597
did:plc:ehwspnwjxgp7f6rzlve2rvec	3.77022866219361	1.56840443845703
did:plc:eibnckmxzzxl57eksnhl3ptg	2.97610436046826	1.91397508370939
did:plc:eidwr65jbepxz4q4bomdaoy5	3.69613514440092	1.59408901627046
did:plc:eig622hlrxlkhz2ect4qv6wj	2.99606728549657	1.27475895728502
did:plc:eipmlqlsy5jbsd2ictwvfpbz	3.69716961642621	1.54272390588814
did:plc:eiwg5hfhbjgor7t576cxwp4p	3.3781933200374	1.5480833760546
did:plc:ejdggyoyvbavkhqy53tbsbws	3.68582826621207	1.61658395261255
did:plc:ejfjr75neb5v7rn4fjzyb2qk	3.53937470827483	1.55654627509797
did:plc:ejkejmggltm3dyv3xeyxd26i	4.51556324975269	1.69399517885141
did:plc:ejkfdq7sqxxkhefqhemuydf5	3.4639570035284	1.5505535582693
did:plc:ejmcpi23p6veuvxkqdt3fiyl	4.03399358252304	1.33315955509678
did:plc:ejt4a3drdhodb7npksssdqkp	4.4030752769139	1.18156506044547
did:plc:ejusgmfgega7lqfzv5ypindr	4.77425659261084	0.978689976816226
did:plc:ejwbussxjapgruh6j6nakcye	3.15998783394353	1.41291315912292
did:plc:ek37tiztopvxkc33zxa6pxw5	3.38776244426406	1.66053459225693
did:plc:ek4445xwf6le654kgyn2xggj	4.01986374984004	1.38591070546367
did:plc:ek4dmplyhcfunq4mgb4vnfxy	3.97308333084028	1.57154160715279
did:plc:ek6rfte2v47cm35ku7uzxign	3.5949847248621	1.22956453124082
did:plc:ek6tvrwzyypb5ap4oxvvjdxx	5.54064005917241	1.10239538248592
did:plc:ekekkbtgrjhr6onxvzz6x6nm	5.40692282941175	1.25401823590564
did:plc:ekjwluniclmxrgxeg2oi4big	3.26426722816612	1.36133849977744
did:plc:ekyl6vqeaddiufdm6tipy3k5	4.88450253151458	0.80790410611362
did:plc:ekzodsc5kmfjadqvicn7eygc	4.39909738804502	1.56673793652278
did:plc:el2vsi27pgqqg5h7qviwtrgp	4.32955036555643	1.53815582422021
did:plc:elb3kls74pbvsah4ugxul7nu	3.84155897166267	1.24152101840734
did:plc:elh42h6ck7gtdlwskwoiy2qh	4.50837109403343	1.03323987072018
did:plc:elkmjvi6glnz54biwq7lqbux	3.61935209936172	1.64592266352143
did:plc:ellpzc7jcia5nukgwrphom5j	2.7618257286248	1.80426533323506
did:plc:elnnyonaigbmh567s2ntxx32	2.75316915728589	1.70734064996906
did:plc:eltviq4wtjfxwseyrqjoso4t	4.79089954933538	1.02494150510686
did:plc:eluzlxznfap4v3nhcemwdetl	3.88153890837719	1.504464650539
did:plc:em77ytza5jjsnavbeykz4you	3.45864621598341	1.73497625698866
did:plc:emcbyvjwr32cwyq4vsbm6t7k	3.16698278814578	1.5809536499466
did:plc:emf23imuurmrvjumuhz5t27m	3.54728762309883	1.54557025932047
did:plc:emgxm5ws2ixjza5msqfkd7qz	3.4468269423019	1.67546469942863
did:plc:emji7xraj2gestxjiun4by3f	4.31699063829169	1.15335783465303
did:plc:emmphwtl24sn5ge4momffx5c	4.33069435524555	1.25681291195263
did:plc:emmqwxax27yrjs6u5oenypoi	4.47998153294082	1.08426494138496
did:plc:emnyyclvvyp2eiqphq7s3vv4	4.05962038335076	1.3469384414273
did:plc:emo5xzddkiowr2mjgkpxw7e2	3.70837847656831	1.47830112360456
did:plc:emt3loovkdwwrrekgxok2wvv	3.14376950389173	1.27519292014824
did:plc:emzfjxqtuhptrr4xv6v54a4q	2.87799222669913	1.39691107272488
did:plc:emzk4gfkuc2q7p57fizgz3yj	3.98002324084035	1.57873829224788
did:plc:emzx5rvq4gd2vtiqi2drs3en	4.22170463058365	1.32274047836211
did:plc:en2x35jf4rtjyplkrd5dzkvh	4.25664069595567	1.27185657495802
did:plc:en3hw4y7pz4fg6hm6hmgw4wo	3.595972723174	1.75764098171577
did:plc:encobm2j4g4laayxuzan35ky	3.38330707621091	1.35876231595907
did:plc:engjcdeq5s3zl6wpcwrs4og7	4.57178963669535	1.60122740395002
did:plc:eni6g3xiidfcl33iqfne4xp2	1.88314598383531	1.00518606251445
did:plc:enkuwwgcieto3faxt6pnclnj	3.2170652155021	1.74724461685671
did:plc:enlfgn6t2ivmmoe6ub3jt2ue	6.78470352787297	1.91205727815868
did:plc:eno3o3dsuojjxigkzxnhofp3	3.74158826655395	1.36179213203922
did:plc:ente44f24uyqmkww5ab2oytx	3.4993933210905	1.7018597870158
did:plc:enviu7frjydjt3e5p44pscag	3.31673940190055	1.77839426790255
did:plc:eo52eyydo6uduvblwwglmwmm	3.43809897992108	1.54181756257162
did:plc:eodcf3drl7dmfdefkxlzwfoa	3.64035997362539	1.46739702065797
did:plc:eodsllsdd4m32xybq6oli2eb	2.94025538262982	1.81755926144833
did:plc:eofxhtja3eqbsb6jn2otgt7b	4.34093760024305	1.34192681707326
did:plc:eoklfle6mldjhlpxjfa3lefi	3.70212492528441	1.37165399893959
did:plc:eoop75xr6khv7pgutq4nam7d	3.81098388010072	1.47812053678453
did:plc:ep3kmrarlctainmgjnw2uypy	3.56998705877778	1.46859988229879
did:plc:ep5z2x5enjik2myfd3hbxpug	3.23752482677774	1.74107183608832
did:plc:ep6lal34tprx4l5rv74ea45s	3.62425629158605	1.82716033671963
did:plc:epgoim7bonhbwtgowa4ofgl3	3.16185584458963	1.8672634708847
did:plc:epirplaf4vulwyiji2izfgpi	3.15813032950903	1.96182032950611
did:plc:epstn6s3azspativqtqle56b	5.67587921576366	1.40203197453539
did:plc:ept6snz3mqrtikn3ydpro3qu	3.35814730638842	1.23603307559598
did:plc:epujieddxbegohl2kwdlr6vp	1.05930993634665	0.586248333578679
did:plc:epuvsjbrueitvm2q2snue5zb	3.75464178805806	1.68983547416012
did:plc:epvhccbnhfer6nefadtp3krt	5.61260481968432	1.54329119581929
did:plc:epxav5ussszy6b6age2o6wyw	4.19769504024694	1.99787555314013
did:plc:epxlulyiiyczuklczgficrbe	3.61525071580053	1.61529094818635
did:plc:eq3mlctzlk54x2nevxbmc6ns	4.30850901998344	1.31040009009987
did:plc:eq7ncopf4cdykcwkqapyvtqq	3.16953756252785	1.15758644685134
did:plc:eqalny3wnznhpfuxd3fekebz	3.49878646523247	1.37192516239454
did:plc:eqcse6xme7tgiflpzw7b7jcg	3.70863761333495	1.06161206129027
did:plc:eqm5desvsafzgamnugabeaj3	5.1857317945395	0.791317260712861
did:plc:eqmx3tm52hjf7gcd6utuiq37	4.83904127290192	1.33038296811932
did:plc:eqpjsykwhjfq5rjwkfdrsc5e	3.87671554197691	1.32912744202604
did:plc:eqrdjdiv3wp7zntkxxtsmsnp	3.6566008596844	1.23051129594287
did:plc:eqxkuwg7fxiozr5mqrj5q6eg	4.29382727871073	1.36792074691074
did:plc:er7j4i3hwugfzhh45x5f7otm	5.90727311126358	1.03039521793183
did:plc:erboxabfvlrdvp3dmldwwglq	4.92393593433357	0.905200082852613
did:plc:erf7wnmjeocoabufu23v6f4f	3.41542694639137	1.51697645917927
did:plc:erl2fdpaam7pqpdskb2xf2ds	3.21574750606356	1.65205106457732
did:plc:eroug5q2343qjh4ydot5rebv	3.27727223181086	1.33074228623554
did:plc:errxwptmbijr2chkbkxcmub5	4.74708274794976	1.66036747990435
did:plc:ery26audyum4fdyjio2eiqa6	4.13033803597704	1.41101455493568
did:plc:es37jt3oeuyd4cs77ceb72s6	3.39206129313788	1.61521080465089
did:plc:es3ulhnpngcryngxonizstnj	4.17534658630783	0.958433978758918
did:plc:es4dqqi5vuyyj4qquogubdbg	4.47026838985134	0.936186817292451
did:plc:eshnj5fwvkfjvgl3ysi3kypt	3.52297500822312	1.46719981968942
did:plc:esrls47li77oqunytsu3eyau	3.31255473953108	1.71041681882334
did:plc:estnc7dpjwonxfxguidie2bq	3.38782781225792	2.12684739830593
did:plc:eszap3ompvcjbliyvw4zbwhl	4.19073076610408	1.25251053167722
did:plc:et654awzw3gsmokxr7psuzor	3.92144545998371	1.23299298832316
did:plc:etaqbgs4utq6mttp55xndfib	3.58668753320853	1.2519370270576
did:plc:etgnmbglgfyg75bn5ixowdzw	4.49882424612122	1.60350818337491
did:plc:ethmgocnidnse3k5fd42irc3	3.52516504207841	1.46008921051734
did:plc:etidczwdvm6xwlwwpx3uucpg	3.24561331855943	2.07839738144993
did:plc:etprp7rzpk45ygxovwgl27rl	5.5521073869372	0.923643594379697
did:plc:etsccewgrj2jivbwis4rihq3	3.57698769595339	1.50471930332681
did:plc:etwkwyg6ywhgnooyycs2zpzb	3.52623806753613	1.45887909091583
did:plc:etyx4korfgm3wr4nl4ld6c4i	3.71927520497335	1.565821747409
did:plc:etz6wf5eejk3h2ttfuo3ehcn	4.00168852503432	1.64210146560494
did:plc:eu2gbplthvkxlbvup2sizekv	2.91719390694389	1.28522213445517
did:plc:eu5eenjojfm3feeinvugufgc	3.62234652687928	1.46127850855017
did:plc:eu7actgbgowos5rsggfph2n5	3.14384597222207	1.39191163687093
did:plc:eu7qzwtqc6pqm7cousgalhz6	3.6867780181	1.18038568104337
did:plc:euftmudfrw4xoi7qlkp35the	4.02356800811523	1.50629610670556
did:plc:eusb7e24dej2hgjmbzupkwq6	3.27922404657982	1.62554494923836
did:plc:euwn4tqcceaf3afais5h2qhr	3.14260919452768	1.43195566676465
did:plc:euwoufcpvfojf5zrmfq3dvx6	3.6515701615958	1.49917023126418
did:plc:ev2rufjfo4oaertaaupaizbu	3.42307535741907	1.4390622357353
did:plc:evmnwbryyeas3gg4xuj3mbpu	3.33452808959707	2.10071365017699
did:plc:evsiw5sm744sacy6ofkl6d23	4.01765860388501	1.34416460814531
did:plc:ewbccquj33t2gvc52xsqdhxw	2.6298444401387	0.791481442766837
did:plc:ewcjusbgczne5akuvujvkgov	3.79977330186296	1.28618208787468
did:plc:ewfoajlvydqnvfxnn4jdy6hz	4.63954327428738	1.36530072127403
did:plc:ewofw6tsyjd6bvpx4z6ojxss	6.49160572829852	1.21766843961128
did:plc:ewomz7an4kify6fl243ougvl	3.77451936996367	1.40465672680231
did:plc:ewprcyxzxin5nl4specrqdjt	4.01871728315225	1.84056771923195
did:plc:ewr5iqyspsefqgz2vkcjxdnk	4.02017458679168	1.5039241967207
did:plc:ewsetdprzb2axibqvg4z4jee	6.63789995081322	1.04086274970548
did:plc:ewthigscxzns6inucnsulrrm	3.98286709069063	1.68814397276134
did:plc:ex7xhxyvry33y2r5yney5pxf	3.29991741509928	1.32697308693424
did:plc:exb6q4wglsjbhsalwfrwpidu	3.3937339168346	1.58434937340164
did:plc:exmwekzcsjookfntx3v4cl7q	4.59210254794086	1.41606792948104
did:plc:extqxtsoc4q4qnbmwizooppn	6.49447778226268	1.05830983169358
did:plc:exvanik3ntq7sev7sqgb5iqq	2.95924296150107	1.89028075389488
did:plc:exwsbjks4g7u5fbajmu64o4c	5.55187514893058	0.865750977332466
did:plc:ey7wc2xdsv57fc27id4zp7lp	2.94270292309443	1.44272050476637
did:plc:eydm34yt7qjxe62to7hkexow	5.23419983412802	0.904824417435632
did:plc:eynjhj5j4ygu75xdi2lzv7ix	3.44152382820582	1.77930778793855
did:plc:eyop7mgrvjamdtoeptpp56mw	3.28093335574812	1.44390330693446
did:plc:eyu3xhqqwjlo3bj3s4fsw63n	2.27837686268738	0.169379901728555
did:plc:eyzziznmtacben6evyme243k	3.07789136810447	1.50439214657986
did:plc:ez22b2zew4qmalruoakz3ofz	4.18574002829757	1.67649609880726
did:plc:ez67syvstagffswme2fanb4r	3.08221544241253	1.59308478334844
did:plc:ezpdjlukyy4pzg3lvnn4uxrs	3.90638817948507	1.48081787726138
did:plc:ezrd4de6jacd2h4emz4n4qc7	2.66769983474525	1.11482210973185
did:plc:ezrizgkrqjjbu33wzzhm7vgh	3.5453452240608	1.91482565104321
did:plc:f223lkpwzataovl4k32zyca5	3.34481975920799	1.6484099257407
did:plc:f27gbmezjt4vftg4yoirmy7f	3.34209843437756	1.30028386673826
did:plc:f2bm2g2tvzb2nfepbr6bjqzx	3.27422508974897	1.57943160393162
did:plc:f2mltcbotcpxt2troqfunt2g	4.10015338751446	1.44045820823795
did:plc:f2to3s4fbuloffay2f3nqg4k	3.36643965171727	1.70448345342394
did:plc:f2tpb32jtv7fdrtksugkc7n4	4.73736875400728	2.0696240076261
did:plc:f2xu5j3alsvkrc5zq3xzbbee	4.46258460679885	1.49053730882552
did:plc:f33zcueo4lpaouy62pj45hlr	3.07717889814262	1.82943458701636
did:plc:f3butgh4yy3qartzerwcgg7k	3.5232133302957	1.33335218740623
did:plc:f3hfhgipugwjflxjdbpycxgh	3.74138461709565	1.36033916818659
did:plc:f3hksnkwbt37rti44ona5gva	6.06610027654874	0.465511473696949
did:plc:f3lngsosunzb4vozs7y26wbw	3.35218331187272	1.32494878120203
did:plc:f3sqlevjfj3emnj6wfmsljbi	3.20803067067665	1.27919341065449
did:plc:f3zh6dilykbq2f5z34wuu2qo	4.04509857678743	1.3334865511923
did:plc:f42u4fg23qmuf3mykjtusmx4	3.87863465513449	1.44830852699461
did:plc:f43l3vbg4n6s6dgl2g5sz6ir	3.68232285311165	1.61830918158892
did:plc:f4gpftbhx3bmkhicasfq5ayd	3.66966528006711	1.62797634973149
did:plc:f4j5r4ycnuwftu4cdh4p5fbm	2.55913040435507	1.34973000141356
did:plc:f4jr7ceezljrrrddegubunm3	3.67999901536049	1.51505464937489
did:plc:f4ksqjr6ncpk3k5ffxztde7s	3.40704025730538	1.98306052813428
did:plc:f4rpuuz7nc67e7hhqnizwoa4	3.37840319450416	1.85940020482644
did:plc:f4vjmncn3sg5mpojslonbn5p	4.49961093132441	1.51386680688851
did:plc:f4vqrv2wwknwouuroa65n3b7	3.80131860117057	1.39413687305334
did:plc:f4z2wrejskmfwkapi3codqdm	3.70012941056421	2.06647098651118
did:plc:f52xcmzs2zk27xf72hiapn7z	4.21450436203686	1.4367319395204
did:plc:f5f3ey5uxf3n2lwx5t75m2uo	4.3722180804821	1.40231034501721
did:plc:f5fhh2kuabh4qaylmf3xdnma	4.93394196082673	1.65613059454395
did:plc:f5gfzl5efpdmmjwjscomtmvd	4.40710812742865	1.33561843083556
did:plc:f5jqorbgz7eanrxwwxvibhzy	3.96597065180873	1.82222291969548
did:plc:f5mrsjivxe6htgeyx3u6inkt	5.27187593465574	0.408625076287832
did:plc:f5vocgpahicmt35gxrpwbsz5	3.52127345919883	1.06820500646102
did:plc:f6cawifx33npviq2c4kpamgj	3.48389170830213	1.57456769890738
did:plc:f6lki5ps3r7nmxkuyjxftwru	5.15254890007436	1.21246491225354
did:plc:f6ryhpw3wxr46eooni3byv7q	2.47382062859585	1.49327361712152
did:plc:f6s6j4jngdjvzz33ggo7btxy	4.47602225531465	1.25125620229711
did:plc:f6z5quiav7saixlcmgt2jr53	3.83979872976187	1.03739510274998
did:plc:f75onp4s3gntcipmkkq47w6m	4.33482559847934	1.38780623403848
did:plc:f77g4zax2d5q4ie5suhowujq	3.55729833838779	1.56759775500027
did:plc:f7fazp4t5wv65b4kepoyryn7	3.70812513160912	1.42265350384095
did:plc:f7fwmq2aa3kyiykwptflclai	3.34683902853549	1.22958111102143
did:plc:f7rfxcbfijjyey2qndsv2ylh	4.43061637655826	1.46685804277464
did:plc:f7tkxh4bkqy3cxy5o4no4kco	3.41263995613648	1.34838802032303
did:plc:f7uebrlwn6tob5phneopcunb	4.77489297697844	1.3132123993436
did:plc:f7wz5xphrcew2k3xfmajjfjx	3.77603528614592	1.31911784755966
did:plc:fafoh3rkx2f2nolsnbq7f3fw	4.42726715309451	0.952263700044417
did:plc:faijumejyvf3t25zczmcd6cf	3.77714732595494	1.59931473146756
did:plc:fakrfbmurqigutadnf5efcdm	4.6583593972914	1.52610704523362
did:plc:faqsxergidyl7gnbval5hzoa	3.95483132443988	1.73754988701005
did:plc:farnu3akg7msiivmpieijr5b	4.08245730726457	1.01635429230877
did:plc:fatmevuweeqejprpvrty2uct	3.23451743147771	1.63824236344189
did:plc:fawishwu3zp2zrdjtbow75x2	3.25052793999139	1.28808378949886
did:plc:fb3p4ffutjsf7ju53pvawfoz	4.47534449968614	1.78944505329811
did:plc:fbd3ggpyt2peilnpn25xmctr	3.13063185348112	1.66464144208106
did:plc:fbdilt7tn2alzhx3npedky63	3.75378515077046	1.20605754895171
did:plc:fbdvfi7q22qklozctxrhirff	3.2858134135962	1.46789968768901
did:plc:fbg3xftld5u22l3cmthpqqqu	3.16511299029929	1.48214817664199
did:plc:fbiraazpc3avbeuafphpqfkc	3.19550578115253	1.78636713856451
did:plc:fbjahtd4pxqcypo5dp5m566r	4.8359936620084	1.48274156021078
did:plc:fboxvijd5kr2ulvdxlwagqs2	3.40093712419074	1.36734535747548
did:plc:fc2zxuf53dccoerj5ertvltw	3.28383123072009	1.51926272560861
did:plc:fc4u2mzlekvfsd377oesadca	5.49960399717962	0.797768672571056
did:plc:fcekaxyfadw6zgw7pzh2jj2o	4.90176354722382	1.13660651401232
did:plc:fcn2mtpmm2uuh74frxqnmn5n	4.08374243667156	1.50130323955127
did:plc:fcpqdhbzux5bgocktkndl5tx	3.66499700817382	1.64071666030429
did:plc:fd2djibcs4rhcrnymcscj2wr	3.83928991494078	1.66804873442966
did:plc:fdahpkwc6j3kwtht2r2on5vg	4.12189295023555	1.50896744589143
did:plc:fdfoksfiuiesaqsvpcdhvqwz	4.20059258789768	1.61358472931248
did:plc:fdfozaqyobv6oozyz6p3ek3b	4.00675210944521	1.36990764977038
did:plc:fdkz5cdvbstyswzyz4rihb4r	2.69345429907517	1.39810189161121
did:plc:fdm2e7wi7fwjadq2yzdtlzmd	3.49527530863934	2.18336069486528
did:plc:fdmnahvarz7wipsbmzgizenh	4.23951840165468	1.20091595810793
did:plc:fdveja4qzduwsqpu5eiftcld	3.83750146059371	1.37750911303583
did:plc:fegx2x2z4eugeniwizbil5kg	4.80318905245156	1.3702282662371
did:plc:fepjy25y27dyf5dqqw5xrgl7	4.20259402917451	1.61480045552437
did:plc:ferxdcazppfmfw36c4psfnt2	4.27030527568226	1.553665114918
did:plc:ffcyqqggt6q5ljszwxru53w3	3.99852051130876	1.50251383418027
did:plc:ffh3mxfhbmcm6bq4qvwmvu6g	3.56266554084162	1.60292769018586
did:plc:ffikpqaksu7dfa6do4urhucs	3.6899767219061	1.27645124500687
did:plc:ffrfdol44ps3tontms7o5tpj	3.99908854726847	1.60909905339015
did:plc:ffx53ghgfpk7l2ki5hlp6boi	4.63047639984626	1.24012118220231
did:plc:fg2tizzbvbtsl3yf3i5rf3sp	5.45834338646094	0.889552527103057
did:plc:fgbiec2wblvcvaiiveukl6ze	3.66108900867234	1.74925150655401
did:plc:fgcelt4gniki6hyxil7xjjsd	4.67688079883939	1.29661245024641
did:plc:fgde6qbwq6vpvq6li4etu3vc	3.96539838756214	1.26412510347821
did:plc:fge6es3o7m2oh6p635ojgpb3	5.50685555445176	0.9336794419293
did:plc:fgeav5u24uff273e6zahao7j	4.13897211421252	1.40418743805175
did:plc:fgevvrl2cbtnpkz3p6t3ocas	3.13886108629496	1.54397062919384
did:plc:fghj37cwv7hneo6xlko2ugrc	4.01750805296922	1.1060631853296
did:plc:fgj3surkdgllvcii6hwponxs	3.92922571445763	1.68969823768371
did:plc:fgj4wrm334czus5veq65d5jt	3.75754537224868	1.83771884399923
did:plc:fgla3kqnyolxptz7wpyendqn	3.13615827982242	1.76664220773977
did:plc:fgo7vs2zcxkienoshld5urtr	2.85579921563578	1.49944716243739
did:plc:fgp2dkzux5qrbe2dqrduha2o	3.40376035481653	1.17554800268159
did:plc:fgpmvmnd4i6eu37xtzkfz54y	3.02054935265946	1.10155184564323
did:plc:fgrhdyqvsse473wk76g47x6f	4.26768854248997	1.26618188806457
did:plc:fgv4b7pznrcb7o3jao5gi3va	3.49301491922982	1.63717581158243
did:plc:fgvv6arjudxjrwwogah3xdfp	3.79540300740315	1.49716436404275
did:plc:fh3un35mlg32bztbaokteqvs	3.12366185740079	1.54407270252916
did:plc:fh4abdcd6yo6prkwm2durgcj	3.92235551005908	1.55563891442285
did:plc:fha4uhjo2iu3yghtptw2rchv	3.35495703818749	1.49657435798204
did:plc:fhak6tutfhxd5vkb3y5z624n	5.62411400942437	0.00631483349725645
did:plc:fhh56epvecykoxngmwmtx3nw	3.28035284360931	1.48284535710035
did:plc:fhhow7dxsicy22g7gaxuahml	4.10679383319426	1.42090888287528
did:plc:fhiewrrktfyqxqwolqobzldr	3.98163063489421	1.41473880196024
did:plc:fhlvv33m3uytk6gsyp5g2nor	3.64715941274024	1.43291172210153
did:plc:fhojlebzsfnouxukquyiwyrb	5.57142982847023	1.03085914400812
did:plc:fhte5jnmxb3jpqgtmyjoppzj	4.29908904251097	1.14566958973559
did:plc:fhzsbhqmi73wbygzfl32y244	3.02011016347242	1.8286888294581
did:plc:fidrmvjuv2pverwzcstcdcrz	4.62954629509545	1.65089456149915
did:plc:fihnuv4vkqed3gyhv74s3tub	5.72088952629451	0.998277629173804
did:plc:fiz4onj5uaodmqkcaqf6rpjm	3.6902952161214	1.34137791294201
did:plc:fjjvmiwm3keym2ssxavaojnw	5.16191269950346	1.14474774114614
did:plc:fjvk3a7tztjv4lnuljvn2aao	3.56478015412936	1.28810094025695
did:plc:fjyar4qi72ca4d54262prmt5	3.34167236590929	1.62177374564268
did:plc:fk372yckgskohdshf2dqdw6j	3.74743172105527	1.82686497995102
did:plc:fk5axiafubufx3lroar6gung	4.14595822011888	1.66275336897252
did:plc:fk6etu4vkjgy4my5vi5tpn7n	4.13269783047673	1.81759596175102
did:plc:fk6k2yyzngbsmzbddr5mq7eu	4.3135969040055	1.2654345787958
did:plc:fkg67d4kpmjfoqu6y354bqmy	3.12393730752225	2.01158363025392
did:plc:fkkbb2pm4t4gu5vuyhnywx3t	2.8411337944373	1.36756325280577
did:plc:fkl3ygy3fw7rjbdnmlssdnz2	3.52833981439179	1.83902717795922
did:plc:fkmuuwxoxlcl7tzjdmzihvgc	3.86008101147064	1.63192350631818
did:plc:fkpdz6agdqtgfsy45kdt32e4	4.41217123114158	1.18910120922193
did:plc:fkv35pr73lzfabywpgzj5y5w	3.82516918162533	1.35020057517934
did:plc:fkvx2a4r3so22bi2j54c6rzy	3.38929860136356	1.50802722307398
did:plc:fkwpsyxbprsa3naar7dstwml	3.97242993734103	1.65814057177967
did:plc:fkz2y4zv64ekr4supwrrujeb	3.90829090189901	1.43964386934985
did:plc:fl35x35zapmihzlryltxnvnv	3.22662353612901	1.61476288196587
did:plc:fl5hha66i7zplkltxdjxpmvq	3.8764064584505	1.59450648598059
did:plc:fl6dk2e6a4srvzlraujieovd	3.50645984584519	1.57178076889135
did:plc:flb6kv2bg724qnvh7ohlzaem	3.67604730096948	1.486919746614
did:plc:flbwkumtiiwwknajutkabq67	3.96361786844476	1.6328730354718
did:plc:fld7yrszcgj6t2rl3e56q4au	2.93832361450708	1.21098064242484
did:plc:flgj4gcfizo2hvnt3h3oklgg	4.56300139366288	1.3604482087001
did:plc:fm3ii4hupyixq2d5ed3c2qnn	3.88698998207763	1.38717814568188
did:plc:fm4oozhfhn4dic6powviix2r	4.19086023634456	0.953551196789731
did:plc:fm5ahdiauem5qlln24gu74xc	3.85407416097901	1.7283169886086
did:plc:fm6km6bgz6b5tvap6lzwfdun	4.04323889452679	1.47096441987407
did:plc:fmc4w247kraema5zpsctgnck	3.76527184393917	1.51846959675417
did:plc:fmchewgtgy4yh4txu7yjmw3l	3.77342812708267	2.01208893896591
did:plc:fmebt4livmnkwu54pwg72tov	4.32073126565429	1.13799758736202
did:plc:fmkshuo62ek6hksvwzlvg54n	3.23337489325237	1.41801439201776
did:plc:fmm5omvgayxw5ijy6bsmxa4m	2.11248171573599	1.34075364490458
did:plc:fmrhzyg2ds7komqmqkw7w2za	3.991269560476	1.66532497199065
did:plc:fmrw6kscjxyspt7lfrwxi634	5.06072002984228	0.662944139205294
did:plc:fmz4db7z2y4sntfgjk4v7ep2	2.42719290508803	1.37962970620388
did:plc:fnalfbu6lznm4z7e34db5uqi	3.18857618713499	1.43926737896087
did:plc:fnjd2nimo2nrujncrhhigg3l	4.18127883606863	1.81189169816349
did:plc:fnq7s7ptvrlqgkg63vmm6jrm	2.61300989550735	1.45105236178732
did:plc:fnqgidj7lf27m25m7hkroupg	3.36149631741873	1.44284816460364
did:plc:fns5se7xd6qfyefdmlswg6pm	3.19280018562288	1.60569378504971
did:plc:fnu32jssqa2ue5vxndbquuh6	4.13210350137183	1.11517141036177
did:plc:fnzkzvpgdgeivblpljqpyign	4.30353622826407	1.69086021019044
did:plc:fo7acuubxvphd7eeygqzroxd	4.31745240174054	1.31971258448203
did:plc:fodmamacogkr32p7xvrolsly	3.87865222269899	1.64277081600967
did:plc:fojutkhhw2w3wbvwknwvs2sa	3.23986456057834	1.60418513102055
did:plc:folsgzh4ld2fuigb4wgz7x6g	2.95377229653533	1.91363207959837
did:plc:foovnx6fpfi3vy3ieht4uat5	4.3048262319452	1.59252231862115
did:plc:for4sjerjnfajfvvisqtekmy	4.02742747169167	1.36791633632868
did:plc:fotagvk2cij3zsfqrkaludau	4.11256734700655	1.36244158355897
did:plc:fozzbhhdmk6sch52su2ney4e	6.14956987220779	0.790343882356004
did:plc:fp762f6f6abqbfq4pfwoiwhv	3.50545686939923	1.54006268345388
did:plc:fp7lfzvlzlkdyoz3rgptwzea	3.85288183983013	1.40328854633871
did:plc:fp7rg7mxr2s7upnnhc6wko2f	4.23814824455003	1.14996325427743
did:plc:fpfrmuwbg4nbh7okbzyffri3	3.4843096075333	1.09177130150367
did:plc:fphf6ngwc6vukuspt7cmcizv	3.69002007699145	1.69587653688965
did:plc:fpk7773gsuurbgzh37petu3z	3.96832858561923	1.33225910691171
did:plc:fpshbf6sh4c7woe7ovgc57sq	3.41398863224657	1.71628347595132
did:plc:fpzgrke4awmvwam3katqeamq	4.02137246528176	1.31084128925718
did:plc:fq6jo66vhb44drlw7cj5kh3h	4.73554848991024	1.48748857542081
did:plc:fqgpjp6h6td6hd3rmgewtnp3	3.60352278914604	1.36958698028041
did:plc:fqhd5ceqcjimvfijncm4jtjs	3.42845654618299	1.71357973689636
did:plc:fqohfhm7hctn43xnfsos5m5o	3.68717452231119	1.32739351828652
did:plc:fqohshqghacoi6ts723h2xke	6.21329526198184	1.08861846135529
did:plc:fqpwfpcuwqfsl5qlx7ndz35s	4.24943057318723	1.4783313899942
did:plc:fqt7eatajorin5m7ippuns43	4.81155448211532	1.23409805584622
did:plc:fqw3gms7bklvlie2lhfbyjev	4.83352040206469	1.17470438542083
did:plc:fr4acdiifend2ymsggoeigu6	3.47105388729267	1.48686458811031
did:plc:fraf2phd2y663vcwqpkfa2aa	3.55457421638495	1.63558749054959
did:plc:frcw2rgghshfmfmsd4febafa	6.25759420909647	1.64835749843133
did:plc:frf4cl4q7lnss5xqgkyy3wfs	3.83163264806402	1.27467105187825
did:plc:frkn4kmwphyuvaybgzdzuyjg	4.02125012624596	1.23010898474865
did:plc:froveouoqoxetpgl7dz2yhxl	5.09342338298796	1.21108884807769
did:plc:frrjubyubbspuuf55kgclswa	3.21929528800787	1.7010995882746
did:plc:frwkedjkcw5ytzfxoxldnv5m	3.7849197394433	1.36837192033571
did:plc:frx4n32h3cvrlxvqdvlumali	3.61435368549585	1.85023671748553
did:plc:fsaccadmcv64ukphoynnwk53	2.72439198049253	1.20427660722305
did:plc:fsblmfn2pn4sqffiqiyu6ao2	3.33197294714332	0.516319279515533
did:plc:fsiuwbuckjdeloxsofox6kfi	3.5791979608606	1.02504692042855
did:plc:fsjl2ioioxmip5owkiahss4b	3.78947456870332	1.45698026354765
did:plc:fsm3q5grl4uo4jgoayxvzrhl	4.82682345836006	2.05004455444922
did:plc:fspmlg7kehltgybrhxgyp3rw	3.2773431509946	1.90069590453572
did:plc:fsqcolw3m6ygl2g4ydgedsi6	4.12003715188356	1.37100858854734
did:plc:fstlzf2x3ynyklpfu5vzhkw2	3.27633018017756	1.81971812163177
did:plc:fsvfq6zfu4l2mkfmelw4ltah	3.32777625104483	1.91490111709633
did:plc:ft3ya5dvmtftkifpnmvpkzhh	3.78681127694235	1.72204035746126
did:plc:ftebszsplmbcnkkomzu4wsit	2.69805486524138	1.6481359641615
did:plc:ftfrtscswfryicmm5gedupfk	3.14905292714083	1.44116078762821
did:plc:ftiwv7ik6pbnfwmhamg5efvq	3.58020595886596	1.50948801672142
did:plc:ftjc7radlie564yrblpeijzf	3.47961131733583	1.60309239647687
did:plc:ftlk7gnhdbanlgm2db6lmpsj	3.99850693395727	1.55710184681228
did:plc:ftpjyloolswws2hpgudoosaa	3.14196240066057	1.1428217708186
did:plc:fu2yzn4ssszq6sto4jek2nfr	3.21710881326524	1.3501798001925
did:plc:fu372kz36xvwba3ris3o5unr	3.92281519325754	1.63284743249582
did:plc:fu3jsaqqteelt3gx4iqcfrdn	3.04738380701386	0.993934867130068
did:plc:fu4bcpdzbqpwduaosk5wpagx	4.05685332835585	1.36106882431028
did:plc:fu6kjig6bljevs2pupkgcha4	3.37023493755614	1.50932582693679
did:plc:fubqgtxschbaqzxswmgnpevf	3.87446234396853	1.76131224024317
did:plc:fubvkclpsx4oqk5sgzuqujup	3.73368310518262	1.44468748528851
did:plc:furit2wcne3ap7zfobd5ejjh	3.04844365220816	1.97758204620182
did:plc:fus6wuaefl3wbhr7gs4oey5o	2.44958491654728	1.11045861092267
did:plc:fuwfk65v7ptoeiavn6msrsdn	4.13840510021975	1.50122066089215
did:plc:fuwxjbcwpngpiwi7kmz7zg5q	4.78251016356684	1.06230013793853
did:plc:fuzfm4qf374bvx4qeyez4btm	3.88872744326558	1.45156729703948
did:plc:fv6yxz6mjmayidzpznundop5	4.10654281801534	1.11904345909802
did:plc:fvixcb4uxxcbd4lb24zcu7yq	3.95925598126276	1.49437201997555
did:plc:fvoaps67b6y6lg4b7b3oj7tp	4.79753350389259	1.46834977243983
did:plc:fvpjuthnpclku2kqppqr6v73	4.64750204888068	1.41609782171638
did:plc:fvstewp7yr6u4fwm2zdlzsa3	3.88825663346721	1.61812929941878
did:plc:fvvjuricelzosagaxwlhkyf7	3.41174033574992	1.24909828697439
did:plc:fvxadjtvukbhdaslbiih3r2p	5.73653181197644	1.08529174132117
did:plc:fw3jiit25lw7ycmetyotibcn	2.59785699281978	1.52486972845151
did:plc:fw4qz3ijpsyocnpyxwc6kjjf	3.71378762029486	1.40728381252706
did:plc:fwbzeis5yfobm3cnxufn4avs	3.85136682458069	1.28178241517187
did:plc:fwcj3l5cwtk27r4v5wqllpui	3.39192104963358	1.64664332039208
did:plc:fwitfy2lobyx7p5r2eezpfik	4.01887909132008	1.38530662902148
did:plc:fwohudahwoocjhm4siqpmuwc	6.59405045218053	0.625824185442475
did:plc:fws463gwdptsvszb33h4uvdw	3.30825240402238	1.51570951049194
did:plc:fx2okfkdd27hhpbbmmfuloj7	3.68770029478449	1.79270262037821
did:plc:fx2u727qspgqqnufzkldoqw7	3.26277921267989	1.66516257929417
did:plc:fx5dq52j7khsoyhbsalcrl6r	3.53079201302736	1.38932137065166
did:plc:fx5z2kgmzkfldo3rmjruxsy6	4.369049247472	1.59673400180139
did:plc:fxb4zvngge5goeau2s3x3tth	2.7483834212407	1.49123005417918
did:plc:fxbdqscj7fmgzdf3zp4sh2de	3.48848220364532	1.52879267684451
did:plc:fxclt7zr3coraxrk2jo3c6zm	3.46941589372373	1.23161650512506
did:plc:fxel22em6pi3fwwmkju5dici	4.53773310504768	1.16839327154165
did:plc:fxjldpq7o6f6hckpa7y46l2o	4.07125390898855	1.473599842338
did:plc:fxnlpbzadth3mzy4k4vrmndm	3.19342919987631	1.0801559897564
did:plc:fxp4pr2lmshobdoyhmbbwqpt	4.65166809845063	1.28191691820729
did:plc:fxpj77rr6holcgqx425nfgvm	3.87236260420608	1.28555712320391
did:plc:fxurejte4iz65krw5b34mxuc	3.6033426876937	1.2820944415641
did:plc:fxutyp5yzfrevi4vqit6ei6v	3.39658667539067	1.61602266274429
did:plc:fxwffkarhfcocbi3wf43hdow	5.15983648628975	1.28265887796343
did:plc:fxwl26hh2zvdbodwleirub4a	2.71294857051637	1.39944507588254
did:plc:fyabn4gyczefmumyma72r4zy	3.7239343150728	1.30972983504039
did:plc:fyimasobbpbr4uzci6e7lwqh	4.21876132863238	1.30054451726395
did:plc:fykhc3mgnddorhmdz7wjlkmb	2.72874901933241	1.75459730832902
did:plc:fyljbqeflicbg3baayxq7z33	4.39155000682843	1.09800928454249
did:plc:fynjqvldoryb4ywrappalo5c	4.17528482831957	1.66163842800234
did:plc:fywpjqesx5vvxzi4o7gehawy	4.30721004985305	1.38034950075126
did:plc:fyy7hcfkewmpax4kflsdtjt4	4.11769061086083	1.26186467277499
did:plc:fz7v7t2rebz3wkkd4zem7nyq	4.16594732986009	1.54761254090396
did:plc:fzdhmpjp55h7puax5zby5d27	4.13383068505662	1.49106328964992
did:plc:fze74auxozj3vowpo5f4qaqf	3.39430022228933	1.56233033276792
did:plc:fzelcw55eaawgtzngf4nvw3f	4.34184828220188	1.68471989618749
did:plc:fzggh6havlaepkz7b72l6qwg	4.55200630404398	1.40776005371875
did:plc:fzj4gx6wjdmgk5f7w4u55cj4	3.16421648056405	1.53445101684789
did:plc:fzlpj3k2i7xo4qzjcpqq3726	3.775196893123	1.74105501232117
did:plc:fzn2jiaonednqugjbwaoqnsg	3.34158383417067	1.97899267144625
did:plc:fznohd5dgzwtategztw2l3ia	2.85155058741504	1.51615821562204
did:plc:fzorhp2rfaehi3ujiiqejihn	4.23281484231652	1.59223734231853
did:plc:fzxa7gdllajkt6mljstz4r2q	3.21509251037428	1.52823632097851
did:plc:fzynasde4bp7qj2avntro6f3	3.87347826857276	1.61916097821805
did:plc:fzytjvfvh6wnimam5k2on7ti	3.10636560004433	1.4818015694791
did:plc:g26dyvgpxg3xx6xryxbxatlo	3.6383829081624	1.24285463107289
did:plc:g2ulpckwucopfy7zdbbmdpce	1.49449057355783	0.850052753488051
did:plc:g2v2iumyi2qe5t7shcqsm57z	3.9912068050384	1.48574716757349
did:plc:g3lz6audp7hnnfmmrzuay2rp	3.7083523018726	1.7156916645855
did:plc:g3vo3nc5wmuuc3cxwnljzocl	3.74087872030423	1.59007659890907
did:plc:g3yaqtxm6psgrng22llnt6ts	3.59234017989587	1.43684228316483
did:plc:g3zjf4g5d6du7lndd5admqex	4.47159747141301	1.24138057765625
did:plc:g4awn6ddm2fynejpdxxoth7y	3.23983099679215	1.87945641265906
did:plc:g4ciazfq5h5stxcryahrj3zw	3.70980151260742	1.52597897403349
did:plc:g4coax2jb72f7uuny6g3jsqw	4.6487394600827	1.02739679279605
did:plc:g4eex2rnhs6jnqb3ami7pyik	4.36817203607034	1.16325494637923
did:plc:g4ivcq3uoegk4kcdrp2kuegj	3.80281106141556	1.3218614727504
did:plc:g4kyd5c7jhu2nrqj43vntsxb	4.13673057839696	1.13726703281795
did:plc:g4kzggankqkz2pdtwgnkrcsc	4.25229839212945	1.45060438812862
did:plc:g4mchzmtwdx7r6uvslmkcbio	3.99117374661023	0.937040414712908
did:plc:g4ptrhowu7bqv6lzrf2pobxm	3.76839659944636	1.47797284353933
did:plc:g4rknlpi3z3qjnncwgm5mpzt	4.12857874739429	1.48638650187106
did:plc:g4tqwetyu6hcuvcpsypmodlu	4.9221972211241	1.2665690653455
did:plc:g55nm4b4zu57ixte3n3w5bo5	4.04268600490977	1.39171190193315
did:plc:g5jk4h5wduf3nnmjqrhhmcat	3.18138270794165	1.59414057117681
did:plc:g5su3ryrkpqgdag6yxna62ym	3.34570096801061	1.26365469843363
did:plc:g5z2usjbi3a5bd65onpfvp7w	4.7997026661366	0.62988279420302
did:plc:g5zkt4c26xapfpgptbflkhag	3.51893354336963	1.27125856135606
did:plc:g635teqrt2o6q3yrp3eu6dxm	3.89510243747721	1.24216927640551
did:plc:g6cslot4x4k5jktkshin4lcb	2.71489655149204	1.45857596298566
did:plc:g6cukr6k5sfkmuynsoxyyxyv	5.07624678635331	1.26151972313118
did:plc:g6gxl6ayvqf4usmxobx7kfzf	4.27576531460903	1.62311795173526
did:plc:g6mdejls56adhbfzrn5xtehb	3.57898396407796	1.76258050176342
did:plc:g6nc3fqxixgadyzmo7nxphgf	5.41318673269028	1.06918764004142
did:plc:g6rufb2uq4cdker77aryew2m	3.55505241241138	1.74599175321133
did:plc:g6vwx3egirmt3w7yw6ntsxfo	3.54594887917463	1.15155538446231
did:plc:g6xeetjkqrceoqmqve6in3yn	3.09055875692275	1.69496838401219
did:plc:g724ftym2nqobh6nhp5u3on5	3.09271282310093	1.7015190047976
did:plc:g74kfyhms75dt3ygw6xbl7gd	4.46189129254257	1.15546720550533
did:plc:g75sy7epkvcz6tzc2o4nwd56	3.99651986803583	1.25065280177333
did:plc:g7q36g2kryuxa2mexwvns2ul	3.49885558688825	1.88838083648649
did:plc:g7scr3vabamlqqgbnbkrx4er	3.80962056453406	1.65251212993932
did:plc:g7tsv6r2zzfde473shsmeiwz	3.72235142048938	1.21985692857791
did:plc:g7ytba4zwotqy5szpzqvlwoh	2.76515962097311	1.72392913034662
did:plc:gaftd6omj4gwzzr77kzrwy7w	4.04878375690793	1.27114551468839
did:plc:gaivcitvnna4dtnpbtcjx5nu	4.06621031700204	1.31795974802377
did:plc:gaky776syhgix24zyyjhvzyv	3.22146942833878	1.79411827310785
did:plc:gaqrkx62mctk7obt4a4sv3fa	4.03085057238308	1.52257458103744
did:plc:gastlson4xyplmr3ylvjk63b	3.09877818015726	2.03477742004627
did:plc:gavnqwkynlzwbiihv4g63a75	3.52626354263509	1.51878576055079
did:plc:gbdlipvcjdigd7cs3c5sp2q3	4.86429372116328	1.15832241591844
did:plc:gbfbyyc7ibfdsbttbihakxnj	3.39039988856412	1.4174745929219
did:plc:gbfkayl32pm3dct6ghexhlh7	4.23770082053389	1.37500502098536
did:plc:gbgrrammgmgymgpl5fgyhs4h	2.73532627567376	1.75669585965609
did:plc:gbhiuttjyxaj6dx6xh4mwaez	3.2337652410122	1.51973647808166
did:plc:gboz2sjczs53go4ayyg7xajy	3.67736150996558	1.36853223042472
did:plc:gbtcst6oq3lbf2lav4lajw4p	4.30617817939566	1.23695912478525
did:plc:gc7mjj7cafzmlo4d4nojrs27	3.78562527122796	1.49085588037291
did:plc:gcdkav4oi2at2jb56ztmtsu7	4.09883167088245	1.20456348029081
did:plc:gcgnlhvhmyhnshq27ra46rnd	4.12046123446109	1.5363404445438
did:plc:gclhg72k63bp7djsoefttmob	4.80727477948372	0.9208309827597
did:plc:gcs46agro53wgwzhgr6ll3hw	4.2909978769091	1.36334335137425
did:plc:gcsj36jyte4aqmh3llubrvqf	3.46737163659703	1.47953309847645
did:plc:gcsssiyh7bckon7c3hy2yu3x	3.76070967307149	1.68212967855909
did:plc:gczd6nmrbctbpecgkhmgwtj3	2.63901367132629	1.32992407406938
did:plc:gczgpngphkibeqmlvkmryqxr	2.73209388287613	1.35248399263332
did:plc:gcznso7y5ewai3syovdvffu4	5.39547364622839	0.780254781547369
did:plc:gd3lih3mauvw2hhowv3vnhvz	3.79857793774829	1.53673992091423
did:plc:gdftgbbq22xpt4wqphe7fpwz	3.45270801600764	1.60448208691066
did:plc:gdgisgd4jotq4sdqlul4n5rf	3.74397340657574	1.42892170478363
did:plc:gdjroihfrvjfcosrqpuhkaqe	3.73625009103026	1.1801423512006
did:plc:gdn7isuxtqztlvlwr24xm65t	4.64560762331132	1.50541532964798
did:plc:gdq7digovapni5drzkou4ao2	4.14623821100773	1.75779398202265
did:plc:gdsoeqxdhimc54zlgakp5izy	3.01586647018598	1.64879023778062
did:plc:gdv26ajsy65ai2wki4ihx3ud	3.17641909772475	1.56036772634929
did:plc:gdwx4jput4howqvdggsloklt	4.24374153413774	1.25252329641773
did:plc:gdypdncb66gxdqwpykbdx52m	4.84333993767213	0.881103245407641
did:plc:ge5faoa6zemva6lkhvk4fiuv	3.19745075345763	1.30909070730693
did:plc:gech7wbdpyu2y6kjklfj7pus	2.99088720178329	1.31968194311167
did:plc:gecy3ydn2t7jmdxrhwcaugrc	3.0388532250259	1.52115381829406
did:plc:gemmnnolk3utgj6m6jqzwx3x	3.69411658775553	1.57373975780829
did:plc:gene7pjmafvsze4yi7lgi3tb	3.48901761952093	0.612556506534803
did:plc:geps5v4hcrm66w5depa3bhpn	5.00584144773454	1.05148174142564
did:plc:gertlph5nnniwkyju3acbuve	3.82110531647445	1.51402222393835
did:plc:gesz24iq644qmqwjgyn5cm7t	2.83414193975978	1.37428039888686
did:plc:getw3xvqmgr6lw3tumol6sxa	3.3287087535816	1.4552293749558
did:plc:gewqphezigrjyo3jhheynpsb	5.22878919634205	1.17469951895783
did:plc:geyvy3feq3njy2pejoogdaqp	4.96480126132071	0.925659144806198
did:plc:gfcfomh5z32fr5csbfyfgarm	3.06160181909674	1.99625416790933
did:plc:gfh2al7wiwliyamdtnupj3iw	3.8372097252624	1.91598829843932
did:plc:gfmpfsf4vc34oanbpsv7u3d5	3.54860747954486	1.1856700690564
did:plc:gfoaw7evxzee7ggdjx4swmsh	3.79248924844972	1.49307936392891
did:plc:gfwlofstg5thpuvtsk5tvqam	3.4505280169333	1.5416713768982
did:plc:gfyqe2d5gkzgd7l4enwga5lp	5.99196050534649	0.675873852004109
did:plc:gg2iw4m6i4bnx2eqgse7xwtl	3.31372580668849	1.30889181721734
did:plc:gg4uni4b5o62fr3ugsc6zlto	2.68986231215073	0.615325828184355
did:plc:ggdxw55zunv3qum2rnrvwhz7	3.2382616714122	1.35655743773257
did:plc:ggjqixot2qtbmonnu4sy4sjb	3.78391681583707	1.68108269089084
did:plc:ggufkao6cugf6qbv2a3ykahm	3.30123653124635	1.32955193024519
did:plc:gguoft4ehcgfzdc7yezniebo	4.50503165717783	1.63061861663727
did:plc:gh2vwup3eihey265inu72j6s	3.46444506795044	1.63812120730173
did:plc:ghdr2kw5774wigtl2fo4mske	2.5900691802448	1.62653413090603
did:plc:ghfw2gtvdrp2oida2uqs3b5g	3.78537640070187	1.47755059130336
did:plc:ghhkh5tag73km2fjigwowwek	3.37193497700692	1.71466559525242
did:plc:ghkytoq425ln6xpdlztauqyo	4.23656002873313	1.49007415126319
did:plc:ghmlqitou74nymjfcxwh4kdb	3.46394471733844	1.41549122676105
did:plc:gid45bhfcxpnlxsvvyfq4k3q	3.75428391531944	1.19537781209582
did:plc:gimlsh5mfbe7b4mgronlv7ja	3.30706343393268	1.94682457533522
did:plc:ginxcyyub3g53oqa4uspyfkf	5.30883681813513	1.05129375662521
did:plc:gipksa4g6huu4j36qyob4l4m	4.1393831219864	1.45863089651319
did:plc:gire3blkoz3ecuyqz5c7zmbf	3.30102557469687	1.61185374365184
did:plc:gisgyiyuigfknt6zki77lunc	3.81037965842519	1.48939793325177
did:plc:gixgnna2tx3kyroxt6rrdt2e	3.28930605896771	1.42901578897569
did:plc:gj5zcmplnifz563hoil3c7ve	3.76270584274585	1.27133525077177
did:plc:gjag4z4aoti6y4zrycl5kw2w	4.13533947702572	1.54539080534827
did:plc:gjfdodfbjo3lypzolbenr6n4	4.11365481007522	1.37235482817218
did:plc:gjqrt2mhk3h4dhhuljxncvl2	3.6389725999193	1.34173788295238
did:plc:gjrdc55donurlvxy4pny4mrk	3.71943087911513	1.86993370993828
did:plc:gjxvrfdsgk3tknjvtvwpu3ce	6.36844287886947	0.525108435446019
did:plc:gk6a5aud5c7f5njsyu3weo6u	4.12744419275152	1.39729012139839
did:plc:gkjucatpn3imf6ulm6uv75x4	3.69851788602699	1.47650369571455
did:plc:gkm7bjrugueg3g5usaq7vwrh	3.44995404407264	1.43115043831658
did:plc:gksgrrb3tgag3gcipuliysp7	4.14845357675831	1.58694839887264
did:plc:gkvqo7yck23k5jsm7pbwmci4	4.91423418521179	1.31967519028226
did:plc:gkvqtv3wozc6ffzmu2nllsle	3.55476011341581	1.63675399102395
did:plc:gl362ysn2rcg5uxaqko2lh55	3.70757149871457	1.50913429275189
did:plc:gl55scexxyixyiqcoz6r5jdf	3.41287280364248	1.64522550731957
did:plc:gla4y23gw7xm5omiado7evep	3.0483967284555	1.5119450693068
did:plc:gln7j2b5brtb4rg73kp5ugkd	4.46707365569253	1.14918845158584
did:plc:glo7fb3kkdbo63zixflfbgxw	4.68586966441948	1.21710531579332
did:plc:glp5g26m66ctyajpjsgjwis6	2.57927943508788	1.51404200925295
did:plc:glunrx5yg566fhz4kideglzo	4.36602645301697	1.75599979168607
did:plc:glv6egqplsuoggl6p57rlzry	4.13675833865701	1.31311357962226
did:plc:gm2xbg45g3gfgpzx4a6wu7le	4.2066959423024	1.49487307723338
did:plc:gm7eb35quszwnju3lns7kkzl	3.85317013787958	1.36424358275203
did:plc:gmb477p5knib2vyjakc2lmkr	3.17062540326156	1.67689951344209
did:plc:gmcotwpeow5qz2jerkr32oug	4.30864716320514	1.17915737785881
did:plc:gmdgceajztgwrj4pizhce7a6	3.74397749742275	1.38222390702929
did:plc:gmh2velk7hcqwzjqogzyvo7s	3.74734093205086	1.58684691924155
did:plc:gmmjq67tgn3b5pobg6ukcave	4.13814096691786	1.65396285602726
did:plc:gmoooxlljr7ipmwvxjod623g	3.19477871841839	1.77413982556155
did:plc:gmtxpsfcktgzn3h2okhifisn	3.84196333127029	1.40365464827367
did:plc:gmusuzd3t7il6sgtxfu2kx3x	3.6544411693741	1.68673340723997
did:plc:gmw7bfui7udoafoz5xq2fh3x	1.02532509670239	0.514311204287326
did:plc:gn2gr6qxzgltdykqquyqw74a	4.09607332805918	1.37802010698028
did:plc:gn7kwjsb7c7o2ykjnpjjiwds	2.85610593430877	1.63004405271961
did:plc:gnalw26izwithzj6oxx25uc7	5.07683316490734	0.917898212562421
did:plc:gnao37hgqvjckfjgnso5in7m	5.01822189694533	1.47173363386371
did:plc:gnatkflya5y7acfqsol7lz62	3.43738269280504	1.88467014531079
did:plc:gnflmcpucaff7petbnntk2pq	4.27405002356819	1.34403864040336
did:plc:gnoqwogv5od4pynj3hmvsrv4	3.28536988865261	1.19989392993333
did:plc:gnour4vwodblbskams4luypu	4.50197596557592	1.03656175421857
did:plc:gnswfgnu2cdo6luuup4yiopa	4.08560970085196	1.64874782116051
did:plc:gnvmzyug72ex3pmr7z2b5yw2	4.04437399715833	1.21513150587079
did:plc:gnvyozgmg4fjkngd2z2gphml	3.9453327056037	1.30830971519134
did:plc:gnyulrcpnczf5yymlmmmwdau	4.03895050749222	1.27358300361963
did:plc:go4ujfcmim7nyurhkghcnyww	3.56321855760399	1.4384495609388
did:plc:god4eqs7mv2zmczhnuhmspf2	3.74424820687937	1.87272464718888
did:plc:godi6h35rjtkw2fd7auxtzct	0.976270321100832	0.435014772279715
did:plc:gokt46ztm27q7x7fnzucfh5t	3.55322918147763	1.25727203189985
did:plc:goqjmag5jqobx24vmzkpyl6t	2.87868472371455	1.66295028686779
did:plc:goqt5farroaqyazvxp2wtipy	4.22303719053004	1.48643349365722
did:plc:gos2zthm4pb5chzktoayhkd7	4.82921820825915	1.48805905140074
did:plc:gouptykkv3ejczmnpbtqjs7v	4.16181218361526	1.11005474373513
did:plc:gox4ph5zp36oqea2ekdqs7ox	6.01130725215827	0.928463970330608
did:plc:goxib24l3k7sv4kz4oxqwhd6	3.61164969744925	1.30486459760621
did:plc:gp2uh5ft6quwaxscnn5ue4ug	4.80084924836155	1.10469501277261
did:plc:gpbo6zwi4uh7yui4s47ozbzv	3.38636422251088	1.78767836915974
did:plc:gpbst2morascj7egwyq2ctg7	3.29885725707654	0.845939262201
did:plc:gphiv45ciniubmyhmg3zhi2t	3.54466772720754	1.50036928432597
did:plc:gpsej3nb25luld2intadbq6a	4.00048254857489	1.59000292948263
did:plc:gpuz4lcix54ac5r64542454f	3.25356744515043	1.51639384557067
did:plc:gpzs3oizifprz63bkcyf67ri	3.59520259385879	1.61732502845585
did:plc:gq4usk7r5inlie2wkjjhqhao	2.7207508158874	1.63037458023652
did:plc:gq57wpsvsfbtowgeyoryifcc	3.41119234632582	1.31486850667173
did:plc:gqank52x75rrsq3ji3xuedre	3.62569614287513	1.61001473526312
did:plc:gqhycimglpcizpkcnnlsofok	4.12987505865029	1.42902755282876
did:plc:gqjc6mn2r3ute5vhpngnhvak	3.60578094964159	1.86825070309218
did:plc:gqoti2kw76o5u3atyxwb5yam	3.32990874314638	1.55895881324078
did:plc:gquse4n4dnuswjy7xkrranah	3.62407435502375	1.59827340277938
did:plc:gqys65pyelagccvp5qqvl2gu	3.51063173952629	1.87980989707154
did:plc:gqyxqylt3isuaehrr4xe2dop	6.27151869338018	1.12015250094191
did:plc:grbxp3gucp4b7go4vi7ehfmk	3.57001604607236	1.68951983395693
did:plc:grsg42unntfvobejji4twlcw	3.71220991993339	1.69534320299819
did:plc:grsicc7pp4u46ucxypsq2bwj	4.49960639090683	1.46689321337928
did:plc:grukkae53b4vavlppsr5ondo	3.95149570128755	1.34301130982734
did:plc:grvukosgfjpl6ljyc3r2b5xs	3.68862062035981	1.6091467219642
did:plc:grwdcfe6jhk2pnb5kzmd4l6c	4.9552927808009	0.981022118121237
did:plc:gsa7b7r3kgx2so4emylqtzhk	3.77272287332683	1.31759582972207
did:plc:gshzbca47xtfbcqw6zggyufk	4.06867995606035	1.54865735826854
did:plc:gszwwrn7onbfokw7nn343r2k	3.27979237890415	1.48052300418451
did:plc:gt7igzwn72jq2ldiqch7jgkv	4.46547826358395	1.47968533038079
did:plc:gt7ivtgunir35z2rfm4634pg	3.12746735121463	1.3429173657826
did:plc:gtt6tmdjhvyaggbjalrtajhy	3.76408116823986	1.46090148491174
did:plc:gtveo6k4krknqqk6ro3w6aea	3.34742195580639	1.4588097640179
did:plc:gtxi22lxfodny52pw3vzz4jx	2.8467184228712	1.81684805572181
did:plc:gtyym5ucuqehln25afvw2ibv	2.70792485197247	1.67440085834828
did:plc:gu56vzxokz5h746pxacnwafu	4.96970497966765	1.0605429272902
did:plc:gu7ai7ad37tbk2fxh5vlebwe	3.48248342058634	1.2800887620556
did:plc:guae6di6u47nnqjt3bu27ct4	3.11153424891056	1.314880945814
did:plc:guf3lywcc47iqjlmzlsj7chr	3.56911210755055	1.50247768151343
did:plc:gugr3hojzabgmq7eb2fc424o	3.23926175812535	2.02337887946888
did:plc:guhct6qfvbkwqh6rzwvklyqy	2.73995424779883	1.51761021445738
did:plc:gumoqbzhhowjh5ltv67vbsqn	3.50019445347235	1.66015787044072
did:plc:gupjl2k75by4xskp6achllur	3.75165351928761	1.49229899738383
did:plc:guy6j4vthfub3pupfvn6ocmr	4.12186503577676	1.39627688665047
did:plc:gv365u2xxg5eef2rsentpa4z	2.90582925926504	1.35887070837759
did:plc:gv3xvsuhn4h64z6tie73vu6y	3.00774502901283	1.87964699714502
did:plc:gv5bilow63g4btlsrgpydeft	3.27330486335737	1.45335821881554
did:plc:gvblcoq2r2spxyh5edqypt3v	4.062437586852	1.48493235092077
did:plc:gvckl45kph5t2nsrf577veim	3.22638361003136	1.50271523565021
did:plc:gvrezugewo44np7aawmrfhs2	3.72265470729499	1.33170717839784
did:plc:gvxz5oooe5gpnzbexsk4zset	3.08595239871555	1.85346186156773
did:plc:gvzg2w2sjnnwssjyfpzt6kx5	3.69231259170228	1.29821786973221
did:plc:gw3scifcpa4n7wcfw36xjalz	3.95799494777806	1.47822147363284
did:plc:gwabh56qkjibi7dno6qhied5	4.97650268941388	1.2418576140595
did:plc:gwcptp2i6bra5faacol4dttz	3.99321363382668	1.84078652446903
did:plc:gwq27irbihlvphbkroq446d7	3.91181856966941	1.6639579958747
did:plc:gwrjimchauepkxghpldv5idr	3.33282842643209	1.22865015639276
did:plc:gwrsj2opwzeuce43elzlznpt	4.31054285698011	1.64968503749052
did:plc:gx6uenn3nsdsevtn2antwirs	4.76712525038699	1.32047280422509
did:plc:gxf5iqgdpao2wcwjjgpfobsy	3.90240270183259	1.28908193857521
did:plc:gxkwh5msti5fv6dg6ihxbbqk	3.20285773259848	1.25961640370218
did:plc:gxlmacwkjuzdhq7nocgplpvb	3.595809369304	1.43246739881624
did:plc:gxrxp54ofrzhoy2cfyymjde3	2.83341852045883	1.6584154922119
did:plc:gy2gryymyozec42blcbyxd5t	3.86478846434196	1.30962630981766
did:plc:gyi72pztdvvbyufsnmgzs6xm	4.01911224159745	1.53643581240326
did:plc:gykoxuccmvs2l2nbtoftzpjr	3.38918889880269	1.88509029771141
did:plc:gylo6undcf2rqgmfuldcaw4d	3.6976701881903	1.74090198002902
did:plc:gyp2hhlgxmvavlfgtrpn2yv4	3.42429229375652	1.91436466531921
did:plc:gypl33ky6ktamepc4gqclakg	2.99673403505817	1.91368290642191
did:plc:gzbwnj45tyno42t27hyigyza	3.50324723032643	1.62136802205832
did:plc:gzeeunppx2gdbtwi44couqnw	3.3004707018102	1.56342555881169
did:plc:gzfpiv4g6nxe63ajh6zj2je7	5.02413159104752	1.58424446436399
did:plc:gzk7sp2jps7u5yffrohafbdm	3.50850307711567	1.32742958819317
did:plc:gzoe26o57c2nm6dwi4altoua	3.58449982016035	1.58091261220927
did:plc:gztmfht4pimimfbolmjf7xri	5.0024959820965	1.08813009547951
did:plc:gzzc6jsktq7vewyggujhdfk2	3.45574884052726	1.30632886190555
did:plc:h27yjxsrradzrhawvdbmtzxk	3.70039791018061	1.18326530171614
did:plc:h2btjqkb2xtp5pjp2rrzom24	5.46468018109692	1.00596064108167
did:plc:h2hydr4p26kwd4vadfck522w	3.12591679518718	1.94392707707891
did:plc:h2iqjvmllaytcvus3rk2nvks	4.19293615253603	1.49693051583355
did:plc:h2qszfneqcwashvyjdmavvq2	3.53742801206268	1.51394460264631
did:plc:h2thseiou732j3h7hnaexs6a	4.31131359939248	1.2776301493834
did:plc:h32dp3y433j77rzojixzedyl	3.26026690866624	1.6398253278457
did:plc:h34pi7ey2vnoe54yltur6njk	4.19925635154178	1.36038926475428
did:plc:h37dtqwhgdnhhyj67mp3tete	3.47093178200624	1.43237952410182
did:plc:h3k7dizbitx6pju6smbueqqw	3.34494415411889	1.63666940006366
did:plc:h3nym4r3lp6wgdepnh63ausf	3.60915881743563	1.44510630297039
did:plc:h3q7auenprbg2c3xyj522yib	2.91287308242928	1.72495503369336
did:plc:h3roakbujnmckyv56yccfexr	3.21613932828381	1.93462576859831
did:plc:h3tgqdznv27doq7g47qndxmf	3.50249614203785	1.88292651795548
did:plc:h4ayndqjrexrxnpllwzkezqs	3.7252335851465	1.84456526605828
did:plc:h4ess4gmeduovqqkhzvqeowa	4.00394469763716	1.60007079028865
did:plc:h4faw7tcgvpmfru3wghmqpj4	3.16775844476432	1.6581669715788
did:plc:h4uyj7md72a4odhalwozwm6d	3.33399781849041	1.73554398344848
did:plc:h4vlcf6lg3h4uojucqxv4oqu	4.03042941135379	1.25698334968853
did:plc:h555cgjfevkpdp7fzibrtbhj	3.36378170174364	1.51143952904541
did:plc:h5dwf657rc6jtxec4stisxui	5.27090170192103	1.21753324897604
did:plc:h5fg4almgjjtxroyw3q26szy	4.74514623398755	1.35757027088861
did:plc:h5h5egpi7hwvrwbb45ct3tfa	3.57832879868423	1.47206433437594
did:plc:h5hlskk3kevpzrrmfnvgb3pb	5.78139725863161	0.531651479823461
did:plc:h5jlqwqfkl7spowzixkyexxs	3.64230543345234	1.78317919308461
did:plc:h5lsnggoftugpqtztfazmncw	4.30010530677393	1.20655669401725
did:plc:h5n223vlfytszzuvuxavjad4	3.63273652213481	1.68185839716203
did:plc:h5pbjebjt5vmbx7eron5gzso	3.40795746774415	2.01214532449222
did:plc:h5tgbe46x2jav6lxudemkehf	3.35154310991426	1.34473690862923
did:plc:h654vrihidyyggjr2pwomz7d	3.05817533404773	1.84290875870748
did:plc:h6bivcsq7mysyzwm2vryqrwk	4.53433093430974	1.66796528601157
did:plc:h6disr7eqpr3ws2eqsd7rnft	5.3555121976927	0.781358066215134
did:plc:h6fczbckpsgrj6q2dktjcga4	5.41040906912422	0.726181086242342
did:plc:h6irncecghztoxos7wwrjvhr	4.27175785723712	1.57557724139317
did:plc:h6nloj7dqc6c6k4s4orlcoq3	4.02117572978211	1.36326147285154
did:plc:h6o4nkhxb24l5tousvtzwp7j	3.76939781434735	1.58695383292899
did:plc:h6pssy5dgmdvx5uma5iszes6	3.15775670075762	1.69549779299581
did:plc:h6tnq33ygnccbtfnzbyuym3g	5.30670535488545	1.21835365924093
did:plc:h6vtwq2qkazjor6uykvdcurp	5.77638335362643	0.879812445028104
did:plc:h6wy6szb5ixtgkatrviufo3i	2.84319139338379	1.35316574076908
did:plc:h7mxasxv4l3llxvqsizhxqqy	5.03010508268204	1.12834654684676
did:plc:h7trurfpx5xcm3ds2ebged7r	5.85481239646237	1.08689741950764
did:plc:h7w755zsybl3dkc2rs2m7cnn	3.42264994077362	1.09264908389056
did:plc:h7y2ey2wpplftz355ensjmob	4.05056192603373	1.52842263542731
did:plc:h7yrq45q5c42fpwivzfdtckr	4.09114300701577	1.25096603063422
did:plc:habiuqbnugdg3ttd6vpwcxhu	4.05988952071756	1.73820260961312
did:plc:haewobdl75y3toi6wlucylcm	3.44415756379674	1.95188563018428
did:plc:hanwqr72wgvujwsytndmapgc	3.31706167736534	1.81362145700045
did:plc:harn5d7buu6izlvhwcso4blk	4.19572652477779	0.811356679606752
did:plc:haslg7hapjjtygedgrhqbcpj	3.50867657828112	1.37447166981181
did:plc:haunce74gn2rgk2puy4ip7my	2.62955912523706	1.48807304604547
did:plc:haygjcncktvuxu4g4xhl2zxy	2.91319979976768	1.68428691534409
did:plc:hayhlsdiyw5civl3nuicyg3g	2.87871075153379	1.65804152951294
did:plc:hazuymtggrro4g2ay5yyxwak	4.3422969448428	1.43061974912427
did:plc:hb3raerkppu3pw5asewrvdke	3.12176748595799	1.32732665776409
did:plc:hbb7gsncuswdkij3tmd4fpqr	2.95736827648055	1.5499040123346
did:plc:hbcokuzjfkw22qnywjq5igyi	3.98091362378771	1.21513952351472
did:plc:hbf3sbzp6rf43rfruzxlwy6y	3.55919969597416	1.20198798749989
did:plc:hbgagg3x5ixenaflfzsqhu6q	3.86925212995975	1.48998877982053
did:plc:hbh44daqonaekett5d2z3uzk	3.46220226891248	1.64413580936482
did:plc:hbhrghblpxt7typdml4rnmzv	6.04298050397098	1.01611567470461
did:plc:hbnolyoguqxokg3jwqfurzvh	3.81811584446933	1.75724881444504
did:plc:hbpefio3f5csc44msmbgioxz	4.82927984788896	2.00872974789907
did:plc:hbpod3kikoj7thjxq2mv5kcy	4.08514983785987	1.25311517742122
did:plc:hbxvqgps73hvhmjtyqzthbcn	3.67677259622242	1.63845848162797
did:plc:hc5ff6o44vqml6a23j5yjwxp	4.44553806806352	1.33522726822238
did:plc:hchf7snsjutxripxcvwcgr5m	3.90656893098359	1.59541838993794
did:plc:hcl4hd4zjslpt6ge5ovxgl4p	3.98647141817461	1.56511601812763
did:plc:hcqohoskd4khcrtjsaqx74zd	4.62684527450372	0.743168311189379
did:plc:hd2wax3c6ut6tg4i6m6tdnsz	3.77842511284998	1.41769155924756
did:plc:hd6ibd3sos4g7fmkni6lq4vx	3.77082688007289	1.36484648380318
did:plc:hds3r6a3tiedq6xmzxkut2mc	3.37992840062813	1.39747120014509
did:plc:hdtdd67tey3jazpudqix4cf2	3.29476276291523	1.83903775382391
did:plc:he2xama3oh7wlimkf57cplwm	4.29225757347515	1.17820060015272
did:plc:he33tqmw2z4gdmc6fivblbjl	4.13727711531548	1.68859070828908
did:plc:heakpiwhtjyqnroiwxbioxkb	3.65629502248644	1.82176347238359
did:plc:heazo4yq7jhzk44levfb22vf	3.76370619852543	1.59656290605736
did:plc:heotlguyxtzeln4prb4ej2ec	3.15497437253596	1.58102730789424
did:plc:heu6hpeuehn2hvrancaepvnc	4.49914261568614	1.99839274011895
did:plc:heznftl3ulcxn474sajt7mgf	4.29578495859255	1.31555829853125
did:plc:hf6naxfdtexsiwpaygam6pfd	3.33639170984268	1.29582082902044
did:plc:hf7trvvl2b5cfavrceaczzzq	3.39864151118741	1.75485352195134
did:plc:hfgzidec42n7usdnrypgsesl	4.4491664004512	1.24247583895793
did:plc:hflfw54sizreaimh2qmcgq6f	3.99306301547442	1.42622679993042
did:plc:hflpt5qkwcn7u43v6nm6gxct	3.26684033094948	1.75118332692108
did:plc:hfndwyvdxvtx33lmmchg45pr	3.02753651266102	1.84783605089965
did:plc:hfoucb47nz3jcbc6332x73l3	3.33992205808256	1.79517923811661
did:plc:hg25naekcuhmt4u6kx4m7bgy	3.35665132075961	1.62499539250431
did:plc:hgbbrqbcgh6vq342nvk367fu	3.84889087265875	1.70787815002153
did:plc:hgbd6bdg74gsov6emsc2s2t2	2.8982197741448	1.46530516537249
did:plc:hgewfimwkrbmz4zuy3zgoyad	4.27349525045648	1.59379777998435
did:plc:hgexor6sxi2koxwutejxp2fc	3.13550967941568	1.94303704266941
did:plc:hgklvp43bafibda3i7kdm42p	4.28870194347468	1.42122931888379
did:plc:hgmaqtzh5eec5zganc5pga22	3.29244401912718	1.5209033251685
did:plc:hgvv4lrwojomslupug2l3uke	3.79625218853481	1.24039071292468
did:plc:hgztdsd7y4ckkn75kygqacv4	2.95674983507543	1.83626814200421
did:plc:hh3jhwgqtt5rys55twmfbn7s	4.88585883625195	1.25800879417783
did:plc:hh43vgaqh4jkucr7sbjnlsya	3.79909752356123	1.33480877315297
did:plc:hh5znne42pulp2lwayqvgjgg	3.34110762383908	1.25811137259909
did:plc:hh6wccxdtd6xlhzbncqbyw5q	2.4121614710934	1.47218028007617
did:plc:hhbwzucg7fajorjpnq2fwn2p	5.89846361073009	1.12177037877847
did:plc:hhl47scjf2yf67kyxrdna4fe	3.77529116654854	1.78028616164295
did:plc:hhljs2vxwjqtqqvgnowujeer	2.81343105129602	1.4319853148725
did:plc:hhnktwwclwqtfa4h7lnhpz6w	3.70880151566756	1.38369013552434
did:plc:hholhs3nin26qxaiymzujhb7	3.37908561879047	1.72469882471392
did:plc:hhpkpg3qerseil4o6mucddfk	3.89465455509904	1.858641270942
did:plc:hhr5rwkrx66edtfwuaqwihkv	3.87896552238978	1.97458744293923
did:plc:hi3653ch3ayfiai5xkmfyedb	3.52059953241691	1.71267017977314
did:plc:hi37lz7frafmsdozzxdnfufv	5.60169984082199	0.803431779314506
did:plc:hi3ktapjfxa7qlorxx3afgti	2.28085564592239	1.33239757892599
did:plc:hi4iqq54bu5u6phxkduzyvlb	2.69534317333271	1.45178847300046
did:plc:hi72rdtmtp7u3spc4pjdcvze	3.6268320033815	1.25487846599036
did:plc:hiagmntkjpu5j7tqbb2laquo	4.19685093737662	1.07675572243114
did:plc:hid7tpcpvuafkmf7rkytytlf	4.56770884588165	1.09026756519666
did:plc:hieqbdlsefdja5crdibfocwa	3.19722484552117	1.62613931964938
did:plc:hiesaubim26xrfvwowzuexqp	3.93070240840491	1.64537920191475
did:plc:hijowcqajox3pb7kvfsvrs6n	3.34076686194402	1.37071881791944
did:plc:hijtpxdihmx3miqrubbo5zem	3.38897851108328	1.6141931862101
did:plc:hiol5w4sjzkzq4jij6wpgnl5	2.91999683259776	1.64892933702761
did:plc:hixytnahi3elx25tczjbhvar	2.91528149147509	1.51696645928447
did:plc:hizaq7otouoowd4c2ftqxcfx	3.01590613067593	1.79735365935158
did:plc:hj45lhrsnmrd6qosc57q3oin	4.13318884764509	0.848783616904599
did:plc:hjegjcyi3ur7vwhjjk34hwyl	5.05302728083328	0.83732748460151
did:plc:hjf32o3t33tga6bs6a5mguw7	3.67433314477062	1.09598167997126
did:plc:hjn5ce74zuz7npijhbrv63l4	4.30954659367891	1.17347699833544
did:plc:hjtdjegdtboizc6od26ywlcq	3.70772567642901	1.81112300981683
did:plc:hjxhq3qreymabkxflehbkn3w	3.13756548690391	1.81259112286298
did:plc:hjzrhqolrkwrbadxibn7674q	3.76813976808122	1.01645981014198
did:plc:hk6a2t5tx55lg2oowgq7m7f4	5.0090364907305	0.713744502256077
did:plc:hkkfy3tbasmla6uk424fe2u5	3.58711580939151	1.46674983701333
did:plc:hkkkl2vc3lnoztan5xoes3ql	5.51541972151464	1.17830035740029
did:plc:hknuzezjktx6jzvcg5gvrw6m	3.24068621386255	2.06668370499468
did:plc:hkpw5ownoh2xpk4gwa7jdena	3.67586432811232	1.80854944746544
did:plc:hkqzhtlg5cxzllwzsemjh4xx	4.95736028616236	1.76400518175476
did:plc:hkrqzginr44yb4gghwi7yben	5.4264972482243	0.872429815577274
did:plc:hkvkgpiizxfhzb6qlet7uo7l	3.42735162651482	1.41320985772649
did:plc:hkvyr5dtfycuh6v23vluqcuw	3.60397343283885	1.34227835000207
did:plc:hl5qwbghniwqup3j6r7xwekz	5.84399808668683	0.963040012448396
did:plc:hla2gc663sp2gngzt4dylcdv	3.00762677401631	1.77609098673179
did:plc:hla5uf5jsmer2ypd3skvxa6a	4.41138596364371	1.50262202135076
did:plc:hlbgxukjjxoqheqvse6ir2kd	5.35560262767064	1.11555434989801
did:plc:hlie7bacwydw6ts3vlfpscb7	2.80395749456061	1.71243879599006
did:plc:hloec6pzvqxb64q4h7smydg3	2.15459684248026	1.3731691437653
did:plc:hlttxvm3cvjprsalhajhx22n	3.51588387339255	1.98416946285012
did:plc:hm3l2pqckuvu7ufdtwzukjkd	5.02248740960417	1.00765611540415
did:plc:hm4gx2bfqt55c2gvkhglcbw7	2.90617617019211	1.56343345385354
did:plc:hm5xklbo77pygypsfottjnn5	3.16005853872928	1.70368729117585
did:plc:hm6aqocyg2hc56fp4f7marzu	3.75538316270881	1.26430557761933
did:plc:hmasnwrbykhdm6cxakvwyfw4	5.02076412736648	0.889525794571056
did:plc:hmff3xcrnncpmwi2jo5kjxjt	4.00681376256305	1.2437487124827
did:plc:hmozrlqhnhknbyjnbshck4i7	4.00977684019155	1.41896750046214
did:plc:hmq4jruqsbrtu577fojdw6i3	3.79368209335512	1.59137563272598
did:plc:hmsszljyd273swnyqhvy4zsl	3.45872468200998	2.04634716540638
did:plc:hmtgbwrruulyz5g553kxdc4m	3.83535825587375	1.45801928616766
did:plc:hmxwfwpwf6ak4hn2c2r6lr5c	2.94412345547865	1.67616148204821
did:plc:hmyfmozlnqwceq5vwzkcnaia	3.62006933583956	1.92447588312761
did:plc:hmyvpvq4ujwbnwgcdfcszzzs	3.10457976622188	1.95943698035559
did:plc:hnd5vt7tnstsij4fuvyizkxt	3.67824507540772	1.45865347749971
did:plc:hngapr5eg4x636jbpsgi2zrn	3.58559612079184	1.25591511225884
did:plc:hnidiizzytvv4uwxqo4af774	4.4848305330678	1.47741101427734
did:plc:hnoto5aq5qd2z6sl6mtvj6ns	3.71260570018578	1.36903131764841
did:plc:hnpt7ns2lecdujegbi6qkqqm	3.996769885499	1.61495939402893
did:plc:hnpvqwv2jkbfafpw75ncjivo	3.54752512477122	1.86387731754211
did:plc:hntvuvrjdbo3gxcvnsj6u4on	3.36466037678341	1.61858637609334
did:plc:hnu7vjgmsnhg7yvjmlstd5l2	4.05054973758555	1.18369338180687
did:plc:hnvpmy2p6ig6fj33ouqrmpbj	4.78984967541261	0.189163178537641
did:plc:hnwfmi753tamceqxdxltijr6	3.81576641169614	1.52819511696826
did:plc:ho2jzeudetuwg6wd322l7pip	3.60469006652881	1.87438097858207
did:plc:ho4occ2hxdmaihd7n4g2ghpz	3.91181314401392	1.63368464802543
did:plc:ho7eoelqnkho6bfyuumhjank	3.7121487544307	1.60795217483581
did:plc:ho7xv2htapbjr4ckbqayiqzs	5.02629439292088	1.43927190546063
did:plc:hocx47xxnxo2gwkyttdfg3df	4.59948301210932	1.80985187207879
did:plc:hogo3mkulymlyf2rxkgmnrfv	5.11960764481114	1.27515580918377
did:plc:hokmqkbowstezpvekkay7ev3	3.80029501387201	1.47818932599183
did:plc:hoqnbmciruac2d4twa4qzpyg	5.849985023475	0.880618674880577
did:plc:hoz66r36xjzf2bnhco7x62xz	3.89946208545126	1.62335910084156
did:plc:hp3txkgossyj4jsb7vax2d5j	4.22099556213499	1.77533880974206
did:plc:hp4qsckaxho2mggozkck2y7r	3.2808559232363	1.87279210023304
did:plc:hp5djewcjejhcegbad6tocjn	4.52234264895042	1.51994785819992
did:plc:hp5yun367mroxjnmc5kqd4mq	2.79876515123974	1.54165168211892
did:plc:hpfds3noiyzuezq6apqwphow	2.95894251248939	1.86381669380853
did:plc:hpnxeh4tgnpyxbzz3gppyebl	4.38342344188348	1.48800872816101
did:plc:hpqnl2pwljgrcqofnwna34m2	3.48096476252697	1.11362931897257
did:plc:hpt4crgiorfrjn6kwi3z6zuo	4.05196103275388	1.3628940023959
did:plc:hqbm2zgqs7lsb6ocxkcumwyw	4.15807953772135	1.28008241599801
did:plc:hqdkj5arozrlao2plw65spqd	4.06676102398514	0.975870144572349
did:plc:hqighalwp6hsnlefv4jjbef6	4.59002181180186	1.75816630417608
did:plc:hqsegbvsri4n7tnc72zqr3hr	5.55322910233189	1.16981323061915
did:plc:hqyri4fcbbf2ojyo72rb3qe3	5.40389226707336	1.27175757533282
did:plc:hr6glzmjdj477vfihubpcio7	4.7672287905787	1.01475938834544
did:plc:hra3bqlfx73jqxuszedzsxcu	5.19326931201041	1.20034627513276
did:plc:hrc2kjwj56flv6nc2lsqpgak	3.00283468565024	1.33914806794096
did:plc:hrgnnbrp4pwcvar3xnkavtvp	3.13275546559498	1.32752233642512
did:plc:hrksjcgmuazmabfmicrexbgi	1.45461732826909	0.843505120125727
did:plc:hrlu4nyblrm4lh7wdb7hfax4	3.98777758588738	1.45598274134352
did:plc:hroo6fslsiyswutkx2e4rjfw	4.61679930315025	1.85615118293074
did:plc:hrqqbylmh35rubhhi7o5mgvh	3.90058214004582	1.40312603033996
did:plc:hrqxdvwcdecehjij2jvyvnaa	4.31798531067468	1.40298089773543
did:plc:hrsoykmbv3l2lqk4t4foraza	3.73495241418328	1.51150600254629
did:plc:hrtibfuyl3juerhbme3hxg6l	3.12473828480071	1.94315812516097
did:plc:hru4iz4qantc4qz4nwmlht6c	3.11266505948138	1.26600409382131
did:plc:hrzheqtv23ysobwupzex4zvn	5.90528580013394	1.04364214616786
did:plc:hs24hr6vkcutt2nyavjvsd3j	3.04703809269629	1.67338942139556
did:plc:hs7npk7l2zq5cxneyizqiqco	3.08228435948398	1.47086602931104
did:plc:hsbez4xjgpjc32q4oe6s7cfr	3.5320502851647	1.52212710813403
did:plc:hseyg7tlw5zelyx3uxzwfugf	3.9332736376617	1.51491553566483
did:plc:hskman3bm5n7jtzxmps3fzlg	4.25578726480091	1.42794990434468
did:plc:hslirr7h6d7livppaxty435b	5.04823732633835	1.33784183038849
did:plc:hsnchcll7rlwxq3t7ic5r6wd	5.09955212339696	1.825235267799
did:plc:hsorwwtie3eduth5wlsmcf4d	3.79735180985829	1.59025333613264
did:plc:hsxomwws6gnfpfa4ktko2zgk	4.66871369315524	1.43652893908359
did:plc:ht4t545lvnhszaqzqcelxhpj	3.92684783972288	1.44663239648433
did:plc:ht4tlf2i2vpvvh3fcxk2gvaq	4.49208936982614	1.12752901737064
did:plc:ht6gfgjp66h3qrdne4lxtitm	4.21621056095409	1.45111782366325
did:plc:hta4vwjevptg4ooz6wbnjzxc	3.62591347454192	1.47041703365591
did:plc:htaxt66xt5e6teuw4ozvdpce	4.78370123903868	0.00787893341599783
did:plc:htcef26atyqu3t62snst7rz7	3.04883496847946	1.53610445437648
did:plc:htew35ffmftzqng6hz5bvemu	4.10296519700393	1.11731335595249
did:plc:htfhemkzos53aq5c3paoqyfy	4.27842158045931	1.38873043446276
did:plc:htgmoud2ac5qgwjiki4c5s72	3.62534491371387	1.49289250958602
did:plc:htnwnk2n52oxoz74cailtwln	3.84006466001443	1.49842052166698
did:plc:htpvhu3sdqfpgbdcgessq6aj	3.04679979935302	1.54465747876524
did:plc:htray7llenktpdnfdp3fs7yo	3.29072112263387	1.81973527104973
did:plc:htsg7qd2roojd4pnxx6wjh7i	4.09847039715452	1.18766924387944
did:plc:htsgxspbzelhkbmyypg62pqw	2.79711184480276	1.47355527272744
did:plc:htzigy5rnbxwtucqhxzvie2v	4.20847230292749	1.07832583025659
did:plc:htznzxwojxiagog3yojtkptw	3.25319440524528	1.76735758246778
did:plc:hu5aqey75wob6zo7tobu3f2n	3.69016271456035	1.3114994865974
did:plc:hu7q3zq6itbenjuyigq3st6v	5.45584971206567	1.05981404848153
did:plc:huayeld7r4mhzjynuizamxxl	3.34672444850208	1.46819506334441
did:plc:huchym4kdepgvdriucxotkpk	4.53256289314343	1.74125769315961
did:plc:huicetsd4beorxy57tomfhil	3.27254508348026	1.66175782627406
did:plc:hunvjqxtdm4w2vhitn6uzhpx	1.65464614407471	0.773372598866867
did:plc:hur7g5w6zubycxl5e7affhlu	3.91790350065341	1.55184272204191
did:plc:huvr7mwlzpidlr2ra7bgrgnp	3.54150043518081	1.67147635775352
did:plc:huzr3rknrc7tq4sjgbfujeh4	3.16898496275874	1.80202668469651
did:plc:hv3tdnabnfnipuvvsgqjywyz	4.32103002157071	1.51401916003518
did:plc:hv47gwyavw55v4hpr5k445q3	3.10031449760607	1.79278089680145
did:plc:hv7nzworjoggdsmf3sgswxze	3.91462756489719	1.36221247939634
did:plc:hvaszrsbjemoheqsfvezn3il	4.60106649913375	1.51867058911572
did:plc:hvdx3ockcmt4a3xvwht7sssd	3.72871288981984	1.37382330058499
did:plc:hvflqob62zbgmhkk53omynzd	3.1524505904856	1.88064326629445
did:plc:hvh43hbtdkgrlrs5slxdlskt	2.75890441965913	1.40016792346395
did:plc:hvkcj73ub44z3kocct2rh6aw	3.67164406217231	1.46660758780269
did:plc:hvme4bhgisfig6iiej2vbscc	3.61569571511244	1.41009401952562
did:plc:hvmmnaf6vjv7kwkpftbuj2el	3.73355472033092	1.40903497275202
did:plc:hvnjj3qs6niucsg44chlvcb5	3.39011037261765	1.5859395067577
did:plc:hvsuwqjcwgphnwuimfjg3irp	3.35675563128046	2.07432693384055
did:plc:hvwnvgfdq5g4s53lwwcgti2f	3.67315095022115	1.31951029038969
did:plc:hvwstkehuws5m4arvedwqej3	5.75992493478249	1.12793932737321
did:plc:hw3b3zph4pmrxbshf65rjpqc	3.92877642829197	1.61389293083043
did:plc:hw7lfvwq6m7p23n55e6eobnj	3.75015381727772	1.56094177098125
did:plc:hwcoiwv5qyceu4i6duj76oh4	4.49836645330655	1.14530082974555
did:plc:hwp3yjpavsxs3f3havzcsjnh	3.57444751668419	1.44279938198304
did:plc:hwq4tw5wmms4wcyhfviqtxgg	5.05719913419443	1.80490919963916
did:plc:hwqfojxrh7utmg5sh4ubvnud	3.5832488953111	1.47952610766176
did:plc:hwsuhmzzthefnozphedomtm7	4.50549159034895	0.685971907908104
did:plc:hwveh3c3qhsn35xt537sbzny	3.54557999313558	1.19769011404219
did:plc:hwwycxrhalyn372kn5bv6tt5	4.28246325434194	1.52670542710975
did:plc:hx6qmgn3mibsg2mw7nlmuown	3.65171814319065	1.51164776099327
did:plc:hxnzianhazphudjexbwkouh6	4.13615103584117	1.4786044904199
did:plc:hxw7arcdthd4szzyfnp6s72a	6.41915147669342	1.02041612852289
did:plc:hxww3uqustma2t2prhw35hk4	3.69294065792643	1.36151975783353
did:plc:hy2dvachxbe5qharrfldm77w	2.68403485425942	1.73242965810843
did:plc:hy3mj3w43dmx6el7qhp6iigt	3.4713468929441	1.63181338127647
did:plc:hy6gtzvrbn7nofvcq7dpmumt	3.82408283642188	1.4449133680273
did:plc:hyapgwdxsbqoow3uc7wmgcmk	3.56454683794851	1.45892731047225
did:plc:hygdzfxsyrb53q7grs6sbua2	3.54472766833561	1.1663087449867
did:plc:hyjajzh4ysdvdtob63pl56oa	5.25437213444129	1.08670080631146
did:plc:hyqvhre5scbc4diuo4zpi272	3.54499723993687	1.43890624076639
did:plc:hytetthnj4xzntcl7zk3x2ow	1.82233147111194	1.18509913125168
did:plc:hytncg2grvbocpdgwplu6jgf	3.68189137419813	1.80712561064788
did:plc:hz73exx7dzhgrddfstnqaygi	3.68358132706668	1.00438195391069
did:plc:hz7sk3d52icwxcgs43xew5jd	3.54938351346198	1.83244703523985
did:plc:hza7d6by33yza5use2inird2	3.84582726691841	1.54768423286389
did:plc:hzbld4bc5b7g3ysq76qr4de3	3.77653606221274	1.09144718435643
did:plc:hzepsud5hfnflji7xgi3upj2	3.02961645807726	1.43265873642039
did:plc:hzfdkmykxh3my4rdbe2xuzfd	4.23556443344157	1.48610213716557
did:plc:hzhguhfbdpqxvri4njadw4e4	2.8742189692513	1.72749329541467
did:plc:hzjjl6lriklj435ql5e2emcr	3.05817730721791	1.4223673586601
did:plc:hzpqth3abkwdl3ukmuobc5qe	4.76228817930747	0.908489112647841
did:plc:hzxf2fxxaukyn5jwkhdm7bkx	4.57112679796312	1.26897811506952
did:plc:i23bcbomdvfl2cmrpj7m722w	3.01102625116291	1.64958760364857
did:plc:i2evwysp3iza2e367tcl3iqi	3.73911967416087	1.27447271426793
did:plc:i2go3ievn7dg4ww7ps3ejv5s	3.28456628321617	1.50064933564508
did:plc:i2i4diczc7y3w5k7jw4b2si5	4.41124356395668	1.52267247422064
did:plc:i2l27mkaiwfkf6ch4xv6vu36	4.08586117761538	1.29635812469667
did:plc:i2lictfl2gc4q3wbjq3h5xgr	3.83799354359326	1.4696604066731
did:plc:i2y3rton5lwtm2g4vnydj7yt	3.71805311293782	1.90165684434114
did:plc:i34abbixuqe75apbjedljbgx	3.19998654936717	1.74570117111687
did:plc:i3fwwe454qqqu3yjxsg4khfj	4.50003601159114	1.09587598429124
did:plc:i3iielx3pj6zymlazfwuouyw	2.94336397236848	1.81962545307196
did:plc:i3l6nxoz2ldk2j7dhfbfpxof	4.75145432473031	1.06175971292625
did:plc:i43gbf7piy3fr52t2qaa35lo	4.32804332256757	1.16246262809819
did:plc:i45ujxjt5dsptrits2pln6qo	6.02123080732386	0.968632384133305
did:plc:i4eytvm4ur7ncfxfmpyzskf4	3.82356788370775	1.38658816099275
did:plc:i4knpo4afhvkrhczzqu7ytrb	4.71654977658149	1.23815798606055
did:plc:i4lpgcshkgqnm7tsqn64d7zx	5.5451630499669	0.864030695754179
did:plc:i4ns75cautswtkeuoyjoa2uf	2.97797514887122	1.42276391314824
did:plc:i4wyytkkdz5hqw2nouk2euw4	4.78257487253662	1.03417277183619
did:plc:i54b3jlogh6fl22cmn3bbtwc	1.57976937797151	0.90229742445122
did:plc:i557vnvjhoox7zzf4shvfsi4	3.46176555527731	1.70238093854976
did:plc:i56say4hmrdarakm3ggwe3p3	2.69605401432969	1.46188474549167
did:plc:i5av74pkm3cc33d2yooashty	3.3737656867076	1.41445067947714
did:plc:i5enclrukn5tu4cfrzatbayt	4.60790581127922	1.10358277447697
did:plc:i5jukjcd3olqdm6ov2hpf5lx	4.02566793878201	1.2813575226487
did:plc:i5qcrclhghgltkepzjj4yte4	4.63566494355137	1.51569489787673
did:plc:i5rmu2l7s4tnvfv3p5degmtz	3.20819949581862	1.01555628978511
did:plc:i5tk5xyobdvwwapu4xp2oobq	3.38203090000665	1.67974967654275
did:plc:i5vtvjdfbxxn3vu6bl2e4nft	3.42156691476349	1.48168840360823
did:plc:i5w5y6zulp3xbpsblu2c5ebz	3.40883797672098	1.56755901770112
did:plc:i5wyoa7dmcf3xvholenq4mgn	3.8939916567149	1.24132816675789
did:plc:i66uonnjt7oc5xcby5xxsjkh	3.97856870290368	1.4846950116456
did:plc:i6erwqogqnniotieb4xg723w	4.45308575148208	1.19482171984744
did:plc:i6ktu7qxrz55gvabroqzsg42	2.75126718026289	1.59416503667022
did:plc:i6n3qqjqs32rfexphm4gr33s	4.22641231868419	1.00496191492436
did:plc:i6sgmljen565zw4ic24tkmty	3.2819916193026	1.29912469584484
did:plc:i6zaxgii557cyjb4yltlwnrd	3.24333508705791	1.43808319694833
did:plc:i75w3dqzebwbkyzfanyvspjx	3.24169107995152	1.83748541230307
did:plc:i7cgv4xylwx7spskqwkgljht	3.98228881782398	1.2369962335236
did:plc:i7gu6wpdzg4q2pbnimdg2vay	2.63350996551692	1.288479393658
did:plc:i7k477cjmcgfhouxhufrcrxc	3.56270375939201	1.15387888406339
did:plc:i7mc7ikuxp6jonorkld5ayvq	3.72275513123736	1.39674508514806
did:plc:i7q4f7xb7nquhrfu7adjx4wu	4.00213173524326	1.10783404156271
did:plc:i7qacvyziqbgsiuk5efwv6lx	4.18330467191076	1.37326756998365
did:plc:i7tfw64az7hsyntibkiwvkhc	3.93928638172903	1.74270044497278
did:plc:ia4iq2e4kp7xqghu2wb6z5vj	3.85092692249447	1.3006091161532
did:plc:iae3g6hph4vyswdph6f3j66w	3.35519445949773	1.64081621087452
did:plc:iaepbolsidr7bagqrdbbju6g	4.18896428596098	1.493986266218
did:plc:iaf4bvavsqbz4ssw2cfv6z7f	3.1018041835294	1.99932662612833
did:plc:iafnnl3by7i2fxxa7jzr6im5	4.18564352360617	1.53979527115516
did:plc:iajbh7ye3lxgrlrd6yqh4izu	3.34297342255363	1.37207847575118
did:plc:iajyagrct6vgxzc73y6wufml	3.40367346183386	1.58128412389439
did:plc:iak4552s3aa2djp6hiwdglbt	3.73717598998184	1.39410582748339
did:plc:iaub27ooopqvgyz3jnu5jnvz	3.84665737484097	1.7903747203901
did:plc:ibborwroc2ue372lnf5a5rte	5.52208053557078	1.35682645520735
did:plc:ibfmyqejni7dax4io5uctgpd	3.05824257434637	1.92345077401974
did:plc:ibmwy6w4epkpeojhscoliret	3.4399753241331	1.4902521022024
did:plc:ibo5h3imeztlvljplby4d2ms	3.71084845645366	1.35120902545212
did:plc:ibrwbczdwmsjjfoyo65xlgtx	4.33451088188347	1.21544395276317
did:plc:ibrzulais7posjh6dwwghjby	3.37627111831775	1.46151151028077
did:plc:ibsbegilpcf2uiu5mttdaqby	2.53697251511655	1.59612482084726
did:plc:ibtefmuljaltaoymezeddfj7	4.62630364705816	1.52237159183932
did:plc:ibv5n5d55ck4paduqxcyeyq2	3.60924048631149	1.42349574072189
did:plc:ic26qoqaormzjbzfcfowu6on	4.2794002655249	1.46641999989731
did:plc:icbebqidfkpw5zywmf6ptmkf	4.26108442916154	1.44083218231707
did:plc:icdkhpdjn4o6rd5zlnir6a6n	3.78490546837966	1.71514441170287
did:plc:ice7jmmvf37z7mtscr6ws43v	3.67257588044766	2.20858592167687
did:plc:ichvn3xs5uob2bosbl4a7p6f	3.65073833985618	1.44630226272293
did:plc:ickzra5t4hjtxgzt3ps2hamq	3.90882436327167	1.42229805173254
did:plc:icq5kbjbgi6zfkx4yxkgkmu3	4.82135112837725	1.66781910902566
did:plc:icuuzsnt6owi73axupbnqtmm	3.4210367152853	1.29537151115383
did:plc:id2zwgzwhyqjahpyawlh7sk7	6.97225815109587	0.94639525876469
did:plc:id3zw3oat5oyhqxpw6sjbfjh	4.53996425152816	1.1760595190793
did:plc:idociwupun2hluco3bsp7a4i	3.41801513555164	1.65984474716364
did:plc:idzuhtgq2cj45l4ibqnjx7zz	4.26116965118995	1.06746102530298
did:plc:ie4zuyzrvdxrp4mwtblhadbe	4.6860030736869	0.975073308653451
did:plc:ie7gxfxtu656mdcqdzky2erv	4.28681895662275	1.37458626546371
did:plc:iec6tvgfifpluoy6pmzaruwx	4.17394977835109	1.38123083134136
did:plc:ieip3c4izwnpcj3mpenhxhst	3.18048886435932	2.06089702100167
did:plc:iemihwbqza4ckbwkmwfmlhxs	4.0454250712682	1.30640045128836
did:plc:ieylx6cef3dpikg4zys7ezex	2.73205448924313	1.20884802434665
did:plc:ifjohvgxt4a3yiee5thpe3ld	2.94813078455769	1.67796924606536
did:plc:ifjtej222ht7oogc3uhbendc	3.3227036698016	1.46879367552536
did:plc:iflq7z543mjwqo7lzwmjvyx3	3.50317199000754	1.48172594052318
did:plc:ig3goviiwwcbbjx3mdcmxvza	3.7371874548258	1.48662187734477
did:plc:ig7npaqh6cf2xdrn6hw3aaly	4.29826607523579	1.47858714833784
did:plc:igfsdkhw5lhrlvlnp2ryih6q	4.50912852313294	1.16095647192832
did:plc:igj4zletsmy5eqdkhauleocu	3.50883078061115	1.51277964739592
did:plc:igku64azm2qay2dj2276e7nx	3.28778166520081	1.70063143342573
did:plc:ih2vhvtalddudcnkyqnxklgb	2.82035864403161	1.29524027913613
did:plc:ih6ypr3nbkggszzjfoukxihr	3.50379768548798	1.65130087934256
did:plc:ihgqwaitcusajlfumbhlfrn6	3.40416551637195	1.97770422995409
did:plc:ihwv6uvgoxd57byr6qna32l5	3.90462305482685	1.41125551264344
did:plc:ihwzptesi4fwt2hz4mlu6hjg	5.25788638215018	0.755225438645332
did:plc:ii4ekkwbcotv2ibfek27h5b3	3.05809637953156	1.72603076872487
did:plc:ii77ghipqsnnizfxt2kdld32	3.01294584934195	1.61407504237721
did:plc:iicfwrqhdulxk4s6gqu6ytm7	4.90909865892351	1.59292796127175
did:plc:iimemyqns2tjbulbjjdzenhb	5.16039538760523	1.08842635888985
did:plc:iio3c2pwvpecdxvgat7cnzpl	4.4724144085818	0.929947030182407
did:plc:iioeoubca3swodtzu3rz34eb	4.91676079452582	1.01583836341423
did:plc:iiyornvbzllo52zy3umrwlgg	3.32873227183007	1.13818028006676
did:plc:ij2x5u5wdltzvvc57yi4hz76	5.52537280341759	1.03072531513004
did:plc:ij4n3pfpehrz632l3ddktykr	3.4632679399481	1.38577339843127
did:plc:ijby6pg4l5oaic6ix5cnohob	4.14627108379553	1.27189381888861
did:plc:ijcrue2wgftnoh7ev4k6ydqh	4.24858161528027	1.26388872399484
did:plc:ijeg3pma7rkt4wfzvemnrug3	3.65799570817693	1.16233317494217
did:plc:ijjapehyjllbl6yddlxk43vd	4.17268208376967	1.2621727545979
did:plc:ijojhodn52q5kdk4euugjly3	3.68266057839915	1.34393302754007
did:plc:ijtxkwrpmaqivn4vmtxgdkcu	3.31702717511516	1.47636259032899
did:plc:ijvxlj3wyop7hmnflcdcc3rr	4.11997043878539	1.22323749236799
did:plc:ijw2toqqeguzskd2ceq6uval	5.36896440997927	1.02872886291621
did:plc:ikc3odlbzwpbph4x4ik6kgxf	3.50224152386628	1.45500463722757
did:plc:ikhovykjggp7erxbf7izd4uh	5.53683597277796	1.2285564374198
did:plc:ikhvtylrauvbsvb22ke44my4	5.83536426393746	0.970120778626678
did:plc:iklh6dhhnit75n23ho72px6l	3.34316273683835	1.45953721227034
did:plc:ikmdgloaftj2bxistbpylx3c	2.93909790980618	1.50337641408797
did:plc:ikyqc2qydq4665yqx3xe52e5	4.8830913962985	1.438117624518
did:plc:ikz2dlzkjd2xfkd7wv3lw3il	2.90251174277798	1.55043198283486
did:plc:ikzaawhqdyrfb2qh2yzv6np5	3.79826551468058	2.18497982271647
did:plc:ilcvteaieewihfix2dd3u5wj	3.89350786406701	1.58194765528951
did:plc:ilffs44xik6f56h3s23pezln	4.60922126387021	1.1343556239449
did:plc:ilfqacsfgdkxrfblp34q3gjx	3.9520898195765	1.45207589041092
did:plc:ilp3rnqqevi42oriznox35gc	3.63966859539455	1.76939091206395
did:plc:ilq4mwxwc5mgg5s36zxfgxm7	5.36434735944839	1.44163291731516
did:plc:ilusk7wczv2ddokmvavkxl43	3.54122587198643	1.43703089423438
did:plc:ilwczz6ew4rg3e7iqolbmevx	3.41685463831274	1.60594654223453
did:plc:ilzzpqawmrzaxbhhtvouodgw	4.63530782891796	1.78111363601318
did:plc:im2ynve356pv5bioyxfzbkpx	3.96283692886004	1.53001776976338
did:plc:im4urv4q333mk7glerqbyc63	3.25081937839363	1.50206846167463
did:plc:imahtxsdww7docaouxdck5tz	3.30660529082567	1.88389037450914
did:plc:imanmmnoifwboksxn7z2jm4o	4.17432796228715	1.13059269212375
did:plc:imcvqrpyys6s5whwz532lyqd	3.60173158258604	1.61628071018973
did:plc:imeyauam47h3eb6xs4ndscb5	3.89198085557601	1.38063083123427
did:plc:imfqu6dzchdg6sapn7xbxpas	3.30741585133554	1.5301591510666
did:plc:imgyia2wbmbblm357wwbk5mt	3.483412831252	1.46175140531246
did:plc:imsgrcen4rh6wsoyyxxtfgpn	4.27090578911519	1.51694843982677
did:plc:imtrquacuxpznczlp3wivae7	5.32523974304103	1.13190595769254
did:plc:imvw3rpsv7rq36fph3xznzu4	3.8987237665384	1.50750073355576
did:plc:imwqwrxlyvmyu3vyebwybnft	3.34620877968876	1.7684791158994
did:plc:imwsfnoe53rbxiwcgf3xed5p	3.70541477616986	1.50405907133196
did:plc:imypbmpbovfjra5d4xgclhfy	5.00845828217264	0.767125886803684
did:plc:in2s7vuf72wpkgqaciqmulzz	4.18807282872626	1.14785569167891
did:plc:in2wx4usvbx7n3seznhdyect	4.49088073774641	1.43219419037478
did:plc:in3scbwwyfzcjktfzv6pddxo	2.63107384509219	1.58403969435513
did:plc:in6r4bkyaac6z4b5f3noipey	3.74121936119718	1.26514216218694
did:plc:inbamqrsnorivd7kpjavcfkx	4.72037495423368	1.23645870647942
did:plc:inddgxq7earno2evydb6ttrm	2.93634051463457	1.89578498866273
did:plc:indw3nxlde7c6v2zqurtnsyt	4.18542519109137	1.67399168604519
did:plc:ini6is2x4xitpervshk5txjl	3.53006461541732	1.369816823243
did:plc:inj6utp6zu4ch7clczby7pg5	3.45732860236175	1.18815410225954
did:plc:inl3jwsbejmq3qlu7i2wtuoe	4.17499652848866	1.61939032250034
did:plc:inozlzwudnt6hojy2tv5dz6c	3.3918476063487	1.91565975139189
did:plc:int5k47mhah5lfrgdb5cuzn5	2.96658711242971	1.47290842473349
did:plc:io4ufi4e2ircwaicrkvfyysi	2.67773638203543	1.37288170951683
did:plc:io5rh4vldxncycrkvovo3d5i	4.13613102785115	1.76481342895146
did:plc:iobxvby26tcdxp47y2xazxhz	3.50604978215876	1.26947946941877
did:plc:ioj3dmqlwowifija5ph53kdr	4.38111684027011	1.35153909684016
did:plc:iomjbaoigrhtyhdurzqtbpur	3.80186303860029	1.482238208728
did:plc:ioxwn2x6vkvjxwhkqyqhnl2e	4.35230007154883	1.13100050254226
did:plc:ipbvyp75bppgamn7mh2unu33	4.16546635355131	1.32733383720677
did:plc:ipd2wx2au7njawui3ctm63nj	4.05706676225999	1.42619122843678
did:plc:ipfjj7jkoyltghc2zllqkdn4	3.82204153182661	1.85990818332441
did:plc:ipich2cakrucbwu2n2pesohy	3.89755306633149	1.44375443889716
did:plc:ipiw4fqklkltt5s43xhorqf4	3.53353193049248	1.96169798954121
did:plc:ipjtqv4upghxl2phfy5ynkit	3.96859561428162	1.66937055976779
did:plc:ipndd2nulydn2yvjrynawbz5	3.74180150486845	1.69169683802722
did:plc:ippno4cvkgpcvm6l5nqpjwlj	4.26507134613211	1.45694965567268
did:plc:iq2sv72ru2cerdstn37e2hms	3.631098331578	1.15593343821768
did:plc:iq5hn5t7sppoeeljlzovlwg4	4.35714320472847	1.34109683115633
did:plc:iq7wibcqzhhiuydzwqy4l7pi	3.95787985274452	2.01136225846426
did:plc:iqecmgvflhudvlvbvg2whzwc	3.67620050531416	1.63129084721492
did:plc:iqehf7oqjwsdz6ftd2flz4t6	3.13618533660301	1.4134255630031
did:plc:iqjmy6nerzxjevmatf5buzvp	3.09622615631281	1.66483651956763
did:plc:iqn6ht7p4pw46u5n6z7oqs2x	5.01403019578868	1.28023113974863
did:plc:iqvqrxdash2lhaadb7xap726	4.32169504168556	1.22119808041295
did:plc:iqwkrhmol52x6njlmxmkdjha	3.50144627290425	2.10492317247496
did:plc:iqylxd546xyemnasvsmwtqgb	3.21905394150475	1.63543453127579
did:plc:iqz3tclc2avz2vwlzth73klj	5.01017817685207	1.37382020425584
did:plc:ir4jotcqg7akvb753sbasfip	3.58550481735409	1.58573975382076
did:plc:ir7xnvdhw66naffpaeygjjee	4.05228564763156	1.60406513370586
did:plc:irc3jfmcdctagpeaaczyxctz	3.77397055588369	1.1633733159588
did:plc:ircqitwstwg4izmraimmi7tx	4.06390894935272	1.56865662524739
did:plc:irdyk7ifnuj4afunolv27wqz	4.42281989590339	1.06773876511245
did:plc:ire7t5hlbfkex2rkrcv4ypzr	3.23136290260102	1.79074977195738
did:plc:irguoya3mw6heclqjyp5k377	2.61323969674442	1.49397708154788
did:plc:irhruvpgjnmmrhawhc32jpyl	5.37100225984969	0.962919094401392
did:plc:iro2r2ifqkbv6mviny32knkw	3.55100482924564	1.3350375846544
did:plc:iro7hayoa3cjlvrszx2xflxb	5.0391586742843	1.89691991606578
did:plc:irpedfm2bdzmc5c5zx2xd56o	4.60294320590595	2.02047736902136
did:plc:irqf5ehk25ziojtmafld2nfv	3.81749823255572	1.09483802404885
did:plc:irslg2dz3f2v75uo5adriske	5.68772677131256	0.839994597970321
did:plc:isdpwsqd4tqddexb4l2d3jmp	3.73862168048309	1.40788115602005
did:plc:islgw3omp4zrjy43ftaot7fm	3.52804678782154	1.2766535583729
did:plc:islqtucy5izf2msc2mbjvbb6	3.81400569571704	1.75533697607403
did:plc:isz2k76yz6dcm5fnpf4eipne	3.54482319456779	1.90651849295381
did:plc:ith7jhqgzbziypsksuxvttxh	2.40371698313135	1.54201045196658
did:plc:itk4kxmmwf7takakes4e2cvt	3.14358319505073	1.49797612518121
did:plc:itr7vhhspbcc5nqvstcwcsoy	3.51487486454838	1.29082154489065
did:plc:itt4hiu3qi2jlf6nxwndf37j	4.01030193224856	1.54027163902354
did:plc:ituiofg4dyyd4ywwf3ybmwft	3.2940610983258	1.66680479728656
did:plc:itytctrwmvromwunt45yfvxy	3.89417965292371	1.5759289869602
did:plc:iu2q24vh64jyi66xgvyhg6ao	4.15552871446851	1.39636927852136
did:plc:iu2y4opfaetufrtaqkybuza2	4.8364470327151	0.762356463044809
did:plc:iu7nh6nwvd4pwgokkioygfko	3.90454052072331	1.53298524117192
did:plc:iuga6w5vsr3pbz4w73rbc55r	3.47158436052939	1.48544709722631
did:plc:iusnwvnykrbd5gedlzlqzoxt	3.31073208805558	1.88082177175701
did:plc:iv5x7xljqsaizhdthdcomqfv	3.58086621961313	1.65759935335224
did:plc:iva7zvkwmtdclltuir224b52	4.917878609604	1.52024281124236
did:plc:ivgryhogmp4so7qan4wa5k3i	4.89244851354584	1.04593867271841
did:plc:ivk3cba23nesrwpdvutesgv5	5.57077928339097	0.844237350893591
did:plc:ivny4jv5yb2hfmyn3plk3bdl	3.43826788722925	1.32906362860286
did:plc:ivooza2pm7q37aw4q7n6gbdn	3.36377981088422	1.8379024879134
did:plc:ivqf4uto5cqtp4oqgceqhdgv	4.26007493544621	1.25974851659368
did:plc:ivyvx6faakevikpv37s2csxn	4.087240229188	1.3610025251513
did:plc:iw2at2trjxzmrhxzj4hh7tak	4.19051630401529	1.67383664730781
did:plc:iw3r3miqddoakro53vxjcjni	5.00066594939875	1.28018060848854
did:plc:iw6ulw33m2w63puea6rhvdal	3.95313626932594	1.7893382534279
did:plc:iwq3kyc2hmx4wnnrgkyozckt	2.68935586102675	1.1877447371907
did:plc:iwqdab3ifz6ooighwhslpiiz	4.3988376284041	1.72699024362005
did:plc:iwqim2o64vno3oqszrzmbltu	3.52505279331188	1.70065915286407
did:plc:iwx3dq5ynckphesdnxabw5lg	4.43236462051609	1.59841597935397
did:plc:ix3zmyv3sfjnn7hfwxxzmaon	4.17262331643782	1.20826021851275
did:plc:ix5chh5xz4peh2tpiqeujici	3.33701569870267	1.41906888670185
did:plc:ix744ji7lmrdw4gnkuzdgjrs	3.78373539802065	1.59709673580633
did:plc:ixil3p4dtra2cfwrfzk3ueyn	4.29080322248157	1.78638903610653
did:plc:ixiuwwdz5w4fapra7nk2kq2l	3.44435765154971	1.54985400827151
did:plc:ixjecqwoacc36hxif66usixb	6.18286756602996	0.969427641478174
did:plc:ixjj374u4j7mqde3j62u6dfi	3.60244139385886	1.80075655045453
did:plc:ixkedj3wtnglx5ebe5eeh2fn	3.89278897796783	1.66483900995746
did:plc:ixpg46ypzl3kueawaw3vxhxe	3.76658880324642	1.76337603708937
did:plc:ixssuu2qs4ht5usxmckabp2q	2.2887310494786	1.32579235712928
did:plc:ixzeaz3rg4mchfbqzh7kvbn6	3.5400659260256	1.64016916645355
did:plc:iy6q4zzzrrv7wwjypsdnexeu	3.47335289007684	1.59167218126879
did:plc:iydclcts33tvsl2uhgmhoypf	2.8913978983696	1.14398621257704
did:plc:iympv5mtzubu54r6bqpn4gni	4.16694024865798	1.23184578338496
did:plc:iyn5tf2ko4rcxsq53s3ad5p5	2.90972482161089	1.58341966176659
did:plc:iyv6art7ehakf7zbvvyfuxtj	5.54588324432699	0.912951444381768
did:plc:iyyqomlea277vdflkadx244h	2.82473415728797	1.61718409587164
did:plc:izhv6f326z2wl7dnj54zl26y	6.05567988412884	1.30289987333538
did:plc:iztxz533n6n5jtxr4443lp3p	4.6207282790951	1.71171692081243
did:plc:j22lmfbgns43aqcy5rzhavx3	5.72691176755735	0.508322437166262
did:plc:j25hktk7wjssvtdbugbqtvcx	3.82439624532387	1.31809409291741
did:plc:j2bhj2fppcd3526fhwfl6brh	4.58966047960565	1.26563270510559
did:plc:j2bphzc6irgeey5l5xsxp5b3	3.38559648603843	1.70163072452285
did:plc:j2h24vfbp4ja5tymulw63opr	2.43230878614229	1.40717356169137
did:plc:j2mfczgxptgrjfjti3k3j5io	3.66314101535304	1.49022160949704
did:plc:j2suv4oyhmksosrs4bmz5aeo	3.9291828366983	1.5286106559307
did:plc:j2wnryezp2yfyyqhj2z7pson	4.67146775085012	1.13609091321186
did:plc:j2znq3si4eeojxjz7d3zlvrt	3.71882642016961	1.49553124579889
did:plc:j332ue7363afwqzopqis4tkj	3.51797113248663	1.18408344730041
did:plc:j3ac7fq66gtddhz4h44auvpi	3.41050250400643	1.77610477639933
did:plc:j3esrqjch6ycqa6bgql7csow	4.49825170041124	1.53191056475291
did:plc:j3fngue2ti6zycbhyvzxdx2k	4.94337244162927	1.04975307785357
did:plc:j3otxvjgjsb6ednnxjdxpdpp	3.60934762559102	1.72958352677163
did:plc:j3u5epxp7eery335fgzxcvzc	5.17815430317481	0.752316927011505
did:plc:j3zp5er26o7sxcjdcdytkzro	2.26533166400375	1.42178782659771
did:plc:j3ztiikmnohmwboaxjrsozfk	3.9017642461134	1.41957733467471
did:plc:j4msznqzezeogzapu6ch3ch2	3.32184612494166	1.44678756853891
did:plc:j4u5esbpl7ok46eh4b43ume2	5.03283262874315	1.0007332555367
did:plc:j4wcofiuoydfcck2j2bx2pdl	5.11130193798188	1.1420555703798
did:plc:j4xr5ynm5nwuo7si5s5tz7dd	5.62819914818406	0.946209180736977
did:plc:j56kdlqtoaqh24expaorosfg	4.07749345622608	1.08283261979732
did:plc:j56kqxp7l4nhcj4cz4ypuz37	3.74606928703057	1.2411816485911
did:plc:j57ou5wvfiraod5n47te2r6b	3.94733867085235	1.05743759330394
did:plc:j5bvh6xzeumxyzp7pq7twtnx	3.94726725523892	1.45982806164188
did:plc:j5dhtpwbhj3zljoa7hrnh373	3.44049149936954	1.58122519437146
did:plc:j5tyo3bn4yl2zw4mjgtm4n4l	3.13681479372302	1.38686299990965
did:plc:j5wn2egggxhjqwy7rydk4lot	4.50792381629802	1.47032610980085
did:plc:j5xd7a2rawmao5mseqvncqps	3.52952560252661	1.67259647023862
did:plc:j67vqrrcoybohnpsfsao5vdd	4.12891185911293	1.29483742310465
did:plc:j6aso3hvgdjxgalsj2debjnk	3.6640548721965	1.44040109010452
did:plc:j6axiw6attx3ir4bvmr23r6s	4.15701112947265	1.59674567126089
did:plc:j6bzdcdiuw4nkzggkyu6op7f	4.34789046327284	1.51626179407361
did:plc:j6pxq4gwnzg5wbrztdtwtir2	3.68247251216146	1.98734195672955
did:plc:j6qbl72wrnqulleqhzmvxq6h	4.25963611239548	1.29942022347589
did:plc:j77ozq5pva6hapvpcqmbkzeo	3.52747491285084	1.53562053583227
did:plc:j7dj5keh6l5zxlgibpu7dp33	4.15645021091934	1.4748924287335
did:plc:j7lnr7t2nmw553jcikhdbwaj	3.84540331435715	1.39466436749357
did:plc:j7v7j7m4lglbv2nd64nvrmfd	3.26397807989654	1.79948675296789
did:plc:j7zzyag2nsvxfommjxoq2gj5	3.17640208064171	1.72686024906376
did:plc:jaayeprxoovdsghiuevoubla	3.26137658902338	1.67565283464858
did:plc:jadebr5qpfk6ygpespw5leq3	4.37039406113504	1.04898656383954
did:plc:jaf5ff4vg2lscabuogzebfpz	3.71901136835687	1.28566122522522
did:plc:jahpsjhn5d6er7suf4kb233y	4.67803941837599	1.21441181502722
did:plc:jaofttdraq7gaxo3uaswlesg	3.68568353580917	1.71995069009554
did:plc:jappmunfbepih3tfogp543kj	5.25227659226552	1.35911932082206
did:plc:jat6bpqm2w3cl46qhsiptjxf	4.22150203597786	1.65044520427777
did:plc:jb3fotwsrvmltryveesqo64n	2.58214159853545	1.55126997527092
did:plc:jb5nxoe3zx4hnxlrfkagl5u6	3.25677394946504	2.10512537423824
did:plc:jb6nm5s4y4p5sgy3erlnd4aj	4.33836526859653	1.965318092976
did:plc:jbhj4tpl3armouomqtz5vgol	4.26187246098346	1.48239139855059
did:plc:jbit36qyr2aukgj7gl2xqeyl	4.20837715528097	1.14798109456152
did:plc:jbt75kv5hhwqmil53imudtsu	3.63497661395677	1.50973319465582
did:plc:jbthqqfapezhscggeu454cju	3.4838594114867	1.46246242633955
did:plc:jbw7352hz5d3mm2uzwhcai7p	3.51959516190508	1.24509980192837
did:plc:jbwf3vpinpcphn4y3va6eoek	4.18840598616728	1.74980401023345
did:plc:jc2zny73y7cypoz6ed55ttq4	3.45815048943021	1.70843981648154
did:plc:jc7f73wwlfdxucq44votcewm	2.70438795439005	1.64853295205045
did:plc:jcbcg2pe4a3r6wsfpaj4bhjf	3.34624569223961	1.05680737414704
did:plc:jccmcbclujzvliok43lhiajk	4.16887198894298	1.39093594676488
did:plc:jcfgdfcptoo4tuyhehkydyvi	3.11600482722151	1.7475862648666
did:plc:jcihi554tyajzx2xvck4lodt	3.77726762137511	1.48780749080262
did:plc:jckl5lgrmz7sb4axwpzpawke	3.18546375077754	1.44514560339302
did:plc:jctpqhzqojn2j4oifsl6aivr	3.9502754143702	1.37785260169422
did:plc:jcwurjgrwlr2kltib77rfvlg	3.46805979569936	1.5774352271971
did:plc:jd7473ze76zgm2weib25d3kq	3.56536677762801	1.50668623735163
did:plc:jdetn6ovjy7vqq6jxsryklvq	3.51079975872953	1.10212788888922
did:plc:jdsveddulira76aq2asukwtx	3.61294120865134	1.43095870776049
did:plc:je2vlal4tk3l6uwsgjan727s	4.44847737053204	1.65291603049063
did:plc:je4kseo3jtfumbo2co7tqg6z	7.27073647432583	0.719961563828619
did:plc:je5r2wzhcjkdrnkkmr3kaf6w	3.90733178513554	1.86892418005748
did:plc:je6f7xtvhgvryqa2kioonptv	2.72095521415061	1.56254095481588
did:plc:jea6ykrawroiuoz4tgt3bgjc	3.53931030357692	0.546903127260014
did:plc:jeb7nadbohltv5myk6phbasx	4.5384801637903	1.3155002318247
did:plc:jei6jtp2dxgya5jlj7gkb5gd	3.72752116859199	1.5282519512707
did:plc:jejev3ehl3sliyfviru2h7mp	3.97357484254283	1.33895974978769
did:plc:jellyfprr7rzwedqvkoj2lin	3.6289663806282	1.53570332576143
did:plc:jemaclqrjvya3buqkvnvromp	4.65950569449262	1.2678408821912
did:plc:jeq5jasfheode3qfstqqe44t	3.64516233206607	1.01160146561551
did:plc:jeuduidkyxh2k2ansxorzkf6	3.9522383983738	1.45142725082452
did:plc:jewcuugfyueycts3odrsqefa	3.70797562555451	1.1121691476815
did:plc:jf5qziubj254giszg5dhgdiu	3.65518410753451	1.67909295605072
did:plc:jf5yankg4mf6ujmr75ldwrr3	4.58777860167522	1.12102937993364
did:plc:jfl52c3le47iix4mgpvbpilo	3.9015064706632	1.54121964604154
did:plc:jfoz3oluzc23bw2d5nn2vhb5	3.0893327567373	1.50682925657839
did:plc:jfq4xf3yjsrf6yiirv5flhtp	4.50272988342825	1.44310791971431
did:plc:jfqlwlkrmuwnj5ki4l7q53sp	3.77181435584374	1.49982474815392
did:plc:jfwayhcttv3ekq2xnmflx7fa	4.00199737505518	1.47994122028054
did:plc:jfwstbjbk3pn6feyh4bslwty	3.62849377998402	1.4286744601241
did:plc:jfzyw2z6t4fdkkkkpaorevs2	3.54858045077313	1.3407904192874
did:plc:jg336irc2cgojcgmniu6on4r	3.48890274439508	1.6290617019999
did:plc:jg5ybczjz7rzczc73ixeluhv	3.55278282929979	1.55423740179963
did:plc:jgbdueguf7epv2szg4dphccl	3.57106223479222	1.28744294521894
did:plc:jgbksebovb3k6f4bd7o75pwn	3.77884474342254	1.53255429936959
did:plc:jggcgfeb2yckcuci6tn5xt76	4.36772922087306	1.31547788724466
did:plc:jggh736cpmqxxrep3qvuujmz	3.62989564259272	1.52732045263324
did:plc:jggqadr3lk7ocspzhtn263zb	4.37653023506827	1.54715892956456
did:plc:jgikq2zhvcgops4xy7duceqv	4.98630800897806	0.941891875025881
did:plc:jgo53wmg6lxk3xglxuj5jqcm	3.13032345632868	1.94122954327261
did:plc:jgql2ikqxjvdv4yberpdqv4z	4.11801028668138	1.3795631215538
did:plc:jguiwuoyrsvtj4pqbzsj7dst	4.52392132036392	1.85414119727131
did:plc:jgviyh7tutz3lf7zhoe2fwp2	3.4217986925416	1.62299735588025
did:plc:jh2dqizfwftkxkit6lfozfcq	4.13172477605348	1.58235948380893
did:plc:jh4bkrdhynodo26lkf74v4ip	3.25007185232774	1.6461881288332
did:plc:jh5b3ruvk3enhysr57y4n7rq	6.03824881550844	1.48880691292343
did:plc:jh5ncbk4u5rlgfqj3rtr3qqt	3.12162478234223	2.032532667508
did:plc:jhaivbg5jp22ijwo7onmlvk4	3.48997535332937	1.63438624770924
did:plc:jhaxrtvmyjfs7r4b3u25q5lh	4.42232928003915	1.1197961872274
did:plc:jhbsgfgcf354i7d5d3go2xdq	3.44426005124488	1.43045283957726
did:plc:jheaydeo2jeke7ypyd7dsuns	3.67146047972207	0.895434536110298
did:plc:jhfzhcn4lgr5bapem2lyodwm	4.40613066224543	1.38825738493917
did:plc:jhiccrr4rzltvgeofq34647s	4.64911985657541	1.05363788403138
did:plc:jhourucq5bql66o7oqirvox7	5.48666192071149	1.03678232722464
did:plc:jhqkfgraz4absvkhpeh77gth	3.7026194058534	1.37476705841962
did:plc:jhyislnkzr4icdeq3raromxc	3.4343624718699	1.14235332996602
did:plc:jhzmr7xz37nxtxoya3lrhx6n	4.07660992883823	1.03024398603667
did:plc:jirqofmweyj3wo2obao5r5jn	3.65441569511383	1.99135652049614
did:plc:jixhm6sks5ohj7udfwclkzp5	3.67524113574737	1.75657217939645
did:plc:jj2rqpps57ihnuws3womp7td	4.14653574598071	1.46045005838191
did:plc:jj2ufjfzzrob2ts6ryvqpi7z	5.10735477839028	1.48391396132162
did:plc:jj5vxjfs6me4itptmjfu67mr	3.93943502395151	1.42042897653515
did:plc:jj7tzz6qbmktdxq3di6rb3r6	3.70356008142843	1.78324312378681
did:plc:jjgan6bgdk2mrylgedcodafp	3.13589921828499	1.4015573907448
did:plc:jjj6gpjd4sd7pxvprajdrsv3	5.2680334460013	1.40532936408079
did:plc:jjnb5yjdjmhbrvr4nscqsjsu	4.61607686010669	1.45660339772069
did:plc:jjsaarepz7hkg4ga3fhi7xbd	3.14556744497867	1.76042042536744
did:plc:jjy35ek7eaypr4a2udeanwnl	4.14597820322743	1.38322167616042
did:plc:jjzkxlllczxaftu6m7q7htov	2.27973780378574	0.770114622708119
did:plc:jkc6yh4ywffbvmlv4qa6bevr	3.53145455688126	1.5589542594094
did:plc:jkr5qhiimrbzk6rlugh5rofa	4.94228978945852	1.11811226562262
did:plc:jktmxa2avexdkcubzlvvhxun	3.13907450109038	1.5574102209196
did:plc:jku7wwadvfnkdvtsv44edk74	3.79800090521939	1.735688844913
did:plc:jkyhwc55oyd3ta3ymrvtuon3	3.07233023496954	1.12324488892901
did:plc:jl3jh6ffubv74p54ibq5letd	3.12370538114954	1.05658992292838
did:plc:jldm6jhk2ar6ojt3shwjsbrs	3.55995621399661	1.19137444007341
did:plc:jlfodn4dycazukscr4gyd3oe	5.0529782843608	1.38350338036764
did:plc:jlg2eoawuzj73yidbmdxoliy	3.24671546830152	1.92502606965488
did:plc:jlhp36am65acvpgsa3xmy7pv	3.76828369055007	1.45877567715439
did:plc:jlod7fuubcecb3jlulpnsdbj	3.97290887361433	1.5546315101019
did:plc:jluwszw7ihyiasvjlkbs3bs5	3.27347841437647	1.77616852760473
did:plc:jm27rtwijfs7v6fwxx7kp7h7	5.49503815190712	1.60487189786639
did:plc:jm2caty5m3vgt5rhfvzxidy3	3.07557840206923	1.32988072555767
did:plc:jmdetic6dl4zm55h4wjli4tk	4.84646250251389	0.798248580125605
did:plc:jmdywaxegt73og4s4mpfq3aw	3.47379177536329	1.6291023317373
did:plc:jmfkdrbeozcdfyojdjhquf5x	3.44549115838739	0.872760531240824
did:plc:jmghubp5q7arzyraca4tgwrj	3.94917193930988	1.45306818142932
did:plc:jmiflwc7sds257dwcb7j3kvb	4.00299003322621	1.34184918494884
did:plc:jmilpdyjaykdvfvmjwuh6cai	2.32659550146563	1.15859070631119
did:plc:jmk23kga74iodqxirakztxlp	3.59951937163749	1.40773223524131
did:plc:jmlchse5p2tfewm3wdg5pnbk	3.43633301688083	1.36931140826036
did:plc:jmxjge6wkm4pis2mep6mtwkp	3.63155023550445	1.62756411013144
did:plc:jn4serqvjyzgu2m35hmpvyyz	4.90987167578699	1.13880279055463
did:plc:jniogbdh2a4mzcvlox3q4tk4	4.37880759403487	1.2441234697267
did:plc:jnjrhjnbl6enmkshv44albv4	3.57041724756012	1.28059749478401
did:plc:jnmp2uf6xxamlma2be5xrlkl	3.53145371726214	1.39571720486902
did:plc:jnzhgpyckfl3ivmmvieqtqby	3.02481603672663	1.36082766211129
did:plc:johodkyin3tx7pzupdx526rm	5.96324951504346	1.04495325657056
did:plc:jojlr5ixblwuwxmjtucxsgmj	3.95191552828391	1.29221106870657
did:plc:jotv2kkvedlhra4clc3t3vlw	4.15786679409193	1.40557222684072
did:plc:jowgtzwxrzbtp2342tbg2akm	3.57362512048488	1.356177844181
did:plc:joy56ngalzsru22754dcsjw6	3.60085817321961	1.15825676206063
did:plc:jp37qu4tbxx64glilz2nly6q	3.79648101830797	1.56489692221291
did:plc:jp7hx7j7che42lhmqguxlcjz	3.64342262755514	1.49369102017183
did:plc:jpcpi73yaypuzdo2txqscx4h	4.5924096101593	1.11884380869119
did:plc:jpfk7wdm3dzo4a7osz4p7hn7	3.52573213212101	1.59069984366536
did:plc:jpiotrkc6i5mpfpxxxpuldbg	4.20172068737048	1.2679052651722
did:plc:jplnt2jbk4y3yams3mqiegn4	3.08819116530465	1.59783047290306
did:plc:jpmsxqvjlazdzoyumln5kcw6	3.89736009713223	1.34015972240067
did:plc:jpyar3z46dsmfbzxoskb6ajj	4.04167252494888	1.34472036350261
did:plc:jpycwchu2aqhssks2wdttlrx	4.19034978301174	1.34565581474576
did:plc:jq4pquhr47cm5ybzmi6o5pgo	4.38760067467957	1.37212959256559
did:plc:jqe6ddlfqbb4v2i2y5cc57lx	4.33456185187684	1.3291741249494
did:plc:jqtcj7ffpqmsnh4wyk2vgyi6	3.12159043800571	1.3628988301448
did:plc:jqyipbhom7xon7wkl6pbqqsc	3.16926037099065	1.36390691202688
did:plc:jr2drgtoatnthbnuc4oauoo6	5.18233076701728	1.00910164123195
did:plc:jr4artsdkyukekrvd72drx3w	5.05106695094855	0.789926868054403
did:plc:jr656ybp3p2fk7fpfidfpbw6	4.16652330022575	1.46384526584706
did:plc:jrbiqgy6v6rnrqpmtwuoxi6v	3.4979555605633	1.44473029570682
did:plc:jripfoq7zernao75tapxpj4w	3.67665595439627	1.63746202840977
did:plc:jrj3rpch53vkqok4fwvctyno	4.5972189514005	1.58958902381704
did:plc:jrmmnpino7wmzuvcm6hinim5	2.81794351518324	1.51277372078431
did:plc:jrqyqnpy6kxhmiue42hsyx52	3.6563660639938	1.66772356702282
did:plc:jrrhosrfzgjf6v4oydav6ftb	4.30562685890058	1.42052048373783
did:plc:js7yy5umhxdfix7l76vpnejv	2.79458458516448	1.52429624334156
did:plc:jsaotrrnkaaltzrhwnd6577a	4.66122892976835	1.37295668100267
did:plc:jse7v4c2kl3xq3ijki6pgbvs	3.59372271155227	1.52733804565605
did:plc:jsenrdnzyerdsrdfvxpp55y5	2.4304964932881	1.33886100167795
did:plc:jsmhtie6666vpmd25h4sxxpk	4.09701581358163	1.36847283561594
did:plc:jsux5zs55rjx6qbscvbhop3x	3.35978493572275	1.24051983130288
did:plc:jsvmhowqldko3ayo5f3frmtr	3.62022784528024	1.85423939907527
did:plc:jt6z3ij4hdwr7guojzfiyooh	4.49736091057894	1.65948458436931
did:plc:jtadt5xzto3hyo5e36erg4cf	2.66964645865696	1.50135267894074
did:plc:jtbcbwjs54v7y2vhoasyrqi7	3.8312186717945	1.62279159076398
did:plc:jtc2eu4224j5xfodmd7smja7	3.30346812848382	1.47820584623007
did:plc:jtdbbwkgwspjdvvzwafiiwef	4.88488970026413	1.01421682998376
did:plc:jtfb5mkmbumn5ra76b7wahrc	3.83783757787966	1.43431953595511
did:plc:jtqdmhqwxgmmhxjopknlhcea	4.40370538149584	1.12265039376535
did:plc:jtxe7wfge6zbpvk4b4tntqbp	4.21108396807936	1.43540650251078
did:plc:ju66l6s7xupnmtsyg36he62f	4.42151032562822	1.22297584780811
did:plc:jupwr5tkd33ro3gh52nhlpt3	3.70369238658169	1.67204401704181
did:plc:jur3iqsxf52e2vpmafnqmgad	3.2188079669302	1.49341947704107
did:plc:jurgxjvx3wxlfakzddgofz2m	3.59762910195871	1.3712989589605
did:plc:jv2igdrfha6jvffl6qktcp5r	4.14645020382911	1.50031403010798
did:plc:jv2nexbyis2wun725qnc3tp5	4.61260991366397	1.40365301511195
did:plc:jv3vwksgu4cmklxpdqgs4bgg	2.75023111444391	1.72771869871567
did:plc:jv5rvgppzdpq5n2rpsge2uuz	2.82134291719196	1.81475778671435
did:plc:jv7znjip3vqcqisyfr2et4av	3.72843421704847	1.50606216927197
did:plc:jvbjsmj3d666gwhluthpmgxo	3.58447193851323	1.63418987975209
did:plc:jvecoij7lmcragu4fjvjmprc	3.01662218610119	1.86137027926354
did:plc:jvhjpr4rwd4nu4lmkqdvrduo	2.31009439451681	1.01221464677843
did:plc:jvhlz3vtfcflldwgw352duw5	4.3540673614377	1.03346719678164
did:plc:jvnggzkxwo2wsg2vdq4gj6zm	3.54112644765768	1.20411491525047
did:plc:jvzdtfvzuqdgk36wncgl2dnp	4.00555738629704	1.56779805539365
did:plc:jw6v4a6qb4bhxdf4gxvv2nnb	3.01303149243881	1.86781230392666
did:plc:jwhevhtptsywhhjepq276v6f	4.59766774645131	1.53823046037961
did:plc:jwjky63ddm2v6vcdtqwcxjvx	3.83812612466496	1.18608239498924
did:plc:jwpp2blcws74iegfcbtgod5c	4.41071335379148	1.08458710499076
did:plc:jwq7l3xokmriwdz4fvqizvj5	4.40276995986499	1.69044801173036
did:plc:jwsqtq26qflvsbrl7qiih5o7	3.46450520310556	1.65299624138495
did:plc:jwwsvthwakm7jvytrev7h7xt	3.67340167693006	1.44184317939831
did:plc:jwzrdm46ofjdjl6nw2ooi7df	3.6187531986584	1.61130098025515
did:plc:jxavpjebg3g3arzkgivnmmyo	4.40438162637846	1.46479494450209
did:plc:jxkuv4lzszy4hvxq4wij5z3l	3.41431577057427	1.66293443097229
did:plc:jxlb4kroms36jxgwvt2fdsvl	4.00379802816488	1.56200010442924
did:plc:jxqknkzrfkykfpkgagtvgcn7	3.72225793884573	1.39430170850076
did:plc:jxtcp4gd457edsryxes2knel	4.70885793497383	1.51141501014356
did:plc:jy36rl67cuatp53qon4pzyom	3.64362662569292	1.48326848263572
did:plc:jy6yfrbqycyqmkjsnxs2h6jz	6.6244507770603	1.39247210602659
did:plc:jy7o3f6q5vxec3zmelttfpkn	2.29293759156693	1.41849342568952
did:plc:jy7ubxdbebjkh6odfwjctl7p	4.97788366663292	1.0316740973835
did:plc:jye4sjijky55jacqh2njtxwp	3.73881508037481	1.44883299628045
did:plc:jyeslonhesd7ewhizlefnvgp	4.26460865638423	1.41550783797891
did:plc:jyhc74qm6q3mfw44knaxax3f	2.72470235146218	1.30954190936608
did:plc:jypdhjnx7ob5ed4ju7w24zkc	3.42931154170598	1.760540809941
did:plc:jyphiokxnjqhdrlveljnybjm	2.97132236380212	1.58586364426777
did:plc:jz4vszfrkibcuku6drqdxam4	3.02007491004206	1.85058765540146
did:plc:jzegaqroh47oyra5vigzz4i2	3.20389338903309	1.5938711449648
did:plc:jzf7baw5azmhzovmolfpc577	3.65150137969057	1.80224329708912
did:plc:jzl7cs7aqq6xkfqgoadjty4v	3.82066277313462	1.54243975207731
did:plc:jzmdewwl3c4n55lbnmiqpxzc	3.29176146133684	1.49861140897629
did:plc:jznivdutwcztvqtqvh7qcubx	3.0561013795577	1.50385497108464
did:plc:jzurccq2eidjddskfwrq4rm6	5.01134860915136	0.988113321191797
did:plc:jzv5al6fxnlxw2xpepabe2fg	3.2943301858156	1.62892470590385
did:plc:jzxxhglviz7qaw2ispgoourz	3.8244389991052	1.42573360529259
did:plc:k2gywwynct6azclrc2bvcbs3	2.82830673502572	1.48388579171972
did:plc:k2hsol25r6dcbfh5b4hrkxvk	4.32348268381432	1.12431112716495
did:plc:k2ktfemc4og2pkgjcyvp2vlg	4.18839736679911	1.52043962939237
did:plc:k2mlzpmxn56ktpzp3nkhexqd	4.23694395515695	1.22894384476566
did:plc:k2n7lj2g5525uhsga6pf3jvk	5.14404402729912	1.06155212064055
did:plc:k2osumvyh4ilcer5h4beeuha	4.28772737981419	1.67914280825703
did:plc:k2pyihzav5p2brwoni7cfs2q	3.68945680233237	1.55722055448653
did:plc:k2v2hni64njbdfsaskoav34u	3.22199638395215	1.54637066549469
did:plc:k327ywpdd4hnvt65c2yxx4wd	3.25339856649463	1.41911166948938
did:plc:k344q3q5pdblxtvwurhcvaur	4.11795903537805	1.44367016078932
did:plc:k36hbwjlswm4vsm7edokfjh7	3.76742667148887	1.52642234073046
did:plc:k3fbgae7cbzboauigcvjaxgx	4.3157917949854	1.40390317172683
did:plc:k3jbutuc7wnk3wghr3h7fgor	3.39994465183028	2.01159762789317
did:plc:k3lwq2tgwt5mln7bs57x7h4e	2.79098440129718	1.20754726109251
did:plc:k3vjykmga6ovfx2bo2p2cyhy	3.56822845120082	1.52717489565508
did:plc:k3x6kag4dmhhzfosnmu4qv5j	4.15585230767741	1.53608758104075
did:plc:k42eojrbmqigzhnqteempqip	3.79120092072285	1.413225413736
did:plc:k42ilmwoqoc2f5tmqhsfq2zj	4.08181806055739	1.46578947176477
did:plc:k462hn6nowijslhcbty5axzn	3.58755271025417	1.56815567875885
did:plc:k46au4vx2xagpy27pqlajuoo	2.84544957833302	1.16402608584461
did:plc:k4cvgsczw6yb4ey256uiy76y	3.79843650614471	1.66303371672499
did:plc:k4n4opwigdoaszawdgqvnzvx	3.25965072477321	1.87227589560022
did:plc:k4xkxu6qwjxa65rhjrt3vgup	2.91850615245994	1.40460775257943
did:plc:k5kagu2cqv46ha63wcvurcp5	2.90172827950395	1.72638465553968
did:plc:k5ml7xjefvh2lrxxosbagtdp	3.39565549296847	1.38049187757202
did:plc:k5n3ovd2lqmfuh6ru3uumusg	3.90540500405609	0.989646265583617
did:plc:k5okerwudy7tib2lzqzjl4vz	3.2948997960723	1.5152437588334
did:plc:k5okznl33qqh5rfhibhejyly	4.18164529154704	1.54215045554163
did:plc:k5p2itvacsszhvdhq76zrftj	4.97570041860838	0.733389657742667
did:plc:k5pvbkxnng6wvxyocxxjt6bi	3.47396923465511	1.46264389731593
did:plc:k5sqcqlgxemsyrmnb2wwubc3	4.55525116281825	1.23262643264749
did:plc:k5vmbpfjxgt6xnj27zlq4vmm	4.15992764688771	1.47924629436326
did:plc:k6j42udw3jl5rnpee7z6hy23	3.62477653452796	1.4641493985674
did:plc:k6nigptqdujmmf72nba4lga5	3.87776005204745	1.62559352201935
did:plc:k6oz4nbg4usfwcxdtinecy7o	4.39009583158435	1.03723888361523
did:plc:k6sjt7urmiqmiv3oustovmav	4.30997575015168	1.39151236552901
did:plc:k6uwwnmbgnnihkdvuaz7wzns	3.59001452141585	1.47028075934921
did:plc:k7455byumjank6hile7cghsu	3.24465218170029	1.25880097441497
did:plc:k75rbteahl2qfb27qk7juzbh	3.4650041180277	1.65214802798219
did:plc:k7d4gkzci7t2l6kw2q7w32qk	3.50901433703685	1.34810268022396
did:plc:k7f4xibg64wmvjznyq2jil3u	2.94752496618669	1.59279221342486
did:plc:k7lfsvny26iuzxehhkorxwmj	4.7837352579281	1.80200662536047
did:plc:k7nbtjiyxhcra5yfethj3emr	3.55038823142506	1.40237357301761
did:plc:k7pefquqgrlibdkmwxbmctd6	4.05163777617844	1.57793009424265
did:plc:k7ptywtt3qykr2mxx6qbwhme	4.69892592250281	1.26351561806412
did:plc:k7qa5gkl6lrcwakaa32zcbpc	3.7750990504492	1.61844367598675
did:plc:k7sihexaa6kif22kczucr2ck	3.86071928191156	1.13870999652334
did:plc:k7up7py4vqcontwi25mw363i	3.07715779443792	1.84914660813776
did:plc:ka27sot6avqnailoohx3lu6g	3.4159708571812	1.63132127659739
did:plc:ka5gxx5ucew5ukvp2cqazztv	3.21316818247824	1.39941921895529
did:plc:kacbkslojsdmaayxeutsd7wx	3.13775296798147	1.41200867718955
did:plc:kae3hljljmfzn5lazngkxspi	4.33804503230489	1.14121449444795
did:plc:karx54tjxuewywlspgtwz2d2	4.03270079812625	1.4470760954831
did:plc:kashryqfghu5qxdjhqkydtqy	3.33728865688624	1.95858310020194
did:plc:katezwr4mo3bwklaq2g3h6vq	3.2499005582783	1.77210946176202
did:plc:kaukiuurnnjm6gssf7n7zjpq	3.52073039067134	1.32759920321581
did:plc:kauod2x4cjkutnbtpkhzyo5s	4.37272900964471	1.26214871381452
did:plc:kavciduxlg35soaiuxcp2lph	3.57434208848367	1.52971001099269
did:plc:kazhmlpsen6lppdbwmsmppgg	3.8937115884679	1.60593093250342
did:plc:kb43j32atqcjrotjoydiz4td	3.62306380802224	1.35401816399914
did:plc:kb4i46wgrkt7ukwltlnrdz6r	5.38924657010168	1.14529374680988
did:plc:kb5zmoctdlsjmqlmgteeydhv	5.04121430129444	1.05656395736197
did:plc:kb6n3xanafjcqvxj57535ckm	3.9809382089148	1.40583461169547
did:plc:kbdvw3cnmml7xrlhlkv4nlw5	3.9591551187562	1.48466247803715
did:plc:kbfxb7fz52ocfg4episklocp	3.52885995329925	1.5683956368215
did:plc:kbhnvrpzq6qw6r5oxgnt5jfq	3.7452784956932	1.52965905698982
did:plc:kbiqcjlyhkxegflyc4lcwxm5	4.04285281739902	1.62480503896676
did:plc:kbmby57pfas73vwpusmbi6qz	3.69489163249607	1.41613341181044
did:plc:kbpjiw3wcauthe7kadl6pwly	3.13147040334271	1.78677662373876
did:plc:kbtblgyqek3jchgpl3lfdsbq	3.45116950530587	1.28131054695274
did:plc:kbw5vz33ky44p3wepsr32sx3	3.79856976429326	1.35330553671239
did:plc:kcfhtxhehsci36c6hce6zasg	4.47335375590143	1.53519104911022
did:plc:kckeji4sw6cluo3dw6xh43kw	3.75329510043296	1.40130924739379
did:plc:kcnunbasl2wirzyj74bxnnqa	3.69963914195772	1.36433270960207
did:plc:kcow5jnaxtfwztzxw3o6zgcw	3.77861305789209	1.24669565548207
did:plc:kd2iwvhw4py3m2mlq2s6ynx2	3.77181886269612	1.64128221164031
did:plc:kd5t2grlmd2xg3nhud5eougl	5.39391201271042	0.826980797720089
did:plc:kdbysn7ns32h7imuf2beistp	3.01538151793467	1.33829253973535
did:plc:kdcuzic5xbjgvfm7jfgnyoxg	3.7572087911167	1.48630085327453
did:plc:kddepthjovwbuklgbwyznqb2	3.91280527490947	1.6091602212106
did:plc:kdfu62gf2dep6trswobmyhp3	3.92389990282748	2.05805521617663
did:plc:kdfvyrbdajovonrvkdritxcj	3.93412092054918	1.46622723077924
did:plc:kdgjofhujaw3ujfvforreeqe	3.81050139453521	1.44359660434577
did:plc:kdlflgj4pwzxr5iv3vv2mryb	4.06135556222499	1.17557326616887
did:plc:kdmqc4tpvpbhmyn4grmwb4zi	4.11838791754025	1.51577163305098
did:plc:ke5esbudjagzn6xcwrsq337s	2.88788647404258	1.52464434521303
did:plc:ke7diz7p6badxxwvyzuei7w5	2.79881113914739	1.67221556053944
did:plc:ke7sgim2kozy2vkladjibbgd	3.36566393078662	1.48735565070976
did:plc:kebf2ufjkf5ucrlg6mcp6t5b	4.44394395279164	1.51789131993905
did:plc:kecyk435rnvuditv7fnexb4k	2.32624080097778	0.677965235848207
did:plc:keesuz7swazmcxvcwszhth5b	3.24052362168809	1.43489233326887
did:plc:kejxxfuvqedhcgs4gg7f4ijn	4.03981403486268	1.31047663749887
did:plc:kelz5iguzi3mtcghyzmc5lls	3.78661997082307	1.72339261954151
did:plc:kerwtfmbomzhpzxyfhqjexug	3.72512434980683	1.85720465103753
did:plc:kf6sqp4hvon2c5435sguffhw	3.95661218869634	1.56568831034927
did:plc:kfb4ohv736l7sgezu3def4c7	3.99430109293654	1.00464814747388
did:plc:kfcsttiomq4ypf6ds4yfcfje	3.46405739732583	1.36801830672589
did:plc:kfkjb5zqazalognewyiovkxb	3.06510431874422	1.47414717983971
did:plc:kfncooypzdutgcfihoq2b7as	3.27572901846289	1.42615405082534
did:plc:kfodu63ji43ohvyxxuw2cj2v	3.77079725528467	1.57022185049423
did:plc:kfsbn5izhht6fraev6wqwwmd	6.09212119840052	1.20812601808062
did:plc:kghnsudbgfhouqpqznash27o	3.36895197033056	1.66413981309164
did:plc:kgjekc5676s2mcmi2thzqlmw	2.65582682419882	1.05510042861542
did:plc:kgjohp2fltbtmpp2de7msmjm	4.22783985980889	1.59943811117064
did:plc:kgubv72xvdjzpereq3eufhop	5.25736087059573	1.08745676387224
did:plc:kh2amezboveucq734m4psns2	3.28715399675245	1.51278228547858
did:plc:kh4hbe3cir7lftdv2cyecyky	3.25404023113342	1.50319662558954
did:plc:khdbuqoc7phw4vi3fqrpjwco	3.2604473647949	2.03007595395325
did:plc:khe5za6r2kohwoxgsmnx2tli	3.56441594300648	1.7561535147299
did:plc:kheva44tsohkkz7ee3osdrqp	3.96533192487135	1.28721706501029
did:plc:khiobrkcyek46lxza7jiodqe	3.59497538759959	1.70667492922532
did:plc:khndhzlmjg33wdsf5avsxbof	3.70824598594757	1.4667596497244
did:plc:khpt7quy4myoyglklw3kqff3	4.73683542401821	1.50117980403233
did:plc:khtv6of3flpjd4qgdixnmqgf	3.30122542725799	1.74883841498847
did:plc:khuhygscg2zy5gtypbzxymto	3.27759996973386	1.69400461700397
did:plc:khwvlpn4selrnohm2ngsem3f	3.37454614504516	1.30383310707226
did:plc:ki7elnxo7knsvz3simbvn7eq	3.69761013092989	1.28665000162476
did:plc:kithuqxaj6ybkeznagwu2ezv	3.4499034876443	1.69883741653714
did:plc:kizeryfd645z5oj3tfubvdks	4.0949819405122	1.36724644291329
did:plc:kjaj2k22b4z7kwcwmrtrjycd	3.23599424235154	1.4961149875705
did:plc:kjjvjk3hk4gske4lajyeufqu	4.45433571527033	2.14739426109051
did:plc:kjkzsrr364vhl2lkuo7mnxaw	2.94948492435922	1.5093347708829
did:plc:kjpbgyglqinedpmhhncobptf	2.69491221841776	0.952985820887685
did:plc:kjvp5qbbzv27zmx2mdchh5xe	5.01910753210146	1.19802805177375
did:plc:kjw2i6pjxmhxzpvp24ttcya5	3.4709613667254	1.37419113740475
did:plc:kk6jpgdc7mdpw5xf62ws4qy6	3.91896793108	1.32829320124682
did:plc:kkesstzqnui7sfciu4fk33s2	4.98164703104937	1.18416331167015
did:plc:kkgepagyddmnokx6z6lmh5eg	4.09365523537055	1.11051740064085
did:plc:kkgnuz64xynkevvsbaxrpkgv	4.47102611681891	1.29960884896162
did:plc:kkrejxauqhdaazll27pim4hp	3.52328830282875	1.30883295324477
did:plc:kkt5jthdt36enyev4sfp3ufk	4.13778067539016	1.40172847997988
did:plc:kkuecde6lx6cq2gq4rjh5eya	3.29181150478366	1.77914139254177
did:plc:kkxhwxr7sscfn4dhkztx47vr	3.41903511135462	1.61473507560039
did:plc:kkztszuflq2bvxytltleijrq	2.79029028801713	1.73827358901555
did:plc:klccvgd4nnfpdsjetov7yudt	3.25085375695605	2.01836641200128
did:plc:klelekgf6ka2eljdifg3r6rm	3.67951663948383	1.33938268440409
did:plc:klmmpyvu25lcv2iv6ri644uh	5.13241945985142	1.44597514276957
did:plc:klqzqb6azq7txykcrue7xoh3	4.79166003013858	0.985624563662155
did:plc:klruawv3z32d7osbbtvth4yr	5.1435852007354	1.22256175966844
did:plc:klshf62nvsx47upknu6jgzub	3.43677921243433	1.30740269252333
did:plc:klytji5523jipbkl4sh44j2l	4.11460325465941	1.74552014941103
did:plc:km4bcj4hjsada2lhbxvqg5xj	3.15345157997534	1.13278857353086
did:plc:km4fxsps4lfui2uvcih5gmnp	3.24845039282719	1.53323664449562
did:plc:kmyxsi7ocgeg7bqv52esmyx6	2.75665977790806	1.67501274922705
did:plc:kmz2drpglruwrvrtitthyw43	4.45669721777118	1.57563079617001
did:plc:kn5ewbgcpzctg2nsyix53cez	4.28554567913645	1.0453843033077
did:plc:knedsmb3jpvbc3jv7hrizkzf	2.96249458358342	1.79753876686424
did:plc:knihvtntbfy5hrijqqunuxqj	4.17938710572639	1.86925395428408
did:plc:knm5tokiruvqanb3nsnnljgo	3.57802195550634	1.52052310505964
did:plc:knr2cxukngiq4sgwgbtticki	3.98304899398124	1.33111706013839
did:plc:knrwcyaunvhrzbcq5ye3fgyr	4.01014302814254	1.22109808935132
did:plc:knsszrujdducsne2yxvzqhph	5.21912540942487	0.984639802539835
did:plc:kntvojcbwa7abbgkiurtes3h	4.51169319197592	1.26933495836486
did:plc:knxaibg35iqhco7gnveggpuf	2.93841607993484	1.56777288626507
did:plc:knxuiqu34drfecadzkxpoago	3.8346277208975	1.61849417212217
did:plc:knyh64bdhecrqo3dynv3vftv	4.77985370373115	1.23010383524079
did:plc:ko5xja3eczkoqyvwmoyqeazo	3.96550191325055	1.25714524302676
did:plc:ko77hkx265glbfstl32z5pjk	2.47460842200274	1.6096978580984
did:plc:komue4xbclx2mcnqfajyabfb	3.12215684747776	1.19544904912191
did:plc:kowc7ydwnzoqtz5b5kjjykg4	3.31155818647058	1.62699675553302
did:plc:koyejltoklydufff3wj6qvjh	3.01647296984091	1.3298706032549
did:plc:kozqdbycys72q5evkszmebcz	4.10582741980045	1.51168875706634
did:plc:kp5itpisbaxkto7jz4ccqzcg	3.27330431848952	1.51483264208328
did:plc:kpcgs6amgwryhbr4wvdodofg	3.40558946727977	1.37570296941132
did:plc:kpdk5emr6xxh65itqen6jv5a	2.93788065367419	1.68872318013308
did:plc:kpfe7ljo24llimv6qvvbaznv	3.77547374838361	1.52795945283164
did:plc:kpfvvemim6vvl2sfieqxtnos	3.70275580302097	1.8164969241832
did:plc:kpptpimlf6nalokoyf46nyh4	4.38213955430214	1.25778698078096
did:plc:kpqore656jspux7sgh3n334l	4.01720721667611	1.34747133434764
did:plc:kprvdka4tejuftpdri6qtd3q	3.09882299134803	1.99053070599667
did:plc:kpsruqf4obxzaluwl67c57v7	3.72725248547488	1.70863212649357
did:plc:kpwbc7d6mb3x4i4ha55sjpj3	3.67413524182281	1.81421906012439
did:plc:kpyyprhlm4jr63vdg4225r2p	3.94646554458763	1.44750110573044
did:plc:kq53mlddpeqnz4ts3ndgmln5	3.9033959508837	1.04766893314124
did:plc:kqki2td2rdgspjgboimyxmac	4.35340123538698	1.35654973040934
did:plc:kqkkkueegzrtq2ta7swdvpjx	3.18896381310682	1.91155173923454
did:plc:kqrswwibtqv3evk6vy6ldisf	3.12656574559876	1.67978113014669
did:plc:kr4bwuvsc7swahzrktr3qcav	2.88178200856071	1.56538138540887
did:plc:kr53camjjo2rmzbxro7zwcht	3.36005887905773	1.92613624504045
did:plc:kr5hbbcrzhrwceshey4gjry2	3.41234266681587	1.40751363686259
did:plc:krarco3cp3ryucdwnrqmgk4v	3.20529869941209	1.86860334732162
did:plc:kraw4nriejtjw6hnx6skwsom	3.11757391778056	1.37280771949333
did:plc:krayd4hkh3h2luru73vxkqyc	3.16810963221991	1.41152472634173
did:plc:krfjm24gxm35f747ndcvl2sv	3.98485349564163	1.30452700467726
did:plc:krhpbioysrxqxobdsyr56ghi	2.46303415326443	0.658374392639174
did:plc:krk5brabswcluqj77s7jdq6u	3.20292427120644	1.4707061151521
did:plc:krowxggtckne5rgkxykzktx2	3.45291835520152	1.46153033185183
did:plc:ksc42meycz3dsymczlbgls2o	3.16880640107857	1.87251613855407
did:plc:ksgunhsmdixewzyihyzxcd4q	3.62188480784998	1.47540946692408
did:plc:ksijj3c7ml5m2emdlpdvi7cx	4.10135348849284	1.86016537179774
did:plc:kskriqrgffbujku3ev3onodb	4.07274476527833	1.259448573838
did:plc:kssxsa3uydtgamkgwnww24pr	3.21101847234964	1.45312655342811
did:plc:ksw6subxjhdydgt7vgatpven	4.25799663734065	0.991190588668617
did:plc:kszfjmay6x35kmfm2vsfqz4f	3.20891429895666	1.89025505319363
did:plc:kti2gg45ovmuf7ooxftjynya	4.15243774797244	1.38163168382076
did:plc:ktk6jpr7eafwqtjkqzou2f5e	3.3480811104295	1.77895401214226
did:plc:ktkx6gnebdcidosm7h5j3o4i	3.81873944010456	1.66573632338618
did:plc:ktnwc65ajrndufchnfvy5sfo	4.00989511205555	1.39827650595931
did:plc:ktuok5s76honzzcjdgki653o	4.47632444471248	1.15278320030972
did:plc:ktv3fttcsonlv2qcv6y75qls	5.67530046555951	1.14444674736241
did:plc:ktwvqdgzyo3zjh7zwhoj3mll	3.71104272774111	1.34341528507545
did:plc:ktxrxah7craexn4f54jromht	3.97447192700246	1.14138309351071
did:plc:ktzz5bviimev46rwf7ftw2fi	4.54518024038938	1.13055908497081
did:plc:ku37nejxpqwjqexlf3ubeies	3.24485318280516	1.87093216461566
did:plc:kudb3roejuszsewjnk3fw756	3.36847740245562	1.95643305453978
did:plc:kufevyjgvcntsiw2mc6u5cfm	2.90055267154657	1.13050215948889
did:plc:kugqvwe4fbqmljndekngtml5	4.33896390522978	1.39850517879359
did:plc:kuhtb2desbyklwzgz7uhpgm3	5.42729915855013	0.712748629077251
did:plc:kulfpmznys4tmwnrmravcnxy	3.84078402706076	1.15727161264872
did:plc:kuwziuhpxyrhszfefiugjiiv	3.86660866553114	1.98888465792589
did:plc:kv3br4e2rep47ppikep77mlv	3.42266658011415	1.38427564713434
did:plc:kv3sgjvipwqffeeobhxojt3i	5.27137351622136	0.810317155592431
did:plc:kv6eixhay7ezdtidahgfdm2k	3.60023525288841	1.29642865863636
did:plc:kv767vniw7qbnbkynrjfgaua	2.93955133778693	1.15162450363616
did:plc:kvcmr64wde6isuwunhv3ee6d	3.06906008691762	1.39955133417782
did:plc:kvoodtkd3trm4hfknutwqmij	3.11878087907892	1.53344291796461
did:plc:kvop4dkx47mvyba43cyv7jgx	4.216983726166	1.00061013141246
did:plc:kw4wep5vp45e6dmkmwzdvqc5	3.33990731578854	1.63333403152611
did:plc:kwa35idfnijmza3jy4m7hahh	4.07844414598278	1.46350381936783
did:plc:kwcbtrqzattreyttmfn35rxn	4.83136423563076	1.20021758913768
did:plc:kwntu4mgap2otpkyzq5bchim	6.0558144339022	1.46100429881406
did:plc:kwt4utiqizy4vpx4impsdqkl	4.15272501612181	1.23804855949841
did:plc:kwxjzd4qhnnptbkau3dpkiul	3.75488118484805	1.53403173450708
did:plc:kwxmrw5txmck32iqakzf43js	3.20660507797828	1.14861324323965
did:plc:kx36guqhue5rgwbnh4qtiril	3.1292785759515	1.54308146314197
did:plc:kxbnbmbm34gwpt2xfiekvi4i	4.59779149288876	1.48099178656396
did:plc:kxdwnxhertb3ktxwqobokxkg	3.4731437486161	1.42329261517526
did:plc:kxnmcyk4e6ng7utxkssg3ueu	3.65679316254077	1.53578849524442
did:plc:kxozpzm2atqc7qnwujdgttmz	3.00206404241997	1.47483644943833
did:plc:kxraiep2cc73jwirdyz22nkm	4.50184893537794	1.56788019820109
did:plc:kxtqmhni7eekzromocz6xjfm	3.89883340379857	1.47107150970478
did:plc:kxyr2edkzkm2wvz6ncbf6zko	4.60478016396212	1.46447913147063
did:plc:kxzrzjr3tehdezrpwul5vx72	5.69968403148305	0.002846469922733
did:plc:ky2hwlevo6izkyav5ayj4a4w	4.48133882534977	1.36954688186361
did:plc:ky5vnoc4jzfooafwcpg4nnqr	4.15802113451181	1.62998089764666
did:plc:ky6jyfs3i3d6hm3elgli5hgt	3.97985698890828	1.17284966662158
did:plc:kyd22plm77w2tu6pgynbx4s7	3.4125425747481	1.44414668478242
did:plc:kydt774rouxbdksryc56ry7f	5.08271193981881	1.64180973166285
did:plc:kykvda76izeyxa5ix4orghes	3.49487889338542	1.16587594576677
did:plc:kyp6k3z4hmvfd5fegvio6w4u	4.07982908039481	1.24052576408505
did:plc:kyqfqfsbfmxi5zkzo32z56ha	4.98001331628241	1.09911390747514
did:plc:kyrccq4lgz7xskszcvw3jr22	3.37767531893032	1.21531996099579
did:plc:kyvvwelbhtlncyo7j5de3org	5.66250914074967	1.09941282212578
did:plc:kyyfqv3ssbbp2td6teyyljno	3.75069269535242	1.82930261309267
did:plc:kz7ytakgeb4nk5mdlkehujdc	3.4752119903038	1.73965326521636
did:plc:kzatrlxsrtiaqkqod2zuc4fk	2.92805696636589	1.57490039450117
did:plc:kzmdcdjbhtbbjjxl6ziihy66	4.20267733077496	1.52641438868784
did:plc:kzmfuz7kf53bkrugqdxff5sz	3.54327859136274	1.60624857404917
did:plc:kzmq5pk3vhvqh7m5jvcujy5p	3.94046153046084	1.5907104522827
did:plc:kzqxh2yosveszr5e7itdh6r3	5.56409056179442	1.14014681789592
did:plc:kzuqpxhhfsdfigi2isnmhhor	3.96350992930374	1.54163011670625
did:plc:kzwkasblj7mtby2was6gqyhm	3.42289725203468	1.59381508663494
did:plc:kzz4mxueuvtthgcmpgdkppmk	3.09262196999676	1.59744511763488
did:plc:l25fv6naqxt3wevatnszmw7w	3.84698949271701	1.24229174791409
did:plc:l2bb45my3ahhjqpyvgnwcgyu	3.77410801758459	1.64098199129764
did:plc:l2emhw4tttdt5iu65fit46kv	3.14868628487951	1.78661589713999
did:plc:l2hewilojgxo6is7gy3csuyi	3.52980133392075	1.82685206023237
did:plc:l2iuovoopy5irrlfhavpeevv	4.224700402738	1.16946268076583
did:plc:l2lqnlxka6jchhsxlumah4g3	3.15032794401174	1.3961080719941
did:plc:l2w544pt2zjg7piqqnjh64hb	3.68285357843713	1.94831700796679
did:plc:l35pvajgwmf764yoqqwrjrqc	3.6718739364214	1.84600014484301
did:plc:l3cx7vrjlltzxkx5ser3hhyp	3.46200294911267	1.49404153473676
did:plc:l3nlytdepes7ka5ivywhwfr2	2.9316649168462	1.56050400207599
did:plc:l3olkwmtanw4zsm2ik2euvt2	3.20279450616564	1.69438501178844
did:plc:l3vu6qb6l5ryi2yensefn7zc	3.65356767583249	1.38611728385334
did:plc:l3yhx6qwws76arojkfsem763	2.74181697794875	1.74410109547538
did:plc:l42gvpgcjuckuwprg3sniq6h	4.42351510621394	1.21370973131742
did:plc:l4bvyiofd3234fnbbiu5xl3r	4.10415882313633	1.64656238699196
did:plc:l4c2zeutjpu5k6kmyvub6bax	3.20985437875584	1.12967984407167
did:plc:l4hmjkcukmgiwggs7ofpaskh	3.12544971444051	1.81015782417625
did:plc:l4nt44qnipxr3c75b2lvfbpt	4.51511849231304	1.28454223838049
did:plc:l4ob2ajlipxxtfhpxl6od4ma	3.68982777425937	1.19334669125398
did:plc:l4p4aeq76knlzwatc7tetfdm	3.94374391140172	1.62079022044417
did:plc:l4pzggyghjti6r5ub6glhjjd	3.08299021481137	1.07096632952877
did:plc:l4r3uzfvcr5y2g7tviyvxyzm	4.32418411186098	1.42334016962228
did:plc:l4woljooiwedcgowo7u3fbdt	4.19817511708321	1.28511192576673
did:plc:l52arhty6k4a32t72tgnatwy	3.37171274042913	2.1171402602866
did:plc:l572yjiwa53carsbusnqnwg3	3.8410763540297	1.34845021607141
did:plc:l5cqpfcvxvaouy7qj4xamf7v	3.4856633065184	2.00345051706331
did:plc:l5ctctq3hcxw5cjd7lvrleh6	3.28968079485226	1.58734371707232
did:plc:l5kihpf5ow3yiwerg7ornele	5.21569215256336	1.25370469184742
did:plc:l5ozs3y2z4acsasrck6dfzve	3.99179901106199	1.3168419780385
did:plc:l5sffskuhx3ozwurfyinm6yf	3.11072810988942	1.29130172115507
did:plc:l5xg2pa4gkwkexex52zdsghm	3.924189863865	1.67905581458843
did:plc:l5zk4uwk2breuuk3sbu2nkkc	2.54477357631276	1.23077239114414
did:plc:l5zqjiq5sjb3krphqqkemlz3	2.99684538705155	1.81967084480293
did:plc:l6prb7q4e2cxtk3u3jvjiel2	4.76045994969071	1.35930694726883
did:plc:l6qgf22x37zffjh5itxz5yhm	3.27565265646073	1.77942449952009
did:plc:l6tkn5g26rjuotikbaqhxp6g	5.78215241820526	0.975813696290817
did:plc:l6uj2opfahnbw5dc6jqw75ay	4.59170073203431	1.23312657235876
did:plc:l75kkyge75s3ay2kvilbmx62	1.06086185380259	0.678135962473739
did:plc:l7ewuyt4np7foarc2se22m5z	4.26728029231454	1.06220983974969
did:plc:l7olr5sfyryyfojahjttu3dx	3.95415562390105	1.58809445530383
did:plc:l7rvlmmtssy2rk6g7rwegvxm	3.55823237526786	1.72799175340553
did:plc:l7uqszmsz2grk24niqqeqz3f	3.40302708788497	1.39988339811544
did:plc:l7usd4e37he6blmm4e7hpkdi	3.63127486300402	1.45661606926869
did:plc:l7wljxsbeb6bji7vjyutd7kv	4.16214365807685	1.46805609924697
did:plc:l7yinyvoai7uj2mhwgmfusa7	3.30603728101842	1.68135446513422
did:plc:la76lrku2qtbr7idlwitfrke	4.69274553382284	1.33014404074206
did:plc:lagv4m76lradxthey2ipchrn	3.5893913792974	1.32555228847509
did:plc:laidwvcilvubzgnfatytq7yz	4.31160406707267	1.14167503127919
did:plc:laopercux2suixfr72a3zk7k	3.5457082728006	1.42605850852898
did:plc:laoswptkhralprdacw6ueyxv	4.29254439988726	1.5532234869851
did:plc:lar24kl47nd4phuatz3ksrmn	4.36281969207678	1.40032825742331
did:plc:lb22ijkjmyt6qpf7w26fzeoe	2.81447168406003	1.45469313435485
did:plc:lb4b34pvyv3ya2djde2bylrm	4.18924323914463	1.40484175989928
did:plc:lb4pfhrxqwyzzhgeruzclbct	5.10449728329267	0.781349838704605
did:plc:lbbhmmcupcfim43fsxnli3o6	3.70594888949129	1.53392300162467
did:plc:lbeac6l3q2fcho6ponhy27rc	3.87711425126187	1.49305398716045
did:plc:lbhncgiccp5xv73ccrx6dt3s	4.86312196558873	0.983312636103205
did:plc:lbiwfpxtyiza7d4s35krlw2p	3.89158169028112	1.66222175027456
did:plc:lbjper3jc2cab6gpoxjfamgw	3.04633021095559	1.59687464247157
did:plc:lbrjyeuo4fgxoil7fk6ss6cv	4.09980853062492	1.35984986594717
did:plc:lbvpbv2a7ukn5ht2nu3s2k5x	4.36389121807872	1.31310857834234
did:plc:lbxk5qbox2cuuuchcvywv55k	3.60247893293332	1.53838742294065
did:plc:lbxtf4zoiwjnapvaqgotxe57	4.19645139531625	1.55097394593805
did:plc:lbzcaqj42io3txypa6fpfqej	3.81090241199137	1.3352862011304
did:plc:lcijbdbe6klbnfder3gdywkd	3.28685733604047	1.64627534048373
did:plc:lckl2rgvdx3jnzmknzfmf332	3.57745756890579	2.022583552464
did:plc:lcn6aqzgiz2yu4zsop6zmzkq	3.69085246883749	1.46097101713326
did:plc:lcncqfurjsbrqsygbpzxnigl	3.50761523172817	1.60790870998313
did:plc:lcsbufooincfg7jwb2ygnpcq	4.05395114827217	1.34129549147483
did:plc:lcsnusoxbpd77efkntpwrgjk	3.91771414511963	1.67764583335128
did:plc:lculpiatbtcq6ws3nukiavec	3.61797064821464	1.69379162665357
did:plc:lczxpzzpvwc2d6ye5phokxhc	3.43122453751133	1.53510991596677
did:plc:ld42cmljqdcmotiiinphpduc	3.27038280821395	1.38390284824472
did:plc:ld7ggsgvzswcshtqdj3ctyr6	3.03452357587445	1.7429815389036
did:plc:ld7nwhmntz4tzi6hnqjj6aun	4.91951904402762	1.36689397723552
did:plc:ldax2rngkrr5kii5b4r5wec3	3.11837168906888	1.5959473459134
did:plc:ldfidijxzpeo6atwawvn7f4w	6.03650578834714	1.03377923185804
did:plc:ldhzfflb3sigx2ttb2guoqx6	3.61423462516872	1.74763675729747
did:plc:ldlqtmswabh2bfjzium4en7v	4.26226147668672	1.30816405947204
did:plc:ldlxpsjuwrcbqdnxdpo4qz4r	3.67198794822043	1.44740237620458
did:plc:ldnobl4c2ya2ujt2bycr64ak	3.55999988583841	1.45131845362078
did:plc:ldovhnzy4yaizgizyb7euyf4	3.47165562764322	1.63094653144689
did:plc:ldoxfd37pmtx5lzin7soqui5	3.50377018304772	1.58299576292945
did:plc:ldqwbxq2ucvrd3ztwyqirjfo	6.50904565293959	1.44741373915869
did:plc:ldx2ue3psrmbm3cnvsmu5vnl	3.13001330277227	1.66811641282068
did:plc:ldxhfcjahv6xyycmk4anmcqa	3.80968559530362	1.41913312652698
did:plc:le6ec4e7dkdr773bqe7iql3g	3.20574702299578	1.63002494376925
did:plc:leannpb7tak3mx5bgqipitrr	3.76016119266175	1.7067367168879
did:plc:lefydsplrtck3stjvsceoowb	4.06888782865352	1.36984376966976
did:plc:lemszm7nqkxqeytmssr5dx2k	3.14014295607778	1.54963514181505
did:plc:lexmq572vaeeodtdop7amd65	4.10453325126553	1.69003740253579
did:plc:lexnsxkrv3b5jnghxel2gijt	3.74407349611356	1.5970932276135
did:plc:lez554jko6gugbizpma5jedj	3.20996396073222	2.04308653741784
did:plc:lf4yrek4a4ycp6t63ygfwg4k	3.46077308938896	1.81076474883255
did:plc:lf6f2hnjmm32jpfczt5fkcvr	4.62037285666906	1.21919991780966
did:plc:lf6t5zhz2r46fdd7ocbctbxs	2.80479355780172	1.84325181693827
did:plc:lfbpgjkav6xawmpmhucvl62z	4.51341673861156	1.26257102161975
did:plc:lfbze4zcpmvfpaucnbsufoen	3.2401904473109	1.61812476505662
did:plc:lfeeuwtcwxdfvdxl6jdx5itm	5.950758195404	1.14256274439741
did:plc:lfeig2jqczqe3mb4aqkmn2m5	5.53447480604958	0.336227571182767
did:plc:lfgqfvxubykgbo4s6xvl6n72	3.5849068877091	1.29113615704739
did:plc:lfhs5cdqcla3o2gnhbnsebjm	3.17753367681093	2.03970002871671
did:plc:lfixhcvypi5gk27ozluckbw6	4.91424916244662	1.08869094728346
did:plc:lfqi35e5vowzyyfearggka6c	2.9003430314264	1.34187097285959
did:plc:lfw7jq237j2znfnumtbhyfko	4.73953212253521	1.24300270132768
did:plc:lfxzozvwpdb5jz3jtgavpela	5.35935723189166	0.87648821913631
did:plc:lg3ub7yr55huflqcj7xl2q4c	3.60510022969615	1.72724922745591
did:plc:lg7nd5dntumqa6xwhcpynkax	5.99933565608742	0.863004849466329
did:plc:lghqg6ftzrs6frrq7tqc3dfi	3.09753411247325	1.23850581942356
did:plc:lgknkhn45urciul65lglhl3v	3.50641612189147	1.65630156688468
did:plc:lgmfg3uvicfeuq56ohxqvfal	2.75224964656355	1.54592854542897
did:plc:lgrinc33s7btb5ffnfs55hdi	3.77148711797577	1.38205993775263
did:plc:lgsptfrqq5w6hkd2mne7lhux	4.07162125131372	1.67715324889926
did:plc:lhboto4dlm6zs7pn527f4hnb	5.75690818250377	0.703830239811307
did:plc:lheei576bgmhralrbqg3qzcb	3.48205663031624	2.21200632933393
did:plc:lhkw3ehmhrqbzs4lnxeoq6ut	3.51965330394327	0.88002577584745
did:plc:lhlsxgfnf42mhvvbbee7pzye	2.82040158719364	1.85126018837518
did:plc:li2mfljdt3p4sft5wbc5ef2m	3.35545786886369	1.62845998284935
did:plc:li46yamsyni4tqdacf2sneiu	2.77629883920515	1.80320343428594
did:plc:li4xnb3tzc3evgls7ofuoso7	3.34039074533755	1.29901094541317
did:plc:lib2lkidlsxloiitv2mko77n	3.18641826590475	1.42769444837153
did:plc:licdc5mbpwee65wdv6vt64ze	3.65121073223991	1.4358410035613
did:plc:liho7s72hvvpafipgxgz5bv7	3.34838792809042	1.40238456711634
did:plc:liqa5jzb42hdrksxdo36qitn	0.969704406369669	0.509243059830861
did:plc:litomi7andrlmmbe56usybsi	3.68081829523452	1.35257202281534
did:plc:liumuc7k2rbhh7un44mbzs56	3.84455891470532	1.38078209577626
did:plc:liv22fdvhsrq2t7gxye4dfj5	3.98897340996487	1.56404601456222
did:plc:livbuouli2pinmy322h265n6	3.3147870369801	1.81544973488752
did:plc:lizovblx55m6geov65c3fbkl	3.14279971222443	1.56007725701393
did:plc:lj5gmwwke5ifxibdvl4cdshx	4.1893747352532	1.53182552396043
did:plc:lj5u7r3g5zzfuremm57mnq4u	3.02171974451333	1.94263303493176
did:plc:lje2xfqr4trsb3pdphuenbty	3.79926958784772	1.31713947809543
did:plc:ljght4cjqxoeqtsybaamfiri	4.28251434620184	1.07964203356328
did:plc:ljjuqjgrhufkgx6o2q27f4je	3.09423928330399	1.99083393358603
did:plc:ljpben527ucs2com44w67dxi	3.78496692165975	1.48070552965958
did:plc:ljqpb5mipgyjmveklciuaqtp	3.36960294415061	1.50003094871295
did:plc:ljrhwdtyaqm2ivocnsl4f2ut	3.23000608394085	1.13841077882257
did:plc:ljt44jipiamukt3bxruc34i3	4.75070622086644	1.12258597497235
did:plc:ljzlf4ykxkxq4gub4mpzgr35	3.09945813593065	1.4390260201723
did:plc:lk7fgn7wtwabb2anios3olsn	4.30266305700849	0.987701473432859
did:plc:lk7jrxp66rsjuaxssxddjejq	3.88576703297443	1.675922744962
did:plc:lkerlp73mkpsslfl7t2d7pst	3.93081191118096	1.37753241791486
did:plc:lkmm2r7zciuu4n25mccrhb26	3.44415166740569	0.657722887910119
did:plc:lkvgsdtbc6mh2qd5u7naxtva	3.60602865825071	1.46184884659311
did:plc:lkxyyys2coum4ijifxkgcvjk	3.67946337437868	1.60236492212587
did:plc:ll4mya627qtumqk37zyihzdx	3.88031352912335	1.39558415803198
did:plc:ll7n6v2ttorb6qjhn3hxfv54	3.27160396653266	1.63624383902325
did:plc:llamc5lk6j2hysznvh5yj32j	5.84070073434257	0.972240324958649
did:plc:llgfbjvsqkaicezsf7mzjxr3	3.34676729984099	2.00648239006498
did:plc:llnve3lrcbdn2ed2g3fblzd4	3.23569112401968	1.09128535344013
did:plc:llovurwzxkaags3vkhxqv64k	3.28834443097075	1.27726395650388
did:plc:llzid7fhycxcpktndjnsemc7	2.60272964350493	1.64781085669287
did:plc:lm2uhaoqoe6yo76oeihndfyi	2.96658441085795	0.582277836023032
did:plc:lm726pk6xc4qhze7mvatdtvh	2.80629508049304	1.80951676565894
did:plc:lmaaeni7u4pqkmilsv3uuiz6	4.12910844807065	1.15714424498754
did:plc:lmilq4fzo5winltruxovowau	4.01055911752622	1.56608748181329
did:plc:lmndrquzjoynsxgz7rcn5unj	3.26745836294263	1.74762598168114
did:plc:lmphhcrfjlfqiqwoar7x7voh	3.37442352412867	1.65276171934148
did:plc:lmqsmmneyh34wlbxcz5m24ir	3.88991763513133	1.76868180699148
did:plc:lmtunila6n4hwfvsdnjm253e	3.89652469202047	1.4897619089468
did:plc:lmu5aeh54morodwlv22jvqqi	4.0466562771846	1.92767236476659
did:plc:lmwg4xfefh6o2grloer4uoxx	3.80787387998909	1.60133091691462
did:plc:ln736xszbtqg4cjeyani5rgp	4.03047452848453	1.39154241691669
did:plc:lnacsewjhbuh36r2abghylli	2.76302350520265	1.53097715688115
did:plc:lnjug7qcvb3hxttk4sf23ydj	4.55246075708275	1.10192299985298
did:plc:lnom7f42v6o6gmficpbutn6d	3.82377869544355	1.4420809341308
did:plc:lnwsfuehvyajp2wonbustgmp	3.24534322505711	1.44467072296279
did:plc:loavwsq5ou5x3fo2q32idltf	5.60466272648738	1.07254647759423
did:plc:lose43zrpv7vwugtfa4ni6a5	3.93410986780363	1.58439962771387
did:plc:lou2zwp4wxd5v7vk25exjzbh	2.99273539259435	1.2985679451315
did:plc:lp5md27hgmqugb6ylszhnpsq	3.89020764068675	1.48154073622392
did:plc:lp7wd2mjnvspqzxope3llkup	3.48140326081967	1.3930738981328
did:plc:lpbmwjbvhggfwiwj3dogfdog	3.18663222631243	1.77785860575612
did:plc:lpbw5f4p2q4mdl6mmty3oeel	3.19899650461314	1.71733834535884
did:plc:lpeuevi4mawxzooufvvtu3at	3.47422974177715	1.58048217785718
did:plc:lpmitxz56epaxqk53vgwvhjy	3.47387147300566	1.5110009340613
did:plc:lprzuzpd3r5cafgw6npduloh	3.64423388237044	1.23544997258272
did:plc:lpslvqgcnv6jmuzzqu6ov7hc	3.3323838810927	1.51409622109748
did:plc:lpvlk54mjizj2crd5use6ndn	2.96649569334893	1.73447628268031
did:plc:lpydcs5gvycgrvrounchqmo4	3.6151847900934	1.72874463281268
did:plc:lpylq6ybpcgfki2auj4nrl2r	3.21796314077516	1.76386171244741
did:plc:lpzv22cmfiex6wvrlwiz4wmt	5.25232253339473	1.35522869995068
did:plc:lq2acfxng4zbrolehyuqsti4	3.87171612183956	1.19169569570765
did:plc:lq2xgs4wvimfkj2vrlqxae4t	4.48995685828901	1.55221776691289
did:plc:lq3x2gfhxrer3pfqmtvqna43	4.23447038597131	1.21170007980252
did:plc:lq4ztf2cph2g3ft4oj7zsrco	4.65028661046164	1.63941744682181
did:plc:lqeo7nsu3mrhjxh2tt2y4ql6	3.71224679603653	1.0707089038
did:plc:lqhkjtbmbdexx3qmviyi4wmb	4.9095272336619	1.23926801229635
did:plc:lqphfzlcxia6y4a4ii2oawfr	3.42809337430208	1.20720860018232
did:plc:lquzqei7ukvlu7w7ohjkhofy	3.46338624560556	1.25399146217837
did:plc:lqvdhwh3wwjvwa254mc7tmes	3.29032408767583	1.93799824155846
did:plc:lr364txc7acfqkkbcublz275	3.43708314061335	1.93854578122158
did:plc:lr44xm43kv6xk5pci2k2ccol	4.24641302683256	1.71511862188159
did:plc:lrelx6xmyjh23qwen4fgz345	3.24115272495454	1.38596847819734
did:plc:lreybrkzswvlrwefcoowjryc	3.68630906970563	1.81606518760346
did:plc:lrg35wkgzeam2dhuzfkok2g5	6.86972184119848	1.09568921502329
did:plc:lrkizy5nh5ylnlob753ab7t5	1.00460206855188	0.533325126372999
did:plc:lrmbp5zsp6pbv6psqwcpvgrj	3.78624552187031	1.43381363889624
did:plc:lrxydmydj43mxswofylvgx7s	3.5144418229954	0.271256346080642
did:plc:lsexnshcsoklatutgzmnaclb	1.06841806711319	0.384551882163838
did:plc:lsfvib6v3feeogdlsosswxzw	4.06920227103134	1.33204104050957
did:plc:lsgok3gh6acvfn7idlogj5y5	3.25947269674836	1.32382487606684
did:plc:lsjnivbln34bo35tmm4gqfh3	3.01548829165884	1.43362790241138
did:plc:lsoxsmly4dwfuceh275dh4q5	3.07570505998461	1.39287397923139
did:plc:lsrsxaereisnquywmgbw3v7h	5.93055505011525	0.91898780839029
did:plc:lsyjilhry2gctc4xbfwimz5w	3.37847575371808	1.45523513381314
did:plc:lszjzeoud6x7yyfwq6qdhs7l	3.74101553062215	1.8521905271551
did:plc:lt6jpdc37s643kuln4b5kexo	4.16671930967992	1.42393817165531
did:plc:lterwdrynfno7zye6kbmz3o2	3.82376918990047	1.17233660469407
did:plc:ltfoop5uouxyrmad5zzjgrbc	4.24103714054917	1.58737428305862
did:plc:ltjxyxakn4tuypnwplhvsyqm	3.69754934090425	1.10111771108953
did:plc:ltltywjupcdvllnnv4vvavhh	2.97322470172588	1.86606317806944
did:plc:ltmugmgngwwq5rrznljrb5a5	3.29463893149686	1.68527525028575
did:plc:ltozyowi3y4pemjx7f6idsy2	3.84798071285321	1.2599369609359
did:plc:ltp4pqbr675llxssl545zvqk	3.42646093521573	1.76631010538617
did:plc:ltqsdiu55rvd4jtawln7e7rr	6.15222574212205	0.522563810670634
did:plc:ltu23krc4wkpxopyg2utsxdz	2.86738876158306	1.43049120058466
did:plc:ltyalrqizv2p6jnp6asvctjn	3.25766944922582	1.72020868619875
did:plc:lu2ggqr36z242wlxxabo64qv	3.106055884914	1.59891187337361
did:plc:lu6dmmqjxnpzbf6oldvzijjf	3.52684983492736	1.66067131670906
did:plc:lubg4r7cxhhp45azbssjeqiz	3.50788779853021	1.21887059378016
did:plc:lubgt3dtqfmdkrjeycc43rqr	5.5292009679241	1.3264767476285
did:plc:lugknnzi4zs25yjmufi3ssdi	3.60363964565769	1.15820420641485
did:plc:luinnchjamjamvm7e3pvjsiu	3.42279411291815	1.43891165466928
did:plc:lulldexqtmgbzut64jck7yzr	3.80347860615956	1.49834404745528
did:plc:luqcrg5t4tyyqgfaqc35zr5n	3.61544276373294	1.28210496274709
did:plc:luqiyi4p4v76x4ndnz7ornqd	3.71491037053578	1.54163256373969
did:plc:lusmq5wnkzl5uemzlqjvjcf7	3.67595096537038	1.53244400842346
did:plc:luttodnei3s6h22yczn3jqfa	3.09078077235483	1.8223684117455
did:plc:luwng7mmunfebpaugzydv3iz	3.706005655325	1.56748892298238
did:plc:luxijwppx2zmnw5n5p34y4bn	3.49745554028919	1.40960627919536
did:plc:luy2cl2jijzvh2iyzqu5eppr	5.70452347454344	1.06141150911095
did:plc:luywbufrvchz74stvgnwkcts	3.45539555174287	1.96316568708078
did:plc:luzsuujhrta3xlzcxdst5z6m	3.37415208042416	1.72537738534563
did:plc:lv3vxvprcw2a2ilvrgbq77t7	3.74145621520449	1.31833138974721
did:plc:lvdwjotpnwjaokfou7dsp43s	3.27877969412721	1.68045640505057
did:plc:lvgkshfhqpi6jgqaixplt2dr	4.12335848836509	0.900486102215157
did:plc:lvkc5iqzazz5exbqz3abges2	3.47766616801207	1.51849106107797
did:plc:lvndftzsde72dt6gkxocwvpe	3.34686433593957	2.04793559602009
did:plc:lvqji3ifjnupf67uyuazlbup	3.34696203260277	1.5284220152287
did:plc:lw2exksd7bcn6uvxdgw4lkib	7.10332336336461	2.23646414703436
did:plc:lw5pivhf5j5pohr3wdyzbug2	3.40889011366219	1.89902534329042
did:plc:lwdftj5iylyudz7qlagztazk	3.96213424895361	1.21683886477833
did:plc:lwlh4zvgzb5xd53h6nsr7flo	4.43874112328009	1.51909640396418
did:plc:lwllmbflg5ned5z4qaynx7cn	3.81623246886683	1.45477742628428
did:plc:lwlnxdcgmtouxpyysddvhdc4	2.78090290163704	1.79197401178
did:plc:lwlxrlz2zm6uasi4wiazhsa7	3.63579263789261	1.55680748351535
did:plc:lwprk2wn6vcs5kkqhaa3fqis	3.72230423471522	1.44995971519547
did:plc:lwyz3llnax6d4d37czl7ykgo	3.09445350526565	1.7999857665337
did:plc:lxeacoatjvrqb22maut5zxai	4.1539172417622	1.35437388105544
did:plc:lxv76lgjgwg4vz5q6tbeexjn	4.43047397421799	1.19522768037811
did:plc:lxwglxuqcgsxk2iqwlfqq47h	3.66189842690098	1.62046882468242
did:plc:lybaceqxrbh65vvullx73ssf	5.6012559291057	0.586403536778829
did:plc:lyc3v5uq27e5j35j3qgnd4se	3.38686555266547	1.95295798671944
did:plc:lye5qijofxfx4qret2qdwbaf	3.29131488916069	1.85370113629284
did:plc:lygh5cnambac2dljuh6o6m2i	3.63799154159282	1.47251738170844
did:plc:lyir5vscgcp2omqw4sssazlm	2.73319401327328	1.51245463205102
did:plc:lym4tt3nnziotvf4webvbecd	4.32734217357382	1.34124539488495
did:plc:lznnwe3ykbne2wyzcuz7adf5	4.58229795711671	1.42046680672098
did:plc:lzonarca4qqo26pto22q6oej	3.38493263031938	1.59138538947833
did:plc:lzrie73fhzslgl2fuz5fludl	2.89836374366276	1.44782304729173
did:plc:lzuc52rhovngegqh7wu37yf4	4.1295705693941	1.51375706382689
did:plc:lzumoxzkdpyodoxkcso4xazq	4.96994226482916	1.25105806249314
did:plc:lzuzlbmudkwy6yeirzcfuurb	3.31019072611056	1.94805730846955
did:plc:m2chsrlbucja5iaauzempzxu	4.77390360700536	1.14905186914414
did:plc:m2elwo54rcgiqsg2c3jvp5ax	4.40255995646379	1.60524597528083
did:plc:m2ocwpoeojelw7jgiiqvxfh5	3.52199361201687	1.37064434341931
did:plc:m2okhxiuk4ajvh4etoeenrm4	3.13103316691648	1.89766508989805
did:plc:m2wczxyjub5lfgua5braojwp	3.80941848697044	1.3953169101772
did:plc:m2zs7uw6724vywvssjfvjxfj	3.71568664721569	1.79377279087945
did:plc:m32rfiuvm5vj2tp6kcajzwh2	3.18380404407638	1.5885976723048
did:plc:m3355kzwddctywi2hhd4kcho	3.21757088309335	1.56825591968922
did:plc:m3bhweijfhcyxvof2rutmkfu	4.04106676856193	1.34345516200332
did:plc:m3ensduzp5ovuktiqpofam3h	3.19541398434	1.48523831715887
did:plc:m3ft66eklnmrgyse7kxowxfw	3.90013140438387	1.25700097516596
did:plc:m3m4ng7ien37id7u2q24r756	3.51864570576599	1.52149758289126
did:plc:m3n65rb7touh4fem2kak3dgh	3.84401847041705	1.53671537628311
did:plc:m3o7qnlpyzagrqc4o3tbffyk	3.25859786741759	1.67075505118436
did:plc:m3uzuuzqpeo7wwsi4rf3dgon	4.53410515589505	1.16340176544707
did:plc:m3yyihvwqyorh7eri7amknql	3.80381732587264	1.41925190645595
did:plc:m43l4ymi3ck3vqanaarp75d6	3.08915295389766	1.40942983423198
did:plc:m4pjczscl2ou4pvzng73mycv	3.68272262722276	1.72699382679924
did:plc:m4tiawbimsmbdd32g2tm5uko	3.00053369147158	1.87348891354221
did:plc:m4zh6774bvrb6guy7jjf27jn	2.86746299909411	1.81281040950073
did:plc:m56lcdopcajjm4icv3ufsamt	2.81762134181153	1.8293318614376
did:plc:m5dfbxujipcuiintjbc3m5cm	3.41592553220736	1.18013375792021
did:plc:m5dr4lbfkpczphcd7obhoox7	3.40533403673388	1.62611858810577
did:plc:m5rejaxdeifaglqpd5zjvewk	4.10094180771149	1.28760979135167
did:plc:m5ttl2pw4pbgbi3znn6so3zm	4.91995683948504	1.63229783807213
did:plc:m5xz6g7eqz5al6lgxa3pxk7k	3.80188935527957	1.70334820520499
did:plc:m62mqho3ki3amt2dhyiyklop	2.63934736109211	1.59683975526984
did:plc:m65fpmc52yzr74b6e432vheb	4.10397247883061	1.71346383456433
did:plc:m67trnsqnf7iurj3gb6ilura	4.48553665281733	1.59144111375331
did:plc:m6cibzb622qyt5tl5xejaqu6	3.07778303372695	1.32996992901928
did:plc:m6cnlkxy3sv5ez6pljrv2ung	3.32841893410855	1.55518694960072
did:plc:m6dyo3q46re2bizqnohs76vi	4.961327720508	1.26615127707045
did:plc:m6heza4qzsj6re7m3vg4pai7	4.17362548162524	1.1714477165178
did:plc:m6nkus2a4vmk5u2zeg3xvkbn	3.62886651477642	1.39723928841519
did:plc:m6tc47ucr7pwsrklynfzzldb	3.20252735081263	1.1583834740166
did:plc:m7ggvdfmmmfwfvjkx3cb4es4	3.35081345067036	1.4993612918155
did:plc:m7hqlg52lc3btcdn57br56km	3.14950758998164	1.77794722938553
did:plc:m7k6igzwugr32vo26bralhg4	4.35586448514854	1.27484326903295
did:plc:m7oa6oudi5gw7gthner2xsoj	3.66746949583938	1.19821400489997
did:plc:m7pgdpsykh7huqufopi47etb	3.73397346085893	1.44569682700254
did:plc:m7rpuffywss3ln3fg5gi5f75	5.94240883454471	0.720244820363855
did:plc:m7s5qhufuoqr7rplmhr2tazq	5.47434340245058	1.45104168361116
did:plc:m7sqx7wfzi7pmmpk5o67iwqj	3.5841702002346	1.03486778093764
did:plc:m7t5h5uypyblf6ojplp5sqdu	4.07627593274516	1.29389745879985
did:plc:m7to7b3o5s7aa7bqmygqcn3z	4.24867770525469	1.46870601001022
did:plc:m7vhz3yfkuqu2mgu257s56di	2.61372314814532	1.67210009282021
did:plc:m7yeiwawed6zun2aggvucbe5	3.04074700275464	1.27199582115982
did:plc:ma7zzdzakashz6mszkzfjlts	3.22432006728194	1.50988117421349
did:plc:mabenmudaq72xzvc443f5ein	4.10137237019138	1.79051089282534
did:plc:mac3rmjsrkbx4bf4xhx52ubv	3.7120803551875	1.55712070732972
did:plc:mafa3ywlabfowi73xslm7qer	4.32306952109355	1.45776386609824
did:plc:mafsutp3kf7mfmn4rlbkqnr6	3.36822475070812	1.34405261921924
did:plc:majjzpbpwmh4vql2o22ws3ku	5.10609336889395	1.01862127696666
did:plc:mamp264nbahfjnz4bbzf3g27	3.20302709018961	1.66855953120914
did:plc:mao4rzlqa6avimqd7eq2omhz	4.2446144815061	1.06640333019451
did:plc:maq4tsrblxsr33cuzm4ge2b6	3.05351148774804	1.80378016804742
did:plc:marvyo7j7yttd7rzgazy3d3m	3.66580985758511	1.40225554945122
did:plc:mazpd3rvydpv36tkrriez3sy	4.84829197850138	1.17887104406886
did:plc:mb2dkg6mcz35f2kildgd5ytb	5.1497126697691	1.64133140379093
did:plc:mbbs3hevwu2cvbyrredjlj44	3.21762818661367	1.66062864995109
did:plc:mbcp3y2johkw7ecdq7wli7rv	3.80031773570711	1.49719745484937
did:plc:mbizgpf3xhslzwwjodixrbdg	3.1091838014704	1.58489508134142
did:plc:mbjcsuarqwrfzvjv2lpjwas7	5.22740966417062	1.19341650267868
did:plc:mbmolmbnmo52r4ferl7jtga7	3.70912922973621	0.848744217970029
did:plc:mcaaddwv6lkirg7nvmdqtk6x	5.39858343995624	0.96758549180747
did:plc:mcavslkm5ono5hnvlxxzj5vj	5.72288615829471	0.890670812359693
did:plc:mcd54rxboh4e5532o6k7aacz	4.37191050449794	1.50201085455724
did:plc:mcgn4c4xlqf75ieflqjxjg24	3.73907427721734	1.91423437170287
did:plc:mchrltkrhuzpxleiwpmmvpar	4.06335238912117	1.5313970933901
did:plc:mcji767zv32h4cbwf2ybtbyw	6.06094673564232	1.09719130259691
did:plc:mcl3cpy774kokd75a2dqgzae	3.74980743742631	1.57550447865628
did:plc:mcmufa7tqqm35nntucpbomsk	4.17803303230374	1.46275957261568
did:plc:mcp4prkut4dqy53kbuktq7rp	3.65646929101895	1.59322749926764
did:plc:mcxxtg6miifi3ythrfsawxsf	4.18456044323587	1.54230468335137
did:plc:mcyi3b73oo6prsbvuj4xiru3	4.68273876838932	1.33348420931644
did:plc:mczg3ln2z4ip5ybzpopdm3ly	4.25323665494004	1.72870310543445
did:plc:md7jrpco7pppyjaxp6u77dvk	3.46227753162028	1.88051958921841
did:plc:mdh6f4im35746xr6fqmdo7f4	3.08106859334914	1.21676879793413
did:plc:mditw3j5f6kmv6i2i7pyuxf2	4.19406241110259	1.08714374029986
did:plc:mdkm2rpdbh423evzzxklzjtn	5.04082836111433	1.78091378958422
did:plc:mdlezjr4m65lj7d4umgktwiu	3.8037967568829	1.32393983669588
did:plc:mdusqpnnkewzxuigsm76qnyl	3.02010483883487	1.35146127781019
did:plc:me7v2xpac7uub6rf7oebbwnw	3.75562093083352	1.61019796749337
did:plc:mecymwaiv3sgm3x5gvhdksmp	3.90187217850469	1.26286885437851
did:plc:meeub7ia7nfvon4tv6njshrk	5.18927375782874	1.02037737728351
did:plc:meiz3kma33nrwe6bliagav37	2.75182623536397	0.663896152254024
did:plc:metdweq6julniscjdbsllrc7	3.47615554716674	1.32486373759371
did:plc:metigda3u7xmsepufvcjsw2i	3.140411926222	1.76612003465462
did:plc:meus37p3vjv32rcxgniylxle	3.11244913873511	1.36596793887153
did:plc:mewjvtcv4jx3ogf4qxjy6w5s	3.19926802197073	1.47733720886896
did:plc:mezfgvcoxfm4u4oxw2amrwpm	3.1371695342492	1.46213346764842
did:plc:mf2g7frado7deygrx3x247py	3.50547241257715	1.5343259075747
did:plc:mf4iwg5u5x6kr5cmwhe4b4wn	3.28834150664521	1.29455298845762
did:plc:mf6ibufjrapxfw6ngf5w3fo3	4.88190342449455	0.904131745210648
did:plc:mfa5aheyhgff2kw2op5z735f	3.65212005879313	1.4720548551427
did:plc:mfddv5znty6eojralkhk234j	2.87368292587124	1.88328397521151
did:plc:mffkjy554x3x4ui7amayr4i2	5.1080768067717	0.767561170593743
did:plc:mfifngeea5xnxzrqdjedniha	3.3094788619227	1.26552966551586
did:plc:mfnnp4ijj7tzmcv7vojqol7b	4.68563540246644	1.41709740277127
did:plc:mfqt4ha2ev4hz6aabewvaope	3.02896337897861	1.32321170470594
did:plc:mfygaqxopvvfw3uiwinyvxki	4.79832602463818	1.47649620788769
did:plc:mg3g2ye6uk7ut2ptkto2xnxz	3.41627839942523	1.23652151337891
did:plc:mg3tglgqj6zu2e32rjcojcxj	3.78505151307531	1.60386732305125
did:plc:mg3tju4xztgxr7gzuvqrinkf	2.90312496091965	1.26727745777148
did:plc:mg4pvv3xwuiuqsco52mmnxrz	5.08916257429205	1.38664462828285
did:plc:mga7joc2y7pmgamxobt3mllx	5.76236066286571	1.16321163897813
did:plc:mgc7jz7ejvzocj627ncvbsmu	4.27038773118101	1.37539271151098
did:plc:mghtonc2tlcaknvfmwh4q7ux	4.6460087283048	1.58771091875587
did:plc:mgkitjepwz6qj7n5n6nic6w4	4.53716223280861	1.41774581006331
did:plc:mgntc646ozecpohtl75iu62j	2.76926129659411	1.41002763377993
did:plc:mgqnf7e6z22fi2v2nkhuf5vh	3.23410737162554	1.55451631201511
did:plc:mgrh57qap54kar5y543a3e6o	3.35538350410493	1.42152644888779
did:plc:mhgoic6i53ued6aybimfjpwq	2.97777746541083	1.68069951462459
did:plc:mhgxrzps6hsiudju24d5usmx	4.44964022184257	1.49188307861246
did:plc:mhjh67uynueomc7aexf2e3vg	3.52788992229645	1.45931153831613
did:plc:mhks2urc7qrew4dakrc47lcj	4.30135434832754	1.22281613231723
did:plc:mhm243jzixigfjc22qz4dogj	4.15926571237808	0.823673744013797
did:plc:mhp2qst65t7hatc77q4hn3xs	3.21143387255107	1.73074639991963
did:plc:mhsmzzu3wf32u7bzd44ayixu	4.03368506708177	1.20968351936678
did:plc:mhw7s3gxjdrmvfmcj5ahw3zx	3.92006274136323	1.36109374412134
did:plc:mhwiwphk7b2amiek4aocwajn	6.26983157585493	1.1646398246025
did:plc:mhwlhbgvd73lspklbaqjc57d	4.09090477798327	1.78855714450674
did:plc:mhxsy3r3yd7wt4tkylsvfo4x	3.44257132715738	1.64884163700576
did:plc:mi3rdwcoxrcuqte5qj2v5tee	3.35097007394989	1.93855807378814
did:plc:mi7kqggeesi2d6hmpouzjcn2	3.99863420521409	1.27823634340269
did:plc:mie7o4nx4xu4azonykvyzjmt	2.97746450142246	1.68720624118085
did:plc:mihig54imhdunlqhvrc7qxqi	3.99160282407114	1.35438992044869
did:plc:mioonwja7zrdsfsever3qkz6	3.75399995070108	1.14310430823875
did:plc:mix4tsknh5o5zoix32ue47pg	4.37722992689334	1.55447840365436
did:plc:miy7bje3eqmyyhtxmn7sefyv	3.0001382821668	1.71130556542687
did:plc:mj5566m3h4l3rr37czk2sawh	3.40988999005831	1.4458717232796
did:plc:mjcp2hb6fwokv5oeu657nuli	3.54544545998754	1.44877802458369
did:plc:mjjqmn3dltt7mmgrypey275u	3.72087203970014	1.00202047940356
did:plc:mjosvrgoqkwmy4qntgdga2aw	3.00237338945878	1.54979027631806
did:plc:mjr7b5rb7k7fvz6jwhnm5ar3	3.96173810141456	1.4851544413961
did:plc:mjrvihnk7t7cii7ogjbfyzps	3.46312541403926	1.94871592367375
did:plc:mjsvdgcz3wwvhhdvuf3uxlot	5.66721121473803	1.28588945430779
did:plc:mkbtmqst4wnn6luuwaozwhrn	3.71515245106527	1.1021572093892
did:plc:mkca2xsknfv3dexa6syag2x4	3.61539850095482	0.33571264167001
did:plc:mkgm2y2i3jzo2bfyesi35zmm	4.15670820782734	1.51885303801986
did:plc:mki4shkacf77iurqdb5uvxvi	5.82879075792035	0.625438908640614
did:plc:mkick743tqaqpytxed3lgfmu	3.78811159978983	1.28684893810698
did:plc:mkjpsmdejr2e34idn45yes5k	3.65654061330732	1.53456953684669
did:plc:mkktkd66vio3wlj2dtj4ojun	3.15152325064322	1.74736629483192
did:plc:mklvobtbyq3os2k6bo3rheya	4.1004454924727	1.52446208330032
did:plc:mkzpzdkohkcliyh6ugwc2gje	3.30611004080712	1.99462718424618
did:plc:ml3okud5pimuyab2nrqscf7f	3.22222827585061	1.84865355151423
did:plc:mlfmpgc65sydxlmrnnil5k3p	4.23892949431583	1.16002156773727
did:plc:mlfxg3t55ay3df5hxr77wkmu	3.83658858771682	1.59818341140597
did:plc:mlisdj67pcsmw7usoohzcw6n	3.51310174482837	1.29291574184481
did:plc:mllxgkd43v6cm7wk5u25ho4b	4.55093548062423	1.18827509718149
did:plc:mlqnckuwwwvdikbheqjkew6t	2.65908799419376	1.26302137978943
did:plc:mlsjm2fqsfonhy7plzlxhf3x	4.74623202347934	1.00222822832634
did:plc:mm2kkrqwvfooam7annaknchi	4.07377065978539	1.62067036195944
did:plc:mmghldfjsx3lrijjj6x7t7bb	4.10989396127101	1.17634725671714
did:plc:mmk2ipc25u2lfjfkumxy67az	4.64201920675613	1.36759704809184
did:plc:mmpk5t4chrncp4jmptin7neg	4.0842337240909	1.83200989696192
did:plc:mmtbhwlhbvtyjkqaw5iqd3iq	3.5350471920238	1.64382983087155
did:plc:mmtwpwf6uwacqxovayhwe7r4	3.78698285932783	1.45787025368137
did:plc:mmzzch32iddn3ankkp2xlhtr	3.37961911812653	1.37033801253538
did:plc:mn25lpdclxy4c6ghpnvke2lw	3.50658616059787	1.63968243195157
did:plc:mncad2ivbpz4xyfx6yoypzjz	3.44496622467493	1.28069557590777
did:plc:mnk7hdbp35gzqy4nhh5pjqkc	3.88592888436199	1.38598048522839
did:plc:mnstn354jvmw7lzowghd6ioc	3.40091967096339	2.06705405995813
did:plc:mnttybk6dmekgattg4liailf	3.23386898363131	2.06458725787747
did:plc:mnuo6cvhyllcelvwac26b246	3.92982360008209	1.99295613528018
did:plc:mnwilbamnglmlumuxoudkgoc	3.1234215979753	1.13144468108244
did:plc:mobkyqlay5zdzbxikcap3nre	3.71870985392034	1.14673834081915
did:plc:modzwn2iz52nrj2zwwus6b3h	3.96270381780718	1.09148973129489
did:plc:moi6ff6p5pnohdjmv3ohbari	3.83583829535298	1.47432221154376
did:plc:moiavhur4ef2fqv7sl2kdsrz	3.79400068772689	1.32928519307436
did:plc:molldjyufttg7djdhbvs4ebq	3.42927236830624	1.52922895067576
did:plc:momiwfway4ndouo5n4i4eoe3	3.47230599633511	1.71655049690588
did:plc:moqwohfeewosc7c223xt2acw	4.32255586951869	1.55135811020064
did:plc:mospxckxf74dvnsy5qjixc3o	3.21014307808875	1.40900752830777
did:plc:motne33shfhfwskjsqrl6mqd	4.4418428630659	0.920324839704291
did:plc:motswo42ftom4wuo34775tdj	2.13509712795375	0.680379356391871
did:plc:mowcwkj63op7kvco2riwmwjy	3.83879327768805	1.59917126757957
did:plc:mp7x2dkjyfpye22imoym34qw	4.61544043385448	1.23029465823856
did:plc:mplswfd54v5l57kiixbuqaaj	3.60052391245775	1.55969885852075
did:plc:mpnlo66gx6hdyee5v4bbr2xa	3.534270381221	1.69103149132071
did:plc:mponthietavonyzubuqlbrhj	3.98286223575102	1.25518467133615
did:plc:mpqtsk5aopwguongxqr6jpki	3.02579447765974	1.27410977474306
did:plc:mpzkzawjkmtplrqesrg6dsxz	3.79141690852102	1.40365029351004
did:plc:mq4ltf2n3wpm5dwnvmledgg3	2.87300903621871	1.29579201940498
did:plc:mq5lypmfrhiying7szi3ilmr	3.21017919313867	1.40212117889961
did:plc:mqf4dbzzocfcpp2tdpjbgfv4	4.98312453664284	1.59559898573405
did:plc:mqg5rl3hlf2psnobaj5dpv7f	4.39623821841514	1.45268974060185
did:plc:mqgqmdxj36h3p64ut4gkzsiv	4.10503194676403	1.67754838650139
did:plc:mqlqf2vzufeatxp6yw2ipn2i	4.14236216596019	1.6139524655645
did:plc:mqqaz22tqmnd47wycdlspbdv	3.49572867191448	1.80776005336111
did:plc:mqtvgvg6cmnaiwet4sna7ufx	3.57405492385572	1.5441825143439
did:plc:mqwox26h7y2j2osupyixnmen	3.14863340092308	1.15261107837988
did:plc:mqxfuw5mmkahgibgw2u4y56x	3.93698631118484	1.70948454215318
did:plc:mr2pzxjkhuhnxldgjwotbcph	3.07485247560175	1.39229954005536
did:plc:mr5d53zi4vo2pppkce7ad5ii	3.06080545129406	1.43576944190062
did:plc:mrg3h35dempuccsp7frsceui	4.39125737014618	1.3291114187708
did:plc:mri4qfwjhti5j4c3ob5vtudy	5.92981215584815	0.744233849547738
did:plc:mrkfxw2ueip6kj3qpsd2feyw	3.65462036686199	1.61498004785805
did:plc:mroogpvmltbu6ehci6lquiqs	2.6418061066523	1.38069798800151
did:plc:mrpoz7d34oh3dktcido3dfjh	3.25097944543473	1.57108265920558
did:plc:mrs3n7nxsxgxdiw6rarsazfa	3.36649712836445	1.56368755116708
did:plc:mrsmhognj4t3mo3klrvrdwzv	3.70175267871836	1.38605144006049
did:plc:mrt2e5cawtuwpfvrbpjbk6uw	3.67173859930441	1.60665333814268
did:plc:mrvcmxuuzpg2lyvdpkea64hs	3.91127441198018	1.33978664280008
did:plc:ms2r524vrdc7vycpxg2mhppv	3.06511540520139	1.65197486949749
did:plc:msnddgzb232inne3topw5x36	3.65990299126498	1.15873796239312
did:plc:mspjpgdsuyb7d63ibylw4zgf	4.06876111440007	1.19291663965368
did:plc:msw2wlwoinazcoot5turegex	5.16241458411485	1.5496217388059
did:plc:mt4k2tpzy7fd7deihj6h3ocv	3.11429941480629	1.1284330477266
did:plc:mtabwcd6pv3d6linzbk7dupn	3.94264614269526	1.43913726256748
did:plc:mtaezeh6ibn4vrul72nvv4c5	3.96474934470952	1.09245026543741
did:plc:mtcemugepcdlgqlmrblb4ovz	5.10624736462953	0.850348754450818
did:plc:mtfctq4q7pnrabqbzmjomz5z	3.64022117609543	1.51983944304158
did:plc:mtnuitzfnj4ag6rcbwrcz74e	3.76459394314753	1.45609487549115
did:plc:mtpipyaezanorigb5joizp3z	5.82203300831305	1.08976029100711
did:plc:mtvczql62sgbxemdpjpwnreg	4.12667822993377	1.54146063752095
did:plc:mtvqq2l5g2qpflgizulohnov	3.19669679311995	1.60712173057321
did:plc:mtxza5aoc5lzu2nr7v4hmhgy	3.8122957526835	1.56500843638264
did:plc:mu2k53nj22gz6jiamijnrryh	3.64335708567989	1.61945692402691
did:plc:mufb7p4tbkuplcozguculjfs	3.83099459198694	1.63104751367967
did:plc:mutw6kujmetmkxyywvmhj5p2	3.94231716845971	1.56675315358236
did:plc:muwccegisp37lqmemqz7ejgq	4.27503474496516	1.38253493654816
did:plc:muy5jjt2jqnzlwlwl5z7xemh	4.08681701843155	1.59021106758825
did:plc:muznpbneeg5f6v3ix77tauwz	4.32756988109201	1.42547866889804
did:plc:mv7tdqtsjcl27czmp4g6m5mt	3.3314760438235	1.44667719554211
did:plc:mvaaedxu7xtkbkhriel54vzy	3.90924291190076	1.3246257099516
did:plc:mvbqgo7a4wl463dbanzxeeej	4.35022076788859	1.53106700046602
did:plc:mvc2x3g72btlsrsnxy7uawul	4.53569462752808	1.62129531655081
did:plc:mvminyeifdf4fok4jgzgwt75	4.85278567685312	1.13555994334944
did:plc:mvwp2ia5hfgc34m72l4dspni	5.83419300545925	0.690101373237556
did:plc:mvwpf5l7ifmbdgrdcjj7ascx	3.2575442204873	1.77086750963629
did:plc:mvxjqic5cdpqb2ien7r5tlju	3.58580762482896	1.25521949160169
did:plc:mwbjyw6frqebtj4ixaevd7dg	3.66244348291824	1.76930443749508
did:plc:mwg3fzo7ihfsngcylgjiv4pg	3.2288711079398	1.64234887359663
did:plc:mwgbqxvjkiv7flfuvlhc5chx	4.07370143021047	1.48449096286568
did:plc:mwizpja65bzuxevaszzrlyva	2.88490157203542	1.66266623174709
did:plc:mwlbf7hlsb3gy5n37wllqsxj	4.86492807772498	1.21919716428454
did:plc:mwnug4kf4gfggm4odauu6bb3	3.33352238306042	1.58373537722472
did:plc:mwrlqt3xchw5nyd2cerrcjg6	4.75791113299729	0.989123500186474
did:plc:mwzsogc53bkky2bzohok5bbw	4.1970054759181	1.63642175022383
did:plc:mx4qxmiw2yrgzhi5fggc45bw	2.9881582523431	1.63124042060698
did:plc:mx6rytey7k2tvqby4kawji6e	4.41843052844108	1.45216555324458
did:plc:mxbyxfytu73fcni7oheqf4vw	3.83132410685209	1.46996404102958
did:plc:mxia3k6plac54xzs735zmhnw	3.36806719036076	1.36118273812594
did:plc:mxjbcbgtc7gitfrd2r7kejyo	5.14885939963924	0.788657917436416
did:plc:mxusdxzdypb7zqtrmurkther	3.80450922886223	1.22992222886688
did:plc:mxvitbjzd6gt5zroxsiwpgde	2.96087875307257	1.72168474027261
did:plc:mxw7426l22lltzniynr4ldjl	3.45034878932251	1.90821040135011
did:plc:mxzsfumbjehpczg3coi6re4v	4.1364006443952	1.52376262819904
did:plc:my4gry4ypvaj3gexvp5wbuol	3.87714238514827	1.46590509030924
did:plc:myi2iymmw4p3hpw3nf47end2	2.34499848747367	1.26821308513229
did:plc:myjund44zhpdpwyrcviq3zno	4.44279416916217	1.12679880740102
did:plc:mym2mbggp35p3tpoos5jcg2a	3.95565556567653	1.79923967857001
did:plc:mythdeu37wkno2g7s2ld647c	3.14870754973525	1.10528471905392
did:plc:myutg2pwkjbukv7pq2hp5mtl	6.33283637773296	0.836416469534612
did:plc:myygmuc3roncghcms3pbl6gl	3.92277916926734	1.43744111962046
did:plc:mzl7jqe2fclvdgj2kcwho5jw	5.3486368090186	1.04016941340365
did:plc:mzm7vvbpjaqrhdzyk6ipu4rj	3.25421875031514	1.55001334210472
did:plc:mznquayt6qitvl54kg5jl3ev	3.67620437471145	1.21989923952467
did:plc:mztaqfdloefbdbm42e7du4db	2.78917396477988	1.73331949887408
did:plc:mztwnry6funh6jaut63dtvz2	3.01915884155457	1.58295472512752
did:plc:mzv2bwe4j5pl2wf2eu4ii246	4.06998223234789	1.09361701177748
did:plc:mzwflth3nleahauukz6q6yek	3.93935425961034	1.63034799943128
did:plc:mzxc5rllleegh5yafdzmvtyl	3.31720382219325	1.54056875335662
did:plc:mzycjz5tnpddanzpsparkxn4	4.27044594989847	1.42477396103715
did:plc:n2726jepmdfbm3ikhpd4gcod	3.66151477716263	1.31785330816746
did:plc:n2g6vgkv4r6okyagmbtq6v24	3.68310267084852	1.84762847429348
did:plc:n2jh6s67cbsj4t7wfqdk3flo	4.06441001020069	1.75748610346067
did:plc:n2jl2afurf6x75i7mnuug5zu	3.38425930056628	1.66477231329119
did:plc:n2nd2b44dkwcxsfxitihd7cv	3.3916905546703	1.61546384353127
did:plc:n2nnrhhy6mpaboo5uonhswqs	4.22376183908436	1.61637970818075
did:plc:n2si5iz7jcisbhr376a4gcev	4.31409743623283	1.54859493423245
did:plc:n2twdkgsurfrlgo4hol6hulm	3.39357451106769	1.6876271428493
did:plc:n2vsycj6pw765pifyqnxsbxs	2.86583041222772	1.39199976346933
did:plc:n34mcizqrt7gkp4p4gng5kfs	3.0954941457471	1.14911317158585
did:plc:n3hxbyooyvxsvion2jn7hp3o	4.4521023417842	1.55411568818083
did:plc:n3ktwa34fqleqdjnk5i74pbl	3.59359963878472	1.64399881148115
did:plc:n3li3y5cuuyu2je2l3xov2ji	3.53861770126577	2.06934845748708
did:plc:n3q5zlmapq6zs6qv7j5vaidn	6.14514966569659	0.705401307642215
did:plc:n3wwqzznva5o2dtnrf7tbzyi	4.14415068332389	1.19927642962858
did:plc:n462bc6m7f6oijfww2wfkro7	3.40536870687721	1.63104162957395
did:plc:n46uxuqyosk6frda24dzyans	2.96375298842334	1.61020880163646
did:plc:n4dolgesyd7rlzmmfrkhbjl7	3.12827736975103	1.96641047520673
did:plc:n4mufpa3zepbaodrfkluofbr	3.15062258848207	1.82450921647641
did:plc:n52h7oieaohbcz464r2pianp	4.82327182134705	1.4866476505305
did:plc:n5chiozxjqj3q2t3svdzw5z4	3.27288355773423	1.49151530822915
did:plc:n5eeiw4uyduvwv3eu5pn3rgj	4.50959557872769	1.35399072284617
did:plc:n5hom73elxh3wvgetszfhvud	5.40005221078051	0.951689811820817
did:plc:n5srddonkr446mg3ffa7baaj	5.03747218738492	1.06104418463531
did:plc:n5tzney3zozmel6eh7k6pmzw	4.08442858544507	1.32997356193918
did:plc:n5xdkgjzsko74maip3ipchzu	3.98421914024758	1.25222829097732
did:plc:n5zzjb6ilduydngk6l5kjtmb	3.48954718183182	1.52216428711947
did:plc:n66leu42x4da4252vewzefiv	3.60618574678604	1.40042802039879
did:plc:n6ee2cfk5ap36siftc4kffwe	4.09921570607061	1.6000371478635
did:plc:n6nrsxuwfmrfvmo5f5ke73p6	3.83759954167006	1.55335466567602
did:plc:n6o3is2qayczim2f75ebo3m6	3.91739337377785	1.82563244847091
did:plc:n6riickkfrim2fm5cctouyye	3.367649994044	1.81527945920236
did:plc:n6rteramm4exvo4njghdulbx	3.73288830651931	1.95118248368112
did:plc:n6zezx65olkgfud3qr3flhue	3.33442739859773	1.49317846890313
did:plc:n7bn4rgq5syqy62tei642obn	3.35875817104766	1.97647072742369
did:plc:n7mtxnoqtvacezqxrmplfpzu	3.80026667211349	1.3893364896322
did:plc:n7oygjenfpswt724bepeb75d	4.2083069218945	1.17888669451318
did:plc:n7r24msdwk3vv2t5s5fcdlmr	3.88649933870147	1.4182401822058
did:plc:n7rghowvscqylrup5tu6es5h	4.76886051600752	0.904111057966363
did:plc:n7toftylc4tcpkuen3p6bjhx	3.51849752436594	1.68739357460069
did:plc:n7uhrdhc5elreotpqix2lzbo	3.06327371919356	1.87086247076635
did:plc:n7wzitgqj2howgmhxnluyqjo	4.58503151953395	1.09181385781531
did:plc:na2okhwzzrllysf2ksimvddv	5.27354135688427	1.0845976932485
did:plc:na6u3avvaz2x5wyzqrnviqiz	3.95284639275139	1.28144182892095
did:plc:naasn4fljpdrkfphmtos76dz	3.78424755136768	1.53895923111877
did:plc:naauaxxa7vklxw54i5532ysp	3.91934570762584	1.17163650430258
did:plc:naefblzrgwgmqd6zw7y3v4k5	3.40477526057692	1.52102731476259
did:plc:nahie6m33zjx2icgot53orha	3.89033162815161	1.64585441558665
did:plc:nakyyqiyby3ois6w5hsjq6sf	3.59479963742772	1.58197095157406
did:plc:naoqkegc2dfuzj2jneumwd6y	4.29152727198349	1.2382594039558
did:plc:naqtrfyvigbx6ogdymx2e2sb	3.48304427709291	1.60568844959777
did:plc:navmn5grl4azaqmrkg44hj3n	3.70117812076448	1.30715050873207
did:plc:nbkjuqwy526aeck6ah476lvk	4.17988520520213	1.21180755857941
did:plc:nblqefnc2qwy7nt5misrkuqs	3.46695517838448	1.46784702877922
did:plc:nblx2uczcoslaoscw4hbs3oo	4.07286090945378	1.11241988326621
did:plc:nbmgshuauzomjx3grgu2rmun	3.7899180007387	1.24693416632415
did:plc:nbmq4xlctyw7tcz7el3eew3p	3.32216647166944	1.38321121713502
did:plc:nbt3kxnxmolk43hm7nvthtvw	4.14704160054688	1.4576498698822
did:plc:nbtnnad5yfltv4xq3anmcvib	3.37153199626098	1.65044014281125
did:plc:nbyq3rpabla76zt7ztlyhr7f	4.04474473609818	1.21606374907663
did:plc:nbzkkdhkhkzinaan5q4xpdg2	3.21021110374095	1.57354823482552
did:plc:nbzsw25gqphjg7ibdp7dxlrb	4.21337648158312	1.05050932446529
did:plc:ncahqqypdayny34zdtgtklso	4.64266135578298	1.28815585384462
did:plc:ncjuoupqcsdbeytnos2acsjt	3.64940708434203	1.3669285035933
did:plc:ncohf5d5rmvl6upz2ffrf6h6	3.39807872077044	1.75731715621418
did:plc:ncs4cztelzncbspdbvgnll56	4.15803107548605	1.66847453971579
did:plc:ncsxadarqic5ajrfhinptx7z	4.81473629926285	1.2977796532697
did:plc:nctw4l5svxdi24jff7k6nnhf	3.69432625896865	1.45395268628721
did:plc:ncuopg4oqvxerokv3gr3twdy	4.02013355789797	1.48225943916791
did:plc:nd3ra4upkvgijr7vqt4qxq4f	4.00495747674132	1.19010281060761
did:plc:nda37ifqjs4blrknfn4pz46v	3.7694314999258	1.5839710066825
did:plc:ndi4yox2p4yjncdf4ebe5ow3	3.6050678572943	1.20572371476439
did:plc:ndrwndz3ckq4ihtuhn7cnonx	3.85450088490225	1.55507574538682
did:plc:ndvrcguyd7kuojanaaeivy7l	4.20473776609247	1.61252603684907
did:plc:ndwqrexx3drwrrvuhweejtto	4.86183532909035	1.4845987101291
did:plc:ndx7xunnx3mdes7cp42xzhvy	3.7700338681102	1.52979648028925
did:plc:ndy6xbmlpmnjwulac3xq3ydf	3.88772688262261	1.14745195845979
did:plc:ne2x4gal4esio2ubxbrkhguu	4.21479170396843	1.5285402244726
did:plc:ne7p3b7bxeapsftwihtxx5hm	4.39580428465353	1.15655300686954
did:plc:nea43jhwabizc2k3lrlhcfrc	4.25517533973479	1.20882496857768
did:plc:neahplmphhrp3s53edyntpi5	2.844557842708	1.76574102511468
did:plc:neboxvwmk45n5d3mecairshy	3.89499455637829	1.59273153867654
did:plc:nenkhuirk5suvudvtkfjbfa4	4.28389407353019	0.869746799377696
did:plc:neo3hnoon6jzij3ou3znpt4x	7.00481287691286	0.946924565283974
did:plc:neogli5rfbw3xogzgffl3z5l	4.44548771234644	1.47249758690616
did:plc:neoneraavrt4rj6v74ewwq3s	3.01783039270721	1.5260471870692
did:plc:nep3n266zlpqii7j6jas5rmr	4.13218302386525	1.31722460266967
did:plc:nf22bftqqlmcn3uzvmqbngrm	3.84636347273631	1.47284797409767
did:plc:nfehbyfdpintj43q7rc7ihdj	3.98578167748697	1.37322725100324
did:plc:nfjmbzy6w4s4sv6tgokwkmzt	3.85548161907092	1.40069504104431
did:plc:nflf7lzmbqjjlz6uks5btopf	3.64256827476376	1.53373214422205
did:plc:nfmznp3km5qysy2w3xu5upqj	2.94769467228587	1.48132339234212
did:plc:nfqe5srksidwsaweuwcz3l27	3.78686906788308	1.42033997746481
did:plc:nfrihvyzafqxoe62nnnsvnjd	3.2466784072276	1.8318498107725
did:plc:nfuqnuadtlxtoyfjbqf6k55k	4.21921789209896	1.33218289233229
did:plc:nfuzjebnfuncljcfv2ag3l6e	2.94472256519041	1.52658321927069
did:plc:ng6r6smuic4xwmomlesif66g	2.65448638255323	1.57390387232322
did:plc:nge7kutic5yu36clr6nvyqkk	3.21452827920172	1.02155119705102
did:plc:nghweqc2insuutumqwuif5xj	3.03854946450298	1.57185394951428
did:plc:ngk2ziwk7x5wmbw5325qd324	3.58133157058626	1.47860275811161
did:plc:ngljx2z76sg5jxd6lm6lq2nz	3.98358704391265	2.00432898532328
did:plc:ngt7wvczeyeynjswlzs53cj5	3.42986802583693	1.4737530057436
did:plc:nguqrn7qn2d5fsr3tlq774qz	3.50030144993777	1.24620420437897
did:plc:ngz7352pdqnyba3xy5mg42zg	2.95990938078281	1.89406424212076
did:plc:nh6ngodbcemqu7rl5yrti7bu	4.4194611969327	1.3785254098743
did:plc:nhff2ncwatlh37wn3nzoz5px	2.51429070861377	1.51828833079842
did:plc:nhfwviiw4j25abl5j5qto326	4.36021885286754	1.15734282407075
did:plc:nhh5pj4e362yt2uk6j7ozsym	4.1410911639539	1.32682885993243
did:plc:nhk34s7342griiueyiejvwmi	3.56198381201961	1.33071260693474
did:plc:nho2a45cwlyzqr2lcibjfryj	6.26548674872854	0.73624498805421
did:plc:nibjr4y2jisxib7stk54re54	4.10013315174945	1.39904931397106
did:plc:nicm2uraum7wt5z6ichz5dux	3.37175961122431	1.68197586105354
did:plc:nimx3jhlinuonapstgjzo3hw	4.54409354957616	1.38285610761445
did:plc:nir7t74kv3yt6ig75ybtu4gd	3.99890240767226	1.19958583946995
did:plc:nisukvmm4q6dk332d65ohbk7	4.90507752986103	1.65697369381547
did:plc:nitjiysv7phtstnlesabxmry	4.72040440157843	1.54065335468843
did:plc:njh55nmg7ki4tnuawq44l5bs	3.4414770705475	1.42072193139836
did:plc:njhfc3n3qhmupte6xtscuzmt	4.00109751442186	1.62982754540299
did:plc:njjnpfghavswomicozehiaax	3.97591509263485	1.48985493546846
did:plc:njojakry6v272tumriq3jrvq	4.32341682331857	1.39123207044967
did:plc:njpc6pxdu57i4ydiuyowbc6c	3.75427774635803	1.57402475115822
did:plc:njsasviapudtpzstlpqruvlp	2.73677213460519	1.50559130437531
did:plc:njvckdb3lkcacdmtygov3tmd	4.06595973362255	1.9664054173451
did:plc:njvplj332axf3i6kwdct24wm	5.72415928716945	1.14546769493069
did:plc:nk5oddipehflmrdhozagjltw	3.38490675173303	1.53951225029811
did:plc:nkduq5pec2sr6njxygu4xrfe	4.58044587353545	1.50422615536472
did:plc:nkqpe23nifntwlsepgfx25kf	0.800960202011711	0.511390792934406
did:plc:nl3jwiv7uvcpwobryc5jbgyw	3.15277902128689	1.50907566499902
did:plc:nl4vpv3twutz7hwicw34qivd	4.09004752826818	1.48999330002535
did:plc:nl552xu5eirpldme4pqkahyr	4.69574674221519	1.27777547301122
did:plc:nl5zuatwlivu4hlyzf4jxky4	1.11912011184715	0.488090474884203
did:plc:nl7ruo6whixqpglhyc2ldasv	3.27209544853967	1.33397534877799
did:plc:nlco7c452a5xwtv236aclxyz	4.16521612026652	1.44121879036587
did:plc:nlm5tnvtcwvy32ir5oeqvfg2	5.92905993710003	1.02485087218731
did:plc:nlnxadnljohim7duypeljodr	3.63189418841785	1.46927765937635
did:plc:nluoj7xcm6dqkqsc6oqbysqd	3.5720993794859	1.34393868165983
did:plc:nm2dvaxh564exj5iqwcqjbyp	3.64363053247222	1.41281371709572
did:plc:nm2quehxsg5eu4pv5ya5ht3z	4.60126860045917	1.15792878962817
did:plc:nmawzguzaex2fyl5y6fn3h24	3.62386779925575	1.38625279036767
did:plc:nmbs2a55ldnz5tzg27kt5vrz	3.38323385751268	1.72205437571839
did:plc:nmck6mo4qvwiu37fr4yll65q	3.76510743366821	1.41312937735586
did:plc:nmekedyc6ontish4innuwmlz	4.59724207054926	1.16067780101681
did:plc:nmhtu5nega23dxisythrqfxm	3.76602460562096	1.713821561074
did:plc:nmkbu4yr6v5r447l256t4etr	3.23911444157057	1.43270252728147
did:plc:nmonqz5sv374mro2ndkpom2u	3.80597261024627	1.08766667033923
did:plc:nmtt4h5id762p62twsoam272	4.42255109942491	0.521428373186095
did:plc:nmtuqkqctr3x5ffneaumz4un	3.57899066696715	1.53566652532017
did:plc:nmufqhxyiix42xki4kvjwzdi	4.94831512784633	1.04909149143701
did:plc:nn4m6r3lse2dgznctqaaggcr	4.43762104120666	1.33111556193609
did:plc:nncuaxbaa7m4ywitalrp5kfz	5.69434250116115	0.962779122577165
did:plc:nnm2tzdgv44mlhrhpj7kqbsn	5.51982617827772	0.810753325218195
did:plc:nnnh5o477k5qsv7loguvtuzm	4.53331123544374	1.35654617842829
did:plc:nnqgxgz4uk45hes4or3ywaja	4.11346968867526	1.24494003052496
did:plc:nnv4aaqfuj7weoar6wpmbxqv	4.10569639831476	1.50527301383945
did:plc:noe3qyj3toju3t5a2bztsww2	4.40750364691158	1.39089377889903
did:plc:noffrkrthy34wx5um4rwggsf	5.04347195891875	1.61385526467991
did:plc:noh3duh27nypibbpzjmbmydt	4.32653769528754	1.94029191066667
did:plc:nohsycbqfub4rjxibrryyd7r	3.04990981113512	1.74105765606904
did:plc:noiqffubmzuane7gusv5qkau	5.0343579525699	1.0082667988778
did:plc:nojwy2qlviyofdmdsiz2pvc6	3.97481217148599	1.49569882463443
did:plc:nokbrbxiyrbcfgy246jdjr2g	3.48247614108551	1.70061482300366
did:plc:noqizn7dphc2gfl3vfrc5z4b	5.37014640982759	1.06388359806222
did:plc:notkv37e2qjb2gjfwiuifs5u	3.80998903963573	1.81187769444041
did:plc:nowzuq2mxp7igsmmphzxtxhi	3.98287868134283	1.35539895715845
did:plc:npfhvxavxflffg6px2pghsu3	4.00043769026178	1.90595070946286
did:plc:npih5d4s6t6mjqpvnykwnlsv	3.84708198726905	1.45123353224724
did:plc:npikuij45gklbvyqdn4scgsz	4.08755678131289	1.2066449004919
did:plc:npim427qrm7unrrvzm6vq2yc	4.21224282205117	1.27913130678024
did:plc:npkvbfctyy6b4xgqdjja7a4a	4.88727239082233	1.14330523894214
did:plc:npmctvz2uac3uqditmlq35lq	3.57559582573881	1.3185315722922
did:plc:npnh7jwvqz2djfcz4hiliwd6	3.35388932557876	1.88574833799953
did:plc:nptxbgfacjcqegxjecdyl25s	3.14824383690186	1.60630505627389
did:plc:npukyt7zq6s5e6cjdidlmdbw	6.12508643740075	0.60868743180017
did:plc:npy3jojy5vrzxcvi26qzr23d	3.78077136070051	1.16030088979929
did:plc:nq44ldlxywsogbw5bgyyivcg	4.43714937746473	1.71863234112619
did:plc:nq7mpjqt3n747ebgyf2nlzum	3.7905078689891	1.38924875642073
did:plc:nq7x2cxpsfprts4yw2qhxs6s	3.83626250325046	1.54399200025392
did:plc:nqanrbmil46x3lxc3r46mxmz	3.46459723305921	1.27251518005529
did:plc:nqaqikbqzr4kozxfqhqt6qxb	3.20399940100155	1.89212197318805
did:plc:nqdohffqpwtfozxbh7gcupuo	3.76675029315481	1.69881467726322
did:plc:nqhura6g5ebuwxajxvfar6ck	4.07296447636805	1.34113746661681
did:plc:nqjafsol63ckfvgsytrjobea	4.21717893996846	1.29619964893221
did:plc:nqjy6474x4huijcswgpufrws	3.24419836947968	1.75410152607325
did:plc:nqkcadcs7xvwqw4qi6xwx757	3.27082541430025	1.73329340128446
did:plc:nqmx4mcwwj7nyronjvxjrmzs	3.41643134110513	1.58412515907723
did:plc:nqr4vgxvkzimkkclqgcy4e6n	3.91082810360698	1.46674080149478
did:plc:nr3h5q434pq3uudwjakjfhjs	3.38786542189173	1.4852597705777
did:plc:nr3muflsgqypjuennsbp5r6a	3.04889884218255	0.664009259885182
did:plc:ns2yh7cnpgqrjzamxne36evx	3.38990389731322	1.40456126283721
did:plc:nsciovvwdvbtmnqe2i2bk3ed	2.86790003043009	1.74190787596735
did:plc:nskro3bsywfkv5bs5rtcnzbm	4.18624846939347	1.23394130683416
did:plc:nsnkdpcf2div4vcgys2ceiak	5.44897022015521	0.745611219976602
did:plc:nsyncvyf4cbualbrgzit2uvd	4.89980303283205	1.24174048774005
did:plc:nt3uijxsmnhbs26vtgly6za6	4.00272140750942	1.10562116577921
did:plc:nt45ihvphwj2f4ht5oupmipq	3.38797658560085	1.47803409633851
did:plc:nt7bpts55x4l4hz2uoftiti2	4.20900298763983	1.94662972389167
did:plc:ntdzrhn6jqlw2ygsa36372sf	5.52780318857838	0.392829873588675
did:plc:ntitowwbi376qhzmg5mdwnyr	3.90583648645064	1.44532177398651
did:plc:ntkwgljeoztyn4xo7q23fq6u	3.66348102008823	1.28796412971122
did:plc:ntokqrgzkowp6k5abewpqj6c	3.83541057800839	1.42302840743393
did:plc:nu2je57dyi43htepjcmx4ajx	5.5634518892665	0.946896080847976
did:plc:nu4v2i5i3o45hv7ncvmqewks	4.16919773713656	1.66101614074923
did:plc:nubnwsptjkd4cl662mzwhpvp	3.67087068111654	1.26741587469311
did:plc:nubxidsfv3rm7prm5fdqls7q	3.33836540253654	1.44015037434275
did:plc:nuinzuga3o7rnpbzusifcdtt	3.17325043770467	1.58667022725272
did:plc:nuldk73eovj6sbaxwsdkcyd2	5.66367521898295	1.3112020634489
did:plc:nuosohg4ac5rrls65bj3dnio	4.10633197263909	1.65690538863398
did:plc:nuqrc6xim6npckunosdmbjhl	4.46082348576683	1.47055766990228
did:plc:nuuqlxnqksnxzukpzhbkan7n	2.91317114196105	1.17454899609717
did:plc:nuuuca6tlhdxh27twmpf5jpv	3.28317392559188	1.52472253493419
did:plc:nuyqb4ntrndrhpy65zxxg6g6	3.85848196857745	1.59112641455297
did:plc:nuzujxb6mnm72vh6ifkaf5u7	4.2381907287988	1.10740883048551
did:plc:nvhyf7yhbbjp5daltphujv5g	2.87926191725435	1.43486556481689
did:plc:nvi6upab4ndbhgdx5gz7lxre	5.02359586668033	1.43831003614768
did:plc:nvj3rluu3i2voghnfykvq3mh	3.84615156176415	1.4669486515362
did:plc:nvk4ul3gehdfgay63mbe5zoe	2.88472455934226	1.79793288956275
did:plc:nvupi3g5bu5k2sq2qa5bayl2	4.20237819960809	1.22928238506073
did:plc:nvxj4xk64uyfjafx24q43aqv	2.89505268312484	1.77732001600621
did:plc:nvyjsfbr5cviveloo3u5n3ao	2.69949568508353	1.61195354361252
did:plc:nvzd2eirhpswkaubz3joljjl	3.68521010280835	1.80882464809295
did:plc:nw7aqrnpksdzjxvsf4zjdwuk	3.71432382028489	1.35100821838286
did:plc:nwbii3owwewmmyzm6cclyfvi	4.07077355328598	2.04571115826118
did:plc:nwcc2ujpd7am3phvtpzuab5y	3.68234836411101	1.40109098280289
did:plc:nwffqbhktu6tkah6ztmjokbw	3.58143046723711	1.28868705471953
did:plc:nwfqr3hdvgliozg6teftalbe	5.30607153503543	1.063234555442
did:plc:nwhc4we6p7nvqlrc4wn43dp7	3.64809831420551	1.63639087789099
did:plc:nwlr5kdet65i4mbrojtphsw5	3.56775931219467	1.44264015096955
did:plc:nwob24p33hghzxbo5wr5egf5	3.74422996300317	1.64986326342882
did:plc:nwqqotio4okjh2zduq56yi42	4.18990052868524	1.44568150845508
did:plc:nwsqatrclczlrfcbxcbmxucv	4.16583830319458	1.60227089643415
did:plc:nwz4syktvgbomsehdnsxid5c	3.01914880066286	1.77344245279092
did:plc:nx2bv3stppm2yiujncnnrlo7	2.78059565762855	1.20942861332853
did:plc:nx7pjqnj7r2qvsttpsvyvrfv	5.23953753819985	1.16176647988473
did:plc:nxcdsy3p5kfccofhtc5tf6b6	3.56669732868875	1.68917152574516
did:plc:nxgepqzvsaw27hfzcvqkouto	4.02759030407481	1.25218514412897
did:plc:nxgv6rjoijesrogvp3tlhhil	4.64170297595259	1.48887734906812
did:plc:nxnvulbtjpmwt2j5hbepbm66	3.65926800279738	1.44007676041303
did:plc:nxt4zgqagykgv2ncaoirp32k	2.95530153869864	1.47578797997526
did:plc:nxvcjfc6n4ybyuxxizqy5fnk	4.32272032325728	1.27880284109625
did:plc:nyc7zisv3khpz7rs726dtgg6	2.47773393469953	0.597607890076897
did:plc:nydj4jqtjm4n74tq4humgxwy	2.79672378460601	1.73442888769931
did:plc:nyfy6rs55qkhdz7kg76jpcrv	3.14606276837972	1.62429877957157
did:plc:nyi4aivf3bdvpjnpd5blfdx2	3.48418989791758	1.31554912344739
did:plc:nyisqd6lu4kn4yotreyrdvgw	4.61029172178916	1.62209350457488
did:plc:nyiy4xuag3lhzlbirayvte7i	3.4128051885693	1.36892198132955
did:plc:nyk52clp7lnryj3natuzuqkk	3.72322109497765	1.56661642689106
did:plc:nykgnh7cmjbde2icmyjohmhe	3.85106657883647	1.41714618667205
did:plc:nylziworzf3xtpxh7evjazyq	3.45763592855899	1.39840648344285
did:plc:nyocvqgsfilkwr5exryr7ku3	2.03127232973866	1.10910013681356
did:plc:nyphrfrnubxg3qzz7gk6zkhw	3.57424201481418	1.80865287537055
did:plc:nyrxbup4f36xnxqvksycdzr6	5.1397424810829	1.70821169510425
did:plc:nyv3kkycvemgnvkvy36cugzm	3.12179437803235	1.45889247346666
did:plc:nyzcaasr7jvos2y7dl7t2xeg	4.37310877000668	1.33084667415641
did:plc:nz2f527di3gir7i2jpyp3djv	4.34975362756536	1.64501624516801
did:plc:nz4uirwymjosm3ysoqxkoqwm	3.67536947251298	1.68352241858411
did:plc:nzgx2wgmempvxnsibgmqewjz	3.55632758824154	1.59528002961145
did:plc:nzvca5egcunzppq7qvwgqih6	2.94188093364716	1.79413022068165
did:plc:nzyfjh4myn7ufuaurcsiwok7	3.78051389371048	1.69386134678556
did:plc:nzyqmhdmgn6dv7kphigbdyqz	3.40640327823829	1.74958752408537
did:plc:nzzspp3njtw42gegn22zc6t4	4.09355469840038	0.970277779103205
did:plc:o2j645msixefu75id6xzfkkq	2.81949703129403	1.8295031800389
did:plc:o2kx3epokbam34rsgeb4ao76	3.68322383433651	1.56467182609306
did:plc:o2mx243dw674mixnyvte7mck	3.7680423497515	1.46655093400794
did:plc:o2ubkl66dyrbacinj47hctnp	3.74471202040494	1.19090553443929
did:plc:o35pz4en4gi2rre6hqa2e2p6	4.37852067732544	1.45354978095065
did:plc:o3dscbveknnto2m46qbtrqni	3.71119444984041	1.53811651433959
did:plc:o3fcjldadeeehsqlfrwxdlg2	3.61576765674202	2.14356461001054
did:plc:o3xxtzfoudlvolqkw5zvhxp7	5.16808741904896	1.68921724979707
did:plc:o47rp56xaxm4x75rhd27mxha	3.71379276382514	1.34580955045444
did:plc:o4hozhusvl7upazvtk6cttl6	3.22314782393604	1.91224457249735
did:plc:o4ljxjieas5qcthtb5rjegsf	4.61973070384824	1.26046548338602
did:plc:o4lxrhhjsaddr5eevn7frksz	3.57094581124013	1.63073583534572
did:plc:o4qsxoy4yhqjkn755mjbtvnb	4.1649239596494	0.932687325411687
did:plc:o4tliyddw4rywrwn23ajz5xo	3.93962728747939	1.36967191775725
did:plc:o543qqp3s7wdnsmanb4p7poj	3.47531081915739	1.40658699023855
did:plc:o5dhrmqkrtj4cazwhmffuthf	2.86020867904217	1.77407965956703
did:plc:o5ewdybzrordskc2puudfpgx	3.65130275228049	1.66690697714038
did:plc:o5hu3ajaxxkgz3a3idlwtlw7	2.71090794159943	1.58690118633146
did:plc:o5iskt4nyuof6cvr3lnth4ki	3.48750811534131	1.66459023151211
did:plc:o5lyvqsrylwartbkaftjnpgz	4.53050555769555	0.791746789688672
did:plc:o5ob2gjwdwmip2mfukvmmos6	4.05748865849213	1.60781837410077
did:plc:o5rib7cxaupk63n4q2vam32w	4.27654290671668	1.39788587089597
did:plc:o5t744wh63t3fd3v7vacui4j	3.65347954606596	1.44791540937185
did:plc:o5y3uryvfszv6sl66r5ea337	4.51896422196887	1.79309246098347
did:plc:o63s7cgmaki634ruvapakbop	3.22718291680627	1.43607180076393
did:plc:o6gc3kbmqrocqaadvbvt74zo	4.10668673607768	1.44172451811505
did:plc:o6mbrffhnou3ym4cpgw7w5ff	3.41983114266695	1.68609510795482
did:plc:o6ow3r62vm4mzwjqc5i2gpa6	4.5067670292657	1.34262515383402
did:plc:o6r6g5lixbt2blyhg7cguoec	3.38768429323484	1.55678761037761
did:plc:o6w2tujduss2y73vfqxsgqpn	3.61567387438609	1.44466252358179
did:plc:o74zo6rp3musximzolpcdbkp	3.89728816657436	1.79311823214078
did:plc:o77vuz6clzdzmvlif3xwz7mn	3.39207236141481	1.62972518065396
did:plc:o7ar6pox3vmnwsgbhcie6xg5	3.2136138421367	1.11735347624248
did:plc:o7ckqvi6jeatqnoicf47p6zq	3.32146947563988	1.28932031476154
did:plc:o7mm3lt6yqoc7vlgy53mx457	3.96042320457992	1.27566582445415
did:plc:o7nvaeky6b42dplp2ssdudvw	5.31387401757997	0.779685624094073
did:plc:o7pqpb62qw3pdrdgmjrposer	4.32136366914178	1.21080152643509
did:plc:o7s7epfwpgsyewzbnpnxs5xl	3.77746048502054	1.41084475240895
did:plc:o7snw3t2njfrl3f65tgxiktz	3.33646384616755	1.6391680506467
did:plc:o7so5cegsyuwfmntsxxgwtv6	5.60680280754438	1.36335644268695
did:plc:o7yi3yzmeg4lwtwv6boneftn	5.61189504356237	0.758747131214104
did:plc:oab65ugk7brsgsgr2cseukxx	3.60532768223103	1.30981699598111
did:plc:oabtewr3cjgoo2zydms3pcxr	3.93578322862347	1.51835893119124
did:plc:oaisymcbfuftm3rn7yqetfur	3.93352742730694	1.42896717372152
did:plc:oak37jiqzkh5ix2acxj3all6	2.79122118881831	1.47677814905678
did:plc:oarxx2s4pvwut6dhavcuwqxp	2.81305123718947	1.33143896650238
did:plc:oavxuspyjdcmmxdqublnoe62	3.86642880238335	1.38309476053237
did:plc:obex5l6ujjzffejyk4fp6n7m	3.61353065317289	1.5523202557541
did:plc:obzz7hgebudn5264x7ty5zp5	2.90582151984308	1.3786006795444
did:plc:oc35oczvwdwu742bf54rc3q2	3.47216501367243	1.76035017754669
did:plc:oc6bk5ttx4iso6e7tqbwcqv5	4.72137989022966	1.57513885809064
did:plc:occa6kzqgepazfwcyzzfljbr	4.01104405183344	1.63247199540456
did:plc:ocgeilcd5cu7s63bdc3voumj	4.00836183207186	1.20579955149417
did:plc:ochen5jksqo7zas3tuae66cm	3.60740247153461	1.63791295335713
did:plc:ocxwk46qople3u5kws6yebnu	4.40987918517161	1.33285979354904
did:plc:od2gzvqjiployqlywkh4ofm6	2.66746558250639	1.75152581083796
did:plc:od2orqfxnxpgk227o2pr2a7c	5.47618322059732	1.17611255600399
did:plc:od2yjsbmjfbqgx2p6f5pd5km	3.92678846770429	1.39006882313761
did:plc:od4wxjdy7g6uehofkwq3eubp	3.71303694117233	1.20775616574011
did:plc:od6hdohv6i7cujmiwyyqrcxu	4.4118125582187	1.21928975470753
did:plc:od7mwab3mhnf2sqq2i76wlwa	3.36489889817139	1.53722242425635
did:plc:odbs46lkzggrqjtqaecjifli	2.7888505587035	1.79927010413737
did:plc:odexvnhersz2zbhyd6pqncjh	4.20340968047055	1.26032570995088
did:plc:odf7nxatqope2ighobsakfdg	3.35232499714549	1.53888942642758
did:plc:odfgm3nvs4p6nolrokk3qrsd	4.4831922499886	1.21698319223504
did:plc:odghhrsgxclbddxgehh6d34c	3.02291888432117	1.75035354466619
did:plc:odhvux56mui4f6sbuyxasiku	3.70127009398079	1.5975268394407
did:plc:odi6rjaw5mulybzdp4xlo4ce	3.66284725506994	1.53601783750875
did:plc:odtttsue7rk6wluc7zaitctx	3.62608787138542	1.21933472024196
did:plc:odu6ujihvuflnsw5zy4hog6h	3.52736566713458	1.5138494639633
did:plc:odzeez6qcezrqwnki2chzkoz	4.37860753816759	1.21139231314173
did:plc:oe47gus5l3tnfeybfvnd7e3a	3.3240606301823	1.32173648126118
did:plc:oe6ctnkixnou5qjw6tzmj62u	3.65406035335152	1.51286173916446
did:plc:oea65ghn5obnx4geml32evtv	4.01051905786259	1.85091083818206
did:plc:oedn5bv3z5k7rcpcdi6sc2w4	2.65554219676814	1.35266734317431
did:plc:oeeulr2cuusdvpnykt7cyavu	3.28767022229434	1.6747770167625
did:plc:oejus362lg5iodrc66lh3quq	3.2719265326733	1.24773069937784
did:plc:oeriy3ttwyhdjvdg75pgx4wv	6.33457921192357	1.06678090828146
did:plc:of4xdoy4ztrtdrvvm4t6iiqy	3.63894933273076	1.52879334782686
did:plc:of5pb3cl5wfiqfcq4qi2agj6	3.73386941174169	1.50312680797728
did:plc:ofg6d5yrxvmmncpcezh4cfvr	3.02625001445058	1.52057378622306
did:plc:oflolysjx3ytpisgo36lt6ws	3.10643053555203	1.98416767124811
did:plc:ofrjj22w2jhcovu2exi6coct	3.46630533925276	1.65528712899592
did:plc:ofskbizria3zd5t67eez7fhs	4.89923569514704	1.53876847370208
did:plc:ofuz4gc5ag2sgxswh6xizlyh	4.05991544960902	1.58216052483366
did:plc:ofws37nyk73tf4fe2xjyfcqh	3.29335635791068	1.6626430927835
did:plc:ofx72udgib2xqxhdjvbjf4mx	5.22806426655572	1.20602715052686
did:plc:ofxxankxnm4rxyvdmpqh2euc	4.43728919749394	1.24904864750727
did:plc:ogb4pt3d7r64bx6ap56renwi	4.43297152731394	1.59455946308351
did:plc:oggvpq65x64fv5jqsp66xzte	4.43372287116187	1.05245923785627
did:plc:oghtvp2iprerhvjz64p3b2i6	4.93508847646763	1.36217792301849
did:plc:ogmyqpcy6npthaqqtyag5hf7	3.6497339655379	1.42782129798125
did:plc:ogqwyhgm4h3zdkm364owtlm2	4.41737438097266	1.23597345739695
did:plc:ogskxtajg2bksw4g2smrg6o3	4.26380719275925	1.26466592659973
did:plc:oh2rvgeylxky7nghtofnfpxo	3.58266137368947	1.95188569989045
did:plc:oh4goqvvnsrgf3wyxqc6djwc	3.83125427350312	1.60316960853304
did:plc:oh6gd5sawgfzl6hbxrkek3mz	3.01726316311204	1.41818331195444
did:plc:ohawy22ek7jwfrlsnoyqfel7	4.66471201493732	1.05240079250553
did:plc:ohcd4uwxjhb44v6cwavounqc	3.45933641188884	1.47035549958217
did:plc:ohd62v5geagbejwunvvx7u4j	3.65382792284688	1.39972248333872
did:plc:ohplqbqgzlpfddq52mozy2am	2.81106322555854	0.882208703363329
did:plc:ohq3rikpu5ej6b4puuei2bey	4.14807800563645	1.51583976070178
did:plc:ohqy5b4pvzcf4p6psav4cjxe	3.37354981851538	1.44568895950952
did:plc:ohvijzefzglnn7p5hysroqyh	5.26099847465364	0.647373256301777
did:plc:ohyqtzdpgfsjewm4fvwi7cbe	3.29520967874582	1.46584726250789
did:plc:oi4iysrfq2va2og2eguqye46	3.58266674464943	1.34143743839198
did:plc:oiehj4brctivzcaxbukd2ph6	3.81621823477914	1.55417500031435
did:plc:oijnr7oluwtai2uvfkhbkgye	4.05795943427961	1.50386721556425
did:plc:oinh6z5rkrwdirhde2z7tjyc	3.54884356728016	1.80009323528911
did:plc:oiqnpc2dlunonu7djbkp4o6h	4.43965322325497	1.43566801736137
did:plc:oizjiyi4ad32qmvcbzdpyplj	4.15156019883234	1.21372148924078
did:plc:oj53zbqgrhrrdad6v3uoo5tk	3.20701361954498	1.69096791701808
did:plc:oj7vdzinxij3s3bltmklosw5	2.52753672443974	1.63391743861179
did:plc:ojdgh7xfsod6e2yfaoodlw7n	3.79844040983939	1.22757369153734
did:plc:ojjak7lrhjfbrddqtrz45kvc	2.59422004141861	1.48650875494378
did:plc:ojmnf5hbnud6pjuldm7ffysj	4.11864376919382	1.32303758952742
did:plc:ok6lzc3wjksrxegoeahcvrtw	2.63400134839492	1.64001867917556
did:plc:okc6jns2m3mnqypqcghfttf5	3.43485030069753	1.30509053497433
did:plc:okdvugl2ssrvfzsy4bcq2xzb	5.15755268383779	1.48552973129054
did:plc:oki4bmt7w4vqtvz4oix6i7zj	3.97621509722919	1.15934060618413
did:plc:oksggmtwpku3fzfc5rklfndm	3.72788233851164	1.57961798608875
did:plc:okzkrhpgd5owkdrpvwzyv4wu	5.05331945502651	1.02448990047388
did:plc:ol5kjevn7jqxkjllz4w3rb2u	4.37434562334035	1.59013798003856
did:plc:olnmrosev772qz5ycltsq4cj	3.9014825401487	1.46481882389322
did:plc:olp3diyakgkhylxcwzp3xqit	3.11515617187755	0.991683060478237
did:plc:olqkz7bly6q5pilc3xn5z4dl	4.64293742199153	1.10503222956682
did:plc:olygttirpvgmwidyigfyey6o	5.33951894302378	1.02606982529859
did:plc:olzejazm5r4hqzvmiutxtdwt	3.69371887043377	1.05610674912689
did:plc:om2ttmoe5t7py2jqiii5mvj3	6.81986344616948	1.08480472578696
did:plc:om6pmfx4mrnwpz4dgfz54evn	3.8252561346051	1.2146168017937
did:plc:omftnj7qqnw2srn4vuyemvzi	2.87768052261537	1.35944456660057
did:plc:omg6waohyjtej3bppimjmqel	3.75708388147883	1.47984517675618
did:plc:omkdwdj4wt4jnjhofqnhehz6	3.83192283766726	1.38754841672667
did:plc:omnczhtckg4hkua3olfm5ci3	4.22401735868563	1.53216084262618
did:plc:omv5rafk44xzo7f73lk5jrca	3.59363938591674	1.59939503623398
did:plc:onaf7axypwdps2ce5btav7cc	4.10906711393157	1.46270335149791
did:plc:onfmasrayb3xhnxywhs6ulwm	3.04798420364627	1.62480695194815
did:plc:oniyqv3gpmq5qglkk77d4hfs	3.36932592442745	1.64338187351928
did:plc:onjssg3ygr2oy4ofcyw3fury	3.64711688407389	1.58428406522291
did:plc:ons2t7fnljcgl3wyawmurrsn	4.03488260512455	1.43864721299036
did:plc:ontocjg6cexutamcec7eo7uh	4.08833080807774	1.40967669097423
did:plc:onyevyyejqihl7zbliovhqty	3.8935922904968	1.5084237214167
did:plc:oo65kpuqejkpdupdzbjn56yj	4.00342383888201	1.42597295608072
did:plc:oo6ylgl4nd4uyah57z2f74pa	2.89371337095229	1.67891033949372
did:plc:oojioy3jt3vuqvksp7jaxpsl	3.55780348341668	1.4762933469853
did:plc:oomn22elyo4pzuafo4fujtxw	2.61936636731347	1.6449964405928
did:plc:ooqj4bcnwrtplis6pi3rg2o6	4.62139566470391	1.26664549918477
did:plc:ooxubepr53p3l2wvqimkbiti	2.95407758391314	1.41523703626003
did:plc:op236icjfpx6zseni5i6igvs	3.41375337328478	1.63008139701965
did:plc:op6wybnbqkw5aihtyagkzbsw	3.67838408318834	1.62246640833817
did:plc:opah4dhhrzmudpjcgfl7xxba	2.87590211830555	1.39378777617839
did:plc:opbrurvctl2gkt6wgxdf2isa	3.96796228811063	1.67156302957781
did:plc:opeiweiezezmanwwu7f3oja3	3.45074222455947	1.78872511058879
did:plc:opfz6dzr4rv5clu3u2qtfbfl	3.30437453756172	1.46144942309433
did:plc:oph7mqegqervv6wfnd3jo5w2	3.41903339056387	1.67900248117298
did:plc:ophmyptbmcnrn4lvxv6fjsh4	2.94128250794189	1.62410228234797
did:plc:opik7az3hchpxne2hsndvzqi	3.30915759552914	1.33309141654584
did:plc:opinu27oymkkmvas5bkkrl6x	4.40097872553751	1.36825093443656
did:plc:oplye6al43cm6zd6xczbfo4m	4.32376060342832	1.39897186004082
did:plc:opq5phhuquxppobexcp2cm4y	3.67636412012519	1.61576300031632
did:plc:opt66suw6unre36irljp3fs7	2.1051637028556	1.2786098671075
did:plc:opuozx3xfnvi22f7us2ygkdm	3.78007305066949	1.38100980871814
did:plc:opvk57n3g7s3ydwfhoy5zfy4	2.78542168144262	1.50704106818894
did:plc:opzbwziy2ktxfjlkxoiojl4y	3.77263209047088	1.39478645190856
did:plc:oq2lvhoea3w43i7flsmuwv3u	4.31416022997233	1.27316371764639
did:plc:oq7rgm7gx4rbppwtvg7v22bd	3.97517745501922	1.53831666102749
did:plc:oqfpupytt4tkrq4f3wxs7s27	4.07574736396526	1.12389917487873
did:plc:oqjj7fjibvjddybsazopj4g5	2.97803893003631	1.61404319105751
did:plc:oqlvpertkuurxqryjnymuftt	3.48734601045779	1.66392188013332
did:plc:oqmubpb2iujecq5qsatstih3	5.28838339239612	1.33009597954563
did:plc:oqqab5yu7mlitxbxsb2sx67v	3.63592763420404	1.45065108633973
did:plc:oqwjeurecsk5pfp7hcusytjy	3.82167290947207	1.86476262226129
did:plc:oqzldv24gjkw2tbwylss2agu	1.99489630901375	0.770782201344236
did:plc:orcgnybslpxpkolkwlhtrsxg	3.72280271026117	1.38828224210284
did:plc:ore3g3zlz3pygcwvxcamoow6	3.8795240330876	0.598321385979589
did:plc:orfmrsw2swd7o42lwcfrocej	4.21887372543182	1.67700548250969
did:plc:orivjpcm6rmrkeznvtseh3tr	3.32124761380812	1.67358932111737
did:plc:orvg6bm7gdmzffu3nfvzmtzu	3.30871339643336	1.66190500276915
did:plc:osm2ouw7lthl57kr3ldo6wy5	3.9181534123666	1.67657454148602
did:plc:osnumty6y5uat4ghvlbmgkay	4.5218163053084	1.48307637004106
did:plc:ossywpa4gvnartindwq5iyej	3.47514868121098	1.56714058339478
did:plc:osuxbxrcgypy3xwtulm4xiip	4.15414553180501	1.59091107018992
did:plc:otfegvlu2dwhvie7shyypwb6	3.47260672339384	1.53029394535359
did:plc:otfqwq6scu65qd57c6oqthz2	3.51874728499939	1.23165425659672
did:plc:otguwgdrmmclhki6icl5wzib	3.39023327057884	1.86837007133481
did:plc:otiaejbijcvddsqtmka3rat7	3.07718110495243	1.93046266475068
did:plc:ottrmdmvavnnfnfmt2xti5ll	6.19187384880873	0.532416523229693
did:plc:otufmzhm33vtufaetjdtx27o	3.77790330135432	1.81221058657596
did:plc:otv5kxqqvhvr2zmxflvefyfp	3.50061338371006	1.83379949925309
did:plc:oty4nvvrb3en6aquctctgsz3	4.15977427973723	1.25584356598485
did:plc:ou3527ypfjwt5cvwmaad3qyz	3.31129877312135	1.82122095445171
did:plc:oueclhzcloufoathtcrkuwno	4.37815090162547	1.52283101581947
did:plc:oulhb2n6hiebh5k2ozjgope4	3.28103695328262	1.52856410467125
did:plc:oumswio5axtvp4f7nuwduh4s	2.94259760096241	1.33627203815289
did:plc:out7snge74crxgenaqfa7xnr	3.98258906019032	1.4594349856552
did:plc:ov2t6cikb36lfrztvgmygbi7	3.12362395599272	1.41669690563
did:plc:ov2vlvqec2qnh7niccegt3hs	3.33831192702258	1.43306185347083
did:plc:ov7ug7n5hqsvrpvqiwprijyb	4.56684898572571	1.10623804052321
did:plc:ovd3spwrgirafrqrosdmm2xv	3.79359376917297	1.64599167800892
did:plc:ovzliqlj7wngfhl5vqxfj4nj	3.33349773839491	1.36075113563156
did:plc:ow3372r6oz4cyiut4rpdcl7n	3.75579841813189	1.84545807035651
did:plc:owgf5v42vqrxb3tkzipguhnb	3.30764661028729	1.31918684791642
did:plc:owq6aswktxvhe5qn3g33bwt6	3.0418743945812	1.82343325774198
did:plc:owqhwapfdgupipntvqzy7kwr	2.5453971560266	1.58285709116636
did:plc:ox5kdq5jy5abqzrmwesro25k	5.48697642388243	1.47129191649537
did:plc:ox7imszawnevcvgitz4mwopw	3.74265317383119	1.52842968607964
did:plc:oxbx27fj6qhceiwx6cobybpr	3.82515498096833	1.61730455064746
did:plc:oxcwljeauzvffvhcbbt2assf	5.99717633778124	1.07815646869913
did:plc:oxj633obdqjfxqxss7pwlq5j	3.75273576367601	1.57119526458877
did:plc:oxkgudz3w527ibx43bemo5fp	3.47066617022961	1.46675120714613
did:plc:oxmvauswwqmquitjzwcfqqnc	3.9025037354186	1.59480492092151
did:plc:oxnp2panme65jo47h3zgt7pd	4.66118092036945	1.44662903740627
did:plc:oxozgknznyov6glrm3wfrsim	4.1667979919853	0.867591479439356
did:plc:oxsag7r2ylrbsrncquxqj7n3	4.38183105849251	1.71738246199514
did:plc:oxvwqhk2g7wxwvi27nzze53n	4.09580176469377	1.52744488022103
did:plc:oyef4zlzpuvzedgjzg7umscp	5.38756476426248	1.43789159346495
did:plc:oyik3e7twxpig5c7d6lo53jb	3.09475714824861	1.40675118185691
did:plc:oyj22ci3g7t5xjpn5xet4tak	2.94653216617927	1.56373456689944
did:plc:oylvcvdbqz5lrdufsds6x4sp	5.81712919094109	0.60965364591275
did:plc:oymxjkrgoatr5wa2fsetr4pz	3.73925263653621	1.46660317273132
did:plc:oyqgkvqas42tvox5nfhceayh	3.61124587838973	1.69850341771883
did:plc:oyqnwolr3le2aqyrofmj3put	4.24026151575721	1.58696345893301
did:plc:oyvbqtzl4gczlcuspkve7w24	4.56766063311819	1.32906121310476
did:plc:oyy5orovxqfhumbqjb5pj54v	4.65213219920966	1.08500034768565
did:plc:oyzrifdd7udxjvozkpcp5cqk	4.46847661942416	1.1008741020832
did:plc:oz5bbgqvn46mwmhvrnipn6ah	3.87840591502453	1.69265009890881
did:plc:oz7buciojtdsou6a6gsvk3ci	4.07425698370747	1.55799034839995
did:plc:ozbxcuncp6ho54v67n2w3vzq	3.5636400101339	1.64700415368792
did:plc:ozcrfswy2l5qmpwkcgwpnyoe	3.49684068830653	1.77332271361915
did:plc:ozebcaqgxotrrrs7hmwxdflf	4.24830280522615	1.38733798009059
did:plc:ozh67nxonfnlca6hnlv6nuu6	3.10943380780743	1.3903768300829
did:plc:ozklojre4vun6syevnzzf2y3	3.82510721430965	1.45086820210705
did:plc:ozlsqm7pullnjh4lwrzmjtck	3.81265234320654	1.57554274238759
did:plc:ozobidu4gshzf7yhsvwx2z7q	3.48890470820257	1.04349111191618
did:plc:p22urb5l7p2ye2psp5fcuehk	2.63356963336231	1.51507079476123
did:plc:p25vg2icul6dkgstk56vcvbv	3.23719626677791	1.77946891371658
did:plc:p2l6tunedlq2z7b5jm2kstfl	3.41194641594815	1.56502803405096
did:plc:p2o4e7vfzcb6a5zpp7e36niz	5.80835754585071	1.33479202922244
did:plc:p2rzu2behh2yycneul2bc4ub	2.94569058380981	1.45970841217171
did:plc:p2tnbvj72tdhx7ig2dqbu4cp	4.20320120989758	1.49989512723054
did:plc:p2xb4a7iuzdhsag35evj2hqu	4.13527742091699	1.37976147428198
did:plc:p33rht3dx3qamtgqulcb55j3	3.26942029470702	2.02459482682938
did:plc:p35mymbcfeslgtvu5yz2qd6r	4.64079848387249	1.52295409307921
did:plc:p373kwnvjkplq37hbplhb3sk	4.47229146109561	1.44065553311342
did:plc:p37b4mpratoxl2tocv7ufvmk	3.45608036605608	1.47620797942921
did:plc:p3bl2eb3rkfpa6hdsvnuifww	3.37714809651688	1.00107905722138
did:plc:p3f4yikmrtyjr4cg5nwfaqag	3.01945854747886	1.48465873097387
did:plc:p3gkehg64l5cc7ni34qdmhy7	4.39746328603109	1.55355493393413
did:plc:p3jmtmfts72cuf2zbqip7sj2	3.91193868924316	1.42889131796629
did:plc:p3nzb6k62z42amd2k7odkslt	3.95747367201366	1.30017067805516
did:plc:p3pnq53lis5jewjtufbe22gi	3.44602799407019	1.32890602866813
did:plc:p3ted4nplowt4wku2terlifi	1.82837119486762	0.474319901839677
did:plc:p42d6symfk34h775f3xmx46x	3.99888782401768	1.24998850282941
did:plc:p43yc5kyajv46fnkhmzabnyi	4.12779019664194	1.24817192597678
did:plc:p45hgts26t5kf2faxkzsuoap	4.75272344466872	1.59383241812108
did:plc:p464uedvuxtzckhrm4pfwxa5	4.49261751712246	0.86209514091186
did:plc:p46qfkusnckvt47dq6gcvcm4	3.45762875691428	1.59630849431481
did:plc:p4asiqt442jah3wavb3mcph6	4.09925420039254	1.57496537207797
did:plc:p4dbvk3agpixojujui2janjp	3.68329448793965	1.3610320614984
did:plc:p4r7judezttd7ozyttgabowp	2.9258395034915	1.50505601894759
did:plc:p54y6wics3zn72gr5m2e33n2	4.38257476451017	1.39437631023372
did:plc:p5jaiygwlam2tcg5fvi6swmb	3.68597220363347	1.29096948896954
did:plc:p5ltd4snq7tzgn2xrrwh2m4s	5.4039142127902	0.983192126370761
did:plc:p5ouuj7fjye7e4z7csqe7xrp	3.37651850577725	1.55435906453492
did:plc:p5ow2hgfnus3wwsg6byiwcrk	3.4402072409674	1.51946194881165
did:plc:p5ranmd4dqeebgt2co2palv7	4.0528101139287	1.60002853738237
did:plc:p5scvoieszf7yzi4goz5d56s	3.65284394142934	1.5347416381171
did:plc:p5twqglhh3sbt5ov7hfw6wma	3.28165021945764	1.75468539525798
did:plc:p5y7w5mu7ja4x2r6kitdcbpj	2.90416831253887	1.43024854552637
did:plc:p6223doe6s4k5o5br6hdt76j	3.23982337462086	1.97108246885024
did:plc:p64yhn6tg27yewkkbacwcbob	3.96706338359435	1.64576783988906
did:plc:p66mkq6cwlwstd24epqn5rkd	3.84749504268005	1.66965921585253
did:plc:p6enirhri3nbj3t6wjv5oj2f	4.20072945522208	1.55340138400214
did:plc:p6glcjamuv2quaqmdj4vpz4e	3.04573279887746	1.51433739868368
did:plc:p6harawcotv3hhnkhjtbhdxf	3.3597221316859	1.76389530080681
did:plc:p6j4ga2drlnu7uvontwu5vlx	2.92080092624693	1.36706820400418
did:plc:p6xj3tsdcg6ai5bdbv2eo7io	2.94330628256336	1.68339107595727
did:plc:p6ytpo7x2qp34nvwu6i254xo	4.7002208806511	1.10273984867963
did:plc:p6znpiwjqp46doobmsyuxpsg	4.68562669433003	1.40087284503885
did:plc:p6zu3guq7nhnh3g6xxz2u2e2	3.16195614214412	1.79013935979191
did:plc:p725brfs22rmh6t5bla75s2f	3.62719005896294	1.66142687627445
did:plc:p736fjf4fnjuc7adm6m6b37h	2.88794334485403	1.59856219145731
did:plc:p7g4hlrpkkl7xvndpsf3rxzr	3.59550353770765	1.52842966239984
did:plc:p7m3nqwru5tvvpgbwscqk64k	3.22861259098174	1.90501360111198
did:plc:p7onacjjh5lup4gauold5vrk	5.19664492207367	0.946832926458503
did:plc:p7rhaol6u4rd4q7j74nkbfyl	4.22150935224887	1.56369622922826
did:plc:p7trwup33clylydeezjg5ehh	3.90652509003545	1.23983468709152
did:plc:pa76v3v27pbhoty4b634qifr	3.46903643581333	1.79328135016008
did:plc:paa6zhodflzhmmg7r4edy3wo	3.41318234129437	1.56524752015082
did:plc:paaneupaxwldmj5pcyhqs4nj	4.48344474801016	1.09253852018003
did:plc:pagxgzfkajd3zulzl66xtaba	2.66944297201294	1.66648346348574
did:plc:parv4dqpkzpcp7bss5vsciv5	3.82378562946516	1.3194711432417
did:plc:paswwr54lk64tycvcl2bbq2x	3.37465355016469	1.39361434503613
did:plc:pauh5sxufu3nov2okvexgkg5	3.28419861477264	1.94555600557847
did:plc:payiputtni4ltsvb74qelbq5	3.11523097238369	1.62105662782788
did:plc:pbbgefnh33kkraec46mx3syx	4.13726413753801	1.20020656313407
did:plc:pbfrex6you4j5bleew3mi37u	3.2705675303334	1.39594367942411
did:plc:pbgfzdxa4casj3mwixit45vo	3.84706544224749	1.61207912013905
did:plc:pbgozw7x4quvswfripf4bgcz	2.63222157391994	0.699731506905816
did:plc:pc7hnprxwmeqfmbuhwpols5q	4.16021330531693	1.71273105288845
did:plc:pcbktvf7a7hrmbbwlayhsiii	4.54406135403523	1.38122295365786
did:plc:pcbvplnfbcyiln6d7sgozkrx	3.2534996212811	1.57040138426359
did:plc:pcelloljx35jwrepjylwc6uc	4.18139065538811	1.21859299655036
did:plc:pcglupi4efgngobq7kqvfwtu	4.35220012856023	1.13228452375995
did:plc:pcoalzyjrphfkr54du32wpka	3.30320745380065	1.96324728331465
did:plc:pcorajh6jkzjqsuhvrszgd2t	3.56887795800338	1.30700187649126
did:plc:pcv3gwlb7on432fcz4sg3it4	3.40412596527664	1.44828799179484
did:plc:pd2h3ripy6bfyozjdl5jdt23	3.81088205220766	1.34552294337939
did:plc:pd3z4q6m77efhx7hv53mujsf	4.44264397700881	0.996562211731225
did:plc:pd44rrrrzfhqvzf2kgei42kv	5.28659925106824	1.50435854076827
did:plc:pd66ppnn6j465edhjwdc6duc	3.75824011619161	1.27394928687444
did:plc:pd6prqmvwzje7frsguttdkx5	3.91099574908406	1.47780919452524
did:plc:pdbvpxgevwmx7dqobnpah4ku	3.19113424339813	2.02458798055992
did:plc:pdcf6vqqigzajfbe2tnutoap	2.77755460751186	1.36506637280785
did:plc:pddlj3p5d74oavwnnabawkzk	3.83833830843583	1.44210576967095
did:plc:pdou5vok7n2uv5sljrkyh4rl	3.31456507711673	1.66219755885306
did:plc:pdprzjf2we3vlply6i2jehiw	3.90100822975922	1.45855096956109
did:plc:pdv7wbfluhbaayeylsngtnqe	3.45850834709161	1.63638583343044
did:plc:pe27jq7h3ypslk2s6zvicceb	3.18275827605756	1.80191309703716
did:plc:pe6lbkdxldy7tk5xtlilmzv3	3.17369416260515	1.44574405358926
did:plc:peapyw3b5nnwl723pcrej4u7	5.66273823364697	0.691675396699204
did:plc:peb5hpdnmgavi5wsm5utytwy	3.62601189333462	1.57548613772673
did:plc:pebobltc2bmaxasaqnxey4xy	3.60978946835062	1.76803065503359
did:plc:pem62wrrsrugyapyyz2ckdu4	3.16866682396028	1.67087474687527
did:plc:per42ariyz6a2v7tkqyn5roj	3.96060247649638	1.39877276307592
did:plc:pf4xvfvch6bexuy62ajjq4kt	3.83037672658045	1.52614881111255
did:plc:pf5z2insi2hyxe2co5umcq2j	3.96775249362933	1.18267431251157
did:plc:pf7snlen6f4cc3dlgvfriz43	2.82863315704708	1.39915695765019
did:plc:pfb65ziea56zlbgvgtoklvd6	3.88871673652056	1.74251323001686
did:plc:pfbkgowsvn4ywknmo5jxdb7q	3.44195526579629	1.34673923024145
did:plc:pff6dvtwdiafiwj5jt6swjkh	3.76242002584781	1.37796206394443
did:plc:pfhya4arfglt6ugsh5w72cmj	4.11949539405771	1.3152012509147
did:plc:pfjirf2t3mnvb3zqf5pboznb	4.65707632694558	0.89881600972856
did:plc:pfjnwwipcb3hrmzrtlsaoemj	2.54481805026964	1.37083359415016
did:plc:pfpcvlbrk4v4symi5ombikyv	3.46406552148485	1.40020214916999
did:plc:pft73fp7wntrnzqe44455hnu	4.01373613042082	1.39477303136815
did:plc:pgir4xv5nyq3denp4xp2fc7o	3.32391961120032	1.79666303369709
did:plc:pgj3j5kkply2vjistuqoysvh	4.09438667115377	1.41280826866911
did:plc:pglatbef3o6hmitui3boelyb	3.69621027033631	1.72661880671308
did:plc:pgosaqnhwxdf5itk3cafklnz	3.90110142479343	1.38613514549473
did:plc:pgugtbs2g3w2vbupi4jzvvsk	4.21334289940172	1.41264536802853
did:plc:pgv3vv55dye3tza6alcjxq5n	4.10007731888168	1.53987347555432
did:plc:pgykrzwejb4eyu3tohvlbhn4	3.38928586428173	1.59840886594112
did:plc:ph3kkclpli43incbsdiv6tbr	2.71238879363022	1.70367830428553
did:plc:phbrul3rcxq5bbtzkq7ldokb	3.39984356375118	1.67689596785301
did:plc:phbu5sly5ucapqcwvn4rwdjb	3.55152776433444	1.41786185396034
did:plc:phcz3zspkyq4goimoxba7urr	3.91034690093019	1.32750582436159
did:plc:phfufxi5pr23peo3rwbjrgrs	3.55117254036909	1.50247499902636
did:plc:phidxgc2kjrvo37gqtpzo7h2	3.91545100460782	1.27019761508373
did:plc:phkjx4la5ors5amv2wpczt7r	4.00166708662013	1.43810202477661
did:plc:phqqg3qcpa2y5zx673hobpxt	3.39336532187233	2.18236080426498
did:plc:pi24fcyxh4ihdo67sd4ivgct	3.17511976069318	1.56859718084987
did:plc:pibzbkmzxzesxxmwppyz6un5	3.44125045737621	1.65212372001298
did:plc:pikobv6h2fpzngsjh6myzdkb	3.85699992626476	1.59313002095157
did:plc:piqwfu6rxkonbduoxn6q5ru3	4.16541155633719	1.46036740494049
did:plc:pitwbjlv3ud6yd34azjqyzr3	3.87996970296007	1.32085827760444
did:plc:piy3sycpo4ignvpylbtddpba	3.25693539915761	1.64300046879317
did:plc:pj43gv2j6v4uul747v5rk6v3	3.81022432219824	1.43887610246566
did:plc:pjcek5qaoamijpmedlmbzwrg	5.0628015643615	1.37057979722222
did:plc:pjmmz24cxvzonupdutqktdt5	2.7443112458261	1.40726571724557
did:plc:pjn26kneujkttnrhrmjzf5o5	3.58558548126756	1.64369821019445
did:plc:pjwuckmkcuafzqvp3qj7tjmh	3.96565351416774	1.36869670372648
did:plc:pk2mjbrjmgw5hkw7wyjofdpi	3.7884837265147	1.539110772842
did:plc:pkiizgsvkwbunblvxwhz2jrm	4.01790762533649	1.29766826156736
did:plc:pkjhu6cnirmqalium6zxl2gd	4.24447198335831	1.23452320285905
did:plc:pkkx6x5xr5y2h7jnyozhj7sl	3.44831334789862	1.55105651384658
did:plc:pkmgfrfxside34nisbhjogpd	3.48639402477435	1.52811038260708
did:plc:pkr6pupi3byzqznztejpt5ks	4.89543428340154	0.974845760413728
did:plc:pkstumsptvzcgwekfm24jizp	3.693440444082	1.64016434828864
did:plc:pktb43wqc6ijdc7o7qbnyi47	3.2066376493588	1.23971727810624
did:plc:pliwb6aqizxbi32zfozn4lvy	3.22509432928969	2.00207208198108
did:plc:pllroypkoj2muip5dlp5sahp	4.71438018858059	1.72365388289722
did:plc:plmyk7disnajecillwgalhyj	3.01938918371782	1.7656925901631
did:plc:plsus43z2ldscm27lkqoe3wn	2.85035746065419	1.47341147420601
did:plc:plvng2epbghcvm3pjtwnhcyl	4.21603106583963	1.54915968549515
did:plc:plzahxyj7mhqjj32fgqbsywr	3.95032179144174	1.82982577873635
did:plc:pm5bxdnb3hwu7azoqhi5ahrn	4.24763714065463	1.02924358732819
did:plc:pm5th6wleza3vslz2lqdlgqr	3.2339058857453	1.90883581626122
did:plc:pm5yhojtq6xm5sqy3ic5wy4n	3.64511595274217	1.57642359942285
did:plc:pmhscpfjwbbvh5w5vjjczbgo	4.13143366246822	1.76699305214332
did:plc:pmi7yu6rbjzrhr6xt7tdd64u	2.76837784763875	1.26452167662291
did:plc:pmvmkwculzt6zhuerb3bio25	4.11691031961613	1.48070568787048
did:plc:pn53o24ryzlout7enhofi6zc	3.72526997834897	1.57415761131424
did:plc:pn6vlfyxzkr67ftdqjulgcif	3.96472220072718	1.71874225147342
did:plc:pneajvxpsqz2qrnjaoxuxh3e	4.49770091680293	1.34508597545864
did:plc:pnfa5ova2u5dt7fkqii6hnyc	3.43772663349865	1.34220012320173
did:plc:pnrzknszsrmz2but4qbbnabw	4.99207829053087	0.955168606314551
did:plc:pnszwcaxe3hve5sumthvitaf	4.76886218898164	1.27029302366536
did:plc:pntjm44plexkgbvlrdg65lnl	2.64831344814994	0.599264210347053
did:plc:pntmpibgpeltef6g74v3vbyz	2.58949561514154	1.51135792612473
did:plc:pnxgxx62qbjncwxphshonp63	5.70428440879842	1.43316916866571
did:plc:pnykykcncrvirvjyy222wr3v	3.80359618715089	1.54835317474395
did:plc:pnymsxdz66vq6jsoxygzedmc	4.14633510866346	1.62590993171097
did:plc:pnzq4qf6koqfsplg22rz4whb	3.58284590743893	1.41069143329359
did:plc:po5xajovfbzrfwe73wzx7cep	3.38315596719646	1.44890129882568
did:plc:pocgdjlirqiciijz2pch5eto	3.61516312553521	1.55517840645601
did:plc:pod4ijucbfhkw7qgkghlcvaf	3.90958988239917	1.53465638647895
did:plc:pojbjfdjw4k7txajxzuh43bb	4.18406047337939	1.5274217794526
did:plc:poqk7qt7wogkeog6yb6b7t63	2.96492228948225	1.70690521017587
did:plc:poz7eqrdr3grao7nzcyswwyh	4.14905851211054	1.51437306642084
did:plc:pozh7r3dneukbffi6qjd3d5t	3.50334852428858	1.33906608537192
did:plc:pp2sfte2m7wokik5nb7ffmoz	4.81930916156906	1.27341093764634
did:plc:pp2wxkt5exbrw3hqad3q6klm	4.48626898508539	1.64202400795571
did:plc:pp3w6rbh54vuiwdmnm2zid52	3.87516153198872	1.7641702912653
did:plc:pp7afypbxap6tt2jal3ws7ja	5.43879263235242	0.410105231385448
did:plc:pq4oisqve62yqtjyfncrbeuc	3.90928901842655	1.35387284870301
did:plc:pqjcxw3yphmvjaq7dzw2jnat	3.65219902470771	1.27352653600841
did:plc:pqou4lzi2g7otafimv45ek4b	5.63301032296925	0.922655459758032
did:plc:pqpwfbiso6y5pc7fgruncrgh	5.8631591602848	1.40340213220323
did:plc:pqqse4rlj7lhatacihuu4omj	3.54800121257945	1.37850860517588
did:plc:pqrpanz5kb44nrcrzg755vnn	3.97543535301793	1.12286142580677
did:plc:pqvp2f6dzvth55bjbiofpo4b	3.4855586140965	1.58684104507251
did:plc:pqzjdo4lxatfmsg6kc3ainln	4.12743206788349	1.18726904339323
did:plc:pr5vf7zntma6g2o2ffb56esx	3.58665669943111	1.71844307133899
did:plc:pr6tsxsifet5hao2gojclbjm	3.08035947718395	1.48882284420495
did:plc:pr776tzm33th6zlltiggerga	4.2988961194271	0.964805740906966
did:plc:pra6ro5y5nsa3reeefvaf5ck	3.46815333525654	1.63298949475779
did:plc:pre3no4s5yoeanwhwsgake5t	3.52898195680529	1.66900969080331
did:plc:prkfbthzxllwkavzlydu2ud3	3.4507139114853	1.35244559758146
did:plc:prnz4wq3vp2bezjcusndcgbq	3.98204313334016	1.46783214345305
did:plc:prqz2jo4hebuu6f5s2e6p4oq	3.47419358734829	1.36097094894362
did:plc:pry6ccmp7uatwcgmc5t74n66	7.31799200474724	0.916146049905359
did:plc:ps23as32ksf42mpokfsmroth	4.45013268439226	1.05365421862819
did:plc:ps4uvb5axgumjwqvgk4h2snb	3.56862572109388	1.39343503127917
did:plc:psdu5qt2tv5fopt5dc5vnbxj	6.26889982885224	0.893399737923362
did:plc:pshkvrpm5dm2khriz2mgdo5j	3.47515151201838	1.57721769215302
did:plc:psiam3q7zjd4hdfn44ao644r	3.66705674371867	1.52661416318245
did:plc:psil5fsvlqu2q3x4gh2rinpd	4.27434516967895	1.28816757887539
did:plc:psiu6wh53purmxdqm3mzxr65	5.24720597575702	1.04284873035297
did:plc:pstpijnblaqlu45txubo5u6k	4.40706709905584	1.09919388528754
did:plc:psvjqvb5vrfguqkxzcykz5bq	3.22947543805318	1.71267260121091
did:plc:pt2t3u6v5ojgdsm4eohy4xrc	4.76676399484311	1.12612515544453
did:plc:ptamrx7o5nozav2ttrq5llni	5.22055055209095	1.09815531028155
did:plc:ptd5fyg5sz5iyossg7ulv5nj	3.81409247605731	1.67155070543404
did:plc:ptgdeblklj4qqhvodcd6dgpw	4.33534522803586	1.3351181507113
did:plc:pthy56mjuaayf7dxez3q6a2h	3.14870219884032	1.85398080309299
did:plc:ptlgu62knciqxeb2iljcyt5n	4.93680668798534	0.925208322150946
did:plc:ptoeexpa4ioezrlquxk64bff	3.81795020505777	1.59445455764447
did:plc:ptsbbcil373jo6mecmyultcu	3.75483481003036	1.49135930050628
did:plc:ptsmylxzg75hzupe5mzwhmjv	3.12274155327539	1.70223711243079
did:plc:pu3lvyjt2l7m3hotgvlolmfq	3.71132184513415	1.48796478634167
did:plc:pu67exdkks7sdpqu37vbdebw	3.08245336244394	1.71541043757896
did:plc:pu6jj23m2pvnnovqeekgsz7d	4.08869091171906	1.07013083225726
did:plc:puaneleagd67k5qnyqmlb3aw	3.09029389407264	1.25023615316776
did:plc:pufde6vw5vtgg46tyswcoqui	4.74906265597755	1.06595741692379
did:plc:puhddqj5xl4hwpwxjc7gge73	4.91701725993916	1.20294049699422
did:plc:pumzxp6wym64lfou42nwllaq	2.66931302807292	1.52785886045018
did:plc:puplqkyvlszw4nrk6q7kwavi	3.10649501249605	1.96384410053363
did:plc:pupscszyefomavghkmzbuwfr	4.11843517977898	1.49150965803498
did:plc:purlsflje4j3rnnuu4xeiovw	4.20127264996273	1.82881607675988
did:plc:purv5pjt7gzbiulorr5v2kny	4.03418417227222	1.58170834315791
did:plc:puwnokk2obuhgyevbirh2gmm	2.74138909031216	1.57155483626332
did:plc:puysacjz5dvhzf73uuv2pbxm	3.83008270121908	1.68147851925532
did:plc:pvchvvwwwuyccejwig4zioea	3.48247584270334	1.75231151087834
did:plc:pvi2olkk2zh6x64qyir5bbfg	6.03340508674298	0.911481384153775
did:plc:pvmvdvj2wqkznj7j5ndaxse3	3.5504356817275	1.59795465604754
did:plc:pvnj64kkg3blf5xqocsynuoe	3.82994532646985	1.66266078623294
did:plc:pvqprqezf62eawoat42dcxcl	4.39360760429442	1.29971686987866
did:plc:pvsszr6tjjrugsyu76sw5pja	2.63981594048824	1.6984415338862
did:plc:pvzpyfkj5ihhsohr745vphbs	3.86551865927087	1.34820568700284
did:plc:pw377uhu6exzkqz4lehh7esk	3.15637588339059	1.83988651791851
did:plc:pw42ay5ibp6zhawb4jbwlgj5	3.49041816959862	1.96663566766305
did:plc:pwbbkctiephei7us5nkavgpx	4.5992928506185	1.39541099214303
did:plc:pwdp37yop2cdl56c7nsxqz37	3.85254186829624	1.56473361924613
did:plc:pwi5zgogx3k2manek2kwoweh	3.65933003114236	1.43317448329675
did:plc:pwlwsb5uz5iy75tsucj5yx5i	6.89862815506213	0.721149577689943
did:plc:pwr7a7lgt4ekhgwgyknpnsya	3.65537481666456	1.26841280387073
did:plc:pwtjdiwezexjrqp2hjya2xbo	2.63251421354497	1.55790920475541
did:plc:pwyrvoajqcy4ovljrticprdx	2.36811785192979	0.508474052133985
did:plc:pxhtqqpl7sata5oeh4vzhi75	5.76459215173786	1.17876970349269
did:plc:pxvwgui2qtcsiznaknsiov3p	4.76744562776874	1.26220547121224
did:plc:pxxovwegikcnyappkpitcsjh	3.66045880369968	1.25180116333523
did:plc:pxynxmmezmpo47zqr6wjfyy3	3.38108313021175	1.45812647112541
did:plc:py3auipeejliw2krwi6q4spv	3.85657795289242	1.23486504393441
did:plc:py5dfegh4zlet2lms7jggpho	3.80314885697538	1.62224263868868
did:plc:pyaputpqsimwztcre7hvsymf	3.71304270834026	1.44796073666284
did:plc:pyd5vg2pz63k4xeymyk2he5u	3.37343648218262	1.61078716059187
did:plc:pydqhqe433kid452sc3h6t2g	3.38389510236531	1.88383917296111
did:plc:pygezgjazlpnx6pkzlemn3fo	3.70827260656475	1.16328627763817
did:plc:pyhskzjtgqzobpishkxrpeak	3.26552018240923	2.13791443044437
did:plc:pyi6v33mxtur52crsfjabmwl	3.2282041531453	1.24632426767786
did:plc:pykukgdfhgtzxj4axocj5l5d	3.09072862684302	1.81720617056839
did:plc:pynzlaxdpgzy5yfjkjztveit	4.30134390738337	1.38434363813057
did:plc:pyuyuuceicucubnfzkgczr45	3.86342982425754	1.52831357802168
did:plc:pzd2ggjcn7dnuk5k3m6vsjbr	4.61871625266345	1.66272665351768
did:plc:pzdjmqkff44oic4jbhrcvyzx	4.46687779721051	1.53138402513591
did:plc:pzkohw3r5xlqub4772k3x7ax	3.04491143804203	1.49524970174314
did:plc:pzlierichfwc337g3hewyevh	3.25366165127301	1.66457824807356
did:plc:pzpl2sbc3jbhjtkgoszvywas	3.18473983643287	1.50781298774897
did:plc:pzqzwfhobi4ezaldfcnwe5wq	4.45665434537049	1.20498457268531
did:plc:pzt36h6msabpnkhrongnkfhb	2.97059847915887	1.77760579276279
did:plc:pztfcx7q72z3fqrr5xowqmw5	3.84972011941584	1.83638078031973
did:plc:pzvb3ab5koarxmo6655knpge	3.01063008212163	1.4378032500596
did:plc:pzvckckrm32behz5bo3l2kyy	3.2847290870465	1.32099198967113
did:plc:pzwxhmev3s3hdsyeqmtvu5q7	3.97811863200339	1.5213027419031
did:plc:pzx3k3uho3x7pf4h6yyivisw	4.48165877760208	1.46104587332627
did:plc:pzzyemarabwphtkze6gel45o	4.59987772562404	1.22338001049885
did:plc:q272g2oeu7fbyjfw2i5spcq6	5.13443115313132	1.33752626006699
did:plc:q2e6wku4d7qgt6t4o7xarcdq	3.65976131817356	1.36044822149528
did:plc:q2lsl3moy4ikaeefifwool2f	4.10408044546015	1.35818443026186
did:plc:q2om4mrktauz7gkb4y5gnmqn	2.8619707933713	1.72787185106215
did:plc:q2umvtgfzui2icj36q2xf7pk	3.50634449257702	1.8281935293391
did:plc:q2zoyi7lnle5mefk55bznd7d	3.32874758449931	1.37349839349811
did:plc:q33dnelxlbkjne3rxn3ugi7j	3.4107120643813	1.38198581500031
did:plc:q34nq23tx4ov6376bmwjuw46	3.03454474884309	1.89960673230071
did:plc:q3du5l3mobvrzs6ylskkkd2a	4.87217421341974	1.60681177107982
did:plc:q3kooz3tidfyyeuulncsohsc	4.38537536179303	1.59465813537048
did:plc:q3tah7xpesemu6yul6aszpsm	3.41049606842253	1.67673851988626
did:plc:q3vb3r6gmp5pcl7pwdtrouav	5.71833076112851	1.0880544223794
did:plc:q3yz2wcdumeticblv5um2zgf	3.4696412675497	1.44186580238154
did:plc:q3zpnijwxmlmi7oitbfk56na	4.87667098325739	1.07772192782113
did:plc:q45wjwcd2i6y4m7yhrthhuti	3.56114973493243	1.63837578947243
did:plc:q466ha4m3civi7o3kieqd3tn	3.62118355860834	1.33805984460508
did:plc:q4b67ihk226yvmpgyjkbj5ut	2.90524071801081	1.37362934199192
did:plc:q4dsml3nwthlkpj5ka7swolo	2.86006332887717	1.30552410172475
did:plc:q4idckvwaqts5vfk3b645vmz	3.47415935854242	1.27490428841284
did:plc:q4kklac2car6nkqpfgz3weik	3.07559258600718	2.01103171890755
did:plc:q4rkxlt77tybyrtfhdyavbbp	3.4164342066712	1.26046079716125
did:plc:q4w35uxmlr5vkd2d6y3j5slq	2.7189880146423	0.594145364731094
did:plc:q4xytrdvahmxeo2mojfto3nf	3.11116001839207	1.41600206076596
did:plc:q4yd3m6rpnzh3h6rhia4avu7	4.513044731349	1.17284907798913
did:plc:q4ywxouugt46gtxeuy5ss253	3.61048759120891	1.63198376284509
did:plc:q522772nqrs7rygmuke26wtt	3.45834217645232	1.5256732946493
did:plc:q54scume5w3pw6w5tgu3z6ks	4.23825651840517	1.46244506915202
did:plc:q5k2l4nv24ebuw3daeu7y6hd	4.37568092075521	1.23417773889646
did:plc:q5ocpleyyk4se6aziuv34lw5	3.29164790993779	1.76629287224934
did:plc:q5wfxtcu7j3aubq4rodliygb	3.51423710639138	0.951455036639202
did:plc:q64ftwik6dhla2yy7syhmi46	3.44188961923829	1.34947628992723
did:plc:q64nng3a3apdx55cc5vgv7rd	2.34206856512889	1.41353813697358
did:plc:q6aiwxxen6v2j2my2qdqw6j7	4.03349022346323	1.72447356655719
did:plc:q6bhoa6vkj3jvatau2h6i35a	3.1024984149225	1.80511253515815
did:plc:q6bu4sjuwyka2bovfxfwf3hu	2.82129785418551	1.50352448045106
did:plc:q6dg7j6acimr34z53kxzwjf5	5.21807072632502	1.33046125658086
did:plc:q6foyrwylbsiknpnnwbmd53e	4.3300230812637	1.7925754340907
did:plc:q6ip5gnraurzaeqcog22t3kj	4.35741191011361	1.19783402164876
did:plc:q6nef5vdgfmu7igf5ticd2ko	2.92376708264788	1.38758677721629
did:plc:q6oigm7ska5ukankcqjfqko3	4.76870160800693	0.970280786422753
did:plc:q72cizhujp7qtx6kjerovmd3	4.08878263339635	1.1992208305167
did:plc:q75yaxsrjvg2ybkcjklj6xhn	4.45754156039385	1.32431255565177
did:plc:q763ih4uco7th4jxe2wvo2mt	4.71159833462117	1.73349489948836
did:plc:q775sn45ca5uh4k26klj6lvf	3.34949737217782	1.62422664219047
did:plc:q7cxz643x5hp6wkzpfnmz3y4	3.32991577849303	1.51058011577419
did:plc:q7mj3p7i2tu6ziul2t4z5k3z	3.90456777652239	1.57118190457645
did:plc:q7msldvfe2pxsqljfxpzga4h	3.36845454241719	1.43417226484777
did:plc:q7q7kykkdk7m3f5hcw4lobsb	3.88644782846768	1.53556680084573
did:plc:q7vkvqumsqurlodpe7jpffwa	3.75442025356351	1.41380935898371
did:plc:qa4ogdvxdkxcftowu5pjvd6v	3.86537122304679	1.79835413074956
did:plc:qajv4pom2mwqni2lbn3cm5rp	3.04939469171031	1.16282781087414
did:plc:qamiwrg74vrybjcm4inaagxv	4.38839013432836	1.25830274577618
did:plc:qas3zzvt6rbruew2ex4on5iw	4.01310056550125	1.45472304709005
did:plc:qasvsflbeobhi63bf4onw5x5	4.14055182921815	2.11805832386123
did:plc:qaxn3d7nuhgvhiaftkjw62ba	4.50354369569352	1.24103679713229
did:plc:qb43hhdchibzr5y43xney7ha	3.32323836273183	1.1820704653272
did:plc:qbe3b7ljafblsyy4dhkkgj7t	3.98548226878347	1.54842028569954
did:plc:qbg35y66bow3mncl2egk4asq	4.99555412803489	1.27393371582735
did:plc:qbkibffr4bqecixyjvebsu7z	3.31741695749026	1.51539270099271
did:plc:qbm3msmkljvkccqn4ohq4tx2	4.51294431236659	1.41605603012464
did:plc:qbw7tjngbicr4s7vsdntlsri	5.23346864001828	0.771677598937784
did:plc:qc4d3tytbqg6tkgc4kskjpja	3.92771776822897	1.40203666342515
did:plc:qc5sslqr6u5gxlb6yp5wdutk	5.84520707290752	1.06728414925942
did:plc:qc7hxegg7ri5bdlftaaozpzc	5.20218069573736	0.727133257193247
did:plc:qcczhhfulukb27zzy4clnncn	3.30808146832378	1.59523663803799
did:plc:qcfj32ctin7g5mjkdbv7lnjx	2.71555314688021	1.68692615217444
did:plc:qchknpf6n6alof2niz6s5jdx	3.85749012813158	1.6950871828563
did:plc:qcwq7hs5b4qd4fpwahdkyaf2	3.91500445670119	1.74296127462719
did:plc:qcyhi3wh57jmrjo2dmqtbgeo	3.61196477788652	1.96573315873131
did:plc:qcynh4t34f7u7yq2pcz2kyce	5.03545346324925	1.03558776047337
did:plc:qczlskepau2wjdvu3udzoy5z	5.64830327795544	0.91254435103158
did:plc:qd2qeilokhn74duj3zrwhxo2	3.59526925812675	1.49658220452672
did:plc:qd557kksewc7zi7a6khvnvju	4.02094627969639	1.34163947163132
did:plc:qdawkpy2wnefwrnvuqjwnqow	4.56152306040245	1.19801317716308
did:plc:qddf6keyictmv6ldznvn7i3a	4.27290188733378	1.31211604720148
did:plc:qdfct3qzcl2xwo3kmnvvx2a3	3.79391868079971	1.41143124766382
did:plc:qdfj7mcha3ebxlmkguf5dqtv	1.53556437612232	0.227342919776701
did:plc:qdgbybjeysolhgf6xq25l5kd	3.2470864458231	1.3786955234655
did:plc:qduubn7yvfwjjv2wpeofl6wk	3.05116758470966	1.32284389454354
did:plc:qdwt3knwl3ijddd46pzl6fiw	3.34800575532101	1.66703610207812
did:plc:qdz6jlbl3rul6osbnyyt545j	5.45651633735511	1.08524190915371
did:plc:qdzgjhv2jzlj3sx2msnmilwi	3.26616243700115	1.36283590462472
did:plc:qea74pn7lkren5iwdvnibxyb	2.9951413434863	1.70278859128977
did:plc:qeas7sucddkqovvqbhuq5gqi	4.44632533495644	1.29066836035978
did:plc:qedwabap4jlijaketratfyep	3.3405971416799	1.47159554768389
did:plc:qehcnndckfxiziv6n6etabxt	3.23918969776765	2.06052731746516
did:plc:qel2ob47xlyhoc3pwgf4cjwd	3.26923349861161	1.60332930748515
did:plc:qeoty6zjf7prs56xxnkwyxax	3.49334504345943	1.67186309986516
did:plc:qeu7bbumtalrgpfkgtwp24qv	3.24375695669268	1.3795744854344
did:plc:qev754p2hbvlso4orjna6i27	2.53101294950062	1.64644074859578
did:plc:qewf7n6oeaev6hjwqdq6r73m	3.93223843316028	1.64784826382762
did:plc:qf7f4kndvasmfsskzkz6ae4z	0.968499314363142	0.607871968643888
did:plc:qf7nvcfprjfmolgqvch2lwcr	3.33628995017814	1.53002385202249
did:plc:qfa3yezom2tnh3vr44g7qs2y	4.01346532332651	1.50758759810703
did:plc:qfazebrcmybgjfqpot54k7lf	4.19444837201583	1.66810692049927
did:plc:qfdxvbh5wkskhzosyemvznam	4.47471672110523	1.21724244288867
did:plc:qfgamooxvrijnyygwiprfsgr	3.31962089563476	1.65137663188739
did:plc:qfgmx4curwz2kusjt6yys46p	3.67866309783223	1.20559565014464
did:plc:qfhnr33vm4nrzruupr6fyruq	4.15916659319023	1.89851002790857
did:plc:qfpxd4x4bpynvvlll4uciqjb	4.5682346183335	1.01101031233407
did:plc:qfqdkaopiuw4x5sbmvtplc6b	4.17176304325409	1.36937033908896
did:plc:qfxoir4czyh6uvs6keloc64o	2.99596604986667	1.68579251972845
did:plc:qfyjz4rtsi5nug5xrhxnrxzl	3.5611023683823	1.71561134217873
did:plc:qg6k2jvymngm6htloac3mf47	3.06918265298958	1.84847149039334
did:plc:qgcjd2zdv7yosdefy5vldwno	6.55906501099219	1.03914693140998
did:plc:qglxzwfynlncso6put6dyw6j	3.41501503047521	1.7779158245183
did:plc:qgmol7tbqnqwr32vljv45vyf	3.36213795661258	1.40405814885967
did:plc:qgrlbs2rrdwi4vvqlrdierdm	2.87649534015491	1.7604771232705
did:plc:qgy766xbosy5knzwios7d72k	3.92114773489239	1.63711303477928
did:plc:qgyqkedk2q6qczpybgcojhov	3.8795523202262	1.23553482797435
did:plc:qgzmeppfekiqfawpzoj4crmi	3.54228691542764	1.63061394771548
did:plc:qh2lh2vchzb3lquwqrtvhmf7	3.67758624724982	1.69096554462836
did:plc:qh4au4oj6j362wpz3u2lqovt	3.87494827351423	1.62589557341585
did:plc:qhvrjow4zfpanrxvdm6p5nhz	3.47789142954076	1.49036825126854
did:plc:qi2czs2nqo4qdry7mcmidjr6	5.36714936906547	1.35205685594567
did:plc:qibw54esyudsoiazus2fbfby	4.53188578114793	1.31488657235242
did:plc:qibxoac5ahyhhcka6fu7t3bl	4.31170912393859	1.52968856867629
did:plc:qicdyrakltlsy4vr7kvu5g6t	4.2896862049334	1.51398242811618
did:plc:qigbkltwwzwzog5g6kjwsjla	3.0875507039839	1.50697177434489
did:plc:qimyxvqz6xwj7dduydy6zsgx	2.74635764209546	1.48887642610135
did:plc:qioi7bkjz6pu5ogdvmc3fuir	3.4010880388111	1.52043400900716
did:plc:qipbcjy3cdueirius6ffzqfd	4.0763552472039	1.36549433541515
did:plc:qizr4sx4qkoxq7kndriagalu	2.69446020622257	1.25056578283958
did:plc:qjpu2qyahoe3ug4zr6eyi353	3.29462440253568	1.75412601677825
did:plc:qjvgwzua5vqbf57lbycobppn	3.74302276181632	1.47816456874542
did:plc:qjvkrmhpfdjcafblpjfjcvnz	3.67765191128388	1.907716037707
did:plc:qk2xrp46kgqcc5xvbiwanrpn	4.04145682053016	1.14117163683077
did:plc:qk54ouiqsaerm3e4qukprzs7	3.68592648644175	1.31886859503163
did:plc:qk5drdrowytsmu4252mj35mm	2.91351154665389	1.06179957712172
did:plc:qkglighg3h7tov5agrjrxux5	3.51719035638063	1.63885842220327
did:plc:qkhyu647wbnu2zyqvykqyky2	3.11193091301863	1.79438386413907
did:plc:qkrhalec5yxfcpkyo4j3l7jn	2.88545058643984	1.63379386866563
did:plc:qks7zjyrnn7p6csslllqq4qz	3.00330990309199	1.96429344684229
did:plc:qku4q3xu4hx3r5kkg7lagtf6	3.18917881713641	2.04649645831691
did:plc:ql4fgqccft7lpq264rhtqiye	4.02384016119484	1.32862209907546
did:plc:qlbcbxs5lems6o5e3c4hsdmt	6.08110261836436	0.870984335178904
did:plc:qldebnk4hokn5y4quhtovqhi	3.33996481408566	1.43497232673861
did:plc:qleamtrzkrkadfqo5iqa7yx4	3.13157855658507	1.66222325552175
did:plc:qm4yxrwfkov4ea3at33x5fyn	4.79689894708072	1.3945260250892
did:plc:qma3mlzuolfg63wydrbmgwxy	3.49752978170198	1.6309933449945
did:plc:qmeurtpkrnaw5aydr2zjj64m	3.300285474545	1.55211988873704
did:plc:qmjrficpaxpf67agvwxyrtnl	3.19326539412959	1.49460262516185
did:plc:qmnr4qmmtxdz6lx2nqsk6taj	3.75451613582426	1.11732613774512
did:plc:qmo5qoax3a62fhttl4kb43rx	4.82038306481924	1.37418036374943
did:plc:qmxiwsopbondesfnsjfn4fo6	3.91424092271562	1.47245175453214
did:plc:qmysechfiyvaob5ftlniz4yi	5.91866932986004	1.02893817343396
did:plc:qn4mfxz3ltxjsytusjklxghv	3.43789835634446	1.51893570338188
did:plc:qn6raiqv5bco2j7tg7ux7sks	3.29045129215323	2.07190314558308
did:plc:qncidlkg7llcmdsqs3lv4nge	2.13057009347341	1.12023542092719
did:plc:qnf7zg4npw6c34a65kusnqze	5.63234030816757	0.912588563368161
did:plc:qnguwtphfgpjwgf3utruvtvk	3.86159592922754	1.68366226675685
did:plc:qnlrdyq4rsn4nj6lxafvbbso	3.60872296185858	1.72196085739777
did:plc:qnp66juv4t3n6qtz6jorki6v	5.40647152821654	0.747923900087755
did:plc:qntcb37efhi6pwlqrmc2m43f	3.77889062298527	1.53204471166143
did:plc:qo3aan5liblx23jb2nlf7rqd	3.40711585026929	0.406718196231495
did:plc:qo72i5c5h3edtw3b47wlyp4s	4.13000529695371	1.33927127124865
did:plc:qod4op6sbrh6nnmuvkvz7l4i	4.75654547480162	1.48313488295862
did:plc:qohib3anwfusbnzt4vxrsqvy	3.6739557684873	1.57780090076536
did:plc:qon56bfyfh5hevnph4f6vbj6	5.11341730285259	1.35471067807947
did:plc:qoqlt3pjxhehvzqpipu4l37h	3.03022224438269	1.29220177113278
did:plc:qotxxuowkhlirbin5zwn46wk	3.09092541335016	1.3085685906688
did:plc:qp64oogedllzjaha3cnnip6j	3.0382771854194	1.40108839025773
did:plc:qpauqibo4tj25l4kcotb5nog	3.90166489295292	1.3405690907411
did:plc:qpbgzbgf6ld42t6z2suimdde	2.63822833356589	1.71825114976842
did:plc:qpcktzw77t54bqyd3cyevpy5	3.93871023900593	1.46900362592736
did:plc:qpcz5yrrzd2njpcmoqdiw6tz	3.84679345248731	1.67634003121278
did:plc:qpemd3pjdbnci3r3ueau4sww	4.95775220190002	0.835170555989805
did:plc:qpmkos6spxj3h2yxrcir7ifh	3.59305118118123	1.06900197737817
did:plc:qq46wxsckuumtlpbai33bjhd	6.57862375796996	0.991196946243447
did:plc:qq5yty7o6w7pe3i323h342ja	4.05721852536679	1.71248689132691
did:plc:qq6xridjvodtwqwimjgcclp7	4.72365899494259	1.60230656037068
did:plc:qqfq43k7ga534xiivvop7tiw	3.32272568959981	1.42311719889788
did:plc:qqftj3avzlyrixkaqw6tgwzv	3.04028718761342	1.50136341301611
did:plc:qqktml3t2nmbhhlmiiki6vuu	3.34383870390587	2.023293859924
did:plc:qqndnqgyzdeghbtheisu2c3z	3.74398846321399	0.930636858053757
did:plc:qqpjtk4ij25cmx5ddunrkjox	4.20217904464063	1.35679438101858
did:plc:qqrhpjglf27b7gzl633nr2mm	3.57287229135173	1.53517071424127
did:plc:qqrwdns6bphn7nkmattbtomp	4.52854493378225	1.38966694165912
did:plc:qqtxjjkypd6jsiqqvj4ao3xm	4.01116851743293	1.15511209986825
did:plc:qqv46ulnklmcemmez4fatba6	4.38307509723349	1.64492670563673
did:plc:qqxkqb4su5vg3jy6rqf4kh4t	3.23975145289955	1.83504974389799
did:plc:qqxqlx5yxrtopienlespna7a	3.71964778779885	1.54200044802232
did:plc:qqzfyorzhimtjxd7hiz4nnh6	4.29978368680927	1.28519142465131
did:plc:qr4os2hqifg4yyg73vdz64dp	4.22207885830949	1.29645020565428
did:plc:qrb4w43vxf33fkf32jqd554y	2.96100069071878	1.10439539202772
did:plc:qrcsxsto5qikl7mrlom66wtn	4.57934887338941	1.13642889558286
did:plc:qrfihwmdxas2e3ni6ofkp2gy	3.3095679880579	1.49367400829518
did:plc:qrk7yschd26qbnph7zunnna7	3.49985425472278	1.86501137206458
did:plc:qrmgfsn4hvxxgsdr6336c5cr	3.64600129007333	1.54709299641705
did:plc:qryn4gd4z2qbhmzbkkgqs3uk	4.07273533223043	1.9183278006695
did:plc:qs5srdgaoyg3kfm7rnx6gir3	3.08911874356005	1.51909746206892
did:plc:qs6c4vdine62vpuhfz4vgwce	3.94494279814769	1.66366338363171
did:plc:qs7xf63ibnd55xt7h5kbwa3g	3.64402837904028	1.44621634740353
did:plc:qs7zn7rllqizfyiba467nytj	4.49158015503056	1.33649741269974
did:plc:qsc7buqoshgkzmegcjp5t2ut	2.8320028442251	1.80930161065548
did:plc:qsfttg2xhqh34ch6sgr4eszr	3.71564088708523	1.54725944836007
did:plc:qsihpjbwqio2zenfdyxokmyz	2.7170391575781	1.67203308545257
did:plc:qskh6nwze4hsygaodrgdxzur	6.54813831166129	0.954988642790154
did:plc:qsmdo77mm5sehwjzrorlgsrd	3.39692119731015	1.5855317545385
did:plc:qsumvzmr4rnwr5maqodkgjjc	3.23667899808902	1.75086377296141
did:plc:qt34wvpkub4kzgztkarx7gx4	2.72904191368986	1.38037261655339
did:plc:qt4j62khttgoakru2bqeq2n2	7.65811354745042	2.0177370817021
did:plc:qt5bxgpirbaj6t6wiq2qzemj	4.51408234479128	1.27905407886545
did:plc:qtbd54mh26xi6pf26ywvjwgi	3.81114657746501	1.46934645946455
did:plc:qtdnyojbva6ry6mlkx7kggjo	4.11869718455307	1.42788420855556
did:plc:qthvjsmq4xj4clfynfgs2jxi	3.01105809701526	1.32302211730962
did:plc:qtrgl3x47vyhp3qrjm5m75dc	3.95200489676546	1.51409023253266
did:plc:qttuazjs623cg45mucflwbl2	3.38469334154842	1.29504706064538
did:plc:qtxgpmx77o6raawdpg33s54u	4.19488056452083	2.13018451145232
did:plc:qtyvwx5yeudjqscv2sbqloqq	4.24239769933318	1.56145098118127
did:plc:qtyxegjwo4dmryohgqlaqkp5	3.36887984802228	1.36432228833603
did:plc:qtzcrxd3uyzqpiyafyoihx66	3.60906221854815	1.27391272108989
did:plc:qu2p7mwyewihbz7x43qrnkyj	4.46247976802427	1.31310729068782
did:plc:qu6wt2gymm4qcrrg2chtb4zo	3.63049497931753	1.4298559776531
did:plc:qubsmjf6fazkxnlhkmgollep	3.93331790665236	1.44744747024786
did:plc:quiuf6fo3lr5vbl2azlec56j	3.90048565350937	1.25199918186487
did:plc:quj6tximauuyrbluveedislo	3.52829184029202	1.37721338531324
did:plc:qur2r4e5ca2al2apkgb4x4hi	4.1368953383567	1.27753787014072
did:plc:qv76cs6rd6o7tmoiiioakgsp	3.80584678169323	0.980810403575125
did:plc:qvarr3k6ctshiuvlqcjxl5a2	4.11242196486714	1.51386695283299
did:plc:qvbqk3mwbbsmpmaws7f73csm	3.11223481555609	1.4668228529218
did:plc:qvgocn5ufqcdvwpbohcgfktk	3.02708738489131	1.5139496438141
did:plc:qvkjhllxskty6xwqqi2noxhv	4.25701312453167	1.08246458281963
did:plc:qvl3e3nfy5jzqb2fumkgwrbg	4.28126165047027	1.45789949817024
did:plc:qvm5tkarb3mg6eztyh76s6ps	3.40313546722945	1.82083232948002
did:plc:qvmwh3rbrkwdz6rkgavuxnnn	3.25447399411775	1.67627700229673
did:plc:qvstvf6qcitob3vt6fsshstr	3.05170027408077	1.3640699864255
did:plc:qvtg7oao44tndzbjvqz3nlh6	3.74198290487507	1.48710177752736
did:plc:qvvlj7h7stjgc5hzka2i62ra	3.03909942582589	1.9066786859841
did:plc:qvxpqpjvkcly7yxiukuekm3c	3.74170866999404	1.47563139837605
did:plc:qwhfon7qmscgdbmijxydug6j	4.32117917747844	1.28936506318168
did:plc:qwn2saaruuwfhfwdy54zww2y	4.12615248061603	1.35045677077367
did:plc:qwxltffnvyl2aryb2szm3c6j	4.43745500681921	1.58876655168964
did:plc:qwyiczdmsxse7ztlys6eojv3	4.29038876387138	0.927704527516503
did:plc:qx3wra22so63lqoc3kgi5bep	3.08902166906332	1.514800042527
did:plc:qxbzxk5bubfxibb5ygikxyia	3.65560276559896	1.2439353108179
did:plc:qxokml77kmpzcqi7mob4t4zz	4.04030140261546	1.40942257419893
did:plc:qxrb4beuep2ne56xz7nhbas3	4.41697308650247	0.917067941394054
did:plc:qxwbyf6edkth3uwsdyqv575e	4.15910663854078	1.66863587077049
did:plc:qxx6u5uq4mjwsj4jmhbad2rm	4.37821568859549	1.33160342383735
did:plc:qy5ncukhhxtt63am3td7o4gq	3.16461729387582	1.47558509494287
did:plc:qy6jyj4tpbqb33a44wx4gsl5	3.92681572587358	1.45439961930837
did:plc:qyan2xqopiif7q2kg2l225jl	5.50277074718471	0.508551533384645
did:plc:qyc27pvtcg4yma5bzujf6cdg	3.59875499907467	1.86638024632655
did:plc:qyeisnyrbs25fjlvbst4zluq	3.26722213843568	1.83221576306718
did:plc:qykhxrvxlby5nfsvtnpoqaly	4.69536873713081	1.36237409515214
did:plc:qyl37k4j57s6mrp6aguuc7ee	3.43099686747253	1.49060649732276
did:plc:qyszhjvtmodjzdn2kqq4xhza	4.77817035543484	0.891387418403552
did:plc:qyuknuwzrnjlldcyowknz64l	5.5253511200955	1.00868806927981
did:plc:qz2dun535czcth7iqk5fjbgn	2.10250976602482	0.609769973826357
did:plc:qz4midww3fn7hbz5gv2nsfc2	3.76009835456596	1.44558315714291
did:plc:qz7tnw4zblmo3engbehuukxl	2.56475039638137	0.80972679808696
did:plc:qze5rb3nachrluxjuax3eolb	3.89203402030312	1.54635104593457
did:plc:qzhwn5kijswjg3vauhr7r6gv	3.667129369887	1.39440610270443
did:plc:qzikeefmi3f7kl4yy27ghmij	3.6742810343049	1.54633615717259
did:plc:qzj67jmypsbh7mfypv2xgjeq	3.8298580761526	1.5896307396175
did:plc:qzjjkzffdg6p7enhyrrrmr7i	3.34643674522062	1.65395679299998
did:plc:qzjm3ljbw44fbn5whpgmqpjy	3.63387253727422	1.60611298401508
did:plc:qzmismbtdiyufo35c4tivv52	3.89925442064855	1.84694623491228
did:plc:r2b2d6cgrmhokbcfagfwqqtn	3.51076584642066	1.45985891314401
did:plc:r2dcp3qdgrh6uza5ofkklcso	3.72561374215661	1.68153675695732
did:plc:r2gkir35y5qpxqe3fygtbnaa	3.07338226036606	1.78222699164968
did:plc:r2ixoklgwrhcibocj6soouiw	2.78421574475675	1.68721039582176
did:plc:r2j3eyuz7ftb6i43m7s2cjcc	2.53394713297038	1.37059858727231
did:plc:r2kvokoawqxoyjr5nyte47fs	4.15514734125882	1.54152584499689
did:plc:r2kxagfq6jcgurlqolywundt	3.8551281685899	1.31556527543524
did:plc:r2kyfgavikzkrh6u4v3u5kh6	3.71723887630456	1.17702317032737
did:plc:r2vidqp2jucmqorrqyitmhjz	3.88281086842316	1.17099349605832
did:plc:r2yh3sqv5gksewsv7xuizgv2	3.58540392453817	1.7337036750549
did:plc:r344sd2j6uvo24tgpai53fak	4.03810200868548	1.49719631791894
did:plc:r3b4a46mcioks3whz3eh6uuq	3.69392758115837	1.73324021836695
did:plc:r3chnhyweh3qzttndk6htom7	3.92412067716757	1.38363626235804
did:plc:r3djyc3wcuipehuupkhjgjzi	5.5817886185822	1.45922354003301
did:plc:r3ijauga3mtzy4p36vh3kdf3	3.46323052411095	1.84325923520153
did:plc:r3kz7fpbrb4xifmpqz2zmrz6	4.59836017329492	1.28975810394743
did:plc:r3muxvmj53dirjs75xbfgiqn	3.50111332113548	1.62494206401779
did:plc:r3nvqufj5mohwopnnai5mxot	4.54386679608833	0.938832241772656
did:plc:r3qhk7uyb3rer5vr5i6ntrtp	3.68007949686824	1.35975446863673
did:plc:r46p2yohiyyxqfvvmqhbjz3s	3.37149022094324	1.5899203980457
did:plc:r47wsaetaqaoopdmddfbazs4	3.62983397412836	1.44857446810629
did:plc:r4cqvw6rwhdpopjc64ceganj	4.5994798130869	1.78000739600904
did:plc:r4fryl7wr4dvdyc73e6n2fpb	3.37371709463649	1.39139587460245
did:plc:r4hhyr3xbaqpdhzqpvtuw2ac	4.08154089901634	1.42195539769489
did:plc:r4ke4spqlv3rtw2lcr4i6jvb	3.40425954378544	1.68328600780269
did:plc:r4kjp5zx355ikubx4gclziig	3.49042104295589	1.20786969100019
did:plc:r4kprj7itxrbg73rzin5droy	3.41118886203495	1.36746868035767
did:plc:r4nmosadgirg6ubsyz6gkwtq	2.41258460327972	1.38639364875694
did:plc:r4osb4c6rzipllusjbgc5wtn	3.28102796139289	1.87665254416954
did:plc:r4qm2f33x7rwpnvio7ltljtv	1.72919976006829	0.75462970018148
did:plc:r4revcsehel6oz27mo2lyfan	3.5648531617724	1.53561902409444
did:plc:r4wlqgsd5auorhnukondrc7r	4.12196255005983	1.95040247829703
did:plc:r557vy7pp374or5jmmbzj7tm	3.93307281776885	2.04646586091615
did:plc:r5fwyxwxwq3mwoynjt2tkvot	4.67678159236851	1.1770290310264
did:plc:r5optm4ozlyzt5trgtyuypz5	3.1083200400937	1.82615716422229
did:plc:r5phkmne4gmwkn5flsnjb6rd	3.48514157723361	1.3664684455157
did:plc:r5urwk7llhkocsahdnsfevm4	4.78784042661628	1.02933838481402
did:plc:r5v6wfcftjeon5ouztsifwmu	3.58471214123246	1.47999917281454
did:plc:r5wfqowcynorym5ijkuyhy3v	4.70030845743242	1.70987164430259
did:plc:r5xyowpfevckgrzrgufheyjg	3.49330737474073	1.6713354115204
did:plc:r63juenfni5lyahm4prwvhdg	3.45198491199041	1.72349084475864
did:plc:r63o2fhtho7q7ympuzv2cnyz	4.00813950300873	1.21647154396218
did:plc:r67qo5c6hu5w3xnp4y4dso5m	3.67632787033206	1.34017246853044
did:plc:r6dha2aqoxvn7qgtbeut3i6f	3.18460969126314	1.66569738482498
did:plc:r6jnfgzrzogna3gtdbeasghi	4.66629210700678	1.35420115278949
did:plc:r6vy2ghfhw7znpjvjyjdcayd	4.14453989221346	1.20903043441221
did:plc:r6x7ba7ezl42w75n6ejsix7d	2.67420166397353	1.56777893171109
did:plc:r72ogceg5x4qfg4xwkqvj65v	3.66488737575394	1.20572328895619
did:plc:r73r4yta2dji2cl2gpnh2bhf	3.79640274871947	1.58953900508148
did:plc:r75unbj372lvbim6syioaueo	4.03973125439438	1.57398451714215
did:plc:r7di7ylef5l2mk3jb5kzty3j	2.93178026307431	1.29879301149996
did:plc:r7dyl55f7soxeiipmdk7asam	3.52181401973083	1.42671589606605
did:plc:r7gwbbeokqekxkqhtzmxlgpm	4.24742629286185	1.51945693963457
did:plc:r7lvxhcj2c2thqlxg65ha5r2	3.24768303144676	1.56231721290613
did:plc:r7sixaeveu47szdyzguidcjt	3.74431531346132	1.70034308649566
did:plc:r7tklhltyumewlg5mjwc6auy	3.96180994486044	1.87350825024024
did:plc:r7uct4wpptt575kbu3u6a2ul	3.20097135431722	2.07827444365504
did:plc:ra2rglzqa6t7zwhwwpzzv2df	3.67839256865931	1.39779346300153
did:plc:rad7d57fnrl5jnerseh5xpzg	5.4330233828339	1.13473390982589
did:plc:raeobuautsf7tqftsmdgylog	3.29014616180893	1.76423143150669
did:plc:rag5pbxq366ock5xwzryb7hl	4.05967041153836	1.53968024898029
did:plc:raiusl47hq4dzrvdmvfz2r4b	4.63010050462675	1.22938088149927
did:plc:raoex6mqzvf624z4iehi42za	5.27833548748044	1.13262647153913
did:plc:rapz5zkxqhphyjd3iosaf7lv	3.50895320046904	1.75001530535347
did:plc:rasmhmqujn2b73rm7fypa2wp	3.41597963584607	1.93524903744559
did:plc:raujtnghsonvpkuqpxja5icb	4.2330930046416	1.55952668326594
did:plc:raw6o3di3zlnumbynggdez5n	3.43625368983569	1.62305409720985
did:plc:rb75exanaamc2vqsbxcuy63f	3.49049150367411	1.69090864837863
did:plc:rb7crpqhlukud3m4fojg2eie	2.90128400181003	1.14486014396782
did:plc:rb7r2iw2mmjfkgad2opyrqki	3.21115696703734	1.29003886073296
did:plc:rbagthtgmudafxcfdm7yjsdy	4.25951874125453	1.49184663293617
did:plc:rbgiibpztro6o5r3f4uuyzon	4.21150519268519	1.39389863151967
did:plc:rbglmrdl3qdfru32ontifj4z	2.97867767680333	1.57150216536871
did:plc:rbiznwn4awwu7fo2vgad4m5z	3.4933418141194	1.51985034039493
did:plc:rbjcjj537zqgxqgbvc6kpr4u	2.86998650635397	1.18645081423049
did:plc:rblmizpyu4tdnnsrtau5fbdg	4.41805155506084	1.57500694799735
did:plc:rbomaemxtvpeomj2ifvzbfvt	3.75638926258281	1.23225732748645
did:plc:rbs4anrxtlqkr4464mnji3xv	2.7171709061712	1.74218456448223
did:plc:rbxxarcv4ytt6vnope2edo25	3.95421517949933	1.47745324789983
did:plc:rc2mdklmwauariryan35igji	3.59747813592883	1.71545416874239
did:plc:rc4yd45se2b7ae75hae23q33	3.31186836750129	1.58901413186487
did:plc:rcbtijt7wcx6mpsmzutr6vym	4.12848487992318	1.96525177629534
did:plc:rccyw5qkuyakyrnrd6n3pvmg	3.47406563108389	1.55388351616737
did:plc:rcgo2ebsreyyce2x45f3tzid	3.7904211897553	1.55175761512131
did:plc:rcgpbhhxwtdxvhy335k25waq	4.37478882461324	1.02891872672202
did:plc:rchri5g5pxyvzq4wzbfo3zs7	2.75548919519381	1.32567638923908
did:plc:rcjm6k4airseeqz3fuf75xfh	3.1586687522992	1.41311574642063
did:plc:rcmg3vzmkji4oko5fh536sme	3.28967805805844	1.91516958293402
did:plc:rcorilhsobjdgjzakq4axp47	5.56133571287771	0.261854294604848
did:plc:rcslmz7sul2jjoiq3xd3dw26	3.59771290278953	1.5862066290534
did:plc:rcuw37omqud7tokjtqv2zr4q	3.34971727168008	1.80034116493543
did:plc:rcz5cii3onehoft63dbdnrkd	3.37738673297966	1.50368776322838
did:plc:rcztifnflaoqmjhthpuxk4e4	3.62443720340393	1.60817939832372
did:plc:rd2ng6ryl3i6jql7sdg6n7ew	4.17241451607215	1.52481306378167
did:plc:rd2xdlgaig3fhku6qduk7ivn	4.48031308829053	0.991562636894728
did:plc:rd2ze2d4aly52fduf242heci	3.77059612030469	1.1767188277874
did:plc:rd3pw5llvoi52hgn6xrthi6d	3.54310216237241	1.11269620633106
did:plc:rd42udm7ejvwdxzlvu25pvcm	4.11291972079712	1.56266379949875
did:plc:rdap6egyjvtyuswgfhnv6yhv	2.85647698615829	1.38792698256717
did:plc:rdclybs6hiw2rugrnb4l4och	2.95187327455483	1.43630694156153
did:plc:rddjg7stx2vyzvikxguiywb3	3.00234235054618	1.87504592791364
did:plc:rdkozsvjst5gbvgfb7othbau	4.99197742368135	1.62945339313603
did:plc:rduuoyorsk6bzluwtjpfexit	3.98857310210876	1.36941964296119
did:plc:re3v3efkkenazsiy4hv7rhnm	6.50031914034044	0.934874121337734
did:plc:re5zu6qifb2fec6nsvhinsfr	4.10779929127094	1.45383464612253
did:plc:re7ltu5dbclmngqw2uu63sa6	3.77376604825808	1.55641975107356
did:plc:recm6tpmhymdjdxox363iy5e	4.47092590043095	1.45998769362232
did:plc:reoikj3mcbm3awegojelr7kv	3.49300222731013	1.22727639899533
did:plc:rf4l43dgsapllopqrsbgemlv	2.70986800482134	1.70601735686201
did:plc:rf7jurz6witoeuvv33xyw22l	3.2384007377066	1.81084597310099
did:plc:rfcxd2znpbj3nmsf5plhvdcw	4.52386975567153	1.26183589396522
did:plc:rfdvm5woqrjihs7f7oy66lvv	2.8920338152699	1.40786269746013
did:plc:rfg6sqxevi2qaci756nytfhi	3.38174005846198	1.41650989065267
did:plc:rfh3nwevtp2us6reax7bhlin	3.96063256527768	1.52402546493245
did:plc:rfl5vnjsa6jieuxnmyc7hphy	4.00913204050842	1.44614176981785
did:plc:rfpqc2imfprsrp33oslya3sm	3.92774610538733	1.31873683716613
did:plc:rfpt7m3msvuym6rgud73q5po	3.860043773844	1.37401219494331
did:plc:rfrel3gnnpydxt2cmq2qprfd	4.54229455925638	1.26012631808891
did:plc:rfrs2oho243s6ibjulq4pdpo	5.30182391939441	0.928855577485239
did:plc:rft6pvkbn6txujarj32x3svo	3.7854046189244	1.3534177137575
did:plc:rfyvkycfyeqlj3u3hqrmzwpg	3.39316070307639	1.30905213674081
did:plc:rgcu7ltu5p3btpeslinaekno	4.60737605765419	1.43739135375294
did:plc:rge3xzuefhrjzoylo54mos6b	4.14113647303869	1.40271311319509
did:plc:rgedcsgwdfnqkhys43mwnad5	3.34064239661375	1.42143938007327
did:plc:rgj74acsrvvvejojb2ysh33p	3.42454371099629	1.58138083295032
did:plc:rgk6szzn7e3yvcjnjufnsnsh	3.59210766441436	1.76527059268181
did:plc:rgsyhfifhzpa2pfjdppjoqj6	3.84197871696174	1.51721599681562
did:plc:rgtax3ljy32auykxkfsss77i	2.87496354620224	1.66285287907833
did:plc:rgu7fdthmoy2tm6oaboh35yx	3.61498407320223	1.32054050523818
did:plc:rgvax2s63zppsgy7ncescj7o	3.60828316663685	1.33038328926363
did:plc:rgvnc4sthonz2kyk7uygs3ji	3.52570414609568	1.06489265148639
did:plc:rh5ee7ntwkst3icoygkm32b4	3.60649986478039	1.65846029015224
did:plc:rh6egkarc5seqguicd5kx3hs	5.03917712947301	1.51849502123599
did:plc:rhap7zyltv4b7yjwbpn4dzxx	1.51248351971653	0.78515509757244
did:plc:rhbbqrpebnwwmrfdswjjcfvj	4.9980816437074	0.579631972267191
did:plc:rhgvmjnvacgvzlfrxinmhs6k	4.79160865064057	1.54526857297132
did:plc:rhictqruona6jutbf7soyopx	4.18639824116219	1.31205403162063
did:plc:rhiyehgquglvbbb74254tmod	3.93402976458887	1.78070969102564
did:plc:rhkrhjmjsnvlqvd3ocw24gkx	4.83637401738771	1.41475222250325
did:plc:rhl3dms7z4bpcib3cxmpube3	3.57718926443588	1.28861756067332
did:plc:rhrn377goexqtlr4mdemofs4	3.67446775541215	1.38911791039257
did:plc:rhsmbgu6arxc6hhb32xijzei	2.82618067045361	1.50535304339044
did:plc:rhx2vgb74cisue3pu5rsxme5	3.04584204987169	1.70994044461122
did:plc:rhx5djgpfq6cmnfd77orrphm	3.28535607901725	1.40414429973346
did:plc:rihj4qusjp7ofda4zq3huyix	3.19011828763511	1.88069786239516
did:plc:rikah2ee2xp4hnchbqd2imgo	5.22032890853463	1.24987171848371
did:plc:rj5qqekdkb2xnxwglj3oedzw	3.7302120411832	1.24589436462989
did:plc:rjd2yngmgzmxmdyiu6je6z7x	3.24714449195889	1.75137488328829
did:plc:rjk5tfzviwbniu57gyhvlrmz	3.73131170785288	1.6073682093125
did:plc:rjlaxtlltl4qyau3t6hvvhcq	4.58305891144396	1.16800155558544
did:plc:rjobud4aryxe7zs2gjm5pw6r	4.02130277970908	1.14654529421535
did:plc:rjow55ydbcxb6ep6idposkks	4.24277167982043	1.27286477738851
did:plc:rjpeaz627nbedhippar3jcik	3.46085187253012	1.51609623708143
did:plc:rjtpu4pehuhceyupmqvrw2aa	3.19684297927565	1.54752075460589
did:plc:rjuel2idbd5cvtf3toemjznp	1.74699317763982	0.488081494964155
did:plc:rk32564azfdafhwkno4bsgtd	3.72747799329167	1.51945179108636
did:plc:rkj3vlmh5qoc2aev7ethunwf	3.2185783906874	1.84670568637426
did:plc:rkk536sh3t33ldukqaeuzmwd	2.82949744540393	1.44570253735279
did:plc:rkkqmw2qy4x5gn6ircu2r2fg	4.7285943104693	1.29722649439601
did:plc:rklcctqzsno37idusf63i6nz	4.12570398699389	1.2505068180953
did:plc:rkphadh7g24bzbnwejr7sgyc	5.14435958948647	0.725825736811061
did:plc:rl2nxgdg52emib6guotf4jp6	6.01565358608992	1.1532469718906
did:plc:rl4kqccq5hka6urtcsfbf67l	3.61105950514335	1.59936387469966
did:plc:rl7veq6ixcxbvxskltypdcpa	4.09186310696096	1.52483001820154
did:plc:rlidpnttocfm47k2oglykazt	3.74430613515011	1.38890779257652
did:plc:rljw5sqscuxbamy6p4i4nnru	4.01929607917759	1.68740550714662
did:plc:rlofoynf2zdcqn7rftrubyl5	3.03627543251691	1.31991797934617
did:plc:rluncbvo7zgltpiptlv4vak4	3.35471377608413	1.69015190436797
did:plc:rlvt2cwqrmtfwoxp345e63ew	3.483785429105	1.52681846846053
did:plc:rlw7rgyj6otevoekiser3i3e	5.01560995397181	1.36304279057556
did:plc:rlwmt7vo6ywcbeijr7torp7i	3.02021358809453	1.90064880915638
did:plc:rlyj2erpfznhxrbxhhui54gb	4.14685715690111	1.40877664341395
did:plc:rm2jwzboa5lgdjco3befopgf	3.26335948391551	1.68835851761692
did:plc:rm6yk7mgj6b4e2jctuz6waoc	3.28794060181041	1.70151352993901
did:plc:rmiwseizbfulyxuhtfdu4qa4	4.23379625376985	1.61776762062152
did:plc:rmj7f6bvywspergpk6rgdy72	4.17335537891423	1.41462491179242
did:plc:rmqahs4r3ogkejvkixv37epu	4.71565694676822	1.64869110455592
did:plc:rmvpbkojen3354esd6hygnoo	3.47186003521077	1.40268921298606
did:plc:rmxkl2zkwydsi3x6wxx7t3qw	3.53805824981383	1.52637341175087
did:plc:rmznrmchxbzm2hvpnd72axyt	4.28598024182956	1.77230885611303
did:plc:rn2ylseb6spqru66uq6lumdr	3.61509453054806	1.77574054564594
did:plc:rnarbkxqgnbm7azqgqfch3lq	4.48301486481038	1.4306410147336
did:plc:rnq3emcebudvk4bvnbksuyyw	3.58182152368747	1.73084930943184
did:plc:rob4knbu2ivvhzwmn6smk36t	4.08226874093601	1.48577033707073
did:plc:rodpbtvsug4hiov2fwebk3ls	3.31216028216957	1.47377233002137
did:plc:rogoepngjjelifiyagsptfho	3.67038337904942	1.68186732316372
did:plc:rookh3skgve3jn5pa2h4zhoj	5.4128295523925	0.602793725789466
did:plc:rovmml4o6i7h5xz6ddkrchho	3.07011722452479	1.65485641522177
did:plc:rpcnnarue5g5imr3vmnklw2d	5.58084565373044	1.05366659456804
did:plc:rpijbea7tcxzn2neauffskja	4.18608210318992	1.24332131731294
did:plc:rpila3azcicrf2tybobwkhbq	3.69926632999983	1.30660388537986
did:plc:rpjnaiprg2f7ba2cbmbayib4	5.327035176345	0.786061346259075
did:plc:rprqrm66ncoh6d52bsxucsjf	4.8425200318563	1.55721721405007
did:plc:rpsa7ryxp4jrjnfmkwndgiyr	3.83562556350961	1.40572114115831
did:plc:rpucje6h4rwu2po7qubtuozt	5.24052205852874	1.18970449621414
did:plc:rpupim4fomtz5ibdil3q75pt	3.3802707151559	1.29031783447274
did:plc:rpuxo3wse74fasyxaz2bvq4t	4.24935458116468	1.51521071732333
did:plc:rq2j72xqixma54srumn7f4ha	3.61040292542931	1.60836194492959
did:plc:rq4dj4ur7r6yiimi6luwik2t	4.13357915837608	1.10493724582556
did:plc:rq4nssgnfkwgsxk5b6oyhxlt	3.24350662661901	1.77407847880709
did:plc:rqdfj37nigaott4fbdhai6t3	3.69791556516784	1.21444448575031
did:plc:rqh62l5qwjmhikcwj5i7h5s4	5.35650170804005	0.93374715870581
did:plc:rqkfk5yk23bmyrxywltvz3vv	4.32564577130924	1.26518554558102
did:plc:rr2bcnvhk5g4u4ocwyvuqnwf	3.31167092431807	1.77011890398972
did:plc:rr3jxf2nljql2uyxhl7mt7fc	4.72030907652592	1.32773010650464
did:plc:rr3yj2ome5rqkbf657xnzdnn	5.06028030215772	0.801091312603554
did:plc:rrbdhqqc22scrgunpqgbbe2v	4.35106954979911	1.70426672909746
did:plc:rrto2vngpy7ifyqty2x3yqmu	3.78199851537794	1.52124164965428
did:plc:rrvm6icmmiit2fjxgz22kys4	2.91520606306034	1.85821547606161
did:plc:rrx66xrspmrcxzzznlzkk7ss	4.11728439527251	1.28582945834
did:plc:rry2gz6irfnuyxvon47ngd3j	3.68818261787469	1.44843781527232
did:plc:rs2jvc26l5f3toiybkcb4aup	5.15076792424604	0.783319541340202
did:plc:rsh3j4kry5kkci25nj4qura6	5.64360369464026	0.830483914840789
did:plc:rshmzjkr6ubhmlzwl64znue7	3.8605544922864	1.39006911337024
did:plc:rskgymz5uk7votq5rl5wclb5	4.07192628562535	1.4015197808095
did:plc:rsn6frzv72ywbngm2aa37cqh	2.80058009401487	1.3280347842803
did:plc:rsnk4vy7vuzdbo3yd47t4yaz	4.45380185546355	1.79038770995691
did:plc:rsqe5eiu6ogymqxtgkyepgya	4.22736289857732	1.46382432757632
did:plc:rsszatiebkfbyfonxsoxj56z	4.93837486686792	1.35267214086921
did:plc:rsxs2kyjcxldwqpp4xlpydem	3.56490488497187	1.57893604826694
did:plc:rtb7ufl3hwc74jmxzav27bwe	3.39528178210506	1.42431094177668
did:plc:rtgg6a3jl6bde7bqxoebvljb	2.82945177392194	1.59066646419431
did:plc:rthuf432viacmlrukpv7qzu7	3.36835221838834	1.314148940729
did:plc:rtqowsxlla4ydrpweklvoshz	3.22293657452952	1.81569606079639
did:plc:rtsmra4w3jzhinlwskywuonk	4.19305346094635	1.05056848205122
did:plc:rtsyhb4dz3bncwv2jr4vi3sk	3.29002862820878	1.60153442745455
did:plc:rtuza3wcwqnlxymdvgzcytwy	2.62650661339564	1.5428801198217
did:plc:rtvzprtqfll65xj2fe2jesdw	3.61331204849521	1.45159625858563
did:plc:rtxcy4befb6kfyp7jmkxikl4	3.68948902137944	1.63015032234331
did:plc:rtytsna2xa6kporsuxh7qi7q	4.22972834271167	1.69795658309038
did:plc:rugktj4wmll7gpg5zp4stlok	2.69294360617137	1.63348976947677
did:plc:ruhz5ufdduuay7lw4u2n54q3	3.61778876104221	1.40355909995925
did:plc:ruu3wpfusxdbcjrcrunjvthk	3.14745221277769	1.9199337992729
did:plc:rv4nxdxemckx6ihjtkzz42gn	2.99273612680015	1.91239160091626
did:plc:rval56q3nr45kux3gunlfy6x	3.19373895473975	1.94708797183232
did:plc:rvaqssg2stwrutmszyw5baef	3.36944991900624	1.32651689562577
did:plc:rvc6zdkuo2kx3toroopsqmcc	4.07167886900341	1.42658904103092
did:plc:rvj5gouqyncfr6vaw2ocea46	3.61282276666695	1.69112950716484
did:plc:rvkcxixwhd6epfbymxslhqfu	3.52584245088026	1.56954602418274
did:plc:rvlxumizrapmnqf2r7ekxly2	3.8353640908022	1.77657351951207
did:plc:rvnjiyiqhjtjrfibm5dkoxss	3.23791885270721	1.54685409379572
did:plc:rvqijoq4jd4txkpsskiahpbt	2.68304239814367	1.2087467799152
did:plc:rvyzqrfrttdzbmvgp6vtlkth	3.45342052110954	1.39993917260406
did:plc:rwau3wr3qz27r3iwg4rtonqx	3.51339889717191	1.49694103827483
did:plc:rwbtjw5y7xzzbfd3xkhtkmxl	4.54844306461025	1.51285687479382
did:plc:rwdnovpmb24hrfpmwuh2i5ii	3.89652131665599	1.29126462556602
did:plc:rwhurbua6kfh3rn52n3fwvem	6.38792378045437	0.98544409036685
did:plc:rwi65xn77uzhgyewkfbuuziz	4.60180628889431	1.81150650052351
did:plc:rwpyxigoku4z7gslcqexbap4	3.17996821192629	1.27983192055132
did:plc:rww6gkuowb4bsyiu6437ovzw	5.3270063157325	0.880174050822248
did:plc:rwy3gchxu2dxt4z5chkqzkug	3.45832690347497	1.55056901975108
did:plc:rwyn2e7jpkbhgnmruwj5tqoq	5.57843943084215	0.791141480048185
did:plc:rxdwigvhgh6oxu62s2w5qgt3	3.18993452199376	1.66818661152576
did:plc:rxqcszhy4miiad65nffravsu	3.63136553878449	1.54848565066865
did:plc:rxutypymzkmaiavs67kjq27o	2.60774679157208	1.63234905689147
did:plc:rxxhi7knideckprckdkrww4q	3.79404123779086	1.40586848132638
did:plc:rxztm5btpfv3kjhgkan5bm7m	4.99819798850524	1.10073949131591
did:plc:rxzwf6fgqxirnkzr4zxk76ht	3.61437028707831	1.68095782170203
did:plc:rydavjjfacoxtkjpe6c3zwiz	2.89867030733123	1.61095896187572
did:plc:rydbs7szpl345zaatfgy5pfb	4.08192264279638	1.31098891067735
did:plc:ryi5mwbrpaszw4uzfwfhzcrf	4.53857204209115	1.68323519042717
did:plc:rypj2cirugohauqjz2qfidxg	3.89364237551982	1.49816769428697
did:plc:ryrvckdt7z43a4vp4shhwjj2	4.8065000521461	1.34267585744191
did:plc:ryvi2q24xjv5dwgpbvlwptsp	4.08477241051932	1.1894970953739
did:plc:ryvok54xtcdy5vvlrqpje7wi	2.85783712476896	1.5686926319172
did:plc:ryvr37rkk576rgzm6yldo2gr	3.80176493860893	1.52023261543833
did:plc:ryz5ucnt7dtdedphzmcfb452	4.31453040501462	1.10812973890984
did:plc:ryzkfybwfxfxc3a6c4mmwmy6	5.66027263699081	1.29591006723029
did:plc:rz3tfv7vfneecef2chszto4e	3.21004904109786	1.34414135729034
did:plc:rzcue5wyjbjp25cgysrr3u4m	2.69491338726636	1.72514020243948
did:plc:rzcwjqfa3nvzj5ahwrvz23a7	4.07669791709801	1.32562055698349
did:plc:rzj2566aekyafat22cuh6uv3	4.89000552991301	1.31919939289791
did:plc:rzjgafeykxv4du7aw6nftltp	3.38985192262333	1.62483750323389
did:plc:rzosbvdpionoaoz4332rzcjj	3.17862892190822	1.92959574597097
did:plc:rzpn2bqov3b7mjwjcuc6vmef	3.49559576706527	1.39744088442661
did:plc:rzr456u3xc22qr5zu6xm2jtq	3.56461560326105	1.39413400906578
did:plc:rzug5jxal4snlewudks3efsf	4.61619183374248	1.4975522933939
did:plc:rzwqhgogd2w7tobjgrspqazd	4.53992503020718	1.46784332457506
did:plc:s244o5d7uvr7xwmymo6l45nh	3.83854224454621	1.3524697610141
did:plc:s2e6cakk3smdmjuv2vdkvhlv	3.9414769239985	1.02926205411742
did:plc:s2fhcpwc3desldm65v5uc7yl	0.847169564828316	0.414587695086895
did:plc:s2gsyu7uzbcby5e4i3ercqvs	4.5920423594154	0.327772691604399
did:plc:s2mfjldwfe2qmwno7hiytjiu	3.82354491929954	0.464888687136529
did:plc:s2yfyd2slaf66t2dkf5qcmq6	2.31395127201571	1.34365057144888
did:plc:s2yzfmqesg6baxkvfxmo6taf	3.55942754399631	1.33871139737111
did:plc:s33ls7elj4e7gdgjoz5fomlk	3.74150482984244	1.73186730538253
did:plc:s34stlpfqlgozbm3vlnbdxrn	3.62980573293143	1.30687179559316
did:plc:s3azj7yp5tzi4nalvp6nvs7i	3.07818651042594	1.42117733728614
did:plc:s3gwvvourccnot6n244z42dg	3.39140197576284	1.49835582510879
did:plc:s3mwi2egdurfrkaw2fqzvhzh	3.56833371625077	1.79430860443164
did:plc:s3rnycdk6hoxqc2r2kblouuv	3.93220010423782	1.93861322226913
did:plc:s3swgevyhfmdmifoo53ws7w5	4.27944061402606	1.57557985374311
did:plc:s44kfvoyzapyxwlkcgymypyc	3.45525670403251	1.73794177551159
did:plc:s47fp36hyobceqxx2qt4tcwe	3.21095018638101	1.90026846829815
did:plc:s47nd77nfkyh4zuci2wx4ijz	3.92937383626715	1.48229834835452
did:plc:s4d2xiq35vszyucyzz7v3jrp	4.06666451865462	1.78382674759212
did:plc:s4f3p5wnonwhjxru3kclwjxt	2.74389222647362	1.60902708431563
did:plc:s4gte6dzpvmln2lkbfsxvhfx	3.08499531401684	1.49922159860163
did:plc:s4m5wdwb6wmcn32bydmlwmvt	3.92984616776102	1.29139631964004
did:plc:s4mg6cmawfer46uvsgmzdgeh	4.29773977554675	1.25704304274483
did:plc:s4no4uiehwnriezvxwv27inu	4.4609365758036	0.751623460492257
did:plc:s4tflo6lsbemsznwnqcyaryk	2.90163795254924	1.79202748687731
did:plc:s5cxlmqcxamkxgqgbgwjxjza	4.28767040153141	1.37888735771004
did:plc:s5tsij4doxa2qbictllicgv7	3.26521599269713	1.30908238851191
did:plc:s5wiapmuhdqppcacqb4tynre	4.06287993534873	1.72260799742049
did:plc:s5xcwji3ioyuc2ooarmtqwnz	2.69650054008137	1.76513841000951
did:plc:s655rvetuc2w6f37gwbm7ey7	2.60424501514682	1.66382456161264
did:plc:s6e2lk7c6rkaafxftbdowvel	5.4599005662582	0.629413055893144
did:plc:s6gqftuwcoio3ykxadkek3p2	4.06938222992119	1.29207488639574
did:plc:s6htamoy4ejlblzizyt7oxaz	3.08661404640675	1.84613437223908
did:plc:s6kqdud3hd2gyyd7ubttuih5	3.40755797757537	1.63048699845304
did:plc:s6rmnowxomh4cqwwbc65gqvo	2.78943939513741	1.03227483162224
did:plc:s6yvwtgpeiz4bxnwjsu5lbot	4.37815633028855	1.30118342337804
did:plc:s6zgehxsshm4jwylcereuhaj	3.99409090193462	1.21291358830319
did:plc:s72haiqmkebxth5jxwv36nn4	3.42311172874942	1.34604764229987
did:plc:s72u7kpnp47mxqfcgzkbhdor	4.02088002639724	1.49185092402396
did:plc:s75tgprszvsmbmy3qj3ssozf	3.08753915968092	2.02195086057681
did:plc:s7bxwy4jjhspjceh45jwljk3	3.85949473241524	1.66880862604238
did:plc:s7ukuv4bqegprvmlvtwewy6n	3.66303375128699	1.19903737220508
did:plc:s7wngdvx4u7nvlsaml6kobkp	2.96923208823177	1.35686570060097
did:plc:s7xqyeuizcly47lfjfd6mwrw	4.27481761319098	1.35490434617613
did:plc:s7yzpqgdvorhidqkz35pfxbg	3.1347838696861	1.57413692725747
did:plc:saeyyezhzfvuebkoibqd35rn	4.55543170465616	1.24477078531975
did:plc:sagpycffn4osnjwzu5uzvzqo	3.63327082106541	1.67819441171935
did:plc:sakrvww3zbeqqcegfde7y7og	3.66675147815877	1.63960704436698
did:plc:saqe74xj3ocdcab5d2bb6bxv	3.64462083960626	1.51482021296849
did:plc:saryylsdkq37h5cj7obteqjp	4.21578235685597	1.61836876423728
did:plc:saszihd6vwcpm2f3d4npjw6j	4.24311860090488	1.20043805853821
did:plc:saw55uu5ypvp46kaalglpfe6	3.70358396297645	1.46701065760149
did:plc:saxjlxp5ggavn2bk6mantzrt	4.49166722098381	1.32587476685868
did:plc:sb6dfpkfra2ovtyorjoo2y4p	4.40782087638538	1.4245564711884
did:plc:sbb63f4kzymchjfjocvabdm7	2.6101461811363	1.60036692738312
did:plc:sbcyya5kh4zj3anxsauwgjv7	4.20199498564819	1.21041567518575
did:plc:sbl37xts22zbgzaw5ol2sgen	5.47360833495833	0.81742255551167
did:plc:sbmynp76bi72oidxghehafar	3.42437398408295	1.56688950955237
did:plc:sbnrwzz7i4nwm4umhfqaqakr	5.03447919796736	0.724734270760146
did:plc:sbnsfwy2etvgu44z4zt5yhbp	4.51966190264263	1.11896022727795
did:plc:sbqi56xqfxoptp4xysyhtrdu	5.5361648792144	1.17064065068568
did:plc:sbtitkwozo2qizasffqrkzqy	3.7744280265463	1.35013701299057
did:plc:sbxcufrvrxotvaz4bpd5qgnt	3.69260713775603	1.26109967305937
did:plc:sc57sajzjlc37us6r54llj2a	4.26683958194464	1.48572940247452
did:plc:sc6ucjbqha357udc4tetk26x	3.37295031855307	1.86231938377426
did:plc:scavsr4v5ve2i6go337d5mwy	3.20557118352189	1.66198714838093
did:plc:sci6ry35p73oyyaucfoj7bt5	3.38603986584766	1.46676124575593
did:plc:sclk64eqiqbtcjzv6lpxjlxm	3.94279485746	1.17256828880395
did:plc:scnwpag43cuxkot7ek3a5cmh	5.41736200921996	1.08333155126034
did:plc:scpc7uz2dwuksfsaeiefd36b	3.11647137346679	1.48012382820179
did:plc:scsttcebfqhjx7u2jbxkrwfo	3.33313182839017	1.4724035014101
did:plc:sctkxf6kcag2xd3qzahwt4gw	4.18064196062619	1.4828352261141
did:plc:sctmrdsw7zjn3532oszj7xaz	3.62284561068255	1.66872576029473
did:plc:scy5qr7iyb2fhk2o4kivsh5g	2.98144550512364	1.62741648899066
did:plc:scy7migib3exqz55sxcg4vp2	3.60458916707779	1.43538869184294
did:plc:scyf3mvxpo2jneba2y5m6qla	3.28198180560828	1.49085390457591
did:plc:sd2g72gyuenqh3warecr6xv6	3.08001173172791	1.22303883446282
did:plc:sdkax6vmul4rsbhfnc5pdrl3	3.47927217184051	1.76899049054697
did:plc:sdm3miabczvizxaus22if3s3	4.21030082185993	1.74988193158929
did:plc:sdqczbdhlwsfsn5tbgvd2tsj	3.42909309116342	1.73209693178068
did:plc:sdso6fdjnjyzmza6lv5n7bcg	3.81123381588937	1.66639809854815
did:plc:sdtb2rgqiw4reaigg435q35w	4.26512780869924	1.79262370767584
did:plc:se3phrrhpjbk2gt6ajtxchlk	5.44813755866092	0.522649700600954
did:plc:seb6ao2sb7w6ysksmwthzwkj	3.32854315190438	1.92712435793984
did:plc:seebae6jlqjd2cvn4qqcwsfn	3.55931518822811	1.76290932706938
did:plc:seemspolnd2cbvs6ig2d6ojp	2.90964212694161	1.75462534625549
did:plc:sefj3flbz6bvu6l7ufbpvm3f	4.66736100234065	1.47392734474053
did:plc:senel56affxs53ikm3wnfupw	3.56883547333635	1.37804364631756
did:plc:senfoakvgzibdiur7zp6777z	3.39333283128548	1.72077857854
did:plc:seo2hl5mrwzcyqxmbfimcwd7	3.4289562509988	1.57912399230146
did:plc:seqbe3i5dobg3t4hwgcddfhx	5.48126242990631	0.937658703191351
did:plc:seru5aotsa5v46gnosqaxxce	4.04275175783786	0.890964330652619
did:plc:sesffz252ixiktj456igcr2t	4.36924473849054	1.26929501810619
did:plc:sevmyyeuyt52rom7dbsnt6in	3.00752650604021	1.63530807290094
did:plc:sey7sepxyhnke3h5aa6ttbon	2.00887267126192	0.770438997245609
did:plc:sezmsaz2zwd6air2xpczedjw	3.55087680002949	1.77120656780653
did:plc:sf2tnomgspweu7psr5pygngg	3.41205962127634	1.34203694523744
did:plc:sf2xpzomm3hszl4oow7kxc2n	2.98167726336205	1.59666942123827
did:plc:sfa3vnvpxpygwqv3gyn5l3bg	4.67797482451626	1.93250615807884
did:plc:sfabnprlo62unvh6eb2rxcyf	4.5881880514085	1.31521580332293
did:plc:sfc7hb6bdkyf3dslag2kunit	3.35852816608284	1.76800020667562
did:plc:sfelzkrln3bt5f4256x6zwy4	3.48144038545547	1.499930521341
did:plc:sfgqxbw53zjh53djhashb734	3.73469211171569	1.29813441471042
did:plc:sfjl2wfy226dcvndat76bawi	3.79882662629596	1.53801019190581
did:plc:sfsiprkn3m6cndlpfy5zniu4	3.71557684697775	1.28616012969929
did:plc:sfuv5372rwfrh7yktcdmagt6	3.98348102818192	1.37395546652355
did:plc:sfxsl3kvambrn2r2uecsyirh	5.29154024269588	1.14142586565321
did:plc:sfz2jmouullqx2blv5qx3j66	4.07098086759173	1.40929186581301
did:plc:sg2q7yo5ohdmjhqtwypbkat4	3.84310951418069	1.4914165205935
did:plc:sg3wrbdsxnbavtudgjjls3uq	4.6988556439139	1.1992015334275
did:plc:sgb52sojss7kyyyiyodtenlf	3.91703911718487	1.44528598361377
did:plc:sgcen3qzaudvphksbome46yj	4.21031839337305	1.03513032870876
did:plc:sgdpxnr74fbgqwsosjclfale	4.02998151991089	1.88374405662567
did:plc:sgor7oolqhp64c7qe7upy56y	3.36881585255161	1.72183604629453
did:plc:sgp3bxb33mkgbqd3cjgwswaw	3.13433123044831	1.32405677866205
did:plc:sgquq6qmzbgi7wlttick3uhb	3.78108050424282	1.31855546559479
did:plc:sgr4m3bm4yemmntridnqeu5j	6.0063800948025	1.52287237781756
did:plc:sgslj4tnlbz5g64iaztws3e3	3.61946013320591	1.33752503531418
did:plc:sgw43dtbrcjioq5npqwg7kkm	4.15012920155599	1.61437934474639
did:plc:sgy3fwx7wyj4pm3bwgq4gl6d	3.4124372883094	1.23044074083608
did:plc:she5arp73ydfwoca4kna77ac	2.49850922037123	1.56075731191414
did:plc:shk3rptrsj34wkl34djcub4o	4.06903579882173	1.9098434661811
did:plc:shog4ixrjzzp3etpw2cwlyu7	3.47898852436783	1.52083665083435
did:plc:shropfoit3j74fkdfz2jeotl	4.30545339362097	1.39045908019766
did:plc:shrunvdl3iuvuiqpofwlnefq	5.38426774169384	1.64455691181666
did:plc:si4di67hte4mochxahzkil3q	3.94245718105103	1.0990849551192
did:plc:si4zptzdnj6u5klpbrtvzavr	4.16390204519413	1.33826150080686
did:plc:sijt3ykeemcu2xvayoo732dq	3.36502902603419	1.87678303791106
did:plc:silp3ww3sfkdsk5uwvlj6dtf	3.81793576089348	1.45838680478678
did:plc:sindo3syseiujado2mxnqv6j	3.88764713965824	1.46021333738053
did:plc:sivoogt2hhvztbujmbuc7bve	2.75001395995742	1.59488767139504
did:plc:siwlrnb7ylye4rvkur57tjf4	3.81015442235722	1.29220222505239
did:plc:sj2wpqwrsq4uob5hq5vfb4u7	4.80190784767504	1.32790818449121
did:plc:sj4ht54dhggtwf5ctzdb3hqr	3.85898510958944	1.5949987988333
did:plc:sj5zlakmulgdgidt6mhsfxvf	3.31736732952902	1.55892214908313
did:plc:sjgfms7wy537fywjq7qvguad	3.47846026706121	1.80356212961523
did:plc:sjnkjifsnnwudeu7qskdtlu3	3.46419749425205	1.54319677469041
did:plc:sjos7agcxuweiew3c4nc7pbt	3.82584260158979	1.344999670599
did:plc:sjp7k5ydfrumzulgwf54eyka	3.13833114440732	1.65089834188091
did:plc:sjsjxjnx3vp4y6vwdsn2aug5	3.26099576480958	1.46509250366873
did:plc:sjskdceurdzyg55zxtqpha5s	6.06352889396797	1.04403564507237
did:plc:sjtjzjq4ktoaiogzx5vofv2v	4.32817597404299	1.19454409920194
did:plc:sjz4hu6bygg2umbxr36furti	5.11018076718177	1.03940545325492
did:plc:skcia2kmd2hpfdpbgrvphvfh	2.87262993614848	1.63019316416285
did:plc:sknv3uanvtzpifzpsxhhqsdn	3.97151769043734	1.28950611990916
did:plc:skrgyq7tuqt67oxyxsf3tequ	2.95017597082833	1.74354798587579
did:plc:skuquzsmsnnr65yo4r2easgy	4.10951283885346	1.47745719051652
did:plc:sl3lxb4kbwa76zxldkgk4dkf	3.97270207238625	1.16252694581261
did:plc:sl5jlkabfouyq3m5bm3mbwws	3.84480029077986	1.43952012033965
did:plc:slaoprkxf6pbqqu5ipav6q7i	3.08935412772212	1.49802496859036
did:plc:slf4kbyloy3kpfm5xmfi6f34	2.91816689408393	1.37479894300022
did:plc:sljlwflwpsoo5btb74zkbub7	3.84665783510714	1.47100740261478
did:plc:slns2smtnvvbyvbjm4k3meyh	4.05355571839018	1.54144627862547
did:plc:slxpjqnizj4m2k6egvigodct	6.19610803305189	0.533918103283243
did:plc:sm7ripdm3hbt4u7axa4oq24k	3.59901588538149	1.49437651849785
did:plc:smdkfx7db3pbvkdfwidns4rv	5.76968383810577	1.33541629150128
did:plc:smjz7culkp67h27bmlwfic55	3.72695974732676	0.983230364756547
did:plc:smq5goiqwjlubqzqglvxwfan	3.86662085069156	1.64775741842646
did:plc:smqdvja3jtloy5oubs6myaw7	4.07948183139017	1.52576386042757
did:plc:smtotwt5mscg3lz6xwcnxl4c	5.50529630142805	0.574880115014309
did:plc:smwmmpbli7vqneuubwu3zkku	4.11374633429993	1.56596988331422
did:plc:smxk7x24lrgfs7hzqqcbpqv7	3.07823416355608	1.73289349786094
did:plc:smyfg3iubwwruu4f46rggnxt	4.79730431591664	1.22561247596755
did:plc:smynkmzghqrfkimm4plixx4m	2.85934122570995	1.87377835264725
did:plc:sn2j2l43nup37guoiz6phbky	3.40773445771593	1.59531169185899
did:plc:sn74lrgzkisufdz4qocqf2rq	5.41143602763183	0.942754330385926
did:plc:sna7o2amwdl6xgoy34ld5d6j	3.99640090732422	1.11990696667482
did:plc:snbtnwebgoqoyqx574dqckyz	3.38486678711547	1.83272356537976
did:plc:sncs7zimavybl357nipyquwl	3.25857101422227	1.74698583808117
did:plc:snenis2bcmscml6pyclbsek4	3.17815469088931	1.67934805534567
did:plc:snlbenvpdo5kjantavjiecg6	4.13192859934692	0.948528506726352
did:plc:snmccnivzzsthmiwp3nwdp3e	3.32698615844284	1.55234593042647
did:plc:so3xv5m45ncso5s6q62efuq3	3.10566449239568	1.43454596215233
did:plc:sodcrritl7rri5off76v2lqd	3.38708455093304	1.20854001235867
did:plc:soeq6aent5iqfwil4bg3l3ha	2.86917170304684	1.77806184060053
did:plc:soffeskhp7g4euhnhjdoomiq	4.22606668898064	1.53814050553715
did:plc:sorfu2gb33zupjta7f22pdke	0.901521830495024	0.415039418807441
did:plc:sosuhp6hqzakbmbgivnslwi4	4.07396958851841	1.59081035245792
did:plc:souscrnwlx3v2uvuyroktmxt	3.3644965395582	1.80590206271855
did:plc:sp5q273jtfy2wawwapthhgrx	2.77510308392288	1.34427792298789
did:plc:sp6nwj2uqkppx3kyy43krsdi	3.6982422553512	1.56150593807296
did:plc:spbngfi4oo7q6byokgfo3jxj	4.32041940874178	1.22393199405392
did:plc:spckuw5pewxtneass6opw7zw	3.33621969567809	1.369624094857
did:plc:spdqhx6qly4736vo7qvzerdz	3.43365908054654	1.76823107722877
did:plc:spds3djq6ixcokmlc47oyz4e	3.51687024409149	1.55370432701851
did:plc:spgt57ypb3wv3pt65qehfcsz	5.15411013809154	1.12995727697458
did:plc:spiahckoojh2dlzp2u33u4ez	3.45063686941005	1.69188648050664
did:plc:sptnc3eevhpotc5f4fzh6wux	2.7526950112774	1.53879004106569
did:plc:spu4kjohwtjdbgrdqyk3kpha	4.75465834344835	1.61026832379083
did:plc:spumeb3ozvnmqma7pqtwk4n5	3.70352639146848	1.344736753303
did:plc:spy3okgrajfyxa6q2ej7gaie	4.03815509386113	1.46252160933917
did:plc:sq7dbc4w35kry72r67kmpjpd	3.35057237900589	1.13150785055721
did:plc:sq7n6toq2qbutptso6dvmafx	3.98126676900057	1.2306112867953
did:plc:sqjzq7aydohknohplyvptjof	4.638607863434	1.60267603775674
did:plc:squjmog4mq4jgvqaf2e4necd	4.00062844031204	1.34790267627061
did:plc:squnroxlvb6b774becs5epxw	4.27190000655216	1.35067587745904
did:plc:squuowlpozbyyqyqavgsxs6s	4.63104821644191	1.17761537738583
did:plc:sqzh7mluptd5526md6xsnp6u	2.96812754324481	1.59281174719594
did:plc:sqztev6ymsui2mumwu3cbsqr	5.00567879854969	1.13433566091445
did:plc:sr34gngxq2rczncsjsgorvo5	2.21933061526818	0.830192744655572
did:plc:sr3gdlex3kvjclh2xazh7biu	3.46955673707556	1.60460725810084
did:plc:sr4orpvjg46dnyupw2uv7pb4	3.08204448365575	1.54923798046855
did:plc:srb6dmiezjl52n57v5qpzvsx	4.67590971369963	1.39714628058007
did:plc:srdgolpwhyvapuunlcstaiko	3.87055483363189	1.89648750591368
did:plc:srgzx6mpb2kkqrp36n7ebqfv	2.74661950601311	1.57931567756285
did:plc:srqzedeca5lujm4mitm5eyyy	3.94859825493044	0.952507757453271
did:plc:srr45j2ao4rnp2vdbyqez6sr	3.34427183192961	1.42935690329285
did:plc:srtuyxxwvt3pkybiwamzsiro	3.83528032585994	1.58805891377547
did:plc:srtyg2i6jshy6s4akqsxl5ly	3.41699685613454	1.5501816224527
did:plc:ss2uhfn6cxzcgeji6hacd5i6	3.98497209030195	1.39699577333234
did:plc:ss4lzswau5lm2lmhi4blpbqj	3.55944291337669	1.50806929898284
did:plc:ssh3palqplitj6mqgiv225be	3.46916692154265	1.29579530669499
did:plc:ssrzx2u5jziixfxyyhwzrl7t	3.43454447423459	1.37845831584082
did:plc:ssudf3243jhnkjlynwnsim2r	4.88360523837731	1.09409254464097
did:plc:st43h3rxd5juleqhded3hn7m	4.16777496953491	1.60476817426154
did:plc:st535ku3pt3iqhksgcwtvfvq	4.54689942414662	1.47060991193318
did:plc:st7s63zujmeqdixudyjhk5ff	3.74272907101009	1.40208679028091
did:plc:stefjklwr5cu3g6q2t6dbyzl	3.8730282917632	1.83597362106174
did:plc:stffs4mh34pcpsqbwzbecx3j	4.88043709644504	1.07375868073849
did:plc:sthqanpgrq4yiuhe7eluw66u	4.50285010724853	1.25241973524727
did:plc:sti2v5nwt6xlswhqpwwbtp7n	3.79565699258482	1.71239889833438
did:plc:stinktmooxblss5z5v25wrv4	4.32930612904507	1.46994393628807
did:plc:stlukgsz3scpkvnrsv6qscb2	3.01188796880384	1.93024984541158
did:plc:styunosmglgttwf4scwlqxqi	3.16638607200316	1.17533384748845
did:plc:su74heevd7eojtglutgo54te	3.88658155291528	1.41435196303897
did:plc:suktwsyns2idmomrfwmlpjxo	5.29041047676888	1.07500551238658
did:plc:suoljez7j5mga2hqi252h47a	3.00811459378982	1.79853704118802
did:plc:supidlf3yeqkmexq7zmzeicp	2.86541384062579	1.29487237798382
did:plc:supxlgg3jspchyarxrb54dln	3.32084401841455	1.39356454193315
did:plc:surnm4yipjrsq6tswblldwih	3.74679148103555	1.59392627143457
did:plc:suwfolro2wrkejsvesgfni47	2.76720348988159	1.47312645479559
did:plc:sv2oljr5ek2vejhwpshph6ia	4.31723947325341	1.65529366336876
did:plc:sv3fs522brwzltmyozgqcg25	3.97623048196033	1.41858748426705
did:plc:sv54ygedgop7m2lvwtpw2hir	3.5605271590339	1.7213210843871
did:plc:sv5z2x2n324khyreh2mmdy4u	3.56402807545384	1.45884737681861
did:plc:svafwazfonlm5suowfzd4y6a	2.59430316167909	1.53627920533781
did:plc:svbxbxpkb7x3vf7pbuh55ri6	3.78270905485864	1.80782445694633
did:plc:sve3ub44p3cqpjlcehn54p2b	4.02322016580308	1.7392964673971
did:plc:svgpwkhnjdwvvu5uu7wvanpw	4.24004922217075	1.58995540478078
did:plc:svliym4ijm7qrbs4eq3sahqn	4.0749004194863	1.13811418397258
did:plc:svm3vi3vblylmyodrtocbpq4	3.41576027470141	1.20528423696836
did:plc:svoka25fttpmoopde2ej472v	3.194747667658	1.6372928766338
did:plc:svr5knze5faveztug4kf2ywp	3.77687765882962	1.41993316711309
did:plc:svtdjzv6uhmkb34sydbxq2xi	4.29751416701218	1.38705525852612
did:plc:svw2p7fkw5ffbk6g7qfip3fg	4.47124386426565	1.0782203111846
did:plc:svxhz45nthvpt3qt3exau2c5	5.43755411052566	0.808756304735036
did:plc:sw3xmrasr3dzp2keeqgisqnx	3.62184185653301	1.27953489973113
did:plc:swc5mk6gx24ht3gbxnsylkhi	2.98967651792522	1.48950961999063
did:plc:swcg7mdy4rmxaz2c3unpjukg	4.70597394986683	1.37740058525454
did:plc:swcqzgyrm2gq7s5zwov33c3f	4.36044351549053	1.68344360502912
did:plc:swfbolzjrothc2zhgvb7lhnt	3.86896964435925	1.14186739419042
did:plc:swh7sajprmqncrn4labtjz4t	4.17514895918522	1.36382181653033
did:plc:swhavnqrtvhstcm275j242my	5.09493621651897	1.16779344744886
did:plc:swkvstdjf3jnu3qwi246m26x	2.99517120829159	1.58278138290367
did:plc:swlwmkkaq5s4zsqjrhcwmjij	3.47357510950424	1.3399320192132
did:plc:swt3dbga2albkcet2nlc7ywu	3.56480951406979	1.65300871695449
did:plc:swve77dltzzsog3ejqqdmyad	3.80958235025658	1.74092966053788
did:plc:swzs43jtknqguhzf4bn35hkp	3.88048888496253	1.30325881371762
did:plc:sx222uawnxgxjfeh2ox52gg7	3.18221830200591	1.42168982323117
did:plc:sx2ul2ckf4gqu3lzvyaifmsw	3.73757724603582	1.78759232752341
did:plc:sx5pninimvspctd744uiwd66	5.07229864805125	1.65828438506898
did:plc:sxf2inonzgf2rk5xqh4rgzo2	2.5331458155014	1.13494699292147
did:plc:sxfazlzi7rt2z2v2qv57tjup	3.76497225739014	1.70602286131746
did:plc:sxpionx2qekfltporvcd3x7a	3.41784448872964	1.50220253666422
did:plc:sxump3uxh6vjqtj4rmbfouvp	3.81813891105337	1.41601409471674
did:plc:sxwinzaivb2bfddzo7z3ovwa	5.00390296285923	1.3408195082169
did:plc:sxzxk5vrfzovb77ewcybekkq	3.10744107449033	1.35083308184203
did:plc:sy42fwuqcqcosszp5inbcrhw	3.16823829763783	1.17542424136318
did:plc:sy5itnzkpbwb2riblkrcntvd	3.79552694279888	1.32738566318453
did:plc:syfbblxakhwx4anlxw6bmmbf	4.12561582259816	1.35426640418366
did:plc:syg6ex6bypai7s7vysvaq4pc	4.00093250114856	1.74247009321511
did:plc:sykjce6e3ll5g6ev6evkcy3f	3.44016472652861	1.92991668508571
did:plc:synaazmqcinx4aeketxyokq3	3.67570339576707	1.46483090084945
did:plc:syp3prq6ehlafnfjeydx5ove	2.99786401727227	1.7409221161461
did:plc:syp7icjacrsa4s7xshmjzys2	2.75071544730708	1.68517859124644
did:plc:sysrzdoysprfntxjjdc3vjlk	3.39260519032838	1.39680828361355
did:plc:sytkoxrludnmoesuipmqymsl	3.35245614528644	1.53003036653471
did:plc:syumeo5o4itqxfpqf44oanyx	4.28202549454	1.27898318784182
did:plc:syyqo5ixg675i32vu76oek7q	3.87578205878884	1.11724601539654
did:plc:szadzq74en7xqjsvy65er7l2	3.43552976233614	1.32169721685551
did:plc:sziksn7zlwfr2xhdmk2ptwpu	4.57701384887926	1.17532892640303
did:plc:szpct2atmeuxrsdcbfmvyfcv	4.09800706861505	1.32333434908946
did:plc:szr5z3fvlqpwc2pil2i5brb2	3.39556733184369	1.55326390108792
did:plc:szzyy45pfss4oyimnmfoarhf	3.77796351203557	1.1960515743397
did:plc:t26mnzh6xl3ozzdwhg4ueoze	3.4716175079087	1.80047400770199
did:plc:t26tmir5ene5lcerus66kkkw	2.99301480143408	1.66863988454695
did:plc:t2bkvplqzbvctjap5knxcxa6	4.36459361804377	1.40479825934238
did:plc:t2d5nf77arukmlfdv3ud7agw	2.99970026476165	1.4617241991238
did:plc:t2dc2khsxo7hfdg4hgtlfbe2	3.5537993416887	1.53284770024993
did:plc:t2hwqfe5zyqbqhctauiqvjyg	3.29714752229201	1.92207001756396
did:plc:t2jttkqg3rrwpiynfy3ar5kt	5.41558888097044	1.06821354571698
did:plc:t2medtl7xivyc4n2q322rxae	3.28091968021683	1.49581230953624
did:plc:t2pkk7ojz4rpn5vunrvkqgm5	3.11118024500987	1.38654611801898
did:plc:t2y2lu3oyay2caanro73o3jy	3.82839962803434	1.4560471571548
did:plc:t3dgxqhlioafzkaqyn5nej77	5.10422921538554	1.92368820653231
did:plc:t3hrkogggx4mtaw6bwrlo3lu	2.98847478299435	1.66737789078672
did:plc:t3pqci4jniutsy6as6ceqbkk	4.87516275584108	1.77527171223223
did:plc:t3qclrzdj266bnugssvomofd	4.28830776191849	1.26419187181125
did:plc:t3r7lkhvcjkxsut3nkcp6tgf	3.87748907861174	1.38561753518374
did:plc:t3yheese3v6qpsjvmf6if4ze	3.29265705084922	1.80914391509188
did:plc:t424vu3ngu46pdayuoio3e57	3.00118269444971	1.80863871805988
did:plc:t43adimgmssnuvakag5lzxji	2.63845998856932	1.53926412036736
did:plc:t44qvduxuda52qo2qy5laihw	3.46835403775924	1.73935957107371
did:plc:t4clbuzwqxucgx7hwlygt7ru	3.23440490871573	1.7515087855128
did:plc:t4dl64xhroxqygeizbopvkxk	4.05595487779913	1.11836572597309
did:plc:t4f2vxfqdbzhrkhuhbe4a5ow	3.43801526738904	1.36158766881742
did:plc:t4is6jhjqci74bhf3ta5jrtn	3.23556772821008	1.50347060200942
did:plc:t4kmuzjvhbrtrkqwrigfadns	3.86816992123094	1.4569039945864
did:plc:t4mgdky5wssw5ll536cwsn2o	5.97844399011823	1.03958303164315
did:plc:t4nk4p5j6jn7mprjc2gum4tl	4.51054386442236	1.45166281669566
did:plc:t4omodckiubk6ligjefnvtm2	3.26017714735744	1.81876676349607
did:plc:t4t5qmbo4gbwaq4iqeisl2wm	4.02058945967439	1.70060082603568
did:plc:t4vglrnpn4iea5kasfodqeyn	3.34892517553985	1.61038444533578
did:plc:t4xzdsghv2kyxtgio3voggit	4.15744653876797	1.40999026588022
did:plc:t4yyvtt5sqhrbhiuucifw6ir	4.2108921195993	1.39927976976897
did:plc:t5b775si6vod25duyr4tksrn	3.21109416280496	1.68450207084795
did:plc:t5dyozhdcs77ctvzmwej7g33	3.72212852659629	1.21670245646818
did:plc:t5ex6qzqedetab52j2mqidbv	2.7317983412067	1.77807414383132
did:plc:t5nzrys7ixj2ou4gfbkddrjl	3.53593321463336	2.03997036683205
did:plc:t5qzyav3ddpgxpkjqbzhui7w	2.55150722278029	1.2684575848714
did:plc:t5yo24nvlmh62aii3u5queox	6.1557851987249	1.42395428501573
did:plc:t6bf2jbphwyqwmtf3uxggucs	4.29971076088642	1.59679015048046
did:plc:t6ckvnpdhoe6auoe2jh3cnvo	2.99676346935391	1.27727797044813
did:plc:t6f2eghpl2za6o2jqup5gvfd	3.02451568587263	1.61499529966788
did:plc:t6jjowneedanivsitimziwwk	3.03903907239652	1.30609339679928
did:plc:t6vuo4m43sxuapopojzffdxq	3.23745896871233	1.99288467300944
did:plc:t6wlwyziq2u4mfr3mkmismwc	3.59831635131582	1.70600071843687
did:plc:t72akbwi4bnzyi2drc3dg3qq	3.41988533993938	1.40659020525944
did:plc:t7aom75yi5bxamivhvnybvzb	3.80298292719055	1.26096401088231
did:plc:t7infuwncc5n47w35emkh5db	3.69066231945265	1.20653621237647
did:plc:t7l7xecjepqxzgnuocom5zw5	4.04748822128191	1.62523924939151
did:plc:t7ld4eienor5t5kxgvchjo7b	4.04839952873033	1.33128997591016
did:plc:t7qgwmgnlfdalqslgd5gykw6	4.56985620348065	1.99840632703842
did:plc:ta4fzzy7jqszbtf4hpyui7kr	3.82960287004383	1.33132237924669
did:plc:ta7tax4h2mi5udhus5l6sodj	4.12470003481485	1.39844189685864
did:plc:taaifubledlwly5en4sa6q44	3.7079566128578	1.3942221351241
did:plc:tatejfgdj3atmtjs25l24gzb	4.29258373720318	1.82743747792403
did:plc:tavboqrv5n2gk5tjzkkfoccw	4.03483212845298	1.26484850009846
did:plc:tawvu5qbmhkt4zqyoi3psd2o	3.41335406216118	1.62432390990402
did:plc:tayzcxg2qvwuvds6zoz5boqv	3.1791569200758	1.40182889473524
did:plc:tb2hbjuautbemyfe42gwtnwk	6.26618636185245	1.495427435046
did:plc:tb4r74dbqrwynidplwwmrv3f	2.91362210434446	1.64666090018104
did:plc:tb6z5ptqdc5f6am4svre63nh	3.51549276136159	1.7397663400799
did:plc:tbbxpeuj4vbbnaxl6oqmqm5i	2.89215443944201	1.36184062879201
did:plc:tbctfqm2ge3423z6n5cbrvfm	3.2228189217872	1.39148244017149
did:plc:tbisenk7cp3hqjpvrekdma7a	4.38688929355267	1.67951444656894
did:plc:tbmmibs4mpubqin3wbr7dhp3	3.2911940734091	1.97163344583258
did:plc:tbncw6bir2x76yogen7b3rsr	3.38671736118531	1.02562028155781
did:plc:tboth5cxx2c2qjpsnyw7lccn	3.45117322937792	1.69518128536925
did:plc:tbteepqw747hu7r7dvfdoyow	3.86702925930951	1.16112973771568
did:plc:tbthiwjvnkt4izvgikki7u6d	3.22241127470881	1.69734511608272
did:plc:tbvyfhkrccwse4x4khvujnkv	5.16546881226408	0.99776068987827
did:plc:tbxwbis42yxll23eiuvstsbs	3.27508541189229	1.47061239590183
did:plc:tc7cmjojli7h4dia4eq7jxjo	2.93422827164647	1.642574594837
did:plc:tc7yxd7oj2h7dj5rno63wikn	3.93620768522327	1.26207393448653
did:plc:tciahgka6u4znk4c2kjpjyf4	3.10089097630207	1.67446378050603
did:plc:tcn3pxw2jrf5v3q5f75jjdba	3.63014697730075	1.57058987384125
did:plc:tcq2jvtcelrpcqazpqpihvc5	3.48939078914878	1.50015849358503
did:plc:tcsmnoyxr4tbr2qbia3kd7nd	4.81301876702847	1.57736363606896
did:plc:td2hlehm3zpmgwaeuvh22pzi	4.77284255004227	1.35722907778377
did:plc:td2oraakvs7ergctfif7e2xb	4.34567263643924	1.31050944102141
did:plc:td4ded3cm2d3wyivhjjvalac	3.07630471783751	1.23433585802895
did:plc:tdbo3wdfvf4kmntao2rx4vtc	3.64637138506211	0.313574720749557
did:plc:tdbyfzk5tpk4xvi3hqgmawsw	4.10590360089429	1.43890951939605
did:plc:tddb5mquhuvdmfsvwl4xhxce	4.57177889948619	1.2481225608894
did:plc:tdls7ps2qsxsla4dddyz67rl	3.19021597566218	1.61079292633422
did:plc:tdnftpfj7p2ae7bgenaltvwn	3.52882488044589	1.80749262202337
did:plc:tdpjyeur5heh3brpuy5g4v7i	4.15580533992146	1.19206302574466
did:plc:tdt4rikx6ov5x45y56pz5mcd	3.98022996245052	1.48314032984474
did:plc:tdtjajkwa6dx43mfmis2zc2w	3.44091061371797	1.57164223794843
did:plc:tdu2kyr4iteyl6cv7jsomiie	2.3901868590174	1.33770174650848
did:plc:tdutsgse446dfjd7cyib2o7f	3.93735289125662	1.45052962202364
did:plc:tdz56gxq2iqbizzakm5julc3	3.00750612034164	1.56800269952029
did:plc:tedrwpph4fzsc5tijrqxx4gw	3.67892043663633	1.22389999233866
did:plc:teg4yva3v4wj5syn4xw3ypxf	3.12726563519039	0.973949581378112
did:plc:tej6rwj2bu2fhqlwhr2dhpk2	3.57683934587076	1.67570127562011
did:plc:teku7gbt7tbmrnbecuynicc5	3.74441167475868	1.5763683855915
did:plc:teqta5rvbq5xqxbq7iiex7sc	5.08180436506886	0.834947076266044
did:plc:texezdfdtdmqn6s4sjirz7wx	3.79946299926868	1.46572063001806
did:plc:tf4c3rnahxvuajd5rqzhbbcx	3.54080753694006	1.45016301747737
did:plc:tfdwkwq4qve4fm2qf6pvi7wd	3.56688003347503	1.57877768853726
did:plc:tfjvsmbzibzdndp7i55wc2bd	4.55059247618689	1.31461411915175
did:plc:tfk7v5hiu6cift5gv4jvjxls	3.05332739051141	1.8485468114158
did:plc:tfoqefxqiwrimwb3wxdctxzl	5.59736026549672	0.931914353866592
did:plc:tfzemkz22mw4shppxllsq4nn	3.94487744914536	1.08845819098274
did:plc:tghocli4yyijn3w2h4l6ij4o	5.5243872779178	0.824922527522854
did:plc:tgkko2wrlsswxa7nphrsm6tp	4.6958265267628	1.08636778498162
did:plc:tgltncoflx5k537muvoqf2cv	3.6732066285273	1.29764738436856
did:plc:tgn5amdhrmw27n5nbzidughw	3.92786264341196	1.24512648346223
did:plc:tgovknxmfau47aiyprb2ymsy	3.72405064422802	1.55876654510836
did:plc:tgrd6vublwp5wh3dtieu4in3	5.5065866508926	0.979868831035637
did:plc:tgsb2pf3fumgwmkbfk2yfl6s	3.16389263183074	1.82933132033958
did:plc:tgw7wx5o2pihntxtgvd6acf2	3.10678448891538	1.60787716508898
did:plc:th4rn6vcxlk767smvqbeamln	3.31654611453927	1.87542356948341
did:plc:thb2f6ccexywdoyap3gtpwxp	3.68163987050432	1.22872021785144
did:plc:thcgqofbbdagbzihofmiuwrs	3.02290207090001	1.82037411250846
did:plc:thjyvak4rme4rexeordewioq	4.00659363068963	1.28990665613809
did:plc:thljpzi4gvr4cvvbvhrr7db2	3.88016127620334	1.51152294485122
did:plc:thotq6fzq4yg6dnfnmyfy3qd	3.83088400655086	1.91787385435473
did:plc:thupxoonuuxr5rkhzwloixoq	3.07654681294932	1.66038882738211
did:plc:thyrsrsp7clea2vbjbgy5yms	4.079295506032	1.40639259820645
did:plc:thyvqihacq43gfarxyp4lboj	5.48434976716212	1.15748800241416
did:plc:ti3rhoomrb5lr2lp25h47htq	3.72937055680633	1.38018932249111
did:plc:ti3rp5bwwuqtzqvl3ez3qw5p	2.89826523813724	1.56989270786356
did:plc:ti7befx7auvie35frpvhg5p3	3.80995732760514	1.50166869346599
did:plc:tifdw2op7b7556mo6hzjckud	0.928630694115252	0.565488080019731
did:plc:tiis5xvurfk5haxs77xd4ugm	3.83758214427033	2.10163283207849
did:plc:tijmdcxpy3fv7wsggs7rvr4t	3.72965099539023	1.49282619049099
did:plc:til24t4wdcvhmjqaehukfrcz	3.08635427786055	1.48860542202471
did:plc:tiypzsxt5uwyb2bs4pdim7hm	4.52775095414616	1.45301063996565
did:plc:tiyxeggzhct3j4mbodxw3gyd	3.2810609844377	1.75236578737601
did:plc:tj7fcsoedimd6rg3egacpcfk	3.95442607323259	1.55431893304681
did:plc:tjm3z6tgojtviyg4a7olv3vm	3.26144513587587	1.60743012136194
did:plc:tjmmr6qmeena6exs5lbts43b	4.15611767683828	1.49103158976731
did:plc:tjmsr27evmznl75pdwrrepfj	3.56029955806516	1.51759462907941
did:plc:tjnnl67hdafcepjzlxh6afyo	3.29371382541821	1.29353031025127
did:plc:tjolfn3cx4l5rhpwejfff4uy	3.46156866795092	1.45051156539268
did:plc:tjowguqcwde7nxljn5gob5p6	3.79865780308509	1.50880970927469
did:plc:tjp5mh5ea5mia4jhvtdkt77v	3.72974188487409	1.5675083300223
did:plc:tjs4tuelkx7tr4gdipoethrr	4.40363195049474	1.50863971022421
did:plc:tjtobw2z34racxansgwrs2rv	2.60909776738724	1.53484719823431
did:plc:tjzs2g67v27vwtc5mx2peguv	3.75616267103812	1.3414605295681
did:plc:tk67j7svv3o7msuqrwqjrqh5	3.08870886883941	1.1314892248805
did:plc:tkcvtuqgliqddtpjqafnuf3s	3.05821209050348	1.50872264071754
did:plc:tkhktefr4cnxmzgte2itzefe	4.11405358707126	1.60646410670924
did:plc:tkklah3n3cuniagvwmaoagei	3.93151027842991	1.15086506782473
did:plc:tkkxurhcshwdbz7vuabfs5iq	3.91315618901666	1.39921924342882
did:plc:tkvd2ceeqs5nea6wpmaptn2w	3.77847379055876	1.47847430163291
did:plc:tkvqkqcl2ktsob27vo4kgg7w	5.84564585038755	0.881284119902371
did:plc:tl37wkmoz5x25hs5ofj377bm	4.14164048125861	1.83758654819829
did:plc:tl4wn36str6izxvbwqiubpw4	3.90638983793422	1.59187099989657
did:plc:tl6xqs3dk5f6xh6lbysftjow	3.75724989600538	1.50957175009254
did:plc:tlbbutstkz3vf746rzl7li32	5.58640033696005	1.15753275848317
did:plc:tlbr4xwcqdgr3olrv33wzpr7	3.90114403361361	1.63661290440934
did:plc:tleywmzhkqd676wiic4w2nba	3.74406251111635	1.78844487421596
did:plc:tlft5ljmrqa5vtaf7uvhbvgz	4.21144509755542	0.978444452753866
did:plc:tlg5ulsu7hjg6ghfdpjsdus6	4.43304653235473	0.998576288744799
did:plc:tlhnj4xt6r66uenufq2hkx2f	2.81209758001654	1.78405586077161
did:plc:tljbv2a2h2hz5iyv5jdxguad	3.89977657043838	1.14867871007373
did:plc:tlmiugesgdsi7a24snyhjaet	3.76912806692414	1.40569365607937
did:plc:tlsuecgq5ykyyzahggjtyq4c	4.67664483221885	1.40646089039226
did:plc:tm3ecvta5phzjetoqhsqkb3d	4.45341542649967	1.49062038195835
did:plc:tm6zeumuqcp6osfc3wlm5qgj	5.40442117557449	1.23587253567726
did:plc:tm7ee4ozhhxwne575nkp4tsm	2.60303266024084	1.07611646773872
did:plc:tmi43umhy3jkjw67x3sm652l	2.92398163895967	1.66172507167276
did:plc:tmovk77763ee3xfiveucdv6h	3.60721722897937	1.22149781987333
did:plc:tmpr5636aloq3dwtot4uplh4	3.73885310918584	1.56847744096255
did:plc:tnbeigxqrfoztvuad2ijuelw	3.29180983922621	2.02621422603824
did:plc:tndfqxllv2nvh6i24zv577gr	3.32339219526717	1.81257376808954
did:plc:tnehhjgj5eadrm6k2yeq3h66	4.12108556546003	1.26172451521603
did:plc:tnpka443qewwnmmniow2rbyt	4.07844186392824	2.04442608506597
did:plc:tnsot72xe55rqcj2nd2hcg7r	4.35270108770925	1.00003506255473
did:plc:tnu7eeggnrnkpc3uxyhuq6vz	2.70823946975679	1.37328841508808
did:plc:tnx7vnmnd65cru43a4h37xti	4.41213263239354	1.23123676205701
did:plc:todba2hwltypfysd4hxrgpyc	4.60738603490777	1.07143051779942
did:plc:tofaz32iguwp2jnnfg6ws36y	4.02046961374212	1.30272027427049
did:plc:too2gvh53cdir7tpksxldzxq	5.45992929267432	1.03603654813491
did:plc:toptni3bo7bzr2tawnqi5bmg	4.07651104472932	1.3587736375845
did:plc:tosqpuulrq3ou3wftwjyzsjt	3.73198545884727	1.46283866865513
did:plc:tow2ayp2z5uebplbuqkyjhei	3.97693853984645	1.32863153221285
did:plc:tp4krcpnaxlwllia6fuaokvh	4.48483610169797	1.35102219785395
did:plc:tp5qcxes7qadqt7mrcriuoxc	3.80767391435026	1.20857632581592
did:plc:tp74adoei35y5eea3tdnpp7o	3.67767954676834	1.23315214407705
did:plc:tpayutgxck7ftxfiwhop7yth	4.30290422045497	1.68974282072555
did:plc:tpdku3xhttaremp7fiie274k	2.8491822585176	1.69042196789179
did:plc:tpe2p34sf7fk3ixexo3bu6kd	3.59052623099702	1.21580941166763
did:plc:tpf2kbowh6cjodphqj66i5ct	3.44106896624987	1.53999408655599
did:plc:tpk4bpu4qp2nrvppteuyhbeq	3.23369112046719	1.55841216153746
did:plc:tpndu3padyrncadeoxung6zc	3.88678608392963	1.38352248771993
did:plc:tpnkqdpkzshf22niw6qfp3lf	4.09643290683143	1.68512868936847
did:plc:tpobaktrifynlojtixsababc	5.04892612400715	1.22230966191726
did:plc:tpovhdqqq5mmv25ucaoyup2n	4.09495803050655	1.47480470450599
did:plc:tprp533we3wap5no6socqdzj	3.7317891560746	1.21260147009608
did:plc:tpulmv2g5mrz2qxrraw63jch	3.73107405447533	1.59467859270052
did:plc:tpyhbjfnyvzvni7zc4qbrwue	3.42138767539274	1.5016296527624
did:plc:tq2kkfw7mkrt7rnmih4iq5dn	4.13635486977422	1.44089483824397
did:plc:tq3inrxf37vjq7poowcd4lyy	3.32290938184772	1.78179740609346
did:plc:tq3x5a5raapac3hpwz5qfdjl	4.30247137129959	0.0632441697127042
did:plc:tq4er4glohf53bx5besjil3e	3.96640392966591	1.52910270962598
did:plc:tq6v42v6jmxic7yzhk3h7vhp	3.58204239266408	1.46459881683461
did:plc:tq7ayxz7jpws7dtes73nkm35	3.15067441965202	1.57174605847709
did:plc:tq7if5imba5253ixpl3qkzi4	4.21684915065362	1.53773084640633
did:plc:tq7slxmz4eqeoskcr4yh2gx3	4.13686885371901	1.55252532647892
did:plc:tqfd7aulk6xnsaio4wq6kppg	3.85466722880265	1.51701729947178
did:plc:tqhkpvtxqf3f5ilgurja33cg	4.33786099738664	1.37015713840453
did:plc:tqj5vymnq2muijebcquypv4k	3.77067841915846	1.57766769873713
did:plc:tqj5xbpxus5marul53d2sook	3.6697647141249	1.34886082518103
did:plc:tqklot7igvr7wweevja46jvg	3.87305760446987	1.81340651826921
did:plc:tqkommay6at3dlumymgi5s3g	4.35935801441953	1.46212262862931
did:plc:tql2mvdjms3gz7li3ur6eqqb	4.92347359698109	1.34080225484067
did:plc:tql5cwjlaq4z35iztgumscpz	4.87372348592502	1.402300409365
did:plc:tqnnqacieemfk2qi6gxg4cfs	3.42733915973092	1.47856989697293
did:plc:tr4vqesuqint2e5qpvfuftwj	4.91583838780375	0.865379991571392
did:plc:tr6lfzn6db5j7fgw7rnrd2vg	3.36151951522753	1.59417193360606
did:plc:trbctt3ymwdpipjfrabewpvl	3.76061059700654	2.01217217720467
did:plc:trh4baq4qh3wfegaa46utdpf	3.52535304729342	1.23852179051015
did:plc:trnpczkkxdukywwjlpzgpvfm	3.46780499268381	1.46420936705522
did:plc:trol75addpup7ae4a67t7xnm	2.89379857491007	1.44913963621704
did:plc:trqqx7gbys3o47ktwjq3sezm	3.12670753968793	1.42625171401381
did:plc:trukx4b5x44hd7q4pqse2ayy	3.90519414213909	1.34150399513662
did:plc:trxyeqbztw34f6zxoce7vgig	4.24043367413837	1.38818770615931
did:plc:trz4qami5hjeadg7pjwkojxl	3.06203816588679	1.91459447463116
did:plc:ts54iswnwf7przl7xxlfus3h	3.423228164589	1.56078471540739
did:plc:tsiosru43rsmwusl6ydtqypo	2.83423581599286	1.65530848164898
did:plc:tske2t73cjsw2ucymxkjn2zm	3.81905950097615	1.00227135576388
did:plc:tsn3777idvvi7ckza7nxrrrx	3.99812462970266	1.3461975596169
did:plc:tsp6bsmigoxvsbgybfg3jwaf	5.71422189496839	0.591089251505632
did:plc:tsqmzjk4bmh23572ku4zb7vr	3.90119266372894	1.82423296121095
did:plc:tsseacfj2pedsootakdeqgr7	2.46407184634339	1.36885398377926
did:plc:tssndrwpbmodvbsa46qzotol	4.1881736218163	1.13545491421849
did:plc:tsumvcq6qdu7dutvn45mt53t	3.8016226235335	1.62840667772536
did:plc:tsv5xfnctz3tdudvhy5lbu2c	4.16592491354969	1.12160891929202
did:plc:tsyd2cnkxkbdkrgqgcbumrwd	3.88782509406889	1.53174813230737
did:plc:ttakcbfs73qazjisay7wydcm	2.10705713628614	1.1486447279645
did:plc:ttatztqj4vllqpytztek4bs2	4.53736344510444	1.07384263531761
did:plc:ttbyeyuozobhm5wni3or2nqe	3.68420190204716	1.61912326345689
did:plc:ttq3yubk7v6u5qaqyumthwze	5.38634694279037	1.28644594089011
did:plc:ttsl3f5utrxaorpithbvv76v	4.34869222467288	1.44866058421999
did:plc:ttypevix4eaoyewow7gbtwbm	3.25363489917867	1.29579178453626
did:plc:tuabveah7hbx2rm22lxmejmc	3.72069713010491	1.43305860213123
did:plc:tuyrd44hdjtpsnzbjvzko4ho	3.29770190834369	1.93563780554654
did:plc:tvofcx5qmebsu6ygtykopksn	3.53320292465966	1.51148660030736
did:plc:tvpkftytsdqcfdfw2fstzu44	4.4357831838678	1.44223713159147
did:plc:tvq65y7hhumaaw6z7sf6fkw2	3.53135634504024	1.31993366298731
did:plc:tvtgcodh7gppgn6uvtq4sfdv	3.73093338090289	1.43815994745103
did:plc:tvwzvco6upicggau7codityr	3.08754556474966	1.58592258277329
did:plc:tvyamnvbk5k7zatxmia6ziap	4.11640330374416	1.68643714128555
did:plc:tvzx2rhsvhq6isnwfrfcd3c4	3.04200469611979	1.58249719707129
did:plc:tw4dcoiizjxfb2dvmlhqxj5y	3.26038567352938	1.52452677054733
did:plc:tw5wn4kunbdzkjhdxahrj3iz	3.66183935765718	1.439936036413
did:plc:tw7xhrp5zkifszs6xunhfipg	3.67839161438106	1.33008716491481
did:plc:twam6rs6cmgugwccizhkbbrh	3.89509885739809	1.05836405932321
did:plc:twe2p2spjrlnfiekn6hltfs5	5.09463161229035	1.58325213417042
did:plc:twebkv64wwvtvqjileuxy2zu	2.5178874672797	1.3891672193659
did:plc:twedgjtl3ztdkbdgljdkao4v	3.47441298443206	1.95509667707556
did:plc:twgkirnvozdozbda2vv3oqju	5.28616253117255	0.914699227029983
did:plc:twjwfvdksij5unn2enkyywg2	4.23900296957175	1.76834074702136
did:plc:twqi33cctddh6iolikue2sxo	2.96439817700896	0.453948995080482
did:plc:twxipf5i36inxgsn52plisdo	4.29613177486763	1.71275388338265
did:plc:twysfp4gbg6leepsfr46hzta	5.03140967365873	1.49392119288381
did:plc:txbkeytlhmjd4662tcch7seb	3.60921986356605	1.33398304929583
did:plc:txgocm3izef5lm6ik5v5p7k3	1.20701816872669	0.685251831465955
did:plc:txlumtcwqmazdvmd742qronl	5.67656522298499	1.03733287452513
did:plc:txzjlggpiyaizyzwemgq75oj	3.5221091567282	1.96777687036359
did:plc:ty2fcnqw5rgtp236nw4z65bn	3.35321237549198	1.83213201817025
did:plc:ty6l44ltwecn4ul2aldebbth	3.82860140937237	1.60505653065908
did:plc:tyepjexzgwt5onhyjgvj43oj	3.42862096510733	1.57838509457524
did:plc:tygmoztg7hvboeqteixmx6ky	2.45165959482088	0.5807195393715
did:plc:tyiqkoeogq3hbaawhmogyamd	3.91063108630614	1.72661772407306
did:plc:typ7rkxvwolzkfe3vqaxeect	4.25751018129816	1.06781577234594
did:plc:tyuwgxwvbqxwemorsyhet4za	3.82299102146571	1.24027935709261
did:plc:tywl6ex7vg7tzlazgy4zkc3i	4.69467431203389	1.42285587341547
did:plc:tyx3xgcpok2mqo673roscxiu	4.56199280868359	1.53254131646293
did:plc:tzd2rx6rb5zlpd5vkchs75ax	3.4356820199459	1.48736825519959
did:plc:tzjadtbaqe7neo5f2snbnqzw	3.30546803529859	1.43827000887892
did:plc:tzlalc2lbsey7ydbjpsfihpa	3.62681115100536	1.35506235822444
did:plc:tzlukf45lspsn5nha6jj2fd3	4.3338454681487	1.06791243282332
did:plc:tzpkxar2sgnm6wijomeitaqh	3.32844535558075	1.496089293634
did:plc:tzplvdvblv2m3dongtw4lo4r	2.99135618023912	1.11352245134287
did:plc:tzvwpxllj4jn77akrqrjqg7o	2.81816812351038	1.53391631009133
did:plc:tzz2247ukpxf2cb4rx6fla2l	3.64870477366155	1.884633600219
did:plc:tzz5j3eagcu3mu44g4rjz7wy	3.34437153184067	1.36796136546381
did:plc:u22ppvix7srqvjvb3yhihjan	3.98069850931139	1.08548268520136
did:plc:u26sta7e5ci3v3uqo2gj6aku	1.6057778778055	0.967121960093947
did:plc:u2bddx3tyok5b2dhcenxqicb	4.16408546403005	1.47471045701076
did:plc:u2f52psqhzequt44akh6jusl	3.89850604012333	1.46501406674677
did:plc:u2rves4vhq5sxuklyephldci	3.19704109649409	1.51409486569233
did:plc:u2toxng36vrwj5xeh2532rdg	3.41146305744145	1.60495848610391
did:plc:u2umt2thxa74autlzud6ijyq	2.95044998734579	1.91615175470686
did:plc:u2xxdgq755jrh4a5inagmspn	4.36911457105674	1.75491087539869
did:plc:u36j3bxzmulzhkq47vehpsmt	4.36167486904637	0.972203007089753
did:plc:u36m2sgw4cs5gaebndzra5xt	4.05720719490436	1.38899321477966
did:plc:u3ej43knjmnjysazhh7km5k6	4.99155319539592	1.40666964804374
did:plc:u3fk44nfrgayctv5fh3r6wxc	3.02519124129269	1.57704836400962
did:plc:u3ikcpujjvsbzszzyapjppb3	3.90917457120493	1.27918823311975
did:plc:u3ugsvshqim34p5pjxl5d4hg	3.39954388046527	1.68120657288935
did:plc:u3wsmjiw6nmokoz62iq3yjyk	4.30705405566594	1.54478068441879
did:plc:u3y6rad7itfb5ycrva23pdss	4.49599612242668	1.18724371834422
did:plc:u3ypjsyam44chaj6kn3ej5px	4.04703734455822	1.20280086881651
did:plc:u43vpso5wha4hywvjvladiyi	3.1245766579812	1.41242285495677
did:plc:u447bt2ctkpozffg5wras4mg	3.09566985845316	1.77969522864969
did:plc:u46xw3dj3elio6bzhm3iwa3b	3.06709606574088	1.65224379227266
did:plc:u4arsvdlqd4u6rzwju3m4kkp	3.23938547771417	1.62042607429476
did:plc:u4gxnvs4ramzejh5y6w4rprt	2.28702580987364	1.02730675883242
did:plc:u4hxmabkswkc4wblugwljvc2	3.63768697230848	1.20129309097463
did:plc:u4o26nximjdtgooqshfz45zr	4.74452157675537	0.951042271683953
did:plc:u4pbjisjr2snobqkfu7oomzn	3.69933052711597	1.63686815075173
did:plc:u4tkooazrj7ltnm4pou22klh	4.09809108305892	1.52600133720742
did:plc:u4wv55l47ngcruskperuijip	5.13364264143897	0.893617523588091
did:plc:u52ue6jxapjvalr6mhztvpy7	4.30361376743383	1.57508902788777
did:plc:u5765xplsjfc6cxoqln6k773	4.90920312273848	1.82583845871698
did:plc:u5fa7uikat267ncgf5uhppbr	3.52010326267617	1.36030834822818
did:plc:u5rq7cqe6itbd6iwr7dyfqey	3.12464992634547	1.37289040753397
did:plc:u5xcukondpahtuxhnxtnxzd5	4.07088130151877	1.10156220117145
did:plc:u6j327x42zs265ts7nrfvxg3	3.38053677425601	1.62896726555817
did:plc:u6kdyvksja23mwqciazsiga2	3.80553594896035	1.57562748780675
did:plc:u6tajbuklu4kf4baf6la3ntk	4.07702626505787	1.60723866227739
did:plc:u6xtg73x4wugmmm5z4zlbkbp	3.53567207964998	1.50512124643817
did:plc:u6yj246lyldgpcj7hgdmobyq	4.85915381260116	1.24298572103739
did:plc:u74dtdzusep7bl3p2h5qlcwv	3.13995503682102	1.78473980898334
did:plc:u7mt2vwotidntwswykfdel2q	3.50315781717195	1.45420152479192
did:plc:u7qifhtvt3fi2ib3cyixwufb	3.81357217392833	1.66059693548448
did:plc:u7slagxu6wanelqt5bnvwsb5	3.30757931280065	1.21342565283679
did:plc:u7stnfoj4rrveagklfz4afnm	3.65402595041026	1.55368616926492
did:plc:u7vp53awjgnuum7cpuhg5jqc	3.23366823741086	1.66068836742051
did:plc:u7vsmblczv23inkigikir57e	4.24498417539732	1.59413429323511
did:plc:u7wzbhtoudeshsnvljn4rpqn	4.384020437029	1.24992107763438
did:plc:u7xrkb4casj4u2zertfnpbfb	3.61765312079607	1.91972541260959
did:plc:ua5ntkfoakqozibtgjm3hngy	3.64563142942056	1.4917361083954
did:plc:uaa5gier4ow6rzohkfap4zrh	3.59742440556206	1.76030101260743
did:plc:uaddjutvat22zthgz6yeql5n	4.65469354282885	0.999904613500829
did:plc:uaic3eyvlo36vb3ug7kcscfi	3.17127721827848	1.39763421027615
did:plc:uailwklbjjnlngmhqczjc7xx	3.83608892857089	1.15990487962926
did:plc:uakygdgbeh3h75lzxz4bcn5c	3.93736162698567	1.23680537136019
did:plc:ualx2hyge5gqllrjidwwgt4e	2.15418526169171	1.2386654594429
did:plc:uaotr7ehxnien5ibdqm7nhru	4.36051785625373	1.35348940397791
did:plc:uaskaqyusgoy6zpfifxre4dk	5.26390420992362	1.19011803648365
did:plc:uaudzgkypgd45mx7xvq43fvi	3.3050156093328	1.55367550002117
did:plc:uavdefuu3mm2wss3k7mocbqv	5.11326034271971	1.26103168862836
did:plc:uavkp7gsftgoj5dw7c5h3k56	3.03710405290748	1.94106163041029
did:plc:ub4lp63dp7cfia45plqefxip	4.86142761643072	1.51547947524323
did:plc:ubbybxfh6if3ocvteampfxpv	3.63358914547516	1.75473646170819
did:plc:ubjuu4hrkaeygfmaxhnxaa7p	3.0010830666376	1.42361747822082
did:plc:ubnaesg4dkus6hjtyb7jobda	4.53965837631579	0.950058438419023
did:plc:ubq6ffbo7mel76r4t76rknl6	3.56122020003977	1.77482627324081
did:plc:ubwmaptngm7x4qpjfke5g54r	3.36489219674386	1.88631735032573
did:plc:ubwottc3cnlzrx4vilkouyhy	4.63441220805585	1.06695226380239
did:plc:ubwritaooiuhubhxjkchzzu3	3.52238708925274	1.49795737364957
did:plc:ubyqi2b4c4qanay4wn6wtptl	2.73146047229836	1.07987895387646
did:plc:ubyyxs4oygsyxzlyc6difzif	3.72653656905707	1.43375984799091
did:plc:uc5to2526v2xzrxteh6nrpny	4.44010467539803	1.1183801421205
did:plc:ucmy7f6oe53hpkn2wpzmuykn	4.00912832286472	1.45350694776808
did:plc:ucoyqxjl56744xellhmeqnqb	4.55866040408156	1.180053421417
did:plc:ud7m3elmug234hvtz37om3mb	4.53333270956022	1.14699469597777
did:plc:udh2ohqe6isokgpircg5b7id	3.50634965156111	1.37284368470093
did:plc:udmocl6uboi244uawk2bd6wo	4.05901050657547	1.25678600403947
did:plc:udngtnohiohqrnuuzamzibfx	3.37755104017603	1.61586023275477
did:plc:udphhqmt2xwfgbh57pgyx7ap	2.68901364888452	1.42768960029623
did:plc:uds34mp4c6n3377s23t3unqi	4.20830229070708	1.40134819972819
did:plc:udttd3oetsnvolmp76rrxers	4.37932889982443	0.982526787992852
did:plc:ue4vc6c3ynhoqovr7uskjehv	4.10751483563356	1.33509741429098
did:plc:ue5wdcq7bfu7oblbjk5sh4py	3.55972397520066	1.806468336761
did:plc:ue7nivud673uyi3pcrsrco7g	3.24318691909097	1.69764092024873
did:plc:uebh4o2jjus4nzvyv3pffssb	5.15224523843015	1.32493769505171
did:plc:ueotqobusok7gxidfa2udq4b	3.7311214509963	1.50219162210687
did:plc:uep2hto6ko3ljhx3zpsrba64	2.84209350237265	1.3766108709728
did:plc:uephakvgiwl32kxiewte5kn4	2.97825468555572	1.87667944790764
did:plc:uf2gsvyan4lwwmuakzr7acda	4.02717978585433	1.67639944587021
did:plc:uf34gv4zxpmizkr2iw22x6ty	3.64188366645647	1.63954015472061
did:plc:uf3cj5hw6krgdwuizttnngvb	4.31911153733739	1.59159077988679
did:plc:uf4evkqm3xrl2thwor5lzhv4	3.43315812084286	1.76504788336703
did:plc:uf6jwhcd56vnkv74zgjgn6zp	3.63264986159187	1.84850069491606
did:plc:ufbaz5tz6ukntebaus5xywzi	4.00905315856226	1.60900656413838
did:plc:ufdislx4twemveoae6rw5hqm	3.83975804270776	1.46143247046078
did:plc:ufhqviiwv6pj3ygm5pyah3yp	5.40013340221568	1.2461063561249
did:plc:ufoozx2sljchtsqrfdovqiei	3.2603025943123	1.46820514190086
did:plc:ufpllcc24comcmilpkjld4ku	4.0307260079391	1.53252274262044
did:plc:ufql7stdd46flxklt4fofmpm	3.08517590793928	1.46699594250563
did:plc:ufqop6acr7n2qrxxcq5qlbkt	4.12697424956852	1.44416173534991
did:plc:ufugh4bswg2den2lrcvccf3p	3.26586699748405	1.58849145535326
did:plc:ufxjfkz2f5zc7n35qlyow366	4.16894456819591	1.75047173671457
did:plc:ug2t4qqvr443uitmy3mgjjui	3.98313104947235	1.46962019741413
did:plc:ug3wxttwcg6pvyd3rp76xeuy	4.19322064515271	1.67083771318409
did:plc:ug6w6vlpr4k6nm6lpeauledl	3.5635538455637	1.08235222333497
did:plc:ugbibjifmyymqwwsobylmr65	3.2368203889411	1.80374599322771
did:plc:ugexeqk3hp2lbsooqiqzl2la	3.97986279840407	1.59912686100263
did:plc:ugodtw3e5qff6mv2b47chae6	4.31987211635186	1.01194768271533
did:plc:ugrop4mireeurqi5qw6h5sln	3.36864741422294	1.60022671407138
did:plc:ugtirh2jgoxyw752gsxbdyza	4.29836096271419	1.66168429100578
did:plc:ugyab6cxp6ae5pmnebten6du	3.10759694859213	1.67365562653875
did:plc:uh5hdavi3jd6siixjxrxrtkn	5.2517955549893	1.011281725658
did:plc:uh6hjinhwmlnguvdwijspq7d	5.47989188062875	0.909643230658979
did:plc:uhaxq2rd5y2fkqykhvh25vng	3.20176852275004	1.47230458939707
did:plc:uhfmcrnunkr3whev3momfchq	4.20529759773479	2.04826010417872
did:plc:uhiaci5mrboxtc7kmlozk6if	3.62350080482871	1.40573492511954
did:plc:uhm7ly64ljowikd5icoivxmi	3.065820669831	1.5566127698089
did:plc:uhpgmk6v3dlvgj4hqbgeto3d	3.38492383968151	1.59801925646769
did:plc:uhsrr6wflvrrc3xnn2qqh36z	3.36394778477459	1.48739757549285
did:plc:uhsrugfnlg7jdo4hzyoyoymp	2.99256067639438	1.90272880837536
did:plc:uhymat5nt2skj36nbcbz5zfl	3.34795850817498	1.75485297312443
did:plc:ui2ldbc2b2ekxy5np7ccbhsg	3.20473382487481	2.07661557289183
did:plc:ui2rvalbvf4vvtuqebpufkiq	3.10725644758423	1.50969524933127
did:plc:ui44udygrhhs5pximsst434l	4.55171331957913	1.2471271564884
did:plc:uibv7kihq432oerfodxbxmht	3.3489067405533	1.62711558199414
did:plc:uig3rz3zaj5avrkehjhgixrx	3.97173191070826	1.3736222216037
did:plc:uii6xfc3stjav7zofuhmr62s	4.17691095058663	1.24179754456812
did:plc:uiino3777sf3kr6jheyqeehg	4.75903071152806	0.907861046302166
did:plc:uiliocqtzptvx5voz5pjlrai	3.69407070575642	1.54051122528528
did:plc:uiriugwqwigyqpsw3jwh2zvo	3.48711822548114	1.52626044677481
did:plc:uiskpqkds2o5j4yrrhpbpxtq	3.33400689636966	1.82825837632515
did:plc:ujer2r3uebldtvun64vle3k4	3.73393638104483	1.32629557424874
did:plc:ujeytb5r6g2zuhvyvsebuoxr	2.7359467961596	1.66611155772107
did:plc:ujjqp2vtjw65bcufj5ecqgdi	3.53264928848844	1.45613449388321
did:plc:ujmkeqdl2eyw56dmjgbxuwxq	4.19259030537386	1.35637780448341
did:plc:ujocwkbubta7e5lxye6fy2yq	3.41356089132701	2.06096418763818
did:plc:uk2khgon4fhycgyml3hvproy	3.10402182121996	1.56648196622601
did:plc:uk3w7osmgtnxbopn3n2hhjig	6.13746737725003	0.889116406521673
did:plc:ukc2nwdpytrgqdrm5vpvjk5v	4.39063742073566	1.47806883788631
did:plc:ukhqib76fwmbtjg32fa4apst	4.62042639034899	0.920330982843415
did:plc:ukiknsxycf76wn2vxvccvhql	2.70916629937018	1.66197575748094
did:plc:ukim56in3lqf3n5frwd2mvwu	3.85220102863854	1.64780057599655
did:plc:uklmcubd365sydczesimmxw7	4.65916816789058	1.46318888111401
did:plc:ul5e6unpkw37gbopghlxhigc	3.1248546247147	1.69154831909126
did:plc:ulbg4kmbvwa2n2g7xo45vkyy	4.32422609229406	1.36268332492783
did:plc:uldihcob52pcc6lpwnyzps3u	3.36550816381962	1.33548506317969
did:plc:ulycjpqhwj5f3e26vr5t3bou	3.48317745699979	1.79566058519508
did:plc:um65ulftyn6wz2ihkbwo37uh	3.61058104031265	1.86530199093848
did:plc:ume2f3bwq4mtgth73q2kvzva	4.17719350913513	1.25102145374757
did:plc:umjcmgnxslee52u76nvxj64r	3.05857400643896	1.50547966973453
did:plc:umnz6pxoigghyhyfvzvedtrk	3.56239293675244	1.56299965121969
did:plc:umoqlkg3qhtw6dqjkreeiavd	3.92627452852931	1.47277890056029
did:plc:umwwwtb2ipvoy3lfasyncuun	3.59465888129829	1.23982201120703
did:plc:umz2u5t3mliprkhjquljg2is	3.59807331230252	1.38625930465974
did:plc:un2bzjnnms4va44vmswwun4p	3.5306888556948	1.34933034398068
did:plc:un3i2jmzo3ckop7c7nxo5z4l	4.82178261192426	1.30346420407282
did:plc:un7tcplap46u3rcaugvx7ovk	2.20310843169965	0.69523991261955
did:plc:unaqlkxdfyxgywqt5cair2su	3.91265785414557	1.37762093233214
did:plc:unbjjdy77zbvhtpca5se7u7k	3.60404832110422	2.01624340404799
did:plc:unlrrsb2ww7ttjeswzaletmg	4.08200190818364	1.48185891138085
did:plc:unoeut23mw5yqhuugxo6pvo7	4.14179993552728	1.81179830439235
did:plc:unygeptinzzacsfhm4fvrev3	3.78845588732387	1.71631023821788
did:plc:unzsnnrmgoiko7fta4ucy7z2	3.08080874988575	1.53761875883665
did:plc:uo6yhsxj2t5ibk64e7eh7hb3	4.3300805709627	1.30594235796647
did:plc:uobhiqmay4yngbuemdubkbum	4.00974241481636	1.32856029101486
did:plc:uoerbkzrltfzl7cdumvjio6g	3.08732136253395	1.44217933507236
did:plc:uojbc5rqxpvsfewicdxrvy37	3.90400262269255	1.48732823692132
did:plc:uos6dmznsvlghapiepkyjyvx	5.06492948517554	1.01697186786117
did:plc:uowyefhdk73we5k7rhq5qohg	3.75526742907588	1.47550467735161
did:plc:up32gwbqspmefk4pd75yptxn	3.75790088207569	1.54039147803029
did:plc:up6uyviz6wpnvhl3wwb6ztxj	3.65042122967635	1.88419305677494
did:plc:upc32hhrubj73cvj7zwoq66q	3.9262869892697	1.40479322044029
did:plc:upqgj64yvujbqqmww6nmkefl	3.56718453411619	1.51750311707949
did:plc:ups2oavzl7k3xt2cpg4npaho	4.23513712435771	1.35536618656813
did:plc:upun5hn36t6v45bz6ydf35oh	3.51254514219332	1.56082103647605
did:plc:upvnac4y6pxvgxmvxgziibzs	2.98394487615797	1.80394265106563
did:plc:upw5qruct5f5hbas5xzey3lf	5.54120076499225	1.0854072022736
did:plc:upwjfupaue2schp7znvmswiq	3.7469147386354	1.60860385006365
did:plc:upya7dvv4qsflwhcs7qn52xj	4.49130628179048	1.46784065151566
did:plc:uq3lap6v4xwys3b2at7nrfs4	3.19787119498314	1.61886726044196
did:plc:uq5w6xjrftw74nk6463zokhi	3.68088981617557	1.03820988082633
did:plc:uq6pgaoc5pwyhpe276ml7vqv	3.05208188627129	1.20505749789812
did:plc:uqdv2smjfcl33nsta6v73at7	4.66177774500565	1.62516155758327
did:plc:uqlxft2nm4cuwplfy4gce2xk	3.82912709287315	1.12318315333869
did:plc:uqqpq4setf3kpc2bqfugk33y	3.70825636019378	1.58268939959442
did:plc:uqsv2fby2su6dj3wstxsnzkv	6.78575937117136	1.17249498254767
did:plc:uqummgbn6hf4qwhnsdxsmsmk	2.75929712804979	1.77870477446608
did:plc:uqwkmhwkd3qaxj34jjvky2ys	3.32442256370772	1.32340848801626
did:plc:uqyhlqowvzi3uf5zoazvbakd	3.41697152710095	1.96394203277294
did:plc:urgy7u3guhsvbajhjl2mbvxa	2.58758328613437	1.65675462028117
did:plc:urgza3nf35ou6z3drdlrqbv5	3.70923286683606	1.3068241252688
did:plc:urjijz4b4qnfp3rhf4bydgrb	3.45681220378905	1.29055586722472
did:plc:urlbpjo2lzkpcduxcccdwuqj	4.41389102577779	1.45607888589685
did:plc:ursn3unvdh4isjfns7vocd55	3.62695401843586	1.67165161280045
did:plc:urtzlgohgpyod45hftk3tzne	5.53430671304848	1.29430679437323
did:plc:us6dyltxsrqjw7fywh7edh6q	5.11185024082114	1.23316040646432
did:plc:uslui62u2fngnpsun6grxicl	3.51574704422979	1.71122813468204
did:plc:usnn7oep5w2a23d6s34msryb	2.68294442185528	1.36881032819189
did:plc:usog4klgyu6gbd3wbmq7bu77	3.71762183145584	1.4559927070742
did:plc:ustwerggnyzman5jjnc5kiv7	4.06349279075262	1.83990704991587
did:plc:uswsxsexe3nydyiylzjapluu	3.39008027128216	1.24501664927388
did:plc:ut3chzor36gn5iqu7dtzwvfu	3.16087054981823	1.64429235587469
did:plc:utczgkbvs7oiyd3cz3bxhofn	3.43731332132068	1.57742221586842
did:plc:uteg6wnqwce3axnmmdvlpfty	2.95308330810005	1.64936161104002
did:plc:utgrou3zbspp6wc327jhhiar	4.29225786039657	1.29797368462457
did:plc:utjlzphayfh52rykihex4uyw	2.65978181053311	1.63778745706833
did:plc:utkhhkg4v2teysvj4o3jsaoc	3.8092667583739	2.06898913720104
did:plc:utm234rdwthwsxd3y544zdr5	3.22960257984296	1.29474157757836
did:plc:utnh32jjmh6llqf4m3izib57	4.02577490585147	1.3297182754039
did:plc:utouf7h7o7e3tn3wmt56pkqo	3.80012670009997	1.66620873827472
did:plc:utpl5cphsmeczhs2twhxwyhj	3.02166538717747	1.76521356991179
did:plc:utqp5zmkljkjitdi755leulj	4.01382936251437	1.67532466854825
did:plc:utwnvvhn4ijwbpd6niv5p3rm	3.17127040423753	1.61186737483626
did:plc:uu4i6xnropiwcfrw5m34r6ol	3.37576991905182	1.57049220455448
did:plc:uu5rjnakh755yazcmhgyf3wu	4.56325626153221	1.34975202360551
did:plc:uucoampzcil7wmaubuuoayo4	3.85427327606711	1.40966823040625
did:plc:uufvrrctejsozzeitbhf6mvc	3.60014408991752	1.39412290000201
did:plc:uujllyjrb4uxcsl4pcf7t24p	3.16693747518209	1.3541033231446
did:plc:uuynb5tll657y7nh26n6mcda	4.12381989095941	1.75409811103578
did:plc:uv2enufgzi5qbobbjghhzcyi	3.92486346977133	1.13104226710471
did:plc:uv33dhabjj4vm6wxq7q3fhsv	3.81820361125707	1.57516299841715
did:plc:uv6lmei3m2f4yp67tmveysqo	3.24362839045147	1.57995926775755
did:plc:uvcafhtnjurpcq2snzxtarql	4.52512672741328	1.50013488184567
did:plc:uvfobzjsmf4jymcounv3dnkz	4.20603372598532	1.257599670359
did:plc:uvgh4nhpulr7blhkn5ruqvja	5.37580603881015	1.00336309600821
did:plc:uw4f3uxnfvnmijyhftatsnyj	3.68062301689413	1.56500826442054
did:plc:uw7hc4aqsgrtfu42k7owj3xl	3.49722510455498	1.90579056708346
did:plc:uwcqhn3xanaxgnzkdo2yhzpo	3.43138603033094	1.70555370202733
did:plc:uwjyr7enh4dvfhiamp2bwlxk	3.59487800454005	1.37511612085544
did:plc:uwm34zzqnrqtbtugf6wdcluh	4.21347736758444	1.02717128919565
did:plc:uwmijeuf46kk5ldvxklse6ii	3.68948325820969	1.7910150758489
did:plc:uwoopvd5exo7gwuxftelqh5r	2.61565326564432	1.55292926695124
did:plc:uwpkh5i24px4bwyfo2e7sp3w	3.96510663265637	1.62802385053912
did:plc:uwpsudatii2tsf2z6gbtfrb7	4.06434194924888	1.46211042129687
did:plc:uwr5uhwuwfualjtfadywycmt	3.38168261455177	2.13867898515869
did:plc:uwzx4hawgwo3gez2gpdbt3lc	2.49612470307631	1.36477723463749
did:plc:uxbynwp6a3ixre2rxwlahbox	3.73249711502622	1.66925341436371
did:plc:uxckgbgyzvzkxee7v6yornap	3.60895756594099	1.43433293858444
did:plc:uxepse3kuzazywlduvxfbbib	4.10148555656276	1.57436330988779
did:plc:uxex5p7ooloibribfol7hls3	4.15357649667626	1.45918603644192
did:plc:uxicrkjrmelghejxgx3qnybl	3.96064706693191	1.49225610698835
did:plc:uxmwhi2rewkmyvakjsukodzo	3.42388808643627	1.79872330419689
did:plc:uxt4nsir5idyfzg6t2kprvqj	2.86017133689656	1.47631139606679
did:plc:uxwfv6x3dbt6kqacjjnio3ry	2.65320538087118	1.25608131367266
did:plc:uxwsrzvn2ejevumihax6hzxy	3.73692454338081	1.43455843203581
did:plc:uxxcj6dqjp5u2nnmw3hskkmr	4.27903021183191	1.34698719698145
did:plc:uxyrrl6qx5vxzfyxakjknmqm	3.65067389567069	1.10911689976345
did:plc:uy63gfgrc7zsfnm7uwracnij	4.80020674618516	0.944780065001532
did:plc:uyaz22eyjctirfyrmf5qywbn	5.33081285483249	1.06614921002275
did:plc:uyipvrlsk4o7zyv7r4jtiftb	4.17118761522922	1.5533200406103
did:plc:uyletjxcuoeq7a3wcscsjuv2	3.1442109540292	1.52865134481192
did:plc:uyoonyvqvags2mjs6zymkebd	3.4655758892442	1.48596304395591
did:plc:uz2vmrgeywx67lfssmmylkst	3.07079631079506	1.69004058610068
did:plc:uzfkq2w63wgwttv6kksvtr72	3.61813387595877	1.47812914348343
did:plc:uzhvmlncq4klujomb656aa72	3.73425533395103	1.50748731848817
did:plc:uzmorcktljxk6c5kyczxmfs3	3.30122135040016	1.53944451847823
did:plc:uzpdeloxpsjsphmlmxj4c7cg	5.04959695020154	1.45867677016676
did:plc:uzw2iar42t3h5n5hmo7m5xkr	3.65108448127817	1.3478965766627
did:plc:uzzubzegdn7fp64relv4k3fy	4.12623279453237	1.67828426078146
did:plc:v22msgjh3powzrvlvcmqw2h2	4.02170628182798	1.11605687912991
did:plc:v22ukeoh72xiqrfzxrg62eqz	3.47009231653865	1.28019869493802
did:plc:v24d5e2fz5fb6zgw3jh7lw5q	3.66335244943801	1.73903289508274
did:plc:v24zjlas5tygefqh7ra5oynh	4.11297845148155	1.40311383888683
did:plc:v2hhhpdswbybxpywnn4dytbb	3.59949801548669	1.59722342698648
did:plc:v2i4k35ownqhkdcecavr57of	4.36156449708336	1.59457259954024
did:plc:v2iktlj2idbkvggjz2xjjldv	3.68684009690353	1.64289616720057
did:plc:v2r2kx6tnaw7qjpn32yzgpdu	3.77811634020979	1.65455447453657
did:plc:v2tgxksh34kvsrtxk7ebgguk	4.30848423551171	1.11046888516362
did:plc:v2ttyjkn3au5ruwjorapmtgz	4.52784801268748	1.44331131848649
did:plc:v326r3ae2p2bue3hupxshfjm	3.69066373187723	1.39369089460162
did:plc:v365p4qybiksejlyxhzexfgk	3.44597276318333	1.3452163797056
did:plc:v3b34622qqzqnifi43pke2x3	3.28059310101292	1.38660026710404
did:plc:v3krk3q76eg234dz72eset22	3.28086576838497	1.31783575273911
did:plc:v3vtuxozzr37wfpgd762zvfs	4.62499316076103	1.28673828430576
did:plc:v3wcmrshvxhmmyds5ug4hvl7	4.05981281119675	1.28358395293004
did:plc:v3x5fwavwz7cu4wetdubfu4f	4.40718979838353	1.46697889794639
did:plc:v3z2xryorxggi3j5crjh52t5	2.98285380360041	1.16858856192188
did:plc:v42lcwjja3dpy2mdhojscdei	5.12494921839231	0.797237341227891
did:plc:v43msxnm73bn5onpcz3llglp	3.74721155495773	1.46395205574498
did:plc:v47w2oqbv7pbplwenk3mwpxp	5.26964923762625	1.686685664934
did:plc:v4d7eklhd5rl64h5zldnx5mr	3.13671619531953	1.8840253132184
did:plc:v4hdfsnjrwmucpf4dvhtcig5	2.96878503588393	1.94348989235207
did:plc:v4hewkw4lejvs4ovygcx5syp	4.52454486360024	1.81129689356491
did:plc:v4hkekvfid77ygig5vkg52tz	3.85065862530866	1.42112775619872
did:plc:v4khieueou5vrdaqceshu73a	4.84624448842934	1.9598326099677
did:plc:v4lo3gubudzjb7wzr54d4qp4	3.48264300680421	1.8980631940406
did:plc:v4nt6lqtxelo4ikojy5vj6uv	3.9054289637876	1.60458799442306
did:plc:v4rajdvw7ox6rawlcrazrjkg	3.28023218310945	1.81396636347816
did:plc:v4susafajjvlcu3xdpzpux5b	3.99131495584597	1.61825995786575
did:plc:v4uow2tkr5hfdrf6ofzcp4n2	3.55276085763193	1.63462959857739
did:plc:v4vidsj77arspecm4yalxgut	5.26155448321525	1.26531904534061
did:plc:v4wkklryblljvhs6bytlv44x	3.11800769106113	2.01363748820724
did:plc:v55hjoxgvxvvtrwwrynxf47l	3.07386699676394	1.65697230675614
did:plc:v55ziondl26lq3wqcxezxpsk	3.11017682226086	0.570285102329198
did:plc:v5fge36cun32wuede7qsfxjs	4.1136155894507	1.13864038419034
did:plc:v5nnvlqlxk7m5nk3zyegi55e	3.72581302357775	1.33273429306494
did:plc:v5q5qgs6llumuontrt66i66o	2.98551379416058	1.10672033732869
did:plc:v5qpff2cq75nohcp7vtvlyim	3.22401883994848	1.45461140625239
did:plc:v5ua4vbzqsjaqh7sb7hcjf4d	5.52695673161788	0.459876981968316
did:plc:v5vxd243huv5hwsr5ndayzg5	4.12918924472624	1.77932504148346
did:plc:v5x4ey4gn6vdorbe6m622war	4.11423494319733	1.51212744358839
did:plc:v5ya2jcpefp6tgdnzfxtx6sw	3.97599964223914	1.12401512978274
did:plc:v67vheevy253gsqiggk56ith	2.84669607678791	1.37124570257168
did:plc:v6hpps7bb5t5m6lcvvyylsnu	4.07403431977344	1.70950794579559
did:plc:v6n6rahn62aek7b4b2qmdkyb	3.35722547858864	1.50138761330513
did:plc:v6opmelitv7x6zzp6bbmnggo	3.42522564726593	1.38953346842812
did:plc:v6owizokygwzihxo2p7ebvg4	1.83521576762961	0.811722130741332
did:plc:v6sg7j5ggrzikdy5wvpttts6	4.39971405087412	1.41529962750193
did:plc:v6spunksitsejjdy2fkxiovu	3.12274559747623	1.23492796588068
did:plc:v6tway74fmw4vdomqv5ay43r	3.0228536919747	1.52647949632777
did:plc:v6utidq3a3dyhdmmosr4ja4e	3.08053701181517	1.86685794974433
did:plc:v72u4gia4c7tdgmaepdojcaq	2.60747828758752	0.803874946200544
did:plc:v73cdxpnbzg5zow464lm5pxq	3.47834097938882	1.63580246288889
did:plc:v7edyss5nfzoy4sxf2tuhury	4.7503024639714	1.65457136418122
did:plc:v7emjycft5grssjkxokhejdh	4.73160857602081	2.12959423591464
did:plc:v7mjdezzi6onsg6vj26tbroe	3.70694558850113	1.28661457705481
did:plc:v7mk5me7r3dtibb5vjdpyovp	4.16262493676021	1.35112276814272
did:plc:v7mqwon5eolma2lnsvlkhhy7	3.48053764342032	1.50126637315155
did:plc:v7qznabx2e453rfq2p5rv46z	4.33656637881994	1.75668336869627
did:plc:v7ur6ds5b2yp2eam23qbql54	4.19804720308126	1.65399638749186
did:plc:v7vsnagcaiv5vez2p4yl5nan	3.78640535355213	1.30559158896799
did:plc:v7z2vehxanixk4cvs33huol3	3.66658369535472	1.33574202421824
did:plc:va3edvbf6wdynb6xrynxe2na	3.95986184273696	1.29163503860134
did:plc:va5a3445xl5euczwmal3hxof	3.48247893969901	1.47859891846117
did:plc:vaec62yugo5nitr443kpix24	3.35644868209995	1.46757269121213
did:plc:vaeh24tpryulni3ir6yzi6iq	4.2149223637003	1.54042028633467
did:plc:vagebdcswkb4tsy5sb7bt237	5.56056891956958	0.667760249934876
did:plc:vagysuoyixn2xkqofqmz2uh6	3.54284674586829	1.21959805411463
did:plc:vahkse4ubk6wa6sey4scbtkr	3.64016124552558	1.83219832078128
did:plc:vajnltmcuo5aiyg4c5er7zup	3.44365699568667	1.25568021442363
did:plc:vajreuctrioagf42towycwp6	3.69920341659588	1.62565989328976
did:plc:vakwtghukyqlvxpjq26t42aj	3.51998329728441	1.2523419905059
did:plc:vand43i6xcd2eulrlu2iu225	4.43690947633323	1.38450912673864
did:plc:vap3n3jiijr3xkjziabpvnk4	4.22754438364527	0.976457671416084
did:plc:vay4crpm7y3m4krgcbrmjmur	4.04329796613737	1.14244465466194
did:plc:vb5ycicmpmxtc2galpqlo5gj	3.75646052507353	1.66172375263998
did:plc:vbiinw2s6bgiu3665z7nr7a7	3.68807430872255	1.35242189143829
did:plc:vbniktezkl447md742lubexk	3.08411910034608	1.51834165931967
did:plc:vbwasf6dlfqgw42nuubaipy6	4.58850318283898	1.17784692066763
did:plc:vc6hqx4mg43q55tzcv5xxf2n	3.69937225274939	1.5078068702088
did:plc:vc73wnospo62ivksbgbqqgep	3.86794154471363	1.55866606776676
did:plc:vca7am65wj3bwkmachpbbhkp	3.79460154051173	1.32807711096859
did:plc:vca7pbhgixrhyfyg7rbfqwnu	3.4966358299778	1.74806535302472
did:plc:vcaykkhryvydnmtzm7wtchp3	4.19569235579438	1.34549492104167
did:plc:vcfndlkaw6sku3t3xkqg6gwf	2.70033130727765	1.64919755747529
did:plc:vck2ztkj6uhq6oumaqt43o72	5.08053297249872	1.54399372430312
did:plc:vcmwokfxkrzhyqvi5fk6hmrm	3.49249290916908	1.41913389280965
did:plc:vcqyy6glv2gtxugxs3nnco7v	3.28979614411955	1.74083311983946
did:plc:vctpc36siujbhp6uuypelihc	4.67412419652911	1.42705439578227
did:plc:vcvxadcjvizv53f3q3vgic2a	3.79078169957482	1.97907803805939
did:plc:vcwv35nntpp6dpv35qgxbf5c	3.07348205588792	1.46992104511466
did:plc:vd2o5rzna7oio7pdbewagxfs	4.33601358830394	1.38204315383238
did:plc:vdieyof7k6w4sa45kujodzj4	3.91075015079785	1.48505854584769
did:plc:vdjxl72vvb4wlmdle7vi2nto	4.23115012112999	1.4046909510123
did:plc:vdq7iquwg5763y4w5pws2m3c	4.19625036546038	1.37511408178805
did:plc:vdrcxehylntgski3psotur6v	3.32779008626777	1.48715159915924
did:plc:ve5rni23zmwq7rm2kpf4ropz	3.80629281778461	1.17851432241857
did:plc:ve6uu7oj4l4tbq4dpcta77m5	2.76708986420537	1.690560680436
did:plc:vegbbntfgvfdatoeem5kekma	4.54545822884444	1.44472899456789
did:plc:veir6vjxcpldfiopgufiri2z	4.72894743889115	1.09203813209002
did:plc:vekg2e52m7ij6tw5z4zcjsym	4.67229441511112	1.38934119696806
did:plc:vekozqtn6snt233t2cenjaer	3.49974287649203	1.42604293565157
did:plc:venbygtx4btbisok2e5ke2za	3.38116944361213	1.50857825322786
did:plc:ves4dwcrinvwbmm3nmuigea4	3.54047514246289	1.50760150730496
did:plc:vf3tebx4qpuxadb6gqolv4vz	2.84055844528998	1.84699327365411
did:plc:vf74mrhppynzte4j4wnjzcvl	3.72320094850495	1.3754971286171
did:plc:vf7qxyyvvxe2i473rkfl6txj	4.13408685311785	1.48979279431294
did:plc:vfbmawnim4xfl725zpxhjxwq	4.23984427621249	1.64680614226497
did:plc:vfgz7domu2mp3suq26iiqk2w	2.71074370487572	1.13687383157031
did:plc:vfmtystszucn7zth6i7rgxcz	5.77384689786366	1.21960193628663
did:plc:vfo3oidkjvl2xh2wtv3dnilt	3.05982095489293	1.54794357408182
did:plc:vfpwt76wqixebwcy7a3adoqi	3.32220240959948	1.57034246630677
did:plc:vfzbj5eu253563vt6gslypcu	4.20929583709336	1.24191096116091
did:plc:vg6xeguv6uhhov2anq66rqfx	5.21171696144346	1.07261075361024
did:plc:vg7t6ubcm5xi5ia7g4lyvnxd	3.22334155819751	1.40424420484771
did:plc:vgesg5eyzpox7lzfuu2dtu6i	3.36270050046348	1.43440711150715
did:plc:vgjdukzcl4yrd6voxblwcj5u	4.52452177976602	1.39078077260841
did:plc:vgtfab7al2cd5b3lvnrrnhqq	3.33615322941242	1.64048718239563
did:plc:vguchn5okavjs7ox6hepo43r	3.85558902202145	1.58652134537032
did:plc:vgynvmb3tidkeheiag7o465m	4.33986396741485	1.29748529547379
did:plc:vgyvueqotwadybfroabhvyaq	3.87187448278118	1.40001576628458
did:plc:vgznbehxhzqetkuw7azkga27	3.48888696914071	1.42780141067656
did:plc:vh4ohuhabki3rf2wtkxfob7z	5.09839166850446	1.21717257039148
did:plc:vhegw4arwnwa35b6dhmjrl26	3.0563001620611	0.523249375916186
did:plc:vhk57s2jhijsa3g6plxtqhs5	6.13693048264083	1.12740604186833
did:plc:vhksxuzscmg5uokrkm4jeckh	3.45936977571208	1.82717006857688
did:plc:vhmqoboqysfxvkdkv5ynq5y6	5.00741213411948	1.03706846357795
did:plc:vhmwpcslhbd6aenaeqgyymod	3.13287605902441	1.69368425002943
did:plc:vhnenrjhydhu2anaggzotqmf	2.68754951239116	1.67046662804095
did:plc:vhpj6edbfrs6xndc6cray635	3.86093486218459	1.88588372133492
did:plc:vi2wjcviggqnjgesczeyznwg	3.49527949356206	1.66082800591495
did:plc:vijnkx6htogdrcvd6xow3z7i	5.73758818660938	1.21828914906081
did:plc:vin6h7rutkmjuutnjnqkurkr	4.24054791907	1.53647631464481
did:plc:vinm5l7urrd5zwjgjsrubmw6	4.53748385346081	1.39755038140692
did:plc:vizc426bk4asnhxrtnx4wwmh	3.64173033995694	1.44789821941108
did:plc:vizwdor43adw3277u2kkrssd	3.36229454010503	0.435037583951523
did:plc:vj2igbc62tswpzu3iy37l6c6	3.40314777128572	1.35518424658352
did:plc:vj3dy5dpxg7bwi23iajlrywz	5.07317904372544	1.09809697603515
did:plc:vjgx5t6x533qa7efuneyjtmv	3.61244956716087	1.27831237863133
did:plc:vjnvh4afptcw6lzy2pilkddb	4.77424924132763	1.24186422054431
did:plc:vjswgfdjmsz257n7pjlwszej	4.28686493425852	1.12886197028322
did:plc:vjtslp6vzmei53s6lebugnuw	4.34060486593428	1.12214113686861
did:plc:vjvrtapymwbyv72ojk6it2nl	4.71620047311981	0.977773033893604
did:plc:vk2iaaczouoc33qaxwfcav6v	3.89313201058495	1.17761659723584
did:plc:vkcy334qw5horh5elie3nwl3	2.87355768187494	1.64376553120725
did:plc:vkfnd2gloegd5ullrhkzb2jo	3.8627416420716	1.27570241445765
did:plc:vkile4raraqozigsrrhf3dve	3.66986720355331	1.49523136944018
did:plc:vkva7sdgsou77w4mfrai6xfa	3.95027580846895	1.41657982572307
did:plc:vkvv5maoe525mqi7k3fa6eds	3.29535450041399	1.69466262600495
did:plc:vkycbtlfd5ipwialxbmochzm	3.75624867916362	1.49847772596115
did:plc:vl22x4ut3rh6xfprmh6s44d4	5.48437288685052	0.877442593163603
did:plc:vl4qgfnfkmqibxma6ipwfusu	3.68899823427371	1.48627588220559
did:plc:vl6erersobxadwavcb5g6wkr	3.338177629254	1.47546876103992
did:plc:vlbfzq2vpe5witagacqi36ba	3.32868766369537	1.25770194259577
did:plc:vlemz4cw5zmf7tj4tqcs3y74	2.97728149518626	1.83214459685954
did:plc:vlphn3whvqcolsgeqhyba2dt	3.1253011753208	1.76504673374747
did:plc:vm3dbb2j5c7nhwtouiibkpxp	3.72613586281085	1.63003500067072
did:plc:vm5ajlsysjvt7ihznrpuhsiw	3.76211421459322	1.35518761329222
did:plc:vm5nf2gketmdq6rtnp3fusgn	3.14857376860337	1.5473968364966
did:plc:vm7f4f4khnnbljbybmwllzxp	3.64913864314653	1.43421151924553
did:plc:vmgqohs5xdjvfwblrtbzzeps	3.46641145241869	1.51126203478735
did:plc:vmixilgwtnal4ft75lxgh5q6	4.45181044233756	1.26577912237146
did:plc:vmn6a2hnghcrndw5dzxn6b4k	2.6065386023174	1.36537907869299
did:plc:vmqphopp5lhjkdd5ef5ban5s	4.1305208502526	1.91514402486959
did:plc:vmuvu34srhl2pmavc3ga6olb	3.51501393061041	1.48928754598119
did:plc:vmxesj2vfxh7wtwa7iuoestj	5.083451420135	1.0417535121216
did:plc:vn5kkavvfkcc2klehyiosdzf	4.40775543971775	1.4766719586992
did:plc:vncnpwy4prbrmehtsuvr27l4	3.84131903194695	1.28015938340901
did:plc:vnhir5ikblzn6yzhrgcftdue	3.41595877376298	1.71586057654107
did:plc:vnhou6h3gnmuberdw7xouivv	3.96035836240864	1.56587745615617
did:plc:vnkesfa6daqvmvxasxzg2wfs	5.82157355408469	0.874763964503434
did:plc:vnnvj6qqumadj47z4vbfns4j	3.1782780795211	1.68481842839463
did:plc:vnqqkb7cr2gj6bokkbcl7n22	4.03669166297118	1.14707929800262
did:plc:vnxc26dzobso3dicq352mwsc	3.43675689019949	1.35549288916164
did:plc:vo76kuhv3f2wn3vae3jhb4pp	3.57712967620628	1.73163891591397
did:plc:voghbncuw2rdj27nnbgglgtv	5.30727591999092	1.15599993322367
did:plc:vopdy56bhbnmv53uu27gsnaa	2.40255576503256	1.49570564670648
did:plc:vovxtzksybdziuwsygwin4ws	3.93867717401062	1.1792673282158
did:plc:voypmmrzcd3dxzxinkb3q6pi	5.61947357364299	1.04420046336638
did:plc:vozfc7wlsvqvmwry6i2tigr4	3.42477669074672	1.615117980953
did:plc:vp27eg5bh65frvhopwsscizz	4.65600402078797	1.44821668810692
did:plc:vp3icwn4ccltm3pvbniph3h2	3.53939998647101	1.73195552583991
did:plc:vp3jzqqaa4nk3kurftsp7hlb	2.74210038792896	0.610605480450281
did:plc:vp3riczmrt2xqgemkfwvgplt	3.74802181575299	1.61263926962265
did:plc:vpet5jb6gq4yghk5tuakeq2k	3.35027757418224	1.57013128826636
did:plc:vpeyvxskqvl5nlw2lyvui7wf	3.57934197598517	1.4767765374971
did:plc:vpg7x3bdc35xnjt3alk7iwj4	3.85610407129364	1.3576970276889
did:plc:vphkxnkw2bgolqwd7v4ieihw	3.50163431897787	1.93937348258757
did:plc:vpjmarm2j2wcz5luoo2eohyy	4.12581573026119	1.53932781216441
did:plc:vpjqzdfcjft3y3uu4afwaoer	2.84207775337108	1.66201673512275
did:plc:vplvzlpdaqk7z2wze5ngt7gs	3.13475742406076	1.94523354888116
did:plc:vpnj6v5vful6fmkty2cguktd	3.10436226956556	1.26173641229203
did:plc:vptgtno3pinh4hg7acpgpz64	3.94511639922776	1.78184246919199
did:plc:vpuejzapjvlrylhbmtawwyhz	4.01659881643707	1.55776137904484
did:plc:vq43k3ichlhvpzqqxdmxpg6e	3.48969044463682	1.7029249792524
did:plc:vq4d3ghtrgsthlvnomxv5j7z	3.93109294877199	1.56657504939242
did:plc:vq66bb4dnegazustnugcmesn	2.89595746267139	1.81698889108954
did:plc:vq7s2vhgvm4kp4j2z77l3gv2	5.11128716197516	0.992758683271704
did:plc:vq7w7jwawro4idx3vqgtjhlq	3.75700833441623	1.13103488291411
did:plc:vql7hasrcify34xpb6qerhuo	4.9506492896131	1.25373884527116
did:plc:vqtdcg4x2eiw67lm32mep7jz	4.50521750769357	1.23989925553489
did:plc:vqu5dyp6pmef76l7wicoahhb	3.88121497818675	1.44899557778358
did:plc:vqyuknu6mdlaceeh37hbaysd	3.51641086764969	1.60614626643206
did:plc:vr5h4u746cz2sbjwq2c6gatz	3.04762416813065	1.88366362787686
did:plc:vrqpi7g2ozb2vtepfpt34uoq	3.17707280755854	2.03603968499175
did:plc:vrqt57mg62soj4jppkxeqyuo	3.8581504111844	1.51580330450777
did:plc:vrxp6ahmp2mbenv5u5gm3xgc	4.00639831763563	1.15814411896951
did:plc:vrypm4syex6dyuakpigtlewa	2.62567799569635	1.33575975807777
did:plc:vs3qh5yx7mqrvv4xqbyfng6i	3.33919401329531	1.43031914885558
did:plc:vs57wgaoqveaka2abovmd2ox	3.54163349393096	1.53982970972402
did:plc:vs66tp32rawvjfxavedyfkk7	4.37466218927289	1.0456867279678
did:plc:vsg2udarucrdah4ww6idh5z6	4.34212866200831	1.64011320904115
did:plc:vsxdzvoflrfpxbqyfaq6znu7	4.06208131239876	1.33702989849857
did:plc:vt2iihswfztajz4xme6w4hiy	3.55248928159164	1.57456767860401
did:plc:vt6x4iverrvf2rajnifs3ibm	2.9293625647705	1.87064252850046
did:plc:vt7jpwnbw4b73dbblwahnfqo	4.24955870622173	1.62868027976642
did:plc:vt7vkidpb374dq7j37g2e7db	3.49866679879464	1.28078845875806
did:plc:vtdgytxqxcczslqv2g36fp4k	5.33165104024961	0.916138703476949
did:plc:vtjbhqipsuw4x66lz534avwb	3.61444150180194	1.66944606541417
did:plc:vtkpi4c5ft2townnzjjiowao	4.61458375606451	1.33601848081253
did:plc:vtuqavovlru4qhcmise3poa5	3.3933026359162	1.3546894311089
did:plc:vu2s5yltwy4wn6s55pbnsrgw	3.74174548380227	1.32283502271926
did:plc:vuflfm3cxfexmnaoh5ypabqe	4.29480277560481	1.41872426436512
did:plc:vugobxbj6uwmcn5jfum6fbkm	3.31356695250456	1.23864991758592
did:plc:vuuphxuj2zp4gaovgg5l4kqn	3.26981138542549	1.60772618261915
did:plc:vuvg53my24fgtwu3qwfxcvq3	3.37801855000588	1.5291310810747
did:plc:vuzoztmdyfuhzqioiwevrkqw	4.17852185340347	1.17791209178292
did:plc:vv4xsmiqsnlenjru22bgfcp7	3.14619919303182	1.91574487249975
did:plc:vv7mxcwtb5lg4atacmgck6hx	3.86833443339797	1.69142840256711
did:plc:vva55jmibkj23jrm2wofoxjf	4.68312140764322	0.841358665645372
did:plc:vvaa7fkuyhawqvwcrjhlwvhl	3.8157069296235	1.4497048467818
did:plc:vve3mfxidum5dhbapak6vges	3.45229964067816	1.80940922764006
did:plc:vvgboswzk6ouwtvyjgzg5v4t	4.8810420218596	1.31453224060352
did:plc:vw6y7qapp42azakbnf36d7kd	3.41974812294502	1.97717239979414
did:plc:vwchkebnrtdokbdr3bm4cghz	3.40698821358652	1.37344929272088
did:plc:vwm5rj64tweqftxcjuhuuubg	4.19014879485093	1.3635422559075
did:plc:vwmdje3flsxxy2a6yew5z5ch	3.85965482862172	1.46671930416904
did:plc:vx5sjl7cimvz5imwe3te3sq3	5.00642125394361	1.61625231518693
did:plc:vxd6robejac3npxe7ahn2dhi	3.93514927092363	1.34055994664293
did:plc:vxexuilvvds6tips62fcxw3z	3.21156444599299	1.41408889138763
did:plc:vxhmeydrclgp4r42hohbhmqk	4.04668446463687	1.36534704772563
did:plc:vxknyiumxg7kayobcbfcmm4i	3.17386349942935	1.92471682833506
did:plc:vxlhdhpqe2br25ljzocfxbwh	3.67934744024246	1.60190969285088
did:plc:vxlyre3c5n5ldxkg6637dilc	3.2863224739417	1.36844312911195
did:plc:vxnsaxmdci33abmlykmjj5gr	2.95607875150656	1.87908878864288
did:plc:vxort5eiwrev45t4yqnfw5u3	3.25390458013373	1.78451144310944
did:plc:vxq7parvrlbtyqrahu72psh4	3.6551894781849	1.46001999019507
did:plc:vxqav2bcyjl44m2vhxqzwixr	3.08711766525853	1.54238015980037
did:plc:vxsewplqyjhtky2xppjeaoap	4.54109320597173	1.38462592899807
did:plc:vxt5sdrssnrsanxx2qczydnl	3.50385592798451	1.56190306438588
did:plc:vy3f2xhn7tktxhs5x65ylk5u	3.41246288850175	1.611501851877
did:plc:vy3jpw7nz5kq6e7krvmfxtcd	3.53308818233321	1.32668171582548
did:plc:vy7auccnakayhj5nm6hpwxjc	3.47890631029173	1.71392270283201
did:plc:vygmj6t74lx4ueqfyvbmoynp	4.19866788959262	1.65068089415792
did:plc:vyi325bxgrhwhl53uf4f2a3q	6.35990350993111	1.00735131629455
did:plc:vynms6ryw5qadtpfu5g2fbpd	3.22876280221058	1.672621279549
did:plc:vyqamtpj3frpj52kzipy2un5	3.04313436515108	1.40187605034284
did:plc:vz7xcn4vanqvd3anjyof3l2p	3.50585081657046	1.4086148814843
did:plc:vzbpa73665bfue36g6qumd47	4.34785997278181	1.11819415332204
did:plc:vzhuuj5xtgxim4i4itk2nefv	4.3826782433621	1.20988967554398
did:plc:vzu6z3uqg25i4asvuf6ma2uy	5.07586593511053	1.48119223926726
did:plc:vzwsee2cdqdehm3xldd3w4zn	3.58144129117844	2.0161807488903
did:plc:w2bxvvu4fn5oyw3b6ciairxh	4.18466593328652	1.69625354733171
did:plc:w2c2to3hihluygltijwi3h7y	4.0442441172507	1.22874962647181
did:plc:w2dx4zncuhlrtnhj5jusypu6	4.23340912750258	1.16392662398656
did:plc:w2jhtgd4vm4jdzjmnqioutme	5.88644898061001	1.25124451583161
did:plc:w2kenuzo2ljloka54os66yoh	3.76617261710665	1.45732729174553
did:plc:w2m2kvmqkuwdq3hdko7osz6m	3.49974556391281	1.52545284891397
did:plc:w2mnxolf6ldduik7vvc5tvdv	5.3033653470477	0.913349418631023
did:plc:w2pt2qygpwuzrip5cspxx735	4.29964854296983	1.40948265660702
did:plc:w2sa7i7ygdsewvo7td4neent	3.39598141903596	1.4444453747998
did:plc:w33a46h7x6wbb3j6e7liy6hf	4.32104792335393	1.36149821553415
did:plc:w37mt7ouad3ot7mlxqy5ckd2	3.6496455890284	1.99723525813065
did:plc:w3ewa5hlaz5al4m2apjq5pwg	3.45955430793059	1.56509133102461
did:plc:w3f7yj27n243aefuloqoiqyc	4.41459927820744	1.19757025926128
did:plc:w3goryf7tv2aumopekiyyeej	3.41016038431643	1.74412816519761
did:plc:w3gr3nhtzpmqqafnh3bxtbrd	4.14434635083826	1.26336977829044
did:plc:w3n6aqkh2wi4musoxy6lralp	3.82263158108242	1.28643406619192
did:plc:w3nhr4jptfoy7ukjsju6nbfb	2.80377289183082	1.66093277863365
did:plc:w3u43svxkvlge46r74pc3da3	5.21043453207489	0.910743828737679
did:plc:w44d2gq52z6uo4f24btllhzv	5.57242254676351	0.371388519581998
did:plc:w465tjxu25i7hs6vpufetrg3	4.19241216386751	0.935677247054864
did:plc:w4kaoucbdvdrxoz5yd4667we	5.21333626633174	1.01494590493216
did:plc:w4kpl6hvaxd6h2ej6qihbygi	3.78713397830741	1.60435926102177
did:plc:w4poxtuk7tuhoaq3ocokggz2	4.18954695376164	1.35093683211033
did:plc:w4sagqf52qakdqyyoth2evgf	3.63707672008516	1.74600934284407
did:plc:w5335ubcklpucsfyk3tvoszf	3.51099698771431	1.15612268549083
did:plc:w53dcvae4xrcoag2rs3sv3nd	2.61530888563477	1.71312076743922
did:plc:w55w7okmqh4qjkj7jra3g5z2	4.11242684481056	0.940406811858551
did:plc:w5dchesrdnayydoztw7gknxu	4.86754538385775	1.07851354167692
did:plc:w5fa5d5aldw27hlt4tohbvf2	2.95109770170262	1.87735627785064
did:plc:w5fln5uicfxdy2aemrikelke	3.78265798605977	1.3437576116316
did:plc:w5gmep2yrp3djpradaq5m6wu	5.78306090685843	0.999147015581357
did:plc:w5ia4h2ydgdwlae67x66vubh	4.58727539034466	1.14332427506617
did:plc:w5qjds6l4voyo74c27buzpmk	3.34665382007577	1.46656364546624
did:plc:w5ruirkmyhbgg2cwehbifaez	4.88032285526009	0.813808513800309
did:plc:w5w3swtrw72uvf3426xkykla	3.62717903482156	1.35229148492731
did:plc:w5zgvuboxg3boybojkbqkzni	3.46118467556488	1.5861941302099
did:plc:w6d2ydy7z3e4mmyvzz46ra5y	3.40790777910956	1.69632462923256
did:plc:w6u3ljcbxwc3xrc2j5kdw2n4	3.28714905550425	1.49248021377059
did:plc:w7amfwq2ssq62iuxkhofh55e	3.06838546949342	1.65707485834647
did:plc:w7bfo6wphlijyf5p7om5vg7q	4.21715440073735	1.66430210652637
did:plc:w7eedr7spun63dt32wwj362f	3.14146430184538	1.68483353929577
did:plc:w7gw5ytopmjnsbgjjsgdk3se	3.53500058461285	1.83357056637071
did:plc:w7l3okl22beqbxllglwu67it	3.69026635928755	1.5661356614058
did:plc:w7mnwx4b7rb26uljwcaev6l5	5.26983385812571	1.04579727731876
did:plc:w7mtgwlkawzhn7fvwtf7l2pr	3.94145290492311	1.10141424300734
did:plc:w7tdwbc3lurwlpm6vftbwt3l	5.5706450093519	0.938191881568466
did:plc:w7whtf7ewagh66dsn2ojyn2s	4.50666718956951	1.2847548521481
did:plc:wa4rryxczavge3knhgdi2rnr	4.70195017592251	1.73277530432029
did:plc:wa5bcalnaq4lrqqja74flely	4.24160449317931	1.51771014907917
did:plc:wah76gvnbcpwak6rrmzkekzx	3.96356301755549	1.12522852961201
did:plc:wakh4tihxng7juoxmmubtxri	4.33502227807147	1.43867595625447
did:plc:wambstuwi46v7f3k7upvgitx	3.89797952801693	1.24487161645867
did:plc:watfuqkk6fdidrcwp5uterku	3.84409366134043	1.69839429852842
did:plc:wavazomwywro3r72syhxdzn6	4.25541925807335	1.70664184373028
did:plc:wb3cximcydqbwrllyfp2mytn	4.68689397375234	0.92721247356397
did:plc:wb7htphkmsyoz7jds7cyzib4	4.60732673345228	1.02289673706102
did:plc:wbbwfk7qtv4wjfp2j2lluom4	3.69512699261141	1.50821608679161
did:plc:wbnrlfnzdangsn7lwpwdg6zz	3.88407389017642	1.35441502050779
did:plc:wbszeamfet2tkq7hraumxsks	2.69453442593644	1.57966166623123
did:plc:wbvnsdgrrv42tmsv3lqn62ri	2.64542195334984	1.44356605475685
did:plc:wbvvcdn3q7evuamz54qdpwx7	4.08785213803083	1.79075884112746
did:plc:wbwk3gmrzejqxmks6nbf7ye2	3.76857301580604	1.46478621844296
did:plc:wbxkphxagsdgwvsae3f77mfg	6.27395529118397	1.10696182313758
did:plc:wc36gxjwbtwoott7j4hp4c65	5.12878170251484	1.04118748109493
did:plc:wc7mpiqu7gcnsxsmwh6bzzrf	4.09530376760039	1.38268493815638
did:plc:wcbo4ovuslvlyesc65idph6v	3.37389272825576	1.59307990408043
did:plc:wccunin5exslgy74xhpnnps7	4.05455454093013	1.46515484073239
did:plc:wcgt4ut34wated5oofpncexf	3.9953701006408	1.37080792039698
did:plc:wcpipfucxnv3bfrwhly6audb	3.35766425452689	1.91666253830321
did:plc:wcwkx3rxdntjipijztap5tnd	3.21279749375989	1.46037730186448
did:plc:wcytjla6kalq2xtrtihbt3gd	3.63586674832699	1.24134242018639
did:plc:wdefcejwyjz2ptsqnrqqy2we	3.56651975214498	1.34582757611594
did:plc:wdjpc22qpzpq56qd43qcv763	4.44928905192282	1.20703007461376
did:plc:wdtr4epzugcpqy7dooev5m6y	3.92073728184793	1.29161058361995
did:plc:wdttll2ehpo4lef7xnmwjqoh	3.78266541661685	1.4738428464149
did:plc:wegxqgv45uzggulugrsljdoz	3.37758860021733	1.94812419264915
did:plc:wejj3n4jk7igyf2axbmvwjhp	4.05719397970501	1.49616031509153
did:plc:wejnhv5ghdjpk4zl4xacyxhg	3.64023017638975	1.37844523981965
did:plc:wekw352jukkav6gg53wckgdl	3.22169432186524	1.84277034288352
did:plc:welkzc6q7d5crzi3tzsof3sy	3.03240877280134	1.52947858232669
did:plc:welogmprxj66f2yyb4hxvna6	3.91541422954	1.58945806809308
did:plc:weo6ip3knn7ykfr26odsjk3u	4.17955155718857	1.27892788816538
did:plc:wer3inwg7fii2ktc2ikrp6ca	4.08761205433575	1.17359215315841
did:plc:wetff2l5tykxaknhbkjdu2cx	3.67122197610708	1.45188455417019
did:plc:wetijeibfcnvehtxny2rfatd	3.48462398164117	1.52559407067873
did:plc:weuynje5onqyejzr72cwt4ls	3.37217834174974	1.43532710084109
did:plc:wexhxp6r3bwuzw3xbgiqoxrk	4.03596009378467	1.52740579493822
did:plc:wfiuqfzhwktbgomwguzfb7kh	3.57675824389123	1.57015062588785
did:plc:wfjlxn2ttrxexwbejyl62ky2	4.04560672294696	1.29950534061879
did:plc:wfpezho3ddihvemfjcpcxgng	4.74509736657182	1.31583827530252
did:plc:wfrzu2puusxwmlsej3ealf57	3.40681543127112	1.44604287710254
did:plc:wft67aqpdhfgwlpav33c5lw6	3.15082159160381	1.34274155955313
did:plc:wftlzrp4pwde3nf4eecmcast	2.75887225541005	1.63531471239823
did:plc:wglnjglnmq5hct7yydazvp4m	1.89991427262736	0.304150901853628
did:plc:wgn5pj4usxsruz3t3wuvz7dk	4.61296424199549	1.15140919719931
did:plc:wgnug5bpgi4qex5p2eahfoyq	3.30738770163601	1.13574446781016
did:plc:wgqtwgnnui3oael5ptulo56m	3.60842023181123	1.73899551104446
did:plc:wh23lywlb2pvhzv7q3djb2sw	3.31838457461474	1.32557450967546
did:plc:wh5y5zx2uoynmloop7zmpzsp	3.36522725857348	1.21661799682822
did:plc:wh7eulvrbvu66f3bmthhndsh	7.2494695280402	0.992454196957427
did:plc:wh7fzdprg3bzovl75vdrfwui	3.17544437280796	1.51329500538889
did:plc:whijrv4ns5efudl4fb4wl4yt	3.54517720173688	1.52598987770407
did:plc:whmx7k77f3ftpq5rodwxsnka	4.07312627401883	1.41635466597281
did:plc:whtfeia7wbixxwrkluw7iiic	4.14341325982995	1.46646046700971
did:plc:wi2uzvpz4mmb5xxhaacij3cy	2.99679078006605	1.59644738578382
did:plc:wigvo63zipyh7ehn6zvogkzo	2.15936581908603	0.407194610448994
did:plc:wikaktmv6xvebiopko6owtio	4.29858933195526	1.43350447674058
did:plc:wiobkip7z2hvbvemlkvx7nk7	4.52386102646215	1.30428808359307
did:plc:wisocrqbxskldjazhpwbbf5s	4.05153133043887	1.32370659827364
did:plc:wiuqiruv62xilr6p43bdyep5	3.12088693298056	0.637435181060077
did:plc:wiwtmn2bp7yncwpxj452lfmc	4.82502728345604	0.917832121220008
did:plc:wjcumx6pibaoqjei4h2gmfvt	3.6912053340717	1.63412602271196
did:plc:wjhrdc4wbsuscoz2rx6oai4t	3.87335143001875	1.66087528057053
did:plc:wjj2upzfi7hyeukn4e3mmmus	5.14355234516441	0.940180679584415
did:plc:wjmoandsy55tcqabfcworpfp	4.14822180525534	1.46945840920531
did:plc:wjsiafjzal2seq6gbjj7aii3	4.10316768351739	1.76654888418866
did:plc:wjvrdo6mfuu6fcvllefrsba2	3.80704645279038	1.41863232113008
did:plc:wjxfbmno3ofm4fkkppym7i6z	3.08099995439263	1.3542028174473
did:plc:wjyv25tx73o5xghtpq66jtar	3.11876745526754	1.47336519818129
did:plc:wjyvui4zgjrdzi5aks7vic2c	4.81809387153604	1.27516266932443
did:plc:wk245brtaxo6akg4yly4edgv	3.08541025998345	1.3257522132447
did:plc:wk3ppr4iejl3bwr3sdzby4v5	3.56285519104155	1.23977913249593
did:plc:wk7eis24eaucm5hrzjrayna5	4.01993232458523	1.40908389704996
did:plc:wk7tjy5nxgrks4qbcftldmot	3.63751105537022	1.29363690805473
did:plc:wkdeimobli4jm3ogj2p5oexs	4.20380966464562	1.3653460049463
did:plc:wkilwbu45j3aj4i5eyeudg4p	3.14008501622578	1.5697722859202
did:plc:wkkdw2j5js37rk62hjvjrnrp	3.36576981005368	1.43406402510748
did:plc:wkly2vu5ikzm7dpl5v5hpuvo	3.91621026801567	1.55065834973294
did:plc:wkmbz77ai6xz4l4pdnsfah4k	4.9005251573798	1.25020962777536
did:plc:wknbl6thovmnv4x6kanp672v	4.55488313257898	1.12941104932048
did:plc:wkq4avqj3pfz4scuwueutsle	3.54026540097407	0.277831631457456
did:plc:wkt4m2lm4reunhdrqwg42xu3	3.94231392577842	1.3827175330802
did:plc:wl2z6xfkykjpcnnvmdiioaci	4.22576440416891	1.47433761073485
did:plc:wl4bsqn7vthpbqmyhrfejpxr	2.80594694275572	1.56525635837864
did:plc:wl734mqj2rh3zo3n5mpjy7sb	4.52845576042183	1.48294057140023
did:plc:wl7gxtq55xf7goznok5gp4qk	3.30966336139519	1.73942487110315
did:plc:wlclusog63lwq2wsc4ijpu7k	3.91893917009739	1.64295081889608
did:plc:wle7nqipcbhikpnzm6pghbpi	4.05632862712779	1.4216303570401
did:plc:wlhln6fbww672fwzmq7i2pys	3.64836532302701	1.49165813519971
did:plc:wlljpgzsublnib2mnetsinyh	2.44947052275321	1.59773173017165
did:plc:wlluuwgjvxvxychxybvay4b4	5.33491913069116	1.16377407560599
did:plc:wlngpd7wri32imikibvn3hi7	3.45245355594843	1.38704686423132
did:plc:wlqdegpeb5dm3ybf5wwgscmt	3.56524891610485	1.52126662589039
did:plc:wlqz2s7mj7yjju3xejbgaebi	3.20396909362525	1.75300871621624
did:plc:wlst27kbp7usjkuyqhlmb7gz	4.99254569340823	1.16034723128127
did:plc:wlvrzhcfybuler37dmtqayj4	3.74264643465288	2.45225709451956
did:plc:wm4ibeezn336sazjjtikyhid	3.71060669562266	1.65219905855637
did:plc:wm7xdykh6bvyez7tbvechan5	3.72760101760237	1.84372725866875
did:plc:wmicipjddb3zxxret3a4atbz	3.2046690634604	1.4323566166294
did:plc:wml4cmjz4etgmwtf4vjbwv4d	3.86372701489971	1.51169668010971
did:plc:wmltb3itvenw42663e7wl6ua	3.77826187433454	1.62533076781358
did:plc:wmnab7wwt7cdm4wgafrs6jur	6.23663836970471	0.590221910963249
did:plc:wmp2todtpawfxsz5ww46txj3	3.95853628407341	1.43120761438031
did:plc:wmrcndzd73zopw72lanuht2j	3.75998190711035	1.73503794468609
did:plc:wmsuw6gk6ynkbguvh4wrox7o	3.9809801844598	1.60135776823279
did:plc:wmzjqfzu2ijc2hpqr3cfu7dx	3.49145979346787	1.42700251491232
did:plc:wn3ptlt443jkretiukmygtfp	3.46936378767894	1.54299016225925
did:plc:wn5c5le6ycnj7r7qbdxoei5h	4.10157019206828	1.43179273307779
did:plc:wnajlben5h6zrgt74xed6qeo	3.62280545270171	1.64189116172034
did:plc:wnh36fkjrixigeos2vdujine	0.977846902772065	0.609700355692447
did:plc:wnlsyufosqz2abauwolpbhwj	3.34317068595523	1.45692235933938
did:plc:wnpfm6mg6ls2wsknkhzxkjol	3.15882257364997	1.21171284583625
did:plc:wnux5rxwoivfv2cqyv3yxyso	4.77558004886184	1.0356305855598
did:plc:wnv5nzypnnmh3n5gi3vphetc	3.59108124656869	1.61664468276509
did:plc:wo5zdamnzcv2g33e7dek3fg4	3.84985611389864	1.54797946329289
did:plc:wofyelb75sohjaqeff6sxu3x	3.81232423171656	1.43287212090365
did:plc:worden4nmbnuxdxdbcah3uit	4.21565402417562	1.63852411938624
did:plc:wos6eiairzcteea4denq4die	3.74998243848245	1.15386663022609
did:plc:wosw4hvpq56kl4c6iij3xzel	5.45567531197202	1.03322866788675
did:plc:wotczaqwyxpbyi67rp7izb2o	2.56612798041823	1.30903397345985
did:plc:woykwzmxoaeky7totbafrh4x	3.89040283289958	1.62558239251883
did:plc:wp5bpvvrfk4wbtzy56forrtv	2.60307735562459	1.66720303956694
did:plc:wpdvqzidgdaolel7p5c576lf	3.46817646069513	1.54318408443639
did:plc:wpgpopdyi27tibkaevv4pcbd	3.52208948422995	1.56347108139185
did:plc:wph3dk35vf4j2u556jeqmwn7	4.22946334732125	1.49350904942544
did:plc:wpk7qtnfq6sl6zh4lrbc3gwv	4.53378188618985	1.43442790891488
did:plc:wpmzh6usqsgk7vgw2wndmsl4	5.57568270164127	0.803813562232782
did:plc:wprrsc7jk7fb4eolbv4jrqlb	4.66357266472786	1.46630951861125
did:plc:wpulh6ss6vcqux7zh4sxh2po	3.59637231793439	1.1879804979299
did:plc:wpynl5kjzgmim5mprks6lkcv	3.95699992976674	1.34740606440104
did:plc:wq3f37ac3fsv6w5uq4t6zmua	3.45871305539156	1.53550507359976
did:plc:wq3g67rfvivdnb75msceyxqk	4.79035391800844	1.02475431216853
did:plc:wq6seudxmt2rvzicnrbqxrmo	4.76470449472586	1.28665488075393
did:plc:wqfvhcnahkhggae2lykwbr6c	4.47118458819269	1.29066345779931
did:plc:wqhuo2swkvtwodszsxhlsnw3	3.14217178720723	1.72443411629994
did:plc:wqjbkjnip5g2zucaujyoptum	2.673736029214	1.67214280279036
did:plc:wqlfkttarslb7heevxdcxr5z	1.16914305160163	0.257292162182105
did:plc:wqnkj3rmtkw3f2da4ef2l6vg	3.30406073087862	1.663360625939
did:plc:wqoynmjig4gzz4sac5e23ysc	3.59637371633224	1.39695429916555
did:plc:wqrikpdrnx4rbamkqv7t4lxf	3.33447466851775	1.68167213636525
did:plc:wqthya6n4idfm4g6ah3bntzd	4.02391109225949	1.33375531363494
did:plc:wqvnn5qenjtzoue73ippaeqc	3.48748647718067	1.69505464812935
did:plc:wqxvj35gtgcynivdqeoerp52	3.59340174193748	1.38510502997432
did:plc:wqyfnupkfdubogdprmep3xxz	4.32158079658161	1.44204639607668
did:plc:wqzqeyabwrttulzfefeksqy5	3.7237017439965	1.29414040367527
did:plc:wrc2fuxo7khs6zvskkbktdo3	4.57267058017135	1.25446676375907
did:plc:wrikgnzfu55ukr6kk5tjcvkg	3.61161315480619	1.60335035534728
did:plc:wriyuxnzis7gegndzeftyl2d	4.25039728398202	1.3699102676249
did:plc:wrnkoml6gh4dtngwr3qdipwh	4.24378123596784	1.52554898127694
did:plc:wrox4s44p6h3hosebegndu3p	3.15455069648318	1.47312291380267
did:plc:wrqgujut3slzav2zrhocvrue	3.84646766109368	1.48320741407807
did:plc:wrsf35zye5xmlfaje5zyyega	3.32706305667326	0.429097886122942
did:plc:wrws67n2lefhlyjo6h5xznej	3.56604552097106	1.72044390862341
did:plc:ws7ssolpwgxv5jf32pr2vqau	3.98072866133566	1.12361456984714
did:plc:ws7vjcilsowwnzxkp3okqdjv	4.47573162832092	1.46771355414012
did:plc:ws7zhu7qvv5eg4m77mmu3vps	4.54802291756757	1.05450953712198
did:plc:wsak46i2ukvxwf2oefkwmlps	3.69161914387598	1.64315694419001
did:plc:wsbcxxrjoccvesfrjks43e2b	2.85430509488274	0.639486546604942
did:plc:wshklmgivhn2lyfljh67rtoe	4.39843899450363	0.968838414754802
did:plc:wshpdfbktx63m523ysindkxs	4.21853544830971	1.08281701779979
did:plc:wsjrirwqird3dds4zdjfdzs2	3.30404182082754	1.70774758120506
did:plc:wsovm2i7pvdzxrtoobozjbcp	6.05222532886603	0.746856432319121
did:plc:wt26qpzo3jtfe7iu7udtm475	3.79081741029078	1.31527090373289
did:plc:wt3clqkukhgtnk3pnlvb3n4l	2.85204627888757	1.67629309625977
did:plc:wt4sflcuwrfvef3atlwp2byr	3.62033674716171	1.4276155543761
did:plc:wtgsn72afbceujtd6dpossdr	4.09542018787288	1.52585777301436
did:plc:wth75p5kuxh2pzwcqslnmnor	3.57871594905827	1.14229015630803
did:plc:wtko2itb2n6uf3jwn6g66qlc	3.36901014653394	1.39281090871216
did:plc:wtkrmgy4vm4nsefsjalplijz	4.08035893971543	1.73056662770659
did:plc:wtkzk6dwumir2ntjxyt245dz	4.4430899420258	1.22641550830755
did:plc:wtnpxpqdbk3brd3sizmjtrvq	5.22382529550189	1.47648120901944
did:plc:wtonzz3kejo5dbrnshen5und	4.74377067337975	1.27386282668268
did:plc:wttapccqerk3t4dmtt3ioahm	2.8193490542305	1.60435270401349
did:plc:wttpwrbdafl3mqkwayeatl7v	3.23928096932314	1.55567030682317
did:plc:wu4c5jklzf2yyfdmhfefroed	2.83427415273286	1.31939605792976
did:plc:wuav6j2jbmuofcwuwlkc7vvo	3.39126958153841	2.05036341106092
did:plc:wue4mkot4nmeaiufggjvlqm4	4.17393090442432	1.21970173982935
did:plc:wugxty4uprab4k3gmfelw5kg	3.98445192505341	1.85160651647329
did:plc:wuh4ix4ihtaek2ffquqnkple	3.25119409752941	1.71355375157834
did:plc:wupwrziiyna4i6lscocxjl7g	3.55749058582156	1.39796256513572
did:plc:wurgjl33ua6m4casca2434mn	4.52512470913913	1.28397837437087
did:plc:wustl43brnpmenzbm5ncuig2	3.83953220391216	1.62151812002664
did:plc:wuujea2xb4idj4zk3xb5zapq	3.70090367641083	1.67192625040899
did:plc:wuzc52c6dcegcui26prw6wxp	3.80820012777319	1.60154287080601
did:plc:wv2233a7aiossvox2ctlylzu	3.63479333966361	1.62820240456627
did:plc:wv2gr2o7ax7r3ns5yjcyckgm	6.7198818197125	1.30464034814743
did:plc:wvacpdrpjqdyrn6glj6ofdzb	3.76877614363178	2.04388373011965
did:plc:wvfnoxmkbuqg24acfkefmwpz	3.76372438214548	1.3118888292421
did:plc:wvoaiiddtzqtxb23kbggl4xv	3.22382446200799	1.65105332163123
did:plc:wvpkmwkjltsjko34nx7dhsxb	4.308791083865	2.02162987998046
did:plc:wvpkrthnz6yxesgsmg3xqxrb	5.37126811851394	1.35367916078563
did:plc:wvr26f6lliv65s4uvuhpld7p	4.76168353899227	1.12246636612032
did:plc:wvrixkigudjwmbhpgpxjruy6	3.56774114777751	1.33617325818019
did:plc:wvs5ox2j5jz4dixgsokuyswu	3.73364471598907	1.43997904005208
did:plc:wvzavihohrjuf5m46xcrot3c	3.00655786747603	1.91705751557293
did:plc:ww3s64dtohbpn6c5a4dhyfqe	4.24108034369177	1.50754615183696
did:plc:ww6tabvr7xedostoqbjqjtik	2.78025938753803	1.68940838597274
did:plc:wwc7lucxt2neewhckh7siamy	5.89747480691431	0.823702587157275
did:plc:wweohaakpawjxds755nohpkm	3.36376652805387	2.03331363898558
did:plc:wwhovtgffyudxyinbbcsywgg	2.71959065993819	1.53797390914639
did:plc:wwtpb6zivylfaoeqbgw33nhs	5.29402736963941	1.14439633662731
did:plc:wwxena4ald4zdlvxohl7dakz	3.86888535762097	1.08004419813252
did:plc:wwzbdrrl5e6fdcorsphelgv7	3.71010392744869	1.46081503999068
did:plc:wx56rxympe4d55kegbwjy57r	3.96053267505526	1.5331686147416
did:plc:wxb4liroe7bwdc3ex2fnoein	3.25494214708812	1.60779683135221
did:plc:wxbg75bcywsixwzg5kqxl2zk	3.06876883128684	2.00825870558432
did:plc:wxdqyanfe2wmej4xoiigiotd	4.33524237949023	1.63267369316483
did:plc:wxha6vxnp6xx5fzaho5qprys	3.3088659008497	0.972556677297302
did:plc:wxjzqsqc35ejcio3jwe7uov7	3.90767557839323	1.97843968810943
did:plc:wxkidsd4e74y524qrkkzs744	3.85052549346487	1.39282108092335
did:plc:wxlwljpgjje2eqq4rnxvm3xz	3.91543382530291	1.55412049066964
did:plc:wxvn2fre2rwggyspamggbkmt	3.016172761381	1.72396976586066
did:plc:wxxhzeokehpkkto2vnkiopht	3.36693118084291	1.67631031654671
did:plc:wy3f4rbztgm74h7gvvrdsnwg	3.62627185135069	1.42323202730983
did:plc:wy3tsuxehuxcjubsmsj6pwsf	3.39702024405556	1.80240006529228
did:plc:wycqg67wdlcrbozznkukxpf5	3.68248275394607	1.48357039683602
did:plc:wycwli3mvejcxrfd7a3mskl5	3.17182447374525	1.87857579972589
did:plc:wydvv7wtdkbqzf6ypmv5tlyd	6.25651173982862	0.960068945637569
did:plc:wyedw6wnpcua7b2dilan2fio	3.34683997195607	1.59740736790362
did:plc:wyiganxewf3s5gnsq5wudrsy	3.22257296439124	1.18057598956645
did:plc:wyj452uu4zhn6odgcblyiidh	4.11712250636247	1.22162181418836
did:plc:wyjiookvvedkmi3x2q25ptwa	3.59222934504936	1.84987193619258
did:plc:wykwclh2ykq3n5wvx5leh2ub	3.4109014544945	1.75676789661397
did:plc:wykwhwloedvvpnaauw56my32	4.35415149048403	1.3801520601717
did:plc:wylckgz3hgqy2lskqrhpqcnq	3.31696524820988	1.43957197339084
did:plc:wyow3yi6qw72bqqsaac5oefc	4.39095475289905	1.06719054688476
did:plc:wyspjvembdg26cexxrtikhn7	5.45011271405313	1.09878303248398
did:plc:wzd5xh3zulsxpdo6ay3wq425	3.31172154815748	1.67204331261885
did:plc:wzhjilnt7mfczuhybigk5k5a	3.71643294828028	1.11663519363196
did:plc:wzj55s5dv5u5bnu6h6k3vgfp	4.57390933812644	1.25526701665395
did:plc:wzjyjivhfg7coxkposgucpep	5.67239247710111	0.996492786595687
did:plc:wzomc5ktb5xzgglsw72yq62g	3.97621987936168	1.69757757630531
did:plc:wzoyn42rawlhdsyglymrtf7v	3.42514947935109	1.46551709253238
did:plc:wzqctvnsebk7jwje3tydbsk4	4.71721038324007	1.28568203802917
did:plc:wzu5hy3aindgu6nhbf7pa2bd	3.22036894752267	1.43596583853751
did:plc:wzvp2gnoie3wlvcoqte4iyah	3.35408162296497	1.36806959802549
did:plc:wzy3ewc2kxtdknwdscaunky2	3.9240526859832	1.56902838729258
did:plc:x227twkyvcjre7mfvew7n5dl	3.11609781783826	1.12888798065177
did:plc:x25p4rkjcgtkgwa4g7iiyfwh	6.21421432915644	0.727684630730774
did:plc:x2hqiq3gfaa3rovy3m4vebg7	3.66054453856252	1.75471170068367
did:plc:x2i6z4msbwxop7zvskblbdmk	3.58824152132117	1.46508661996817
did:plc:x2jvyloxttdlf2s3jngouik6	3.66167555810505	1.46078381718893
did:plc:x2k4znt4lbz7qcvjryznxryo	3.74952809799476	1.51139577107908
did:plc:x2kj6p73ttgub64mn54lvdno	3.61877991450688	1.53436480350803
did:plc:x2lzmjiycqgdczwguspsyedt	4.44087422082705	1.4073877703221
did:plc:x2ot4r5ktesgk2ekkfbh5pex	4.02871547219742	1.16456262260011
did:plc:x2vs7un3cz3avr4aewzg6kqf	3.06929018291266	1.64396214284195
did:plc:x2xmlakbfp2fgqhamp6yzizj	5.89180458929929	1.18393101409346
did:plc:x3dbsk5x3itxityzphlkuiq5	3.92655350708888	1.64897153819931
did:plc:x3dst7k7ababi4iotp5n4ezy	3.7409069085527	1.23622343371546
did:plc:x3etux52lvn4j3xwwfynfl4g	3.84446047904778	1.52976529343553
did:plc:x3h2xybqv55b3d2angwxlnp2	3.85749334995402	1.23977322345747
did:plc:x3i5bqydpqgn65v2cle7jccr	3.16018844442236	1.85290435808013
did:plc:x3ie6uzv47xo6p3tfeovjddv	3.96135625461325	1.59533751432694
did:plc:x3maomr6jnrc5szkm5noyoyt	3.76779862241514	1.27111933024213
did:plc:x3sb7da5lv3fzummuyexbhes	4.75183556880142	1.15326411307977
did:plc:x3zplwpisyuodgq3q3yfacm4	3.95824506666544	1.48906168910524
did:plc:x45vy7bdbdvqnnib425mkbmh	3.23943179881837	1.66448092582711
did:plc:x4fnmbz2h6sqfemc7f4z75v7	4.12985875332147	1.29188014226444
did:plc:x4j7l5epzprg3so746uuhc5s	3.50445298619226	1.49860992978987
did:plc:x4lnqjb7dpj2tpm4cbxpf5zo	3.54296896908312	1.94416583086982
did:plc:x4o6wnnaozelkdsk3qqjlw3a	4.53111197166796	1.11353843293846
did:plc:x4q7jmgb6ah2cmv2ipnvmbnn	4.14520755661088	0.931200026990842
did:plc:x55c4ueyrjxzgm6prjbw74m7	4.57268649087478	1.63717245396567
did:plc:x55ovmezouimf3gqxdjgn3k4	1.31940210664653	0.6363963601288
did:plc:x5dhfa5mr5c5c7hz7qmtznaa	3.27750868405023	1.78444340019254
did:plc:x5kzpu2ht3pgozutmmtqscup	3.48553554606683	1.9335013646389
did:plc:x5mari4cp2emggxj72nvbcrr	3.42522783318907	1.22438156384911
did:plc:x5ut5oza2oxe3jov7cwdfyko	3.15210155450166	1.65618702907012
did:plc:x5xvxeul4s7fiqgyudxzkddh	3.31226054219711	1.05588855408247
did:plc:x5z7qj6qsmohicjrazlfnlws	3.44858804148292	1.13718466797488
did:plc:x64fbdejf3jpxajcvj55wepk	3.63962683651817	1.41352401560787
did:plc:x67knkbrwsaekgltrhhsejpx	3.89320410239024	1.18866493226597
did:plc:x6kwc22wgv6qopmzqqc6mdlr	3.4103608607901	1.34426154805126
did:plc:x6ndak44kq2cvgytgfnqgjna	3.36244005026255	1.53533519986178
did:plc:x6ty7nliibrbqxzzpbdmrms7	3.00698672665471	1.42547823873607
did:plc:x6urmps3yfcsresjow6ktv43	4.74405837777374	1.2100301034631
did:plc:x6w63ep56war5zhtr75e6x7q	3.99227007082173	1.48553525460263
did:plc:x6ydnt3r5hqaeiqlawzeegyd	3.2578204954013	1.62461802704913
did:plc:x73bsi5bekrfxe5dxcwtklnh	4.25935492067975	1.30755560874166
did:plc:x74qqle2nw3ifodzjq2dlqws	4.35710507794822	1.72509722288007
did:plc:x7akxprmi4kkhfkbualavt5k	3.41502112426642	1.54191872132977
did:plc:x7ejomm7nepntzslt5xjlqhb	3.13395507014774	1.90404756240684
did:plc:x7gytwpz72meiiiykt7qyrjm	2.93948295583258	1.32619647221346
did:plc:x7hqwim54kt3srfy7uby43oz	3.56205404547877	1.73021540190133
did:plc:x7jokvvy25kvb2luvq2w7sbf	3.12555160540499	1.92843231083106
did:plc:x7max6kdqhd35jxx4m66krwt	3.20687300277493	1.51452093978581
did:plc:x7mreue5m45ghawves56zk72	2.98411238531323	1.64533695092064
did:plc:x7wccm7tzhymrelyvvfgx7ss	3.27556075999001	1.58980724646986
did:plc:x7wlmxvs37m3kddcug7qhjb4	3.96171401272533	1.65856543123763
did:plc:xa2cigeifv524rxuojzzg2oj	4.05297442777441	1.40612996687509
did:plc:xa5xkpbyngyfwr6awnv5ld5v	2.97998904920514	1.69962362982401
did:plc:xafjrsxylgr27g7i5nvac34q	3.45425387079963	1.42604911649027
did:plc:xahghm4biynwni35owm53fog	3.42691521080607	1.48401418316486
did:plc:xap2auw6bvv4ds7lag2rjevs	3.79877083458765	1.11222988480969
did:plc:xaqhcrgqowd6xio7huokv664	3.84347724460568	2.2341756139796
did:plc:xaqwclabqmn6yp7mkcx6hdtv	3.59630774977721	1.44634466558941
did:plc:xb4ymvwaeaelcslucywsn475	3.71461244290823	1.61964043304222
did:plc:xb7ywopvypz74hp44dxult4i	4.19631742708513	1.17886893070915
did:plc:xbbqnuv7exappiilsqelr7as	3.55078721521614	1.5910332984783
did:plc:xbgsbmarwfenursf2ws5cmhm	3.04029257205061	1.53699212604125
did:plc:xbih4die6urtu77xkiesbuek	3.0819343881595	1.71325655637567
did:plc:xbjrnddppkwwbtjyoadnsxie	3.04033811388309	1.82231915615129
did:plc:xbqcjjcdqjhql7quvqkfvv4m	3.18380842826909	1.60297566227758
did:plc:xbsy4vi54fdexhpokx5o7mzo	3.72581825160817	1.47531945612078
did:plc:xbxqt27cnobxf6mjuouemdfg	5.32345827274517	1.38531793052954
did:plc:xc7geetd345hnb5jop34hwei	3.75944180281504	1.51480821295603
did:plc:xc7s2ttbhhas6f4fw47zlj3h	0.971568488193421	0.440162121577189
did:plc:xcbv4hcvb2r5oujpbmsmor37	4.44772815978739	1.22385165150214
did:plc:xcimqc2kztj3ti3hupycqqo7	4.452141768111	2.09383296312696
did:plc:xcptnz5tv654zpp4a3mkrieb	4.05159482285316	1.42359986091922
did:plc:xcq7rwtd2s4c3ydjcm2ebdxz	4.09830970283159	1.49721276311548
did:plc:xcr6q7qhbro7wysxilvhoaxm	3.74468288605281	1.46008463423878
did:plc:xctjbgvitgrh6cyaytvz43yg	3.9320035508427	1.07193789326796
did:plc:xcyxbzw3wpnzo26gajtw5rx7	3.55179414349965	1.28400533601479
did:plc:xd3sjd2bzpqrxnqatz6sbkom	3.75380490942853	1.08677386512977
did:plc:xd7rhbpq7vmfu423os5m7xhr	3.85473229759747	1.62653815866625
did:plc:xdml4epu4vh6kbfbl7l4jslq	3.94872705012001	1.00023340256261
did:plc:xdpkquio7y3hdvd3kzr7in2k	3.09818538208162	1.66632587168164
did:plc:xdznwzsimep6wfl7hlykzs3x	5.43012661094358	0.976113111693955
did:plc:xe5fkwrh6aae6txli63bl5kg	4.35760562787594	1.26254960907404
did:plc:xe73n5zy4qyiv4iqn3nhea6u	3.52638561053944	1.38528419970545
did:plc:xe7yidhiv2aulq2aicfmaz7s	5.52063229512845	0.907397734877447
did:plc:xecrhtng3iwv6rr6ofgfs6ce	4.37033319170963	1.24268396808828
did:plc:xeih6t4irggiwu7kdebwieic	4.78644164972133	1.25878043216151
did:plc:xenwmo5zuhe4pqpxmfhm6jyy	3.47587797094528	1.60311798455314
did:plc:xetyfedsip2a7e4ckpizjfb7	4.4643856680174	0.839025496581303
did:plc:xevsy5e3iklakngu7orl267c	3.56966878987986	1.62524541375157
did:plc:xfgcgjq2rs2yjtqh4od6tamr	4.15923816715245	1.74440020594531
did:plc:xflo5ghiczxogii6dsj5djez	3.32156487973453	1.28803154241061
did:plc:xfr42xqqwoysevq5e5behiok	3.40479536864035	1.54694364313177
did:plc:xfrx4c5dsz5xubrhxmboud47	2.95479966080293	1.45649721619838
did:plc:xftfctdbh2qfzlniajfafdrt	4.62220469651419	1.31550676133491
did:plc:xfyuuwwcdjez2s66dg5w2f7z	2.80500836980663	1.64172305492321
did:plc:xfzo3jervhcos56tpyprldvg	3.33645419879901	1.45692758717983
did:plc:xg3zpk6xq4zhyhejgznk45r6	4.16429782620465	1.38546206538376
did:plc:xgfmwywj4pxne2k27kmnwtlj	4.54109468443595	1.35536056858876
did:plc:xgkky5h5fyqvzejkjpz3hgtg	4.62508357837184	1.39472746995941
did:plc:xgpqvoe6m5o2fxmioxmsxtys	3.43724137971253	1.18861270069985
did:plc:xgvcarfjqsheueckde5nxvit	4.79919619124473	1.4673917992514
did:plc:xgwsglaeq3w5z4kb3cbl2udt	4.32678590522865	1.55343566180586
did:plc:xgzdsag4a4ia4hybmabsk5c5	3.5367528062234	1.58262814462854
did:plc:xhhtxra7sqlzdqnzah2fd23u	3.68488921937786	1.7920318602246
did:plc:xhmyarija4wjl4trxj5vm45v	4.79695888376541	1.24331516828589
did:plc:xhwttvkluka6hvhwie5rrw7g	4.09722750064848	1.5771254215083
did:plc:xi2ylhfoqjp4ajmma74hwley	4.51181887051978	1.41198356756522
did:plc:xic6qgabnwex4unfp3viql52	6.02924087462404	1.17178836530387
did:plc:xifbyclxncvyiny3ekh4hbjz	4.7938089153601	1.02686858310835
did:plc:xijbn3olet6dcexh3viangdr	4.38327463043228	1.05037148595859
did:plc:xijl3wxtapnd4ps7pn345ujb	3.18304079963701	1.63696926449299
did:plc:xik6rctzvx5zijpdtayryogq	3.03103680870319	1.90262522810612
did:plc:xilldphuoux2ynai5aviqgr7	3.49093996742569	1.65334606123069
did:plc:xilqklxcmurgryk5q54ue4be	5.22623013522444	1.01660378398379
did:plc:ximzuxoave6a25r3i5kmqbiq	3.44234993277182	1.79112560370281
did:plc:xipixy7o77eqopwz2mmwckjn	3.27424478937803	1.42812927842076
did:plc:xitlrcqhozf7vsnfwh3zpflm	4.03076210703609	1.45606358660613
did:plc:xj4a3luayhpw2jmin6o52ljq	4.37059701499211	1.20556006022168
did:plc:xj5l422rvyoehqo6gzvzvjzd	4.00756829037295	1.37756905657679
did:plc:xjarshj4pmdzkete2lgx5gu6	4.57994861142754	1.18294348501941
did:plc:xjfm5bmw5vffaliz5eww62gj	3.30164143314135	1.77954384900937
did:plc:xjhgwvtblomcy3p7ru2m6n4x	3.45201694376566	1.93294389522687
did:plc:xjpyr5ema7nkvp4x32bl6pmh	4.22971716211989	0.693818033077262
did:plc:xjqddjryhcwk3vytt7pvgxan	5.13020960130079	1.16500975275586
did:plc:xjtz3iyhvghjbeh3gseapjow	2.93496198468485	1.58306356617676
did:plc:xjzjtndclqhz7yi6hp6ao4oc	3.75248357870748	1.38995383110739
did:plc:xka4juannwsptr5z3eekxidr	2.49064764708244	1.26826281755334
did:plc:xkbqsm5n2w7ezqgxdrty3ezx	4.66515105114555	1.38665409752392
did:plc:xkjdtd7pwedao4htcabmosv5	3.36494931785026	1.64416324977017
did:plc:xkmhpdf5udqfsu43dui3nuiz	3.78472862812867	1.5110718405888
did:plc:xknxah3pzzjyzc4d6jbrc3sk	4.31651799111605	1.76884461958473
did:plc:xksgaolgjdofq33kc3m2mr7e	3.6521367002998	1.60586930895055
did:plc:xl32q6m4agclrvphefmfsvzu	5.24746042678799	0.863516614056429
did:plc:xleb4ebhcoapr2wndw3shrtr	3.81837554986374	1.33763330180164
did:plc:xllncq4k2p3rxqinm6f7mb2q	3.40755760905959	1.61999269031084
did:plc:xlm4w2ngo7m6odhq4uwccvxu	3.7827907590353	1.36485745589904
did:plc:xlpr2xuyakzm5h2sbt76sxxp	3.69950367526911	1.50128053951774
did:plc:xlsfng5gbtisszl6adklidu2	3.38660686015167	1.42562139150589
did:plc:xm6x72vjrbxabbs6mkkab733	3.16171093445329	1.63910084688203
did:plc:xm72xzatody3bgwebknbdkj6	3.6632022537369	1.5004869973054
did:plc:xmb3wmjtgoxf4ke3pnoir4q3	3.59184162663885	1.24299948141665
did:plc:xmoixxofccopdq5if7u6xpve	2.80023219522705	1.80991955782661
did:plc:xmrpbgnknajiudg2xl7efhrx	3.2657292618102	1.2814990708417
did:plc:xmskhyq4e2qeftmsxefoufj6	3.61341900446806	1.46956735995707
did:plc:xn5il562lcr2dmhqhgigmww5	3.82194159236717	1.54449382566324
did:plc:xnfyhrmqnrar7aolyzx7jq2k	3.52740009449165	1.4983017153286
did:plc:xnii6ez7uyvoxizh5wexzb3p	3.25059488603759	1.53578846131771
did:plc:xnipvzfcztuzpga3xqblj4dl	3.69264939000411	1.67480341303292
did:plc:xnkylqj4sndchqhbmnvd5wf2	4.5400566967545	1.60723829345482
did:plc:xnlmarlyle2yprlhayy7ohrb	3.42886382166669	1.39425749268352
did:plc:xnnjjcu57vhz32tnsktohpbf	5.36722176012897	0.845033845431688
did:plc:xnr6vlp42dra7f54krnvpkx5	4.15227013708981	1.70944686857764
did:plc:xnrricvhbwpajn3usnxknibp	4.80310406775063	1.41945950118585
did:plc:xnsctr5wazpalifkfto7qodr	3.69118617129177	2.0031235396795
did:plc:xntubdh5hlyub2bxypfkmgiu	3.92456025149623	1.40380794084707
did:plc:xnumsrr6liqqbkdic4wf5dfn	3.9543977569944	1.39234517806888
did:plc:xnvdfuroms4qc4k4g3gcrhvs	3.97598321914787	1.47437535262358
did:plc:xo2kuklckeamfommswhhocyc	3.27678339749746	1.76132980925543
did:plc:xo5fzquov6vm3e6kwzjduyf2	3.54574385851946	1.55483011845027
did:plc:xoaz5yc3bylfttgy5vn4sass	3.69687087118163	1.36195338618829
did:plc:xogywlia7wutunsmcdqv6dwm	2.84259682633203	1.75901745430865
did:plc:xokvzzcjuymrmjvlcdxo2vbg	3.63405790781412	1.41370312060577
did:plc:xoobi5tzmwbecq3lcp4hasum	4.68550607231565	1.43010189820564
did:plc:xosyyp4zfc44av2bl5pyx52f	3.11111664043744	1.36433473881078
did:plc:xotom6fwfaqhwed6nfmfznnz	3.1504808044035	1.42374565000351
did:plc:xoukd2scvghwiaxjs7q3xfci	3.12918606085769	1.70198446886207
did:plc:xovrzhzsmeoszjf6j2twtij2	4.14654060005457	1.34649455001096
did:plc:xp26wordaemqkbbrtnjexna4	2.91539094932226	1.16407248697263
did:plc:xp4kzywl5a35syzxcfohgaa7	4.85808593324337	1.50874940211508
did:plc:xpaz5cbive7loudav3sl2ied	4.56577833130611	1.36161468708036
did:plc:xpbhvzc75z4agm77vog5rj6f	3.22627100403521	1.29301103311668
did:plc:xpgq7c5sh6vv5ugdn4pgnmpb	3.4916076738703	1.63449539976775
did:plc:xpjf57gijivj34cqxl2q25gm	5.59666376367776	0.993140105234058
did:plc:xpl26xveha3rzupfpo4uvwtx	4.60691110121094	1.4806883823849
did:plc:xplqfcx3ocy26644eog7ibkx	3.2989803860727	1.1186633652606
did:plc:xpqfh3qahtdj5wp4pcjqchwx	3.46893937017847	1.20497860291589
did:plc:xpsdtuhgr6nniekgqzylms77	3.55906213495919	1.58641299975465
did:plc:xpwmufjxylj6bho6tsz2pg6a	3.58498742730546	1.72432238716369
did:plc:xpzey3vd2enjetwvfkvhnnt5	3.80670928410058	1.40856600728655
did:plc:xpzmgyn5rbdvnvogpxkurlbm	3.80281842540833	1.70131705803801
did:plc:xq2l33sbpmkrs3kp44uy6fti	4.00920425918552	1.4596794219462
did:plc:xq7ybde7yzlr4yucqc4d4wdz	3.85842235833052	1.36031592173129
did:plc:xqbg57qbo5rstmek7w4xmq5x	3.67979559421867	1.75843032362747
did:plc:xqcsoy6leidkfbcwdo5gfbab	3.30784935330186	1.79111642572087
did:plc:xqifgiwl6zc6erk5f4b7qznh	3.32216088493552	1.86116602708944
did:plc:xqmwpqq3z7w3benqpqpzw422	3.08272885911486	1.92012823030032
did:plc:xqp3c6i355gtkku26xxeqywj	5.33956086305048	1.13503143555117
did:plc:xroteaj4q4rvzozflxrz3qkb	3.5650809664315	1.54764886812495
did:plc:xrqp3n3r3d6xuxiswgy2i5ng	3.48922618033223	1.58086115684762
did:plc:xrr5j2okn7ew2zvcwsxus3gb	3.65564068464765	1.80538980625242
did:plc:xrxi6gpj7hr7nmecug63gt6j	3.54118472754416	1.52608203830038
did:plc:xs4lcs7qcv7xbzn4q4oiczl6	3.94008111939889	1.27057911733752
did:plc:xs5itfupg2mhpuyk3pe4kuer	2.89129702865876	1.2291190811508
did:plc:xs7b5765tgle4vocm7fi6vxu	4.36843951448346	1.35764460730205
did:plc:xs7po7fpnmj34nn6z5qo332m	4.10591123986213	1.24888849195666
did:plc:xsb5omsbx72ckovcyv53lif3	3.74782821998194	1.89201783968901
did:plc:xsdksk46k4lihon6qhu36a4q	3.29247641652266	1.45686727495035
did:plc:xsgoqglkgf5eed74s7dnsczc	4.44824934451758	1.38733421087028
did:plc:xsmotxphaljvtlcmjimaxon2	5.42402647831377	0.938327478950692
did:plc:xsugpwydjqxccyd7pkpoquyk	4.1865658624614	0.863092032754193
did:plc:xt2u5xr46db4232qch5gargz	4.2398338238935	1.63195760231018
did:plc:xt46jeajxnqvs25fnrwhedqu	4.09853174925546	1.42765112039838
did:plc:xt52cnqkcozv4fzude3zrab3	4.0247429594692	1.64550360945804
did:plc:xt5ysopf42675fksg2dcedu2	4.65817039708044	1.34418896479055
did:plc:xtdecwtfdpoxvtt4olkrqxv4	3.2904303436123	1.44303537268182
did:plc:xtifzmd2wchitqp7h2xvoxaj	2.96694191488232	1.91031712945859
did:plc:xtkxi3lh5gyaal7hyn2xmlzo	4.23703950560116	0.911030972388407
did:plc:xtqgt6phrxr6ka6isfihl7jr	3.85524350595137	1.23187560347964
did:plc:xtqz6v57jhpgyosqrywfpgvp	4.43269749724587	1.33704778201963
did:plc:xtt4ax5xg6y26ngxsre345g3	5.06110231671292	1.17254769881415
did:plc:xtvgeuwbjxgsyduevnpupn3e	4.31615388357252	1.4020590984443
did:plc:xtxe7glw6hjdam6iid4ft2gp	5.49024844460436	1.0700645151584
did:plc:xu7ofot7cbufyl55ptr25sla	3.86385093248306	1.56456236385328
did:plc:xuatcd2qagaybbfztjvs6njj	4.28736868575672	1.49279317901806
did:plc:xuexeeqhyujmsq3ypllv45ke	3.0567099086604	1.44657991802707
did:plc:xujw3adxuz67bm36op5ee3k3	2.80163282332394	1.36981690525263
did:plc:xuompkswixkpebhhpy5e43rn	2.60143358253497	1.42417513441121
did:plc:xuuq7cfg5vq7xnk4fwluzg3b	4.11997149664137	1.70623242606221
did:plc:xuxe67dxwsm5oaos4g3fa6t6	3.35456973968788	1.44135295609811
did:plc:xuywd4pmxkdlvwg6mpcu4q3q	4.00882473483684	1.21587572511068
did:plc:xv4q25frghkrua4wwzj7z57t	5.97639674155589	0.818294434828742
did:plc:xvb5tai4vpnqovamzmcbxon4	3.31494489296284	1.71829065125729
did:plc:xvdthhlq24tu644ekxo7dhnh	4.38237748317194	1.49635626591279
did:plc:xvndz4i4spvls7vsxaa7pyl7	3.29226888743966	1.60385279098761
did:plc:xvqlgmk7lrv7wsgfdqpl4cse	3.77123479785594	1.82791699430217
did:plc:xvtk4m6ibhtjny74dbznvc7o	4.14581971099388	1.31315183433515
did:plc:xw6qjzwl2pezbykcayxvcvj6	4.78764750390523	1.57679158195651
did:plc:xwaahgoeriq3neji3e6xrqf6	3.44062964002764	2.05044936419065
did:plc:xwccnjbd2sbra2dl5i67qj2n	3.66893832729046	1.75848959963988
did:plc:xwcuyr4efryp2u2vb4g4vykc	3.74701806806741	1.61416784517318
did:plc:xwgi3oyejoaavgawmwcnzbbc	3.97357448584447	1.30382366738591
did:plc:xwkvjc5rlhelwclsdeoxdc4o	6.27219192771877	0.949475787680295
did:plc:xwmjlk4xovowykiyvpmohc43	3.76544085226049	1.7675537761325
did:plc:xwrug6niuq6qs5w7w2ygree3	4.22208994915665	1.62234607609933
did:plc:xww4ease2h7gmb2jk6z7nsuz	3.42608451928594	1.4232785497241
did:plc:xwwssvv7mziaj53vx3udetxx	3.58340737092563	1.62610876295913
did:plc:xx4bodorrb3ey4ejnc6njn4p	4.88965669265876	1.5340774127223
did:plc:xx4uf4tlisrdmxkyr5w45okf	4.16789464061493	0.902640385468477
did:plc:xx7v72lzdorhj7uyndnamcmt	3.86251243541917	1.38265672837837
did:plc:xx7yspdvjuuyiuygfax3xvd6	3.72890535575943	2.05285274573416
did:plc:xxcfp3uwe3aezh6ent4ntglm	3.6738561586757	1.47639965810889
did:plc:xxgedy5m5xfqyyveuppa247y	2.89447868700907	1.34322926993551
did:plc:xxgkgucmmece2vsn3rebppcx	3.31554786479129	1.14096099802589
did:plc:xxysj6odmsb7ft6dibqiwl6s	4.6979118432732	1.61102446913642
did:plc:xyfomny42f25mm7o3qtrefit	3.82362468242288	1.54614084020544
did:plc:xyi6pn3hrgng2dopo3pfvooq	3.94920475373874	1.47501920683195
did:plc:xyjwbuxggvonylonznn4xbxk	4.46260870275305	1.53883625684933
did:plc:xyopq7jhhsrg4bnyfs667lf7	4.1553879467733	1.1450519784617
did:plc:xyseduggfmcepml3wpo5cfmx	4.36867098730245	1.52187970301144
did:plc:xyzxfefjaofedhoyunswloak	3.34146432983123	1.73193243309148
did:plc:xz4t44aolzoag2f26hx7ik2v	3.50567873775958	2.23291854518943
did:plc:xz5auiphtnn4lkfbdrb6757l	5.26142124857479	1.15264007388941
did:plc:xzhkbotkwxnbsf7rsrjh5nmo	3.78257996453472	1.42225476744468
did:plc:xznaewestegd4rqbl4hjof3e	5.47292442873839	0.719978794821779
did:plc:xzstvulqaeu5jyzfn3skhuqk	4.34061216899595	1.35312973496889
did:plc:xzw7r6t6suwktc43dcvfzq5y	5.2302318666266	0.843129094669646
did:plc:xzzhaqrjtd5ai2vw5yeojo34	3.78122060967278	1.61695150129415
did:plc:xzzyg5euf6wfd235mkia2fl2	3.42197686715202	1.60635083197074
did:plc:y22c3d4247ltnznod4lryl4s	3.38525728582824	1.41390461890368
did:plc:y22vdkfvhhj5g4r4hzwbt63t	6.42268433504138	0.795252190326706
did:plc:y25vvglhd4ygtnjspc3d23jo	4.19391764517073	1.30719151355802
did:plc:y27yju62ufduceyeainxqdmu	3.36145255351009	1.70777434721131
did:plc:y2a55ixztdgr6cnt6fxlgje5	3.21676143876885	1.19631990481085
did:plc:y2azwxpo3ygjfamv5x4anhwx	2.84000405773337	1.62101881296398
did:plc:y2edcortaxijoa6iuwx3vqbh	3.52578877234272	1.25856426183668
did:plc:y2g7gfkao5ju5mcubyc4nkag	3.98332074146338	1.1258341688977
did:plc:y2ihk4c756yuswuyih23nfke	1.79283434976238	0.846714053403275
did:plc:y2tcror4nvuppww3a3zdohk6	5.81457849159718	1.16276818783554
did:plc:y2w7goqzhjex6tapuobwvoe3	3.73373749268573	1.27332279356382
did:plc:y3avu7ipgiixi4pqm3vcvi4p	4.67944297693687	1.39250684966175
did:plc:y3dg5nm6gqbfxh36dqbogxbu	3.26302980651265	1.80774967016725
did:plc:y3ezfowokkuo7ud57c5i2u22	3.68342126728014	1.63768645473625
did:plc:y3gmp2lnabxgpxjkamst6zy6	1.17122771366191	0.71732117536229
did:plc:y3kahsmtraf4wjuhqcd5tpt3	4.57406486275735	1.52592007899796
did:plc:y3nyvbe33i6ot6x65yxwgmik	4.06589647229131	1.44925258796815
did:plc:y3qeyk64lcwcqg4lbgkzlraf	3.60142736111468	1.50197297899588
did:plc:y3vwjswtsqs5dtplwfywmdh5	4.76994750548243	1.04443901770223
did:plc:y3wf2zozaplsd7dymo2whys3	3.77093318719245	1.26786031220166
did:plc:y3y3jyic6kph5lfx5rnhv5ue	4.01672110554622	1.53142997360695
did:plc:y4nhgbcdpnkiurp3i2d3y4ho	3.60313152101536	1.7765256344385
did:plc:y4tn6lk6c4s4ezrxrwmrnd3e	2.92779490755288	1.50496894851477
did:plc:y4v6um463ul6x4cpisyp4syi	4.02959996380897	1.53596831561691
did:plc:y52z7aakiptdhamkml4bl3th	3.92363676208219	1.43174055473812
did:plc:y55frljjy5r7jly7xy7rb3fv	3.89128250476552	1.3605423689326
did:plc:y56wysunxmezwzhektrdspkv	2.99726099719465	1.87420706799551
did:plc:y5cuja6nmhejp2coorop4pgt	6.20566706202498	0.797557102822334
did:plc:y5dnp3i7cp7bvp2m4amhynnz	2.87903898352889	1.24620177206696
did:plc:y5e7al2orwldmpdcsn4cmnli	3.24533233514806	1.32056428488776
did:plc:y5hrmz5v3w5vxi3vi3f44kxs	3.00116678786836	1.8262816405489
did:plc:y5lzgzmwphazeiilkv2ldd4s	3.63483694526547	1.53017260014274
did:plc:y5v2ubnoq5oemnuosvcagw36	3.52616264939533	1.42247927833847
did:plc:y5xbpcflcekztwgq27vze5xp	3.91582618577515	1.19546693553243
did:plc:y5zwet454h2bhd5fc2wcgsak	4.33687560660779	1.36284613372867
did:plc:y67hdrgqofniz7mj7dz7wdpx	3.85227581571034	1.50414147156499
did:plc:y6dfjxf6tvqlq4dlugti3rsm	3.88655370958522	1.39168500549184
did:plc:y6lyij3t34rf7sskgelbjnmr	5.88080166946923	1.13819672945109
did:plc:y6meck3vjio5r54sgi3u2woc	3.0141705029908	1.8697741762657
did:plc:y6u5ilu2dyb4y35la7tz4wcf	2.71387371327511	1.51052772399065
did:plc:y73kqbmnwvq35lihacd4li2z	3.46394786875969	1.37844313320035
did:plc:y76mhvm2pgazwp7nv5dl7dsa	4.08613868060666	1.21145343261945
did:plc:y7bnzjee5ju236mmqs23ytyb	3.74862131495819	1.63270274152509
did:plc:y7jvxyh236lvls5g2uapmifu	3.93665276000067	1.59430235768673
did:plc:y7msb74o2h7g2gyuhvgpg7ev	3.92108637831686	1.40381619132887
did:plc:y7p7mamgnvlmpws4a6hswmde	3.06057741435857	1.46573588495024
did:plc:y7xncyemvbpi7fjg335od6pj	4.06003778280907	1.36548088995934
did:plc:y7xreccgp7tnq6nwprixq53s	3.14298466942524	1.57409950794307
did:plc:ya2mucflbacpzebn5boc6w7w	3.127118834877	1.69591511836604
did:plc:yaf6u7zt77qicxmxyc7j7l66	3.88900547281428	1.48709348563271
did:plc:yaghcdmiwsjf2roeyytugfcd	5.27775030728683	0.886368045366663
did:plc:yakfeuycwnz3mh45kt25aue5	4.33517298545833	0.922638979999503
did:plc:yaku63vifhmxvn7mgh53qvmt	3.09307046259142	1.68795645042049
did:plc:yamif2nvuqq5oo4olegmwfvg	3.72822150785103	0.688771322862088
did:plc:yaor6vvkss24qsxl6ncb7sjk	3.05552926201915	1.53132916076048
did:plc:yarjbzb4vawdccx33uwiugsp	6.20293167522869	0.705594166233532
did:plc:yas7nywgceolw2v5wgxdekun	3.44143402084907	1.67391454834222
did:plc:yaym2q5qjng3wx5iykx3kkzv	3.99180666871096	1.48256935744717
did:plc:yazte7dv6ghz45smzfe4joru	4.70333221601518	1.11492465847594
did:plc:yb34hpis52c7pmdflyiuwjin	2.78608016084407	1.36755213552922
did:plc:yb3cy3mj5usjedchmibts56h	3.89584618886915	1.45267389047989
did:plc:yb6bggihoqyv4pp7xvplduah	3.24397766049038	1.59239572035178
did:plc:yb7nl4xjhniodg5vtol4qlnl	4.5780556972778	1.30052121333018
did:plc:ybefkhp4voaz7is5744gxotq	3.43771257913982	1.44627068361787
did:plc:ybi246tdvimnrm5xrspl63x5	3.63777959209578	1.27845434227768
did:plc:ybk53wrkw7rvqk2e2cbsrpud	4.2482065562599	1.36773048931097
did:plc:ybkcjr2qwizckpbpj2aqzywg	3.65097905448766	1.47221815921719
did:plc:ybraqza6cfm6tp7e757sttqr	4.20653799400271	1.58077810440913
did:plc:ybrqrttet5c3ovip3nltnbtp	3.13696603627051	1.61537154803345
did:plc:ybw4a4m5cihusbnkew53mgta	3.13601668929285	1.35587135885758
did:plc:yc6aq6osc5g4bbn2d2pfthsk	3.54248145185406	1.95782109558639
did:plc:ychv3jop3szkv4ip6yl2ynpx	5.45530423530439	0.862117333541808
did:plc:ycic4lyahi2245b473vdlokc	3.93780180299238	1.45126436980333
did:plc:ycjlxd2zodafkxkhkcdlenam	5.71669762904739	0.581044623678362
did:plc:yck3njzdwo2w746wyho4gimx	3.54583999343603	1.4709125991271
did:plc:yclu43fjgwk2gvyrk7qwr2jt	3.6192181418897	0.993442470813971
did:plc:ycmt46necwzrc3ndxtthcei2	3.47296724411186	1.72111074313193
did:plc:ycnl7can4uutnc4or74g4nvg	3.7728154446206	1.44522044299825
did:plc:ycrvzj3hy3e67khqyj4xgjsz	3.46197045436593	1.49248858163646
did:plc:ycs44au3rno2aklmsx77njg2	2.19280473493272	1.36218330874048
did:plc:ycwuvbgztvzvhlwjay4m5sch	3.90607291562108	1.5432416232931
did:plc:ycxa6qygtn4uzwe3oxxn2cf3	3.8504135182962	1.40353921072422
did:plc:ycyb2caorpckgkwbrfj4hogh	3.3117253230566	1.34085828001378
did:plc:yd43trxm43woj7z3ar5sskvd	4.79354938136135	1.38222986267737
did:plc:yd57mfrgmasuhbse7camz6om	2.84089316020187	1.65610937404216
did:plc:yd7vdqzxjb3y4khzlvd6wvpu	4.29067972078677	1.47324533494291
did:plc:ydhkmlryyogmjewzynoqvcg7	2.92999292202028	1.57467551786163
did:plc:ydi4fih6zqr2jqqahezr72y5	3.89444385462058	1.61985248775161
did:plc:ydmz4xmnjnyqgymuglgld567	3.74305725814323	1.39559131092025
did:plc:ydnvexqigrmanmug6nxx5pk7	3.66791969507482	1.78021721283317
did:plc:ydrztx546oy5e2vmxetnr76c	3.18881232944279	2.06139099435919
did:plc:ydyhtqmjhvxx45f45zm6pbd6	3.83264584376267	1.42101882289209
did:plc:ydyotkid5mhsc54qs2no5lat	3.74071296884621	1.55732033976445
did:plc:ye7cengs2gl42jzsum6ly6p7	3.02199864677029	1.37955650563121
did:plc:yecw325nsvyi6o5npr6pgvww	3.64957904232481	1.43095875223809
did:plc:yefekozjp42gjmsaygaut2dj	3.77390081416017	1.38707178231116
did:plc:yefjebwrkgwveqn5g3w3mkq4	4.48710439437633	1.65883334972441
did:plc:yen22edkrktrepyeeywkeo35	4.25759438792831	1.38080739478833
did:plc:yeufk5yxwpbnquth3ktf7326	4.29262539649208	1.21363167993301
did:plc:yeyzi4eje75mfewakcxe74ar	4.47470834648022	1.33174368140623
did:plc:yf2tf4acyxbrxkgnkgolm3zi	3.36004980225741	1.32564458414212
did:plc:yf3hd5mcyovpfiaxyeyrfx7n	3.56145678721456	1.2472202873912
did:plc:yf4xgdq776mr6vvjfqgnkuno	3.34662878837835	1.77751781789044
did:plc:yf6mclk7zjsum7fdz6rubhk5	3.52829082332662	1.76890578024227
did:plc:yfkn7z5ueu46p6k3nkygmset	5.79935733224633	1.19245157014195
did:plc:yflsnjojevksqenlsxlxkpez	3.27644786284224	1.5136663345534
did:plc:yfq4p6j6e6jaru6qadfp2z4k	3.00682936723377	1.87631761051146
did:plc:yfs7hzif4gpfdeohzp7w7j7b	3.00155531847784	1.22678608743017
did:plc:yftcrs7gmsyb3dfhr6dmew4f	3.71745259683819	1.46052297697058
did:plc:yfucra2ztzpt4qpkxg4ytcdf	3.91702942632803	1.4754752389727
did:plc:yfujhdftclpnoiq76y6nje54	4.3336080489813	1.67552686470699
did:plc:yg3gcsh6uaarz4rofxdgd6zg	4.84157715306354	0.922247600375923
did:plc:yg43zvbtzy34rv5g7afe5uow	3.15026282170414	1.24549658962021
did:plc:ygabs7ivjop4fsgduqn7aeqa	3.5961985132206	1.86371628290005
did:plc:ygphf5lfjrx6vecxhreeaqf4	4.32391481380486	1.24363189380497
did:plc:ygsr4wvw3gj4yzjlejzbxjkh	3.73420440750071	1.64628168233197
did:plc:ygv2fwttjmec4gyhoyxxocwu	3.00158829083372	1.72314424959491
did:plc:ygy6f6emojiy54pefthebgqu	4.77295683124186	1.23794392837601
did:plc:ygzr4qwz47ogns6zt5qhv2ll	3.82280944265989	1.46680056047636
did:plc:yh3qysw7o62jebmhxijaen4q	3.93782591100537	1.62496347270539
did:plc:yh3wdj5w7esdzct7v4vqve5t	3.53906630347469	1.45998297996889
did:plc:yhdzv6iws2hhmf3juecviz3b	3.41500331530126	1.78474660311247
did:plc:yhhyii7tkkdw2cljwbekcu77	3.42871025569548	1.66951182544078
did:plc:yhqikie5pgmcghdq75f2no3t	5.42357279698142	1.37796706864923
did:plc:yhtacavwveit3ztjbjoco7uj	4.74435367784864	1.34263124674855
did:plc:yhxrsq77b4ams3tg3gny34es	4.01129135727669	1.38731273034544
did:plc:yhxxz3f3arh3sfzesk5lqhrl	4.43280870537088	1.27251591664245
did:plc:yhyna4ec6o4cnwbdrgqog7wn	4.53451729279509	1.04964884084284
did:plc:yhzyxlmz4urahyao74jri2az	3.11311171062794	1.50472557147887
did:plc:yi5bhwjtolz44q57acjqpic2	4.87630515130529	1.2149855266861
did:plc:yibs5mlwchydqgncbxdo7ewa	4.81851306673643	1.73775421782658
did:plc:yide2fhkmsv365nhb4tnfboj	3.38843137684653	1.37579482130324
did:plc:yigmlok627epomzia2c2efvg	3.71527712999447	1.89731466764953
did:plc:yiokp3frqhb5c34u6jqklfwk	3.63368212009517	1.18912763610292
did:plc:yj5hk5yghgo6ezclp25jwcml	3.83300868515402	1.20621253431032
did:plc:yjf7ev5fio2fpglspzryw5fz	3.99033815731266	1.32972989032318
did:plc:yji736en7fqfnal2okqfg7m7	3.24338236479864	1.95562582915758
did:plc:yjjroifmfet4din5iduhe35i	4.06374843615415	0.694815526785078
did:plc:yjpdlxgpyzzz7avt4gdlrdwj	3.5649272858572	1.32832059167783
did:plc:yk27oalm25zl7gb2rw4yzeyk	4.69235933755965	1.12893973840195
did:plc:yk5lwlmi7djgdksrmsuyvtxl	6.21726067055799	0.814876407789605
did:plc:ykafsfwyt23lzsdjqldlpczx	4.74046086575756	1.20514681817015
did:plc:ykcq5kmh4qqiqfod3zqckw6j	3.34224834483006	1.30430612247824
did:plc:yke4piwigrqw352pdk43iizn	3.59215815057216	1.64762195114846
did:plc:ykfa47d6txovzezcndlpe5ni	3.14919190675069	1.79023731146674
did:plc:ykhb5lr4go36ll4wz3cufda5	3.04610387472922	1.8116535749043
did:plc:ykkvlyoo7o76ymhiorwo43ui	3.97968253593732	1.5464638974786
did:plc:ykylyrha3qbnk45yexkwsuzs	2.87775358589041	1.0390695024835
did:plc:yl6ucfcr7worgvmylil7doim	4.10535147448711	1.42832484397616
did:plc:yl6vmankjh7zzis6jgnnhkb4	4.14259645503007	1.47949743087772
did:plc:ylgrqnjwgrv4uufyzpwesmfo	3.79326796293546	1.25608085580279
did:plc:ylhct43o6d276hxvuymmaavn	4.87235235262795	1.21545651672036
did:plc:ylxmvnhwwz72cw6r7rf77faa	2.83731356104281	1.84829764835287
did:plc:ym5r7vcnyiaznu7wvqazionh	2.98517819058475	1.73352510320346
did:plc:ym5spgio43p3f4lnr7jnpfqr	3.3639830252719	1.67766520853146
did:plc:ym7tbjth4wkjyglfojncapfo	3.72794723878215	1.36369093515332
did:plc:ymcxh3uywmbu4o3rtpeqr4ah	4.52818052004454	1.2455746755255
did:plc:ymepsr4oit3hxmeviohdjd7v	4.31422986106822	1.24299328835217
did:plc:ymjefncpuuy3iw5lfkshfkkx	3.74808890249035	1.76228389953701
did:plc:ymoh45l7uw75mld65k3xg4uz	2.8948749273924	1.83727028962271
did:plc:yn3gswpvdbo3nomvnhvto23v	4.13259217934581	1.33388690669516
did:plc:yn3ny7avvsnk5gd4mipquy5t	4.32382333958725	1.08352910788181
did:plc:yn5un4nshbkijxm2rokkfu5j	3.43028737525815	1.89439426759051
did:plc:ynb5mi4c2ualp4htuu6ljxwr	2.87345891616352	1.38666175521142
did:plc:ynbu34s5r73gkmg3nr3cjh4i	2.66898627961558	1.6878683489498
did:plc:ynqw6vmivi6wsh326nkxzitu	4.18920662019671	1.31048142658244
did:plc:yns6neia4w4ofosu4deakn3c	2.65120718886923	1.22685422722644
did:plc:ynuksz2mnr66dhdi4ri4f27f	3.26118159129988	1.05011214627589
did:plc:yo2im5wl7nj7ajtll7c4p2lj	4.41671991073889	1.45269890684839
did:plc:yo3i4gtngx7hnlkqovgses32	3.69058068447423	1.50450344242162
did:plc:yoggugyabqytf4s4fspfcmwd	3.9579953373826	1.44398670171859
did:plc:yorzdpuzhan6ov4nzuxhcprm	4.25411771738996	1.46693768010628
did:plc:yp2gjsa2nyydbaqesklwo627	4.30366580329113	1.61251300257513
did:plc:yp6acwvnrcg77ofdagmdwlyf	4.12955900546501	1.35978590577115
did:plc:ypb4yht34fk7tkpm5wkehqku	3.51945638120286	1.74401456354648
did:plc:ypbqpjnoctjivdp7dk3bliof	3.70651599473536	1.4219093391872
did:plc:ypkq6apvrmpnzdmpme7gu5uj	4.02937182855464	1.45757723275538
did:plc:ypmj6geocg3iscs56oa3snrd	3.48063713735421	1.37553329079017
did:plc:ypsz2d3lacpbcugqowml7ost	3.7398378775942	1.48640016446439
did:plc:ypvik5ecfholodbybfjwt4gz	4.56927679576548	1.39902774048193
did:plc:ypzwmnijzqsqrxkr7urbc4ez	4.46323721718271	0.422719444457687
did:plc:yq2syywusfhe4rlmcfg6egx2	3.76048653248121	1.57773583120491
did:plc:yqbiezo3et4dbj6t3m2cvebt	3.91072895241299	1.33174667448064
did:plc:yqeeijqtx3mehcilqxzffcba	4.06694311322218	1.58761032248817
did:plc:yqf63kgu2yn73cqakt2ujrrv	3.38834850837522	1.84060131068306
did:plc:yqfxe75c3ukxatkbzqosxqnq	3.29355326397693	1.65247166310759
did:plc:yqh3b3nfqr5uflp5cncziozm	4.13085907819966	1.44490105846391
did:plc:yqhyvr2akqdhmsurgykpnqey	3.05864194764881	1.32474554746863
did:plc:yqiocvy3ojyndlo4s3nsryp7	5.61327600990655	1.13777927583308
did:plc:yqyairh6iqmx3m6qiu3tcdwc	2.45289350512956	1.56591662239237
did:plc:yqyz4zmt4ak6rvqoxw3sc5ik	3.83777418007084	1.46483359097395
did:plc:yr2v7snb5w3bcbvbw4y2pn53	4.51418614631865	1.03135316596876
did:plc:yr6wcaotoc7qe4r67ifjoq4f	5.38309502996682	1.40748519893079
did:plc:yrbrizs4d6vou6rdqzinbqj5	3.87910474909293	1.73553541166259
did:plc:yrnb2xa3qu3e6keuaexmyhgv	3.79463012132129	1.68906519969907
did:plc:yrniflnbxtq5mj5khsqfdhfb	3.99928084695711	1.389387585352
did:plc:yrsi5zp6e7fxnjze5ohwtbi2	3.57101040183993	1.44603726886053
did:plc:yru7vpd6sidkrfkjdjj7jbu4	3.29033526872	1.8096526803857
did:plc:yrx4sdajeuty467wjlcz6irx	6.17128392072913	0.984051419784787
did:plc:ysacopovfhpi7ceman7n5pzs	4.26293469176873	1.52848870890857
did:plc:ysgmts6n5kdylqstthvmnani	3.631184510504	1.31699864393263
did:plc:ysjpsc54cgitrmhcre3vlciq	3.97496319787934	1.30240643700917
did:plc:ysk6fwm6lj7cr4pcibfquuxf	4.37669407067136	1.76274292401992
did:plc:ysmxm5kb47ruk4ylfypdim46	2.35432410003347	1.38594237331562
did:plc:ysp2t2sc4b4uuy6nbxd2ufxz	5.24188179479058	0.905170251284543
did:plc:yswelnfe7sfeqn5k4rrupcfb	3.18807896166625	1.97242157783911
did:plc:ysxbv463pmcejusz53yky4uv	3.47929109469511	1.71026964650994
did:plc:yszgejknwqxpvjdjz3beg376	4.40047944361121	1.20654393798926
did:plc:yt4a7aa65einbjdopievwimg	4.89669698020785	1.02915081154678
did:plc:ytltq52ersrs7wbqxqekwpis	3.85334768538623	1.49857117456049
did:plc:ytq6csxyqwr67xg5cqqf66sm	4.22373458208675	1.42838627678783
did:plc:ytrqwhictfmdaw32tj7gk23o	3.1534016478339	1.50406162939091
did:plc:ytwhk55nyy4xuitbxbbi53pt	3.59864774993182	1.86605325081005
did:plc:ytxnaimvwdoltadzguyks76v	3.2588898022165	1.80158980692954
did:plc:yuaomexwisfsvffij7cfvolp	4.37344963095954	1.29174631626566
did:plc:yubzpheo2i52lnmu2puvbdje	3.99357254728405	1.34142139581097
did:plc:yufyiswxukfb5qa22x6b2vzs	4.92276916373706	1.46927653563465
did:plc:yuokkzig7j3cxja53lxkwijd	4.36757181564475	1.14206833368336
did:plc:yur2bjwmlye4sz4bxp2jbkg5	4.24677134257169	1.3548159994758
did:plc:yusiisea74feinmppphrwokq	3.34908949649017	1.80587232318102
did:plc:yv32uvqvkuzm6q5cyyodlrdl	4.01092448600718	1.55643330298054
did:plc:yv5c6jyzlx3n3rjhf3dph7pd	6.02885441822193	1.15594448327114
did:plc:yv6l3ypnwowsfzrknanub2nx	3.73019842834781	1.43451450469077
did:plc:yvakv6jqfvxqr4hroqeyegbv	2.74765956716709	1.21178173948679
did:plc:yvf6dvepqmmioyy4d5ea4xbp	3.19937490758905	1.37004015169885
did:plc:yvirw7vxtgulrpvmjaers6eu	3.01575780198122	1.71157900672061
did:plc:yvkv7rzhdrelwq5b7waqvyn5	3.7056964660811	1.4714323427142
did:plc:yvl4ezvnxs4kvg4qr4lchogc	4.14567754952136	1.11393155589883
did:plc:yvrsccp4ekvg5bmmqacnmxek	3.19572046810655	1.08982775484318
did:plc:yvvhotz5hjgiw2shgeptjym3	2.96417601191982	1.24382236866381
did:plc:yvxjcavv5kajw3ecfk7qcamp	3.5232914604706	1.94152766341532
did:plc:yvybp67vzbabp3d7laocuh7n	3.00201881412713	1.68272151987815
did:plc:yw65sbsenjqlkfpsrbkmpkxh	2.98777061953065	1.37488748728949
did:plc:yw6bz5kvg2ekvbwhp56relm2	3.71422514426684	1.62892108559076
did:plc:ywbc4t3engigvq2co6g72t4y	3.53549468919927	1.67604208920829
did:plc:ywslj6yly55usrlmws7tycbe	5.75595942130415	0.702341191174813
did:plc:yx2kdecunax3u2ykbyxu7f3w	4.10472884954213	1.28036533801882
did:plc:yxkgcvllju2azl4zex5gvzab	4.03306041727496	1.28509864912644
did:plc:yxkjh2zurlid5jjtv7g3v4pl	4.02222477584663	1.34777280170672
did:plc:yxolmmfoua2hzyxqmb5vvyfx	3.7305548636382	1.53702146716173
did:plc:yxudwaduo6btgdt44pprord2	2.86973687823702	1.06931586328778
did:plc:yxykfbzrp5mnzrn2l7j2gtx2	6.25491399251827	0.815793059731578
did:plc:yybuwwz6nc6q3h7gbef4blwd	4.97121676179719	1.34119823530417
did:plc:yycconsttbxipn7sundup2nl	4.86224247733678	1.55151155742763
did:plc:yyfjmu4m63mkoykvkt7dhvwr	3.31361053460249	1.90907307587421
did:plc:yygjucnozdx55wtjlybnnhaf	4.9268149040612	1.06716795807279
did:plc:yyh4jvem6rx4kwsqxdmh3kow	4.43300639535536	1.65228566954978
did:plc:yymnwmzzwie765ntmarxti7c	3.8007527052092	1.38005635516052
did:plc:yynnsc62n67yqxnxkldsacll	3.93426085870671	1.42833959099681
did:plc:yyoaan45v7iom7wcpfkw5pnj	2.06257385085678	1.11098571642212
did:plc:yyprejxz5jgeufhcb5baagyr	3.40795530156797	2.23664711276632
did:plc:yyr2dqgbknqwx33wo4uakwih	4.13161721308976	1.37979221454678
did:plc:yz2i3xvaz2af77wq5eey4lqm	4.58133241068953	1.37457687847038
did:plc:yz2mmb7eziu5gfat653tiqst	3.90316993672557	1.49424579238193
did:plc:yz2xsuesmzr6td5ybpxtj2fg	3.39713197574671	1.50905992958281
did:plc:yzb2zjm6qmmneddwrpjpyldb	5.24726255037572	1.08149883831207
did:plc:yzee3eklcwviqvqa3ffkqq6m	3.33567851047506	1.32328554895278
did:plc:yzibh46elkuzg435z75gr2ql	3.68350469667902	1.66169463483515
did:plc:yzlv3px47b77wx3axekapamf	3.56519458541298	1.52777060056336
did:plc:yzn5sg2ypq5dtdpp4v2lsr6n	3.33823535553318	1.41779549754793
did:plc:yzninotnq5o2eeh4bmubzhkw	2.87567720282465	1.83209338013927
did:plc:z222e4m2wbn4rql22fmis7va	3.91160684783518	1.53342033965074
did:plc:z23qgjdroubklrz2hjxxo5oq	4.104269183892	1.5615858579901
did:plc:z25p3nnw6y5zhmnuz2xldj2w	3.12780682827928	1.81380394116064
did:plc:z2dmwexwic56zeg7v4x6al4y	3.23725302913657	0.744588519495884
did:plc:z2f3bvylwbps3b3l5x2ejr7e	5.09441504446414	0.896728570370478
did:plc:z2gdgxz2um3eq47a2ebsz3wz	4.71379058551353	1.94508117242435
did:plc:z2ij3iy7fn36jxgog4wx3yv3	2.99190433176453	1.6474686554364
did:plc:z2o6oauduziv5ashebo3jfgd	3.70999553910121	1.28709630392315
did:plc:z2zohfi4bbtthnuzfkuwk2mh	3.15873923607695	1.3796450756835
did:plc:z32ujwauaf7nsuanmh4ikhwo	3.9139669661295	1.12810600157326
did:plc:z3cj4ibtkxufqv2j2g737d7d	3.15696308802381	1.19382140570364
did:plc:z3dgkqgtjd2voogdmu4k3lvy	2.9964568724028	1.24423504743407
did:plc:z3ds6onyuoyfnx42qgoddhbp	3.80318716225896	1.48153682095233
did:plc:z3ejzgy56cggjjjqbjzfrv24	3.66205062295701	1.58791844646882
did:plc:z3llw7qj6m3assvbjzwpzclw	3.74695098886126	1.43885137638407
did:plc:z3m4bfeegziz35fy5nfp2mnh	3.76837209109784	1.25989858283728
did:plc:z3rcftntjsfymbtslas42ztq	3.69839587071632	1.64653962256288
did:plc:z3rqi2idcjo3c72pudp6bagi	4.19176178528304	1.53897015872256
did:plc:z3syhzkb3xq4h5z3pc5g4hym	3.28051115491271	1.80423793123128
did:plc:z43qta4lcc6otruqbhqojqbb	2.87160574757205	1.24089258296436
did:plc:z45kcsfv3sti37slravrnp6r	5.9520988431804	1.03862743793831
did:plc:z4dianqlp53fyy37hcx72q4v	3.75954434517928	1.60345700320595
did:plc:z4dlwpo3a76gfryorjmwftw2	3.84173841109634	1.51412664165589
did:plc:z4e56faneatxzu47qe6sgjmt	4.18864635006016	1.40938055090062
did:plc:z4o4xwfqhlpt6wb4m273nzha	3.67637664476919	1.2157762001775
did:plc:z4oolljerdc4djgzp64tcvyk	3.18210107274121	1.55635171526712
did:plc:z4r4pmrpk33dpoeisefo2cag	4.78974529351969	0.810115039626786
did:plc:z4sdzogvhhye6o3ejuuxfxv5	6.13000843376136	0.942266806590816
did:plc:z55oujx2jvwda7crc7ajlu7x	2.91497698093787	1.80543611840719
did:plc:z5d2px3xfrjkacu4ezsbye5y	4.34478507414369	1.55828400705309
did:plc:z5hfiqzcfpdl7crw3qd6oapy	3.1442489232487	1.60722329101562
did:plc:z5k73yowu5nfrvleddjbzd3k	3.01724507665476	1.24686849389795
did:plc:z5luelul3pfi7robnbijbdxi	3.82374978505832	1.58525108433156
did:plc:z5m4c3g2m4hva26anynohr5f	4.06215270620972	1.16754703809452
did:plc:z5ripcaoqla73e3hld5ysp4j	4.21732163797113	1.43409290074759
did:plc:z5sfmmzri2sdecnvetp6vqy3	3.48961972458554	1.79113602461534
did:plc:z5wt7r63fqmqfvf7scqx233c	2.18014946658633	1.40676206814013
did:plc:z5ztl7bukedr6aww7ehrjibs	3.78069579873317	1.37251363195931
did:plc:z632jm4zfwsw6cadsyo4kswi	3.20212443602023	1.30412475082812
did:plc:z65xdfdzus3qsur5vnwiw4ci	4.73440470510728	1.1358782535495
did:plc:z6a25eqyjmllf7iqhtz5e5dh	3.27611633860457	1.31692798320426
did:plc:z6f7xnzqdzuftit7ouvmrpuz	3.81341766167438	1.43715068415027
did:plc:z6h2tp7ydg3ulahsm6ei3wdo	3.45329474015478	1.29603795224184
did:plc:z6hgxj2ixwky4pc3sr5wunfn	3.09516233867909	1.98539924765416
did:plc:z6i7xtvwhcsay2av2b3a4t6d	3.55181755399605	1.68073222767877
did:plc:z6kgp332m25b3dpxujj6sulk	3.19848810852319	1.34892750232079
did:plc:z6omuja6dxqf454nsx62sj3i	3.11626027040762	1.93446919615355
did:plc:z6vynw3py3g5vwtakzpe3x55	4.37654947209676	2.50930246098114
did:plc:z6wwta7lz7dxzrq3o7x5apcz	4.10680987458777	1.0315573850129
did:plc:z6yzbqupownldz2fgicwzlkh	5.05411699349911	0.881148214597338
did:plc:z76d6wr77vluuvfqnzwy6yil	5.34197417162314	0.819666273981265
did:plc:z7gxx4h5keylfoozgy7iizcs	3.04056968492047	1.92361891019564
did:plc:z7lkqlobtsv7jpm6l7xovomc	4.940097156743	0.987847486736888
did:plc:z7rn6gd2np477ps363de24fv	3.39862465145705	1.67025927001507
did:plc:za2xgexlfexkuzmuhkc5qpnj	2.89785338298045	1.3993034829162
did:plc:za6h5sxcj66bpmn3msbimjlt	3.45086764991921	1.54755558916326
did:plc:za7dg43dmcqo6hav4h22fsyt	3.77477300321521	1.77715206314286
did:plc:za7xzrzu27b4atwhl5zdjvwd	3.30594552739298	1.58920896548672
did:plc:zakteo7nbhza3kzfj67vnfae	3.59209261955355	1.5288130682275
did:plc:zarscbbigsr6p6n5kklqkybc	3.32785668072471	1.4388529560868
did:plc:zb4v4iwpe76fhlr3gglcym3r	6.18224236073062	1.24284096431725
did:plc:zbapz47jvnvrgcyeykiwoju7	3.33892052551769	1.41287182955766
did:plc:zbhq4h2zpp2owhx4js55zy2v	6.32002963346174	1.07689592723877
did:plc:zblzjnocba56vqctmbz755ra	4.44243209988838	1.44810965859272
did:plc:zbmhofonjoouaq2dwv5cpxlk	2.65749499994233	1.42897452600806
did:plc:zbug7lhud7whhhswitqxmt3a	3.51335692127878	1.99629108454371
did:plc:zbv3n66gahqjqovyrawmhgii	3.17806533486742	1.76622601512826
did:plc:zbymtuovuvom2cv4ieumig77	3.55100220368449	1.34643388879518
did:plc:zc2hr57ccjkndc2li3pnqc5e	3.81755356442595	1.21683271968569
did:plc:zc765mpn6otmdiguq3r6zw2h	5.82128538381932	0.935055941993522
did:plc:zccah6vugavjjq6svth2b5dv	3.6960043586691	2.06789948254836
did:plc:zccidpodukwgsnptabhap4iu	4.30883192172507	1.15965593596922
did:plc:zccrt7bnjlo2gl3wsxfqlold	4.86561128537406	0.915894618994139
did:plc:zcd3jjgrdoc2gxhikg2su2qo	4.92327350220392	1.27928934054464
did:plc:zcpujtyojyppmh5ftrtglzy4	4.51441518562806	1.55683516194177
did:plc:zcvlkz4vh7efmtaq5my7u5rv	5.8843820297694	1.06080788867836
did:plc:zd4gpvqwwt665tq6ipmpwg5l	3.15326903793014	2.01781620584496
did:plc:zdc7r7e3uaelkg57qvg6ppb6	4.46667732764171	1.2190124077714
did:plc:zddyydodefmv7nqlpg5oohnt	3.59884059894183	1.47870311511198
did:plc:zdeji2g5n6dtgipoek7s5lxg	2.81999738635085	1.0854619330488
did:plc:zdk5s632wozbhuw2tq2vidpk	5.77244735657003	1.05743609878205
did:plc:zdnm6yxxqrttsdnmb5tiqtba	4.27950671851345	1.84318040780572
did:plc:zdp4ak4uo6tyg3akbussjyij	2.97378492192653	1.43436769501126
did:plc:zdpe22aojfrxlsf43rpap3yf	3.09320280977002	1.17726381400896
did:plc:zdzi4b5mnpmlzfme4by7gwg6	4.04473803373786	1.30024489001107
did:plc:zea7wubyosyb5wpclkhgwjtz	3.53017714351894	1.53188129296526
did:plc:zeabwanr3sn7aqgxkrgjd53l	3.62466958578889	1.4916729396829
did:plc:zei5v2bm57q2ogvpdmuc2pai	5.4987160123767	1.04574870598493
did:plc:zeispy2cjyqv4iqsmh4rc76w	3.98615231960636	1.56998495115357
did:plc:zeoclxq5t74dpwxlb7rjct2e	3.82217876985387	1.60212243957383
did:plc:zeqyypghsihhb2xf4wfy3ehr	3.96774061451853	1.32626394191644
did:plc:zeuyhyi45zbumocthg6agkfz	3.47600474100396	1.40151906153952
did:plc:zevsv7qnq5oqemmvwp5jjgi2	2.99297519763337	1.47561069216871
did:plc:zf642yeirmwrkntvrzgog3my	3.5114354413139	1.71427301143837
did:plc:zfcwjzgups7hklfuzlwakjng	3.47723459666837	1.56415203930362
did:plc:zff5wzoeqofh4nfzfnf7mpt3	3.96335105205662	1.62728749557446
did:plc:zfjxe5rrefaxgfyuz37gqxod	3.58054776913084	1.80452306867672
did:plc:zft2lv2bv22hwnqqhfi5qf3q	3.55147747824655	1.42232293294998
did:plc:zfwwdqfwwojjh5yv42txaskj	3.98131779597533	1.28525643867259
did:plc:zg76ssioxkktgpswpsj6yho4	4.12445015055637	0.883338022350324
did:plc:zg7rjzqmvaofkxgcs3d7unu7	3.02752090216752	1.3103125210707
did:plc:zgbfimpnmurqfxsjqpgneotn	4.40443274034995	1.21892920279069
did:plc:zgczp6p7ahederkpo7zplbmj	3.05174690691888	1.54087868823424
did:plc:zggwanelx5lagsrny7srpm2z	3.42341359938116	1.52658931239457
did:plc:zgjjpwhn64ziemyis7wspdpj	3.2994902549023	1.78459243814725
did:plc:zgmzsyio4nc7nkuugm5eq3xg	4.80025248312076	1.03478601651418
did:plc:zgsyqkfmbxaby6xmh6vzcwkv	4.05172296377779	1.67977566379131
did:plc:zguqupovvwdthjpiu6rehe72	5.11593780562378	0.971960139326224
did:plc:zgwdclusfsoko4cf5zbmlszd	3.70983221991538	1.19686262402917
did:plc:zgxasptwcjd5yd5uj7cniehj	4.0609024517701	1.54138205894574
did:plc:zh7poounicyirfhopbakba5t	3.42429314908921	1.66938614583908
did:plc:zhdnirmxhcmabdr5exctgz2t	4.16864330115071	1.56490475255189
did:plc:zhicfjx3v42z4jcm6ujcqsz3	3.76563375209495	1.62809024696201
did:plc:zhpgema4giiycjmlxev4qk4o	4.50529191585657	1.40191615541312
did:plc:zhrxhb253caer5w4vclaqyj4	3.6878889448575	1.52398259232626
did:plc:zibx3delbo24mdsccz6s7qa4	2.31216410980725	0.661088045722003
did:plc:zidcq6xcb53p3djq32q2mvei	3.91383351669452	1.57624820058901
did:plc:ziq26h3p7k3r2trvw4nd64ry	3.44138179937173	1.52125079539199
did:plc:ziqag5nisgipljuwbqwxeiez	4.19369533017748	1.0972897869853
did:plc:zitu3auc2hwdntpp2datureh	3.28790154330249	1.76817414878985
did:plc:zizahoejgtfaxvlcymbuhagi	4.07941802172736	1.56734229869928
did:plc:zj3r2dumudo2mll5azxeizbr	3.7264108032653	1.89012063795193
did:plc:zjdhaacrtcgi7q4ota4yg6k7	5.00328611046292	1.29539709962552
did:plc:zjkq2ndzpma37cof4gp5koto	2.95029128457054	1.87587107169789
did:plc:zjp5grfybtjewkmid7gqy7tu	3.88017026677267	1.68969503573689
did:plc:zjpaffjn3xegguabtdplvovm	4.77231214275456	1.48675293619221
did:plc:zjxd276aslvymwdnas5xbkey	3.85446163683889	1.41235722913494
did:plc:zk5pxnyacr7biqmxh6zpz7s4	4.3228916426645	1.21405061951248
did:plc:zk7exxwii26ijniz5seqzhre	3.72835352459316	1.29871098602487
did:plc:zkb6e6pbhrx5hshpltp57qqr	3.26252083720302	1.05117524571279
did:plc:zkgu2bw2vpb2go7nv4ez2fru	3.66423677092503	1.3704843116766
did:plc:zkhp6wmdrimbfuti7m2yt34t	3.85030366568017	1.51393505075925
did:plc:zkmgr2mjagzlt3ozgx52pvhc	3.72358150443972	1.77069297030437
did:plc:zkmhz75eeoi2nvlqm4hibtur	2.58165309543906	1.59530739263314
did:plc:zkpkgcb4zurxab2vhoaejzct	4.06025140886626	1.49241294424345
did:plc:zkxmbovzu5pmqzhtjc6qj36f	3.53707682313626	1.45584929063404
did:plc:zlezjwp3gxn57im5ebvtpro3	3.78969932373869	1.36459544214662
did:plc:zlfa6exnjhbh6atsn4sr75xt	4.47092218033428	1.26137153256582
did:plc:zlgey7iof2c3aji3bm24ei2d	3.45477237453309	1.34053043915968
did:plc:zljtwykya7uopxvhizwdn52o	5.15764619790432	0.728334728059021
did:plc:zlkv6nddvxv5oedkeuf7wv5w	3.15487250819897	1.83204153720025
did:plc:zlntd3yxpjon2tbsl3loeyjx	3.15723844109534	1.84586680419928
did:plc:zlr2rkwzjji6b7vqg2lqpwcv	3.88649864328049	1.6801170923799
did:plc:zlrrzgrnllamo7fk4pkl3ory	4.4302129838079	1.27811492337989
did:plc:zlt2c2w4dmhzupk3kqeuma45	3.92434625479074	1.51800817005448
did:plc:zlxjy5xthofmlv52mqi4gyh6	3.30047093969468	1.97546861762397
did:plc:zm2jwd3rgh22vqm3v7i4ev4u	4.70167310036861	1.53112453831004
did:plc:zm5zk2hjy3w6uwdngx3ii4fn	4.11918964402934	1.41292085322198
did:plc:zmdtj5tsxrnqo277ftq5uwnk	2.93373333555476	1.57863856090122
did:plc:zmdwfgcopau34vv6qyujuch3	4.4154745626558	1.47094195586709
did:plc:zme6pvy5sd5vhaixvixyqs6d	4.40755146168416	1.41879180343377
did:plc:zmgxsqrpsqbbtcmr2slj6jcf	4.69190848972066	1.05165784734719
did:plc:zmjrdp4iihb4jtbf2m3yssxc	3.02028062493672	1.92649960397477
did:plc:zmo7blzhm22eyuywmmu6ge3f	3.60037472678602	1.53425165815041
did:plc:zmokdhymtgrjhvzgktjcsadi	1.28269089249368	0.637511611681508
did:plc:zmppwmgdriewr2pb53zric4c	5.71142127697938	0.732059210477044
did:plc:zmradnq6tngi57x5auesr3tp	1.99557816579987	1.21749915028221
did:plc:zmrux3sn5fiedtxanww4wjmq	3.60146067747006	1.38116329407614
did:plc:zmsh3elhognhhojyzx5zdz6h	3.88463782552672	1.73488033655372
did:plc:zmsm6kf4ensktn6c4acmvket	5.39808402542204	1.37497979834938
did:plc:zmu6febqj6ptnoky3hliieqn	4.18636790850234	1.16049335194444
did:plc:zmydphdgzutyc25tcwdovz67	4.5425604819713	1.30308905006463
did:plc:zn6aegetamjjjwhy5zeq3apl	3.24269551286805	1.48140630605889
did:plc:zn6pigq4pgk6lx622sbau4pq	4.08881237365913	1.45482011356819
did:plc:zn6sv2chnvs3vlrc6hmryu6q	3.62828324308773	1.72531741033378
did:plc:znc7yflscrdvmhjx7d7gvc6h	4.49660970297675	1.26740219548038
did:plc:znii2izbtvp4mjfqeaxi3gv2	4.56122274303937	1.20754954622404
did:plc:znq3gttebf5mjxigwq3kxkm2	4.94670619112885	1.37761616867
did:plc:znqndctz2b55wurqg455n2mv	3.53370327883862	1.66609690480266
did:plc:znrprban5jq3euyirmvzb3ew	3.80985669393405	1.50158418549453
did:plc:znw4mnqsrbgmptcpz7kndogo	3.35925210606562	1.55982154216998
did:plc:zo27ttbm6vivobtawzrnax5f	4.50514071510238	1.14043456602136
did:plc:zo7ppsdhdrry76iil7lwmflh	4.02649056174625	1.31721902483081
did:plc:zodhms77lzl5j6ijzbslea5m	5.71115224341015	0.940657624685945
did:plc:zoetdvjhatgwbsccooftdoef	3.2064222582936	1.51219560142413
did:plc:zp26ehzqtpltspk4snna6krm	4.04269334416812	1.54933139474695
did:plc:zp765bjjekb3tq7lzq7o56ft	3.15967010329689	1.85032265927109
did:plc:zp7ntwk5m4kqzztjctswusbj	3.74250082684847	1.4689272696762
did:plc:zp7r47iyunxyo2td4odokia7	2.13060107834261	1.28423536828966
did:plc:zpaxwqlkti36tk7xozapu3pm	3.52059756427693	1.63304028507873
did:plc:zpg7svkztv3jxf4mf4lc4gti	3.65353111677981	1.64749945092992
did:plc:zpmn3xxmj6xtm7g2kvw53z5q	3.54618137969093	1.09543161424517
did:plc:zpuzkt3ay3hw7noqqao4gpzz	4.51051394734078	1.41213082199047
did:plc:zpzralnqan7g22ejl77mfvne	3.82123045391901	1.28943042574377
did:plc:zq3ucwtnpn43vbqo33645ozs	3.99479754357322	1.27915562008002
did:plc:zq6ecmmen7bqlbunjhzph3ec	4.00665460908505	1.15993807479448
did:plc:zq6t4vrttvtzz5zj65bd5qvl	4.58597976283797	1.37510294475623
did:plc:zqdgzdj6obnhqyu2qwdhqu73	4.83173376421309	1.37742051376719
did:plc:zqflnyji3qdrybdmitvyjmx3	4.09584488643806	1.6296797264302
did:plc:zqhp2dg4bc3bdf6rez46ljl6	4.1993152730522	1.32458306277693
did:plc:zqshsrbaxg2aswuwtfefpox3	4.35701966078491	1.28059496390703
did:plc:zqtu3moe26jgrze4pi5bidjf	6.70241588085133	1.1502443239745
did:plc:zqyfbr57gjgujksrpvqkhl3p	4.44332874770506	1.17198235807007
did:plc:zr2w4yv2aw57jtc7cgcp7l4o	4.53716002921947	1.42778837576149
did:plc:zral3zr43u2qoqvhuelnms4r	5.47442395697142	1.00771747914966
did:plc:zreefskpy55rjeov5s7h3phb	2.93555326287325	1.83902840164788
did:plc:zrlwpwy2g6ryho2kwf4goh6f	4.32452334674499	1.52488596492569
did:plc:zrmjuusupmlqixz45cjmerqa	3.89330368042285	0.900785808723848
did:plc:zroputhd2qyabezf2wywzwlx	3.79917635548571	1.57229992024494
did:plc:zs5cyuuradjtwdtyqc5o7t63	3.4998227398232	1.46823939281311
did:plc:zsha36bqx3ljncyuookaz2ua	3.71383450222304	1.54999311693606
did:plc:zsiwhnoxrz3r7i7q3unsvaeh	3.25785925313945	1.27616693773028
did:plc:zslikm3tzdoqfcl5pdpbpbdq	4.1142893427024	1.26461539356185
did:plc:zsnim3cifnoiamcmtdt3xi2m	3.95497283493628	1.4757555009019
did:plc:zsq6ojf3pcwnctey4vm56sup	3.22155235644853	1.47140628170113
did:plc:zssshgahmqj7csyml75jvceb	4.71912764658735	1.46995788456668
did:plc:zst24eae25s2u5wduondwq7h	3.54626286770847	1.57824093787799
did:plc:zsyhg6acyhoeidjrth7fyxhe	3.30374749338969	1.84329028996213
did:plc:zsznz4crv6hbskvyiaqkuyrd	3.11479470401923	1.34209947207159
did:plc:zt5hlyqadkcu7tmd5uyonvsa	2.55138958039968	1.39120257385183
did:plc:ztcpsvolufyxc7jvmn7ftcdm	4.21646420336404	1.51519268314166
did:plc:ztjyazqfcuy4pt5fbfdalxcl	3.43954962995233	1.69466035622811
did:plc:ztpld3x6akpdhmnxukndu3ye	3.76674245690145	1.61305553806121
did:plc:ztpvqa6aidobgteuyyiph5es	3.04404999059096	1.69835728635891
did:plc:ztr5ufasajkgoopdqgt7l3dm	4.32021993905477	1.38264645941626
did:plc:ztre6losirvfu5tnn3yoewp4	3.71460198032043	0.580773887568179
did:plc:ztvxk6yiigeu24q44q5mgjlj	3.51188675385477	1.59616098690241
did:plc:zuc5sa7rjbcsncq65mq4kunn	4.46395727331122	1.43783791593723
did:plc:zucxqogaydmu7gdsueg2tedb	4.07499149011057	1.56073060955065
did:plc:zunnhim6q7mabyudxddlky7p	3.02678508135936	1.64504056135869
did:plc:zuuwekbztnvaql7yrztvigv7	5.02964338490501	1.10198439566549
did:plc:zuwv5jtfs7snczvlnvc4457u	4.30822698803113	1.48432342357551
did:plc:zvbxksucce6if4e23xgfyfqw	3.63860222004398	1.30186089805334
did:plc:zvgc5ikgjv5gpkopfekaypei	2.69007773942577	1.48918335421006
did:plc:zvlrwcjrcfkr62k6hikfwu2j	3.70199242537458	1.76866193425039
did:plc:zvnobcptqkpcihuew7ucahdw	3.66216528085768	1.68035819987229
did:plc:zvu5eta65y2bijez7wgxhjb5	4.12090838564805	1.81842203962189
did:plc:zvyztpfbujo7yqzsbeyxllkb	3.51019262797112	1.28793024673748
did:plc:zw2rvj5ksfyp6yuvir2ctwlv	3.45389887993276	1.73856869320447
did:plc:zw56pwi7jmr73mxy3vfhl6qi	4.49373101049697	0.925687978116333
did:plc:zwa6pneamufsgkr2upvhaj76	3.48409508087948	1.66270905876817
did:plc:zwbjc4nikoibjal6gejzof46	4.15184538772517	1.21419606835053
did:plc:zwfn5gpojbhxhxj2ytvgbvlk	4.47401337209486	1.57282272035028
did:plc:zwgdxplrrhx3lsy6h6izugws	3.56771470337103	1.53753094268296
did:plc:zwh4fikrld2jyhlpjhn6fxrx	4.63604451769812	1.23539309143147
did:plc:zwhk22cee4bdsj36oeevhtbe	2.80737565755643	1.42545896444371
did:plc:zx2swjpdagem4ec7qvtubgno	4.02654634758514	1.65102392286678
did:plc:zx3vgjyrumtckkw7vxfexdhl	4.10670218337753	1.72198427211236
did:plc:zx5ev72lq25eke5wxy2m5gep	3.95351280633258	1.44055225677967
did:plc:zxhxj6l5vblmr5rkrhdqdbuo	3.66861676423521	1.37048918638074
did:plc:zxhytwtraqeurqkn3jlyaeof	3.0282616024049	1.44870406444718
did:plc:zxitjw2xhed73slv6jvtp4vn	3.83545123618649	1.4089422745955
did:plc:zxjvere2rvpcb6zbaz4qn5p3	3.61144289971935	1.31870383629477
did:plc:zxqg6znowohzuoqfu76cywtp	3.11024263377257	2.01380676413836
did:plc:zxv763f7j6ez2zpccw3wzwwh	3.87312727848015	1.25556128448037
did:plc:zxxkb7xtznhe5idmujsjm33g	3.6439151888461	1.42345560932721
did:plc:zxygc2fpujjx7phynkn5eotj	3.31726056096008	1.55901705753407
did:plc:zxznlze45xqskyt5rfnko2n7	3.4315384372496	1.63702462130197
did:plc:zy2ytzxm4vzbemfmohykb5aw	1.91798603633877	1.24854411091867
did:plc:zy3us27p2cuisk54mpwyljnx	4.68051586929432	1.00591080021027
did:plc:zy4mbzrqth6rjyipedkoz2ft	3.95096111715571	1.3943031111894
did:plc:zy6dx66vnj2udixihts45joj	3.98765164893118	1.29505669253526
did:plc:zy73u4qncrimpubyqj5kyfa7	3.76172741981588	1.74411214050643
did:plc:zyamcy3hszmu6i5vu3fcxthi	4.83664043202273	0.983894767120146
did:plc:zyrupptrzeqa6l42cwletddf	3.46951333460438	1.94667721375281
did:plc:zys3icn5r7d3m476di4ttao6	4.05562742531603	1.41543202798851
did:plc:zytaldtd2diufi66jcxfmiac	3.68481186492156	1.78509652367161
did:plc:zyypngr5mbek22ncrzbw5vzl	4.46131942822377	1.00577004068216
did:plc:zz2cditskh7ybrcvgge23zr3	3.50662836527012	1.24280365983727
did:plc:zz3japwq2wc6khzkzvsajfml	4.44796464631636	1.51313418004922
did:plc:zz5oiisl6qs3zxw6c2kgains	3.30494971342163	1.79783572571038
did:plc:zzaql3ixp65spn7pi7ky7irs	3.04387081808894	1.23517891743555
did:plc:zzbhe2prq7vudc2lcivuljbo	3.41924390882789	1.65348024287467
did:plc:zzeasfy7iebwfqq3sg4kfw2a	3.40322916661427	1.7564501456096
did:plc:zzihiuuaaaq4xxtbmge7wd3x	4.09928439107776	1.25260198240132
did:plc:zzrvhlhvlopzqlmk4bdvddwn	3.59611880169863	1.42402171565553
did:plc:zzy2ph43l6vepbpcxp5zxgas	2.96075751184837	1.4961314821814
