did	meanlog	sdlog
did:plc:222p42fegwhwfyrc3gqam76j	4.91277774596495	0.671391288641894
did:plc:224g3z6pqkn6kpptlrp7abmh	5.02076393053094	1.33022923719785
did:plc:22bnywkvxlx36yvogc5kiy7c	3.56962466815764	1.58011528386598
did:plc:22f6iu6lz6dufn4a2ixqem4o	3.23768974099878	1.45537566180798
did:plc:22gydod3dnrzu3l45tuxs36m	3.82035266075726	1.63467946613843
did:plc:22hbx4swrzrxeucjsk2rco3d	5.7082189812618	1.12971653332912
did:plc:22kdnwgvlauhoqqjw2tgxgsp	3.2891192465287	1.64048877133463
did:plc:22mcr6jv6bvav3tl3omodwkx	3.5925233843359	1.64394621647969
did:plc:22mdjnuelsmmhpb776csg4v7	3.64028434788813	1.43984776535768
did:plc:22n2ne3yqb7paavlsci4c2xe	5.73605178707331	1.19944373904934
did:plc:22n3kyg3gsjwjaxtlynnvl6g	3.68154874620623	1.98744512194518
did:plc:22ohh2btzxycm4sob5xmjjmv	4.58755360941352	1.54143825113976
did:plc:22vtz2aoxuksgivhwklovm57	3.63607868046217	1.50593461938984
did:plc:235c7vrxmzes6d46aandyvik	4.29301644098248	1.59077018261678
did:plc:23ey6vjsanzd6nskuqqwlo7c	5.16374210959065	1.3597889706647
did:plc:23jy4el7rvswcxfkijn4ujn2	3.27389037129941	1.79720804862088
did:plc:23nxbcpghhkwwcv2k3f4dqca	4.16918131187111	1.4218906371439
did:plc:23uebpytyl3u7lvjh46vvuqz	3.26227552377344	1.85291560766514
did:plc:242o4jo3zluj4lr5r5vkh53h	3.5082543568432	1.49669974643855
did:plc:246r3ct3eoap6m72w76sj3xm	3.40872515912258	1.52928768545851
did:plc:247sl4sq45wivab2hwlrlolg	3.63272516253454	1.35504183630053
did:plc:24ikri3vx3ptqpin76rmeinj	4.54253220942012	1.57103003383416
did:plc:24j73p6fbpuevxvh3nykgqll	4.34141277412684	1.54744844667666
did:plc:24l4i72hrqkcodag4fdrndlc	4.64496668728224	1.49644347914029
did:plc:24lznccs66hvqstpg66weaal	4.13702759119322	1.94245907201819
did:plc:24m57q3csulouape7wfk3pmk	3.99819577591749	1.64195307793374
did:plc:24n3cpgsd3eshz6bqe2bjifk	3.58579386900557	1.84241185426003
did:plc:24pkly54a2hlue6vg63jvbqs	4.87102182772305	1.2594668317276
did:plc:24tytnalzvtph72ejw3atwhe	3.60986050324002	1.60503822634083
did:plc:24ufgnknz53nu2rynyce543h	5.06478146892131	1.3002852277064
did:plc:252i4ds5wgoyuhq4457czsd3	3.87384887578067	1.2715148487064
did:plc:254iojqqy66na4q4nhxeq4ei	5.43450195542463	1.06669610315303
did:plc:257fhkstr5bo3lhbyyj2iwh7	3.73958723897532	1.57654011979269
did:plc:25dmdnlysswxo7udousfsrh2	3.81264336533443	1.48763714084354
did:plc:25j63wu3oixknrbo7osrdzud	3.11820595280138	1.44954654032701
did:plc:25k2kpvmsnyhe2opl7ghcysf	4.2523685443659	1.32873118382979
did:plc:25n3n5dzq6h3updujzqdsrmk	3.60847919182175	1.30998514225017
did:plc:25popefrylaelmqtoygjaxgn	5.01619451115679	0.888902964627449
did:plc:25qvgvdqcpmhsbarokccp5r3	4.90498373816128	1.29676330689453
did:plc:25rpmtjpnmohrh63sdkzqjy3	3.79309655048627	1.39897807146387
did:plc:25t5snihmumhzstadncdiwfh	4.54613030951153	1.79141200813188
did:plc:25yuffpjhgoggojet2iyblpv	4.59727195275964	1.6228303307789
did:plc:267qwbqzdyev6kg4nz6gtkte	1.42581034659211	0.80291761201727
did:plc:26aa67pmvfyvi2ovafosfl6g	5.93764707611951	0.824978562642837
did:plc:26b4tgimjo5ayvek2atg6y47	5.1369171725173	1.11305066694213
did:plc:26cjznlx2osyiwkq6yh7qj77	3.30867443876138	1.66372711870002
did:plc:26itlig44xxq2yvug4elr5l6	5.47171146443573	0.950278624721945
did:plc:26jbsa27f62zwek5oyyvdasi	3.55932699043148	1.32935750834912
did:plc:26rlk6s2kofz5gcfvp2vtdto	4.75992476902142	1.3334893939385
did:plc:26ror443pdkzlp3uod3abtti	3.28859595764457	1.43101891728828
did:plc:26sqpljbaiepw3chqojsm436	4.95418433221881	1.46069442116237
did:plc:26tu5yhkf5lvqb2rjifzpwna	3.82230887973175	1.5538514791332
did:plc:26vvpwnr2kw6mqdnbhwrhew7	4.00858140723185	1.25631113918824
did:plc:26znclebzervjmifc4cpf3ko	3.57778051765449	1.46577393181135
did:plc:273ri6bemptk6fajr2hxtcgl	3.01943957383697	1.5828839934205
did:plc:27fsy52tvvb2qojbjjtnfzwn	3.59252810369338	1.75399678668288
did:plc:27jbxowxyyh4io5ytlmbagqs	4.91259499627239	1.66671329882344
did:plc:27o7mpdjg4jiwi4xlhcjkjge	2.66575504047491	0.456709994465294
did:plc:27ro3tyhwxzzepnydepaww7f	4.87148548017837	1.34820083667484
did:plc:27ubsu4he5mkx6owfsdogxzq	3.62960273854001	1.35866166513999
did:plc:27uetpeuloq3mm4ajbz4emal	4.49439360400374	1.84962736513269
did:plc:27ynjnbos35i76bn7am3hgdq	3.79870958374993	0.21496375912684
did:plc:27zro4vnnsft64eidkyrlaip	3.14854530820169	1.76370389308792
did:plc:2advgx5oq56z3zqkduksp6cg	3.99998899026505	1.52469530352501
did:plc:2ae5dwsiobb6s5muz3wjon3d	4.52983288103738	1.73322243318752
did:plc:2aep3sumlvsc5wky3zjdx35j	4.01952675133732	1.63832745565281
did:plc:2afbuhgannpy4ta3wzsucuzy	4.25068578370166	1.47802188398614
did:plc:2anjl7gjjtowshm2cunesguk	4.85722420987908	0.902790171973824
did:plc:2attcjf5o7ynxro7zvlxgj6m	3.6811371833641	2.05129234081925
did:plc:2av55ptzn27bmvoxbgwtpkir	4.64951789825767	1.25302226270027
did:plc:2avnozkktsqvlt2lqgdmxuwe	4.39387956016499	1.82318027194627
did:plc:2avzeqgxez7qsvs2bc7f7kng	5.08414304761079	1.06473330034411
did:plc:2bbpdbgxgvxxgxqomctgr3fo	4.15585783781367	2.27848996727206
did:plc:2beg46oln3jycgaomm6xdphb	4.47666161801972	1.66841808434755
did:plc:2bf3gs2j35c2c3swknkcs47h	5.29089464631948	1.18445332856842
did:plc:2brgqoi5opfk57t2yp74xdfm	3.42066755827835	1.21711609801466
did:plc:2buxbc55fzqynjigks4t6r7c	4.96248194568111	1.23359007209154
did:plc:2c54s5gfttam7oumcdkkopbu	3.1253965900097	1.8455051556092
did:plc:2c7bghf63bxbnv4vapfikvon	3.21587808162204	1.49248722233766
did:plc:2cbrptpb7scflfg7fmly7hc2	5.12730499346393	1.1258804647395
did:plc:2chlp7fizcfmcsoel4sx7bso	3.80116464708902	1.43982446451156
did:plc:2cpas35btsid7k2cbdqaqo2s	2.95595699924394	1.54329504533664
did:plc:2crmaewu37d56wql7vgdcevj	5.36157118136365	1.09627733388345
did:plc:2czc2uzlezxe44p3cvkyb2sk	5.22800191141465	1.12378027726737
did:plc:2d7m26cxytob7gdxqolm7m4p	3.83880773530319	1.32022347671075
did:plc:2dfjqevzwgoy3cwhc4pfy2ll	5.31350788160331	1.06077304750124
did:plc:2dgrcnjtw5sutdrmnergudpv	5.073097648073	1.24930161602877
did:plc:2dlqcm4lun3wld4r4ineibiy	3.80045963978536	1.48651142912729
did:plc:2dn3qlt7sfyqawwtlpapamiz	4.00573269859906	1.51387288587566
did:plc:2dq2mblge6ecemgejg7g3hzv	5.87232780814971	0.915595769582483
did:plc:2dxctqdz2klhxhbfjz4u5hpw	3.48120412617861	1.4880156867742
did:plc:2dzkk2hdxz5as4izwsxanufs	3.31022908349905	1.5152229335465
did:plc:2e343uyjnh5tdpredanrgww2	3.11763449298858	1.58282591821074
did:plc:2e7qpguxwpcqaoo6ssqg3al6	4.06775847920271	1.4252811307156
did:plc:2ebgm3s2nlubrvlxaryscur5	3.53386346670597	1.49218930426236
did:plc:2ebzd33hp2r7rws4rl4rizfl	4.70620222630147	1.36949240922458
did:plc:2eegkwmvhl3eoqwefjp67ju3	4.25687493071684	1.61129623780577
did:plc:2efvt4fmmve3ehm4qnwswdyk	3.97349054230266	1.42435587194755
did:plc:2ejgrwwof6lroqkwu7tnouwr	4.5608043095194	1.6875714693608
did:plc:2ek7jshkhaa5bfq44g7cbvp2	4.0277748434897	1.49235085740561
did:plc:2elvygwfwp4ri3dgwvv3ggqx	1.91714173091497	0.729272363671858
did:plc:2eoomozriitwumt6smtcqa2h	3.55958022737288	1.97535622555446
did:plc:2eqnsjxylmldncrtlkq5jxrs	4.61594795606561	1.36384936168008
did:plc:2ewgx2bxqzn4dqumezb65jxn	4.58575655107817	1.27459187583191
did:plc:2ezv6ztsoeyqs5l2xhvzd2dh	4.32854971678518	1.39712653612235
did:plc:2f2log6tnqscbgptskh76563	3.106304500346	1.6341353544167
did:plc:2f7w7ptuiog7eysvxulgbdxq	3.87042187599435	1.04530077539502
did:plc:2fbvsk5ymmr5gdvib4k4p6qv	4.71874384867668	1.17054902799301
did:plc:2fcmwst77fmtidu62kpdxncm	3.3289555377202	1.3497883328844
did:plc:2fd467ahskqs3pnphptmzjmj	3.01887670123862	1.09742132713576
did:plc:2ff2kfq6rqp4ormgcguqg3cy	2.90730362591001	1.73206183163732
did:plc:2ffkp7r5ciraavul4j7rczbk	4.99448205099216	1.44945151509613
did:plc:2fgf2qk7gacdqfs75i62zr6u	4.5425067181297	1.68091812335177
did:plc:2fgqhri2c2nd7aqgwuj7jfzc	4.34023542223617	1.24094528652153
did:plc:2fj5hra2byrymuod3mq73bwb	4.73443693288448	1.05716886779537
did:plc:2fviqj4tvd4t67oy6zyoy65h	3.56293266809685	1.73215914789252
did:plc:2fw7q6jn2xhlfbdqmmo6twtx	3.60593386082711	1.5411832846055
did:plc:2fwnhktzv3dlq4qmbjsh5pdv	4.81110304672462	1.31876982268971
did:plc:2fxlvgpnb3xjmhphskxucphy	4.66081952264741	1.46810970138274
did:plc:2g3l7jay6cigicnpy5nqdfdn	3.76961719772729	1.67090628120383
did:plc:2g3pfyotoxqsycz3md4pnzno	4.22708338924628	1.430085869805
did:plc:2gartapziw3x6vpjcn4i454x	3.18116045886654	1.2515947765536
did:plc:2gbpbi53yjpvmmstcqesuuxv	4.64814442626617	1.25426719907892
did:plc:2gdsjbfkifm7cqrdrl3vgq3l	4.71544457075472	1.56276394109897
did:plc:2gfofai2nyepo3p7tirjcjah	3.88750078099918	1.79391125432033
did:plc:2ghgjkqszaib33i32ou4z5td	5.55126131813637	0.875567875246442
did:plc:2gicdtko4bi6dmoml2uomwry	4.68428645394438	1.49444802895618
did:plc:2gnl2cbrvcw3uq77cb7oh3fd	4.43231256176418	1.56003865434523
did:plc:2gsvoqlgedtaffo5zbe676h4	5.19649347251422	1.24375420061696
did:plc:2gt4kiumm3syz74t2io7adb6	3.16198999300855	1.52486594951196
did:plc:2gwdf2kxnkzywp22csgve6rw	3.92214133370396	1.30095268363431
did:plc:2gwrcyiw5ubwu4ksh22rd2tg	3.3596000826149	1.16949266577107
did:plc:2gx64bmhmdca2ep6nzx6ehs2	4.75587598748018	1.67369081048122
did:plc:2gx7pbsuhdlyn6etj62mwm4t	4.07982142484989	1.21113015109014
did:plc:2h4jcff7dv4is2pxkfxlosjm	5.02933802648055	1.46659820263228
did:plc:2h5csgcobpdcufeqj3fnabaz	3.91974730805003	1.10584099397196
did:plc:2hc5icgostmuehyidlp5xy2c	4.18165367379878	1.50683787652899
did:plc:2hh2hl5ojh75mdiunk5kggib	3.69742412330661	1.2372974104217
did:plc:2hh34xxg2iegymjuppoupw4p	4.02549867975794	1.71803641947691
did:plc:2hjcu342ihcdqk7dw3jityuy	3.88620638182267	1.25501381151449
did:plc:2hpugxpcydtrmgltrdcb6vxj	4.79363372793208	1.57707020452788
did:plc:2ht7rttw7weni7e3zurbqq5j	3.6984007502989	1.43874504853808
did:plc:2htqkffl4ikjwnos55fq2veu	3.95582972723288	1.81139620617693
did:plc:2htswvwsj3w7etdhylxpa3u3	4.62677722889854	1.37889264240882
did:plc:2hv4houd7pv7i47ftj5in3sp	3.93836623654401	1.31671057863243
did:plc:2i45xy7rpjfgzsmpdnpz6n7r	4.04327412609965	1.42426966440039
did:plc:2i5caesn7j464jblkdb36wut	2.30600504494148	1.47584981763172
did:plc:2i6d4vzifhowgaymi7jijk37	3.78778280293347	1.32520099528313
did:plc:2iffb6bkoemfluztzoys5v7x	5.04385477676899	0.892648739683794
did:plc:2ihtvpdyiocqgpnxchm7q4k5	3.61706848552614	1.27823746376516
did:plc:2ijnhxcorzj6empyhk4kuewm	4.37462666564411	1.6895655305264
did:plc:2ioyvaj3uwdszqiubdwvkqjj	5.89348395349627	1.10485985902064
did:plc:2iqjqodi2g5xhlosgkh4hfvu	3.45203907703456	1.1732705333831
did:plc:2irnmau3oep6jtabkp4d6kmf	3.40118187318097	1.8624826441779
did:plc:2isj36t2wimesiixwuytu7zy	3.05010985551955	1.755065226101
did:plc:2ispxok5ls4mytj4asn6yiu3	3.26305516345559	1.49412671766389
did:plc:2itflyvmn7obcigpojsnfnd7	3.18680138924388	1.96197884354838
did:plc:2iu6uwgnsdyjoo2g3l6idn6l	4.39646032173963	1.33557111420913
did:plc:2j2l6b4t6vnzbiubt7wfva2a	2.88934053116255	1.78352815967006
did:plc:2j7yh4reb36ouvuycscpak4u	4.11220332216035	1.37683548599746
did:plc:2jfgmzd2p3v7sh36sci5r4ll	3.72515957616065	1.1314033005515
did:plc:2jsucm6inori7znglzgyetpc	4.13598803551427	1.6174856170136
did:plc:2k3t4vcsfy5srfnrwx4ppnit	4.14909742113725	1.06111750498619
did:plc:2kfv6tywlydqsnx3pyryer3q	4.27061087222313	1.76900145201088
did:plc:2kmtincarzuziux34zv4bvuf	4.42641024571091	1.53173924377998
did:plc:2kogxqy76lxra25vrodftwmc	3.42155459448423	1.32280523695561
did:plc:2kumoimulbtpqov24mtr37gn	2.93932758395146	1.82845504543289
did:plc:2l5bsihyjkec6sl3ccrtavjt	4.12281339637649	1.34900834331214
did:plc:2l5ibesuj6pwyhb5a33egqg6	4.333578070274	1.42338486963592
did:plc:2lbm5igdejf7aefeungwfzz3	4.47709195476249	1.460647404148
did:plc:2lgnmatg77obvwxi2o5wy232	5.61287666966076	0.891017559264328
did:plc:2liguskcjcn7lwnoaifwtdah	4.35464756866233	1.25091256665171
did:plc:2liqgt6daxlznjhmtkats4ux	2.70441174371679	1.2781047341648
did:plc:2lmnfgiu544762qujepjjmgf	3.94295244714848	1.83857489548052
did:plc:2loa7wj6o7tm6hv26eggsgwl	3.56362716159549	1.65574446491825
did:plc:2lxhwvsmv226el4vxozz3cmm	2.93047189305229	1.2330862586619
did:plc:2m6j2vcgzdrwszsmo3ql3pq4	3.72577633216522	1.30509163836884
did:plc:2m6offgvpj2gxu3x5kjpyern	5.31206909247756	0.932675358665286
did:plc:2mko65hhjc4uy6s6s5txg3mb	2.83854515751816	1.17049989805573
did:plc:2mpictyswq4ajngxvv5reg5e	3.4251857458459	1.62186714687473
did:plc:2mq5hnsbezqojqospxbglmj3	4.28630603811278	1.4252946153431
did:plc:2mqejch5uwiltjl3et63neox	5.21218373854785	0.999265141178291
did:plc:2mquuhmpincad2h5xnqxn4nh	4.64627033944102	1.37062353379584
did:plc:2ms4fizrizxpsezau7xebw6v	3.60620625485065	1.44907370074532
did:plc:2myhgxtth72xs7vwrdfhvtln	3.94686386228257	1.81679802883703
did:plc:2myzmhifokgtmk3tazbqs6gy	3.53473546564674	1.91695021985254
did:plc:2ncdr4cyfxgn7jn2rlubmdmx	3.20205265519758	2.07318920941781
did:plc:2nl4zuay7snn3uad4y4dfvtm	3.88011115689368	1.3239414121046
did:plc:2nrf7vnfkeq4gwjwxupslvjr	4.58117945251857	1.17234194996602
did:plc:2nsf2k3tmafqsra6zycticpe	3.71285753931025	1.69743705270834
did:plc:2num335qkt4efjdgz3p5rg46	2.94347590027181	1.3563206825469
did:plc:2nyamksuqes3d62fcwnw26re	3.35629897705147	1.75067677477879
did:plc:2o2ibf6n4lo5he3iebkr7qa6	3.10008213946763	1.54239685088744
did:plc:2o3rr4k5jeib2nqvyt6owell	2.04639392853794	0.86871866020856
did:plc:2obxzzsqqkyb6edpceguf2uj	3.84347673942144	1.38562984022619
did:plc:2oqtcdn6r6cazu5ghdezh3fm	3.993223707878	1.26027962128087
did:plc:2oscoztkcbxbu2ke3xymhlho	3.98352881671887	1.4637448377301
did:plc:2osjri4buye5jhxwq2bwhhyr	4.07652118543801	1.25219221842526
did:plc:2oz5hg52fdsh4oolaq24a4r6	6.29802015385167	1.17078953332045
did:plc:2p3ve37qdu5ur3yyb2dw4eyh	4.24658536852052	1.40776184327923
did:plc:2p7nmxleeftldgo3bmdaexgd	4.43988791225269	1.32481123734535
did:plc:2paavgbqf5a5jrmv7ph2m3qq	4.57185882908385	1.59050595417719
did:plc:2pcln2ilny4kfedseyno2rnw	4.61777208407364	1.02879995492487
did:plc:2phxvksrhff46qi3whfcbhez	2.64727274738272	1.53397804686724
did:plc:2pjlmrekawiej5h67opegzqo	4.35245460427255	1.63606491444266
did:plc:2pkkivsvjs3aajn4pcjgdilw	4.09673898052987	1.4833473961835
did:plc:2ptu2gq5sotohzsknlcl7vlf	3.74834492039973	1.42533366610742
did:plc:2pu2tljl5jflupr33cfc5tso	5.15950221816541	1.4597291124571
did:plc:2puubtec3ryadwwqar2wnykz	3.46646847255783	1.49536890435306
did:plc:2pwmyfn4vd2mhwvc426hprh4	4.2571651722769	1.56130112757095
did:plc:2pxxhwp2j3dybqa3mvyv6mwt	3.5349813976187	1.61143138936129
did:plc:2q463himb7wrzflhayb6hhmk	4.61338046069352	1.7336440334534
did:plc:2q4hsert5ztl5i4enij4l7ez	4.60939833540566	1.35044157849679
did:plc:2q4wefeps6fcif4vk3hxyjrh	3.33094055557537	1.72473880372882
did:plc:2q6vpkormu5znvkara52j2ua	3.73046822572051	1.31686095229599
did:plc:2q7pjljhupi33gzyjub3ljph	3.41764098648075	0.446126903468354
did:plc:2q7qgbzki6hrvltjw5dx2k2t	3.42966256537363	1.60581216831752
did:plc:2qim23w74tu4vkbja6qgvnvs	4.22382425896637	1.47455331417982
did:plc:2qk53wybprlbhoflvrjrl5a2	4.88904286509842	0.909287685445472
did:plc:2qoia5axc5ukmbpiz6h722q2	3.16934766923476	2.03113425670315
did:plc:2qp3mjjik36rqjyibni3y6le	3.7390194050558	1.64836460683573
did:plc:2qvaarx5ns23iib2ogiulhzw	4.73106517624626	1.20587373120423
did:plc:2r3zrwtacpzag5fdlsonpdrz	3.14610685253741	1.31187454732448
did:plc:2r4rjkmuervrswy5vqloufbe	3.64326194177347	1.51981571545395
did:plc:2rgeawuldl5noqtbvo5qdknv	3.27160698661898	1.72161731655216
did:plc:2rgsjr4a3lh4hke5whlovbxr	3.43786406108313	1.67831111041529
did:plc:2rlmnb3ortyxx4x7rh2sphck	5.7749031386337	0.736571427397508
did:plc:2rndr2tv5j5vj45yg373jngv	2.74557289474588	1.52291203975676
did:plc:2roy4gbwniupgotopuhxe6qk	3.4365986634928	2.06918527321274
did:plc:2rudo3djpmmfq4kb7zqjw6vz	3.46236858926883	1.56598329916776
did:plc:2s4447qtlhaa2qofzfh42dxi	4.1936717641846	1.465256259543
did:plc:2sd75kuin3q7teiobjxmlyqw	3.81419684760158	1.55841960693406
did:plc:2semfkelqvj3dzbz7lx2bews	3.67171385473921	1.46452497492722
did:plc:2sgge3nuuni5lf3gurtfou5w	5.38090549289406	1.31437877148668
did:plc:2sh6zkj6hhrpx5ywfxqw7efx	5.22080771602778	1.71797187299505
did:plc:2sjcw33ledfaudhx6j6gkkdu	4.03920497605072	1.31009742795724
did:plc:2so4z6j3n2cdrnjfearjt3vb	4.56994864155451	1.2827739659061
did:plc:2sohfhk6hk7etxkftnyy5wuy	4.30938042482655	1.44154192714085
did:plc:2sr5c3qldgoxozxgkzp7omh7	3.38498251729143	1.54001138330325
did:plc:2sr5vgzpysazm6yug57nyvaa	3.0896356881164	1.53569220907158
did:plc:2sra5zzadka63y6haojbo74a	4.57532697996767	1.39567381581944
did:plc:2ssr7e6f2oqmb5sojptlj3ui	4.88621428429716	0.900330539270746
did:plc:2st62cdlxxtlqrny4mnhbxqn	4.59775521405864	1.3053909007689
did:plc:2svvgcfimwh2fyrhqticz5i4	4.95597806547893	1.31641246662827
did:plc:2t7vjge3fdr462yqkhlgpecz	5.44085771817132	1.51287771777853
did:plc:2tdpixlomg4d4nu6e5ebxhtl	3.29802968167496	1.23731773069553
did:plc:2tgobu63wyzs6szckyxtwqbt	4.58648104012748	1.24691526699967
did:plc:2tibflqc66s54ydap4u6mozq	3.98266399019508	1.53988334572272
did:plc:2tiz6smelz6njio33k7t4bhf	4.22841578132303	1.58246189837621
did:plc:2txjcfagk5nfb6dwdts4mw5w	4.23823754718121	1.50001433510992
did:plc:2u5bnnc2kivmri6z5cjzbiab	3.62718026199264	1.66192089883082
did:plc:2u5xvavk6fe27tndrff7bblc	4.09712170838038	1.26868281858034
did:plc:2u7a55vluqidzu6aljxjakns	4.7791809732695	1.4241871323693
did:plc:2uldkxacpysdg6ueitaxhqmk	2.95353636169762	1.72891172635465
did:plc:2ulvrigyptjau33dfri73r2u	3.27678575268085	1.51600687640127
did:plc:2unmklrliw2t6n2jew4m3lgr	3.26957608181243	1.96377447571409
did:plc:2uufoomrmh6v2usj55milftj	3.74075360062905	1.7968104223166
did:plc:2uuqk4ljj5btqlovubqv3i2t	5.00282602942323	0.827894007128663
did:plc:2uvdlktc35le7nqmqfwba6iz	3.86596854477381	1.58584047920794
did:plc:2vog3stmfhedwmdzqoghkmyv	3.61928427780537	2.16631313752049
did:plc:2vptxuojvyrt2wpj2lpdyfxx	4.90084857135881	1.16845379969838
did:plc:2vukfzljtvnlci4pupnlczle	3.68617715205468	1.1357853074036
did:plc:2vvjalbkzwgswqndwyqckvlm	3.90287095172976	1.31047850130427
did:plc:2vvtcoe42kc5k7h7yxy6rklt	3.48306380587818	1.72409425790558
did:plc:2vwehojlrljgtg7o4526ktxu	4.88499441681355	1.42889835561586
did:plc:2w3hcdrlwvfvoigcor6atnla	3.87539292488622	1.2137096605193
did:plc:2w7amvgp3fsesvt6v2wcwfxn	4.8174982637199	1.16727862887724
did:plc:2wfu6jf76ylrfzbvnbhhnvno	3.00076046258646	1.39507884126979
did:plc:2wjhf2fuopnnftewnrjwe6br	3.20707949687715	1.57175695950345
did:plc:2wo6x7ij2q22tl4jfwbkd2kz	5.15770753496769	0.791363460793803
did:plc:2wonzl2ssu56w3o2ixficzot	3.86287113446012	1.28859636255724
did:plc:2wouc7kdkpfchqc76sqwbotw	2.86988963456412	1.71578573174198
did:plc:2wpiapofrrrynlkz6ug6sdhf	2.68857819001132	1.50513108085942
did:plc:2wps7in6kymc5enuf2r3vkcc	4.12519466489469	1.44041277964006
did:plc:2x3b2fw7xt3a2b6e3gjdecri	3.2444593137374	1.92169719980418
did:plc:2x5ru3omkokupnu4iuoiwa5r	3.13631694536032	1.81116497828008
did:plc:2xb72ethft2tdyvbyhsmfi4m	4.55849820296102	1.66920307316432
did:plc:2xcwqn7hvtlrl2okhmmxzoup	3.82056268543536	1.46383240153743
did:plc:2xe3tvuuyjnbxmnvsvm47j25	4.15523234667055	1.63335199425974
did:plc:2xealz53gr2suszzagjtg2bl	4.23274897569715	1.52007703681639
did:plc:2xfqqyntryx3vh2ekasq2vz6	3.83419224644084	1.42013233473203
did:plc:2xiuqenbqycsr5gekqs3mbge	3.78246565885463	1.5403599445484
did:plc:2xjikvf6efhpkjkbkbeddj3f	5.19661650865148	1.08355192661102
did:plc:2xjzjfqxdbk3klxqdzeqpi23	3.00794187948749	1.90872540302087
did:plc:2xovxa5ytltwv2a425uv3sja	4.95468872893992	1.57414044143034
did:plc:2xq2aixbor5khrj5qs2mjid2	4.05820518688179	1.0416757244313
did:plc:2xs3xtfygqj6qafjczh6tnxw	4.3548002063018	1.49103084675863
did:plc:2xusvs3qt6oxdgp6bcc56ew4	3.11617121849798	1.49180633349501
did:plc:2xw2qkhnpbpliei4pytaotq5	3.88304500475032	1.42170643476011
did:plc:2y2obwc3k22lr6fi7od3edo3	5.18798170898215	0.771441100403986
did:plc:2yavphiaarde5ktjtyy3htp2	3.7359124910291	1.48147043177933
did:plc:2ybvwirqtruyhsejd2hlxfpe	5.63603762844224	1.01897792116235
did:plc:2yfd6xdhmpumonwvoogqg6yz	5.23104557983552	1.50809541286788
did:plc:2ymblqktgcq3vwa7xfch7r2c	5.22100586278129	1.11036275580335
did:plc:2ynmmexeztagv3sei3guluit	4.49269233404727	1.8864363598295
did:plc:2yqky5ov6y7c7kemzofyp2s3	3.7526156512816	1.57558381268863
did:plc:2yxeihtovmlfh53hhyt7nw7g	4.97615437804029	1.66004315631883
did:plc:2yz7qstithn54kkyhvfigsn4	4.17417440640865	1.34548602665058
did:plc:2yzo6chqxstfqwpl2eenb7o7	4.01140269600662	1.57671172010653
did:plc:2z5aaukchsnlcrzyd3pselzt	3.35203661450972	1.17523839661537
did:plc:2z5hwf6ak7pjzwnwq6u2ufat	3.5431697539088	1.38967114000861
did:plc:2z5obyrditjanmfdwbsacdsh	3.40067579586508	1.94764845698893
did:plc:2z6gewczl4uoo4wgy6jbybkd	5.14721871709001	1.03202063722366
did:plc:2zclk4k7tjecz7wv2ef6nzi7	5.41141699704167	0.720019384962463
did:plc:2zd7nours5hxunvqxmrleh22	4.11497287499143	1.4199797364769
did:plc:2zjrpaj3lyiceltei3xhq6bt	4.07112729900059	1.48707486772232
did:plc:2zmobazhcqhdddtqkfquakbv	3.67748280701417	1.41415473356937
did:plc:2znk7w7c2fvyvnm7y57erqhi	2.60247241453096	1.6671599163432
did:plc:2zqrh4jm7tzt62a5kmgfbnbv	4.30698229188406	1.13530590752277
did:plc:2zqtteauhts5m5kvloiqqb5c	5.62664098254405	1.01917653099811
did:plc:2zrdhosoamj3kqukbeqlmuse	2.97959234283513	1.48656396329827
did:plc:2zsdb6jbgcujd6ykjvho4rlh	4.24058604065308	1.5559744398402
did:plc:323547cskcrt7l2aej5mlqvj	2.52770285483415	0.656588222235855
did:plc:327s3zsdrnzcqhbt67xc4hmt	4.48451630909093	0.848891530038555
did:plc:32agqahdc5ydad5t67bljjvm	4.6506961055632	1.63395854139289
did:plc:32fbthdpfm3rqz74fq6oubb3	4.072449407401	1.39048112103063
did:plc:32ixpm7ccbsoz6a25b5bzog5	3.67854546925843	1.69861849497915
did:plc:32kbhxloljqlp3bowmsul5gt	4.20280804360903	1.78992655076069
did:plc:32ksjw65wdddb2qlzshxmog5	4.48357422166358	1.41988086010043
did:plc:32r7jamdxu2eo3wtzp4eysvw	3.13313436760487	1.23483536196601
did:plc:32z37qwahoiid6apdn42b27t	4.13793389410016	1.39560360627674
did:plc:33kr3h7ufqtyu24b5gomhq3v	5.28085193102086	1.38232221274344
did:plc:33s45vqluvh7pddgtc2ehqzj	4.83945684893769	0.990928071469273
did:plc:33xrbnu6qvuwb3fzxbnxvaau	4.35553715169322	1.68024484158271
did:plc:342narogapqhuovmesybn6o4	4.86647865013361	1.37478441501956
did:plc:34ccxppjqty4snne3f6sdhuh	2.98470814961411	1.34617597587515
did:plc:34e4csxdftyshvqb7fanqrpb	3.35804689352974	1.56468451821967
did:plc:34iclhkxlgyzjdhleccsc3lr	2.3903999853527	1.3075813836485
did:plc:34j5pf34x77gzx6iotq6yiae	3.67504029050045	1.41662358342637
did:plc:354gc4j6ru2yuxkxc4szu3bj	4.6369042950856	1.370211069907
did:plc:355ajandtdzkot5vboahjdp4	5.53056004093457	1.12607587098958
did:plc:35ap5t5etr2nsbu7bemhspgx	3.22469291164995	1.60760326694397
did:plc:35dw4y7njzquujbvljcdofr5	4.21177825344397	2.01097237372736
did:plc:35eda6um4kjriapmj2k54dlc	4.99577772284877	1.01201745179995
did:plc:35l43xgxdjsjra5lyvc7xbnz	3.41316463697987	1.82799475092436
did:plc:35ln6ose7ddvp7tlczimw6yq	4.0416160315546	1.51113921321863
did:plc:35vdoy4n6rjewszqcmbnmw2h	3.62858855706904	1.77957199196316
did:plc:35wttgdzwzpjj254cpdeo6lf	3.5813695299142	1.45637777399379
did:plc:362zpdyzmgero2du5mmpnlc7	3.17032530132587	2.05366739432082
did:plc:3653nwz7tsxwa5xj32r6fq72	5.10742228399761	1.43347424811049
did:plc:365jw7yfxkx5opjkbqjqzty3	4.81238256694958	1.23551215680594
did:plc:36et2rbxuauemnevqhyswzph	3.32495436210292	0.463857989012143
did:plc:36i36loy2lnbggtf6hu44sca	5.06704145673865	1.11793542510975
did:plc:36ka23nbzyqlx4ogs437qctd	5.43703456667835	1.5119894449172
did:plc:36pdvlygdnifi3si2gicg4np	3.84119087439339	1.591620514254
did:plc:374qvz7cmveb55bgsfwlied3	4.89775018802818	1.2149689069106
did:plc:37637gryoiwqmbrtgsttsx3z	3.00836109232599	1.57634186312292
did:plc:37dqe4lggastzezwosgaadz3	5.41747727471408	1.10396938714039
did:plc:37dt5v34uqjgl6r5oppzldwv	4.79191480658109	1.30735635891065
did:plc:37jrxmyzakz363xcccmmqx6j	4.04427827818253	1.34703758870261
did:plc:37lkpyxed45ygc6mlynj3v3h	3.74551651325648	1.4822166558753
did:plc:37r5wd2ntsyjhzwsttyxhyrt	3.80267365607659	1.38745407783167
did:plc:37vlyutujr3j6cvbxij6bfdx	3.120485472979	1.41169283231398
did:plc:3a4du4vwzfqebuxid2tfmj3k	4.36969646772559	1.4988282323336
did:plc:3a4e5fnaczu7gbvl27h5cn3s	3.40603011280607	1.34647228838909
did:plc:3aa6fcab2ev54eydxzxqpdhn	4.16768348232034	1.6927090181078
did:plc:3acxibwubxnrbttthhpaz4bp	3.8450914823906	1.13281359440211
did:plc:3akaznj7atluwr4l22l2c4zb	4.78942979880404	1.63121857026119
did:plc:3ame4dbp2t74qbtkdjg6uyig	3.24096853401426	1.6520049508359
did:plc:3amm723uiqrtek6n4zq3lgpa	3.53633249418825	1.36813554831393
did:plc:3anjttldm6eukphp7mmvh6ha	3.98911365225795	1.48259270083429
did:plc:3aqginvlqozpbzis2meufp5a	3.37594029700456	2.19992613703241
did:plc:3aqu6wvy57mkcuxln36rw2so	3.69752261852686	1.70312347209762
did:plc:3avibsnk4xcbhwreihu27xkn	3.74070340014616	1.62032144906231
did:plc:3avlboqxaxioefznszw7z7sw	6.05282109172869	0.762029541381152
did:plc:3b2hnq6y6runybs2yfxf43uz	3.97770385570802	1.50411674171353
did:plc:3b42lcuughti5zvg2xp62efs	2.94976265547174	1.43759437068876
did:plc:3b4e65odnaqnsgaxshbbstn4	5.0445645226191	1.33351706320445
did:plc:3b5fmrvtmgkuoovx6mwxrz2k	3.51927111979071	1.51027238344871
did:plc:3b5hkax6hdg4lq4q54gqqk6r	3.67416819597828	1.75621568425629
did:plc:3bcnvg5je7l26gcnqv6j45ka	4.00456138130916	1.57948534465071
did:plc:3bgslebqbfl3gs22o2fwzcyg	3.94594914653023	1.45541796094129
did:plc:3bonq6mcv46r2xxd2qeta734	3.03615752219912	1.85110045498492
did:plc:3bshacwdfcosrfmmftuecmmm	4.2219517762771	1.29922984406482
did:plc:3bwgyetocip3x75jfcjbniv6	3.52599441621656	1.14336475211038
did:plc:3bzuirrail7qdqlqeo425p6t	5.84619810078157	1.1934866515386
did:plc:3c32rkdtncyshht5xnrt23zj	5.48089403662575	0.975400293736804
did:plc:3c5jg4gg55vvmlqzmj7f2euk	3.86424897965521	1.39903089775113
did:plc:3cby43komfgragmkwq2rywqg	3.91676147730977	1.66572272287985
did:plc:3cd6nfz2b3fmpd33digihfcn	3.12697585532254	1.69379735391567
did:plc:3ce7k7wa55k5vqq26m5e6v5j	5.78805776549065	1.12930078622146
did:plc:3cgqhiuygvzkkckdx4jada3v	4.40081275631105	1.37259165071501
did:plc:3cgsb5fynpqq2qgzhy5aakdb	5.11764991631362	1.4499761328023
did:plc:3cjaunjqu6372fq6bczsr6ip	1.91421872898487	0.587939652807374
did:plc:3clxlcxcsnta7k6pmtfz4tls	3.28855405331172	1.91729206648051
did:plc:3crqqjrz6ofbtfofexcwhzc6	4.24153112391434	1.41138725683981
did:plc:3csht6dxlzzr4dirieb4ugu2	3.46534121708123	1.72473732045327
did:plc:3csrbyii6g2kgvtq5xrf6akq	3.29634569856189	1.76688979596766
did:plc:3cujs5ugiewszshi2mlq3brc	4.57751711894053	1.3034548501939
did:plc:3cva3nu35zpqb5cw5up7ewcw	5.49031197802216	1.09900788159667
did:plc:3cwjqkm2wtmitdnu6cxvxa6k	4.0962105004396	1.50418536189392
did:plc:3d6mxbaqphx5zmzhmslrajrd	3.97117902529019	1.68912807139689
did:plc:3dautbfhwajzixhaa2wij7px	4.36584908874044	1.29947334081155
did:plc:3deou37udqb2ck62lfpm6v5q	4.30439664838246	1.37975396443072
did:plc:3dhmnb6vs4mq74vrohzuv3kx	3.32506919105093	1.61455102341642
did:plc:3dmr7xuqgru2oxjyihn2udoz	4.45902319488707	1.28669949672261
did:plc:3dnmspx6ecqmoiyftflswymu	4.25882217597147	1.53365813038717
did:plc:3dnzw2f7owcc5i3fdqn3mghs	3.61506790735284	1.01939719698279
did:plc:3dutjdqcyk7kcrqzbxpit5kk	6.01179746555393	1.13147986145373
did:plc:3dv533emxy7mixsfwg24hevt	4.21759745025189	1.78502787159966
did:plc:3dwcjqq5pfk7j7qod4k5pep2	4.56758399808782	1.42382213433833
did:plc:3dzkogo5qo4vecqdezf46vw5	4.10280751182214	1.15845431476747
did:plc:3e2cj2ig5orqxeys655noypo	3.71038832114888	1.68639349118293
did:plc:3e4dgz6ed7qomaxzksb5khys	3.61601570403852	1.62318841702897
did:plc:3eblqzylnurzomy25uxpw47p	4.62979761469409	1.26489950044909
did:plc:3efgizqqx6osfm27rgcmguyh	3.19953298095643	1.45760915702543
did:plc:3ei2hfrp7xhgyilb6ohoirsb	5.04985759191894	1.24589355191916
did:plc:3eiuald2s342kq5cwvfzg6es	2.64141167192591	1.27147558973464
did:plc:3elc7ornbl7lfrcvhowrg5ky	6.01521196519038	1.28745541805261
did:plc:3eln2iaru2em5nyoahwk7xeq	4.21686607674903	1.63145696833122
did:plc:3eooeqkxdghmx7retpbuwhpl	4.32780167859219	1.62466202876226
did:plc:3euqabvmf4hfqjfmtzq4lgti	4.98767024907539	1.24318008916283
did:plc:3f23rmwrgfne7i5ao6pvvf6o	3.38263265368101	1.87593020280564
did:plc:3f626nfjxtioi5foumjz76xw	5.69821566176026	1.16392742949698
did:plc:3f6abi7qg6b4kf7nhvrusoj3	6.13228882657925	1.0574124098147
did:plc:3fcbu6tv7snwyousvf76jvsj	3.96370055081911	1.49548818856743
did:plc:3fdxhev6owew4bbedfjrvz6i	4.90120122454827	0.958344593113127
did:plc:3fe6bbcvokfdhhuwloldy5no	4.45325617808749	1.59167867082261
did:plc:3fldps3aoisxgkf6naqzgjyl	3.611301143357	1.33453421578375
did:plc:3fma744sjyhfbpdfa2vymmez	3.42461166787685	1.21538669056105
did:plc:3ftxdshkrjf7rpza4vdegh56	3.13669776027629	2.04580998486556
did:plc:3fubhahoedisy2rn4naz2bk7	3.93258386980572	1.60022903250782
did:plc:3fvthx25ekzdw3y6va6dfnzz	3.81085132238932	1.56192709318301
did:plc:3fxqwtszukkhhca2smfthyeb	4.7350385775038	1.30558919385939
did:plc:3gcvmq3px26wcvg25vzytcy7	4.37374257895098	1.28425539871587
did:plc:3gqzdkonc2ykq73fxafrohij	4.01580001956849	1.61465020143334
did:plc:3gsitkqf2jshkqcusz35z66b	5.31287670098452	1.0158635770329
did:plc:3gt3zv27jsu6kxabka6h3hdz	3.04964827853796	1.59818000906548
did:plc:3h53uasc3a6ddi4oeu2rolye	5.4021682361684	1.07392087686147
did:plc:3h5gkzgtomt777rctliaf7c4	3.17170615184726	1.35392340497868
did:plc:3h6ffo32u3276kpphyexdxvk	3.1628201080778	1.39171912053384
did:plc:3hemqxsgvrn2qqejajkvm5sq	4.02638234129881	1.46812124663465
did:plc:3hi357yewzklwk3w243zyolc	2.92013182420209	1.34457688918677
did:plc:3hnfxfs7ypb4pbijb2mjcuyh	5.24056535739537	0.727924692289415
did:plc:3ho5ot7tmaztdbszby3msg5w	3.74479259746963	0.468518477706476
did:plc:3hqruvm3w6pap7tgqej7nbeo	3.5844230824334	1.48623155677818
did:plc:3hvg24jklpdvwhlp6xofnvpe	3.67659260474072	1.58493968264689
did:plc:3hyb4szklbsuuekqzw3h2tq6	4.84543570645435	1.41105700458119
did:plc:3i4niwe67cfoh56ccuf2htsz	4.81719038658316	0.961437918339851
did:plc:3i6zabnitgmi4b4uxsa63tai	4.02492861251409	1.4315408569681
did:plc:3iagg4rmfvmgh6xbut5fx3k6	3.18457744539227	1.21884370970971
did:plc:3ifhy35kq6hyekrvzw2gynek	3.84779406469665	1.72688157080678
did:plc:3ifvhteyst5qt7filktprn5g	2.9070061921168	1.77230885785236
did:plc:3iipcqemvbk22izmdtwi4jpa	3.90689482923897	1.82944765670329
did:plc:3ikpwse6yi2c4glnbmvdw7ws	3.78179756560207	1.44099874371093
did:plc:3ismqs2x6a3fqxhora6pgzi4	5.30495933097403	1.18768478822921
did:plc:3ivgrajukipu5yycptpp6zzv	4.53236136178264	1.40499371705302
did:plc:3jabwfdldhd7nxlcqybobnkh	4.78961071745171	1.0985854505784
did:plc:3jcpdh67pufvxagkohu27qan	3.1147435805815	1.74727600216536
did:plc:3jjotjgz2j5r4dnzkn2hmsxx	4.16714460819857	1.31441069658063
did:plc:3jmnwvsbjebth3ig3lbsonve	4.02353014949104	1.79052642271391
did:plc:3jmzlt7axqav6uoifgqiq3uv	3.71047772564279	1.61189918824787
did:plc:3jqqodwldxze2me36s4rckst	3.79444408017725	1.77878744012097
did:plc:3jt3u2ro3mtibqaadanyfdoh	4.16132196290404	1.59610636895972
did:plc:3jy5zu7cbyf7omq5mcmvo7tz	4.99046338265749	1.30293552699857
did:plc:3k2hnsv5zifmpdqigqp56yqb	2.70172996307873	1.76599654355825
did:plc:3k3y325564gynnkclkp7rxbq	4.5359733700819	1.3003890468409
did:plc:3k7xbviumpzvsb7im3y2ay6p	3.6705300029963	1.84759717071656
did:plc:3kfecrvzz3qzrvyqmi5ci2zk	2.70260701071373	1.1194092390043
did:plc:3kfzdpqtidweoggb6ethrpjg	4.48911419359232	1.19507142831325
did:plc:3km6bw5zqstawy26kwwqvfj2	3.99422152433386	1.31173695298583
did:plc:3krxqwzn6tk2vvsjgcbu73ru	3.7356722383438	1.13404892134192
did:plc:3ks42trkul23oxmxsgn7k253	3.15258813899794	1.60049077938754
did:plc:3kspbce2jzz725b5zgbrlirr	3.32996855523875	1.62654145767547
did:plc:3l2bwvivdwhdjac7gc2sgnyj	5.1418850288545	1.3076587859702
did:plc:3l6kis6atl56cjsk6fhkkfpx	3.40403585989834	1.62748706352091
did:plc:3l74azrq5mtnqddh434unq3v	3.90877435325871	1.2395436669117
did:plc:3lbwp62cg2dl3h2r5vvxjrlc	4.72031702563214	1.28675870326521
did:plc:3llppcvc5y3frseog3lkzmp2	4.44671490913038	1.55856288182122
did:plc:3lne53togzmtkyrkml6l4ykm	4.57546243265337	1.12298167768911
did:plc:3lniyejr2edlw5tzndmogckf	4.80128325963927	1.16418167265328
did:plc:3lout2ydi5fy6pepbpakowry	5.2776252322165	0.864272565495146
did:plc:3lprgoo63y4do5wh26ympmdx	3.92413606567153	1.43052388718347
did:plc:3lwhwcnsah4lqmmyibzpbp5s	3.45028188024887	1.3185239539489
did:plc:3lxy5nkvw5zzyr3bkuxjutdf	5.00645832677314	1.25434482574415
did:plc:3m7lajwg3rmkz4eldo53d3q4	4.24442140691742	1.58745387229395
did:plc:3m7q4qdbohuitjmfv7kuupy5	3.78177446592283	1.69888145920099
did:plc:3mbmkcl7ewoel3ngfxmnovpd	4.16905524261909	1.51481381758567
did:plc:3mch4ja5o4xortsu3tt4ncha	3.21283739048188	1.61860368717913
did:plc:3mf32n7n3p652bdzv3no4nmf	3.7688103165386	1.23114203563363
did:plc:3mgcs5kwldhvdo7ixd3n57es	3.51055253407617	1.8509073550664
did:plc:3mip7bcwziz6nfsw6zllm5cw	3.19985220877387	1.83723238557953
did:plc:3mji3bogoc2ddww6cjdx4ps2	3.86409374573114	1.40353163367015
did:plc:3muooxd7ej6zcfslnrrbt57h	3.81778816654746	1.56604607664486
did:plc:3nj64kjcqa6w2necpxpih2vh	3.4315278702784	1.67033796599394
did:plc:3nk53qpz2clvmcvpzxvuyu5j	3.53373886124497	1.46533857879055
did:plc:3nm2q7vqdgzbchc5lldxpsxc	3.36702050360914	1.85830495645577
did:plc:3nsczs5stjk2pooupsca6htv	3.3149560695448	1.95808355166633
did:plc:3nzgwzxwyrcwqftng4sdmanl	4.05806123814209	1.10200778187798
did:plc:3oakzc53jkiek7ulqe4a2rep	4.57460962883153	1.2896057732364
did:plc:3oarmc6ocq26pne3rbjopitt	4.80422513349532	1.15878153268563
did:plc:3ossu44xfjwh46dsvhtpi3dp	3.23791462528565	1.57746390079221
did:plc:3ouqkzzrfjjmeo4zpjvqkui5	3.71580393231226	1.69288955504326
did:plc:3ovu5rkkvxmbobzqaxjwqwun	2.99543126689085	1.85836277247486
did:plc:3ozfecz2lot3tibxhzniqibc	3.85642980525076	1.32155663992064
did:plc:3p2de5ncmuroxffwmflxg34s	4.98528235854283	1.0132284222244
did:plc:3pbbfbl2wttljbos5vcvoob2	3.33514648195968	1.28496143191911
did:plc:3pbwguskoq5efzi67w3npq2z	4.93483032761029	1.55144485713852
did:plc:3pbxpxm7dixuwkfvxj5xtms5	3.92958920125296	1.26571297753311
did:plc:3pevylkvacdw5cu6yzqussmx	3.58625684639364	1.51609056857929
did:plc:3pfbwgnye7mkezqk2mjddzhq	4.57598803128422	1.59142348596157
did:plc:3pi7fpwlfe2jqnfmcfopy5fr	3.83750764871387	1.46263246153415
did:plc:3pwrp3xxmbh35seiyb4kmljm	4.36159123316172	1.65154873268625
did:plc:3pzmu3havfcbru2fy7tcyzoh	4.3985302170556	1.26644589405392
did:plc:3q3f4x3godcdk7klu3ke6ppq	3.25448832708111	1.24938862239116
did:plc:3q4s3arnsoqj6iocqfwz7rjl	4.64635645814342	1.34121755099582
did:plc:3q4u4gn6a3ayov37di7w7pxh	3.54171124492554	1.63952477701832
did:plc:3qa5pp46ovc5yorjkunwlsp4	3.69548335032769	1.40854509398733
did:plc:3qdfj7bznpko3scesks5ypij	5.43407398747988	1.19270541251918
did:plc:3qoo7mgjmshblbpz5fpcm7e4	4.20203136494723	1.51843485199205
did:plc:3qql2xcidtnzhyrl2tzovybo	5.47827138975806	0.00816586699799051
did:plc:3qsobfo5tpwxszfgp6pygrf4	3.47607585931479	1.62380264919704
did:plc:3r2erz5szidraje3pkuav66l	5.07223378586405	1.52194252693042
did:plc:3r3aipxlcjtlpg6g4vshtwfv	3.35856021129408	1.44381220864505
did:plc:3rddr3lfhbu5pzigmpo4qtvp	2.8758833049567	1.28291408282832
did:plc:3rgkaeswus3uit4yccthesz3	3.90635311235601	1.36843446715506
did:plc:3rjcfjn2lepinoy33oxrodpi	3.50272168255213	1.59110539039242
did:plc:3rmlhhxncqm44q2sail2n7vd	4.69974591069909	1.1977383184087
did:plc:3rnan53ha4ulqirtnx6wughz	5.68705361503346	1.4286803455907
did:plc:3rrtpkk3s7mc7q3vditetc44	4.33204039529587	1.51289462389192
did:plc:3rrxzhrj4zrm5tfhhe7x7fmo	3.77463227339122	1.47707589885492
did:plc:3rwetgu7xycxw2tclghfxrfl	3.12683960374749	1.9255299026661
did:plc:3rxjtppnwsuc7jylftljclol	4.45503207516601	1.44003441317608
did:plc:3rxn2jjejgit7p7zd7tx6pd3	3.72980873358289	1.53823507256281
did:plc:3ry6hrb3epqzbkx3vgwzltgy	2.88743752335946	1.62034680269004
did:plc:3rznictjs6ezk6ehpdjehxse	3.10285868146617	1.41518859460896
did:plc:3s3cva7vdm2y7qx36s7ao7vm	3.78036953836325	1.08289849204637
did:plc:3s4nlzeadkjwjsuz2xo36ndb	3.26681285101711	1.68422334442887
did:plc:3s66bgut3fr55dszdvkyaegm	4.07246117419774	1.38220942819584
did:plc:3s6o6acxzhkceqguntua4flz	4.8115608634255	1.08279699675029
did:plc:3s6zq4yrfjguzknmkhfqsnqk	3.68765588603114	1.87600534468089
did:plc:3sbzafrsjtc7ta56onjbv24r	4.33034521393109	1.16437244089974
did:plc:3sfmykyoy7h4xgofaafefxfq	5.01336597979165	1.00967181647858
did:plc:3sqatlqqpdv3fv6w57qeycsb	3.86355340814536	1.50599985609216
did:plc:3t673wmkwzzli6jrtsufqqxp	4.4673347460738	1.88988893514249
did:plc:3t6opynhxcwshhnhud6r4ctg	3.92935442580518	1.55215259061672
did:plc:3taiuwhli6vlq3rphjr2co5x	3.79328732795289	1.23075914828584
did:plc:3tbsy6q4yyq74fh7dq2qopxd	3.6738338218809	1.3079081298902
did:plc:3tcshfhzbmjrnhh4fctj4aal	3.48105181726209	1.57156964963035
did:plc:3tf5u4thywvozpmzlma53v2j	3.83909438778382	1.28215126241785
did:plc:3tffih3wbhsyfzb6wrut5w6l	2.24140061664268	1.18917850210229
did:plc:3tm4htranb7ggo3uvsqk4ipj	4.1254409534476	1.32127863018195
did:plc:3ttybkbr7jpd4dgiri6n63bb	3.06919580728993	1.93225960409844
did:plc:3tuau4gay5dl5rndxn22wbnt	2.9692337021613	1.79813531152529
did:plc:3tuksexahamzrzdnjglecntw	4.81943013014063	0.905579651202699
did:plc:3tw7mrq4qjo444hlzbjszh7h	4.11391878971536	1.6520836299825
did:plc:3u5ph66flvouwnz6rttruqdb	2.96619992326752	1.55688093349881
did:plc:3uck2lf4c7uq5zekrdhohcfj	3.53984125180066	1.51368341153108
did:plc:3uq7bsnxted3vq5mg5qhmcje	2.98275395539068	1.90138940020651
did:plc:3urzqpn2td3bzozqkcbh3pqx	3.53158229803904	1.71497215147204
did:plc:3uyvxsymzo6eegutjaakbkpj	4.1079266865649	1.57558415303917
did:plc:3v4apvaros2mllnlmvoflhak	3.06404496475229	1.65172260579909
did:plc:3vdvdp3sg3bkrvrggnpoytm7	3.8829142399292	1.5507891140533
did:plc:3vgpaapv33g25zc4iy23taqx	5.43896496538267	1.03925428797185
did:plc:3vjz7behkko4oxk5cun2jebo	4.40865786394568	1.44316295779547
did:plc:3vkaobe7wv2qencq4wfhq7ha	3.89837113446033	1.37009930899533
did:plc:3vpvnddquildo2t55ktzmka7	4.55692222713148	1.22988644251049
did:plc:3vs6lmcw7dlagztj7z3bzrqc	4.95740505002508	1.28769617767904
did:plc:3vwu3yncn5aecxadjnl5cxg6	3.50737173834917	2.09491313546751
did:plc:3vyrmfb7anrhutbyrulxtcyn	3.0021059224184	1.54679937825556
did:plc:3vzxi77jjmsaroiqtjj4btmk	4.84534036853368	1.21538871625254
did:plc:3w4wnzwcfuynlu2xibl6lbgz	3.69854666421472	1.50629837763238
did:plc:3w5ay6lf2k4k4ghatd6jza3b	4.34559813625727	1.30253653168363
did:plc:3wbxxy4t56aho7wihhkflwjz	3.08529274842	1.63664342341373
did:plc:3wcx6sk2n6eetnoeb5n4vqwt	5.12377633712105	1.52730669353365
did:plc:3wfeqwgvsanmrl6owkeoxxgw	5.39375431876691	1.19796925336298
did:plc:3wjzlea3xdsdrpxwm4ynhtc6	4.00179271227275	1.61991220286955
did:plc:3wplpvx3eftul2oun25daeek	4.26224346655788	1.38237771261985
did:plc:3wryv3k2lmcw7sdg7z35ctgs	3.53673459157964	1.50759987621723
did:plc:3wuup5o6frrf5iic3cecft5f	4.73942983280062	1.32626559361879
did:plc:3wzunkx3nvto5qhqtnpc5wsk	4.2135431672719	1.60243241637415
did:plc:3x4mv4eedfncbk74yyqvzdhu	4.76813430336872	1.34475684325531
did:plc:3x5cvwq5x76unwcmbvjav7ox	3.37845459588931	1.73785024568025
did:plc:3xdd7cqchrh7ztsuoqbldfdl	6.1048605691883	1.07171648357765
did:plc:3xde3rndjz5a47ptboqt24bm	5.4061893759627	1.01089769221397
did:plc:3xgek2sq4pymgflc2j3v3yku	4.85053866453106	1.42243801560623
did:plc:3xh52c5p6ywtoim2fzjirsia	4.69464626279825	0.49375062377915
did:plc:3xsjyrg22bfb533cydaw4hsu	3.44848147044409	1.58294284562677
did:plc:3xvv2dmiylwzcg5yznjnwe57	2.54171260960322	1.45965872597379
did:plc:3xwqwgy45xszito7xps6d5v7	2.63981315395009	1.25299451950768
did:plc:3y5vrhfjwfozwqx426n6hebc	3.71695864088755	1.59825618010767
did:plc:3ygxcrl7mmsw2z2yto2wn4oa	3.83491928347422	1.81019529763708
did:plc:3yhaajkq4jukuldz5z4t6bxc	3.92092983795436	1.57133794596828
did:plc:3yo2n2phdq3aojis3vtm2ric	5.03592163912282	1.48126749354841
did:plc:3yo4hd22s4zyb3euisy4nlos	3.41160600584301	1.38393042757387
did:plc:3ypygy4xikblzts4xn4zu77i	3.89994380999531	1.92142509792177
did:plc:3z6ykq4xuttcewegiuiuerzg	4.89087891676024	1.49058397224258
did:plc:3zdyjnif273hmej4hsfrvqxa	3.79745562233321	1.51213097698401
did:plc:3zelr2ajddqm64dixir4syok	3.43658986784141	1.75849131445749
did:plc:3zhdd5alo34ptiwijdhvdkkg	4.03425472742001	1.45168778768729
did:plc:3zkyfngx7ju4cy5cog5wfn6s	4.4208701291673	1.22243233054407
did:plc:3zrr6zmmtkevnb2ssibsisdb	5.42332075759994	1.687085746444
did:plc:422ut2i22hqazrrrimraitnr	4.19831879989298	1.41327814066159
did:plc:424m2aer37sv2kvyqzk7l55j	4.09391267354063	1.59651730720238
did:plc:425l46syosed4eft2fce6mmf	3.29524404823841	2.0857271574251
did:plc:425rxsxusuijjiy5fvgghlgu	3.95061984605392	1.24482016801788
did:plc:42crvl2wbb44dsaqwd5b724r	3.66895023624375	1.54746754020173
did:plc:42cvcw64gwnpg6wu4ywmxxrn	3.22542337920444	1.33297797945728
did:plc:42enqjt2szkbeq2lwywmyaxr	4.8316868643082	0.938859371280295
did:plc:42icqfvv3xejvgqkn5w7xrfo	3.41727604887486	1.36936477441442
did:plc:42iropygqtra3t3fsxw5jlzs	3.98236413278616	1.38223466121546
did:plc:42isgkduhqvuqhksao73wqqu	4.34122335349079	1.28093987248823
did:plc:42qbbzen5o6ggsqvvhvp2jnv	4.42341991158386	1.39802894146793
did:plc:42w2ukva4kcvutswjmqg7mxl	3.57216073022367	1.34276403602018
did:plc:43akp2idhqnxpz3bjj6unsuu	4.26704931175237	1.61578398326895
did:plc:43bssltvrikevam5liulvjgg	3.70925939003845	1.598336212321
did:plc:43fze2pjimhk2aj6g3oskb2y	4.029058217557	1.62573479236348
did:plc:43hgpcpoitf2apveoen7pe7n	2.69861576458593	1.55375615690274
did:plc:43k55trqz4xhhhub2ztqkngr	4.06267087809812	1.50251781547361
did:plc:43s3t6aptli3bsehvgppticl	5.36027935581971	0.997550638968548
did:plc:43v7iwoyhk3qtrlrbydos3s5	3.3268954924305	1.81326342096693
did:plc:43wih6hrwk7f44stmtnfn737	4.50988308356274	1.72984862908265
did:plc:43zkp3ozwmbjwhikillbx5nv	3.55910699236682	1.72102328008241
did:plc:4427o5licyjn4mi354pkm4cc	5.03641890097717	1.48253251193248
did:plc:442zwef2oz3tglzurnf5px5t	2.9282058301705	1.80844584988225
did:plc:446xa42xe7pdqmm2ctq3gjdx	3.57937169935105	1.56168969933359
did:plc:4472wuka2ntw3bq6bdtavkn7	5.52619813947276	0.747590449319255
did:plc:44agzyjsiuekie7lespjaqvz	3.3215389129131	1.46242954418939
did:plc:44basoyigjxmi2hfwftqcmpl	3.42350492713505	1.37763400644797
did:plc:44m3dqbbzrol65b3lqxz6b5q	3.17554514708256	1.55803724267539
did:plc:44m56zqcfrltnmysaxvgvf3u	3.0508760343889	1.49834010968571
did:plc:44qvmri7ap3x7wih2jc5ylwr	2.63440809750441	1.07492323101987
did:plc:44yqntizacaw7wnsgdkmhfbw	4.10175674663982	1.20025616683319
did:plc:452zqcn2vdixzzyi64lzjuyr	3.6360862674958	1.49863389417935
did:plc:45c2sbj3pjvj5f4p46vg7mmb	3.25343512342211	1.72222435635092
did:plc:45cidmkmwnaaxb5fvzvswuia	3.2046893079164	1.75465382568784
did:plc:45gctkpchowaf3m7bix5soww	3.47587532658081	1.71064174326366
did:plc:45ie6y5fhjucponsxtnwlihr	4.23071819495301	1.48136011710942
did:plc:45lajstlrnzwav37q7qvbi7k	2.76779200880204	1.53141164434656
did:plc:45pkjrnctbknneydvmu3icba	3.23893584234612	1.56941586444256
did:plc:45spzp654wzoydkf33nud7yv	4.75682705837618	0.969131850807137
did:plc:45syvf64zpx3rdzhh3ljcrpc	3.8501612921802	1.59500255864445
did:plc:45vv3yxshpnr4m6hvjbzazak	4.51191993056992	1.32909881132019
did:plc:45wvh3nuigz7owgzbutyt5vf	4.34702382724695	1.54547158453823
did:plc:45xalhfdqhszm3yxbxvbq4rg	3.10476133808358	1.8382510974558
did:plc:45zldl7ixt3y7vh4wd7giifu	3.82058373295796	1.54321724641685
did:plc:462jjzsekhdb7vvzjwchht4d	4.05523306519857	1.23074378942817
did:plc:46bhaa5skae4keloar2mpx73	3.67870198730066	1.76824472133752
did:plc:46bsbqyqq6qsgva4usnrueqw	4.14482529065522	1.50944948038828
did:plc:46nimsvo7epzd6saxzvlt3yc	5.43571221198065	1.09294436784198
did:plc:46otox2rjgwm2jpmy7ocv732	4.3599601653538	1.75814676979154
did:plc:46tkiki7pbwhvvqmhamqw25l	4.88176685093669	1.47796721031915
did:plc:46zxr7vqxfjgwcdv6pfvfsux	4.92574338533238	1.50194581231217
did:plc:473bs53cg3ietvzagndsf4pd	4.43861194394191	1.52153123528148
did:plc:473qef3cugtmdmec55ceitxj	2.88218666071507	1.87396780744648
did:plc:4744urw7y3pmqvmb6bcdnk4j	5.06426102458627	1.183995602775
did:plc:47cmlskgxupg63dpzoemxu5v	4.1660101214529	1.56579373673352
did:plc:47hqt62ym7wzs6wvtf2ehoh6	2.93171422954233	1.79871516850133
did:plc:47kxwx36eybjh3ou6ydhunqf	3.82795289642648	1.43958079497509
did:plc:47qfa5i3nugkrb7l462ndejk	3.49316295542581	1.56974545179125
did:plc:47qq7u7nxa4o4s3df2h6mlzt	5.39271019172988	1.17061069831964
did:plc:47u2uyclcumfzk5ofix5sehj	3.14031268135234	1.89924591893655
did:plc:47ugnpdfkbrftfwctfy3ms5q	3.46070291199225	1.85576178290983
did:plc:47zf37c56pcvo6sb5pcfvne6	3.54637750273249	2.03159239295613
did:plc:4a6x4b45ctreewulcxarq2oc	5.27014845361279	1.37991900556455
did:plc:4a6ydcweisazdwosyvgriwbp	3.30482805492563	1.45006993838884
did:plc:4acfbcfn35yqxqg27eelzyi5	4.5757935704888	1.14683137008179
did:plc:4ad6tjawbvzcdsbkxoilyars	3.48030445716188	1.74127035763671
did:plc:4ae3agkfi7g45jjfvvcaji43	3.59862078522238	1.4534817642384
did:plc:4aefdwtckbmch7ixgmghfgv4	3.58092213584286	1.33134745699779
did:plc:4aeknq7izxqas6vq6pebsvk2	4.17928789174157	1.38647674072785
did:plc:4ance73ouwyizlltaqgb6qwf	5.06854615528749	0.911121150390177
did:plc:4anubefmcifhzfty2423rhs6	4.64690539742974	1.57009928407077
did:plc:4aqo74yqhedjyqsea5dzbjil	6.09698056129075	1.1224410453785
did:plc:4aquqfr3frxy3c6yzmkvfbp4	5.84218656207344	1.04946846410456
did:plc:4at3z5uppmat7tvbkun5nqnh	4.42493630647541	1.41602756115292
did:plc:4auhwitujfpj7vviygk4wfgm	3.37628344528831	1.83659439023047
did:plc:4avrmc4nauppuxf3vlnin6ij	4.9217160869563	1.51237682920315
did:plc:4aytcz2judnpqvurogzio2co	3.35692530498104	1.34937590688722
did:plc:4b46pqp32ofgfwxh4d5l6ff6	3.50555374104215	2.05659619580845
did:plc:4b5ix5lluepsbinarlttj2qk	4.25009215085433	1.48382695109841
did:plc:4bczrmxwv7776hukeofhtpyc	4.60035608437061	1.35363963010455
did:plc:4bdtle7lviuiyho2sjd3w2hu	3.65443394748099	1.63476195722756
did:plc:4beyleyqrzpanupnvi4gv4yh	3.81880578689162	1.35033716353493
did:plc:4bhywvyzyh44lsp2fztggazh	3.69483225594927	1.80605896804482
did:plc:4bipricumg7ywbycijtxblgv	5.18094555870618	0.91517960600429
did:plc:4bnm6j5v5ldxe6m7mrkz4k7e	3.7927457803833	1.45044528222522
did:plc:4both4l4htuku26wp6mn6zof	4.04781456408046	1.39956447218812
did:plc:4bsefybeso253elmuzcnmanc	1.39496608222615	0.674709256897902
did:plc:4bu6skxsvz3cfmmbf6we24q6	5.48348520311313	0.717885778087891
did:plc:4c6fbzyawj5qfjznxdpvgqit	3.67659145230741	1.52497337139357
did:plc:4cfvzmlojyvjs7ydxmhxmd5p	4.52530891650705	1.79549359924691
did:plc:4ckumxwts7ydgajx7pgctaaz	3.62255237850568	1.81079711648848
did:plc:4cudvhyk46xgvvijjxmbf4qp	4.62893035236998	1.40684197460605
did:plc:4cvrq2ottunn4vwjftzm4pnl	4.26566902250544	1.24413513556886
did:plc:4cwlmosiehbu7vyuux64vuwn	4.25117295431468	1.69683998070505
did:plc:4cyfe3ehfgtnoej7l2k47yoo	3.6755341268749	1.65374067039743
did:plc:4d26vhfmnybndbgakfmyrmyg	5.46227105695373	1.21391933250694
did:plc:4d3uq4wojnwjy7t7ibew6uie	4.33436073544249	1.19249631000479
did:plc:4dbhhsqyw453kew53njxkc6h	3.54495662904123	1.53973659235218
did:plc:4dbjtsxgxtexk43w3vcsc66m	4.99389180084237	1.14182197583477
did:plc:4debzuwskxgnyg7dsfcve5in	4.12264833637364	1.33245504990988
did:plc:4dj6jkczeyqs2iqyppr7ie4a	3.46789621215724	1.54788557773591
did:plc:4dkxwfgtlbszrhnj667cpwgk	3.50615182572332	2.12859829157735
did:plc:4dsyz536ww4y52guaj4mhots	3.60477182835393	1.46655543053273
did:plc:4dva6srt3orvvp4flohnlfel	3.74493426870888	1.4055117068742
did:plc:4e3qplzisixbpbxxjbjv53gi	5.03357122353456	1.57748437221446
did:plc:4e5brhlejmojltgkap3yf3ph	3.18876570874	1.57237174811311
did:plc:4echtlv227nkjodsw3muu23w	5.82751828538023	0.994192934593104
did:plc:4egbg73rqbxgbja26d2tx65u	5.26640895771452	1.26842808168626
did:plc:4elh5qkfnvmf37e43mdcmesf	4.13078187438108	1.3662848619549
did:plc:4encnx7epgvvhpqxuzjpiucj	3.59807195663274	1.9097616832887
did:plc:4eoiesn5ufm66okgyksfr2ee	3.51253074581008	1.2021826525321
did:plc:4eutlc57jwcrx4megz5haeo2	4.54362342324527	1.46847839326845
did:plc:4fe64xnxl3faagwmfyaxemju	3.02883927325718	1.5553057549127
did:plc:4fen3ignu3ctrhxiwz7n574q	3.71566740576369	1.37293940921828
did:plc:4ff4c7vw7vspcc6afjjsiej7	3.94170324806054	1.27622395799997
did:plc:4fjo64ugw5skdz4ssu5tyuxz	4.09004735186012	1.36730014516696
did:plc:4fkyavkwa6mfo56omltjblno	4.20982195141388	1.76983351853741
did:plc:4fr4bhzstejqxnifwytrwjsg	3.4367631000433	1.72504103873095
did:plc:4gbaycergprmfsf2g45r3dr5	3.41449885446615	1.5916274137122
did:plc:4gc75hrdwt4qxwqot4qutc5k	4.00762013655413	1.48823317600626
did:plc:4gh55vodhyihy2nzfkd7c2ea	0.861556339672544	0.368008910593631
did:plc:4giqhdnwvutziaqahv5dcbpq	5.26504444975179	1.12317855018193
did:plc:4gm6ekcmvmyxkrup2so6chkx	4.83542378520875	1.32849659931567
did:plc:4go3jgpoklk6zfctunpepubd	4.06506827225923	1.54046648328333
did:plc:4gqt2l2dh5xjsygts3bzxlvm	3.61335124116078	1.67332455167979
did:plc:4grjuyvpac5xfsxgvi6ju5vs	3.20749266785588	1.42258611554509
did:plc:4grpbpzsbema2lip57dzhtn6	2.83064511057934	1.79655213557052
did:plc:4gs64arlirncc2ljgjy2wqaj	4.08980042027913	1.5522587588714
did:plc:4h6p6nl6ptyf42tqvgulq5m4	5.2346984072206	0.945262284236836
did:plc:4hci5utfxdo3hiph5lhgtvol	4.00268624804792	1.66158937252339
did:plc:4hde2fmgvau2bq2hjnx763j2	5.21622417946119	1.48873234263079
did:plc:4hi54qbnkztj3ofrni2kl3um	3.8351079419875	1.31139847510104
did:plc:4hkmeaziss4lykhh66k7w3ga	3.3295528799515	1.81757138415051
did:plc:4hlsfcj6rlr3ls6krnkk5y7j	3.50951845342591	1.27695228656471
did:plc:4hojp7jihfx5ei5tx65k6mcl	3.50652723169917	1.4947908311461
did:plc:4htj5aauoicog4nz4tpzmvoe	5.27978577928665	0.986513328653652
did:plc:4hzo2bld5x7xava77fngd7ss	2.80285851670383	0.704158781880354
did:plc:4i3cnb7ckkjz2ks7ethhmno7	3.40830417399847	1.74708647620339
did:plc:4i3wti7f2qjh752ywkvdn4jg	3.47652805450108	1.74329937730461
did:plc:4ibxt36yyxt53yhxsonspffx	3.41475393847196	1.24796799105847
did:plc:4ii4564gy32fprrhufqhbyoc	4.03265620777343	1.28363412066897
did:plc:4iixb5am3tep4fzefqb4z5y5	4.27700331973317	1.28107751828702
did:plc:4iodp4tkw3sbgdtyw3pfchrt	3.82675664266833	1.46842453310924
did:plc:4ip5rbxmjh2dqgrlyj2sqrme	4.51736724823671	1.36631817177983
did:plc:4isf3xlmpdzmwkge6awnros3	4.5279050860214	1.1316495463041
did:plc:4izdyxhcrjqdiwzbvd7epk7z	5.51043333854976	1.22941509949967
did:plc:4j3ykohqtxz7rs3rgo4ah2oh	4.06027056805394	1.68084992763475
did:plc:4j4knhkymg362vfm3pskp7my	4.33162465887433	1.43773356394892
did:plc:4j4lujrp766u5dgy5dvtrfwl	3.59637240753212	1.2066687950013
did:plc:4j5nf6xsrsv4evf4ja3yjwzp	3.81396425271609	1.59064623528833
did:plc:4jabor3cqvjl7fruvmoah6rk	4.60385335569444	1.18445315221614
did:plc:4jbqvlbjp6yjumizazsf2fvs	3.82433382022089	1.18503729555405
did:plc:4jde3kjs4ir4tdhmqhk33mwk	5.23095786986599	1.33907297180455
did:plc:4jimzdkkbxul74hocsfbgpuk	3.65205263827434	2.00368308191945
did:plc:4jle35iybt6bruxy56h2bog2	4.17839317801686	1.27593577013626
did:plc:4jpds6smw4n5i44q3jn6qqfa	3.74708388150226	1.58850547256948
did:plc:4jtaxrj72s4vdjshcazjeeac	3.44787258072263	1.75509408014054
did:plc:4jtt5xpjbmgzjooxliovthcy	3.68177071117591	1.36842209071841
did:plc:4ju46q6wpxvwbdjnqkkz7e4x	3.33281549255041	1.40261789968049
did:plc:4jwxze4bcm6ddc55kjm6m7ao	2.97475971325437	1.62718146327962
did:plc:4k73gs5l63a4qino4mgruokz	3.79098427276689	1.35537957623505
did:plc:4k7f6zcysiaurt7gmv3gjeuk	4.28375259179965	1.75879467927449
did:plc:4kknxh55zkzgf4dcplmhmlx3	4.97819132215482	1.14407871319526
did:plc:4kloqf3ijyowjziivqhdh75o	3.12550501228297	2.02572171946221
did:plc:4kpx77s3a62yb3xvxez4sybz	3.28258459608169	1.94929191425868
did:plc:4kqbxi46acfnixssqssiunmv	4.24443022858336	0.943855984836047
did:plc:4kqsxon7yy7purkfkjld3ouy	3.06526774176872	1.87259647919894
did:plc:4kso4sqkoaqyejzo7ulov5ue	3.97083120644079	1.83639947931591
did:plc:4ktqiewx2twmxkav3ko3adzv	4.3208128015436	1.24482361039563
did:plc:4kupxf7z2scqjpjupcqiaddq	3.99902401718458	1.36288084014749
did:plc:4l5ab7t3gjfko65cn4fhasc2	3.39269306078631	1.6280434738072
did:plc:4l5tmcddevhghgjfossw4kx4	2.97026805014042	1.35295860010066
did:plc:4l7xresnb5rjaw4wlyorp75p	3.68902513244837	1.30768444857896
did:plc:4la67prrlyf2a3lpl2ig2srv	4.04098622829015	2.07220651891629
did:plc:4ldo3gojw5tzeuowt3egt5kr	5.60024001541394	0.975936546429834
did:plc:4lgx2jccqb4xsslylas4aviu	4.19986114452895	1.50891153680184
did:plc:4lhhtiq23gsbz5iyk3qvbgb2	3.84649585623974	1.52705822998346
did:plc:4ligmdomloymc7yp6fruajpi	5.90326228763867	0.884481933853418
did:plc:4llj66ryfbt6io2nyegzzzvb	3.68923160872712	1.73579342157948
did:plc:4llrsl5u2cep7rk244po44az	5.79518853269234	1.12345604779187
did:plc:4lm4xuay25x5jgpwjqnlvacv	3.85787984685058	1.30322930081267
did:plc:4lp2aznf7mtlbpab4fymrgmg	4.1582293752069	1.55008056606435
did:plc:4lphwqrzusksqj4jkwbnwln2	4.93612608920038	1.35621617580938
did:plc:4lunssinnof3wrbsop6ta3lu	4.03474935539784	1.74460256702531
did:plc:4lykee2vinixlvhceizxppuq	3.56123862434854	1.46425895971522
did:plc:4lyqjwvykz7nllt6c5e2gsjc	4.45067849757888	1.60286522127622
did:plc:4m5fjdwwwpeqoslr3y4gusd5	4.16838949389134	1.19383381456493
did:plc:4mcxcag5lchaltyzups6ytrp	4.52874633852188	1.59040727913757
did:plc:4mdr25ar2pmvrreo6xpssiyz	3.62053640711011	1.29695628964638
did:plc:4mnnk3nk6cfqxodwn7gfpckf	4.03308154968864	1.44949582784419
did:plc:4mrjgwrrbiuspxc5wo3nnspj	4.86357214111216	1.25799926893193
did:plc:4mws5xhzf4cy53ism6yhty3r	3.4357922064169	1.93723631715529
did:plc:4mznewycgbuks7gh3n3elvee	3.72539838587541	1.75982033925239
did:plc:4n4m7qdn7i6syvo6bkdoez3z	3.73345288156754	1.45646221221571
did:plc:4n6vvamhsdigk4t4bhec3zmn	3.03431709904228	1.76423071375817
did:plc:4naakm4iwl46rdpczdzkgfis	3.87016791889074	2.07486558096155
did:plc:4nb4uxvyjlkxozbd4g3a2ukm	3.5079703827006	1.31356918073773
did:plc:4ngeqves2sv33emzov7xi2rv	3.77063078944165	1.98910341670695
did:plc:4nprxd5ukxdoiegeb3erg7ei	3.81784340370879	1.18162890554076
did:plc:4nqljar7ntxjb3cwpvljrl5g	4.0033657248638	1.45261737816126
did:plc:4nsaidhabvogigixi6rwldti	4.30730126434598	1.01329462453532
did:plc:4nu6emhw2wj3ge5cmc2rv66x	5.03215716111269	1.34285633376211
did:plc:4nzlorgbph3jg6bvodj7mede	3.05416510179914	1.47502022481891
did:plc:4oijsrrtdhwoopfoltdrxwlq	4.27626143414925	1.95460800736599
did:plc:4ok52xxysoah5eflpoiepnky	4.86186987695318	1.1962660865672
did:plc:4orzihrvs3pdeeeistt7xt3m	3.64483210980052	1.59608152706052
did:plc:4ospv5icglcjj4iihqa4azh5	5.69524097203591	1.26698012636436
did:plc:4oykezugkny4tsc3yyt7nkmk	3.04144415113946	1.60443199936516
did:plc:4p67ewligapuj7sbugldirqi	3.07167909666182	1.84979544676711
did:plc:4pdarn3kbwdmsdeiqqyf2fzl	3.25654260977138	1.44243515646147
did:plc:4phpnlmmbbtg3rzsxdjyze4a	4.12089451564772	1.34324912060512
did:plc:4plbtx247k5cxugjssltciyf	3.83547681829017	1.42051455477305
did:plc:4pn6crqxoxyi5g3kod3arch2	3.73098318390606	1.51333008476521
did:plc:4pskxdma6ryfgkrk7dnxiijk	3.81662664685465	1.32866198566917
did:plc:4ptkwqee5rdp4gyfps3sauof	4.84642795761253	1.38709524843197
did:plc:4pxuznfkin6lco6plxlyvc7h	3.55098179086513	1.6703316304674
did:plc:4q2djf73k7zaptdx6vhk6ont	3.96757538912226	1.72371488307397
did:plc:4q4wdaknunskbt47bzsi2qbv	3.62090643772618	1.47060919346062
did:plc:4qbjmihdg76iodow35anmt4k	4.64823537986206	1.84345718060875
did:plc:4qgm6vdkaqina5o6dtpkw4zl	3.72256534732484	1.87164355679259
did:plc:4qhqmvevuitk5jlgnlulmr5h	4.27621936271798	1.08168818735491
did:plc:4qieo7tyfx4sj6bk5hms7kuc	4.33414800265381	1.10518594861596
did:plc:4qn77qnagmitauafwia4wqzq	4.38575633343253	1.686316363155
did:plc:4qp3rbxdtxlp33jinugsitir	3.94497120962302	1.55808910310615
did:plc:4qptbq6bxj4pc7bzwsh4exw5	3.51828138298173	1.48727195648722
did:plc:4qvzjmq7tf3egjjiy4nqxiuq	4.9261267710363	1.53485966119263
did:plc:4qx4sg24azhigjz2igecsm3i	4.83431343404587	1.29814307046221
did:plc:4qz5cfq7zyeik35agje7mllf	3.09758985946485	1.90823165188376
did:plc:4qz67eefmkgohdfjwkff5fyy	5.00075356779334	1.09940575299895
did:plc:4qzsfg2hnaplkw6gkujz2sox	4.2053432118697	1.58815633738699
did:plc:4r25c4efek7ljzo37simellm	3.28102427156753	1.81746489868735
did:plc:4r7hftegzvpswxzvkwvvihmy	3.96608781213559	1.72418537012448
did:plc:4rdvge4ukpz7hch3a7xpttrt	4.08393048684323	1.21836842027737
did:plc:4rf5hmpsxecuuybejywk2ulr	3.68229290107254	1.65086277261807
did:plc:4ripa5xponyplp57zej6hwzk	4.93121043447083	1.22893948606313
did:plc:4rndwwuyhrtlv2oufdcujjch	3.29227263670087	1.6630104042681
did:plc:4rpdajcaglakzxm3bq5ppkmf	3.04715038802958	1.73444355607271
did:plc:4rpjbzo2jagkq45rrx4aiiyc	2.33012294077653	1.31144891963945
did:plc:4rpufba4xp7p4ctenshf53pw	5.35288609978658	0.493178953942654
did:plc:4rshmb3xtdr7apvg62w7gycp	4.14767347314929	1.30216454621472
did:plc:4rsmpoh4voh74kowqg5iw7xl	3.48223164749713	1.37885679200928
did:plc:4ruezmmi3pbqk3ilrsugnshb	4.53192250772851	1.6471277871189
did:plc:4rwuu4fg64dfegr54l4bh7k2	5.34973273489445	1.38301718944606
did:plc:4rynhoafclfxagv2x3nt4w4c	3.44605877674165	1.64117652268766
did:plc:4ryo5d4kv77pqramkp7v32si	4.08598000097888	1.60154495611485
did:plc:4s4yvlifbcuouqzpixjv4iti	3.97940202047486	1.3744987965208
did:plc:4sbtia6j57uysmdl2l5v6h4e	5.22134768850702	1.49508433128024
did:plc:4sgx4pyxcyreor5wxhk5mwnb	4.29656051434648	1.03618395132739
did:plc:4spdxpxqwjasm27irmoveqaj	3.7571597668236	1.38366824655475
did:plc:4spqyxcmgzpuv4jh7f2jiaa4	4.45676916438521	1.61478809121052
did:plc:4srk6yrobp6udqfqvlo3wclg	6.16916399766605	1.24311240071045
did:plc:4stlydfqpc6jiktl5c3gx3p5	3.97460428236345	1.63496869587432
did:plc:4svyu3aqgxomrvuqiexe2oip	3.93616148896013	1.41517705270775
did:plc:4sxhzdtyed424fgl6bmv37ii	3.93725727585848	1.37338818732192
did:plc:4sxmpkawirwnxdwnemi4jkby	4.24203712257153	1.32203218164158
did:plc:4sz66e3wir2z6zhtrvxb3mxr	4.65193407201261	1.24630271394326
did:plc:4szhbmwcntzi2dtzn73wlznd	3.59722440454683	1.4196426811202
did:plc:4t3lkjppl2pqbazkghb3lzzw	5.50054588636783	1.37746527799023
did:plc:4t4edssti46c227tu6jgreyy	2.87064512802906	1.48832453749365
did:plc:4tah4rhngdufzuvz5rdy4gxo	3.63697383599152	2.02512476599408
did:plc:4tcf7m572mf6ibgrf6bku5bs	2.85267494668884	1.72705715075759
did:plc:4tk2nhyzxlvtyhbtkcybmrtn	2.71959943681963	1.53093479203958
did:plc:4tlaetq2o2hgnggkwrly6old	3.81314924946133	1.49375776649027
did:plc:4tnhqozdv3cqdgd4jrppbpr6	4.48111244633637	1.44860747607492
did:plc:4tra6nduy3hf3vclsnjguwqb	3.77562987766095	1.27147089348571
did:plc:4twnze6mxwhkx6bzk44oj6d2	4.82533405339958	1.15086728067388
did:plc:4twt2zfrkikosrnmkndhm6y5	6.09879673304449	1.15741492077963
did:plc:4u7cr3w5ktcyw6anbwp4mn3l	4.59310270555084	1.47439471039401
did:plc:4u7knpil2kcjj3zm5qs63tai	3.19475273100072	1.55717056848623
did:plc:4unraho5f7qx45tarxdoznwa	3.20827628651479	1.45915437330666
did:plc:4utn4vmkplfa5yxx6zio7zgz	2.90207585555917	1.86678660652632
did:plc:4v7qv4wiqytsl4454tpcwyvh	4.15500770304054	1.44394474129256
did:plc:4v7va2rnjhehzcvyehnibilw	4.78495865663961	1.14922176868911
did:plc:4vb3yhw24zoafpy2qtx5bjvr	3.70018955519437	1.61774145575236
did:plc:4vbr7ik4ytmtujc7zl2k34dn	3.13755231969902	1.79348974930463
did:plc:4vbx65n22mpih3wwwksfjc5g	4.13827608956198	1.19065096364436
did:plc:4vi3ldnmoctp4vkw6t2q4dmy	4.39379410453307	1.31716184307206
did:plc:4vildfrde7if5vctkfbxwn4f	4.41080980805424	1.42092640863072
did:plc:4vkxtolfspqe6wmutynraupa	4.82647457000646	1.67175829187835
did:plc:4vl5j4mwxubsic4isthoiwm6	3.84987158735728	1.0879519466944
did:plc:4vmc5uxm44j74owcuxte3zv2	3.35221472048894	1.46439249559047
did:plc:4vokw536gqdy3ipbgwxbdclh	3.82088802518287	1.30565323643731
did:plc:4vq6oxfbw7ng7abtx6b3e6vb	4.17351195311061	1.49157238658408
did:plc:4vsoscv54q5tjafc7sdjsspt	3.58867388009193	1.84356472476281
did:plc:4vste5e6wdxqcyxiyztnlk3l	3.55249523609644	1.27536734277154
did:plc:4vsww6rhxujyrsd3h7z24xj7	7.82826581350051	1.80667853021739
did:plc:4vtvmu5erzvopa3rttzaxdup	5.8133770806696	1.20089840375772
did:plc:4vvhcoekj3bp3gnowo2gp2st	4.13850046221419	1.30427226468197
did:plc:4vwjbhsuerrc2xwnypowtwoz	3.6173947095238	1.96126853802299
did:plc:4vzby65fyavaz4yzezyiafda	4.94801430028926	1.52448072138179
did:plc:4w3vz4gak5j5q6p6eb7zwgxw	4.12278331351669	1.45197743173525
did:plc:4w6hbwdyhxje6znfhnsbwjj2	3.21078782765454	1.80274208278613
did:plc:4wfvg4b45yviglaasbd43zse	3.36180196801971	1.49009118521791
did:plc:4wkmyy52fnfpobswatpv6c3t	2.84856882227506	1.87009734752523
did:plc:4wmuxrl37grtmpyx6mqb2jlb	3.47957494416059	1.90442024727392
did:plc:4wsvpq6eytzjxmnztfwcyfc2	4.31031961398314	1.41678575064209
did:plc:4x5beo3uhy6nraew25i53hsk	2.83337097122784	1.31563841682213
did:plc:4x5prylgero7kfz2pzmcep7d	3.60908185725347	1.59824848800862
did:plc:4xcbkewqyrrrkop5hvd3hm42	2.78358734085336	1.15550051175041
did:plc:4xdkzm2qucqyhuiojrgxrwhf	4.29715744364034	1.165619482178
did:plc:4xekkju3k6quejf3q6kj24di	4.58259269368315	1.15563609709571
did:plc:4xiu2rr7blguukgzutr5pjbu	4.54988804331553	1.34425191415222
did:plc:4xjo7ic6uemfnjew3f4f44yb	2.4664835802687	1.49411852551456
did:plc:4xm4dql5vmnqaybv5mzngumc	2.41324350555204	1.2232842248084
did:plc:4xn5m55miruqqjxyt3kleh5n	3.25392409214208	1.48197949041602
did:plc:4xprdut5e76znjsgdo7pf6wb	4.23885842498409	1.31984484967917
did:plc:4xqt7t2zph634drigtdxdmro	5.11669704035245	0.964962827039646
did:plc:4xt36n2z4qqlcocunsor4kyz	4.12163572320252	1.51964573157383
did:plc:4xw7d2mw5wuai34ro7flwty7	2.35886782755755	1.49940284917008
did:plc:4xwfbi5ue7ugg57ygm2ptrp5	4.18209199339778	1.47872631976474
did:plc:4xxn7sywjis2f5fcu2umu6rn	6.2788412138669	1.13416729377475
did:plc:4y2iwo2pcqorqorpcbacq2kn	4.63448426100274	1.22717328154974
did:plc:4y2saehit5q6s3r7qy7me3ca	3.88341898285788	1.1597622589215
did:plc:4y4du3dklkn3qncgvgoo7yfz	3.99868234844696	1.38723679424206
did:plc:4yb2vvqips3zuirhvau7snxm	3.22220054719746	1.37376940074153
did:plc:4ydreyftnodliikus7ymdwlk	3.5273279872841	1.56694762646844
did:plc:4yebqlki4rgb4v7ttj672htl	3.44266307368855	1.30995531838261
did:plc:4ymrzmq2bw7bxlenio63goaq	3.60056120884725	1.34802229070619
did:plc:4yopb3eyfae4qna7w3h57dzd	4.18325020366756	1.51132037158985
did:plc:4yrenzvhwcrzunli4tmpolws	3.80348358892344	1.39950517672184
did:plc:4yvpx7dquxgxafkmjyk3cic3	4.23291089921067	1.7065324887048
did:plc:4yxma22dnuidplec7x2ogvv5	3.72631745652919	1.09374971427019
did:plc:4yydgaxx2ih4jmgq3gmpgbsr	4.85500573517481	1.14029870763347
did:plc:4yzqvif7qxottw4iphsybyxg	4.31928156293471	1.45917805494676
did:plc:4z6fiw2xtgrfcufcbl46s7rr	4.28239601296857	1.10623693065904
did:plc:4zb6wjgjersfbj3i34cxxk56	5.21768142586792	1.10213410756184
did:plc:4zhi56cj5ga6h6uqdvtp3pwb	3.38989641009765	1.54152085767583
did:plc:4zmumbkoanbfeidajpvkj7ds	3.52165097196942	1.07953170296987
did:plc:4znvip5isqrdzz3gvoys3dwf	3.72333432541999	1.78669473785221
did:plc:4zvfdaxzkxgkph3r7nfeqaea	3.75825110959441	1.14337594918801
did:plc:4zwrao6zddsgtwwfc7ebhovr	4.63193732432649	1.90463498759179
did:plc:4zz757iwe2454napgn3b35fx	3.13452116028437	1.97394970232282
did:plc:523bgbzu27cehzpuobt5xe4d	4.43539322893499	1.87900474811666
did:plc:524prcffxpjn3ytl4rox4byl	3.86363409114532	1.04574303153036
did:plc:527il5oztc2jy2lzprcq6x4g	5.84327294697522	1.12301615050763
did:plc:52amr4i4tr6oeicslwywd6ki	3.53002603340189	1.86260658560473
did:plc:52bfsw6krv5zx4bhbxysfmr6	4.69322121754481	1.34847415630959
did:plc:52bsiod3722lf247jfcgdwr3	3.45858579000887	1.30176224290935
did:plc:52fh3wt6x4iymea6jt2oxcip	3.44920211749667	1.62625010387379
did:plc:52he4zsggueo54j3f4l3tkyq	3.86686151323188	1.30459412236021
did:plc:52howdn33wtuorijcd3mzzg3	4.31949529288066	1.01255973942442
did:plc:52kyh3bkhlb5y5h6v4nlbpft	3.46581351216867	1.14776493242676
did:plc:52q7whs42uryzfx6mk4lgjuu	4.1690313342272	1.58083821942067
did:plc:52qjgfhnnkvi5bvoakr6g7ih	3.82234771877283	1.39288935575379
did:plc:52qjzizf2nwnqx7ugjea2ati	2.89081973630136	1.49610980081901
did:plc:52rdubq2t2xujcgybeztyrqs	3.92663919107035	1.71608317564593
did:plc:52tduz4w7thg77kfvknwludp	3.57771579667102	1.40076914239198
did:plc:52wzuv7uklmtlpzkry5jzff4	2.93714356138614	1.72650220035351
did:plc:52yzemtjqipkhitfnx24i7ri	3.66001192538914	1.5537834336934
did:plc:53c45wx3hxexfy7e3777ptwq	3.42960285017909	1.50329811118353
did:plc:53cjmsytpcmqluesthlty335	4.14937966705832	1.93114616833679
did:plc:53dctuqawro3ab3es5krkhgm	4.00550795343358	1.70328975440559
did:plc:53mui2puilqzsxbhf4pbaxig	4.61180270210678	1.52629818998667
did:plc:53oqkgbou2b7yknh2lfaqadd	5.90522660813338	0.833655005381813
did:plc:53upi7f6mgjxoh7zpwwpvkd6	3.46411915317137	1.50235416882278
did:plc:53woke77xkn6gimk3jzt325w	4.44061688497847	1.04535880288005
did:plc:53y7zb74xdj7vgoaoij5dz2v	3.63916540162888	1.51946189461803
did:plc:545c5e3udmjjbcgmebe6gunh	5.75918868331551	1.07458452575628
did:plc:545fus33jlpzekzulin6vern	4.67452133360084	1.2969925111363
did:plc:546snsrwl4bvnjw2nogm2ji5	3.81120370986274	1.43727949858275
did:plc:547xy4mtozoqbybp6egzemel	2.81698358438713	1.70897694914437
did:plc:547y5eoqrj4ggz2vzhn2yqoa	5.21003302487883	1.06994119686749
did:plc:54du3niu6sywprzcb7x2tccz	3.99708224269326	1.62301961127464
did:plc:54fqbtw5bxbtbicb24vkhhkv	5.40479146466534	0.692084132954561
did:plc:54gsy7jzsbzbs733abujqpuu	3.93343197826245	1.52343799416434
did:plc:54nwdriyufyknmzmwcshvmpl	4.23957504108041	1.47568123356554
did:plc:54qbpe4tbdo77fbcvikvw4fz	3.42513177274057	2.05267960916874
did:plc:54zktfouzfqkixdh4xisqycx	3.43177006115033	1.6938757394179
did:plc:557g3eq66ch3vxsikwjr2tev	3.68607715384709	1.32214002657076
did:plc:55ksvlcbnxfqcdlq2sbmmurn	4.0068755452265	1.46453448430373
did:plc:55lvhn36hxfk2aumei2dfug7	5.32780672342593	1.33742299630098
did:plc:55rtjpm32e52autopjlmcuvt	4.14762358355809	1.35070206936077
did:plc:55ryfurvule5jkzwucrcrquj	4.88132397842891	1.29048423216623
did:plc:55rzbti5ji72v2agnk4jxxjk	3.74591542394235	0.953893059434438
did:plc:55sdd55zixlai3odxwgvt7bx	3.30355876546996	1.38750245058639
did:plc:55treqfhm6kookxdb6i3yope	4.12272334267679	1.44529223675809
did:plc:55u4i3hx6nuupnqsj4roeb4x	3.65444679909182	1.86507624880573
did:plc:55zc7nu3jg4e6edpapgqhyrj	3.94530905346561	1.55181165184372
did:plc:55zqqobapczaefyggd6zsaeu	4.58257785794372	1.42884203903194
did:plc:565ah4vxrxkxyyca7qbwyckm	3.74153018845482	1.24119458727955
did:plc:56775fiddjcs3u2q2vjwuvih	4.62532452416058	1.54505108400299
did:plc:56bea2b6xkdjufathiband3c	4.34307477342744	1.48585065244741
did:plc:56cvo7tt37iqkvatefg5ytk4	4.06181247642386	1.30523923119513
did:plc:56cwqpznxrymfccw4qo3gql3	3.48356319060813	2.1574208920554
did:plc:56f4qra6vch5cgpvretcgsuc	5.71966435573072	1.64520598370229
did:plc:56jmysz5czowept7fdyfq7zq	5.11681231811994	1.15224897511015
did:plc:56nvixwh3pg6qtfo5hvsg5ii	3.1948660292924	1.9603116993781
did:plc:56xoilmybfpjctxkkdsmfuo7	5.11605500653662	1.38028785565165
did:plc:56zpnook23veofgpu6gl3hd3	3.65261914055722	1.64799920470177
did:plc:573d6auwxvqg7hyabyxqiowi	3.77200306928026	0.903717671715411
did:plc:575pcosug3o3p42x6asdi6rj	4.21510712557891	1.60848808176435
did:plc:57dgyc47irryfyemzir4dmbh	3.48788802745139	1.29862168185912
did:plc:57e3yxkwq2xq3rfc4gxgbbmp	3.38728899259131	1.36000828018252
did:plc:57erq434nsfau7ahdpojxop6	2.89498635651692	1.73111229409394
did:plc:57fzarh556fchzxcby4gq3vn	4.36732341758091	1.38449977977514
did:plc:57t5ltexdqvx4xvkjckira5v	3.8236458751329	1.38007999341244
did:plc:57vlzz2egy6eqr4nksacmbht	3.96303227117901	1.29452597262731
did:plc:5a5lelkntjgz5sr4l35nurr5	4.25331382992794	1.39980806883416
did:plc:5acdosredmqeft6fun645dla	4.19326751244275	1.41529438774832
did:plc:5ackevfatn2afyjxwoldy5vo	4.34609318755045	1.60980575707002
did:plc:5agl2a6ysoochwm2ablbrjs5	3.72364092279642	1.29950596843359
did:plc:5ahefyrjsion3in7uyclshmm	5.31928325976626	0.921001993169198
did:plc:5al3ndlvsqrljstfh5z52vjx	3.55731012676447	1.91704903430936
did:plc:5al5vq3sxnvqblpkknq3sifm	4.83687446339943	1.4833382063257
did:plc:5aumv6xsxxacaerhrubj322g	3.29208385951149	0.861563554261523
did:plc:5avvpn2kmybfkvl6m7whtwoe	3.4828233140273	1.95950230254957
did:plc:5awkdgqhad7ziv6ix5vi6uvs	3.66951320085874	1.4579197203054
did:plc:5axj43gikipdkkdke6tjxyaf	4.84477387773626	1.21373155890806
did:plc:5ay34olq5q4mjdjikv63qfko	5.27969039173045	0.604025385264776
did:plc:5bcx5xqrqvjh45v4cl25msmu	3.97412747644696	1.41971575663736
did:plc:5bf5ykiz4fq6ocrrau7sxg7m	4.52004318825137	1.5073427020394
did:plc:5bfvehe2nxyx76jtqw7z7s5s	2.91968862726791	1.85520747147934
did:plc:5bjxoowph2rmtzqekm4q3wbx	4.05469909664567	1.38885726545594
did:plc:5bm7bvck7kstbxp7pwzx6yki	5.92140290846383	0.899852183722794
did:plc:5bnuaj4yf6dejzajdk5vqpnx	3.61184911890756	1.50274967242451
did:plc:5boeccujontlfzgosbxi4ink	3.96075559962518	1.29209984505503
did:plc:5bseont6woro73vgqvsmgc5y	3.40859585457837	1.54842131697954
did:plc:5btmu7feuntbjx2tqlyiwtoj	3.48402095570089	1.62667499752528
did:plc:5byyrrvyphtj3gvztwulw2ai	4.64901096001421	1.42287277463655
did:plc:5c3ld2v62akuaexjn5ehmh4d	3.64510495572241	1.47341963024812
did:plc:5c7xvqy2exmaqdxsbnyw6yip	3.66259113881173	1.13206125825824
did:plc:5ca4lenmvcd4544vetpdxesq	4.18486611853074	2.02656204105956
did:plc:5chc2mz6psoegbor7fgosmm4	3.34643560447885	1.38610252877051
did:plc:5cjmgw2rxbpzbzlhrpnuc6g4	4.09185774894975	1.73185657539513
did:plc:5cobylob2dr3bk74wzdmxgi2	3.87075806449348	1.64775979441329
did:plc:5crnuchsttfhge2ehrhrdxth	3.03717822102359	1.30674023479198
did:plc:5crvloqtmkfymzgl3domoefe	5.3763567171917	0.952141316790919
did:plc:5cs4scjdlb5aq2hohoyenkel	3.32649068324578	1.68309646117101
did:plc:5cteigxevvoaxwnhupxritvp	3.56848638522931	1.5885145888607
did:plc:5ctwtcskwnekmmj637nxffps	5.8276819671092	1.03124649082049
did:plc:5curfzse4ttjjl4vygw5csri	3.01232415546496	1.63229333370828
did:plc:5cw5ylee6n54meafvzbeknqc	3.85500009696513	1.44934898114604
did:plc:5cxowngc3hhzgf2rmgfvox2a	3.45525057826434	1.54643358397125
did:plc:5d74olfh7jmxugf6wdwacfc5	4.02534946622752	1.58965601893405
did:plc:5d76yxhvzstalgynaue7ze7u	4.07581007984998	1.66436273068947
did:plc:5d7y4pdqugu3pvjwljwjdx6w	3.36123262169041	1.49168335522428
did:plc:5dbwsemd2fo57cjclonoxsd7	3.31943638548424	1.90040035759743
did:plc:5dgg7qv3cxldpjg3bsdpdia3	3.11992164757453	1.74398422161128
did:plc:5dgsdkuxaiqkhvzueanf77rn	5.05088385484061	1.43891686285999
did:plc:5dhn5e5otk5l4abotwno4fty	4.70767356779914	1.26749759185664
did:plc:5din2thcvablwp3iqklrtnzg	3.36850379305205	0.831225354544046
did:plc:5dkooh3qky4qyd5ytox6xbnp	4.21670432866016	1.33486765734148
did:plc:5dl774p4t53yrbxvok5lac4r	3.41266127480948	1.30988551255459
did:plc:5dmphqbvny6be6zkniuvzt6k	3.85938337634234	1.56892407988335
did:plc:5dqmukgdqclmojls24znrsyw	3.98676794258438	1.6004611258791
did:plc:5dv3h3hghvxotpqumj43acni	4.54111540192725	1.21730108467868
did:plc:5e6izw4mvz64xv3hyfbtqoav	4.07287466815009	1.46319629200746
did:plc:5e7mojsv2ueqpaqlj34zygbt	3.61201451944303	1.31882244990204
did:plc:5ebs23snynbq5zolfrzt6623	3.31412429907035	1.32528545492277
did:plc:5eds6ad3ubiq3vg6de6vohd2	3.65477394010758	1.79689295837313
did:plc:5ee45ingxxmg3avkt7rpwsqr	4.62441521016324	1.11345663042702
did:plc:5efueefpfvp26umoy3z5psto	3.26608450105215	1.82974127366636
did:plc:5ega7fgipjoxcexr5rty3vfz	3.27766282206049	1.75731033204955
did:plc:5ehkecufb3k2wrfnfmgd4dcz	4.9844744217753	1.27361874046638
did:plc:5eitvb2zebny4s72wiekrevd	3.20181141282516	1.73641819869799
did:plc:5ekaaudi6pc22b4axp54hqre	3.3372245550298	0.423374713397864
did:plc:5emgj6axtf2fad33il6pcnfg	5.06857371279561	1.12119551786565
did:plc:5eooa77dimbvzljslztsk3ub	4.80441422042061	1.14370113111169
did:plc:5evqr7wl3mx3fkqurkxdpvj2	2.84082226005658	1.80006461217219
did:plc:5ewk4ztnwzb7o2c2jbbpk36t	3.20799159531952	1.35673857438411
did:plc:5ezc34zmcq7ivlworxw4dsek	4.35787529094615	1.59595817862474
did:plc:5f3l574odvkp4qu7nftantu2	3.54662397292226	1.77315405468121
did:plc:5f3zgnzr67wlbidak2pfxyw2	4.66028795834094	1.3364264140689
did:plc:5f56oecroifdticxepaj2kz4	4.92880372446318	1.3810603314095
did:plc:5fdh3rdutjeojvtiwdqlwijd	4.57033644943143	1.33731479582771
did:plc:5fgw7vv6s353cijwmh2bvx2e	4.94719152966515	1.04813891198736
did:plc:5fgyownrdunho537aqexm4sa	3.66494883251287	1.61191232700143
did:plc:5fhhjveqb4jwmldk6gg2puey	4.81716631795586	1.13249445962708
did:plc:5fhr66tx2btjujei3mf2lqef	2.83835507453151	1.57381555737639
did:plc:5fhz2sppungnltvtyvjfrsu2	4.89790690343193	1.62876025503819
did:plc:5fidrpacybvwizk2ncqunnp7	3.16269039268566	1.52984253404092
did:plc:5fjc3dk3547vazbc67zbmm7t	5.20095916118936	1.26989462585731
did:plc:5fltishbhadoxa7euqgkptuj	4.87087567891961	1.26771134970649
did:plc:5fno3wpxvtj4sdc5tvddov4q	5.32671703478857	1.21354483129899
did:plc:5frtcrw6veyctrku44rdeeqh	3.37065339558894	1.94577255230841
did:plc:5fxuuuzgdhx2kaw6joy4jpts	4.9806610376489	1.47354105485879
did:plc:5g3zewhx5wrpmm6ccuhpewwn	4.37685091396696	1.65961024403716
did:plc:5ga5d6ykuqpoq5hcgiy6mi3x	5.15982081113037	1.03531066163674
did:plc:5gfg6frzfwn2k33rmsh3htv4	4.11462861742354	1.35049915740393
did:plc:5gggpdyebevzavsdufsu4hso	3.1752336010182	1.52163696126841
did:plc:5ggiv5smphfabdhcf5hrfm4s	3.75929083700079	1.64963711847455
did:plc:5glcaszf723x5tkco5ngvxou	3.04810713191956	1.56727649883546
did:plc:5gwsuspi4g6rvzfpys6xgysa	3.89380269125983	2.06120938122091
did:plc:5gxmd4j6eefcspwt7gqyvfzl	5.36436749286255	1.21536454121975
did:plc:5h52utzbyd536s2m2whm7ju2	3.71168647444637	1.49416054192548
did:plc:5hao2vqvl3rfaj6kpxzrkezj	4.67899365030448	1.52615016931052
did:plc:5hfgqipwhy5bkeydkjq4qqnp	3.17927800377438	1.64247612735974
did:plc:5hhlwmv33colva4762ufqqgh	5.00438627784449	1.13580452249861
did:plc:5hiieo4gicxhslbs35vhlxue	3.00505902918631	1.74529062956928
did:plc:5hjp2ogmqg46n7evhmv7el6t	4.19559409597117	1.82536192358272
did:plc:5hklrr3pcsvj3dcctrnyr4xv	4.35884426165073	1.52096549785735
did:plc:5hoebrdazcqks25grzicv6x7	4.15878101346647	1.45459287077279
did:plc:5hvv27txnov6ybqc3efitzm6	3.11521350468677	2.04824160951764
did:plc:5hw3ab55mf66h5vioimtmkh7	4.09422248990969	1.68210146693947
did:plc:5i3st7gftdyy5rwuj2x74dir	4.03922824456111	1.49096941383576
did:plc:5icje3vgy3icmbdzt35qunz5	3.9363016112174	1.36973022400288
did:plc:5if3547gabdodxzpunyyoaao	5.47809177515561	1.16640838770143
did:plc:5ifje6ilmt6szeccx57acmhz	4.62277157962489	1.59802054850393
did:plc:5igupkbybvcmspzo4ix5xzlw	2.84617258127611	1.73787534216693
did:plc:5ihfwo3uqx2jfrjir4jnx2yp	3.16893248143836	1.32859992560272
did:plc:5ihohgutp4cjkril2zuutsku	4.98564669464042	1.52706026857693
did:plc:5ikyuprvgnvatsazxm4svqrt	3.17420564580424	1.61961967057755
did:plc:5io4thxb5ugrjtlpflfscvzb	4.12181248543394	2.00621489925214
did:plc:5iop3y4dve3qqf6gjaeyw46y	4.94716296835273	0.968668666285113
did:plc:5ippjzx5hlxfnqdfijujob6x	5.6984225833356	1.33002270272837
did:plc:5iqjszrklndfnbslvcdzdcwg	5.39462309641018	1.19852011471833
did:plc:5isbr6ssfak75uq6noratbdu	4.81445876437683	1.3179064577532
did:plc:5isgqcjqezox6ciuif2akjem	4.23889254285306	1.30968132168623
did:plc:5ivrhf47wpjb2ps7dzxhco2e	3.98684069224101	1.20437856079678
did:plc:5iyfwd4xe6ltzypkdbjhgvyi	4.46435415807377	1.30938623497598
did:plc:5j2jcca7hwshuxts4bn2xwyv	4.74702483945817	1.30339219820127
did:plc:5jbj2wzit57tfjmmwocupfs7	4.48709293832191	0.891179573825203
did:plc:5jhfntzleykrevw4k2ijvdlv	2.62345103926357	1.34474308101164
did:plc:5jmywzqn4tmavmwvv5hbhg7d	2.53381465523224	1.2389542801879
did:plc:5jqqcutfy6wi6nrwu2zpjrxb	3.44297082304542	1.65294922278932
did:plc:5jriwu43gc7vyxr6bzfkq5ij	3.97733638982821	1.62616708927822
did:plc:5jwakecrksxgiqnmchupgfvg	3.26838729483437	1.95100996213814
did:plc:5jxjp6e4pbvxi3ircaqklzi7	3.14205003818482	1.43500157386862
did:plc:5jziql4cassf6toxuumy22rv	4.68946649286069	1.23350817303225
did:plc:5kbflmrhkvfy4syzub25kgyy	4.63433025041466	1.67691964846716
did:plc:5kg44d42v4bind2yuswofbid	4.43568326262075	1.44547454540041
did:plc:5kiymuk66n6impxldyfq374v	5.9783251033224	1.13703115365752
did:plc:5kmiwzsmmtitrcwwks74e42w	4.05135939834086	1.47769110709079
did:plc:5ko2hf6sxpxaoxgmqtzyij7p	5.26975140322812	1.3600760917341
did:plc:5kpjvfypa2emm7xypwtxsmaq	3.1838141361598	1.9546861949478
did:plc:5kr5hzc3iwk6gksupbfeoxsi	3.19956867195706	1.47765430553458
did:plc:5kyhjibsysqkvoz7g5eyeqb2	3.19400529069088	1.63851536238238
did:plc:5kyjwefo2j4lpby5xc4ufmzv	3.99864843716571	1.3780050106289
did:plc:5kzpyj5i5wmzcvzkxgynw4mu	4.05440601813399	1.50701510942015
did:plc:5l6s26ujvhybkjcvkp75qt4u	3.15632148115454	1.68099528106558
did:plc:5lgs2hjpao7jye4gqx4w3lkj	5.14642967534454	0.787677995290383
did:plc:5lgy5e5c6gi466vhvgsgmddm	2.06208146776302	1.19136590338619
did:plc:5lh27vtbma25zwevopdp3jfi	4.32962864344013	1.42975204765175
did:plc:5lhf3q63zjqqmjwalvglktru	3.13674933101946	1.38277451201402
did:plc:5llgtlhdog3kyo2nkfirze3f	4.08265518472544	1.65090212089249
did:plc:5ltaaugia76a2zj2pbfqnfse	5.74243915699851	1.06875628586288
did:plc:5lxk4zc74cog3hj2gyt7btrz	4.44268026979722	1.49429801797926
did:plc:5lzcad2mfiep43woiltlpyvy	3.39686835026399	1.97392145135722
did:plc:5lzojjzuukf6uez6qtgy5dq2	4.74890804531781	1.29893681045356
did:plc:5lzrrldiotia4okqmumn4pyf	4.36697604151612	1.20086436279892
did:plc:5m6ry3rgz7dz2qrjnjdvkw2x	4.22727075907797	1.38514638806858
did:plc:5mbbhuziwar3gjg3tor55gcd	3.57539834185675	1.52468734501493
did:plc:5mbre3btdt6ikil5rxl44qlc	4.42703140540208	1.42687262190327
did:plc:5miowlfrijlmooalnsdaigey	4.21430279320368	1.42182301867538
did:plc:5mndx5ums6sl7bnyysj6o7cf	3.90912897826925	1.43060241113683
did:plc:5mnpfwc5tyrxmuygg57m5y6k	4.85767728081192	1.16082515239724
did:plc:5mqtaolzfro5m3gavoyabkmb	3.68466875268298	1.39225604915301
did:plc:5msoe2l23nouixusngal5ulo	4.26551337823525	1.17542846867235
did:plc:5mtnqjjmkyov3ga5vq2weppu	3.86566453848567	1.74829304227893
did:plc:5n3c7ef6aemib24wiykpaabd	3.77036676049999	1.42555764327368
did:plc:5ndeaafsdvs7xuzugfujzuc5	4.09749958712368	0.935941025560068
did:plc:5nh5ahyrhxf6l5stzwpjn5fl	4.07988176600391	1.19288257959122
did:plc:5njkfiu5jqwxewz7ikhxo6qi	3.50002026440395	1.72367791736712
did:plc:5nklyn3zxqyso4avftbavdgj	3.75504493359717	1.29478099037188
did:plc:5nornjeb23mv5huw2mggrrhg	3.27208769393135	1.81510593515119
did:plc:5np6pnzcdtoem7tqz2jtu47n	3.59334809535738	1.28241395543795
did:plc:5nupdmxcsctpihzc37y2mfcx	3.33747730340751	1.64276819587831
did:plc:5o2ljqnhuwjijtwvlelfqk7w	3.49171601567145	1.37196212081637
did:plc:5o5z2uduilombq3ufydw5qwo	5.36441261683901	0.939938139988534
did:plc:5o5znwpjtxiuw5n4yzltcmcl	4.15448027255253	1.29182347208296
did:plc:5o6lug4a2oawhcftpthq3drv	3.88494626338339	2.04447274682513
did:plc:5obnugkiyc7ymhpn6dwikwzz	4.36119711259757	1.33162429044545
did:plc:5od473fcu4xsu7c3kkfzelr6	5.41634329892249	1.0210283731788
did:plc:5ogau23ocdcjazfsx3a2dwbz	3.33545662678852	1.1877096646614
did:plc:5ohlrcheddp5nkjs44ciyli4	4.79921547857242	1.78664099581844
did:plc:5oijyvaozpquvy5qxz6crtyu	3.64324492070508	1.31802025131807
did:plc:5ovsifutadez4yui3tzq4qoe	3.59823539729509	1.33483621028614
did:plc:5owkzuueub7jiimjfjq2isiz	4.59746198097063	1.54381147705953
did:plc:5pcfm6ntvwnjntpu657q7loh	5.47782578762349	1.18266430903145
did:plc:5pd7qdq42rkyuaak5i5y3my7	4.14153681185886	1.25378782164331
did:plc:5pfdjfpesauurftt5ct6w23n	4.21436822259147	1.21640335137219
did:plc:5pffzikfm35mrdbwtik6vcu6	4.20827324435811	1.99185659421629
did:plc:5pfslu7jsydyt4kpvf7tf2yi	3.22344637671022	1.83198122952671
did:plc:5pgmpqgtsjttrfrlrc2hqvxn	4.57176849453415	1.25166927859227
did:plc:5pmvc4mmowjavfx6g4rj6tmd	4.97029288180628	1.11620457271017
did:plc:5polfmbisbi6wykegvx6xhip	3.69776432094952	1.53188286221466
did:plc:5psjzs4mzhwhmderp4rs6weh	2.87808681591305	1.67860293491802
did:plc:5ptdneleqbhwjgatyu5h5cru	3.98874995372947	1.70516213059047
did:plc:5pvvaiwpj47mep6rs5suepk5	4.05058474784028	1.36076492438229
did:plc:5qaovskb54mcey2y5m7ujr5y	4.00230757815411	1.44018123744893
did:plc:5qfvnlvwsliaar4frb46a7rc	5.63165021482463	1.08443760857301
did:plc:5qg4crtwvq3e24rffk2mzl2i	3.5353220251771	1.6266151100266
did:plc:5qr4uhaajqrynyseyuvavyv7	4.66312289481747	1.33397397565518
did:plc:5qtbvujx4xx6fhrlsex32qac	3.75517668177656	1.83591632955353
did:plc:5qvgsesykers3d6k4tlhtjzc	3.91766527561378	1.72334742787068
did:plc:5qxeii3jgx3f4lrql6bc6ngt	3.0023221683916	1.86806666636304
did:plc:5qzubm7x4qqpxb7uxhemwvp4	1.58487192656215	0.787686672087962
did:plc:5r6is352esdnpr7jbvcfanp2	3.50948701146868	1.47088127887886
did:plc:5rb3lktivpbkvdimgd42gkev	4.63072154260295	1.12279806044837
did:plc:5rcdd5dskclbe7jxra4ypmrz	2.98378004274301	1.30143286044897
did:plc:5rf4k26qywlfrqwolmm4d2gy	3.9773787612961	1.57613797775924
did:plc:5rgchmhrrg5wo6zjp6hrocbd	3.97767560584656	1.20514506251999
did:plc:5rhyq46rqqc5bes3x7vzhbdj	5.16282153346996	1.08857012543996
did:plc:5rj72eojoolwnyr4bhqzleh3	3.30738714812084	1.97685557306386
did:plc:5rmfmiddfrbw7v2n4dbd25wt	3.43236077272771	1.52489730859526
did:plc:5rnhrynvb2y2cisk6sd556u3	3.50273080856886	1.77813524237608
did:plc:5rqf355buy6hxqz7dedgz26p	5.04772476488337	1.58422095876775
did:plc:5rya2x47g3eab7vmv6myzwyk	2.84098805527287	1.84576209806554
did:plc:5s3rtq3zenabts6p2ggkqceb	4.79072460044233	1.09753196747348
did:plc:5sdgjmaunvsqi5pxxiattt3e	4.15038772625707	1.44763335828673
did:plc:5sj7gg7p3f5ar5tpqhcmwbsg	4.43982856778975	1.38230143571652
did:plc:5spresuiamm6zifvtq5nstpq	4.12360605649956	1.33211479634888
did:plc:5stb2fiqvbsqbys6rplupatt	3.07766076783696	1.88236450036564
did:plc:5stf4dmkikju6tgznxc7rtr6	4.1622157115596	1.61085424506819
did:plc:5su7hhwj4rsfkzgv7j5zvmww	3.99135029538303	1.30280478476014
did:plc:5sus6j6bq5f54y6efdbkmz7u	3.90632940436591	1.56932067009653
did:plc:5svut2ef2islaajrdywxjz4a	4.5066917577448	1.24844908732075
did:plc:5swwowstdhmpzwbzdukrdo5y	3.85979250556142	1.40641660197035
did:plc:5sxce5v5cxjr2o6pvkmtjrjn	5.15494854039196	1.04989070035383
did:plc:5syiokjlvkympk7mssidpum3	4.48785866074034	1.55006663829342
did:plc:5sylp4khzdydjcvk7nw4b4n4	3.66393050557985	1.44626615887934
did:plc:5tajthsael7yw6j7pjd6lbzw	3.34788107385729	1.38521877108
did:plc:5terysitx3p24trtgmamppbe	4.9994248277571	1.32656602980162
did:plc:5tmnwjpfuquathf7a7v3f4cz	3.6288460941085	1.72820946254828
did:plc:5tojscrjh4wwdgu6kdjqusny	3.48658056004546	1.62854509307644
did:plc:5tooayww6urkkj2a7tygbg2p	4.72104136611418	1.23046264611931
did:plc:5ts553yv3ffsemdhm225k6dk	3.22341069552976	1.20613091105578
did:plc:5tz5g6nogkmxow37vgb7drt6	5.94037035028899	0.755861944538583
did:plc:5tzemgwdjkhakwhmkivizmix	4.48681726512341	1.54801290746529
did:plc:5u3so23fghd3sgsxueokx37r	3.84590876776435	1.37166558208706
did:plc:5u5oq5f4e2vs3a33shczwrcj	3.94480288460869	1.60163224979734
did:plc:5u7gq4flk23v2uydjbnncmp3	3.30564332565065	1.33371992454244
did:plc:5uanfbied3dieacai6u5x5e2	4.40276661422097	1.58431316811089
did:plc:5ubostnr7lyhdctflfd5ey6f	3.21171060522843	1.16412577053939
did:plc:5udtf6vmz2ddlloxdlg3ebpe	4.96588159130782	1.03846749560601
did:plc:5uecf7owjzjdhqacxnzsu2hs	4.65491463969179	1.23797699527413
did:plc:5uerzo3fto7xs2rdi43isaf3	4.07915008066182	1.68303930577406
did:plc:5uoqwoxno27vfjfkb3iqdbwe	3.01266501091997	1.93946580180637
did:plc:5ut3l7cekia7mrh5j4btsfzz	4.04289547809714	1.04420401873985
did:plc:5uv5friodlwyddrqk4373eoh	5.82046951635394	0.468730421773621
did:plc:5uvb6ftxaa4qon4yvhswjekg	4.16400319114265	1.39638657313991
did:plc:5uxa3q7difiod6env3tgl6ib	4.43400763038212	1.35501604900267
did:plc:5uyayujiedxq4k3icate66cf	3.79479435533484	1.94715640607117
did:plc:5v6oxhuifpm4fztvrighh7bl	4.6818810092621	1.93794037031787
did:plc:5vcl5dknysby3qmwuhjildmw	4.30234113782472	1.37534762332467
did:plc:5vhwzvfcoln2az3jrbht5agb	3.36923766088957	1.89916667649324
did:plc:5vkqwn6econfbfgs25gkn7u2	3.70667942199742	1.41027885542815
did:plc:5vkzvjql6hjpaf4nbq3dfagl	5.01601789519493	1.12726543153449
did:plc:5vlcpt25nv6kqoq6vio4pvgu	4.60974875483371	1.26158064172715
did:plc:5vndqazpy5ubxaghutmiovsd	5.68175371330128	1.07815818293302
did:plc:5vo44wpz3t72d563owcffewx	4.40315675526646	1.86217919894846
did:plc:5vpxiswmiww7af562dyfaqpj	4.10173212899073	1.39100355228155
did:plc:5vqsphemcpcbwxlevxgv54fv	3.96295523974489	1.4394275282723
did:plc:5vqvpbqflsgvcq3hfjkwapr6	2.34080781065774	1.23131422074873
did:plc:5vuo5vkbxgnvyqgf2xoo5lrl	5.1001753712625	1.05747375891211
did:plc:5warx53ytt74jbfh25mpkuzf	5.32147537610202	1.34534291220813
did:plc:5wieft2wq5ikrb63zxq3yhaq	4.31269061512901	1.21675606050824
did:plc:5wowczrz7hp64b2edy5dbqhf	3.27940509004656	1.43385226215162
did:plc:5wpoqjrbnkorkdchqlms6atx	5.11269132350178	1.2783952913843
did:plc:5wtc5tm3oblb7mt3dfcggdfx	4.85106637273399	1.34983093343455
did:plc:5wuqyy2gb56ne7si7357swlu	3.01144966071965	1.81176651024934
did:plc:5xe2ayecaqreumskhci65vef	3.07042889499954	1.91810750259268
did:plc:5xix5begxnw6spz3miwrg6ce	4.69003483838099	1.3043428636442
did:plc:5xqrklrrjtmujuouhwlx4q7w	4.48100600644453	1.3978099803245
did:plc:5y4oyde5nie57gvlnedr4lan	3.46432419037662	1.63424542065008
did:plc:5yats6mdrfjukhct3jg7voqv	4.19323719436472	1.14383627669095
did:plc:5yb3ztbkvd64cvd3gmcjvp64	4.00544285116112	1.19880210524751
did:plc:5yl3n3s4kvnkwuz5isn5kt7y	3.63348526245216	1.48873918579849
did:plc:5ylf2ahdt2jnfqh75fakyazd	2.84295138948008	1.37647432490934
did:plc:5ylhfzjhvanugdmcc2ryiyxr	4.50924904855172	1.26049707589851
did:plc:5ylrlvng2rt3tbyykl3jtjrj	4.33289296919585	1.35639553165018
did:plc:5ylwqkx7tb6u3mslwi5qmspr	4.86774753787242	1.63435538430216
did:plc:5yspmzktokikth24amgldam6	3.035940034462	1.65986632316821
did:plc:5ytnjv5dstnh7qsixtteb4bs	4.0787144743738	1.53942472688104
did:plc:5ytzs5dn5wjycxxqdiu3zhiy	2.97229377571516	1.36401709524304
did:plc:5yuu3xtiny7ktuoaabupvycc	2.93074218650175	1.51072552500884
did:plc:5ywcrmukbdkwsecd5tyvsisr	4.13361782689778	1.28238655123489
did:plc:5yxpzvlpxipeuiapdxdz3drj	3.95536768552537	1.31912149427545
did:plc:5z7rfusjsbidqectdtqql4ez	2.94502096157926	1.86408046415637
did:plc:5zakn5uaywxs5mqmbt35jrvf	2.90343507505686	1.75751262177571
did:plc:5zc4rwprkw5bgew67q7hxgqm	3.95282227725929	1.52530618297764
did:plc:5ze7iwk7ryyybebzusw4fsa5	2.87270744618829	1.83476295331889
did:plc:5zitf6nxdmvftfwfniswl6kh	4.06346338166876	1.46599056995765
did:plc:5zrmzhymg2aug2q6hxzhnhhg	4.50212985996562	1.6918490971354
did:plc:5ztgp36hsmmj4xlpucvl5in3	4.99414829428033	1.41504708970927
did:plc:5zuwo32zrtgezop2llxwqgsq	4.27695296376331	1.88461635102513
did:plc:5zzeipbbukf5fbfwg7epzcey	4.28939302570766	1.31508189425898
did:plc:626g2eaq7ie2pnjpr4i32rvf	3.56913409390749	1.64897188786792
did:plc:62bas25zjq4yrthmnt44zsag	4.18625502742719	1.31503697270587
did:plc:62fbiiwovqekuncxvlupmzhb	4.11686692511147	1.26344226769949
did:plc:62pnr6cmfk3wt2ehrec57q2p	3.54328867634439	1.35210106378877
did:plc:62sho56353o7e52nfrvlwddp	4.5125512897976	1.19667521980875
did:plc:62twioylrgbk4ar5agfirm3e	4.74388356978098	1.97500178875849
did:plc:62w2f2gvai4zmk2tct7j6zid	3.93739886541489	1.66488274666063
did:plc:62yhtmz75gmlfooxsivky3wy	3.25510690474045	1.80653423929884
did:plc:633o7zrolnyhlv76tmzuifc3	3.38917509910077	1.46621774457609
did:plc:635zoyhma2sspcpev5cdurwd	4.152991753169	1.53654623623275
did:plc:636ynwcffcrnq47lahxgug5o	3.7171865212972	1.57096542288143
did:plc:63dgofwie6zwb77uvdwlvdve	4.35595724153492	1.32101292512427
did:plc:63hqu27mz67o3sftjtla4tcz	3.87663401474036	1.44135212361483
did:plc:63kz7ljqw2pchqlwbx4tnqfj	4.03702526294018	1.00950408885961
did:plc:63rp4nwoznj4xoqpqhwiuqqd	5.13156716568071	1.03205032152242
did:plc:63rx347dxyt6t2wkpvkrafrp	4.95271891783585	1.47801557895039
did:plc:63xldie2kuwn6f6gq3zh4vzg	4.03854141185554	1.25024360297289
did:plc:63ynwhzgjfcipwbndz4uwlkz	5.65145706333227	0.801255286099642
did:plc:63zpkmppiqcpm3q56wwbckxb	4.61503470258625	1.23696235658648
did:plc:6472pzjfd6l5tcc3f2rnwtz5	3.59970990312745	1.65845021802135
did:plc:647cnapoul5tkkcpjmhr23xk	5.05632190767547	1.29736316701355
did:plc:64bgtrlk6ehazo67ampp5bny	5.19926028586002	1.39537333766732
did:plc:64cvlposhqveflskm3kwzkvu	4.51483854149153	1.59287107705513
did:plc:64gugwfs5yhytt7rsrzcxfag	5.53108425600758	1.05852909314157
did:plc:64imgnrg3mgnxoi47q2nuxx6	3.50722590454002	1.2333218366119
did:plc:64jdowrwmdhmdhew67gb34f4	4.57198953422225	1.32448687044466
did:plc:64soljosjlbcssknxl3lyl3x	2.54619283221405	1.55299449307707
did:plc:64sqrwzfb74e4q2mgtmuz2wf	3.77156186457719	1.70962812410204
did:plc:64ths37nag2mn5ekcvkqeev7	3.03021030290705	1.50150260793253
did:plc:64v5752skoum7lyg3lv6j3kv	4.07569718134953	1.46565096876995
did:plc:64w4uvbk2f5slxtkp26std6t	3.52311345645835	1.29363699171045
did:plc:64wp52eetqvhkqnsxrgzbb4v	3.22413118730828	1.41553535584509
did:plc:64yc72paok6vhs5nrlhdy27f	4.06077395198696	1.21332274186943
did:plc:64z7lzs6fnt5slij6xqeyuso	3.69938083931218	1.46235792859783
did:plc:64z7xcth3m2d3tn6hs554n3k	4.56532210735608	1.62911697955638
did:plc:652dyptbyyrhqgksys4thkzy	3.21465091911227	1.21678589954957
did:plc:653wjrby5w4pgoyjjud3mnc7	3.46346936170415	1.62090148377191
did:plc:65c3sbof6tlxq26eehur2q7d	4.05448035830482	1.53066160898511
did:plc:65nn442544w6oudbvfnmnedo	4.67704102982382	1.50587490659185
did:plc:65nu3whf65bgpj5cgfegjobl	4.0785357814883	1.41412348452793
did:plc:65p5o54unmsl4iyz3kt3dxz4	7.5614381202673	0.364180576554058
did:plc:65scjfta3rr4xzedfxo3u2bp	4.69314107906292	1.37727352260027
did:plc:65tjzuke5a5xoxqtgzvpengd	4.14246969265229	1.34258190498173
did:plc:666js3eietcxcmz4zzlt3hgy	4.79682589895682	1.27082709275906
did:plc:666zgimxh33o5f7nu6fg2eth	4.14935992181261	1.16537119464557
did:plc:66p7u3usgdyrlld37w6edo6z	4.24793634747726	1.24038613294793
did:plc:66pvtejhz7h4nnm45ylprq63	4.28381231646482	1.36829610612405
did:plc:66rlu3yurmj4wkzv4r2xqxwf	4.14740839346055	1.26693828783791
did:plc:66xahkpp5hqc3grxulawq6uq	4.23212166426082	1.37055502602423
did:plc:675tyeboye3bfef7fiac5esb	4.39046519527457	1.11252657390593
did:plc:677dz3oybjn4h4pb66d3zdjw	4.57724712501193	1.662450721068
did:plc:67drjfotqke7x5gn5g4ggzgt	3.50103959552199	1.48591397816068
did:plc:67kx457qtbgakmtpe4vwogvm	3.49084154997976	2.07605680172588
did:plc:67o7hxo63nxsx5pdpe7hyvuq	3.8933569282999	1.34951539192685
did:plc:67q4fdtauh6dzegdewr7ned5	2.39959591843546	1.31829777421652
did:plc:67sas5xttkw4ytf2clxduflo	3.84997595361262	1.58062948116931
did:plc:67tye7lakrsqahqnfgp5c5vf	4.14069958384418	1.35920342047493
did:plc:67yqucncy5zy4zh4nfwqpsz2	5.02196835251869	0.947522939891963
did:plc:6a7bn5cq7ygzjpzzeeauwbe7	3.36208294209703	1.32962266842422
did:plc:6adlbgv2cey6cs6a2w6v7s5a	4.47237424625896	1.34886593326534
did:plc:6afikuliluwmcn4fwksxnd53	3.30280963640314	1.80539279200356
did:plc:6agxib7gnuhkly3tpucdp42w	3.43419718527931	1.5803723523934
did:plc:6arvwljic5wd3plxdxye3gey	3.47771603836639	1.75217270166613
did:plc:6asjgvg5bocke7p5zevibrhs	4.6486424513151	1.43007351853267
did:plc:6b2brfsutrzz6dqdqq3phfho	3.26278761851354	1.67304156807549
did:plc:6b3ebxezauw7zud6h3giaega	4.29888264373049	1.26064387123736
did:plc:6b3f4pc4efsmywcbsgfsazuu	5.1008496367997	0.930098796138518
did:plc:6b5ftyvmbrpal5urcwdovm5f	4.54727551687166	1.41548935114448
did:plc:6b7jwcxjninglpkhr3lcy7uv	3.13251297642287	1.2658381616611
did:plc:6baf2mkzgrmmeq3iqn3rb3fs	3.01620377257506	1.02076006759659
did:plc:6bbc6lyscax5s3oaijwlxoed	5.03589889965503	0.786550843915568
did:plc:6bcb3ndbipfvue4op7nxactn	3.54580799330334	1.52235397986431
did:plc:6biolnr6lrxnzhpue2mmbtko	4.15995303062792	1.18317904393502
did:plc:6bljd5yosrkghegbf5pkw4h7	4.83765925339235	1.13532323618184
did:plc:6borgtxuoxicjeqyqrh6te6z	3.23523616527241	1.78542670359378
did:plc:6bqaqdqgi6betdg54dxzm7ic	3.4797963224235	1.79470401563971
did:plc:6brsft77662e6z5x5nbmp6pj	4.37608473847846	1.13574665740615
did:plc:6buevgtqwz2pdy2jafyxjkhc	3.85542780658547	1.50076865846634
did:plc:6c4uluep74orkkwykv2wfmm5	4.62370275360997	1.35336232742155
did:plc:6cgcvuq6xxnblxadhgrrivrl	3.41736185951728	1.63633826178628
did:plc:6ch5bdjmcaequngcgbbd635i	4.59557101839562	1.34000960470592
did:plc:6cj2xzbh7x7kev5nm3i23rts	4.15047515872776	1.50120901181098
did:plc:6cm4orbky4cocmqdfyeaari5	3.62108492585179	1.16031667556375
did:plc:6cpcdlxderxofmf4tw7jhjkr	3.63888601648183	1.4344408736527
did:plc:6cpcu5oiepcrtuc4nkmj7rcu	4.65003512765404	1.15190348202895
did:plc:6cr2cami236ceaebdn4emyf6	4.01222412744777	1.63049440085981
did:plc:6crmwp76ukxejs2djqib7ng6	4.17113778996665	1.49787777858837
did:plc:6csqny7gjrvin2ozcnqvolgh	4.73077917162355	1.40150563231496
did:plc:6cug73vgd5xpmx7ivong6axi	4.46882118864876	1.52422193923089
did:plc:6cxdn4wst5otyjzf2atwb6qk	4.35598609550052	1.54262613688659
did:plc:6czaljvexdibsjvaqxj7srfy	4.05069124871455	1.30580107256096
did:plc:6d2nmf5cdrs7re7krpwwsajj	3.32115784270256	1.38756713625934
did:plc:6didct4zs2klfpanpbtujn7d	4.7949053331581	1.22912212784977
did:plc:6dju55ds2sqhspvlbv2it2rp	4.93870445467753	1.33836280588054
did:plc:6drpf5li4drikqp6vixnmheo	3.42766528880332	1.22447500958987
did:plc:6dylawaqccqtev65ftdolz7u	2.97809602354775	1.93206974689845
did:plc:6dzolwz5bor3bk5owoeieiub	3.45920534321465	1.38140182517948
did:plc:6eaktpqzs4v3fael2emrs3en	4.86146590755837	1.44631127992013
did:plc:6edkxdvd3hanbemuyug6szie	3.30767993341165	1.6851996391714
did:plc:6ehaai7n6eu27fyscm23tn3p	4.4405397027671	1.4732202939497
did:plc:6epp2yr4d6iy6upwas2dga3y	2.99854341365695	1.57831485689575
did:plc:6eq6mxf2nakncclbior5bibg	5.54676086599077	1.22651088263735
did:plc:6eqz47gvww63xunqlgs6nrw2	3.84325880741282	1.31352324750167
did:plc:6etv2tylqx3a77km4mtigg2i	3.2975172723598	1.61904494365843
did:plc:6evjjx3yaofcnbkfeai3ghgh	3.44856304302349	1.93624336540367
did:plc:6eykbvonneoda2ltdelaoujd	4.01093137845136	1.46309879135024
did:plc:6fasjmloyn4pkq7ea3qtw2j2	4.31130480901308	1.41409755922896
did:plc:6fczde52v4htctemopblp7dq	5.13741159106265	1.10304929452143
did:plc:6fhtwcwwvsxwil7y7y5pp2bs	3.80064329379978	1.38979416197427
did:plc:6fmorw63trroqufch5ebrvtw	4.30301538003797	1.46825946575681
did:plc:6foyc5y47eocoiddsnagnhtl	3.42117616710215	1.61885987872858
did:plc:6fp7pmcltmzoc2jc6dfocsjg	1.95051324045061	1.011757276245
did:plc:6fxknzvtt7onvbsemdmuh5co	4.61274597362384	1.22903255574949
did:plc:6g4ui7foqmkdxic7wcy4xn6h	4.0275886528876	1.41028700413202
did:plc:6gachd3qdigdsovn4geefhzt	3.61943506152762	1.88737149060434
did:plc:6gad6iuajbnzk7htc4vrf3ez	4.5369211415664	1.25911947056797
did:plc:6gg25t6b42q5hmn6ccxw5z5h	4.85520937238699	1.22934781503684
did:plc:6gkl2hsh5yk6cxguhspvu2v2	4.99277684922579	1.42008398056891
did:plc:6gm4kfjfez33n5yhi6ckvfv6	4.36115011174479	1.52155515114242
did:plc:6gzxc4o2wabatv6m724yxv3p	2.78231899737951	1.77373643198572
did:plc:6h4lqkhvj5gx7dcjpdcwqnaf	3.40723521252817	1.53172064795362
did:plc:6h6l7p55hb2teh3wfy5dzpsf	3.73165194235991	1.32109201411548
did:plc:6hdk5bwnydgroqwtswdtmses	3.72055017777959	0.0535466903455077
did:plc:6hkzdcp74v2ewwekvffvva7d	4.57700506379965	1.46687481754729
did:plc:6hl3az2zlv7knj4tjg3wwzvw	5.43271472739825	1.13279920871182
did:plc:6hmfwalke34ex2pcroxptn34	4.3308089727462	1.38005991211463
did:plc:6hnketijqdacpldk26xh2lu3	4.59900321859202	1.33802857489737
did:plc:6hoquwx5zxery22q34gim2qm	4.32083708790945	1.61056450864384
did:plc:6hrh42552twd6liyle6tve2f	5.39405230163647	1.06181855226857
did:plc:6hskua74wbqliwlwkdrxghtw	3.96548041284814	1.60631289283988
did:plc:6hujnn4llnrtvtuzvo5iwypf	2.3739855460546	1.41945537143871
did:plc:6hyreanhalpev6wrfx7e7xb6	4.50027634900568	1.46230640213602
did:plc:6idppgrwhdxsbcdkjsepoiap	3.62493985264806	1.59312276155821
did:plc:6ih3y4hnajoyxd6zj4kkanbp	3.60671865022058	2.25813476626794
did:plc:6ijqniryunjc4xnrnoyeqlkt	5.55861113770632	0.965906538032009
did:plc:6inxwdbryteslhw776otl3jp	5.81976472790709	1.20570092288351
did:plc:6iolnknxvltupkoqmv2gkhvc	4.5457001755744	1.34765493840614
did:plc:6ip5eqdp3ihh7zob2qjd6ddx	4.32750995471256	1.36929116200594
did:plc:6it2kqssssi4p53oe5s4saye	3.87386720902767	1.55750927011193
did:plc:6izoe4mjviuvn2fx3oyh43e2	3.66062175505671	1.69405815442631
did:plc:6jeooodgztolq2uoskclfpgx	4.1462328031862	1.88044122553939
did:plc:6jjawzwaw2cbxplrwbgjow24	4.33845173796692	1.33789331575761
did:plc:6jjjzmuur4x5l7o3dgwqwrm4	4.09385891874188	1.37429652922064
did:plc:6jjmlf7bqy375e3o7h3mddos	3.73096259324812	1.58470542814094
did:plc:6jk2yzqbcdrrnq5toedebkbc	5.03977991805763	1.06460489157002
did:plc:6jmtgla6xbjpwdd6waufrow3	3.97122797796727	1.45738721460372
did:plc:6jmzjdvr6g5utpumemgbzudb	4.32594744943067	1.83067109493125
did:plc:6jnixdecoplibhtilam6yndz	3.2539359497857	1.25203066756639
did:plc:6joo6shxbaj4eg24wu3itxwq	4.17388695972913	1.74803026014658
did:plc:6jovtbtoxudi5robi5dfsxev	4.67768448240748	1.21755384690602
did:plc:6jv7crnpautmrc4bgo22xqkv	3.14759707854411	1.62823138719403
did:plc:6jw7mvqidutohsbur6v3454b	3.87775375082682	1.80461561621543
did:plc:6jz2hnhewj64jkyczl73mj6s	4.33340012303359	1.34755164034148
did:plc:6k2ubfyyderenh6jnc5ibel6	4.06447023680705	1.46314987961402
did:plc:6k4r5sthea5z52qdc5ccve6r	4.23528196719598	1.48262663679495
did:plc:6k5d6awheeq5xumlsf7r67yk	4.5056798807032	1.95414099743347
did:plc:6k762nwluv3c2crbcbumrdgg	2.63253446059637	1.46272539326516
did:plc:6ka5cqus2tto3ysjkhtzkuzr	4.64062770040059	1.74818951780302
did:plc:6kldlncogvehpunhqjy2aoi6	4.39692391567021	1.3395643384172
did:plc:6kqd6lxdyaou37ay2hn46k33	4.63040025536349	1.2173392574377
did:plc:6kuaqm4mzvyq5lplalt4qgkg	4.72504696476556	1.7268474741925
did:plc:6kwcvtkfgktdxjocm7rq65os	4.48908978234578	1.48610753714767
did:plc:6ky4wkuzlubhrcoox6jbyst3	4.0085157114102	1.36328638562215
did:plc:6kyxtwzfalpuhau3fsex2rix	3.4362168365615	1.54622121852673
did:plc:6la2xxelm7jkxnd7zxrpjoj6	3.31427447102539	1.61236433033052
did:plc:6lab6y7wjxlyotqjsefcxt73	3.77150910104191	1.17716783484276
did:plc:6li2fv2co5mt5e5oesqyaahw	4.23900790610223	1.37432282560778
did:plc:6ln4266fkkwfye4unaoosulq	3.81522443434307	1.47255146965389
did:plc:6lrdpu3t3kksitnvlbv2rln2	5.79277066869742	1.11278904629598
did:plc:6lrywpztoeet3ubnp3s6hm32	4.46580436597447	1.34541999249623
did:plc:6lxncloklk4ztryzshnqkye4	4.58015795990457	1.15529373034099
did:plc:6lzei3bgiaeyavzd4o55p6me	5.77064601009063	1.09657325714899
did:plc:6m6loih3ubzwxjlcn6ytns5i	2.95646465770853	1.81886734618714
did:plc:6m6ucnnqu55cqmz56qvrx6oc	5.61490068820036	0.913360175495197
did:plc:6mlnchazikqivcgtw3zhn7yf	3.84080158977963	1.47425929981202
did:plc:6mocxy76qhlrhhp3t7ltkbqf	4.25933378024054	0.954801513223446
did:plc:6mq5qekhbekggjzdz226b42r	4.19107529022559	1.57860973565024
did:plc:6mroxw5ybtbon35xcfigw3fn	3.80874128713795	1.64004304237558
did:plc:6musqrvjkzh6zpanmtzclwyn	4.42960372323895	1.54714670486451
did:plc:6n3334ahniznnaoexnh5t2yq	4.43801182769048	1.56318981138934
did:plc:6n45vjjat7azhbuenbv6oyvy	3.55565753403845	1.38327257980771
did:plc:6nbjhthaab3hie5bpxt3x7uz	4.04764959795165	1.45548187464483
did:plc:6nbs5pimvmdskinatju33yk2	3.36664519155208	1.74307584226269
did:plc:6neqtpsvc77dsumidzzmyecs	3.2118403826101	1.67236065821991
did:plc:6ngzamb4ywihakdoqhbwprxa	5.21219864091834	1.19301084531815
did:plc:6nljyxsbxkdp4ag7czqiveps	4.20946690158774	1.45922685517928
did:plc:6nm6kfrynhlgpdxxv6vqgm2y	5.29276637904383	1.16146765516585
did:plc:6nn54vhy3hs42e7l2uu72aaz	3.10145714827115	1.37757990538062
did:plc:6noowl7wycvoubcikfhg47so	4.1568591791264	1.38495138994125
did:plc:6nuh3in6lvonfedjlww2chhs	3.56118070000342	1.40099604989014
did:plc:6nvhr6qb4d3uccr5xgqpbrsg	3.56408787977693	1.51453372586864
did:plc:6nx4qtbmzokqrflzkxpa4ttm	3.2215596580878	1.4094344748805
did:plc:6o4dc2hwx4legpi7mp3uiyr3	4.56049637146425	1.23904778247498
did:plc:6o4ofhlvxooczyxyteoxhdvi	5.2756328649084	1.0232197483464
did:plc:6o6p5rp575bwipyfkohjymhf	4.11700876794967	1.33991396277075
did:plc:6o7w3rqgar4k2lmraefjqftb	3.21551050109949	1.63533569595961
did:plc:6objvq5gprmuleio2qudohtn	3.53116340394381	1.66469722998968
did:plc:6oc3i7iaow3lui4ce5c2aano	3.00551522583588	1.97389644650499
did:plc:6oeqkgulkb4fcvdj5ymsqlyi	4.23660788702922	1.44806386596391
did:plc:6ofc33t44u3nsmrcbgo4344m	3.53238958322684	1.62602356100677
did:plc:6ofqxgjoxkqhxgzrbtzhbx3v	4.61531953839482	1.29352260127417
did:plc:6ofrkoqmflc4m7wtjsvniuuh	4.49721620302695	1.47625359628812
did:plc:6og2xsnmbig4hkun6yvydwr6	4.19493669090421	1.5096907700356
did:plc:6oihjdpbyrjiynfjkbvp4dha	4.065837352076	1.55453379688071
did:plc:6ojpy6eytedz354lpg5d3ykp	5.05535664368862	1.06144608446773
did:plc:6ojsiwnzjsey4grdtfsdtqts	4.43436247651604	1.9242651317527
did:plc:6oprp5a2rbmcncrg3alxkvsz	3.83833757074697	1.35285470637288
did:plc:6osoyxy2bwccbo7zocbod6dx	3.60305105842857	1.68528904123716
did:plc:6otfmssln5edlsiqr3vffhvu	5.23279701330927	1.22945110385286
did:plc:6ouemxbmxer4b3wdqmpznqch	4.18820028446576	1.89209520417745
did:plc:6ouivhxamvm5lsunzczkcvnt	3.46731765456885	1.64753756902049
did:plc:6oypxn3rnf5xs2xzujgrh4s6	2.98647777154317	1.44218360274446
did:plc:6p2b45rneuht5ptxrsfuixrk	4.74631141835311	1.04330244104132
did:plc:6pb32fuobisd7kfkbvjlxat5	5.32481820281663	1.12600275640674
did:plc:6pjzdvetd5nfzoltrdxbtnfz	3.60427645181243	1.47843759721527
did:plc:6pnfpburuhom7dvh3vaqhvuk	3.33408724331987	2.06771741822469
did:plc:6pnfs7jui45u5yoqtvyqst7r	3.95801586569298	1.23092291243032
did:plc:6ps4y5ubhrwc73veokb2ijyb	5.1576268898726	1.07279101005117
did:plc:6psdttvjm775htysxe3ec576	3.34380526051879	1.41653111183665
did:plc:6pxvmdyobmfwq3zhn4fmar33	4.04164782736455	2.42694804951459
did:plc:6q2gj7cbf224d5sgu47tvdbq	3.18272643708516	1.58357312652949
did:plc:6q46vao3t75lkzge7pr4xlgn	4.48352884966083	1.37399852636666
did:plc:6q4mhwx5tlnlynsbiaxen56g	3.42415927648444	1.30026852967568
did:plc:6q4tbnqmo7bbtwl6fedt5kfc	4.24233633850425	2.08706721186305
did:plc:6q4zl5s7cgov4sbscycirxqh	3.42440885169691	1.5757864649805
did:plc:6qbcybcgmfmzdksvvylemn4m	3.42782078235448	1.54725106414379
did:plc:6qdzd3cioxjvu3qser2exyrw	3.51507107554848	1.75245833397678
did:plc:6qgocwz4y6rhm7xw32ipkrat	4.65084548577424	1.36505008641923
did:plc:6qhdo4g36qtjtnax3cuv63kg	4.07240303812895	1.54773592878783
did:plc:6qhyblx2i57cm2xfvubn73ni	4.20923025313971	1.25837215465091
did:plc:6qjx47pe74jmvy53i6mek67j	4.07199378000559	1.92856045492339
did:plc:6qsyrmc6mz57yrqsve5wgpwa	3.66891500190304	1.44508633068847
did:plc:6r6dz4uti7kxxkh5fm34sbg6	3.67113289509034	1.64306874505295
did:plc:6ra7ble3zjcygvfp37zfxrqb	5.42983720877517	1.33080341623906
did:plc:6rbxexm2jnawil6r77o6trdz	3.98827126233308	1.25428085534945
did:plc:6rdkzdf4nk3xvm4e4sqz4ymo	4.29213996707126	1.36885529734657
did:plc:6rdthm3ihpqfd7vn2q2ktjrz	4.8934064209187	1.2530159681294
did:plc:6rfwnnq6ojlyl4tcr3eqrdfs	2.87701782635228	1.1157503402893
did:plc:6rholgnxzofamjidtcgt4ect	4.5957263536461	1.58413153427875
did:plc:6rifpdeitnvo7rl4xskzw62k	3.69382027111506	1.58989513452477
did:plc:6rzz6ypn2mhdqsmezvyxafy7	4.51251222434675	1.13405620108015
did:plc:6s34kk3ww3tgwklphka2ofcc	4.79030956522487	1.54077637713597
did:plc:6sgdz534oqdwcvqphiydpxt4	3.69201865070952	1.35646840564624
did:plc:6sn3yukwdewhipyfjy2sttox	5.72204949256311	1.456978742366
did:plc:6srr5l3k3unxl4yjdku2p2so	4.05451447157823	1.59862790968384
did:plc:6t2eb5szbxkjp3djgewc5eaa	4.1837805806778	1.37731089598343
did:plc:6t44xphcxnpgh2wlhi3qakkf	3.89424725255777	1.46248997714384
did:plc:6t64uzh5jjb7k3husgwzpory	4.46460436550329	1.23931878362187
did:plc:6tdywdemcb23hwogzn5zljxq	4.62623904567142	1.54287432041985
did:plc:6tgu4tukxdurgmza3qngblrt	5.80917057350936	0.805623316304398
did:plc:6tl35y3dj2v27atrec4hvyjc	4.44394837899053	1.77769791655603
did:plc:6tm4rhk4ehqczfzpwpia4ho4	4.13663940683851	0.943024268428322
did:plc:6tx5sf3p7pvro33q6wlzgzyx	3.18958136076936	1.38498309972422
did:plc:6u7cinnrwr4di6kzet6dzcwa	5.07461497052006	1.16720901055317
did:plc:6u7ckn2tvckg6t6yadenawcl	3.84134410917413	1.4817648647562
did:plc:6u7ztfopcr2qit6f77shze2w	5.6868843023184	1.16315828655949
did:plc:6ubzbdjbtcjajzrqcwjklxlm	3.42343254912476	1.71546686166113
did:plc:6ueuwgsdyrbtcftgnrhmv2pg	4.36927072184619	1.6715764222373
did:plc:6ugoea3ujtkhhy6jbg3rl6om	4.86508555120567	1.58063099925164
did:plc:6urbfrvuhcl7kfd63d467dm2	4.32682895235087	1.71212114355427
did:plc:6urnhodub6cr23qfbcq5dzd4	3.81964740756105	1.27341939461905
did:plc:6usqitqvcepk4ffgwnrhcdzf	4.0072833312176	1.15732223779371
did:plc:6usw27wgtvttc4cduqptc3no	4.05971807570069	1.28425311347725
did:plc:6uugqn3hchottuenzjqemoq5	3.84534408182882	1.90592473781761
did:plc:6ux3rc5l6irsfdznophxn343	3.35067098116306	1.46595034374561
did:plc:6uzz2mazmfkorbgjpvuwleyt	3.68515251543314	1.55376877662816
did:plc:6v22jijqthppyyef7oaxeeka	3.85482880554053	1.62773106746662
did:plc:6vaw5mp2rdt5xquzwrmeq6ui	4.30868916715538	1.40209251177128
did:plc:6vcj5u472xqe6spwdnsehesb	5.02501833873643	1.01416692171209
did:plc:6vfbx26gj5uf7vffslwwqm2r	4.59408730216369	1.06181410668029
did:plc:6vjldb7vm3gfrfwog5ny4sm7	4.00648357246273	1.4038805161435
did:plc:6vvui5znmysv22xryskb63m3	3.19043820230678	1.73262512713573
did:plc:6vzpafvqbanjg3iq2lf6gsmn	3.93883253317269	1.49427721121972
did:plc:6w44sgk6fyvrazptgsr6d7zk	4.41854515076405	1.44590150977416
did:plc:6w7j6kwklijyjl3x3fxkudou	3.53588600709787	1.76122173440338
did:plc:6wdbvllp34qr25wz4gg4xhw6	3.14506220056497	1.90736924129919
did:plc:6we7c6durzmawkcgy6xkknjz	3.04407518339749	1.83620886442517
did:plc:6wgvxz6zhyj5m75izxkya67t	3.58013194786428	1.22859686821466
did:plc:6wjbzt7bjp2dfm4jdtgdnww6	4.42789023702198	1.24388595403065
did:plc:6wjv3jv7x4hyhkkddkirjxq6	4.46867794521295	1.3031614500687
did:plc:6wyfs2m7ivj3muu6l5usvnsf	3.72240412696327	1.53721423676008
did:plc:6x2agcothasg6zx5cbk26eun	4.86267317642657	1.27156303294987
did:plc:6x2kus5sicmflmd7hdteijm2	3.98000419585733	1.08976131688228
did:plc:6x2nrkqspdis5r7grrtnfcbj	4.6920508395864	1.18686822495217
did:plc:6x6ef2h6symstsxex7yr22k5	4.3129602211868	1.77686671508878
did:plc:6xcdzoryvcfrthh6pwbnawor	5.93828046039128	1.14562645248739
did:plc:6xdvft32tb4wicaaz5f3iopm	4.67852843992699	1.11093437870006
did:plc:6xhcifkhs4zzl7f3ywbec3l4	3.43188218139274	1.78512843857431
did:plc:6xlq5yvco3dzg3ut4j7v6vck	4.45239489335291	1.24406072687727
did:plc:6xvnelksn2cnupfvxiggxxbe	5.49351633756527	0.981368167738578
did:plc:6xzczlgdl4dklm6hw2xxlgyh	4.57624287357689	1.32240886556748
did:plc:6y3immg6qkuj6nl2uzh3lltr	4.20240467653595	1.31062497327892
did:plc:6yek4uez5vtssvbaw2sjjl2s	2.67605888248936	1.58875001476815
did:plc:6yfxzallwn6jvddw62o4vich	4.35001119438109	1.37372168508213
did:plc:6yjlt3ovzu67qwfyjabpn7gd	4.67197023795427	1.5474054390665
did:plc:6ys64gvzmyd5v5z2npo5az5j	4.691939620694	1.06936176662403
did:plc:6ytczyyexosjtrvciruzyafc	4.24091452687151	1.3288882937896
did:plc:6yv5or6dyn527lfg3lnovmt4	3.52632325924952	1.70686544669815
did:plc:6yveaeyaovkqhuf62snzfq67	3.75570135558412	1.56310489051123
did:plc:6z5j7h5ce6omzikfyl2uiaum	3.58627955793671	1.67077758224026
did:plc:6zaqmfs5ep3o7ldsydg76fq4	3.5031173226219	1.56400887436179
did:plc:6zauulqbyzjk4bvnd7h4pws4	4.99687137089197	0.950459927502474
did:plc:6zbm36pcc2e2ssqpanr6pq6v	3.51554204880628	1.36519415693398
did:plc:6zeo5niuyspb526cvlxqgc45	3.09689807907616	1.98197926547715
did:plc:6zhplfrjlzylwhoou3po4jkk	3.51075629697629	1.79134986696751
did:plc:6zomna7rzee4gvfrtgegewxz	4.97871133373342	1.81474232567729
did:plc:6zoo5fc5myhpxdbl72kfcpo6	3.21994554693621	1.77478061911762
did:plc:6zooptvlf54ja6a6o4j46fab	5.13373315935752	1.35370797942748
did:plc:6zqrza6dvcnbc54t56lgz5wp	5.32080029627513	1.07535973301445
did:plc:6zrdqd34emoncln5szjbuwqa	3.44236904613438	1.69052751997257
did:plc:6zwuwnr74xo63dgadufc3xff	2.96825863669729	1.91205558952967
did:plc:723ozhqcooga7siwxm4ecvri	4.78287767842794	1.16983462977582
did:plc:72b4nj445zfc2ffyeczlhxdh	3.88699105607315	1.71287409891663
did:plc:72dn5cuihkoa35cqx526k25v	5.86635695144598	1.47931383358929
did:plc:72ef3fnvjhu3p6jrx4oepwco	3.55241017183835	1.9116486589373
did:plc:72i7osayjonwp4innykonlwx	4.48610350739169	1.22605715825708
did:plc:72kdbwcmdaxfrufkvfnyh7l7	3.57586231342555	1.37150478295089
did:plc:72ks6jodopjrfoe6y5kqzwlp	4.86205615982979	1.26425889177238
did:plc:72lxmkxfzdphkdapsew44g3y	3.0666284906226	1.89234525595919
did:plc:72lxqtoikvaj4a3crcgbq7ef	3.53485118368316	1.49907099211989
did:plc:72ojd6cdgj46fzuwfgylgpsb	3.947395655617	1.36245172755096
did:plc:72osgypfkem5sa6orffocsze	3.93538852117332	1.63549871206398
did:plc:72qvd2fevayjrlzucn4scz3p	3.73586381777387	0.999138814945475
did:plc:72u3xyyoiovstxyl4w3ndiq6	3.80792036855886	1.10279629916781
did:plc:732fc4gfubv4jufwixwrfgcf	3.60198295907258	1.30893347206664
did:plc:732qmeqflkg5xiaxzfclkvxq	4.9832694647347	1.33590344945543
did:plc:735derslghdf3exmoujdrj6k	4.40894373127777	1.1520290209454
did:plc:735hsul4yhksk2umvxeowrlh	3.20273345839289	1.398058761217
did:plc:73anoovl7olb65ddrbgxoqan	4.6880847220795	1.22303831976618
did:plc:73emtzbifeumaqnmi3pdcxaq	3.2272108169182	1.47804109020814
did:plc:73gy7ciug5qqkvrwtoektay6	3.82975124055361	1.79393528355944
did:plc:73m6sfdizu2gqfp3vbpxz6c6	4.69403072492707	1.01825398206198
did:plc:73nlc52zew7msslvokgv6qce	4.83704176354975	1.66201556357046
did:plc:73r7mxv2nkhy3rsbkdkmd2u3	3.02772712340453	1.81571440763802
did:plc:73um2ouzfr7e2h24gdwuxm6n	3.12003379213726	0.716409516728366
did:plc:73xlb3zjtk3y6objy7bwn4kj	5.33189997110092	1.33370071021038
did:plc:73y7j7sfjzswybpexy4p5fzx	4.71223126857291	1.37291058931146
did:plc:73z2xd2cl4mqa6jzjjk3yjky	4.717240335448	1.34612878088417
did:plc:74325lhc7egarlyi3fagmvup	3.91957444182883	1.26424428452753
did:plc:744pdujwd2efu4tveuolspx2	3.38587044287516	1.47962674644154
did:plc:746v4x3k4cm6jcryv66uceuv	4.31130482275786	1.29507570146383
did:plc:747sdhkc5cfow43dmdwvwf3c	3.77474585511655	1.62492934447459
did:plc:74ajakdir6xr4zazamvrq6yi	3.65922270947077	2.05952991084204
did:plc:74drr7sbpmzpytoh64qb5vyj	2.69810706541786	1.48949634987381
did:plc:74fhuohpki2ou7ojtcctifp2	4.71829734648943	1.22214014533435
did:plc:74mpvf2j2y5mkvsuvfsfsu76	4.2059316566558	1.10428615767626
did:plc:74obizo6bc3yfyx4sjhvldey	4.88075233641615	0.015643648007177
did:plc:74xe75v2e3kkcnuvgvczhuec	3.0476626512355	1.32046027226731
did:plc:74z2gbxcocxaubvzhxbmn7vn	3.3025656135224	1.66131897144399
did:plc:74zfb6qv47rol5gubcwbk3l3	4.34435070548099	1.06770945147879
did:plc:74zpxjo7orfkqzcex3dh664s	3.97846847733491	1.49843500437241
did:plc:75aha65afz4iyfeaysgzxwfd	4.73300429203792	1.35993654937093
did:plc:75be2s2746zv5z7y63hus7l2	2.84134327889547	1.57793871818283
did:plc:75dqbskanylmw6mto4sczxa4	3.41112913983044	1.55338733237667
did:plc:75g7rql6zco5vfdlaj6o7yzt	3.57095717652869	1.28773935878324
did:plc:75i2tj6qkwbhjdiuyoxgizfk	5.0663395118678	1.46701270799726
did:plc:75ilx7hpmq3dmx6f6b2ocedy	4.35352178767525	1.54160717558445
did:plc:75jlcvq5362ewttjvnl4clli	5.3173105391144	1.41274829189392
did:plc:75jnvejqjqkgadg4khymckbd	3.0850732832897	1.33608483180397
did:plc:75obfybwbpoluykxhhkrrhp5	5.69288225759149	1.08255703458169
did:plc:75oj5atcnn4yhegnwuuk2laq	6.14905983060679	0.963797216442568
did:plc:75yul3cn4uu5g7l24or2e43t	4.47397747899754	1.63534728269093
did:plc:75z5zytxujlcwx6z2v4ikg5c	3.11178761718204	1.57584269312563
did:plc:762gyjqhdzhlqi4re62po37o	5.26739311887782	1.46594188656527
did:plc:7636pi7fh2orobsxjg5mb4ny	3.58112734442273	1.56230514358767
did:plc:76e54kuudpzlnbdcbkqko67h	4.07061615036504	1.56849179868496
did:plc:76gcoxv2dwmwcxkzgwhpyeex	3.02908432831492	1.62061181328344
did:plc:76hoypxqyztwvwjj6wp7ibsq	3.51409627651369	1.26661386514558
did:plc:76ksdlw634hddu3tdtsoiphw	4.60961930172535	1.19827602640057
did:plc:76olbxa7vipx7f3ahpsduvnb	3.9419565471509	1.408944147376
did:plc:76r4jpxx4o3heugte5abc5pr	4.91781039384079	1.06183428751389
did:plc:76so3sdhmfmvmsmkcwyrkuo3	5.3682950076033	1.30421451161248
did:plc:76xpvbbdcpsi3ausnvwj7msr	3.67764499669371	1.52879804104614
did:plc:76zbdemk23b6pqmbn7aslash	4.28714136430591	1.19535658650269
did:plc:7742ag7pgmwji3l4r3figjvr	3.78280800320264	1.55750702643216
did:plc:77k5inyzbkoyxoco2hjlf5la	4.61004201237885	1.17625852249284
did:plc:77l3oiroh6qhmmqnxt66ub4e	5.31087344572273	1.25500130609169
did:plc:77mpze4iio3r6fivkpsft4mj	3.90452257619124	1.06914371402912
did:plc:77msgesqjmf24cohbvqi5fba	4.17298296449237	1.48788817019458
did:plc:77mwfewbrlqwjnqq7hgz3esq	4.57065161298671	1.35133805734466
did:plc:77qkieyc2yqfd6wnoirzjd7r	3.42007653001204	0.930948438019308
did:plc:77qxlivrzemxtc7k3c5in5kk	4.36189696438494	1.27022630606285
did:plc:77srqhp4wn7bo77zo4ovk6nz	3.16295475739913	1.53356124449819
did:plc:77vc7hiyxtpowontbhr6jiqt	3.62069112552163	1.1217933606119
did:plc:77vjsiaepunjpjswltspbblw	4.05694212182483	1.37401860047416
did:plc:77vmowbfcpqvfvohbs6gj3fd	4.43261315279526	1.15161591621209
did:plc:7a4uwrsq4e7o2luer4wgcl2i	3.45558991140499	1.30723031064156
did:plc:7a52f6h7jbrzhlvbvl5yzaaq	4.36400452438962	1.35266460971522
did:plc:7a533dkp3dl6vfurwsipm67e	3.60457479527592	1.67313682076848
did:plc:7a6ba2aorlukzuvr5evwoanq	4.04801167631256	1.56625592669686
did:plc:7a6dairdk32mkv3wfwmcxk4o	3.5878441064171	1.34996705027484
did:plc:7a7iz3oxairsusu6pg4o6liu	3.45138613081139	1.46065170576022
did:plc:7acu6sacde7v75chx2owwviw	4.02529538562037	1.11999947820104
did:plc:7adkr4ej2qjmvcrjdbuyj43d	3.94242467927009	1.50184905068778
did:plc:7aijgv7vhczrgl24zwtxueyl	3.91497172649184	1.31623682122763
did:plc:7aoowvf6ixwgiuaoh2rf7u57	3.97745996074967	1.26768264110687
did:plc:7aqmbq4d3gelxm64x3yqjgt3	3.72531531189992	1.96164541178997
did:plc:7aztmdqwpzsj2chz7l7owjpr	3.87149587262676	1.0266914380528
did:plc:7b2rno3drltwjrqanmaa5gnc	3.17793244432543	2.0434013521205
did:plc:7basl7ubtjeyh5pzsbevmurg	4.80924433787489	1.04553546304538
did:plc:7bgxjwaskms73cx3dzozlmgv	5.01980136447485	0.893887708740256
did:plc:7bhta6lcxdqbcuqx5ogbzpbl	3.667721064088	1.62005622257466
did:plc:7bjvrszublkxwqmtw32akwjq	3.42736667941968	1.16786535327704
did:plc:7bk446ckn4qak5vr3hpkmlnq	2.97351085067914	1.43123293922806
did:plc:7blr264wwx63f46iymgtk4lo	4.45530280215544	1.33178523196117
did:plc:7bm4rhanlhgfgcg6f57ngrtn	4.81080788514246	1.15217140289509
did:plc:7boqjqhvzb6osdhdvvz3ty5q	4.62870887885002	1.32297549383539
did:plc:7bpe24fzc6w6eh2uq4wfcxam	3.23832633779311	1.57618894139097
did:plc:7bt3pwkn3fedmrmuoj2qbfqa	5.42446263845575	0.888203115388511
did:plc:7bucvk6yymqmnhxowlefkoak	4.0284021497491	1.5480346957477
did:plc:7c26tauhugtq7drpvfbnpwq7	4.5244647258636	1.32495894804135
did:plc:7c76nwebnhhzwyecgbzgser6	3.35231175775606	1.76486125773102
did:plc:7cbjhugdw42r7i63uas3z4o5	3.29442380823308	1.95254514078067
did:plc:7cdn4paeowhbil46md2jjlqz	4.27004490248172	1.53566166661828
did:plc:7ck7ptiwk2h7hzwppxfrhstl	4.93711250921585	0.928725601111631
did:plc:7ckojefmlq4uco5ndsqz3d22	4.12771126698201	1.64640875904426
did:plc:7claqqjps2eroukp7cjpyco2	3.25408785532711	1.80784079981903
did:plc:7cpivn6pc7btk26v6dgkpjgi	3.95220550872186	1.38055385849563
did:plc:7cqwastgzqgtupekijxxsam6	4.08709173358178	1.35744910255487
did:plc:7cu4jmvbdqhsgfdbc75ae42s	4.49939891966851	1.373777679908
did:plc:7cveelff2p3xf2scn3o7n7en	3.88029112302945	1.59978470417644
did:plc:7d5dngpwk2qdgycidfdzpcxo	3.34916674802532	2.18183639902703
did:plc:7dbind6334gslno5chgpxth3	4.06614027789026	1.57966272857408
did:plc:7dd5q22cjas633ssgqbuc63m	5.96818191312601	1.23343161779363
did:plc:7djbtouc2lmc2fe7geaugivg	3.82118736390714	2.03431636926989
did:plc:7dleugtohf4kjlavlazettkc	2.88519360171681	1.68219273471416
did:plc:7dlghp24zhw5p2ygx54gy7qp	4.77783052678309	1.10414671677665
did:plc:7dls62dtexq3vdolntlysry2	4.64115618731359	1.49783510447319
did:plc:7dsylsn475u5excln5humcmb	3.82257948672572	1.48320631526929
did:plc:7dvvrlll7qzxsyavvrhkctgc	3.72016913165059	1.50493484876348
did:plc:7dzisek6r5umenig45favjer	3.63575547554807	1.14898851863688
did:plc:7dzjc37evtqyp7foyjjlztl2	3.57898675503067	1.64493718273194
did:plc:7e3rh3fyllserdk3fgql4x3d	4.17381670092324	1.3965741820099
did:plc:7ealbhuivj6hjkinhwq4e6tz	4.2494936037773	2.04568154379921
did:plc:7ebup5q2cvnr5yzcwi53y6qy	3.87875103599231	1.17005993085233
did:plc:7emfbzcrdupkrfaoxfo6vyni	5.59205174360599	1.01071518240656
did:plc:7eoegl5yaon5het2yfgoztzl	4.38858525467443	1.17605785820852
did:plc:7eojaqzztgfwpfdbqmy2fekm	4.84695959135323	1.4167230697142
did:plc:7f5fdeb4ci3lefmt4zr3m3wg	3.77384644842598	1.59383366128477
did:plc:7fagynuv5xqgzs2qourclml5	3.61092157337908	1.67744753391379
did:plc:7fayui4ftzpzvxxkpt6lvxvs	5.28099914364946	1.38443467366062
did:plc:7fdudigeuuqemvbx6gzesoto	5.0499047961831	1.72110767458626
did:plc:7fefaqz2ud7gxkivkiokr7ia	4.0967629932617	1.31767521081441
did:plc:7fkobj47kvemfmpgzpgawhqh	4.65828447851111	1.31800439306657
did:plc:7fn3n6fvfw7qs6o5mfb2i5yp	4.30111325144042	1.57117931657953
did:plc:7fpeczynthgumtkemhpliox2	3.80797253062793	1.5803926131473
did:plc:7fpfciiloqoei7zk3ueczirm	4.89040188883176	1.31081283558524
did:plc:7fq77ywjddp4kaju2gklzi77	1.07305561139177	0.699036264487442
did:plc:7fr7rfgkchogh4s3rb4ewxuz	5.25213604455293	1.068784830618
did:plc:7ftb5dqepza62wpqbd6jsrzb	4.85960790337403	1.521285182132
did:plc:7g2smtoy3de4nxmmb6mygfxc	4.66159924852741	1.15990176335659
did:plc:7gbsntckbvnnyozrrghhtl6r	4.95388159363684	0.772443866946098
did:plc:7gfjjlbibo6lceo2oet57nop	2.89646468757454	1.78005513326539
did:plc:7gfprqnrr3qxssm3p4axv3mn	4.20055013097185	1.65740394299127
did:plc:7gmpswcmcy563vfy7kgbqklz	5.24718180900888	0.969748502407793
did:plc:7gpcrmzaciti36q2dh65n55y	3.91890536235615	1.4199932907097
did:plc:7gpr3magllqridimr44h5eol	3.71403236417494	1.41565947186318
did:plc:7gr62whl7kmiagbps4aehb7w	5.40421888224943	0.704114770068395
did:plc:7grnz75gk7cbgdxha5y2pxfi	3.64048485260856	1.57698932571832
did:plc:7grpgw5nrytv74jx2yl2osgk	4.07795545382008	1.64896737537414
did:plc:7grq2pctcs6v3so5teld4uqd	4.14180958840397	1.62051765602554
did:plc:7grz6uxto5s7ns6gkkq2a2kq	5.67181115208455	1.41575339169976
did:plc:7gtiuqfhab3jnogvssnroi3f	3.0972839048216	1.3959428187486
did:plc:7h24bwzigrawuwtjj34sgvnf	3.87285074239034	1.65510458175174
did:plc:7h5byrfhzcnrafh5g5thhyi5	3.27427327038249	1.24680784059538
did:plc:7h5k4me5ic754fzo2rc7vijq	4.46163256710241	2.03327697090577
did:plc:7hawo3pe4rsjo5qmeraosabq	4.6393745818983	1.56792458130982
did:plc:7hci6hn7bgqprpdyz3omqbh7	4.1385807683984	1.91936590621432
did:plc:7hcku6nadm4acitzhpw4teqn	3.63244564401852	1.10408893337315
did:plc:7hgteam3snagkpxq5xzgo2kl	3.38447520546498	1.52605116064325
did:plc:7hhfhgd67wej7yj4435b2el6	4.54122840398019	1.28448132879332
did:plc:7hhqiceowctvc5yvvaeyb7dk	5.53649428255239	0.823789147414861
did:plc:7hkatrwp4eo2tl26vwxuptrw	4.48368082678792	1.4071499216759
did:plc:7hlzcvgmfmykmzr7vscnni2c	3.67925143936334	0.470026728234257
did:plc:7hnv4jujr42eud7rqeooqimg	5.35979288559937	1.52729149009468
did:plc:7hybfwilloabopk472ittdet	5.36596535451418	1.4065189055076
did:plc:7i4emsdqjwibwtq3hwb42ma2	3.03642484430481	1.45255361332146
did:plc:7i6ghltp5a4i7ppfa4bo4i3w	4.48606991717335	1.77092576836801
did:plc:7i6u6nnu2vvcjewxknzo7ugz	3.44445594056878	1.47406021857607
did:plc:7ic4ddhs7u2nfqwy5xoh37za	3.49096338441159	2.29028343413329
did:plc:7if27hs2mknbpchrqmspbepw	4.13765631355595	1.49741694336891
did:plc:7ih6jn4m3jpvje5eay5t6g7u	3.64763051913026	1.35578138806454
did:plc:7ine2b2xi2h2cxbfsjdcw4cp	3.61739959022958	1.67809280411856
did:plc:7iqfp6xerkvnsui2v2xeh2lq	4.11139970313824	1.59438209848601
did:plc:7ixb4aikt4lvecfc44rdemyu	3.27078842678949	1.79420433605434
did:plc:7j6qe5yogtuktekzphqs4ojj	4.05825510306953	1.13840062461747
did:plc:7j7hojxxre4mmv35gcvp5tze	3.1969495506148	1.29504455193295
did:plc:7j7lz3ior2a5uolyt77smzyy	3.79646823537949	1.50849898994197
did:plc:7j7mitnqv6nrtjjqc7g4fnop	2.75160946718735	0.628957160808737
did:plc:7jbr4exeou7qtrzajmsw5zs3	3.49760104766512	1.76118064475266
did:plc:7jdwsfh7ex3bqsbrebijwpvr	4.88678103315603	1.09445323303697
did:plc:7je7atzxuzvwfo7x5eeybn27	2.73255929295596	1.42040007041614
did:plc:7jhnthac2mh2rqataxbdl3ls	3.24664564168688	0.911435550448499
did:plc:7jkj3wivezofwucntear7vlz	3.65190745327593	1.47526523430452
did:plc:7jr6mr5d5vdrhajvwffcrlxn	4.9632533095169	1.12609756972575
did:plc:7jz27cmbswjsh56g2negmtsh	4.39468416529294	1.27391075667652
did:plc:7k37faqqmmpbvyr5tz5wzhdx	3.0207955791073	1.83947099514008
did:plc:7k6zd7m7tcnmwukeenlklkyf	3.50956982927224	1.61125695964481
did:plc:7k7axrxsweiu7a4h5dyqfy6f	4.55416692209219	1.39397592439803
did:plc:7kb2mh3sd7tolc4jeysvzfky	2.95966387391821	1.73440674471059
did:plc:7kdivzhlhnny33t6wcxe4x5i	4.57366002445838	1.52577672498718
did:plc:7ketf4z26jt4tjr6vsi62knn	3.52143506605823	1.62398444225833
did:plc:7kgz6cetzm6chmlv2owshx3e	3.61685523861502	1.82113920583337
did:plc:7kh3zmhybsnqxzqvqziofy32	4.99206877368667	1.19898002770521
did:plc:7ki3zaxi3zlzd66mvgzkhoja	3.07791496068009	1.33111032211099
did:plc:7kikom2gyj5ghznfnsc47t64	4.07886857575812	1.53741678513356
did:plc:7kkwxnu5bxo6xziunmzkexos	3.91345159971756	1.19926697701991
did:plc:7kl5gcytamzsyln6trnwkywa	3.80238998584774	1.60807795401854
did:plc:7klplxoa5jsyqivxnigechru	3.7277904369871	1.50015371806584
did:plc:7kmji45vykjt5o3mnmbnyqhy	3.55664796392068	1.53062751400179
did:plc:7kpib6mx53gfuqm2faxahd7t	3.74092818155001	1.70699828680453
did:plc:7ksdam22ggjg7pi5u5v4da2d	6.0441319578128	1.15307121151892
did:plc:7l2cmecekkp4m3llulac6eri	3.47459786984677	1.68274369223367
did:plc:7l3vfu65sjdsuuakb7peq6a5	4.07997945885173	1.36928974389208
did:plc:7lfw3svfogx7kpq3skegsfvz	4.81831379086386	1.45510387437804
did:plc:7ltas2nkmz37nnbsezpmuejy	3.48108352522029	1.54239952728622
did:plc:7lvrb6jdp257vtzv6yqes6nu	4.93165681300313	1.28634481962226
did:plc:7lwqb4h3rmx6p6vytgmhe3mi	5.36824109742523	1.49158064496642
did:plc:7m2z6s2nrkxh3gmr6yw726j5	5.49579470103549	0.962273006646019
did:plc:7m4fzgn7ceqqkljpyaw3yhou	5.27597265274196	1.64249422186129
did:plc:7m7kldwuriwmkz6zm65p2psx	4.97797717062594	1.44145741241661
did:plc:7maubh3jkgyzbgafak2rrdyr	4.67171307649468	1.00888808058884
did:plc:7mcl3vgitxnmhbdwpg5xnavh	5.02571968563573	1.59518189630539
did:plc:7me4kk6w5cr5fy6g4q7wjjn6	4.89881113634796	1.22427729722162
did:plc:7mkskffn7ln5zzzqwfjzku54	3.3800765136745	1.37918717875338
did:plc:7mp34hglt2ukq7q3iubijtkp	3.70719672972322	1.42205495156445
did:plc:7mp7dmqqzknovfv3rgolffes	4.11124499058865	1.47767269454768
did:plc:7mpi5nsnzdra5xcmnmj6tc5b	3.68428495024056	1.37387838656592
did:plc:7mr5s3cfvge3hlgeudujypq3	5.7765151173009	0.937559572991128
did:plc:7mrd6cmrrcdc5eytbcuolgdw	3.09987366984882	1.43726347325752
did:plc:7mtqkeetxgxqfyhyi2dnyga2	4.02131566885817	1.53920826776087
did:plc:7muolocnda4gdfyzi77x4xg5	3.32801467590406	1.3318931644717
did:plc:7mvh4n5cppc2u2zfaspw6w2f	3.92969697645126	1.82784615676381
did:plc:7n4c73z5wgtgan7xgu6omlzi	4.18773449989575	0.892735703165384
did:plc:7n4xbqvnsrkqrsx5nybjrfju	4.42877241053741	1.5681029661613
did:plc:7n75fsydkky446fcowktrmji	3.48184572580699	1.2078552774751
did:plc:7n7snwy4qijufecgluhgflk6	3.31308397682131	2.10989084155849
did:plc:7n7ypmix5ecz4ytyvapceqax	3.31974342351673	1.4894754535746
did:plc:7ncv6geparfqkb5d7ushjs4n	5.20875707593231	1.47491990103024
did:plc:7nezur7m346fkar7anqxjgnx	3.65687115971268	1.61850120872404
did:plc:7nfr4eax56prxchmr5wztznz	2.79980203612433	1.47524423764922
did:plc:7njbhmhje6zv4faqbess3ns3	4.64394547730772	1.19883695137464
did:plc:7nm7e6hsti3v7ngnhnx7kwni	4.59203893801161	1.0666323700801
did:plc:7npdlihptbso2qeixeoxpdi5	4.35977271604542	1.53670052258562
did:plc:7nrghxh6q3vkuly7qqgwyk3t	5.10930455243568	0.995487831839413
did:plc:7nur3wf32zwuakmwxl64qkcl	2.74663753225272	1.30919364325764
did:plc:7nx7k6seq77qk6apjsgbdjic	4.18246453928152	1.36404751053414
did:plc:7nzdy5g2xkjxesfcq62ytelw	5.47363182654839	0.843449436296508
did:plc:7o6sqnspyiy4bnraahc6gccj	3.42355942490702	1.86473503202844
did:plc:7ocgzhg7rtlllvgtdduzzdvq	4.54480353456784	1.21417804876337
did:plc:7ohctuazfndc7la2urafkdtt	4.60401182685058	1.32052351099084
did:plc:7om4jrjwsli4qkzypsdzyluu	5.07400087761717	1.64712312067682
did:plc:7ombdmiqvufaffedsrspe5if	4.41178197797182	1.37945467915786
did:plc:7opxnxwjbyt6dj5rexzxgacm	4.87546730178159	1.0324641616141
did:plc:7or2ere7edxlcbbhx7e5jeu4	3.82535129274523	1.58176453538038
did:plc:7ot7fcmkdy7icxj34ymtt5nh	3.99606659285708	1.54564855313075
did:plc:7oyaeegov3xjuoqzcdd2uu5m	3.67579702901668	1.19225426527785
did:plc:7p57j2id4xbzlbn5lwczssxj	3.97720508990433	1.50933426889278
did:plc:7p7exdlgdk2f7d42s5omnrmm	3.94770366463313	1.75341309480162
did:plc:7pd47xnyt2ztgur2466ignsn	3.47287634830624	1.40222940440684
did:plc:7piyq7lmir5uwdupmo3yf2o4	4.95446311750451	1.0411899393956
did:plc:7pjwjzhppos2ljh3pcpiqtfr	3.16133530403276	1.28266222301754
did:plc:7ptjruzzq2rl7omrzv3qjvc2	4.0764643122758	1.5673322608226
did:plc:7pxd6rcn6ckfevw5dp4wzqgq	4.44788865382359	1.58402479736838
did:plc:7q3co3i7s43kyeetftctonbb	3.80980884885929	1.45627543552208
did:plc:7q64yqdoqio54ly446an2p2v	3.26689631973779	2.07862736483157
did:plc:7q7ueopa7toj2ne6z7s6pkqa	3.96095987414713	0.914728377785038
did:plc:7qbd6akz5yb5oapz63fmqbcq	4.4706212414146	1.62606009932221
did:plc:7qcppa6c5braxomqgbxdtiyj	3.51981604286342	1.40678074683206
did:plc:7qg4ywfgsdd2kej7hjivoc44	5.22375407140411	0.757592345647917
did:plc:7qks57f5zyx3lk5siszqxho7	4.31805320511289	1.24369416104958
did:plc:7qldjgtk33wwmcb2fppvu73f	4.51919436467535	1.24110929880381
did:plc:7qowdynhkp2aglz5dnc5qqgq	4.6091393955339	1.56760815339546
did:plc:7qqlx6jz5xyejwv3qtmx7xfa	3.38808512136582	1.34278946068668
did:plc:7qrsdibjscqi64bqzk3r65bm	2.90083672228529	1.49618242347854
did:plc:7qs2gftq2izsc5upwynfe7rm	3.64783025892072	1.64344326786706
did:plc:7qsf5ypfoelbn4rnizzkhwts	3.32774576752923	0.512447300858524
did:plc:7qxxipkvl6cp6skbncavla3c	3.83175694366992	1.22009077563306
did:plc:7qy4twkz4qvbp5gr3veacewu	3.43160227885558	1.49769274077696
did:plc:7r7pgztku7o67sokh3vld63b	4.84505014294449	1.3226841730532
did:plc:7rbvt2wnxauwns7qlrx3bskz	3.36352705092497	1.3543653479947
did:plc:7reh2zlspnafewigd4xeu35h	3.20865238795521	1.29868099214714
did:plc:7rlfv5v6uaisiqklgnaa2ibv	3.43688713232648	1.20600548490121
did:plc:7rm2hqtaomx5t3amr5pyswe5	3.9190441969165	1.31348624882704
did:plc:7rm7ln74pfpf67vl4mfzujlu	4.21525849298317	1.52257228866428
did:plc:7rnt7zleovulnq5c6ih2whfz	5.61210905595215	1.02030402975273
did:plc:7rp47mbp6ygvfeuaurjwdbfo	3.66873088068086	1.36979258118379
did:plc:7s2euo4tjchv24vtzxzlvlpw	4.45333647062471	1.21466999713491
did:plc:7s6iizccuoka5nzk2exbotek	5.51570937426325	0.791533600600936
did:plc:7s6u3vpwku6zly4kqktdbghz	3.98140386085807	1.56755135898585
did:plc:7sbb3sc25eyvzkq4n44p74pu	3.35388112373103	1.67007489936
did:plc:7scnd4ei4csvohz43gidspne	4.53875155356073	1.1346110382791
did:plc:7sficafsbq54hngx6viqxhzo	3.83807572809765	1.81765202379959
did:plc:7sfnardo5xxznxc6esxc5ooe	4.75738264934031	1.07373881117796
did:plc:7soajjhossd7qgzoeqoltceo	5.0574490059508	2.00808154433022
did:plc:7srxfp5ybyrdnvbpygjrroxs	5.01468968908265	1.25409486709058
did:plc:7succkpzy7ft6kzkihut7exv	4.34169147900663	1.6257481184842
did:plc:7svykzmw66iytfifcbbqz3pr	2.7460318654767	1.34592637799209
did:plc:7sz44nu6j3fyqr4r6kowvfuv	3.63318940940442	1.98396715781823
did:plc:7t25jennexjubh2prttvw5oc	4.97719981942022	1.09677506919437
did:plc:7t32cypt4nrlysvfwjkys7z4	3.51147298815561	1.39795033632967
did:plc:7t636fbpjjsluro6n75z4o2j	4.34764995755917	1.61247254487273
did:plc:7t66ee3mbfp5d3rztafw7ji6	5.10785806484535	0.901111596564942
did:plc:7t7yen3kynzuf7jujppg6iby	2.75039483614933	1.23914869835865
did:plc:7tb5kzimr36c7ff6mctjer7i	5.06917010006124	1.40419926458615
did:plc:7tegr5qpjsqspbvjb4y5arpx	3.53064944695961	1.66817168944861
did:plc:7tkdzkj254rtp74s7js3pnhq	4.18532154347034	1.26536958473952
did:plc:7txolsqz7fbanul3rxkmm34h	3.79899614212199	1.9342543189158
did:plc:7u5dgwovoxaxzwhnfgyldvyc	3.45268717273545	1.9052493943233
did:plc:7uapk6mphaojsgod3szm6nos	3.65630732676086	1.69566711257497
did:plc:7ub7j5rro4b775gxnykev3l7	4.76736032152156	1.01498472794579
did:plc:7udhcojxwtop5hhavisb5m3t	4.28839944131146	1.26800134209068
did:plc:7ueof6xivgdd5eqgma5tqulu	5.85679413373863	0.627780546342678
did:plc:7uhteo2mn77dd2vi4r6zqnbm	4.0215884870303	1.44429138499008
did:plc:7ukjsnqxgucvkkxwayfngq5z	3.59346854901054	1.88838522858834
did:plc:7ulsm5dtthhumct6yq5q4mfz	2.96115768796175	1.88742255374061
did:plc:7unky7ostg6jflf7ygyjgjku	3.63441895234543	1.33032946792225
did:plc:7uprrfu5yl2excs6zv4bbi7h	3.09402564298186	1.05200168826591
did:plc:7ut7ylr5yumrjaish6ag3u2h	4.01491800318874	1.532200655708
did:plc:7utnjpwv4nny3l7v4nxtkh4u	3.07658881289981	1.51581624319061
did:plc:7uyfamyt4ulkzwveefa2c4sg	3.83676956091693	1.53841688951132
did:plc:7uyvvxuu5fz6tbsgguwznarb	2.91756135514352	1.79882347787432
did:plc:7vbpypmrcayx6c2zwn2pswct	3.11194341722325	1.4777279708986
did:plc:7vebfqdv2stbzciwn2l6hspw	3.39930587032617	1.59581833985246
did:plc:7vinesokji3qrqhoyekilxgc	4.05353510533666	1.38236358653984
did:plc:7vksobgmqlj7tnf64ge7fcay	3.14797110459744	1.62755863120054
did:plc:7vr4tykzxcnvpc6bxajengyb	3.44097477402135	1.58633902592372
did:plc:7vthricc7fyab4eyd4chvhzz	5.96332376016246	1.08008931900961
did:plc:7vviq6b5meqinog7apyyubda	3.27473646560434	1.52983654708375
did:plc:7vwlm6nipdp6du5wtfrecvpk	4.4227295762318	1.91957530482916
did:plc:7w4qh5f56xicxfit4zzj43i3	6.11988054899528	0.947103660886925
did:plc:7w62gzjmwbldxsvv63svp2fo	4.1665693055894	1.42694316043956
did:plc:7w6er6klpfusg7b6txpsz6vr	4.29062096870726	1.38131565299079
did:plc:7w6v5fr6txadbwv4fs5aj4f5	3.23977486169944	1.96123319487288
did:plc:7w7atvear7ijicwuc65tn6sb	3.53881715677845	1.49571652216313
did:plc:7wa5an5urppyo5tboyj3llng	3.64005188307173	1.71597534722437
did:plc:7whvsnh7sfeh376xqs5tl67y	3.73093051847756	1.37466507175577
did:plc:7wtnx4gxk3fle25vvifvthz5	5.27211353627861	1.83876697324158
did:plc:7wwizhedryrrgvgvxw3725hz	3.30765982433724	1.58244232450091
did:plc:7wyw5bc76jvhyi4q756blehe	4.03342568665674	1.2468137702397
did:plc:7wzqxzob5vinsku6yi44725c	3.55041026371336	1.88240004122123
did:plc:7x4iy35yznicbyzbqmrtqljv	4.74271457850649	1.56041753716432
did:plc:7x64yx33hj7h25nnebm64auu	4.32370053567821	1.17618776889796
did:plc:7x7rkavbujn3gluvh6hjwmxf	3.91556595202882	1.25982669719307
did:plc:7xavgxpu5hchup6btilsqssg	6.24908246160139	0.991755622022538
did:plc:7xdsxeb4i2it7m5daf3zlhwv	3.7015639101138	1.51591961325805
did:plc:7xefvimb4f2wqj5tjz67ys7x	3.54775982646908	1.26449402020055
did:plc:7xf7rkq4z52jvpmsv7qczasy	2.54402784823688	1.39225610337304
did:plc:7xhehere5dueaciefbmi26jc	4.25990858063508	1.36513243190941
did:plc:7xmb5qvo6r3yl45uw55sczlx	3.93269496922662	1.49420318240698
did:plc:7xnd54xbiaxrosbrlpu66hvr	3.36594190296236	1.84458324539537
did:plc:7xrcjv6ggctoft5gm4ur4qk5	3.18340203809826	1.88536739642711
did:plc:7xunjsfu4l3tuaobv2pndgzn	3.74663136997623	1.28721332388671
did:plc:7y37tmpz2xbjw6jyjkatc7xb	4.44509505229392	1.27645623349996
did:plc:7y3jvakwdv3jf6oobolsfpuc	3.25823287382865	1.57690817350303
did:plc:7y5qhu5m5w3ofyehtw5vx4kg	3.42220562861497	1.86073189750193
did:plc:7y76lpy7735s46nkrirpkb33	5.18628090508345	1.37645987070719
did:plc:7ybbsfjz6bjeq4egyyeii2aa	5.37639149944984	1.56726086984465
did:plc:7yhpehocyiyld6khc6h56grf	3.40663302861926	1.33379734049091
did:plc:7yix2kjraspwo6f4gt4xjpjj	3.06158562377453	1.8059602228746
did:plc:7yrplyij7nsml6hmiayu5or6	4.31639086870157	1.37305706386011
did:plc:7yscd3hoovqwa3ft6ck5xwqg	4.56803365377089	1.19027591089307
did:plc:7ysx2x7tipsbpindifgjstuv	4.15753208344268	1.48119646654211
did:plc:7yzqn5lv6byscaepzupq64jm	4.25723176400416	1.21466105397388
did:plc:7z3hnsdlj4p2fk2mkrqyae2q	4.11311728200163	2.05020115472576
did:plc:7z3v7qw7xqjwxzi2rkbupwyl	3.94639362431958	1.22829624589009
did:plc:7z6ju5eqlmpdalbsfnpnlpdc	4.06560730858796	1.77543249918874
did:plc:7zbfgzhe6e34nt6i7qpzktnm	3.17667094219384	1.4656793334266
did:plc:7zc33q4sh4ekxod62vdb2qhq	3.23034797215849	1.99213520194733
did:plc:7zgd6asg2we4zrtwbejavn3g	4.43558545922526	0.99915834283135
did:plc:7zgpsmdsembescwbem3vbrzz	5.58020540362602	0.849751544890677
did:plc:7zhdvp4xq6ipnjzi2475knqr	3.79677677154723	1.39484341368803
did:plc:7zojh7ukobcwwbvjlooeiga2	3.0399006478689	1.74483763535102
did:plc:7ztoas5m6664r5bwab56byec	3.6269206889535	1.66435423225731
did:plc:a26zqgk77mepmgcaelfjmj5p	3.67681444093812	1.73614687067143
did:plc:a2a2j4vz7bnhww5lbuxkgeur	4.36663963116315	1.10707497330976
did:plc:a2bea3eolo2sswa74wenjauk	4.01487661463784	1.48344999786579
did:plc:a2hbchoduuphy2cxefodxkzq	2.65264787939845	1.292312924703
did:plc:a2hkhd5zuur74hxhmhz7yygi	3.75967820100669	1.47903142751388
did:plc:a2oy3fly5mlhfvcrp7mue2jy	4.13093210580185	1.92599044154085
did:plc:a2pi3kxjcrwajrnegdg5e7gl	4.44055074097135	1.39913902673412
did:plc:a2qfdzmklj4pxsfkhksmgxlf	3.82751539687094	1.23788112217925
did:plc:a2vzuxafubjuqh2oitvwmdhs	4.59005014711997	1.13419106966231
did:plc:a2z7akpx7z3dn34pnrlhfufo	3.28794557652424	2.02878344642524
did:plc:a36mi7zz4uatvh63zhvxm3eo	3.6239085468325	1.45931538114718
did:plc:a3bgl7mky6brkcodgnumo3sc	4.09392095321859	1.22026460350222
did:plc:a3hvdlnpuonuo6z2w2sc4b7f	3.82309382854304	1.3037846654734
did:plc:a3ipdarrwi2vf47l3f3fa6pl	3.30542334604193	1.63266931873085
did:plc:a3jzyfbpx3zawbqw33dukddx	4.01028681594164	1.86103538625547
did:plc:a3mom2pkxcqrsx5hedrut5wa	4.73291075187249	1.2824122792465
did:plc:a3oth4ytf6gu2wxl3ls2ayzl	4.21504343292679	1.41364521514724
did:plc:a3plxw75srztdmrbsjsk33yh	3.87409542371767	1.36484798682802
did:plc:a3rzhe54z3jeay5gn6tlpcok	3.46490823855264	1.80039333359733
did:plc:a3t2sjccm5rk7peptmv7wgjq	3.37033371378738	2.00314040859433
did:plc:a3z2foyz7rthode7fwidgvxr	4.07399641752064	1.49603684617228
did:plc:a3zmwddk6kurttlrbqgulldx	3.18435370012069	1.52353040017522
did:plc:a3zonfpxp7c7kxrjhd4gyxan	3.94293121178706	0.9919064648183
did:plc:a44ayu3rdhndnb6ehledvy4f	4.48953887849856	1.51874181361747
did:plc:a45kpp62t6maltwjv3c6wl5r	4.54997435607817	1.33541049744058
did:plc:a46fxr736wpbbkhwhyud5wh3	3.59845666454117	1.43169946774648
did:plc:a4a6nbezhqzkgps2p6jslo2y	3.57727670406418	1.64857715508049
did:plc:a4clinoeaala4ibcpftigog4	3.2332266263666	1.7454338996614
did:plc:a4fqtbcswhz5doiabhm2i6yw	5.12984625952726	1.1787987607057
did:plc:a4jywxv3ec7rnipbzudgytom	4.96895494302852	1.46084746551357
did:plc:a4mdbabyn4u3yxzh5o7hzlxl	3.76248284096857	1.53214899077067
did:plc:a4oiltswjg5sxjqpzyysroxi	3.89049489794011	1.1993423462837
did:plc:a4x4qvboqdtsumv5ytpe44kl	4.34702755472346	1.29530593843101
did:plc:a4y4hoj3pn43hj4py5thik2m	3.98282703773208	1.41107698429613
did:plc:a54gdu47rsaltjxksscpidum	4.12977967342941	1.46512409217369
did:plc:a5b6nq4aoz47jqb76u7a7wqk	3.16899243398772	1.75437346935841
did:plc:a5cjfv72zlwrnlxknhbh65tw	3.96282576570489	1.12471337913024
did:plc:a5dqs242qc74xeydmh365msc	4.90339441653138	1.13730124354423
did:plc:a5eajxawkm37pdorl4iufj4w	4.87661653290221	1.23165180147622
did:plc:a5gr72mv2hhsnj7n2llmhixb	2.7451365011072	1.35422982293025
did:plc:a5gxpo3wlqyrgbv6c5n6eeah	3.38466687782246	1.57444179752131
did:plc:a5lpfa45pet5lewyiopymw7g	4.52506697916565	1.25691686518299
did:plc:a5nkxcr6vrsqwvwcfzlpfdd2	5.53694322566255	1.33625179822195
did:plc:a5xf3fd345mb33ygiz75dw3m	3.26066697418785	1.1131847988798
did:plc:a65amv3hclet6tolvq7f6ika	4.38222184794672	1.5278723676756
did:plc:a6esjnbqx2bevldnpvw42ixq	6.07657256747282	1.03854877344967
did:plc:a6pvgbea6yjjo73wz5dl53we	4.14682826553953	1.34008611008403
did:plc:a6ribyie6tq353yrtu4bgodj	5.05580980821076	1.31262294946617
did:plc:a6tenu27xddsphjsdioj3zir	4.11089527013623	1.31699977272879
did:plc:a6xnrcttx7vaiekiloh6pugv	2.93859162664873	1.57502924061448
did:plc:a7dplyetsqi2u3sevyo4jvz7	4.19921520321423	1.53501173553793
did:plc:a7jnoce5fdcglovyrjawgvyp	3.74292541539811	1.35780973996993
did:plc:a7lykgvesffr25thaaqaqld7	3.42137567874724	1.47954596745782
did:plc:a7oa7gnv3h4ahwshgppk2oiw	3.96464783396937	1.5607199027478
did:plc:a7ofzvegmcfqa2nf2syarju6	5.62595456501238	1.50662488287379
did:plc:a7rc3xbnb7h3yd4nxlgarhjy	3.83669604532285	1.46056197486824
did:plc:a7vz3rpnw5lszswgwllrp4da	4.62725311212229	1.48094419801568
did:plc:a7w3sduczuoy67c2ibvelavv	3.40065827712391	1.63776115981866
did:plc:a7xslvghkp7sibuyax4ykabd	5.61123256685706	1.0305538087211
did:plc:a7zj4dfl2hgx4ur6gcvbzsvz	5.62995518959766	1.59175855177824
did:plc:aa3rfouriz7fwy2rboble6oa	3.43338009944815	1.26719376693023
did:plc:aaenwpjkkw2a6ijkvtrkrum5	3.3685677169303	0.921292239018518
did:plc:aain426s2iz7nlfk6vd5xtrw	5.19448032561091	1.30205942715764
did:plc:aatmwsggkbynds5c5wo3lucc	3.13710034634666	1.81692247735289
did:plc:aavc3hql7b24n4yfhn7hxrck	6.57149177023212	1.43557476575064
did:plc:ab3hb5knartyplesrbflf5sm	5.75500365700609	1.1581191345854
did:plc:ab3psyvztdcrnn76gfmiwurm	2.62132903892853	1.56762354811409
did:plc:ab45mipjk7ersjvwhfgyhz6m	3.97525043025904	1.3548833711167
did:plc:ab5iqqwjyczrcebdojmkdij4	4.08881389599064	0.97665620843069
did:plc:ab7jhkinyk3f53twvkwpnekm	4.19353360287993	0.586948517417535
did:plc:abe4ubogeqwmboiwrgmghqwm	2.8983507349947	1.65291713695547
did:plc:abjktx5ah5vjzjeqislghpss	1.95269971525164	0.777613174250964
did:plc:abmm7ckakw6quc5oapx3cwzh	3.72591804727034	1.65449387936533
did:plc:ac6f54sqitwqdeplacedrs2l	4.49696422592864	1.44766778712659
did:plc:acb2m2n2azqp6ppmztlgztl6	4.2675766906724	1.90981473874881
did:plc:aciz5tps2qcvxz5nmy5jywo5	3.87380970317192	1.39029284765902
did:plc:acmiyn4jzcmujzrjxmlnccee	4.84668100337139	1.30068108993642
did:plc:acn3wjs3dfoi5fkuriks4tjx	5.10117327732803	1.04204547839364
did:plc:acoroaiidwdenonoztqbtlgp	4.3173099329386	0.987028189691727
did:plc:act6jhjqpvkhtzexajnudmbx	5.09551373600485	1.28038572784668
did:plc:acwwt6hitm2ll7xzwz6onpg6	3.78704857671314	1.63730858065966
did:plc:ad4ccredq5mbgt33foritpxx	3.58801885434768	1.65909883088018
did:plc:ad5ew2eq7ycp4dump2hno6r2	4.89290610682824	1.24959586516044
did:plc:adduju3vvbmbrsvdn4jkujgy	4.01202704459443	1.5620910381012
did:plc:adegizugsuws2e6tyj6jj5k7	4.37794174539771	1.57994480737772
did:plc:adip5cj5bec6nbzr2nbpf224	4.03255078873518	1.37685265163211
did:plc:adm56ytjnlyu5khjjanl6uis	3.18788473567006	1.72956948977103
did:plc:adonpfqksuyxyn7qjjklblwe	3.44484770623234	1.66599450843657
did:plc:adpj6q6v4jamh2xzpp7ruxu3	4.2921252923605	1.50096662744706
did:plc:adqmpbt3jthnkxbxkqgi7lyi	3.20900277630537	1.99311999552124
did:plc:adqvwi2wt23cd3spcyqxkqns	4.30235236158581	1.32627469223795
did:plc:adr3udweq43qhkdhywz5amdv	4.29022271892725	1.37240631165033
did:plc:adtu56yzgmlxbviu7copgcm4	3.18029794893504	1.79764827055072
did:plc:adusyj7yk3e72xhrvwa6bo27	4.97402300673216	1.21827069167646
did:plc:advufawjgzdgszcqvhzyqbnl	5.39709578411036	1.18967008673428
did:plc:adyyw3poywvtcspol5hxflfi	4.73107832357247	0.978593131168394
did:plc:ae4eziatdwiu3lhdcvx6qrkg	4.03621404181435	1.43056747858636
did:plc:ae5aeobwsj7hg2jowdhmjmvk	4.44053900759439	1.30896268312213
did:plc:ae5lzomrohoqdhbaogzumlbk	4.43081266570636	1.44143428458374
did:plc:aed6yvcsuqntixrfy3mv2222	3.04822778261031	1.44256019019207
did:plc:aefks4qz3fnaittbikqjfd4t	4.28511340140486	0.95462120483568
did:plc:aefuglqtf2boir5dso3k46ex	4.68685692537379	1.41801129339334
did:plc:aei3ipbfanddx2e7kiyguyvv	5.28141662494444	1.2172928212603
did:plc:aekngnr6bpu6ipebog4en676	5.17868075322733	0.949597614774312
did:plc:aenaayupwgszqamzjo2bty5e	5.33086139643241	1.38516732636568
did:plc:aensp2ih2rdouyqbwvk6oeci	3.55001828229915	1.78825422357735
did:plc:aeowf4xp3ktno4gfv5yukppg	3.34896389887865	1.83184034759491
did:plc:aeslpbwn3kwyfedoxhkm7qkl	3.88761519576445	1.627079631223
did:plc:aewr4jeuwsstf2pwsesffvuj	3.51741413809753	2.21181502317118
did:plc:aexhs5tly2kha6qp5npotkvo	4.5259836259342	1.69694152292793
did:plc:aeysg67qwabvcpb7vqniqtlm	4.2260607396497	1.33370560599088
did:plc:af3m424p3u52uoau6o6s2o5v	3.08749249732994	0.456458401958105
did:plc:af67pxmhgvfxsspw5ipvl5ug	4.27553864249137	1.68232865442493
did:plc:afa5ee7hdy5rklr5fxnwxif7	5.52681270453091	1.42771058866037
did:plc:afb5tt6hcrla2pdpdgunnmq2	3.83947544877767	1.29328198755065
did:plc:afd3zgyxso3gjmuh67vm6l7h	3.94299198845265	1.59880290603219
did:plc:afewnqax5bjofysabyc34en4	2.96159371760608	1.87460485666032
did:plc:afgrmsl2uo33lim4b5xt53vh	3.38156758302678	1.33100221334221
did:plc:afj3o7yatzf64x5gekjalbad	5.4967642266908	1.16729252379881
did:plc:afjhaorpewiuui6csl6vchbr	3.59697574627392	1.45534686771322
did:plc:afq33mv6poxtckxpp4h7zcq3	4.2692009101906	1.21338602279799
did:plc:afqe55fau7emdjknnoqxqm4b	2.41945727467116	1.50899123017661
did:plc:afqtl2h5ckr7d4k2rojhzuud	3.260315598656	1.52181789017232
did:plc:aft3iabyjsltzgqv6e3flpzz	4.5799288693294	1.29589336536293
did:plc:afuegtu3crik36igt5iyhnhb	3.75114398785711	1.71265428041727
did:plc:ag3qlaj66iyzd7ns3y6onwsh	4.49573387505935	1.63511645926654
did:plc:ag4lo4lpwmhish65e2q65em6	4.3044943420098	1.50050085245863
did:plc:agbiu4nlqomqyewkzwplhrxe	5.75268170491613	1.54167548758781
did:plc:agf2ixyr2tmcdysngizmdk7n	5.86926136298463	1.04020368568142
did:plc:aghabl7t2x2rpdqnrvcotcmx	5.72374490139046	1.22445994610564
did:plc:aghc6qgjs5j3nsc3hnly6j2g	3.13986627729496	1.99739207456006
did:plc:aghdedv5e64dlnm2ingixvwe	4.05918166823035	1.99841602173518
did:plc:aglbjjp4fr6hus6tao2we2jt	4.04935673165446	1.80422452871781
did:plc:agvp3fulzxjiu6nbft5lcrev	3.31733762958273	1.34345884459989
did:plc:agwuaho7yt2kf5n2n2wdhjz5	4.57597892949088	1.08543246558425
did:plc:agxfy5zcdgq2bgswtz3s2bce	3.58791872044897	1.41601202047881
did:plc:agzt6kdrspmalq6sv7fvjohc	3.60613701564094	1.25091580173249
did:plc:ah5lciy5gx6lfviwnsxqywj4	3.5730892343069	1.6029826015758
did:plc:ah6p3ydlgtud2zxsvrvcg47l	5.14450040874758	1.15960449161865
did:plc:ahaykccydd43q2rpj34s6jhu	3.39752047389436	1.17482181473844
did:plc:ahcpdcoxvzm4z4p2si2yxc6m	5.71898238474	1.13292397694084
did:plc:ahdk3orjdapwjitjc4xjvx4e	3.90948483028362	0.750991165941151
did:plc:aheunz53zp3p6yzkk73doc6z	3.85397048742104	1.53321892087249
did:plc:ahhi4rhypvmyxbrsuzwqz53k	4.32775917048662	1.49212089026276
did:plc:ahkzpp4ikry3i3ykvvgawipm	3.07739339648008	1.51047201022254
did:plc:ahmf4t5ph3ndpjughwawvwmj	2.83004190756741	1.04162626926538
did:plc:ahnha753b4rqgwmrex6md4hc	3.92945179624237	1.33753098275239
did:plc:aho7tgmynle42lhh63titd5d	3.45670163660586	1.5021732133569
did:plc:ahodqo55ypipu3fzlqmkce7p	5.25857212675154	1.05951994408064
did:plc:ahootuh42a4l6xlqbsr3deju	4.13490438590006	1.11969022578328
did:plc:ahowpt4pt2abajlwolwhberc	6.0694399130643	1.02712748881265
did:plc:ahq5sokiqiftg26zmpa554h6	3.96756231572817	1.30691539782579
did:plc:ai24t5xbrhbdah5kpjmvm5ly	4.30483558237389	1.38515299346658
did:plc:aidk7uab4waggrel2kenau7d	3.27262041448926	2.11315958694186
did:plc:aifihmxgtxtnxuxz5qzf4usx	2.55500226177277	1.66970687640292
did:plc:aiurkag6pxfch6xpncahtwyw	4.27639866700066	1.31892958656238
did:plc:aiy6acxaguekw2k7ypm7qatz	3.52067472314652	1.89831184860821
did:plc:aizp4oopyk3etipie42inu3r	4.12249193197178	1.55839971029242
did:plc:ajboyqxwjf5m6lgmcapjic5t	5.27623193770669	1.54501461376146
did:plc:ajfk7cawpnajllwoqlp6xhlz	3.34003796315543	1.82842716300179
did:plc:ajkieqqat3bkl24wyqwl72jf	4.57832413302471	1.43200769358077
did:plc:ajl4awun2m5eshm6bsilvbfu	3.32021096125096	1.38753681801534
did:plc:ajpweu2l23l2snxrwkk7g7kh	3.6570846527157	1.72278597205872
did:plc:ajqqunbyrqpwudniuzvkxb2o	3.93379164745783	1.36071839601088
did:plc:ajqsabobgxxpnveb6yam5fnk	5.03540736938268	1.14866992444227
did:plc:ajrv2t3qrvphlcfx246asen4	2.9898796295817	1.6127579053851
did:plc:ajryu5edt3k5k5bie6xpu7dj	3.22871720657861	2.07741913333163
did:plc:ajwomplu2skdxvpzsix4iycz	3.47103045386296	1.74405699487182
did:plc:ak2ijd3qepqtzmfffsgymskf	4.82782440867456	1.4032187492816
did:plc:ak62gdc5ffv75om3rmkyga4n	3.53324845771613	1.33473004478207
did:plc:akd27gypmktvruu6s2yljpcu	4.62596708207865	1.46726937814695
did:plc:akjp27cutzwjri23gt7ap43r	3.59060534970924	1.3663735461063
did:plc:akncpbqliwtwv7rsq57waxnw	4.55099953315262	1.50261564844757
did:plc:akpztzq5snbdpmvuyq3qoav7	2.6370287868503	1.56785530552474
did:plc:akrtesmsgzk4o6x5d6da442d	3.48890029600774	1.61918054565992
did:plc:akvptl724byaf2lafgbcb3vu	4.22894585599105	1.23701279578668
did:plc:akxyzp7jwou2vlvyjeisc4r2	4.22763413286348	1.52587673912928
did:plc:akywxlwspok334tcjvm7pmoe	3.53994745799156	1.65081137252065
did:plc:alahjtum6z6prt66qlw2bazh	4.25809041812288	1.4515999419258
did:plc:alcf2ab3fqq4wmmqfjj2ihv3	2.99374797023423	1.50818700769635
did:plc:alddemk6x6drnvsouer7bthm	2.18859464566758	1.15309533839424
did:plc:algctbk5gub66no2c4bgjiat	3.65968879298875	1.59751967796609
did:plc:alghkhgvogbyinxurnmjgpeu	5.20070783038935	0.989214663591583
did:plc:alhzr7xxf5midjkbqbjr6gzb	5.28668441258779	0.927639633877661
did:plc:ali4bdfsrwabhqsimq7k3yrk	4.86286992584056	1.25288864347469
did:plc:alld5rkcg5w7lltiqy76ieo3	4.49951033036272	1.33212763746059
did:plc:aloeejp32wr6r3o5bidwsrzc	4.38120194534353	1.11158614638228
did:plc:alsk5qpmtrhosuynsiamr5wg	4.19698861327319	1.65210413070236
did:plc:am5dx6cf3ybkjtnh2ipi3cfk	3.70169925769041	1.5150357320266
did:plc:am6qwqchlfcxnbqvzabruopa	5.24967510460727	0.760199663684846
did:plc:am7bbt3c3osgfkcomurjcgsu	3.97426765349652	1.23781531455623
did:plc:am7vy4m6lidtbxna44wk4vpf	4.89449007342824	1.24235519199545
did:plc:am7yreftfrjoylgo7jga6kx7	4.78185851180547	1.50753641707858
did:plc:amfq4pvf4q4iwdpw5vioo6xg	4.8257510472093	1.30402662310861
did:plc:amgayx6i5dmy4g2in5psav3d	3.37447162588657	2.13123136389025
did:plc:ami2tki6m7ti37qsesxiydpb	3.65578598955253	1.62614210483864
did:plc:amn63jjaiz576st53324t53i	4.09382302649877	1.5691355671902
did:plc:amo6fhvvflwlybxzn73qoiql	5.12120122121943	1.08805682657057
did:plc:amrsjei2yk6s3c7kyztnrfxi	4.30471939278572	1.31644493017315
did:plc:amsog7n2ovf7vskjddktbxcy	3.68095527604993	1.4640144132365
did:plc:amwpdnb2ip43lsvh5cm3j3pe	3.73331836158952	1.35760826230028
did:plc:amzugmvunvhe64iudswg3ikn	5.27120090457584	1.38763209461518
did:plc:an3plpekdi63vh4mnnwrz353	2.50876040685986	1.43951912187778
did:plc:an3z3bbtnyl43iziuvsn6k6c	3.61960224372783	1.38437021213454
did:plc:an6dyybtw6viix2npgjcrau3	3.77876407601854	1.93676883621501
did:plc:an7vyqjlc47rr3xs4lfjoz2j	4.6304958043556	1.30838615679348
did:plc:ancti55dlmuim72ptmszv6nu	4.20180980482253	1.13159020454851
did:plc:ankjzrtpbipwmfi6db3b2lc6	2.7191060516743	1.54559689271177
did:plc:anmfi72gkxnl5imybntxy2fo	4.57338435318445	1.57988539770774
did:plc:anqm4esyt5kjp3miwoqxlogs	5.51634184786873	1.01994291904231
did:plc:anxmwmf6dbn3jvwgb4a2xpcc	5.67820036366996	1.01162608103595
did:plc:ao36kzy3apgvl2qlotfo3lzm	4.1509576756423	1.39698251240373
did:plc:ao3ydxvgerk5by5vrspwqsdp	3.27863347469564	1.64322956769012
did:plc:aoaz5kwifuuauddpou2pbymp	5.31468145036433	0.858080070366303
did:plc:aojxsokwz42pvlm6sxnejufs	3.26665414895744	1.43130612820795
did:plc:aooil4wd4qndxmqt7jivydrh	3.14489693088806	1.83270886674754
did:plc:aopd4q7scytymtwxdjfomxcn	5.12526695126628	1.50795028266114
did:plc:aor3an6b7u5enebzz7rshhss	5.08546463092123	0.929678615607483
did:plc:aosfr4f4kwuoqm5auq33jmb3	4.45201500007411	1.17286507186601
did:plc:aou3ptox4gm2upzx66plzumx	4.26790370877264	1.6097808914309
did:plc:aousc4lqm66m6mb6tcywvaiw	4.58074142107741	1.51612959791592
did:plc:ap4dkd52nr3ymozxbpztwypt	3.88230393040765	1.43621074401907
did:plc:ap5ditoeb7ylre3ib4bejpy3	4.45853143829122	1.36752664221932
did:plc:ap5swcuuu6k5h5sc4vttbu6v	3.55564657637649	1.47667583265175
did:plc:apcgzlwu24sqk2u5gau4obl4	3.28932309387785	1.43333372829039
did:plc:apdchcxi2otmnsij7dmcfk5x	3.70723423333998	1.30099866479402
did:plc:apfzpvtlfelytc5p735qbzpn	4.8608747139022	1.27236405928325
did:plc:aphcz2ijtipolulbp7axrnda	3.8859083474369	1.47650896624919
did:plc:api2mizqokk6i2knxzuvo34x	3.48261054107316	1.8224489056371
did:plc:api75nfse2y22mox7g32333q	2.8951367377969	1.83091574690232
did:plc:apsntazubn3xtmzgfvnudtmw	2.73670630292114	1.27646843838281
did:plc:aqdfz5xx4zskg62isdtoe7cb	5.19111012033555	0.864484706616581
did:plc:aqdvq5dnjszyuk57qg53pu6a	4.82162508845002	0.926933269932694
did:plc:aqea657odmo2rwdhbli4667t	4.32804320200444	1.30711355091058
did:plc:aqmavfzxz5asvpe5gqbbwh3t	3.16894441539279	2.02996585324767
did:plc:aqqtasj6bw6ctp4o7vq2tpnq	2.94877414463488	1.81768116863153
did:plc:aqr5h6q7clmeheft3sknegcl	4.50102985472539	1.84751570083118
did:plc:aqu3nwna75odyhd2tv2o3p53	3.86122575691578	1.56416294569176
did:plc:aqv4kezlij2vfs6pyekfyzxn	2.37153278336193	1.36971328407339
did:plc:aqxvetiwko7u5lw5tiuycyzs	2.40284800755053	1.5059714707529
did:plc:aqzesjnrqahjynr5dw5dvrzj	2.67036739493663	1.55323226173163
did:plc:ar2iekjdcvbueunh4gyao3xe	4.07993793563867	1.515070927138
did:plc:arakc3xc7n6tyilpcioj4nts	4.93672131725165	1.09929328583425
did:plc:arav4la2ks5f2ww2vtfhnbn4	2.14596080531438	1.31789741588806
did:plc:arbb75pw4v53dpu74rtmbz4k	3.25401703838271	1.84823754114831
did:plc:arcwl5advo2dwycplypcavo5	4.48896259079382	1.4505996492328
did:plc:arj5juhpnay4uf2hkc5wff7j	5.61532767172352	0.76135293758549
did:plc:arm53wxuosxry5t5vrnhz7sv	4.4000096062851	1.39969549175571
did:plc:arn5ip6wonwynqaoso663wma	3.5711830966711	1.38600677151183
did:plc:arrtz4iip6nrj4uf3epjzulp	5.79432726652872	0.896484280958615
did:plc:arzsha3zlma5cwalhtazton7	4.16718312064952	1.60758665511784
did:plc:as3tciugduhxjtnaplkoopmd	3.49229131489688	1.53257182600146
did:plc:as3yoe2bzqe54fcfmpzdrdiu	5.16578503334004	1.55986390349749
did:plc:as7sak75d3f2dddrvpzoeno4	4.30200081635071	1.29658218828127
did:plc:asbig3u4esgmqd74vbfd6st7	4.59651288381208	1.53054489898391
did:plc:asbrn5ixjwshebgd7xjig7ea	3.86483335091765	1.81749029166584
did:plc:ased2gevcraihttgn6hskcmv	4.94079997911501	1.76574044665506
did:plc:asewm7dlg3yldgk6gawuyujn	4.98383623523677	1.15444974813025
did:plc:asji5c5xkjrelur3bkhuibmd	3.11330133395816	1.49204836111764
did:plc:ask2kexaz6ua4qjh2p74xtt7	2.54658339862053	1.49468400213414
did:plc:aslf4bqcdnrvscddnwfuvnqc	2.78607079525294	1.23787010883827
did:plc:asoi6kgvfokxdjo6ndww3mtp	2.72963667932104	1.60568973391248
did:plc:asuj637l34uiacbz4vqh5ceo	3.61226974106055	1.68652776091604
did:plc:at36x5shz76gi2fwfijg5fx4	3.59842521600135	1.64787019929175
did:plc:atb3yytqh5b27wdlbwd3xcn3	3.63025364424032	1.42864421025561
did:plc:atbthlcqgsls7c2hse7ilwjx	3.78927538814732	1.3592899149821
did:plc:ateoffqdex6tnru45p3gibg2	4.24787008494649	1.41407107915247
did:plc:athv3k3zwohx7xq2zaqx55p5	3.80969207552773	1.49731211780661
did:plc:atjccsqivgll54mayyirhwrt	4.50475643194215	1.54443001737469
did:plc:atkb4ykoriiztupqkqwpffzl	3.15981573908182	1.63629733138724
did:plc:atn4cezrz2asrpkiwuckbnxn	3.15646691950304	1.15956825556841
did:plc:atni5fzv5e7ly35x7md2k4cs	3.81210755884803	1.93096573512583
did:plc:atoenespmm62z3ex22wk2v6y	4.03481283668463	1.72791624484608
did:plc:atpo2rkzrtu52w3a3dnzj2xh	3.62740368566698	1.08120913285239
did:plc:atqha7cmdeptuv7wjgwlvdbn	3.57509361060784	1.33054893604361
did:plc:atrmuq5ekhtcxcblytsi6ins	4.43330423421011	1.30336438571684
did:plc:atxqusft5yo2m4iqbntvorwi	2.79936904094539	0.95346159748574
did:plc:au2pjbbkjzeqp4vqlqtuhlly	4.46043706848963	1.77142909181913
did:plc:au7l3ro2jdf4inzotuw3lpdn	4.87884566552332	1.66405142138503
did:plc:audx5fxcy7xjonbpa65mpjtl	4.8860254436145	1.25133825276397
did:plc:aujwwflbtnpjl6vfkko7r6ro	5.06505602391881	1.07729248815202
did:plc:aumdzoe3dk5wiitkikvu5ovv	5.35902248035619	1.37563881311392
did:plc:aun2pv2uwa42ulawwwe2ixui	3.32480608746205	1.3473942264048
did:plc:aurfrgygbukgeg5hflxvu5cx	5.01422064092957	1.42454626105026
did:plc:ausddc6jogl5fl4ilp2xrken	3.79325873852803	1.67547441473064
did:plc:av565wontwcvzdd7h4ydtrdu	5.48799537564861	0.837507066339455
did:plc:avdblkhw22xi2v6bjpvuxhqr	3.51012723032635	1.10208527905962
did:plc:avjhtfbuxmel7p45vtqq25q4	3.19805771917036	2.06853418307612
did:plc:avl3jlqmcqqopne2xlscxp23	3.51700327340669	2.28654603780735
did:plc:avltxicu5ydhe7k2iyucyke6	4.06523546418038	1.55431794632426
did:plc:avlvc4viv2xtfr3hzmxgucfe	3.44555927704627	1.42110007231642
did:plc:avmtpebt7gdpreuiqcyqdgh5	3.873004198403	1.38275860853264
did:plc:avneauyjfun4i64m4gfly6pt	3.66237191376624	1.46099574883262
did:plc:avoukvd6zf4qogagzte3dnfa	5.19627029506496	1.84024947622837
did:plc:avoxu7ixmbb4ygnazqvplnbo	4.17689732250789	1.62730298002633
did:plc:avpvfqe4cmafwccbcpd7bghk	3.01263122497315	1.77337791323243
did:plc:avxdju22wcvxkytjv6f25mjt	4.64490340235915	1.43567036816592
did:plc:aw3my7xnedcbsbwuf5crnrg3	3.3736752201874	0.923599372782
did:plc:aw4ldhspwzcxujtxpivjpvdh	4.19823821271992	1.42368114587644
did:plc:aw5ainujrxst3qlcu7os2oub	5.48587631178415	1.36584322616832
did:plc:aw5lj6w32w7vbc5xjwlszomm	4.39536131455233	1.25644248678426
did:plc:awd4yqhor7uecsbixb5qkoc7	3.07908853606743	0.914113022470681
did:plc:awibwgpgfgdgqnuiqe7ac6el	4.73807430870981	1.06010066806814
did:plc:awjbjbrjplpyqeumgsmcsel2	5.02388055745327	1.46234486094721
did:plc:awlczmfwgxt6vg2kt4uwruyy	3.6876370537974	1.61772157812852
did:plc:awpi2jcjgimlmns3gnamh3t4	4.22043884344972	1.56370639082687
did:plc:awpmnhm4q4y62hwxukiwg6ry	3.20611439244781	1.66689105071999
did:plc:awt5unfhyezems5ulchj3e2b	4.48490460168695	1.10099761083954
did:plc:awwuhzgas6qz4j3flgyaxxxs	3.28133799857652	1.94582737272809
did:plc:awx54j6dfs65ksjib67li57z	3.2237977223259	1.39770912408029
did:plc:awyu7h5uze6hfkq55gvq7nhv	4.58823019622866	1.17300133655938
did:plc:ax3racvysbpm76ryrmnzppvs	3.82761168694419	1.73283235457598
did:plc:ax44al2zd6u6tw6cfhilmkmn	2.65475208271007	1.66657096950221
did:plc:ax75t3hj65mzsjaswldjuybx	3.41448701556565	1.43300885515989
did:plc:axbhu7jkjx7h6bn7auoybafc	3.82568528364895	1.38823178361132
did:plc:axbhzxozwzclgrtlcdaonpcc	5.51982805393614	1.21432018670511
did:plc:axjxp2mius4o4zh5nkn3tqmc	4.92236578394116	1.40208950044784
did:plc:axoghpk7iexwr76tx533oo4a	4.91926509739754	1.2426225278093
did:plc:axoubquxdwbvbk72o4z5b7oo	4.16661262314474	1.50880137869691
did:plc:axztztebcdor5irspbdriuyy	4.8688302662157	1.1561111604104
did:plc:ay36ycgejvddabxqtjqg7nqz	4.3528576375087	1.41719146649342
did:plc:ay47itkundfxecyx26pxqeqy	3.94869169067779	1.52381343902577
did:plc:ay5bkndtgte2ffpqkhnocs5d	3.22641932532949	1.30584463012872
did:plc:ay66li56odlucgpnnctbhpma	3.44914887559894	1.38311840753179
did:plc:ayathjz6ep6kgwivstq5e4mz	4.38098733155166	1.08512758993419
did:plc:aydbnkh6c2euckgtd3hhrzxk	5.06474763478476	1.06823826585276
did:plc:ayf5znhyv55x2fribqchsyga	3.66748223735027	1.7362816924954
did:plc:ayhvr3tqojskhiovqayvujf7	5.40406462215731	1.28321499288132
did:plc:ayii55daeheod3lrhxeokjyt	3.71660155146246	1.88252546271686
did:plc:ayjosax36ckssrghoqhegbue	5.11117330084071	1.24852902993887
did:plc:aykmsvqmkminfbpainfozjfh	3.94946514942295	1.50143439486126
did:plc:ayqzccbpunggscupiwdp4u2j	3.98546833554912	1.84600119688327
did:plc:ayrcvd56a32fby4m36mimgsl	5.04349134571126	1.12213046754915
did:plc:ayrk5krn5ytvrb34e4et2e73	3.85234411390718	1.75768418536509
did:plc:aywe7bricqjmv3btxxcvlttu	2.86574722335696	1.84275766290525
did:plc:aywglgklnql3afrlsqzhyio4	3.02524496404797	1.42559697530632
did:plc:aywvskw4jn7ez4kuttn245bh	2.96964088887873	1.27176815082766
did:plc:ayzueqr3o6qp2dxffwuj5l2c	3.91964131939891	1.22837970313746
did:plc:ayzzlrz5bgbg44vmv7bm3j54	5.69404623940513	1.26274886271373
did:plc:az5out5kuirtzbxebdjqind6	2.84297662255332	1.72279757193951
did:plc:az6eyfpx3newng2zmurdwul7	3.81946026784852	1.61619214208982
did:plc:azdvsftbltc3tgxtm6phwkmx	3.79386214399998	1.50679640515991
did:plc:azgfcfhgbpnb25nlsqf3okc5	3.69511966899193	1.30909501728315
did:plc:azi6drb7mmwvx4tqvecokod3	3.9108155744008	1.65160510357636
did:plc:azjs26xeob5q3fh6qcusj3es	4.05054868212073	1.60493018316651
did:plc:azmemgw3asw6k3yyqiogofga	3.62115390455802	1.05499462335301
did:plc:azo5v5mknhzd33cz27auxj24	3.78936391186079	1.76455920153314
did:plc:azp5tur7khfjd5wvb2ms6i4g	3.65072347743914	1.23569927709656
did:plc:azrgmquhjwhhqu5rh65rm7nm	3.46824387728282	1.77423578711275
did:plc:azy6bptzsprifnrolpvjs5mq	3.75505395066227	1.72630367250853
did:plc:azz5bj3s2h3zarqqlwww3frg	4.08182705850274	1.36041037217063
did:plc:b24pllrzmsbmpfrer2b7mx5f	3.12821597814842	1.97220210753733
did:plc:b24w3jyooutrmv64ke3wdtiu	4.51476961537467	1.57811612917341
did:plc:b26jtooxllawqhwolb6jhz6l	2.68186099379199	1.75484447248563
did:plc:b2dkg66kzkqzecdeitmhnhbw	5.05693305946178	1.50959100046006
did:plc:b2jdxiojfwh7jx6lwfacruq6	3.19167847696837	1.31021570728428
did:plc:b2k627vbzfkfcwvyq6fk24xt	5.18756687229565	1.30171654461628
did:plc:b2lahp3kv2iooxgpziadmuic	1.15154000233658	0.720489968902064
did:plc:b2n3fhwfe4enhsukwlblgvhj	3.96946811038585	1.40944789358017
did:plc:b2n7alvlaulnqt36ne4r25ns	2.98336113170803	1.69904236213526
did:plc:b2occ6qw7uwb4f25zg3yomxn	2.22447691923636	1.24703921723972
did:plc:b2qp3uxfozvldxffyt7a2kb2	4.16998501937147	1.63395054523895
did:plc:b2ur2nmkvcbdnwwqfxhaq66z	3.44257281300388	1.37846940097194
did:plc:b32qoekiglmakfnd3qjfiyd4	4.39157318861415	1.19910065429036
did:plc:b3376mjpeseuwmr7vqf4byr5	4.35280479653784	1.17706513160225
did:plc:b347jx5updbf3rsckhftremi	3.7482926477244	1.38324522179165
did:plc:b35r7talijnj7jv6y3hrolhp	3.82094315248822	1.62850049393802
did:plc:b35tsflklknot4nxol4mzo2d	3.73827546148962	1.25066316451625
did:plc:b3bc2qbzgrvpimfxnxausdtw	3.57079464305748	1.53812953510605
did:plc:b3bdp6dx6zbpbvcfgtaiqlvx	3.73738639357396	1.30873629007147
did:plc:b3cwskb3non27477novlhtsj	3.26676366965797	1.61429325411496
did:plc:b3ixsjp6ek7vp5yum2dhn62u	3.7419121523325	1.31544717203726
did:plc:b3kxdzjxhplatoyj6yhqu2yl	5.54623470707161	0.868629822581079
did:plc:b3ln53jbrcjbtsdyrql3plkr	3.1972783361969	1.56459086902512
did:plc:b3mvpfqnss55dm6n7r5refkl	4.82048092799402	1.19949493764947
did:plc:b3pdefxy3yuasgwuijxpy55z	5.04590180138851	1.2476722153996
did:plc:b3qxbj4ivegauxsxjf2fn7hp	4.61364151284124	1.67428695437716
did:plc:b3r4nnou3a3c4erdyblzxqel	4.08502228709865	1.84552773288479
did:plc:b4322bz5njq4f2rls4v7v7lq	4.603079130522	1.15960150150654
did:plc:b43pzfww5ewvorm7ot24sihc	5.0262149954901	0.914058415958196
did:plc:b45kisdsm6pud65tu4byllz7	4.510977044833	1.45895599375744
did:plc:b4dv26jvqs6pokwsqulzijvh	4.36810073659777	1.22959710332556
did:plc:b4e3hi56jz7pagdatugejtus	5.90131487427289	1.05239782827542
did:plc:b4eze3frdaohpua5m3wcbjn6	4.47061240050601	1.23445654796814
did:plc:b4fusyymgc5zl3jtphm2l33t	4.23397884795621	1.19155234558146
did:plc:b4gmrx2w66jj4473uztyrkkb	3.59708394168673	1.57925143754798
did:plc:b4javpefvu4s4ex3kqw2barz	4.04596614650353	1.18259679886205
did:plc:b4klsh3yojf3lex24k2nw2yc	3.82608558206222	1.57421923625558
did:plc:b4nxdtkio2vqjfoy24fp36lc	5.22496254583525	1.40546843117814
did:plc:b4pm362wn5yrztzztbwgtmqv	3.60415170442273	1.70817928229017
did:plc:b4rat6wizj6tc36qprpwzssw	3.62566530040084	1.34935126595079
did:plc:b4xvvsmocjzn3z2xpcxc2sbt	4.68439927484338	1.33323673228499
did:plc:b523nzqcba4toa67xo76vtcu	4.00808886004468	1.69952449075706
did:plc:b54efrenllti27ma6popqxf6	3.31743672440475	1.81041822291965
did:plc:b55qqwmtwfsxyhbqjmtmub2k	5.39713652188119	0.855002125452329
did:plc:b57h575z4e2kqhnqjt743g54	5.26519243069128	1.36559867682367
did:plc:b5bw7v7lc52p3sm2wn7nsftz	3.99663361686104	1.59266844934282
did:plc:b5gkou5lyxp6evxj72lbjamh	3.76274566904811	1.62481148376593
did:plc:b5homlywoengeanurzp5efxu	2.68644960383517	1.55564639919276
did:plc:b5i2h324nvm6erhvgab6hy2b	3.57012828699686	1.5759829255385
did:plc:b5lwf3rwtj473gtdbdwfqt7j	3.81486060153513	1.37270299795588
did:plc:b5pd6mcoulrgbtc3j7qocfhc	4.39104249602628	1.54554340657713
did:plc:b5qvpptsptnevv5op3nz6iag	3.28580024858454	1.21566393230577
did:plc:b5tkevmai6kqqhfbqx6mpku6	4.283382237947	1.26639286424515
did:plc:b5tmqwg3tt2asgs4gtlzqaxi	3.45988793358299	1.59241635564003
did:plc:b63dyssi6tmxhizavbpyzsaz	3.14165127074261	1.62402328826414
did:plc:b6cm3uzgfxrmvoitb7mjfovu	2.52230629634433	1.33536141730885
did:plc:b6ebhdsadvurqung5ljdyg2z	3.47907591925597	1.735877677285
did:plc:b6guf24ujzsscdryc3nt2a3m	4.82480344547218	1.42035546956208
did:plc:b6jpmx7w2ieqms4lurq35ian	4.91296176147441	1.22253425776078
did:plc:b6ohx3alhohhtr6mdjzmeujj	4.38849340939652	1.52982780009908
did:plc:b6rlmmnl244apjlnlmdckxuk	3.93140928819546	1.48700978970805
did:plc:b6san7d4epde5v4v3z47ggj2	3.49831931071543	1.62057094732216
did:plc:b6taqejzfbvijakc4us3anu2	3.40945961088138	1.77794560298048
did:plc:b6uhtbejmvivnw72tcmvam4e	4.11204516051472	1.35286572823333
did:plc:b6vpkcp275ri35xyc3fasqwn	3.80938114980809	1.4235551621525
did:plc:b6ztiyme7p7xlxjhmwzcavs4	5.46374219003973	1.09120783708231
did:plc:b77sfqjb3chgxswvyi5jjm2b	3.92473747535002	1.33982048179091
did:plc:b7d3p4tupia4rh4kljszr7kp	4.02249509871536	1.55125291375409
did:plc:b7k7vrawvvfep5ts7hkgvpil	3.22629674852624	1.35057264588477
did:plc:b7rk6pi6knzr2lyeshrevsul	4.34310807839745	1.42018179975777
did:plc:b7x3wf3xrg2aqzjxi7lvkqyw	5.02625410936044	2.10765744310779
did:plc:b7z6hxo7mogyvzl23hewhy6c	3.68441913207106	1.66655754207806
did:plc:ba2riwr6bvt5zjrlzyrga2x6	3.91335252803253	1.26507251557772
did:plc:ba4p7jxscwaxtbysfhhjdtjj	6.29202919283293	0.839778317749408
did:plc:bafyoaaa7wvoo54oss3u63cv	3.63666333191164	1.36831167441704
did:plc:bandguknd5ih7rfwtt2rdsfw	3.71519084240258	1.89853737372453
did:plc:banm5e2c5ic57fztg5umg5uk	5.31967557668927	1.56610542167212
did:plc:bapqa6kaytxpnvlicwvgmarz	5.3592108741255	0.98450005507667
did:plc:baqpely6pdll2byjdf3w2cu4	4.21356982053623	1.77819069624003
did:plc:bas4jn242ysjjkdgfcxnsprh	3.57241019343306	1.66545374000664
did:plc:baun6ayaxnv3evbeudifamkq	4.56350905263605	0.909931998390803
did:plc:bawai2ruynneypsuxpowroom	5.34648796199273	1.33556353277688
did:plc:baytsdp65zuy56amr42jg6sa	4.03681769375177	1.04889111575119
did:plc:bb3f7uuwcimzzyka2idye5vi	3.74109927792806	1.47447516109459
did:plc:bb3gqmx7wgygv3ozlg24otqa	3.57218006717455	1.3629374878145
did:plc:bb4yh3w7vpv4o2clm35x66wx	4.23750711736176	1.9913559532171
did:plc:bbfykz4dwufxttvqedvydb4e	2.99318973375225	0.925217597162053
did:plc:bbgulflj2erszjjzc772izlb	5.69339316923669	1.17701996063487
did:plc:bbkgio2kiug4ocv7ktzxp3d5	3.57936929196312	1.48811214114132
did:plc:bbpgh5ajwsnb7jbvcwn4kpo2	4.16206882270051	1.38041228523802
did:plc:bbsac3tn7uctofkbxvzn3qhe	3.84789536924772	1.35180194905635
did:plc:bbxjev6d667r6t242agt2lqk	4.36401195912004	1.47097309352091
did:plc:bbzbynlj7sz2a32xae3n4jzq	4.87039506345591	1.03886197499216
did:plc:bc3w5gkap25zb5ooxpq4ymmy	2.46514944934015	1.45096601483935
did:plc:bccxhu2lnqbhl4cnpfs7ti4u	4.00454758084457	1.61372018556989
did:plc:bcen47iol6hccqoufvtk7wt6	3.20540957389398	1.87773825822916
did:plc:bcfmjx3fe6gevcnlj2fbkc7p	3.60347633232678	1.36837489259974
did:plc:bcgb6njtnrseg37p67ujrmgj	4.41197950103005	0.996446817036497
did:plc:bcitc6nmz6kgwbkt4vphjg4e	3.07479473866849	1.54280816342558
did:plc:bcj6fyy5rznn3uibbbgocnh7	5.46256914344414	1.03185749276767
did:plc:bcjkijv5fhll45qwjar7l5tk	3.98267241671987	1.22071527213211
did:plc:bcjx6rs2e663f4ai7e354jp6	4.24550720931426	1.42174155394052
did:plc:bcpsliokhqncockvarphyfyc	4.1465914393269	1.45898378539462
did:plc:bcs2pfpk3ajqrexhmvnc37xn	3.8360084875484	1.52020315197411
did:plc:bctxd2rvbztc5etkpm2mi53z	2.97981545337124	1.86662663764017
did:plc:bcvppiw4y277pnj2zuqvmmbg	3.49690887356278	1.59272469968918
did:plc:bcwtj6oxuxbe6upjzqyf4iib	5.06131358534766	1.44328276821382
did:plc:bd6lazttg3o3ircnlmsl7m47	3.61948449610857	1.51371012684833
did:plc:bdf7mmtbkqv7ypucfch434o5	3.78385547740567	0.988178360194697
did:plc:bdgdi325you467wqtpuqdtff	3.02638953123076	1.28783553409781
did:plc:bdmy2eoljwqiljr6t5wn2ry5	3.5793163107705	1.67710043353721
did:plc:bdsit3pqlrjayjyivny3akhe	5.28895690338671	1.85153176320081
did:plc:bdwzqkrdv4tw575wilpt2znr	5.00162698107989	1.40426719063165
did:plc:bdxzrhbotbt6ispsyv7zh7f4	5.29325058536606	1.18927692527009
did:plc:bdzyzcxrqqg2ww2cc52js4rv	4.24747971303223	1.87581362906407
did:plc:be2e6ai5azhqyexmaqnj7mcf	2.43466070622807	1.1739690677082
did:plc:be2wzx3xm7aqjvyzlomghpib	3.89964240732761	1.64337449824017
did:plc:be4dnrhrdphhb3knmhpdyzgs	2.92194139621883	1.79368047114308
did:plc:be7mvcmddl3knllfyhl4f26r	3.83246724935005	1.74719035989184
did:plc:beikd2go2ivgefbl53gqayfk	3.36954219523057	1.27574455730528
did:plc:bekmoeu4tibr77pljntcpsmy	4.78664637307981	1.22392163615604
did:plc:beqdo4deyyep3ofatnwr2ceg	3.62006024738879	1.93728907044108
did:plc:beqgrxk25hjvkjjxept5kqc4	3.41958723120543	1.18288175394751
did:plc:bewcgj5k6fqolnymmkefaipr	4.24758718778152	1.67319583105078
did:plc:bfe6zc5nklzwwrpa6mh47y2a	4.32721538446658	1.20681351244635
did:plc:bfkct44ir44ysn3bxqvm42vq	3.00095130867247	1.79242710080641
did:plc:bfpdkcic743z5oynoksdnxyw	3.82516216215434	2.11368960960381
did:plc:bfritgsvvcmhks3enpsrn7uj	3.64838374333329	1.44077320975159
did:plc:bfz3ilu5m3jmw7dahfyyufaz	4.29073078113699	1.04680070347108
did:plc:bg3rc24w2i4ifqn6s5suhihc	4.25197843916214	1.54601895712049
did:plc:bg5hk32g2wsinhiypxp2e4ms	4.28767981962312	1.59243722075911
did:plc:bga7bqhldzk6yn2rmxzvnn45	3.82263144588853	1.1346976134271
did:plc:bgfeljf7swlzexrcxbkfws5q	3.75442058848897	1.77240805754942
did:plc:bgibkh6xm7bnu6sv33ce5lvg	3.51764681981367	1.27159192292734
did:plc:bgqim43l7ksetjh6eamxbd72	4.42537757178205	1.25697049831622
did:plc:bgqns52kdlk3d5puqizmcdmg	5.50396918050108	1.28228235831627
did:plc:bgvzwfoxp6kzpx5mhyglpjds	3.31539618663052	1.56421403512838
did:plc:bh66tdoc7xqtyae2pgtasl35	4.93126951193461	1.26769475837869
did:plc:bh6krtlbpk6hijb26clad7zc	3.60912772421153	1.52983005312864
did:plc:bhdnw2hn7aswcf35npsonpah	4.35801700500232	1.91798664708829
did:plc:bhetlb5pmxqbs77ncixyca3r	4.02761609375553	1.55875205315094
did:plc:bhg2csjv22ep6qr6hmplqnyk	4.51976431664469	1.25628960512755
did:plc:bhkevnafakva5n2vypdska52	3.73414140036107	1.95779112803122
did:plc:bhkj6m3ir7kdmlpa7jj6v6j5	5.76357675358553	1.33409637427861
did:plc:bhlaypj3itdyeoianu4wesi4	5.37290372053371	1.66200912045481
did:plc:bhli7cxptccwjlxwztcy6rh3	3.63533224939262	1.48683855244869
did:plc:bhvrrngtey3i3amzy4ndb5aq	3.64310199599985	1.46451374421902
did:plc:bhvwnezh2xtev3tk4yd32h26	2.76753708000486	1.59629397153312
did:plc:bhwy5r7v56jiepfraizee3c4	5.3658938932706	1.48675105267044
did:plc:bi4hpl4t6jzenpzwfdokgycz	4.31916883045704	1.50941853151338
did:plc:bik7wq3ubxtkrwshchjq6asx	4.83209124418965	0.898948168854604
did:plc:bil6molprl4uarzcxmuozjdt	3.98256818761447	1.8434184497544
did:plc:bil6ysfjwppwzboa65k3fag3	4.19470210295469	1.10067094857657
did:plc:bilrdoi4l3dzpioimythshlh	4.57334006801667	1.3767203115358
did:plc:bio22r4fn7rn5avmlfyf4ykg	4.71902225622096	1.40744393881096
did:plc:biqeirt54bycr3x2yn65b2ub	3.92104273965053	1.40183031591774
did:plc:biyxpnerderp3ysmtpah2mzh	3.70188518699466	1.10872210591385
did:plc:bj5ptwmksnlhov4b4xw3bcqa	4.67945205699997	1.00960512276528
did:plc:bj5ruwpe2rz74xxdjzksei5v	3.62871428829656	1.70038029779687
did:plc:bjadgliljoxkpwplgv23kdi2	4.09511738723903	1.53547203951093
did:plc:bjhbkah2avzsf6spttgtadqj	3.19134959955412	1.43343917050083
did:plc:bji25xybofnbras62kvekhb4	4.10957912240249	1.32949735581762
did:plc:bjlq7bkfvrj5qr44fqs4ytf7	4.51161990959221	1.78105872612221
did:plc:bjpp77eu76f42htgdbz466mo	4.73562699551564	1.34985893805788
did:plc:bjptv2nsics5ie3mnhflxwoi	3.66771561854649	1.47091382280923
did:plc:bjqb66ajbtfi7co33r7pygmw	4.38568262421689	1.76900706875949
did:plc:bjveict6m2apyvqpg37b3bg6	2.99138138126435	1.24792397458828
did:plc:bjxnhnmhvkwu62typrsjobss	4.6354501705838	1.11955407671122
did:plc:bjzyxhj2hs4hdp2hyq5tt54c	4.96549025541831	1.44832680157372
did:plc:bk37xx5fs2pgrzfybk3n5an2	5.34623655351834	1.25561833982279
did:plc:bk3gusf5lletatmgbg3s3coc	5.1297515118804	1.2014572553583
did:plc:bkd7yhsjiaapv2b7ebjhrhre	4.46935093994028	1.42666036173961
did:plc:bkergkdjzvgxc3uzrtt4mz5a	5.83380665926211	1.06225254167191
did:plc:bkgc7hzp7pha7z4h4w2dgcg2	3.05674654503642	1.77492962898467
did:plc:bkhyumxido5euala5sh6kp5q	5.10443718208372	1.13237546582779
did:plc:bkjzb3rncbgbacoczu6gxvnr	2.62818040432788	1.28964206366521
did:plc:bkuabzj57c47jbkumgd5ewzc	3.3857243210718	1.57960465607
did:plc:bkvtxmn7cqzehi46baoofvmu	2.69839126834048	1.56582521678875
did:plc:bkwvtsypgbbhhza7jmd6jpe6	3.59184125144821	1.23181204680691
did:plc:bkztl5w3xyrlg5lxwl7u5amq	3.08531372234668	1.61548004934257
did:plc:bl3cbzoncvhj7ivd435p5fnq	3.16205620515983	1.76044505306428
did:plc:bl7jmp7kmdxl4ndtbyv65ame	3.3928274534026	1.86711960517808
did:plc:blcxfbohg2klmso6tazudplf	3.71034526740468	1.91749216230086
did:plc:blddgc35tb3oovfgboa6h7gc	3.90194856997106	1.58987004753623
did:plc:blf2vcsb6lqrbkn2h3rbcohl	4.69803988287059	1.30695068127878
did:plc:blgznsnhzd3nnmftybxrwdt5	3.51214341251371	1.75652673160005
did:plc:bljakyt5uahdzwhrevxbikgm	2.81381695387426	1.70477588279527
did:plc:blqjxvbgqxa7mkvm2hcxyo2t	2.94420341553524	1.79856332992416
did:plc:blv5exa4wwcoqd35asrsr6jr	4.14507733053338	1.90680209289311
did:plc:bly7mqmkhelfh7jmmoiu5oht	4.00065314475462	1.747280805458
did:plc:bm3wbjvuyhwjmusm2tnwqk6z	4.24312406173277	1.58398596602026
did:plc:bmce5ibcwzqtlb2753exg63r	3.11579096329468	1.432506050962
did:plc:bmdfc3y24wwzxzjjzcuwkm5x	5.18409407507435	1.05659736790987
did:plc:bmfdluqcml5ttifhmgij5lrz	3.8241211893914	1.2880244151368
did:plc:bmmpyxnojcgfpikdngmn4cls	3.16015344215084	1.96475167183657
did:plc:bmuyfrp35c4xk5t6vivp3zlj	4.59958936744812	1.5890539929675
did:plc:bmw75ok37qm2ahal62bwou56	4.73483863158115	1.14470059543596
did:plc:bmzeuoildejsooj4jicdr6k4	3.60497902184305	1.22373069437218
did:plc:bnizzcro76gvs4roonkiqbhb	4.4896752043869	1.3299608645719
did:plc:bnj5scwvaape565pctgjmvzb	3.63503203050714	1.7871786290669
did:plc:bnjhiu5xgvgf33ry4funci43	5.04297431509992	1.38491641409682
did:plc:bnkzdzmpybt55dzmmctujud3	4.60910509123805	1.56027666661745
did:plc:bnm7kdhgpiqlw4drdh7u4nze	3.73141146322726	1.3544954390251
did:plc:bnpqfxh6umd5ux64j6jemvro	4.39621680887245	1.68251185425605
did:plc:bnrpfvih2qoihs5v5enrouxv	4.84965045409534	1.26894048545768
did:plc:bntejkpapft3rjsodynrogdh	3.36651064020759	1.04503101027867
did:plc:bnwpo2ocl5oz4adytpdx6dfc	2.89510464351208	1.62810113996802
did:plc:bo22ahbvynebv7cokxo32vbf	4.86413087015069	1.37302967246813
did:plc:bo3uakcybwh47vgxpp62p22w	2.89641225677905	1.38527110989742
did:plc:bo5kmtcurecbkyrldtfnoe4b	4.57081330642153	1.42812867574981
did:plc:boaas4nyztx5smcixie4qzqg	1.56969760590194	0.592492982604437
did:plc:bokjbuqiqrg4tdxj6jljz2ii	4.66158928363804	1.45401564659176
did:plc:botfmapsqtoqqf5rww5gz5dt	4.58622172113287	1.68437563738224
did:plc:bozvvb4hplgfrsi74glssyeg	3.87104712690322	1.50057602763866
did:plc:bpdct6iex2yfdyz5u77asjmi	3.45049612604451	1.85500386988286
did:plc:bpfxa4ech5cdtlemezr522lz	2.66356215233849	0.64528692398544
did:plc:bpye6g7ago7ujdrvogs7cmjz	4.11447525964527	1.46055094629425
did:plc:bpyi4k5ibqejvdnn7xjuj5cg	4.4358222749329	1.42221913199381
did:plc:bqbwgz2orjan5enj6aljekk5	4.1926862423097	1.41272840756096
did:plc:bqcj2mpivsuhm77t3ocwexbc	3.96213163389617	1.80944508958593
did:plc:bqhmdlihmkqyhwaoltuw2lgr	3.50032604051842	1.49954053045729
did:plc:bqjg32zjvdjiticnwiooftnh	3.04647282664433	1.33262722897835
did:plc:bqjof4csbviot46yni7qerbt	3.91255830837229	1.19484765517341
did:plc:bqlsgpayq47inpmt4e3tlfwv	5.09572637324029	1.49011904166173
did:plc:bqmw5ip4r5gp2eiue2bk3dl2	4.14943257827767	1.44400065752808
did:plc:br5ljqijmfbqzssqnihdbbmq	6.32068838944344	0.847626307255819
did:plc:br633e4vjogkvu4duzdkji67	3.70587539635118	1.22353657269404
did:plc:br6syqde2i3caeh45aa3x2dh	4.06246367810763	1.34637412220743
did:plc:br7no3clcmhv3bhvdisdwqs4	4.55063527549528	1.08944723974549
did:plc:bremclr6mgupjkcd25olgghj	4.05517254395497	1.50403408436
did:plc:brfft2jpmqle7hmuz22kldk5	4.53824199770039	1.16019689274146
did:plc:brghrxjzvzmlpxhfdpklekj2	4.31313406209686	1.20825081518211
did:plc:bro5dwlsz4uxk6f7hp7cupt6	3.12093379772279	1.46293521591805
did:plc:brt3y4qbhsywu3m3tzg4hucr	4.27715062765813	1.65545174601529
did:plc:bs2yytsgarkd7narqx75dqyy	4.64665354320328	1.348020542548
did:plc:bs35m5gc2o3cpkbdergbbfyh	3.78349002720304	1.60037624340173
did:plc:bs57bixwo6wounemkw3tsy3t	5.59346998855275	0.961487299329055
did:plc:bs7dke74u4xxgavfkbwx4r5x	4.53243164357505	1.40691550404001
did:plc:bsatrmldfay3z7pqe5h52ssb	3.8937893339125	1.59580510285194
did:plc:bsghmmfmfeunap2hn76l6pz3	3.60924141165029	1.6150115963563
did:plc:bsjisplrpbphmgexbxyacu6v	3.6454412516274	1.58323860591053
did:plc:bsloeynv5hvsbrwoo5ti2gue	3.67152023034376	1.23928905343142
did:plc:bsnjeead3m7waoov4rvjztah	3.74466364470356	1.48228107106163
did:plc:bsqnmcqkpseaiytw2bsy5orf	4.04024774337929	1.26294911923406
did:plc:bsxqslo2pet3otzwoasshxuz	4.43053375905829	1.7380269248903
did:plc:btatyyy7s34ypk3qabpqijs5	3.74132827961697	1.56659284281785
did:plc:btbq5xleigg2ggrn6jqdsaqt	4.89176473731329	1.60072001242226
did:plc:btdgnhomkouejs6oitxbline	3.86320384684978	1.91184355338286
did:plc:bteewprxfs44g654kecaui5y	4.10646129764779	1.45460978505167
did:plc:btew3ykib7reol7ipkmxvf27	3.81742458000315	0.847090271566128
did:plc:bti6zch3oio6xfb7u7oqchck	3.67006358311025	1.58427068104892
did:plc:btjcj2yqcnaomwcv5zweyfon	3.50910696903257	1.84443778417642
did:plc:btpjnadrw6x6dhbujwqbib3x	2.94120846088238	1.49551576652408
did:plc:btq7tvl53ykawdavnljsniwu	2.65149165461365	1.72589794836567
did:plc:btrulpa3t5adbrh6ul46fwkg	3.86782559323034	2.03467551808391
did:plc:bu2az4vkws6miofqsbakbgew	2.86940053059198	1.53813012505384
did:plc:bu4si6ju6vgx2mlrwxpfqtqz	4.09664712618624	1.5376779969485
did:plc:bu5gjrssqafieeu6i3i4ilam	3.11361456838527	1.57814116767243
did:plc:bu5t5k6vdum3vsj6fopmcs2y	3.76101202670351	1.75023226405427
did:plc:bu6adgsrhwqglgv2vc3jt24h	2.81072392005666	1.52219718441533
did:plc:buc6ehlhdyaortssbtxxsx7a	3.8563581534835	1.31204171294567
did:plc:bucln7k3ks2xrmux7mgb3mc2	4.46991460377177	1.4161997934403
did:plc:buenawxdu2eoeuq4x3ktbtvk	3.09126240374367	1.17201537834055
did:plc:bulgjxapb2a74bj2dgzdknen	2.89353515897669	1.2154289437427
did:plc:bup7aste2qrincyfbyv4u3rw	3.78098548485423	1.89680859555458
did:plc:buv2v7avl4g4bhyoj7br4lsv	5.84005689253695	1.2193120875771
did:plc:buwj5vcs4u4ef7wddbkrvvu6	4.36218197020867	1.04503368713713
did:plc:buxwfixjqqgigfnsftbnhcde	3.45659545933694	1.41863085809539
did:plc:buzwrra5km6xtorfiov4sg5k	4.2842351470577	1.14619629960409
did:plc:bv2ckchoc76yobfhkrrie4g6	3.70367595208414	1.49317497423636
did:plc:bv2kaec62d6ey2e3wttlv5sd	3.47217358868454	1.45533045221592
did:plc:bv5xaa27wwke5mxxl4oxhj3n	3.25560053214349	1.43329935691906
did:plc:bv6v5kw6bm47newq7r26evkb	4.71052142534504	1.28479778862618
did:plc:bv7rlaxxw5zej3vidjlakzv4	4.52298013981349	1.15977542709108
did:plc:bvbel2zix2ore45kipqapvyo	4.98031411103921	0.988270470921006
did:plc:bvfi5okvu4jveqayiila6icm	5.2166812192446	1.22263494970348
did:plc:bvgtw56ct7ymbo3nxn6ngev7	3.72784096450279	1.50059706505698
did:plc:bvgtzk2vhhrorsvqx46ig552	3.2915482727235	1.56633980005407
did:plc:bvkhzx4g7wweu3ddrqotiiub	3.95791690879258	1.43306583355478
did:plc:bvo5lzpghgul6hkck2asfvf7	3.88488959504829	1.58917687557872
did:plc:bvqokmjdhez37ieu7ok2clnc	5.08038451190103	1.39086870687493
did:plc:bvv5ngnpmluv4thhxm5rcjdh	4.85818009485596	1.38611026859227
did:plc:bvwkat2srlai7bkhvamxkp3n	3.38966861079817	1.3283669206915
did:plc:bvxf6tepum335uwu5lzqxfea	3.11281707428575	1.53896209615521
did:plc:bvzfj6ma2vgaxq5azrmh2kq3	4.64299058563716	1.52876740533813
did:plc:bw2ahq6qocsufo5uf5pnlzwm	4.66311194507125	1.26480355810573
did:plc:bwb22rt3hb2iur5xawyorvqp	3.39078244561816	1.97592925281799
did:plc:bwbr6mtaqpbgsi77baak3l7s	3.81094123079265	1.588237001447
did:plc:bwdcal35bizv6gehcft76xyi	4.07716404595811	1.10146538136455
did:plc:bwfvu2gdayh3bopi7oatq7uo	4.46606411574394	0.973173889930692
did:plc:bwhejldaugcpxvoa55nmafrm	4.08857128090183	1.15118095619671
did:plc:bwiyrungq2blhxi6gaopez3t	4.15522902857528	1.24966435200205
did:plc:bwj5x57owgbzyyeuhmcpbbs6	3.87502931536496	1.83267329855463
did:plc:bwkpqujpwo5v6ph76zz4paiv	3.82397903016276	1.19145711926664
did:plc:bx2rmta5bkf6ctd4z6ti3nsv	3.94279879415341	1.51713184319302
did:plc:bx5xs5ocw6iqdw7z4lizaxjv	3.87633736801875	1.76648637518511
did:plc:bxjmokjwrbmjdlj65avlgciz	5.95572882646367	1.08976760125773
did:plc:bxkqewcxkxrzdocwp3l6nwis	3.61759135669709	1.87460383379579
did:plc:bxqfcsset6szj75ievcst7od	5.40364834498233	1.38902355802101
did:plc:bxrcumcohle4m5yj53z6wdeh	3.58483358227545	1.37279820884219
did:plc:bxt4oa6xj567lwhpd2fgqgtg	5.74429588029725	1.24249778804159
did:plc:bxy5py6htn3tabguw2a7rolh	3.31853646904677	1.18532883017612
did:plc:by2i626fcdu4nnsmals3fql4	4.70202546440666	1.08200913866855
did:plc:by3hkshblii5l3hu6fxyfjso	3.09068534271285	1.81067062439079
did:plc:by5j47bvbtic77bpx2apmlyv	3.77828166335441	1.41548871595056
did:plc:byijdoe7dxzf57cow25gy6bt	3.77109330076656	1.30047301264272
did:plc:byl7w62srkpf2kdlqcn4qtfs	3.30471687527578	1.63223885272542
did:plc:byojbeahx3wopmwerdgdz76u	5.6259412365298	1.09230407463237
did:plc:byryoy5jeppiry3gh4227fuv	3.15612378104657	1.36279218952762
did:plc:bysm6toln23wjh4fkxfishfh	3.5906607822626	1.3462921941241
did:plc:byz2omcq3drf2hq6hkcjjeg6	2.69828457923212	1.71353971612533
did:plc:bz4ikscdmcbdbo5qjpvqnb3i	5.7540243654624	0.938454939917409
did:plc:bz75c65waqsyv5phu4e2rfk3	4.35414234769974	1.51013206486012
did:plc:bzcrbt7apzwt6jocuivpeb3x	3.05216645261743	1.25676959912014
did:plc:bzevk6vbadidjdm7phf47qr3	5.1998284263779	0.853849324041639
did:plc:bzgkpodsxstqzsw4okzalovm	3.86089357002453	1.06050345437555
did:plc:bzhhqbjl7o2jae52eryeq57z	3.84595008457499	1.4766313026798
did:plc:bzhp42i7n2c63yibskdi6zcg	5.24880893713459	1.29647062250427
did:plc:bzowvrfjemp3rnrvlcs53tey	3.716514378709	1.53132664781565
did:plc:bzqqz4z5hrzzo2vidm2j6zlw	4.12151576175349	1.47181796713969
did:plc:bzsnjoffmpog4omiyvdgebf3	3.68115370291849	1.41529646482366
did:plc:bzsyjxuyhokramjzevuxngbm	4.22214710092155	1.81038054425733
did:plc:bzuafmfx7kjoffmwkpmkildb	4.82574801959384	1.43954686340732
did:plc:bzumv76smz5yfq3p2fvjgx72	5.58501613249176	1.01251790296247
did:plc:bzwkxzapulbrxzso6zshjk3p	3.50432806927056	1.93633315078841
did:plc:bzwrve7pxrdjhkhxea63fnni	4.05191510247383	1.40334830141172
did:plc:c263b7h7jrxkhekcjpykvrnm	4.11541425705659	1.31673205868314
did:plc:c2eyleefkwbckbmvthaqkn54	3.84111792191543	1.6188520389328
did:plc:c2gojlaw3krnsqfdzuo4kdqc	3.43785305357247	1.57177691606134
did:plc:c2jrlbunchkutjo52sztobxb	4.62867194394375	1.4087456049442
did:plc:c2ltrhqocybkqstoqjzk2mvw	5.33958523640215	1.02169160129658
did:plc:c2sgczcqam23tn6b6zxzm3op	5.5907707501896	0.949556273604014
did:plc:c2talktoyiaxxnkh5sotf2ll	3.01011028029687	1.7957088134954
did:plc:c2tqdziz44l7aef6bvn3auet	3.20729193373198	2.01958316216909
did:plc:c2u72m6voma7rd3thdx2en7h	4.49334747462951	1.50184579123658
did:plc:c2uqt2olbyjswfqyqfhxrars	5.49002870992254	1.24896105710513
did:plc:c2vj5jbrsliixz2b6uln2nzi	3.20659682799813	1.181309843624
did:plc:c3amtgu3t2qphczqc6l676c4	3.32590058588546	1.74911872980217
did:plc:c3e7sgjd36fauxikvpci572h	6.27354000568542	0.913072055808888
did:plc:c3g4eaqy66gh5cypx3gugfyf	3.35138923947386	1.93458923229899
did:plc:c3iknjvd2fndk3ndpnmtymlh	3.47889325838316	1.40320366815786
did:plc:c3qg7iifgu2owlwidfgzqu7j	4.53865744502492	1.41340245220032
did:plc:c3v26ykkfxmkaqv3voyxt2l4	4.16434198195285	1.76312404853241
did:plc:c3y7s56jd425gd4wor4mpjbz	3.67199866987341	1.70175208448226
did:plc:c3zxq4yvtpqbyqsjomjivsb5	3.79814262367753	1.41466642429997
did:plc:c46jgdszsrrjxsjhoqxspj4p	4.17180240979299	1.51453095276964
did:plc:c47uozvmfkawpbzr3nltujgy	3.4250057175966	1.64506667593018
did:plc:c4ccxhhkdrk366e7bkhisehp	2.82014607768742	1.30352546294571
did:plc:c4csorbluwpyr2smkhzp34sf	4.23048685196499	1.17610041503268
did:plc:c4d4im7o3uvxltnoo7dybn5i	3.88621782176073	1.4662946487031
did:plc:c4ehbctqte5lzqgx32rvial6	3.02971201171502	1.7510585364032
did:plc:c4hkbxxrpiiwnjnhvwybetmg	5.43949021367987	0.951421300142599
did:plc:c4jesya6kyzadfbz4xfj2dgw	4.58237201876725	1.53377552287211
did:plc:c4lwgwmd2f6uoezq2ndalpzr	5.4235596117838	0.894841990988797
did:plc:c4mhwygwbjeigajqihirweew	3.93739846308554	1.50351437600735
did:plc:c4sie3ytbuqhxz4onvmrk77s	4.22295365211185	0.901106172699815
did:plc:c4steeurbr5zuvjscp3ks4a4	3.91827793878685	1.27210600562102
did:plc:c4tua2dvwo3subelej2yzdpy	5.46580529402559	1.28828189235965
did:plc:c4utwq4wrln5cboxzzb6dhcf	4.39649700039776	1.43132780757072
did:plc:c4xrmunr5eedkexzhzc3ddzi	4.23287563883518	1.55045882580708
did:plc:c55hs7ktovi75ltfbzye3cy6	3.97847834626494	1.58119511536394
did:plc:c5axjpa3tarweg2boytmwtxn	5.35167993398303	0.978650346747081
did:plc:c5busov3phbs67uit7xqsi2d	3.69076424895623	1.69156857026551
did:plc:c5fa42aehwmugw4r33bbjskz	4.10067164537138	1.71246537467622
did:plc:c5gudx2imqgepgostlfcpj6u	5.17126591661371	1.21317624004232
did:plc:c5m3qy2qskrgq5khjfdt6p2y	3.7180204774617	1.78609250569784
did:plc:c5ota3yjvwyz2ls65kmwx3ac	3.73621376419462	1.27725016934158
did:plc:c5tk6vhqpcm47w6zqih54q7v	3.05636506590479	1.69075010192243
did:plc:c5zsy67m4eiayhdnle476tbn	3.60309699938334	1.76517511755494
did:plc:c64vtetz6mksz3qvp5fktggh	3.55035081941981	1.73323124577724
did:plc:c6cna42cgzar66ib4brrxvvz	3.83837566312531	1.36562682117471
did:plc:c6e66be3nb3tzzipsmvqtomc	5.73398321400304	0.910359476283651
did:plc:c6gkxspv3tdij22p3kmiz2i4	2.19472654851958	0.950627586342491
did:plc:c6hs2wecokob2n5ih2cskru4	3.891262941008	1.72397669151402
did:plc:c6pc67bvm62h5uh6upd3kmlt	4.08481018065403	1.16528970961998
did:plc:c6s5f5h4cxsrgb2l3qmkzvkm	3.65573034061573	1.63541924497999
did:plc:c6v3xpczclzcabkbcg5q3qkn	3.81043917818136	1.31959667826658
did:plc:c7ck3bvsg2efazs6ezsguvr3	3.73433683033839	1.46481770732403
did:plc:c7eoesbzeacxj5zfogcx4hch	4.22791768985456	0.965894657772556
did:plc:c7lk2augb6cgrmh7me3vsnje	3.02293260395998	1.86258362528062
did:plc:c7mwpef6crzjdafnm7p2fnw7	3.90581960379799	1.56833498032915
did:plc:c7sauizliuhdbjqhrrs6hasb	4.36467316289513	1.79189515776523
did:plc:c7udxvrevkreonev73w442ww	3.64404334545706	1.20497775101829
did:plc:c7uzr7ndd45yk4hgsqtduhmy	4.68317874077632	1.26641228375195
did:plc:c7ynhlx64a7kgiw6yne3a2dn	4.27901590047648	1.51486921518556
did:plc:ca32etf57szyxemea2kgogeg	3.47413906807843	1.57017220605407
did:plc:ca3njtmp3znxa3y5byfqqlrm	4.63377224536164	1.32085225371895
did:plc:caf5drs52o2ekplsl2f7bel3	4.32799432780142	1.56317701422608
did:plc:caggghtnnaxjink6dujpnd4p	2.84923222988687	1.65265055092294
did:plc:cahwdpt23l63xc5qrwgfez2t	4.58400122942627	1.41968478266253
did:plc:cajt2s66hck6pk6fvb7eiuhq	3.45906531548735	1.49389951597704
did:plc:cakioddewgs2cpd2f6gphazp	4.46709026221035	1.15681372923138
did:plc:caqcckvndrup4digxz3h43se	3.49933974376188	1.58793215350627
did:plc:caqsoqbvhqhuzzclr4wj6nx3	3.92586747122501	1.41337688699796
did:plc:casjdvpptnkq3flfe4b5fd3l	3.74857339574591	1.6292289939986
did:plc:cat6kairfxagastlkl6ykjrx	4.76315495041068	1.67838085530881
did:plc:cb3tbbwwx43gjaodiijwogej	3.71268776612117	1.71427781882843
did:plc:cb7v5qpvo5opn55wdasfljxm	4.23754221224066	1.20529293873236
did:plc:cbdfmul7anunyimbpb4huddb	4.14370855493558	1.25809875478035
did:plc:cbm2nueahvz2golmi6tjthwb	2.37604753827194	1.28553569944045
did:plc:cbndu4instmn4vhm2tbbgppe	3.70113690984542	1.91879824168688
did:plc:cbqnckzunrr3vghknoexvl2i	5.04038501937068	1.35722947346693
did:plc:cbwpjjib267dox5tkbmrph4v	4.52665215673466	1.83100560637362
did:plc:cbxxyms3litfz5emu6rtxmhz	3.78782428270777	1.68936904832742
did:plc:cc2ew6qj5a33egnlgnxwvole	3.98420891191293	1.49616867234757
did:plc:cc2lxkqb6mrk4kpkk7cdxgb2	4.05414457441614	1.53145451484902
did:plc:cc2owjichlrxcsspviulwvqa	3.60889094016423	1.6085489931594
did:plc:ccairi7xdd5mwosigsqfndq2	3.32380942128353	1.76913594643464
did:plc:ccbsww3begsx6mmnayhisljs	6.04333455135934	1.25111936837882
did:plc:ccfigcbqmtvhubxwmll3ymyk	3.0390751887969	1.39640776326987
did:plc:ccmnq7b2ffgjwxald5i4qeob	5.40184792251739	0.842834516296244
did:plc:ccsvc2ahg52z3vt4bw3cmubl	4.01328578621416	1.6249178660402
did:plc:ccw7xpp6zxkxxir7t7kfb6h5	4.95854839095602	1.36353380112866
did:plc:ccx4i2mfuwzyh47yfskvd6ec	4.4660230355039	1.43025908092645
did:plc:ccxil6gsosd2hi5m4x4shyaw	2.6306867683215	1.53347059528126
did:plc:ccyed7zxtf7sm4a2iwy7lsaf	3.19171748893312	1.30547265149159
did:plc:cd4n4svqhpdljjqepxl4yvv5	4.79761907908677	1.37270383484677
did:plc:cd4v6pymxqvnfqck7e2civkd	4.0392701960618	1.43773733602711
did:plc:cdcnmsmu756aixr2s5elmnvg	3.66881367504524	1.71285211196645
did:plc:cdhiiirqsix7gqs2perc4nj5	2.58030971966198	1.34188071852782
did:plc:cdhx2am4ryf7gx2q5mnoczp2	5.54175101581467	1.15140260413959
did:plc:cdj6hozvk4m56jtsevvsr5gl	3.77186258037633	1.55320751580387
did:plc:cdkecd7f5nepfwnr7ntydd4r	4.50265846792254	1.3073343146329
did:plc:cdl3dhtvwpjwfb6wz2eksgas	3.60286516611326	1.67109828297541
did:plc:cdnhkljos2rzixvx3ja2krbn	3.8925393235844	1.38602224323343
did:plc:cdnlzkfni7tmzvklteqb2u6o	3.28380834167318	1.23916295074635
did:plc:cdnw3u3zpd3vqgbrt5a6mhhh	4.556976149624	1.32227116446627
did:plc:cdoh4iy4rbmjh56a25llvy4l	4.50998581230132	1.59733015474208
did:plc:ce3hzzaq5uwi6f7nttr32u6m	3.55066162318	1.54241559208682
did:plc:ce74jybllz6wmwcgaxtvw42p	3.6302835267095	1.67007306896066
did:plc:cee3w5vskewo755tdax3m763	5.10234118742651	1.29873415830197
did:plc:cehxbl7ly2djxsnfxbsrc4a4	4.63744818821298	1.09894124184571
did:plc:cejmneq645jh3dq34uzuwvtk	5.29559847072608	1.45614668293516
did:plc:ceunckfyhwx3shcy2kyz4vnq	4.18381804423872	1.40969684440635
did:plc:cevfulk6sbf4tkn7orbrtioj	3.82066167479525	1.77466119440998
did:plc:cew2lctd2l4rumyaim5vhjno	2.89974477042364	1.30610918028172
did:plc:cezlmepqkupszcexvkxteduv	4.04824259080859	1.41974615161982
did:plc:cezv2snxfm2ev4nu4vsknuqj	4.61242067012957	1.3008103682448
did:plc:cezw2xe4tma4ngersrkmwywg	5.64704310049918	0.736666892374483
did:plc:cf26fq35b3tgd5vgj7snekem	3.36468732518357	1.19870968441319
did:plc:cfaqiryvp2b55j5pwpny7cmn	3.64211602960431	2.0580273331052
did:plc:cffq5t3lv5l7kxzp7kp3yq7f	4.06023596432024	1.84910656825236
did:plc:cfnlsvffttako5mtzr67j7xg	4.02248017376501	1.41508382470479
did:plc:cfrgp5ysnadq57f2jna2kobc	3.59309874395763	1.33861811122776
did:plc:cgagek5yv2ni6n6gestlcaau	3.93991204141693	0.732659934470352
did:plc:cgcqgog2jnywt43s6l6d3qjp	2.92437135624052	1.70208003800267
did:plc:cgdkcm7uq2iwpazdzxe5plj4	3.52608205391971	1.81550947827261
did:plc:cgdqlw323g7isaztjrlc535f	2.66465688961182	1.54694366622742
did:plc:cgdslzb57olt6qlsfxpuzgyl	4.92192443290375	1.48583697520809
did:plc:cgk7apdssti6tmiwskjwyb2i	5.13702524826047	1.61760572636126
did:plc:cgkudzks2nwf7leclcqhf5hx	3.24580741277063	1.53834627693672
did:plc:cgvyukt6ssd6eyjw7oh2zim3	3.90667304079609	1.28913036343511
did:plc:ch7j7qv47ok2sq6xyzbggawe	4.29552652624418	1.24094339921836
did:plc:chava7baq4iegb6rcezp5e5w	3.53339372178224	1.3771117868321
did:plc:chfazs5xx7wpcwzx6vcojs5f	4.45389400720096	1.3843658013023
did:plc:chfr5ytqegx4fezffrufp7mv	3.80004720958139	1.26686927147943
did:plc:chjt3fo6w4ekxwra2fze6ky5	3.89832561649885	1.26753887173402
did:plc:chk2eieabzkguba3twvs6jud	3.84493319624958	0.92362250189992
did:plc:chokzxdpt2fdjh4waudaib3c	5.21746899668938	1.00388127457187
did:plc:chsve333b2gokjsb7iq2eiuv	3.73642624769877	1.37429660571062
did:plc:chszappy2hl4wjinfxleyfbw	3.63778538863316	1.19630192461896
did:plc:chufuh5xlkuv4bgb64atqnvr	4.9479173813715	1.15326964217475
did:plc:chycbpepn4awhws2ikybpqkb	3.18432807987161	1.55771443950814
did:plc:ci4uqz2savlmsvriw2hlynff	4.10810766170931	1.14285605803168
did:plc:cia2vfhzi4tcw3a6ofawxcah	4.97565728335618	1.4711750634325
did:plc:cian7t4cyingblw3fyzqbag7	3.3647849480553	1.40280242598853
did:plc:cido2gon26p6wczeeqxwqwvd	3.64600265944964	1.04530522647809
did:plc:cih6i3rn5tn7fca7ifu55x4b	4.67003868006848	1.10354603356884
did:plc:cijbvpdap3whuapn4vt77qhi	3.66959518708389	1.18260809372678
did:plc:cinzwysemun6lpm72yb6ep5m	2.74239443885606	1.64156446839488
did:plc:cispeacfzmmnsdlqesm7f6f2	4.2717080789191	1.36864592587063
did:plc:ciywqt67chhj53d57ggdkrbf	4.38357375456129	1.47558815725587
did:plc:ciz5hbl2jxs4yqunabzkydqx	4.09956253788438	1.6309595713905
did:plc:cizbalbfui6ubtljg3ofhjki	4.16407773971643	1.20385807247717
did:plc:cj2zdpl5dtv4bsg5zds5gi3w	5.46213184661013	1.02322946658961
did:plc:cj3iyk2bwtwydmshl2kceym6	2.43386653837385	1.41926163153891
did:plc:cj43zlz76gjecfoof6rjfy77	3.26724136757833	1.48762363081458
did:plc:cj4int4cpyxhyh62xuwinqwu	2.70952653205995	1.5142772457406
did:plc:cj5szj3mu2ood66kls7oifmk	4.28867878334387	2.23015161319292
did:plc:cjgtyrp5sod5axcxae26zmua	5.53488291546067	0.957738722129306
did:plc:cjhrs4xdex3hbzuo3ozktsyu	2.90089601356237	1.72733947053295
did:plc:cjku5etlabpimdgzv66ybzxq	3.69565492773901	1.96060130506907
did:plc:cjmpbma5ukjnmlihmc3of2ua	3.2683565189091	1.57550270165958
did:plc:cjpbf2ut6g3zqfh2oq3bue2r	5.07627413747449	1.21025670446412
did:plc:cjrmk5nctarc6wdpaxmdb6n6	4.27247389236254	1.19924801661604
did:plc:cjufdn5yijxc5xjc3kvq6mkq	5.02675446970758	1.4714678881507
did:plc:cjvxiqs7aeczss2avpdyxnmf	4.74037349229697	1.73289662837922
did:plc:ck2tb4rvsiuwwoyimvmejmml	2.50583734075418	1.51263003721534
did:plc:ck3rde3fni372ifsm7ahnoqf	3.40574704997207	0.95641970001044
did:plc:ck5l2wlhwfv6bcmfpjl3gaza	3.83966240723959	1.12610277872555
did:plc:ck6igpwgdpprhnmj74xsp3mg	3.71881559411515	0.4543127523289
did:plc:ckbmspm6z4fbcm3dls3i5niu	3.24351469667304	2.07147020152233
did:plc:ckcybfsvir3ljtbsp6k6q5yd	5.08327095964487	1.18035454107987
did:plc:ckhxk22mqv2u2e5nttp7z47v	4.30281701135856	1.53420551820154
did:plc:cknfs4cmttcjdmhfub6wywlu	4.22478850213504	1.22948595968501
did:plc:ckshcbuytrsttf6gkkdmlpsj	3.62881442022465	1.29506746173187
did:plc:ckuwrrlunfzln7yommzpgqx6	4.88704910621886	1.30834141853211
did:plc:ckve7nta4fvla4ydm4nn2ozi	4.80646387954393	1.13297061583335
did:plc:ckzlfkvtimpqb6pb4anmv6t6	3.93854848356812	1.46429369946306
did:plc:cl3uwdudm7bbd2d27hlzuv5b	3.92140955484734	1.20169824465555
did:plc:cl4ksfoffsgxnot4jlqmcn7m	3.47587876402676	1.39929695413679
did:plc:clfdxyimbwp65lz35arwnu3x	4.45870131005628	1.44299368172459
did:plc:clhbyeeuzibl5rne3tx443xj	4.42706385002706	1.62725886244145
did:plc:clhv6qvu5dfts2ol4y2uqtp6	3.43424205857858	1.9428794121409
did:plc:clif3npql53vjycuaqdjzocv	4.13121305065019	1.53123555730157
did:plc:clmpwtkczfaqh7l3l4op4a4e	4.78843683640355	1.29537296341888
did:plc:clne4og363pzqnhidaxpve77	2.8967585056384	1.72010237997375
did:plc:clprbb4xpthq6snrhagxyrso	4.25272072071994	1.41535843404928
did:plc:cltfyw4co36zk42bahwf2k7d	4.22467718531393	1.60722808787375
did:plc:cluicrszjx3qtqjwdxge2xqh	4.65154246833639	1.30329882161655
did:plc:cluu55f3lnor6slb53eyk5bo	4.33024695714477	1.38011957934786
did:plc:clvf5ldcqe3gbvxib4nmo2b3	3.99632230730723	1.59238372844891
did:plc:cly7s5d66sfo76oyy2obcxpk	3.5908884842505	1.27662934479362
did:plc:clzxi53xb4trhua23ttntaev	4.94931217669473	1.20441315601737
did:plc:cm2ugkymsp34t5zg2hqmtwwl	4.33767568455041	1.18963147489888
did:plc:cm2uvooljfid3kiieozhdfg6	3.16567535995424	1.71283921197008
did:plc:cmcmn7er6sqttvfxu5coxuze	5.12958400889641	1.18249037765524
did:plc:cmd7dmfv5cow3l4zlvsy5e4x	3.12022133529875	1.75422571613278
did:plc:cmde3rxu73uas6d3l6xmqdib	6.04109621688943	0.921750992677518
did:plc:cmffsvuokr2jna3xjqfrrcad	3.99427657818812	1.64623969000211
did:plc:cml75fvjrdo7g5rezwddasmz	4.29585156757302	1.2833540102367
did:plc:cmqe7bspvcjhy7la6s5pcgbt	4.14013004503157	1.24859802484072
did:plc:cmqqzjejzjjie6bj23bpvbgu	3.52183531124552	1.52204057701167
did:plc:cmrpir6pwixzbk6hkhoyrumv	3.6570096555162	1.23839612007936
did:plc:cms5iuujq2ltglgus3lt5y4l	3.33641964385581	1.6306807323223
did:plc:cmwbdutm42s4qaqkvlbdo6bx	5.67054132219315	0.805917775766593
did:plc:cn4ieed6cceelumvlptlsuyo	3.64903072601921	1.20558345027494
did:plc:cn5wtodmb4ldtuhz3gw6ocll	3.86170358779164	1.52004322190324
did:plc:cnbaq5tvtyeglwrekx4rif44	4.51595751882479	1.13003477470411
did:plc:cnc75edo3zt2ythiq6m6jnb7	3.96730731571892	1.41544370373083
did:plc:cndlnq4ohkgv7rdfk2ccldpe	4.0015024528414	1.53261104945867
did:plc:cnfuktqowvcphez4cvpetwl4	5.0426479309951	1.17229406866446
did:plc:cnipsfvkmt6u2zuy6uqngsbz	4.03724839729591	1.60149371495726
did:plc:cnjh2n7hho2rp5lppm5hsyib	5.16038668952177	1.16548371308434
did:plc:cnqafvgysagzb2mox4jr7bdg	3.71811949671746	1.47021449472039
did:plc:cntbargdubizrvg6fk65tfsz	3.31817425514802	1.65951363603459
did:plc:cnuqhblp42ciw3aljz3odzjt	4.52894146123155	1.16910356412109
did:plc:cnuszizea37jecypdi6qigwj	3.72989475922574	1.24573137188628
did:plc:co73fwtbhsbkcjxxm3xxrk54	4.62374136804857	1.2299490705281
did:plc:co77ssd4laloaqwh27cy5ewh	5.3442675252963	0.832432059692995
did:plc:coamui4p7xlph5t5k43bfhxn	4.98932799054545	1.32040694639506
did:plc:cobhv6toitaqxf3hpzmmssze	3.12934277410372	1.93197626177548
did:plc:cocbfyz5tndwzjq4csditgpa	6.20128458152145	1.23807137594343
did:plc:cog4orv7kdyhbnr5uhevewqb	3.10719525956805	1.72908594013659
did:plc:cogsjmo27mzsswv7gezqpqzr	4.26485787011396	1.50704712733472
did:plc:coidag4y2smnykqwpmh5rxfl	4.22729978951142	1.50373411396066
did:plc:coo7wlu5gdztsxl4c6wm7pz5	3.53315290512904	1.73646310710893
did:plc:cottrqrfkowyalfr7ffghtki	2.42545444325981	1.05852221306682
did:plc:covpunqqljd4fcbxcrbq4qbp	4.0701651057995	1.50279954228854
did:plc:cowtniwf7n6zzj7piocumdcl	3.74142695597115	1.72484815227539
did:plc:coxu3ut7q5dklwtawifz4lcj	3.92808717310681	1.29057659986216
did:plc:cp2m5exdrlgxg5536lvt45s4	3.88771898306299	1.35186905106965
did:plc:cpc2ljy6c22aj4wxqebyos65	3.70850904355816	1.50447423505599
did:plc:cpectafrugt7tzudfmfwyx4l	5.3769101610918	1.32455764125496
did:plc:cpfsz6jopeuctkmrhnphui65	3.20462226500194	1.85006369931967
did:plc:cpj67z232ahyp72ii5ny4wce	3.26775442776202	1.70371827203973
did:plc:cpl4sa2mm6f7zankrktpz2c2	3.88394681094027	1.39564989832748
did:plc:cpnge5ah2erfzyyjrmphq6la	4.36287623367379	1.53100776653873
did:plc:cppkdoqugzoabzy3dzdeickv	3.69024705201139	1.58867810170836
did:plc:cpppsvuyqm6y3zobvyw3kpoi	3.87778970095738	1.78757181496489
did:plc:cpqxct75ithxinc3tjlmfsci	5.15889528379465	1.23431117951409
did:plc:cq5wkcapj5r3lnm7gpfa33ng	5.02306075116777	1.17481835818535
did:plc:cqdjb3ll3srl64tduzf56qpo	3.88878756478194	1.7002071857772
did:plc:cqgrwpevagu33k24vs6nzftr	3.96041157053207	1.69527085657332
did:plc:cqqjf35kx5f5hb2hlibgugpm	3.75134285946459	1.43748075005195
did:plc:cqrtgwx5uck3rsa5jyij6p3i	5.17359689420716	1.17592411865497
did:plc:cquqpieivvfbzvsczbo43w7f	3.89024524103914	1.72058310169618
did:plc:cquukpwdmeymhaynjqvazkig	5.37174526152619	1.0945128761309
did:plc:cqwz7csalsnjhsljb3itxlbe	3.42069367943112	1.67471356917143
did:plc:cqz6d5atx43p7hubz2hoztcu	3.24513917754841	1.24140825693703
did:plc:cr5ucgjqo2m4itb537qv6eo6	4.39297057265907	1.07684782005624
did:plc:cr5yxsrbndt4gxlzmxtmwi7h	3.66726869689217	1.33159980578499
did:plc:cr655eulsxpkbsi3xnokhk6y	4.82824690354284	1.65730570696419
did:plc:crjr3cbfafsj6uigvzp4sbop	3.47708691064836	1.59711241247238
did:plc:cropaf6yn4vjwnbgd5q7hdd3	4.88911470697021	1.10175142157433
did:plc:crpexas3ojfbyocjjfagaql5	3.5214515166677	1.27499894048668
did:plc:cs55yi7bky2vi2k7tvnb4ft5	4.76780670914148	1.51783892696249
did:plc:cs6zqnfyszxcwuojsl42v4du	4.13428827845174	1.73245532001047
did:plc:csgduvxpchwhjbkfduiossfg	4.0267041798358	1.85676691293935
did:plc:csgtx6o5z6sedfspu5thhsis	3.74684334758841	1.31100424324735
did:plc:csjjytxahm2z7uaadkea2uz7	4.73097150086328	1.15315251221163
did:plc:cslkepvklpi7owf3dsecdsfj	4.5176159272437	1.50533102505423
did:plc:csna7rnkvxpvkn4tgznqmvse	3.43478736802876	1.80820442044067
did:plc:csrz455sch5qzka75hhvikax	3.84151329039786	1.60698924904002
did:plc:cstmjmxl3pmhacxrstbnren3	2.91040333680008	1.45911819332763
did:plc:cstwgqzltmh525zneitfjwtq	6.08123807181219	1.30629284546926
did:plc:cswhdqumywj7yph3rsplqiki	4.88961817908951	1.47152739074963
did:plc:csxwqginr2zdfkm3zx4blvdv	4.06480139803539	1.36200910516931
did:plc:ct26q3c5qs6kpy5vwsuqqq4w	3.79499097813548	0.784521512615396
did:plc:ct7njxr65v5do32pkrhtfdmw	4.02443980503361	1.30528005540935
did:plc:ctdiqttvhlkqcujeenisqqdr	3.67042257189473	1.2851894546741
did:plc:cted5n32mp7dr7dg3mftilq2	4.38850572604795	1.02656619494751
did:plc:cthd3mi5cij5qw6eyl6pqjig	3.93946165736788	1.50909379791389
did:plc:ctjmcd6nh2n6efpvvtjrdcmy	4.25935785732291	1.45115020849734
did:plc:ctqobfzplqompe7iwakmmwsz	4.93430053626516	1.22437301767937
did:plc:cttl5potaecj65cducofi3ur	2.2967444473117	1.47580491926099
did:plc:ctvapm4ga5kpccumsn4z2icb	5.01560004053481	1.32838386878782
did:plc:ctzae3idweroniluqfo7yzu3	3.887150783125	1.39928028769571
did:plc:ctzrkbkpdwbjf2tv7ju4alxg	4.6414154399739	1.5571136775751
did:plc:cu3hwwt565vlbxfst6jmqnuf	4.08952699393353	1.51260865770271
did:plc:cu3krln6o537njipfcqd4zge	4.42109267583178	1.22190270213487
did:plc:cu6hjnbslhol34krrlj4dnaw	3.16679009406593	1.27483849338618
did:plc:cua6fm7eze6ojzeioyua3di7	3.34035588469812	1.50048374296005
did:plc:cucsa452pqipl2nsfc5t7w5t	4.22858987411716	1.1090548490981
did:plc:cufguna5yywbnnfgjw4n5sj5	5.09823119752134	1.2374267366351
did:plc:cuga4nijot3gcmydvifxiy2k	3.88222159605609	1.3572550662899
did:plc:cuhf4lgtxjxnpakp2qzvw4fo	3.54222398924717	1.60145045332589
did:plc:cujlnsxk676kpatzlmyulivx	3.97000229649184	1.53833256412215
did:plc:cuoy7qs26eo3abfqykjlqag4	4.92262081888403	1.66316948544973
did:plc:cuq2lhglwtk47qfzwvd2svgx	3.42594317136691	1.52709136197036
did:plc:cuzk7euxmwb6x4wtaznxlqbo	4.28491654683704	1.33718176679255
did:plc:cv4lfch7f2t46him3ibuomcz	3.21186874134965	1.58599565724328
did:plc:cv5ea7wwyuwhrvsftf6i7acr	4.89589348086648	1.3733357093634
did:plc:cv5lew66vhcxhvzvwky7v6gp	4.66458367809247	1.23025293038217
did:plc:cv6tgtzg7mgmcmntyv3aun5u	3.60662498443728	1.2454177389093
did:plc:cvapmkse73u32ccnvsnd5o7y	3.52842522550136	1.5646943083764
did:plc:cvbmdcyx6mmme7liewx2kxnq	3.74065933532666	1.48058365897814
did:plc:cvgjuh3a42ina33yol2znsnq	3.28239499865655	1.24742154002724
did:plc:cvn4hjqqib3npm2rwfgqol6g	4.55216563346118	1.39116467880383
did:plc:cvtfp6whdqdgxc67ybmsjreq	2.98321259063448	1.92118803943559
did:plc:cvttqewuyjmezsvu7kgacwfd	4.93222086720578	1.46784487150193
did:plc:cvxz4st7lc7gwpjl7vx4imu2	4.75951165103395	1.20311592244811
did:plc:cvz2dbpsfyryxunpcf55utnw	3.87803027901037	1.18924946470145
did:plc:cw57tkcm6in6ss5q6ivkphqe	3.85991370752791	1.8079561454777
did:plc:cw6aa5qgxo64ijwnnxitowbw	4.00327351926461	1.45459786296798
did:plc:cw7yxetdwv7uthqrizvawjax	4.33677055411278	1.00341281937958
did:plc:cwdvcnugioweqcqzjliuqdw7	4.9843298701004	1.30930001961072
did:plc:cwehmtr6gkpv5kzyjgemxpck	3.9071608989139	1.87815550990549
did:plc:cwkpaafvhymuoousyq2avicd	2.91444526154395	1.29951630908603
did:plc:cwmdk7s3unvs3tmudklkoitq	4.52853695092745	1.47838008683832
did:plc:cwpezjpb6tznmsjxglxagabh	3.26662841812477	1.6634742420444
did:plc:cwtcwhzrqkp6sb2ci4xmxwc2	4.64384186008484	1.31474036473819
did:plc:cwyq3ofrxtuc7ixzo3v6bgyq	3.54779103292762	1.33873512079129
did:plc:cx2jpuh2z64dbrghhh6tn3j5	4.70059243025631	1.47219700803438
did:plc:cx7llcil3wp3whuknrilgvs7	4.17078226234487	1.66255533018396
did:plc:cx7tesusnhut7oh7vhywy2fp	5.82840590731902	0.657423197424282
did:plc:cxbstfv3rjsupglv6mubf5ab	5.72040020607369	0.986118470852949
did:plc:cxco7qix4pepxvtalejaq3lo	3.94724678834511	1.37420323713623
did:plc:cxffch2hrb6twrsigcpgbj5d	4.95785533353378	0.967353081421293
did:plc:cxg4yhziozkvu3gvavvnnofq	4.92443031981502	1.06470815940676
did:plc:cxhk3dty76pfq7w55bswpgh5	3.79962821247341	1.54533318480904
did:plc:cxl6vvnh7yyb4fmjnv6mheit	5.15090388595185	1.05969366146095
did:plc:cxokxkjbprhau7pghw6o4gtx	3.19743138044177	1.4728348863795
did:plc:cxrt7ggxkamgzxa47cggtees	3.16297083919863	0.745793235741684
did:plc:cxv52r57vvaucyji4snzwu35	3.4706459059869	1.72535581745953
did:plc:cxxkylcoy55qpmof7ldjh5ua	3.48683190286663	1.70587031636163
did:plc:cy546q4qquonsa4y446jzj54	5.53589044471706	1.38170118688553
did:plc:cy5v3wujeharw24smfyfmqs7	4.38511858025669	1.26182325973306
did:plc:cya2rhnumeyzyl7yhtqhbdfp	4.12916934089624	1.71865117065013
did:plc:cybkcufv6hkuuetmvcll5rs4	4.03302562729861	1.59869428918161
did:plc:cycqevyrkyitg3p6nw4dhe5t	2.94190432138259	1.36027630385088
did:plc:cydgxen4vxa3ahz64xu3h2rp	2.96793302750292	1.47645100706975
did:plc:cymfp2wjohg63tu3cnvm6etg	3.65924113007564	1.12700760130157
did:plc:cyt3tgu7n7zwdlcuudfarth4	5.70568525916016	1.08300907374859
did:plc:cyuxlljrjcvitrugc3hbhtow	4.81956907730464	0.843408244456204
did:plc:cyxy2wxqxbrjuyy647wjvdo5	3.22607378766604	1.71938722340079
did:plc:cyzpg7pujkkb36i6ucpu7pnf	3.6236689683751	1.30800369040417
did:plc:cz25q3a5ibnbw7qzgyp7bacf	4.19224462014725	1.54324019836962
did:plc:cz3csrj6eb7hiwjfn7ikt24k	3.17272561554432	1.94814364562644
did:plc:cz7lfgu4ghet2ydlysxico2f	4.69748795044178	1.34676962118345
did:plc:czgmfjhega2bgffqimigdbwa	5.68345298545151	1.15224613369929
did:plc:czkrwlz7vybwv4fgqokfzlkw	5.38384657767835	0.716936893637643
did:plc:czlvmuscb7ekmmjnnrt6h2rc	2.80968870392236	1.09639313314668
did:plc:czm727kcdbwhwpac76qzjydo	3.38027208240065	1.1531360942865
did:plc:czozc2rer6rnm7l2ofitbd45	4.38595220901349	1.66028744077374
did:plc:czu333jjnnlgmatcjcl3ooqu	4.83274419566006	1.69872640580948
did:plc:czwi7ex4ndjw4yoy2jagapqh	3.44284619300215	1.11536445409244
did:plc:czy5olzvkt72ebjys5fs5njt	3.31450009458398	1.46586964930045
did:plc:d22rnmq55mdhqna7mdloxnjy	3.51727045165727	1.80670283835341
did:plc:d2bau4cq5ntrfjhldra3w3l3	4.01968263420402	1.18170949610002
did:plc:d2dcrhrlqtewy5kkz4vh3ynz	3.41631688478511	1.52011864282362
did:plc:d2efhbmzjseu5exl3dswn5mv	3.29897662605608	1.94782639865141
did:plc:d2gqdkd7gmog5uk3nktf267r	4.87659227599499	1.00962872295456
did:plc:d2utfmoshmoi4vvb4bwsposs	4.67177069183724	1.72671316285484
did:plc:d2wsqepckvnsp75tdedyh3dw	3.77138966811907	1.52125346814393
did:plc:d2xcszaown5mr5wbomiew4e5	3.00697479867776	1.27442946317364
did:plc:d2xutibmqmkax4ohtzuo6cdw	3.47482916439421	1.63051144109958
did:plc:d3cvvbqumru6nvy37e6beie3	3.56898178509498	1.69326484581657
did:plc:d3ff67ym6klplpoksxzofoqa	3.23816696673526	1.81313779307357
did:plc:d3fotmag2noy7zih3m5nn2w7	4.39529560322145	1.49644393254148
did:plc:d3htlafxi2qs6xelui74os5g	4.19253122123471	1.19326793983671
did:plc:d3ihmnrdfpp42frjgz5hr3l5	3.82601963407971	1.55860711540405
did:plc:d3ilnvep2md2sj3j7imyqqmq	5.25917755303904	1.02327879152748
did:plc:d3qzad7ptiwl2mz5hscyw6a7	4.2896639026843	1.2322437231599
did:plc:d3x32osvirwdf3bqus2ncxfl	6.00410860193058	1.29545105874927
did:plc:d3xb2gjgnuph2snk77b5f6qv	4.48461485356121	1.39217780966355
did:plc:d42cdr3wxriq4raq7xf6mjtx	4.54196747119615	1.38210845729209
did:plc:d44hrsqtvrm4k3h7bm7xypiz	3.8074220059107	1.64366070575333
did:plc:d45r25qvueb6pl6lpfvbdaoj	5.27436426666982	1.3985132832314
did:plc:d4c6seqyhjpwtrwkdudedr6y	3.659109925343	1.2408844886787
did:plc:d4ddbmefkbgmlm6garvkooeh	4.16219382778841	1.16949825389417
did:plc:d4k5uriep2bf3p2yhwbxedk3	4.66471939823145	1.6944029987763
did:plc:d4r5v4hzkvqc3i4alggcbsqh	4.37968494131454	1.14270592025945
did:plc:d4rzp5aeegwl3su6xpc4jibr	4.48988877547063	1.7180151691406
did:plc:d4ypjyodo3sr4zugd3wdnre6	4.30605624965365	1.33059352984064
did:plc:d4yxpcalswl5h4hyrvsd4yt6	3.42955828790567	1.70815330478084
did:plc:d53onduiebljk7cjgklozxc3	2.96057900848942	1.61542860131175
did:plc:d5c3zkrzugwbyq2tbgtowz6i	4.11983381731383	1.56052417444285
did:plc:d5clvx5t63hqt3csc7ii2a7j	3.740409429918	1.83617601721324
did:plc:d5fcwvteifrltvhrkaoncaxr	5.67443867882378	1.09285020715689
did:plc:d5g3pqhhlgx223n6uh4lkanf	3.40630496117972	1.7577844047756
did:plc:d5j2e3z7wwqprrj4jva6ujua	3.87972667340476	1.77653019480339
did:plc:d5mcpg44nnuv23taq534nslm	4.34396232579413	1.29344876968343
did:plc:d5o7dlhk2qmb2ilajs5opibx	4.96581254480135	1.04722066835542
did:plc:d5oj5c7wuerqroug5xiybdvs	3.03978450125833	1.80515090293642
did:plc:d5oz3jj6skfb3472drbimscf	4.3130970672829	1.29022789693874
did:plc:d5qydbjq2qaab5jkwqh5qzx3	5.84347854106936	1.29477782443582
did:plc:d5rhudi6qgf6sz3dp3k34qou	4.22728112139393	1.23707421134092
did:plc:d5sbjg32xmzoezj5bytlk5qk	3.7104318504291	1.3673016544777
did:plc:d5thrcjsutgzjty26z2an2vu	4.4580743816563	1.29886646211457
did:plc:d5yevfv5inn4cji24aqvpamc	3.94536236893175	1.48370460952377
did:plc:d62apu332b26irmacclm3ba5	4.87399876095695	0.944548503097517
did:plc:d6emw5lvclr6dhayqwznfw4h	4.92334772090733	1.05799591470893
did:plc:d6i3xorm2m2wgfhiylmnahpo	4.88151794719182	1.42302716848709
did:plc:d6ir2pxyjqwojqbxz2htnthq	3.43307356132969	1.29107310034391
did:plc:d6kic3dpddr626q5ek2k4fp7	4.91120773348178	1.26445100855828
did:plc:d6qohmj6yllxxnrlegwx63dl	4.11990059694402	1.8855971834591
did:plc:d6wocqtyqzj4tgwf4hp2vmec	4.09376148447799	1.2983709777649
did:plc:d6zxpdt3v6kwigiodvz33nep	3.02623182420599	1.34183944740396
did:plc:d72eqduxlybptd4vnondmuae	4.54742587824048	1.21376247239737
did:plc:d72ljufek4ode7im5teuoyol	4.61176358548651	1.49792741603668
did:plc:d74aaqu7inpmqm4o6awuhr6r	4.09988403629861	1.36847925853944
did:plc:d75gmmwz7rryxh3e7elzjmgm	3.26400361536314	1.45400698152053
did:plc:d762mw474sytjxgkqwssluza	4.03797478225453	1.25474599281712
did:plc:d76ngm2rot3ysorbyuorcex7	4.19001210690096	1.36649124307972
did:plc:d7b5qlfoiwjqn4c4f5yxpxjs	5.87721732339589	1.30750462846301
did:plc:d7bf646vo25r4sdirkzhpsjh	4.05835112970152	1.06559607319696
did:plc:d7bltqrkh4tonwfrcmam7lym	4.03420646243432	1.21854896582163
did:plc:d7g6ov6jjj72zo57ppvgaqf5	3.75236708549506	0.498949197644885
did:plc:d7jr6ei6ftprk3jozdpcgdn5	4.22452393064157	1.6709423714431
did:plc:d7l4lczrlzkjdg5vmcvepswt	3.93664716030995	1.48355984148022
did:plc:d7l5kh7baxhtihpxml36fafi	4.25829861314326	1.22339041792835
did:plc:d7lxvynviphur3kpeiw7ofs6	5.04867083374224	1.13953429700288
did:plc:d7p36mlrcrvmo6l2hsyayssk	4.30037750754531	1.72030196391249
did:plc:d7rf5j6fqchcrqultntpweyr	3.34206312012191	1.49154425854443
did:plc:d7watnxo4apjerfac3jg2hky	3.69074187459052	1.49104511802016
did:plc:d7xvvzv6ot65qyvla35bk64d	4.58347736113682	1.32679241123501
did:plc:da2zav5hro5i4zikxa3g6rs5	4.35745067167704	1.96235891326791
did:plc:da7hlebs5fz2khqzv7lbh6id	3.23406592803692	1.47098373215506
did:plc:dadegidt4sp7gwq5lc2fa76s	5.4405895333088	1.24919584971891
did:plc:daexpe52ebb4bwh3ybzyvmkz	5.69737882103277	0.784291289825268
did:plc:dajjla427botxuiacb5cf2ca	4.05775105331039	1.34815344077899
did:plc:dame7uez476hkutwuja2k3qa	3.96128447370397	1.91155038078365
did:plc:danalhsjsed2ijg2e3ov67j6	3.54277007980261	1.53687383043096
did:plc:davavpqbu65no3tt5f7kwcci	3.48827132152809	1.22726916760905
did:plc:db2fqzcaiv3vmrhsv35geblf	5.11656865456902	0.716823352840544
did:plc:db2xa62p2r444c4h5zopv2i4	5.19041199342162	1.20103155387364
did:plc:db4roubfrpt75vjqcww32c2b	5.67306683960667	1.33320013191237
did:plc:db5cucj6ro2l6l6zfd6tl2eq	4.82844159703389	1.09633896261926
did:plc:db6o3iiyg4zxfopznboydt2j	3.78636398411856	1.34037929545515
did:plc:dbcnuskpwrhpzvdwk7q5kjh3	3.86629813790083	1.58329089873102
did:plc:dbeuoboplypnqy3f2iorujvs	5.26666515437133	0.976178493082645
did:plc:dbf46kclijcin3mbaqtbxuxw	6.22871809385002	1.32247853824972
did:plc:dbgojikxfjqhookelhwek77k	4.35142215088251	1.76092310841019
did:plc:dbpne6zi7q6cx7arlgts7bzk	4.34032701558882	1.54810771648223
did:plc:dbq63e5wgnfv7bvdoch4x5xp	5.7712372670901	1.55385915691021
did:plc:dbrgr4npamvn7wjwmyi4z5b4	2.85184048231562	1.83213859892105
did:plc:dbrl6fifkbwcomkchgtonqf7	5.38809703563541	0.924931546513761
did:plc:dbsufgiagp7i54p5bsdliiee	3.25226751281727	1.93986538574397
did:plc:dbu7jrrkmfraghatkqenq5ft	5.09438280763388	1.15621217999318
did:plc:dbzmtkfum3vvh4xci6wufui5	3.57021537675422	1.04787693371051
did:plc:dc6h4cdiow46mk5shadwpheq	3.06659426273636	1.68974347748772
did:plc:dc6uonbetwchlqdjgkwuasdn	3.91802573426865	1.37943040329125
did:plc:dcawrmen7y63wuiepxxrqzm4	3.01236456041349	1.52342327306163
did:plc:dchc5pechckzg324pptupnja	3.59844244020496	1.33101279946599
did:plc:dcj2xfu6bayqozlkg33hefu6	5.48829093847558	1.12501486177491
did:plc:dcoktou6oufdqt5p7vfdjekx	3.90581213464554	1.90659727608324
did:plc:dcophqihuvr4ry23qyt65slf	4.62730526830161	1.56563811141772
did:plc:dcrzfmwgfajf3hv4zlcowbt2	3.66235734461221	1.25127320538496
did:plc:dcu47yds4yhdph6zxz62k6p3	4.96428748430637	1.35374162208679
did:plc:dcytlq6btrmpd6da25i3usub	3.43890124445186	1.67135101611942
did:plc:dd2pjxsxwlk4d5qctryrumcz	4.17974543853288	1.49863182044322
did:plc:dd6fq4mfva2v4lfovpx5gegv	3.28494684086855	1.45552079702966
did:plc:dd7zvd62sqnzzjyxrbcnpieg	3.99404612594362	1.56010922611592
did:plc:ddckqe4lb4cdktc3ghcptqmo	4.5368368559783	1.37493184152305
did:plc:ddhezjjvqesduc4ze3jx7ra7	3.96640515314055	1.42375477074425
did:plc:ddoo4wtwquu7te674rzp36ym	4.8729536206071	1.2470335927929
did:plc:ddqqaqibz7zraq33j2lt2dl2	2.72399694895894	1.6535140807605
did:plc:ddrjow6fu2mjlqoszf4jtls6	4.711751119989	1.05511596181004
did:plc:ddv6yuqle3tzxjf5gffjroqr	5.9166492833658	1.15708802642542
did:plc:ddxyno4usch5xwxhaavsvspc	4.17903677347799	1.3378278059077
did:plc:de45lr3ukev3j56i5ufstrdq	5.30115110493038	1.02063651965467
did:plc:de7scby3gpp2qhlcyo5filru	4.97608234790404	1.59843152406177
did:plc:dea3icxd6kpydz2tmkn56lqp	4.09624686094313	1.45462218287844
did:plc:den55inajt6igf3odn2ekor6	3.80839341079306	1.54131931057788
did:plc:deroqifgrhe45nq5p6blhmqd	3.15926481885511	2.07747389269236
did:plc:dewjk5escd3wyedkkwfrj4gu	3.77033937144571	1.41589323433994
did:plc:dexltf7tmjjbjxavl3eqqid3	3.56273907581032	1.59090657662127
did:plc:df4sqvurcwj7qth2tjmoix5s	5.14015746947578	1.06815707624349
did:plc:df5i7hmtaxo4dkcrframsuhc	4.21777971134454	1.10123407112823
did:plc:df7a3hug7lhxsnlox7h7dnqf	5.03176637008643	1.38475990901288
did:plc:dfalvzb4hxxhpj4eexed2itg	4.93913865871514	1.05978712948648
did:plc:dfbnhbpmf6my4x3zybyvku6c	3.65907960068968	1.4391401498119
did:plc:dfcv35rv3nakpvwumrvfr6vp	3.86174142830108	1.17713878169986
did:plc:dfeog6qbsqir7tke5k6subrw	3.18432002929696	1.52314660981205
did:plc:dfi7y3izocdke2wmulpiw3kw	4.33204280996565	1.63909346835146
did:plc:dfkjiu36xs6ogt7pux7i7o2b	3.7290123089648	1.47157425306227
did:plc:dfmwawvw6t2isx7difip3zxy	4.16298062185178	1.98944318102832
did:plc:dfnhtnkcsytqbkhgghf6yisj	5.48004351122761	0.987120726434615
did:plc:dfnl7vtmbdrly26ko64zskqx	3.05349847769348	1.36235396244851
did:plc:dftapjfce7vbwgffkgcvu74o	4.65961084966243	1.20985806278517
did:plc:dfwyhqe2s5rparu2c6c4kkdv	5.11921877295749	1.46879167261529
did:plc:dg3ofsjopwzebnptbjtkpyzb	3.53438837593534	2.30036060530425
did:plc:dg5rnsd6pztjwahyqfc667qn	3.33194678011529	2.04586981572459
did:plc:dg6m4bycigxdydgiwx4lplao	4.20088753425825	1.45353564247605
did:plc:dgbo4wyxgm2tydo6fnrdmlvy	3.74688928933598	1.58682427566539
did:plc:dgcdya3chx2blyb6l6s7wqgk	3.79946743261465	1.65756258476812
did:plc:dghxgt4v4kfs5frqncjc7ftn	4.16464995678113	1.50618815761711
did:plc:dgjyabucqcmxfdjk55r5i6t7	3.8710593558527	1.32202711016076
did:plc:dglyoxy5xuyb4t64ftiwsevn	3.19454552254125	1.51008211831659
did:plc:dglzm4uipfqmphcdo27wpioa	4.19088507849402	1.72042515378671
did:plc:dgmt5rjmzda3f34yt62s5jg6	3.442755348491	1.61708170246405
did:plc:dgntbqzhg7ptcrq4kuxqvq2h	4.81372531160338	0.877163826775167
did:plc:dgt3wzowuk3wwkcap4w7gbpu	3.36429998163089	1.7672899457091
did:plc:dgvxgjswvnm43jl7vpownhht	5.07668651364075	0.842880738877303
did:plc:dh2zkqhns7yclvsofzwj6fdw	2.93714930955948	1.03857733995514
did:plc:dh3m7sdzsvgbf4u7gqmq4ypc	4.16286260412772	1.62660517795909
did:plc:dh3xtopihlue2jtohlhs7skc	3.73596471838457	1.45480062364805
did:plc:dh6ngigw7roplerf2xu66m3m	4.56870556342356	1.63040629108329
did:plc:dh724e5epc553tvdsqykf2kw	3.84321530310708	1.60665768770056
did:plc:dhn4bte7qrmswhps5zsw5rmn	5.0014712010877	1.88375068057361
did:plc:dholh3vzjia27vferq5pa5hj	4.05666137127366	1.38273478583534
did:plc:dht2qhsb4pkxviry2jlpw3vq	4.52156095391235	1.71490033662935
did:plc:dhtwz2g76iibrwhmx63rgl7q	4.17546006422073	1.75702274868893
did:plc:dhwdb3qtavrlvksp3lhignvu	4.08395434200755	1.19825740921752
did:plc:dhwdviqvqp2dtyiohzlxexip	3.41309690421788	1.63845984110136
did:plc:dhz74rywnovebsgpt7yol7tz	4.87074693953672	1.34310330836466
did:plc:di2jhxzbsbzwr3nuvpofth3o	5.22226777775883	1.50781061918059
did:plc:di3fpd4irufeqv6ioqtqizxe	3.68958282578389	1.48077521533251
did:plc:di6fzkd32nfkzkpwj2nxynqh	2.92110137215551	1.120332672186
did:plc:diaap6k774pevutnqcvpkazj	5.02158064246726	1.31580240175757
did:plc:dibbcaqbbha7ow7j6hecexp2	3.80552655497778	1.89725083761045
did:plc:dibxbfwxl72wfrdfdad2s3ut	3.0904746588934	1.65191372067007
did:plc:didjfe2oa3dgp4juxfi6yttd	3.32342860089722	2.00833669135098
did:plc:didmpgan7pitp4p5u7cu7624	2.93803919693405	1.89047310377472
did:plc:dife5rd2zuunnhwzf4yab6rb	2.76112443311686	1.34604828011115
did:plc:digux2tv25p2zavkqhgevokd	5.06903181655957	1.76268156408726
did:plc:dihixcg7fvv4pk4nbn2ztrzo	3.21737781155949	1.55065790472283
did:plc:dildawwiujmu663v4ca625mt	3.54091042524157	1.49401036884525
did:plc:divwwqs5rt4hxvdyzlcqlabb	3.92849613485245	1.42993211617281
did:plc:diz33adltp6kfmqpdcvb7aul	3.89510442061905	1.99055914246332
did:plc:djg4g7qqw4s7jpnaufdwkhbk	5.01641508018389	1.67677693421123
did:plc:djgfogb25trlc6j76caua4mk	5.38136871312218	1.36986720425604
did:plc:dji2jmzpqeumi37ovgwktam2	4.28937201942927	1.49267651265144
did:plc:djkn6egjmhdkbw6q3pidwxhp	5.23786968625971	1.16805446057878
did:plc:djktb3iky273tzrktdb5w5w7	5.07239852452091	0.979313264021105
did:plc:djspejuslsjcp3iai3hnt5n6	6.08118930364315	1.06512106912634
did:plc:dju7rgetkyq4hzeuhyzeqp47	5.33777939546584	1.21571876468912
did:plc:dk3m46nazz6lf7vvr6bfvekl	3.82835072095166	1.76947763391242
did:plc:dk5k33pokdafopqzt5u3bded	4.68762637262201	1.67303611345904
did:plc:dk6apjv4oqsua5l67esgxaum	3.61842102501074	1.65947951926076
did:plc:dkajy5onc6cxgdw2wwlolk2c	4.46356416506882	1.32952767161878
did:plc:dkd3tlqidz4ztk4fjc63yrbg	4.3810128954363	1.24872614113806
did:plc:dkgzv27d4ppyfhinz4dogzbr	4.49732975205877	1.22467041766932
did:plc:dkhjys6w2hrvvqisldbxtgmw	5.16472252337276	1.41023092755693
did:plc:dkhvhxqkdldsjamrulkbinqo	4.94136667131063	1.09357496285007
did:plc:dknykhfl2ud55ingrblj27wk	4.76145731338522	0.993230704144453
did:plc:dkpdyvlmiz4cjru7d3twya4u	4.94688376593598	1.3407118224342
did:plc:dkqqbspo6tracfvykypxpxan	4.36998493203425	1.07978486430371
did:plc:dkssbty5umamb33vbmgrtuwo	4.78908649255707	1.04658927142208
did:plc:dkz55xichjat6myiha7e34k3	2.75556913987516	1.52866740388932
did:plc:dl3ugxom2big2tnyjjc5ztm4	3.55130506366106	1.53113698344072
did:plc:dl7nldrxsm4drkun2aftnvs6	4.19984249143869	1.22480061762192
did:plc:dle5lw6puelx3ysz3g5vejbe	3.77615640384382	1.36914982886954
did:plc:dlk3hymttd3k5dwmftgq4q4s	4.14485283972847	0.698501950243719
did:plc:dloy26fo5g4ypyeqdibyi2w7	1.41006174396325	0.903249328219784
did:plc:dlw3q4es6sbwiqaxcr7o532u	3.64777808344569	1.99883253602298
did:plc:dlwowusvnd3v2r73yqj275t5	3.84945517569919	1.7752527464521
did:plc:dlzd5tqwivvxbwpnnlabp7bm	3.21999374242728	1.35676754386781
did:plc:dm2guytbgtbarw4hiworawgw	3.69527974820208	1.70317115898679
did:plc:dm5jq3wypabq6gruzgoutpxs	4.04848060350513	1.30390976651029
did:plc:dm7lzouapx652dppf77cieys	5.10336276680971	1.30468354585222
did:plc:dmala4ctkcg3qwsasjq3c6tb	2.88548399284102	1.68779681043055
did:plc:dmgvf2a2ftpqwe4bcorqfffp	3.87480413899826	1.64181859434383
did:plc:dmhcrbcvcm23tzu7jxdghokf	3.66223714856278	1.94966673808922
did:plc:dmjka6cj67lvbrtwqb7twhtu	3.68898303834543	1.24580622347338
did:plc:dmolfvlonxocl46g5xz7ckze	3.19508161247569	1.31628017496347
did:plc:dmwq2j6x63p3csbk6bfcyohn	3.48422399096466	1.79354233145421
did:plc:dmzuue7o76ux2pmm74emb6tl	4.66003110001584	1.29342300299376
did:plc:dn426eqwxm5slam5e2jsltfc	3.34548724978302	1.56682887071054
did:plc:dndt2vildvoixmxzvsme7gh7	4.76610725870376	1.003567298105
did:plc:dnihe6jmxdk47ys6x2krusfy	3.52669652675168	1.38417171133193
did:plc:dnk4fretybskvzjoe7cnqyxi	5.43857236298114	0.869857179269241
did:plc:dnktjfaynpgxn64ebkuvzgk6	4.12473313349312	1.4620221107366
did:plc:dnpk32x74ynf3fz6gbqotyz4	3.30559039277886	1.47990024473681
did:plc:dntgdghiv7at4wwtfq2p2ztj	3.3764738469301	1.70713414266282
did:plc:dnusrivgd7mdmonh537wlggg	4.13303768782824	1.72509681212746
did:plc:dnuydmfl3cl67ozq6nsepe2m	4.18757549918875	1.33958177586043
did:plc:dnxjev7s6zldzqm6shq4psl4	3.85802703257093	1.42441388205202
did:plc:do54tnooaq6gejxd7v7zkxig	5.21741742648169	1.17573941417125
did:plc:docmrvjkovmapxadqkmcbc56	4.35138351424569	1.5085412177083
did:plc:dodbgizu2ovptmr3oc7xtnj3	3.97774382389031	1.33437004232677
did:plc:doo27eha5jhjulhe4vd2yizc	2.83986665938513	1.45639620083193
did:plc:dowv4bd47dlkfwsn4udo2ri2	4.24137348754001	1.68872993354075
did:plc:doyvhmyw7ghhsxb3mdfe7tcb	3.57262757923866	1.49726282057652
did:plc:doz246xx77ehf5w5q254s6nx	4.0318304604014	0.648876764271957
did:plc:dp46husxsoblxfan2vznojpq	5.13996942601221	1.65537890581729
did:plc:dpaw3ydql2hldb7t7wa2uy6y	4.55591529887295	1.54702429737591
did:plc:dpgokbogs34cihafjhp4354o	3.65895694824435	1.54481447882999
did:plc:dphkiovs3r6ckydwwjg3lvje	3.82829886446225	1.00719016357818
did:plc:dpizbewneczixtrwyrqbwupy	5.2342156081537	1.15936508869847
did:plc:dpkebe3jav6r2fzcct2xocf3	3.77659049524497	1.78382773153889
did:plc:dpkh6v2uk425iidphx3iv6sa	3.96804356796391	1.50547427540349
did:plc:dpoajic3nnpzbuoxvechbbzn	3.5228514065586	1.29204138778904
did:plc:dpsxkxwg6aqvbfjsemu34nod	4.19124972128017	1.36797750286811
did:plc:dq724cj2s7tqapd4bu5evnlt	3.59331671734457	1.46450441784329
did:plc:dqi45tq7ynhw7otxtbxgrtnt	3.20223141243304	1.82886006775364
did:plc:dqipzhcwvtq43zoxiba5hkmq	4.05667743898983	1.62787559895707
did:plc:dqk5477icfvkduziw3qngh6f	5.27220172350242	1.21975376206738
did:plc:dqp5bfnlgxma3a5exkop6dka	5.96246313265757	1.1375228971983
did:plc:dqpcrcauoqbgr43kuuu43wov	4.07507663928951	1.36987645966327
did:plc:dqs4xpe2s6c2eicm43ojttxa	3.69556222070566	1.21763020474312
did:plc:dqsodh2wcuwas564g7d7yaij	5.47001255105243	0.722324513510047
did:plc:dqudyshh6fkvu64bzdxzrur2	5.19218988829925	1.46199914317792
did:plc:dqvdye46vkwfmwy4drveh7t3	4.3221127435011	1.38032578523279
did:plc:dr7rax5vmpghefaaj7t3se42	5.39914013044892	1.13858822509686
did:plc:drdscobyvbfe5agpcgkmbfal	3.39945425841474	1.85783808910573
did:plc:dregz7bxjwqf6yzxvdxw3isd	4.15108788016513	1.08714817590915
did:plc:drfrd3enie627phmgkzru3mx	3.74463579422757	1.4474604971681
did:plc:drmts64zlirrl5ubuplfbauv	3.86034281756032	1.36397320265743
did:plc:drovd4cjn67ehvut5tsbphge	4.04418754371156	1.63900706312504
did:plc:droxibl6xonuhvpl2vxogu2d	3.99635827253295	0.91073969768458
did:plc:drqhgqx7ybynklgl57fwhg4l	3.69651296374414	1.68534143727742
did:plc:drtpyy22jvffvvw5dizjmw5u	4.77022579766307	0.953893366567466
did:plc:drvnedndrj25djng5alo5rt6	3.17727486300457	1.83992451328469
did:plc:drw7lfezxdjgefkryhdl6cqe	3.50524571480078	1.72599339605125
did:plc:drwuflerg7robniiwyzew6xq	2.38971775986969	1.3922758238197
did:plc:ds43zp7cf4hyzuchjy2xrovr	3.7312990725837	1.40307212952314
did:plc:ds4v4btdv4t5h4pxlnbsin6y	3.55466259207112	1.34949624750206
did:plc:dsdge7jtxp7pqmwpwwvo2c3l	3.84180906979846	1.74694960774808
did:plc:dsfduyplclvpteqcaaqsgza5	4.33336671085127	1.40748143136454
did:plc:dsotdsl5yrjuafweqa6vjzyt	3.67845247352354	1.23774696040328
did:plc:dsr6dt26oehe67anv33byddb	3.71930410146837	1.60892919872269
did:plc:dt2idfp4s2lq5owe22ce5yby	3.02902621110293	1.95213344429752
did:plc:dt2y4pub5p43deckj4hoecxz	3.39685407347326	1.41231760078027
did:plc:dt55eoj2rfvnnt3f3fiw7gbk	5.57504602271923	0.951092770468809
did:plc:dtaiwl3wvnnh64onbmd3ugiq	4.61913716958427	1.16497567098628
did:plc:dtfnkwe7khr6ikyj4qqwvrfv	2.83189488718035	1.36783650618735
did:plc:dthcww7wtnn2y4rmw5q5yyem	4.07223058730455	1.52931734096001
did:plc:dtmd5arx4esg2m26vq5dgqzc	4.00829186245724	1.25987379429617
did:plc:dtpp3j4xvl5274atczze77jy	3.48373404964551	1.67195365229388
did:plc:dtrnwwkg3qlwbvf5koil6n4c	3.4448642385243	1.57117996473754
did:plc:dtsycdsfbvjdiefetwy6ymck	3.53012730832907	1.35042947416836
did:plc:dtylfwgfolsn4gzofxu6gvq7	2.88388101568146	1.75197088249561
did:plc:du2o3vrbm5zqiafdbmgw3ahu	3.88514925947713	1.64404321606077
did:plc:dub3242ecbggjv3av7ul5ong	2.97292071823135	1.20097582533713
did:plc:ducqafgftzneo5sz5oh2pmxx	3.36777746002861	1.44999871648183
did:plc:due42m7tm7olkdz4rvfgpagw	3.78181624261511	1.39573901783742
did:plc:duqyaim2q2pwgopdj6wf5bxs	4.15960407114926	1.06625240469672
did:plc:durybmlk2p2xnxdnassiwwln	3.15181252932684	1.78477943795778
did:plc:dv37qayn3cwms6pqjkqnk3ry	3.57634580571663	1.05541574442854
did:plc:dvbpr74gr3v56e5ramaxkrtw	3.7995382489911	1.40031271885313
did:plc:dvcuqvw2wbb24aj6hrhvdzjp	3.84847393605738	1.8136754333866
did:plc:dve3hmwlwkfiacn7p7n7idf7	5.04740732231831	1.35581457194341
did:plc:dvq6tpciqevje6z5fv4my5jj	3.77835335865069	1.01663958855907
did:plc:dvs6nugu5naxxj5z2drc5svz	4.93773106448285	1.39681251614078
did:plc:dvzcm26exwqw7lteu76zalhj	3.5051467556914	1.03209423244339
did:plc:dvzwt3zurjnnvvold2frzhk3	3.90425313246214	1.56820838165599
did:plc:dw2xtuvplzhav54qcvggwfbp	3.96416382928742	1.40381476678266
did:plc:dw4imfzjzibryjk6kalrb43u	2.33211536640269	1.30702252296808
did:plc:dw6xt5sek72z2xmeebpifny5	3.60897203563266	1.36473236918546
did:plc:dwckja3gygbzbqe3f4u2bcno	6.59790462030613	1.13710334445265
did:plc:dwilen7uctmqg2dstjjhl5zs	6.04983543083174	1.09321708937585
did:plc:dwler7zzei5j2olqorok2qnt	2.89419882540744	1.61569018964644
did:plc:dwnpc5hemmn2f4dizllkwnnq	5.25416267173258	1.25169663706931
did:plc:dwptgmvgq2iesysftbchaw4o	3.18781347427837	1.5084313769016
did:plc:dwqmtoy5uzacqe3bt5ib44oo	3.49866466694367	1.91556044542799
did:plc:dwr573sz6a2vj2js7b4l6gv4	3.78101371529135	1.40470687980165
did:plc:dwu3wggieiubokcc2ygajprz	3.18360290247953	1.30677096846559
did:plc:dwzv3e5byr2xn3yuvwqjucyw	3.26247233016373	1.50897469075383
did:plc:dx56kulxkvxs5f2tsra3o25g	6.4135671377016	0.798077259084682
did:plc:dx7uusnztm2fy474fvdgg67o	3.76143202635817	1.83754579760579
did:plc:dxadzjkjfzolswasj47wbk5d	5.92833680277033	0.74579503796747
did:plc:dxb3wphupcq6xthnzbl5aitm	4.08974688571583	1.42923756978284
did:plc:dxcdicgfoo4m5vdfcbphvtsg	5.48113139099366	0.968045194645853
did:plc:dxexm35sba7hte6x3zi44t6q	4.98595965093919	1.17635187237946
did:plc:dxhyrhr5fa76wbneqmy7dq4e	3.74773947107719	0.993524377228938
did:plc:dxi4zo73ifcyzdxsjfwe64ua	3.71416013688699	1.56598533073758
did:plc:dxmh3mprfqjkpjf2lzjstrkm	4.13526412413978	1.52674115325346
did:plc:dxopkeoflse4q5iucdugsej6	4.77508408561189	0.917441660884507
did:plc:dxptbsfncgqhtqice2l3ycrq	3.59293779019608	1.53036722691721
did:plc:dxsy5hlvmzxpdzfqxtw3vp2h	3.73073210128503	1.7836276787775
did:plc:dxutulsj6jbbqqwfi63ix4oc	4.18797871223242	1.21458692772383
did:plc:dxv3j2nf256vm4euev3wrr3p	5.17130202282305	1.26620073072401
did:plc:dy4wmwy74u55jifi5gt3trdl	3.40126886025164	1.39429633438405
did:plc:dy5juwxgakw6yb5c4gqptzgv	3.84841368909192	1.46280361539503
did:plc:dyh2xi44ogg5fs6ydp6zwkdk	4.80398232790813	1.24895402724809
did:plc:dykvin6n7ef5dpkb2yktaj6n	3.25310678453258	1.34360088840893
did:plc:dym56qzideusi22sxsueljc5	2.83890620596244	1.68846596057298
did:plc:dyscqe63iolxcicyhpzpjfd4	4.17932249467166	1.45060720496006
did:plc:dyt7gakwpxnkryqv64z3ol3g	3.58756797695447	2.33243301548905
did:plc:dyujexxdjjlkfvltwahbfdhf	4.85447552353768	1.63526771544897
did:plc:dyvwj6ddjlqwamcrpgkfc7de	3.71166979095241	1.34782842151335
did:plc:dyw2jyrdztxiy5srywagmxky	4.53665269812744	1.2478898221858
did:plc:dz4cpmszjly3clb6hrp2ft4n	4.38530389636047	1.26983402594928
did:plc:dz6oa6runl4ipkwfrjwu3hj4	4.01061631569636	1.5338021150495
did:plc:dzcx26dciejc5abmvmjz7pnu	3.88878798865105	1.70620066808575
did:plc:dzdk5vp5lgno5u3bvsxn5uva	3.20644584749901	1.81900261726858
did:plc:dzdne57ntoakokcwcdvw6dsb	3.40221030551076	1.73746446793256
did:plc:dzgsbleed3lutr6kpnesa4ob	3.2555019880392	1.89098269662918
did:plc:dzm5mj6gdgjwvt3pcqgeg3l2	4.26351590812818	1.49324989743217
did:plc:dzpcx7zyzpn2fawresm5iasf	3.21291884530844	1.31420227119911
did:plc:dztbp3pfrrkqjanzsblmkfsn	2.90557710222588	1.46760055954038
did:plc:dztgh5lba3ytpu2vats4ucuq	4.68517984325398	1.49055364492282
did:plc:dzurx4almxpc2g4ka4onaf36	5.64180839137045	1.07011423516297
did:plc:dzusfvz64x5uwm6fxuv2djrg	5.1037403524958	1.08713653463731
did:plc:dzwlaiuxpqp6rtlv2qqjfzlw	3.21397341892268	1.99961412690259
did:plc:dzxjebuvumrs2mfwd3n5neyl	5.51286296126055	1.39559441312023
did:plc:e243rw7dywdyfvc7nls6472z	4.93163590069144	1.40210135079042
did:plc:e2c7uy5qxp5mc6z6qwxo63sd	4.948581319176	0.933773041773348
did:plc:e2g6ziye73nwx2g2eknosznb	3.84989607694777	1.76093233999867
did:plc:e2kuy5gw6qi3db5d2dsge3gi	2.28730085675702	1.13615750459111
did:plc:e2opmtfvzl6g7g3ctkes6sc3	4.77518887929454	1.14044245353203
did:plc:e34jx2dkqmbuobosahftztme	3.94973529384676	1.53696725123036
did:plc:e3cgbjdfrpnbq7pxqv7axazt	3.58960360372457	1.57501843317271
did:plc:e3fxzgfynnyqxqf5x3upnegs	4.55216916962138	1.29997184746376
did:plc:e3lilqlrekmlv36dp3qrhsqc	4.67355196913191	1.1443234696869
did:plc:e3lj6ook2bs2cm6sew2i5q4f	4.96278710821598	1.76398511432465
did:plc:e3lrr3rjepdzx53iyord3bpz	2.91436310838586	1.38790442598784
did:plc:e3plt6ofbsckzq4sv7eihqsn	4.41365703344338	1.69003394008538
did:plc:e3qkp2i7bwqa7lgilvjdsqna	4.05940284846113	1.69528589945743
did:plc:e424k27gcvs5qjjrhwcvmosu	3.91292125319635	1.69649998662321
did:plc:e425zwzgkikju2gkzx55nvtp	3.78306368727673	1.06598394562476
did:plc:e46gxmbnc2vqaw5ycv745wgh	3.24659170762298	1.47728539719711
did:plc:e4hpegjjxxrtctkhzd5ue5yg	3.60443221463657	1.31890202647576
did:plc:e4l27ymtht2jrhscdsg2rvdm	3.50932665036368	2.18411917048164
did:plc:e4q5kzdhv5we2uwgillbtgvn	4.16522315005166	1.42339944093124
did:plc:e4tkyzcbxae4am6akaexoyvl	3.45410669175421	1.51984072234646
did:plc:e4xnbas6g5oiaxcrdzrscncl	2.71405102335118	1.5562572817586
did:plc:e4yac7juwyak4zvsvylxnfts	3.69497976844252	2.27995971989021
did:plc:e52kn72solqnwsllstahjtmq	4.06791575684422	1.62838958113085
did:plc:e52mw5hmtvpunijzh3nnzlu7	3.68931299374156	1.29360009680159
did:plc:e53t3uh5ykkwirdl5fly37cb	3.75079611021116	1.60104718362788
did:plc:e5dqtd7bfwa7qfqoaokidtnz	4.28215547258147	1.6479341530468
did:plc:e5fe67bc3ahbsiegrnzr7l3x	3.65082473349645	1.86669897607876
did:plc:e5honfcsfqkotxpqvembdhoh	4.79960804952789	1.32273466940798
did:plc:e5pbkfpu6tw3njwro4lzzrmg	4.36918968753035	1.82934630156735
did:plc:e5sb4duvhq4c4swfhztwje3v	5.70325128927806	1.13937509972497
did:plc:e5uq3xzzc6ojjolyxdylvhh5	3.33262792620644	1.09642897963365
did:plc:e5vyjsxag23zqa47yacyadja	4.17809158167516	1.44634838102786
did:plc:e664a54s7rlbkoobevoeyvlw	3.80477952193447	1.37141870710862
did:plc:e6auxxsw3pfpvze3kmxuupyd	5.15141849840986	1.22376439018595
did:plc:e6ctfoubijxjlquoies6l6v7	3.59321568797345	1.32428953840957
did:plc:e6ezq7ravr6vujimj4fugsdx	3.34715750613945	1.59894045909478
did:plc:e6j6pli3qvgg6i7eg3vf6dxh	3.58541911707317	2.03475365704413
did:plc:e6m74772sb23kv2wypfsstn7	5.58180553630216	0.79096793917591
did:plc:e6naztz6nzveqmgjekttg3tr	4.19367337709513	1.51082931162251
did:plc:e6queh46ecv6q4xlhdrx5zdv	3.48790291989249	0.689121583213717
did:plc:e6ufj6he5a6hgpau5y2nzial	4.28247807181367	1.66922605101044
did:plc:e6unzxwhshzntxvmmcqrtkyd	3.6409646352703	1.49833097962164
did:plc:e762tg6erdtxorfgofl5u2lo	4.6657249872352	1.18102253658629
did:plc:e7aee5ikxzz5gcwrx6gfa2b4	4.05875807839409	1.41954270404141
did:plc:e7h7srjjvmzy6uupdrsud7gu	4.17450056526254	1.48067690485425
did:plc:e7jkkz6wapbgtd4ndqi3rok4	5.70204470738442	1.01013176923852
did:plc:e7l5f65tonrudlwgffpz2cw2	3.91675231755387	1.57793390825174
did:plc:e7n4dn47zrrhc76utqs56c47	4.94802847188958	1.43792317079479
did:plc:e7nohvtdg2ojk5quc7jcm7no	4.32032447243342	0.978661689306145
did:plc:e7p5ts3xpijyejhbgzgwzrpt	3.73092180359927	1.58041264915343
did:plc:e7tkpgyp5elz2zjjcldcbtiu	4.3090200193927	1.50749825562185
did:plc:e7uokdmogyejma4pbq65ou5z	4.56592819534962	1.21605256325392
did:plc:e7yvfzux6jti6dkxkta6uugo	3.12946684057475	1.65241208814761
did:plc:e7zhwk4fub43lnhqg37usb5r	4.41149973676739	1.48130761623692
did:plc:eacllhuhxun52gykbyouc3oz	3.73509331680754	1.38782699966512
did:plc:eahlrjdxhlq6dige63qilpfx	4.13504538056632	1.60289423256757
did:plc:eaka6wvtjzmvvoz6ryd5iaj3	3.68156379570808	1.14983040181801
did:plc:eal556zi4serfqj7enagzpsp	4.73772374926797	1.48747359390727
did:plc:eam4m6n4c46ulsfmirictipb	4.17709102557864	1.91607792765683
did:plc:eanqzih2gtjunq6ngb3ipsz4	3.41132783884244	1.65759884193413
did:plc:eaq7prqosr54m27gisbycu5x	3.14944527577952	1.52847081450364
did:plc:eatuikudz4qjdgxb27gii5mb	3.22292719722029	1.82579936205978
did:plc:eaw66ij4yl536fqimsxafjsm	3.12752588337629	1.92504773412414
did:plc:eawzglklesn5krtzphf3vcwk	5.25248858224725	1.1705651798017
did:plc:ebffkabvboghwagnr3v7nnka	4.29040594075964	1.31550675432524
did:plc:ebgcmg7us2j5edsljn54kar5	3.51457058489861	1.68097628384303
did:plc:ebp56rybuvq2oxrhvqz6z52x	4.05372728984966	1.5526349981218
did:plc:ebua5igt7wqtwamx3f4ydqly	3.6200675969502	1.47530271444621
did:plc:ebupufsrh5oofu4wrxy4iktn	1.38295065202953	0.649405606040016
did:plc:ebwh544yladghe3bji67ecdl	4.18561462324103	1.39243341363236
did:plc:ebxk3oag54h4vzxjocsetjpi	4.29380983803343	1.10811407017468
did:plc:ebypcnkoiqaivygm3b47ezji	5.24087985891048	1.02723496645561
did:plc:ec4fsbuakcedod7334kdrfs6	4.76158158189035	1.39896129063367
did:plc:ecbkj54skdmpr6mn6kkkfljj	3.3800528670897	1.49535716209331
did:plc:ecbuo2m5mpucgatznnqfcl67	5.29714747024256	1.15931543605378
did:plc:eccmtjirfhbe5v57gig2g3sr	3.34531477589979	1.81223429340484
did:plc:ecf7kcpmav3cq6hzakbpnone	2.18433205008872	1.41472050084716
did:plc:ecntsu4pwayzqi72l5dleogm	3.94720797938963	1.44019239858198
did:plc:ecs3d3dwup5d52p3cuf54umv	1.86045655179912	0.177615847437053
did:plc:ecxbkkve7fsysns2m6hchzpn	3.16355421583848	1.74658555710965
did:plc:ecxsy5fgkqbwt5kttfumldv5	3.58087752267001	1.93746594801342
did:plc:eczt67lwco4ilqmgxijv4ul2	4.16139989303923	1.50423914208144
did:plc:ed4xkmrhxlzdaj6p5gpwxhs2	4.89608693819907	1.48936175736657
did:plc:ed54dgkgyxqzvvduc5sg2wy7	3.84734891695536	1.10802991553603
did:plc:ed7hrvb3dn62unesqn2jafzf	5.13365999335858	1.28018520615893
did:plc:edapikelppy5v5vovry7hzba	4.99697922567006	1.22858950379136
did:plc:edclyzez3rj4gdmqnjhdusqx	3.98218075677976	1.41206652039562
did:plc:eddj36csmjmhzbkv4df3ls6y	4.34124675667797	1.4059808911941
did:plc:edfxjdb2xeiounkhmdf57ldy	3.85786043795017	1.43165112785276
did:plc:edkelhpkyvur7oqryrujcxqf	4.68691055908974	2.22637102692701
did:plc:edkr2ko37thtb4mumlau2q3p	4.05780314473038	1.38476063487457
did:plc:ednkytgcxbzw7btjytlvnjfl	4.07230397806853	1.37293463916219
did:plc:eduhzvwe5t4qlbo6bgcvfqlr	3.31829452521745	1.52342175611542
did:plc:edxljn5w3ah4wu3cld6oq3rt	3.52640826393134	1.27222249483384
did:plc:edxrnz3bvgridahqhai3gifz	5.23110694778338	1.27183071105927
did:plc:ee2h4bzi4t3wbcjlzpyatimi	3.62374090657779	1.60105503436574
did:plc:ee4cz3uzmyaydibqqfxpbwkv	2.66745781848274	1.6206344360524
did:plc:ee5r3rmi3rh5ovkwln7lzk2z	3.39221175045605	1.44661537281721
did:plc:ee7pw4lny7g2gkr6uni3vzno	3.75943329571006	1.26150685991945
did:plc:eeea6xf25duauwpnbz7gqvz3	3.982495359337	1.55767337848329
did:plc:eeffxw7sfmqw2rv2cgi3uj3l	6.1311982693216	1.19012400124561
did:plc:eeltoo2ctjc6yaiqwplsgmyf	2.84201607999399	1.27533341000617
did:plc:eem7hi5zfzlkldn6kt3ajhnt	3.26582017345163	1.94821021439975
did:plc:eeoecqua4sni4kgvww6hshaj	3.14459613087075	1.71192949729619
did:plc:eeoemrdkcnaoiq3vfvcg6s7v	1.28057075816746	0.746479319654139
did:plc:eepfu5d7ffzbhlgbaz5l2bbt	5.07013356607627	1.07370040198186
did:plc:eeqz5yvu4vbt7ue5hsa32j63	3.44640083663312	2.00372799477448
did:plc:ees4wik3g5qmtrtwt2e7wle5	5.55033930104831	1.26958034456807
did:plc:eet3aptjrngr7dn3qsitafg7	4.25665940220587	1.37502677852592
did:plc:eetgchfdj7vmj3jv3cl33vfc	3.80998845146209	1.53642009654731
did:plc:eewi4pnld5h3vltle5fwsqhz	3.14437466204669	1.6545583770847
did:plc:eeymgdvzaxbbanpa5qoaego2	5.30596468363943	1.0910431960131
did:plc:ef3kfcg4c27ybyy6akdjk7hd	3.24509504661479	1.60970741350498
did:plc:ef6ucfnkozd7dro63y273fm5	3.03716310058548	1.78070996351145
did:plc:efav6k7udhnlrm4ziy4thkll	5.06804610703594	1.5721491582324
did:plc:efbtxt2xnzreizxywnepzf4k	5.70446086923061	1.3955174104485
did:plc:efcllsgwyjg7etyf7sqxpb2g	5.37443721565701	0.701270926418068
did:plc:efcypzvmzrcq2svkasb5hz7q	4.17802140256223	1.19651228621891
did:plc:efg3rvwqw53gq6au6nnhnca6	3.96286485524406	1.32398561234452
did:plc:efib4ckfv4jzcpo4tisllwwr	4.33331011888475	1.32426403678524
did:plc:efisan2uhkbeg4q5q7juwwbj	4.42668739957406	1.18736518593702
did:plc:efnksue2veylhxyztyjzbhq4	3.41780102242694	2.2324323504404
did:plc:efrfw4kplh6vrrul3pyohsix	4.59536921267503	1.26854379542575
did:plc:efutfl5mj2fxtsyuieupn4ne	3.46557319197607	1.39698175964091
did:plc:efwretfbo5gyb65bwvwc2ffi	4.10433036092135	1.41948883812593
did:plc:eg5z5mwedu6wgdpknxgjacv2	3.38214520494994	1.39814388530963
did:plc:eg6z7f32pznhahchpev5a6nw	3.20440291928558	1.59474292025647
did:plc:eg76dw2w55z3pbskunfoxqu3	3.03647867197737	1.61294302138891
did:plc:egbtckiyjdxt3ktp7qbcosva	3.43722578894334	0.910159515462342
did:plc:egcfce5hc322rq3zx6hkb6ww	2.45238223608679	1.18309698653197
did:plc:egiwo4lte2phjkajxjd4a4ba	3.74405556506667	1.44966822298173
did:plc:egm544se7lj3b7zkhzsdugxj	4.80186357761339	1.28260537635027
did:plc:egntokntp3yqrbkvzej3g6it	2.5777378478176	1.51181611327639
did:plc:egwrup6qgopsaah2o7o6qcb2	4.19930705100301	1.38607615481843
did:plc:egx5acwcfqpx2k3eoztcgf23	5.80508399554512	1.00292804581048
did:plc:egxeqagzyq3vzikhsduex2kj	3.5386504132693	1.83621773940695
did:plc:eh52l5rs6t6oaw6bj4qybgfv	3.90881149860938	1.67060239441297
did:plc:ehcbpgqzxg47myehicfkasjn	4.1510501045458	1.45502057002285
did:plc:ehcezs34jlq3kx2gvdnzo46q	4.44714472161406	1.19001291504674
did:plc:ehksprsdaiwlfkim3eg2cf2u	3.88187921233204	1.02665100922456
did:plc:ehnxtbz5juhcdmrrnyioinn3	5.23285175605088	1.26858016916709
did:plc:eho5lekycsmg4s2dvunoi4kc	3.10549338050397	1.2611937532175
did:plc:ehppcfe33qs6y5hxsjvhhbwd	3.32799649348088	1.65267396522664
did:plc:ehtpnajllxpm4wlf7qzyn5wu	4.03827682041199	1.41657372629714
did:plc:ehuvxktjx3x27upi66o4vnzj	3.65119361624366	1.65275411612989
did:plc:ehzwjmcmc4ksq5p33ay54vja	3.9560510114033	1.32490909639002
did:plc:ei2vkekqxkmaz3kaqx3txyzw	4.86506755155139	1.47701797562568
did:plc:ei5myifv7fum3sae6d67orq3	4.70993769450463	1.58548071882321
did:plc:ei5ymf4sj2bet3xccx3sidbv	4.28180374730636	1.52661549448783
did:plc:ei62ki2m3nbyt6yx7mha5rph	3.66910092657485	1.0849451852444
did:plc:eievnzlnzkcpfmj665j6vynp	3.60333123813326	1.67723429881934
did:plc:eigxnr62ed2mohxo6bsmmbto	4.3889883226339	1.7212860821765
did:plc:eikslh4m2f3b4u5d3hzv6kvt	4.25382987540739	1.87920261378256
did:plc:ej7uusswuuffbd2fvxwnab62	3.8500856455513	1.28628899689187
did:plc:ejcms33dkozdy7qyvmdgvse3	4.3011339481385	0.967670221665989
did:plc:ejjcyyvqzifxes6xuylrbwie	2.98515983923134	1.18492713369296
did:plc:ejmr6nrl7rmm6xec6qzfbeox	6.13495693481109	1.05299904149375
did:plc:ejwles4r27tstopos5wmsxrd	4.19901665601837	1.35394137199862
did:plc:ejzezjqgzqiyrljztfwndfci	3.91467378123874	1.46569177955378
did:plc:ek42cey742yinhef3tqsf7vi	3.93685115973644	1.56921988316229
did:plc:ek46drgjirxfgsrsouy6a47k	3.84462996380772	1.53130401069629
did:plc:ek7daho7uh5ytwtgqaqkxgjk	3.88123749150547	1.67890744095834
did:plc:ekb5oszchw6irv4it7jqgu73	3.78407516757109	1.32188610432195
did:plc:ekq23echppuuwdjkfk4vxo5m	4.29844062452555	1.29695760866656
did:plc:ekqm25c2psaakuieoue3upsy	2.9875211510599	1.8795789211957
did:plc:ekqpklf3asena65szwzf4ytl	5.61031706358613	1.3359307491084
did:plc:ekvcb2l4lw6nypwrftdhq4ui	4.88240700352631	1.711531035389
did:plc:ekwdnfgrh7ljnnksig72gbcv	3.1108967122269	1.85182909015673
did:plc:ekxwqow4gptmxpswfigvn7ai	4.195253388424	1.25770359891936
did:plc:ekyhsurf5jsirqrtbh4dkhss	3.55050624727011	1.84896868471824
did:plc:ekyuzezm3lysvxwnm2c45ggm	5.9234419361341	1.22741737506471
did:plc:el36aaioeecgplc7pie4zgfo	4.53631558446654	1.51408816049085
did:plc:el535q52xdy6da6hel7fteoe	4.69639319763029	1.92897355106911
did:plc:elbmdhu64yfqqdtw26dxdb4w	4.58045211672157	1.15644451920724
did:plc:elfch66gsx2xzxm653fjukfa	3.37646163801373	1.31051477116704
did:plc:elipm5odn64qnsdbpe2gk74h	5.38135716599218	1.36088890086311
did:plc:eliyr3y3siqreuykqh72wfzy	5.44409023210104	1.01260900918648
did:plc:elnmw663vas7iqnbhubvql3y	3.26118116943815	2.02060353218918
did:plc:elssv7odi3oalem34dyygi64	4.75532557562544	1.18760166203873
did:plc:elt73ilvfpyvmxvv6v3r5swe	3.63194648014861	1.54236663932264
did:plc:elzykgtsuvtq6plgq7rnpq22	4.82501373197802	1.2449472143183
did:plc:em2wbccf6345eia4d3tz3vgz	3.97216861608242	1.15829045550716
did:plc:emaybk5iamnjrs7rx4pljlnu	3.1582194305365	1.25760926225015
did:plc:emdngz53xncsazmt3as7py6m	4.58810486002899	1.31613183864489
did:plc:emlf3thkyfmwinlqy6ertodl	3.41844615828395	1.65036001498155
did:plc:emnjifu4gnwlch2h5wbajmrk	4.27667823801319	1.5075329016288
did:plc:emri6bmyozc5pquikkld3zco	4.62960434623945	1.11714861835495
did:plc:emvkwemlpjgkifzpcv34arcb	3.24494154870853	1.91649870520343
did:plc:emyyojbfqzxpfdaflhowetv6	3.22469638081285	1.20019670502296
did:plc:emz2c46ecoixh7yne2onvj4o	4.81184954052553	1.51129562035426
did:plc:emzbs733ygqldl2s7s23huqs	3.87934501251346	1.28990592770559
did:plc:en3pfjdijzj3gosmjvh4ajf7	4.44309387525293	1.16564901389251
did:plc:en3uurs6tfhl75ioqqmmvgq3	4.23638576883285	1.14935924574889
did:plc:en5lrpenjzwl2jbh3mlxvbtd	4.07525228603661	1.62036473303692
did:plc:enaj2r656qtgiqwh45ygo6jq	5.40184428181806	1.40824391614042
did:plc:enayp4k6uhjfq3db435m2tch	4.04236670486677	1.16566610259153
did:plc:eneknwzgohbtpigd4rio6hyc	3.15112405575623	1.47673436141975
did:plc:engpkwzoem26os6sl643fuww	4.50382153129155	1.37903215556916
did:plc:eniyiabhzozmv5v6t6ci2dic	4.20455838788214	1.31780404411304
did:plc:enl2qvrekfamtnttelgstixg	5.13226301083833	0.925943187051691
did:plc:enltzcyc7krnfzj53h4elkhn	3.3647242259639	1.38289225404887
did:plc:enortkqdelyjgqxjn3v5h4yu	6.25095771015554	0.898509638670586
did:plc:enw3a7vtrmh54bf6s2p7xlll	3.89172834073949	1.60690635873923
did:plc:enyn6aigpsucg755xkneughk	4.11044372328249	1.72844930368016
did:plc:eo5hzkbusrdckh4fnaa4eqaw	4.62457966061735	1.4365424154107
did:plc:eo5kosqi4gpqcf75zylfaioh	3.91621378647778	1.41262054815033
did:plc:eo66bbuflsg7mfa4xczifd4s	5.05760827510926	1.33763789609849
did:plc:eo7t4qj54vbvqqokp2vwvyxl	2.9544346319897	1.36750199434589
did:plc:eob6ymtpntjrdi5aygo53tbd	5.73509211491176	0.539103707933755
did:plc:eog5tth2263lafmkoipfschx	2.90935392999063	1.75009712469756
did:plc:eog6xdp6asoekxnf5ptuotwh	3.54315204759023	1.63020170747733
did:plc:eogwgtrq6ubiaysffhd25qck	5.07061668087081	1.70948384923852
did:plc:eohbewcclckw4n6iid6baecg	3.69098927811382	1.28550846183331
did:plc:eokcv6yssjgwxmxo3hfrge57	2.69001762270542	1.04650349308115
did:plc:eokkf2ydjmdkshghxrmpxzqa	3.65414799930135	1.47761239325875
did:plc:eomheqpjc3n43dycbppwigfy	3.3393252593388	1.69844656727843
did:plc:eon2mf3c7jhqk3tj3tron6ro	4.64059554063452	1.66860219842193
did:plc:eoo2gt2rg52j6vgqcff3ob2p	3.57908111004392	0.234570665973072
did:plc:eovmyoguxlxicdosss5xpzv6	2.75721191338893	0.822323387616825
did:plc:eovyar7cs4kh7gdtdnan6xwb	5.56436655141812	0.953124327849329
did:plc:ep5bhfwi662szgun33i4bzq5	4.72090393281357	1.61435621518102
did:plc:ep5o7eyfthpu2wdzfiuifepi	3.58651464637843	1.53942718157636
did:plc:epapn4y3gw7rzyddxoawfkpr	4.57539971578742	1.40454105439463
did:plc:epcfgtjcjuaomal27aqubnla	3.21629933102906	1.66923615908129
did:plc:epqci4xahztpo5j36bjjd43c	4.5610417813552	1.37783308102272
did:plc:epr5ret44cpoyvxlea2yqo6r	4.59735362436364	1.27142010344938
did:plc:epuhgdgszpzeatg2dpp56uaa	4.58929494903274	1.30743003008973
did:plc:epv3fif7jmncu4c32ibedefa	4.29695628383296	1.22142360994915
did:plc:eq2wtdxcbwfgloyoz7dprmbi	3.88851900175655	1.59112153952569
did:plc:eq6tbtbhqb5ii42awwvshnwz	4.55295243921318	1.39863357098925
did:plc:eq7cq4vpwogaj7g4wvcq4n2o	3.87631060208661	1.00743551424249
did:plc:eqbjunceiy6bh3qvklcznahh	3.21685776313062	1.31550953935455
did:plc:eqc2aqeieh3asppo7lbltrlr	3.12811976933703	1.20269768113105
did:plc:eqeej4zykgou333zrux42ru3	3.58282802006541	1.64993629111178
did:plc:eqldyxrlqumqshdxnhfdzv2k	4.32073246423794	1.61427753063954
did:plc:eqlrpslffzbmymvb4brcmcei	3.4172230091576	1.67955671143095
did:plc:equnmk6rr5cwmtvzd4aj6rsj	4.58947781236578	1.38040659423628
did:plc:eqv22ry3gnsgd7d3angbf4o5	4.31156719728944	1.35088943658469
did:plc:eqvt7t7qdxptvrkktp7e5nht	2.29692323044903	0.8923543921566
did:plc:eqxodwnduo4ldp4b3rwfjadm	3.71034544817842	1.6840830079223
did:plc:eqynp52b6yfxo6t2wgqridwg	5.37075667455179	1.17003878559076
did:plc:er43yzjshevrsb6zdl3sfbib	4.94891401679197	0.97933195537969
did:plc:er7ovgd6va2yowucic4fqz2x	4.00604486375605	1.37784007407173
did:plc:erbektolp27mmrk2yxl5odak	4.40555878797352	1.39901771473758
did:plc:erj3ousyse7dmp2djjoiqazk	3.07110475912101	1.47567714784617
did:plc:erson5whfsv3hhrmbb3iqqu2	5.08691307736984	1.063440815076
did:plc:eruut4335c5addb3mgxhzx7m	3.18186292371402	1.98136850819158
did:plc:ervsb5lfe2p2fzkdxuckvmib	5.28020399870032	1.12287694468086
did:plc:eryck2x6bjghyka3q3itmfyc	4.69653822978501	1.58443987043453
did:plc:esawpp5sexa5fxsnusb73wtf	3.94598394100473	1.63070085661025
did:plc:esd4vlyxyqo4zf2lqutlxvs5	3.80022920356299	1.19379672531602
did:plc:esffd4wey77stjg7a5fqztsr	4.31980327337626	1.52923418576503
did:plc:esnckjj7gvqdgacrfdyck7iu	5.68350745593947	1.14753770130079
did:plc:ess2ri6r5m532pi2verczi4m	5.25971535820631	1.52375900539762
did:plc:essnl56r27ecodobyaef25tj	4.26927255984267	1.32150266205002
did:plc:esstnvt3gvwqj3fowhqis42p	4.01046954041857	1.39544776252861
did:plc:estfzdnu6xgbux6hg5ryhud2	3.14667587409087	2.05037311999485
did:plc:estrz5ivxxkoqztk4xs6f232	5.21980768108901	1.08128423934916
did:plc:esvydzwt3vql7y55xtud4jf6	5.21969006885634	1.03095105793783
did:plc:eswuzgtbyksk5fm744xq4l26	4.75151405526979	1.50570429887298
did:plc:et36qi6dt3mqyioikeukw2lp	3.91383372022005	1.72685034851749
did:plc:et6tpubbqfssf7pagvifherj	3.35556227618078	1.46294448894168
did:plc:et7jpr3cdihz6bg7mqrszbkz	4.71799696836791	0.948949319324493
did:plc:etbl34ukgki7bsingclzuzyr	5.52476833115074	0.823833557851601
did:plc:etbmi66i6omnz622fhxkfcu3	5.67918442563405	0.800513402956479
did:plc:etbxlhvum7434525gvxxgh43	3.58378515379299	1.53066255670619
did:plc:etotxudkz7ecvbqrbscb53jb	3.18624790230486	1.82714496870053
did:plc:etpu7dgdsgcjq6k7yjl3ot6f	4.06602397337505	1.05144437635911
did:plc:ettvzt7m2sl457vtyswwsmqo	3.80065213306318	1.31710662044733
did:plc:etvg77ir7jj4v5e33cj34iym	3.14675938558513	1.27480629064691
did:plc:etwfgmsqbbiokpn4hicxpps7	3.51165744318237	1.2262978320542
did:plc:eu2gfhzvboorh35zqs24ucvh	2.74488026591944	1.77412457186437
did:plc:eu4ju3rgon6cqmjdf27ksigf	2.82609284946662	0.883726056067549
did:plc:euaewoksugaudz5g4ptjvcsk	5.25149662993766	1.12216370695407
did:plc:euffxrcbjkomhztszoznfdnl	3.46149377177082	1.61834362036016
did:plc:eumqgpw7ewaso7bt32jssxx4	4.08788579764276	1.61205225942341
did:plc:eumwyklpxv3kukzoi62pjf25	4.97460103344306	1.19269611983738
did:plc:eunldxasdqtqetud5jbrr447	3.98137881257126	1.34940670131757
did:plc:euvmko7vfuzvm2excowpsnjy	3.74626884991873	1.63168293316746
did:plc:euvw4ld2b6wastis6h3xt23j	3.59570522281609	1.54509140058622
did:plc:euzetvaz3jsps6sdvfg3c4fe	4.86155520788181	1.41871262339534
did:plc:ev3tc6osn7vrced2tfvo3yoh	5.56869711390971	1.37104786881857
did:plc:ev6j6sw4vemg7ylwkedszuvh	4.00128606990585	1.38679460415792
did:plc:eva6jns6mpfoedog5nx5dt6u	3.72232316192483	1.88680662227816
did:plc:evlgsy3cp2d6hzaachggyr5c	4.27988838787322	1.83836368301932
did:plc:evomncwgtl6oopbz3szkp52l	5.28903331353601	0.952107373343001
did:plc:evpt7qw5wvmnikuq4hjwpjgx	4.11877833712842	0.963418367526898
did:plc:evuxxfwtogmlto4hhzxpjum6	5.58785589341249	0.936797760322128
did:plc:evwnnghaiwhevfpp22ojh6ze	4.02513715615817	1.68171754577657
did:plc:evxwmcp3wuuegjiv5h652wa2	4.04908405498856	1.09306112455935
did:plc:ew33gnusyfaw4lmtuj2gyng5	3.76302231652438	1.79278526008367
did:plc:ew4t5stwu2kx425z2m34asbv	4.37631703309109	1.34227918061559
did:plc:ew5oh6db2esv3cizg3ric56y	3.48199639859835	1.82549669966675
did:plc:ew5tapqlepohxgzg24vh3iqj	4.71146633220756	1.16580560702539
did:plc:ew6zzgl3vlm5wzv6xtva6sh6	3.39121001052791	2.09624831411918
did:plc:ewaexdzfgosnl4xsce2qw4zq	3.74443719839553	1.41099052971108
did:plc:ewats3ygxwmdp4foiz5izfzf	3.20468765824986	1.28827487634164
did:plc:ewbauwoelr6lrzb6m3kdqg7s	3.8631342388958	1.67776928028681
did:plc:ewgm25f7mxpecu46hynw6mz4	3.99304307095166	1.37037447391665
did:plc:ewn6uljmki6aprew5fxlci3e	4.37340014215599	1.40770813010642
did:plc:ewpe6klcb453jovtkflv6sm5	3.72818593070334	1.73972077196028
did:plc:ewqrr7jlwt4mjyhc7575eeih	4.51890205208956	1.56223276122332
did:plc:ewtxtaq3etfynuymquonffpa	3.6223017000216	1.46467661886243
did:plc:ewwfs5k3ywmgwyzaftvqysrx	3.57416114203131	1.27587773480444
did:plc:ewx7uxsofoloyi7fw742qmdg	3.75055846069698	1.74674279399966
did:plc:ex32mdbj5klg5vplqltrufyo	3.4423092107386	1.59639434308364
did:plc:excm6f7pe4gydjnpnwc7qnh3	3.64928342787922	1.59303692202323
did:plc:exerbn57gyx7ixd2eyrjupt3	5.62797673060654	0.868912180042809
did:plc:exicxv6uu5ljgmo6egqi2isp	4.259847263862	1.50211371106458
did:plc:exl7l5olzmf7k6m4hqqsnfvn	3.71470974876097	1.15155781571201
did:plc:exmi2cj7e63hhtp2rq6bp52m	4.86679887942147	1.54960416811071
did:plc:exn6hllmezj6lgkz6mecmq2w	3.42606155163677	1.52418092866037
did:plc:exqojlyxzz42le6ehnlvf3s6	3.2710539232282	1.74939368491539
did:plc:exsv2n2vxpixz3akkpzadnit	3.50917160805285	1.39648683590833
did:plc:exsxndxjbikhza23x6575jon	3.04939300855928	1.99166961443202
did:plc:exxdcplb2ozev5lvw5ohnejq	5.20778069069953	0.843916958423455
did:plc:ey2we7vhbpxx2pgypmcx7gwl	3.78780516719923	1.63461568258665
did:plc:ey6jycu3hdnm4ke7c6ncie7m	3.40433907423397	0.760878982989872
did:plc:ey6yywpxeaspj3u7gytu6h4u	3.48154587117118	1.40826797273937
did:plc:eybvuy4q2jyuj6qxplil2mgj	3.92748384707421	1.5926926693099
did:plc:eydos2ocokysnnicttgyfgqc	3.31406978024067	1.54761408325535
did:plc:eyinzrmv5mx6vy5gbl672o4t	3.9486774748718	1.52885059247625
did:plc:eyirafttwfysxqv4elq644ot	3.29114946332052	1.83599740382877
did:plc:eyj5kqugdex4vkm7ufytoxwj	4.01354607664824	1.4045535893736
did:plc:eylalexlj2rsep3fqiiskxeo	5.365870539392	1.51627093163489
did:plc:eyngvez47j7ckad5vux7gerr	4.14127724872962	1.25940451196198
did:plc:eyt4ng57xnw2me2xyzw3kahp	4.38601733096831	1.55441411237158
did:plc:eywenozvo5cmby7qyclt6zqz	5.16480075821957	1.14339570236179
did:plc:eywfqla63kt7dtbqadqeru4m	4.12306517276919	1.69538072397326
did:plc:ezkszr5yme42jdk2ys2vun62	4.64174274522234	1.24626903624177
did:plc:ezlhmp7wjitwt2zrntpak4x3	3.72536890131504	1.17172242612232
did:plc:ezoh57r4nd3xtkhn33drf3yg	4.82494696882406	1.5042072412405
did:plc:ezq5slat2z6fv2xr7ebhwn6g	4.91219097775043	1.36563873155157
did:plc:ezu37n2mboehwqcb6j6ahprh	2.98811611239521	1.45803604221582
did:plc:ezz3x242hqlucrgftropl2ug	3.61789300032024	1.32751383249754
did:plc:ezz6jhli2rx6h6qnavi3ueox	5.53415891075619	1.16801669915866
did:plc:f26ng4j2ix3s6sfathcqp2ei	3.42303331228795	1.6032972354952
did:plc:f27a6rjyb7qsimankhd6mau7	5.02849009108059	0.780197698036714
did:plc:f2ayrw4kfyrwqvpvrms6puc4	3.73427688894162	0.978183198961422
did:plc:f2b4feygku5gzuraxmfukvtb	5.98129830824046	1.12902677250424
did:plc:f2cunug3jmuk6ppox4mirp2b	4.27258609992445	1.46132402551685
did:plc:f2ghgqmvb27pxscadxlqs35n	3.37422532262548	1.70527237310836
did:plc:f2pgysyr26fsxxzeolkdh2r4	3.63810490408763	1.34543337566448
did:plc:f2zwtfsvir75tf5st2ectzfq	4.54149414326254	1.32790052119564
did:plc:f336uxuoxyt43dg72mt4gjuv	3.81113213631868	1.27568268481685
did:plc:f342hfqhy7ldskryjhrimlw3	4.08321307012556	1.35121702106611
did:plc:f3cfixhu3ztm5pl5yqo623wm	3.71975471263267	1.78057574181421
did:plc:f3dlxkevddusfyuppz4cbnzs	4.84567804544014	1.11384202088374
did:plc:f3frrz7hdkkmkrq4doumh7zg	3.68115071714113	1.7391266330282
did:plc:f3js3tthn43qd6zrov7mzahm	4.50939829218896	1.25632543015464
did:plc:f3oesb652tfqxbidljo5wazn	5.19379246487054	0.957458498614451
did:plc:f3s4b7v44p6sg4fucv4ngqp2	3.58316941443018	1.72544238403119
did:plc:f3tkt4iicys5zwj5q77ulsia	3.07617736216714	1.88793652872874
did:plc:f3v4if5mzda3skbrljtje6bv	4.11014744253471	1.39233849408269
did:plc:f3wcerzgkehihfrd3drsnx2c	4.22867523266029	1.39177315406617
did:plc:f3wys76pwospxs7ooc7khbys	4.17658695489756	1.3830146397018
did:plc:f3zainuwoejcr7elbz7ycvg4	3.49012190438413	1.71631203273511
did:plc:f423j3xjdp5ulqqivrz4nhgu	3.36323068417249	1.55199685446098
did:plc:f443fdnaeo6kazmtnp6v6cx2	4.24891776475453	1.62021178932638
did:plc:f47y3kln6qtfzvbfv2fbcevl	3.33415974967764	2.05269776071154
did:plc:f4diah7jsz2k53euzgqkrmof	3.69475890362709	1.37761791235085
did:plc:f4fxw7uvoanj3wezl363vwp6	3.06407799958913	1.81229813534052
did:plc:f4icresczmjmi7d547c52lxs	3.60726368850251	1.24885698546761
did:plc:f4maa3wxq6qnti7dm3zxcjox	3.85094855407123	1.57656288425315
did:plc:f4mle6pmznycdrrm6wp45pe3	2.74718053489443	1.43410322778732
did:plc:f4ncbsoslhlxpxx5wix4kgzo	3.68003241960538	1.38783379793309
did:plc:f4og3hwtl6iyss3wd5tiruww	4.93351809379686	1.34943388685826
did:plc:f4p6ditrsrm4oftzs3qekhgs	6.01918681405331	0.758088026636718
did:plc:f4tdwtgq7qefhz4a3kefsjnx	5.70687670910626	0.984091854963189
did:plc:f55qd3clnyfpv32sdoitrl6a	3.60591891772192	1.70691273533388
did:plc:f5atfs3a32ukqdviqqohx35r	3.54407356145692	1.16168968817411
did:plc:f5byijl5uej2i3m7xoygcfir	3.31345407442341	2.04956150793822
did:plc:f5e2ew6df6ddkyprxyffguam	3.886870940633	1.62049377188411
did:plc:f5ecwxarnttb2mjwsl53vzce	5.17757589035901	1.07185068627601
did:plc:f5ixwbsbcub4uwdc7ettyj63	2.77113445662567	1.72866840442929
did:plc:f5ntn65x2e5weh6peg34eozy	3.29261805161526	1.42030608885057
did:plc:f5nv34sicvdzl6kvfz4cynqt	4.2412326678061	1.49670834763675
did:plc:f5oyjtm4zkszqqliezt2tmtd	4.17382621690377	1.37771012987941
did:plc:f5qdy6ulslefw474z5e7sfj4	3.1551968599255	1.52151318380937
did:plc:f5thzjsp4pkhrwci5jfpn45z	3.97713236315198	1.87147925843131
did:plc:f5vhqjqw7jz4sl6aocialmwn	3.16952750406783	1.82547141728677
did:plc:f5x3clnwyrqrrjxalolvwfmk	5.01500090166771	1.44127336557776
did:plc:f5xtxvz5jkqlik2kkkr4q4x3	3.47983729825568	1.20510697556277
did:plc:f62bixbhws3wm4zblsagebp5	3.65396759488426	1.05940444577662
did:plc:f64bms2padeklf4mpq4v7hbi	3.43908508889058	1.91770216379886
did:plc:f67aotd635afr7td7ymtu3zd	3.43488644505925	1.48134043004033
did:plc:f67bga5pt7v4ybikyayxe63v	4.24817542895818	1.60989611363703
did:plc:f6a73xx25zevlk3psf3sgkiq	3.01771487591677	1.21419074969496
did:plc:f6b5wmtjhetmbv3e62uu4nns	5.6364805064955	1.10362000990656
did:plc:f6fbiilymypwoezyvorxt653	5.05681675610543	1.47866019086657
did:plc:f6gfdc4j4h7jbvs64lvpq2l5	3.06688781008009	2.00061348421091
did:plc:f6hcqvsgphjm2bq6wpo6vlbl	3.5649911285119	1.76476754405882
did:plc:f6j43msnsgrtfwfc4a6xofgt	2.96908320864923	1.84310469873163
did:plc:f6j63epizvennbiqud4lxlky	3.54466269150146	1.1239539059118
did:plc:f6jiytkxeuvx574pdbw2gy42	3.72544994554179	1.52008283285482
did:plc:f6misudd5j5bwyjoh2avvxil	3.76291307104201	1.41447264988547
did:plc:f6qwhky55osketmk5tgnve6n	2.4565456060493	1.3577592640007
did:plc:f6rlv45npycqfbhhhz2zkf7m	4.66643030407939	1.38856354204354
did:plc:f6t4rj6x6fdn6irdcicsfbat	5.03596206945027	1.42400939502543
did:plc:f6v5xnzd4boyw7qqcglakacf	3.41700197077343	1.87840607422162
did:plc:f6vtnmw4wcx5bv7rp64hsceh	5.8457913768473	0.688346100114581
did:plc:f6wl6qmq7y7jurwzjrt6p7gk	5.7699454075847	0.64630050427947
did:plc:f732l5w2pvioydxj5axylxas	2.77085539936621	1.25363254343118
did:plc:f763kzfpoj35wygiqkciqhgt	4.171895965995	0.864609911425466
did:plc:f77g6msvr2eprxjjnc4l4zad	3.20996021446509	1.41277837977644
did:plc:f7i7qju5luohowyu4gruxrpk	4.09077682314228	1.40916417154294
did:plc:f7iwcg3acmyewepcrjuziiif	5.68514359896177	1.29382093015618
did:plc:f7j4alxf7h6sa7yb2gkgl5oa	5.01554866721688	1.24193084059752
did:plc:f7k76cl7nhl6yd5qhnp2lnif	4.61466664570909	1.28841542337262
did:plc:f7nn5wozfasjfc7uuqjflbqv	2.94255847408918	1.34742314074643
did:plc:f7o6yzcxfgphfwakz7zj5srq	4.26938747055493	1.56844361102928
did:plc:f7ojo3s4g7loax2gzocfthnk	3.73148287097554	1.52793635435809
did:plc:f7pierjzvkf456ou2ruvoc4o	3.61253961294274	1.49265462509534
did:plc:f7y5gjcautql6enpqcosbo73	3.80858589551223	1.42705186988806
did:plc:f7y7nch6hx5lmi6zuzppi3q7	6.08315704656595	1.62197982924923
did:plc:f7yfsu2vjnogjz32faybtks5	3.4232212785072	1.25521306453563
did:plc:f7zusedhunzxr24mfwxxb2mz	4.10381968572988	1.55073343202555
did:plc:fa34ncvmrtio6awwiog5zppi	3.15527464698038	1.65800102263136
did:plc:fa3vvjey2c6dlwtqx3mwbsic	3.62654685867911	1.34809386847832
did:plc:fa4ia2lqb5kyuve4ltv2re24	4.95824591590133	1.13512059174253
did:plc:fa6hnvb6qnagtihdldihlvsc	4.30489396608127	1.55692559102169
did:plc:fa7rx4e5ajy2lppl7tkww6ly	2.91758612574119	1.87305087844442
did:plc:fandrhimmsk7q2eotlnko32u	4.63039998844486	1.3997852479863
did:plc:fanixfk6ds33qkmxlwopd7ui	3.35190337540149	1.80621228215092
did:plc:farmkfa54h37h5ybpwjgfq25	4.14117756243289	1.38735838933446
did:plc:fatnq4ebdxedptzvflbo4eth	4.47578022660339	0.922136286833437
did:plc:fay47ogmxrhxgyyccqfjevw6	3.42268004365036	1.36502682885922
did:plc:fb2uke2patxwpsukxgfnq2ft	3.64356203072937	1.47280742312453
did:plc:fb4zzqswpoavcx4mkbd6u5b4	3.83863768004449	1.5527745089842
did:plc:fbav3ktw4fatrjh7pln55lq2	5.75634437117849	1.37363655346459
did:plc:fbbar4slk4fsfout2ajohem5	3.66460690924704	1.11794456563891
did:plc:fbbia3f7wf75ndgdihy7ra3b	4.00204287467033	1.35217096157939
did:plc:fben2klwjie4qpr2v5sxc3fq	3.49899414145034	1.32057345182935
did:plc:fbvg35j33afhoj2ldnkzobmf	3.38690114893349	1.62944361862571
did:plc:fbxnsobselll45ay5hbajtpo	1.77226078780669	1.1321231468361
did:plc:fc3ppppfegyposyejwzs7vso	3.83503994077427	1.39259170280259
did:plc:fc6ieildk4gua2hm4xldigmg	3.59929459634554	1.82938671100189
did:plc:fc7hdweqrtdmosiejxly5h44	3.86907951125685	1.75765477516514
did:plc:fcbwhdlktti52iqesq5kjlcx	4.87655909403258	1.22872795273866
did:plc:fcjetsue6zlnvkwbd5era6ye	4.15209825222294	1.21893592709851
did:plc:fckxrphxm4d57buldshmpawe	3.7624777154617	1.17577398598879
did:plc:fcnvhopv37qpy77hn34x7kqo	4.03650508481099	1.59979596640884
did:plc:fco4ugvgjq5v733zylr3p7d6	3.57085225911401	1.6880296749368
did:plc:fcrsnr6ehrmn32wha6iqrtns	3.41105522945072	1.41329173004578
did:plc:fcvfppcf74oaxb7yzu2bac3s	6.284154852857	0.829341762789372
did:plc:fcxozhnpep2syyyfurbkbqvu	3.98049858372873	1.57253085683704
did:plc:fcywf5tspd36is55z2jhuipg	3.76317839462292	1.16724459187894
did:plc:fczuijvqj263lh5jbxfgrxin	2.25720807507786	0.163362805300372
did:plc:fdf5webddydsq64nap5tthjb	3.70795563029573	1.37642239773668
did:plc:fdh6x2noc3c6b4ui4danjzfz	3.6815029099628	1.49450141745945
did:plc:fdjbcaw4b6pwmo7hzk74b67b	4.96994941689776	1.25640873271015
did:plc:fdjorbe22tjafoxiorjywq7t	3.65842160917263	1.29811898544516
did:plc:fdmpozcdw64x6d2bnyyzrjym	3.74020591916573	1.71618037308486
did:plc:fdo33noiqqmodzeq5aerxmmm	3.4937384226968	1.62105353965539
did:plc:fdqi2duyqk2h5shnemqy33a4	2.95203176074617	1.0926837443035
did:plc:fdtalg2v37kzssi5ijwpsebq	4.06497267350788	1.93997059951174
did:plc:fdtpzz22jnewedr4vr6weshl	4.08623590257206	1.38352463731673
did:plc:fdvv7xvcdfb4sur7gwjbangt	3.09095733427203	1.4506679388709
did:plc:fe2hxuyamni6fbbouqdhpeju	3.26816608984434	1.50985086285779
did:plc:fe3dmo4esdbvqi4vvkek6xjs	4.09461758301224	1.63364867642148
did:plc:fef6vxrzvuyitxxhzjqxkjyt	3.43282921073926	1.46469962869271
did:plc:fehgeprknebyvxkmty5wnv7n	5.56121606934762	1.06468279834015
did:plc:fehx57sm3deim6afof3z5zkm	3.73653764728396	1.31089706637862
did:plc:fejojrw52fitelwrwjy7oapn	2.98180691227512	1.45692527283528
did:plc:fem2jk6hplce7h4g4x7hk4sc	3.94758335005134	1.45645858320547
did:plc:fenbcdbfuw2lnzdktypzasxd	4.65410215779674	1.27794278273552
did:plc:fep72tu3l4hw2x3rsfmsheiv	4.49742810061359	1.68456190549004
did:plc:fepciswq6tbddn57gbdfdn7f	4.10173546916223	1.34089224956463
did:plc:feufsaw2vudnrqvajc24sdfh	3.22285498124667	1.70947345990165
did:plc:feuuqu4fpgcvxx42gu4ea33x	3.31503088465404	1.22611527346542
did:plc:fev2ndiv52yphev6mzowfdpu	2.31800317819487	1.45685394150987
did:plc:fewpgacmxwkk6qiy4dhun6o5	4.30627997317685	1.98609846910534
did:plc:fex5cr2uerdrl6evbo4xbsy4	3.98305278824927	1.856846680895
did:plc:fezx5vdesp6vjc6rpcwqa5ht	3.54405063244361	1.38886305781942
did:plc:ffbo256coa7gvylhipejrhof	4.2140366625905	1.10893407918316
did:plc:ffdcyfbg5emw2jhupxnja55b	3.4442820986058	1.58003662810752
did:plc:fffzkc2atrkqusc7ehnq4dz4	3.22777747223261	1.43238393414834
did:plc:ffhmrmexlfrkelen7rt5xhmn	4.54340451284558	1.38010996976946
did:plc:ffmwwys33bllxaek6bpdunzn	3.98062642644597	1.53939074500765
did:plc:ffqht6xhihagwbjucx5ldlbw	3.24395425266354	1.45137522486568
did:plc:ffrudewj5powd7nhjw6b4oh5	4.30931371809529	1.17910369323789
did:plc:ffu7shv4tqco42qbxwxoex3l	4.37634207957898	1.07096879554776
did:plc:ffvlhidnzh6qdybmzpnwgxd5	4.13398911278998	1.41232844109941
did:plc:ffzqsftqv4ddslscugl2zpiq	3.60792996680432	1.84117350416758
did:plc:fg6v2htuu6ksvjqijs5rop73	4.33212820836219	1.5274368500484
did:plc:fgjynpn5mesk5twpzueigqnu	3.20186533405549	1.36475655643803
did:plc:fgmc2pyipc3h7ysaqqx7v4ow	4.49989020525023	1.71907543989015
did:plc:fgolu6sfdsuavxjlztc3ye55	3.10713432808648	1.51871791876687
did:plc:fgpb5cs7ognodeyqoonkog74	4.64995702838355	1.55350623102875
did:plc:fgpvk2a4en3nounbixvjcaat	4.15040321282975	1.17867976370632
did:plc:fgqatm5ydv234oolmqics4oh	5.50246851875553	0.812533062415649
did:plc:fgs6nbjcu255jajd66odzhmd	3.65811765554252	1.83723375199482
did:plc:fgtuzaulpgt4wddqfqz3dbhq	4.85471976253659	1.19329211240113
did:plc:fgurcjvjz62hnr5dyi36dw5s	3.22733511853821	0.985124103425996
did:plc:fgvri53b2szebfrmuuxxxc2u	4.71146439580339	1.84413256744579
did:plc:fgwrpzmgwbcampapz3xvim4i	4.85861731965271	1.57003592280788
did:plc:fgzvd7qdlkdoleqdroh6zawk	3.4657277381641	1.38850574039386
did:plc:fhcae6rgmxopzzymrosltowd	4.02316788660699	1.75064844238152
did:plc:fhdpkxlbpg5mgf6joqwy23gs	4.37362898610281	1.28882240711277
did:plc:fhdr4h3ir3y6kjrfi7mbtvsk	3.9642722825485	1.51686793642897
did:plc:fhieetr4mfjfsbztohcrdmqz	3.51008702166446	1.1771857848746
did:plc:fhlfe7d752wshy3xv7vsa5o5	3.70185063962817	1.73189210390519
did:plc:fhmb7wdgyat2spxbytp6ojki	3.56296959419972	1.97797022155445
did:plc:fhncwrle7ewvju64hcs4hvrk	3.21976699303876	1.51846096297437
did:plc:fhnih5ovyd5w5pch254ordo2	3.35721631227108	1.90252364457466
did:plc:fhsr4nygxxjketkzfl3gqqis	3.33111480804385	1.43413268216067
did:plc:fhz3mekvsix3srgslwj7l2rp	3.45625459532518	1.60783810428901
did:plc:fi57unc5g2ldh6qj7dbbxch7	4.28608500661161	1.16002330157704
did:plc:fialbddveurnunrr334qlhzd	3.44592778157093	1.36211449907288
did:plc:fiazuqn7oifqxx3fq2emvjnm	4.12856799930823	1.72434763878918
did:plc:fierz3bjflmyhdtpb4kmrqno	4.06514449162641	1.46205131250074
did:plc:filprrtprabkm6wv7mn6w3fi	3.96258157669472	1.38230293359269
did:plc:finnxxoyffy65c63rgh54whw	4.53881386396615	1.57339373802018
did:plc:fipyrbqzmzuimqwku6ccsrf2	3.35428685816703	1.39199071702415
did:plc:fisclza7cslrrmyeluhg6har	3.75828182220222	1.46976673742446
did:plc:fishcxr3nye5tm2zuoyg32zt	4.65999584914596	1.6541805154211
did:plc:fisntcqht7inamozjvuwo2xa	3.19509107892669	1.52608795506907
did:plc:fixmwv7gf2gvf2ouo5blrr3q	3.71995413909835	1.67370492793348
did:plc:fjddf3lqc5ez64tdt4eqycxj	3.99139373587873	1.23230737394677
did:plc:fjftzzo5kcrlzbhfntucwtcb	5.34306481416189	1.34287605860222
did:plc:fjgm6wlqjq3arokl2cfmyrjm	3.42253472709101	1.63696146841743
did:plc:fjhon6eiwsnk57yj2e6h2fho	4.21381226533223	1.58086692101554
did:plc:fjjt4u5b3dztrasfdzq3hbjd	4.28926218864852	1.29449797669245
did:plc:fjkq4hb7o4shz6jjldufdgpb	3.66483652752419	1.93451750411628
did:plc:fjn7myj6yrif4voh7n4gmpbt	3.31409767804905	1.49012846374753
did:plc:fjo2geecbhtguay3xwtqxvec	3.32116734083674	1.40085765592858
did:plc:fjquv2a5agxagsnbluddx7gq	4.00816773523391	1.39956679979459
did:plc:fjvtsdjqhoy5vyybpinlsas3	3.41026817058025	1.8138312374674
did:plc:fjxn5nhhna67jlvsrxrqzc7i	4.82396199216446	1.65094863438459
did:plc:fjybakcnnudn5kudhzbr3rcv	3.17447505188715	1.52170193409949
did:plc:fjyz6vi5ih6fktq7rzkaiacb	3.30472227964033	0.856178943453392
did:plc:fjzdqyq7q6o3uywolrbxdvjp	3.32031403066473	1.56025591879845
did:plc:fk3z274ne4tq5onzusdaytc7	3.3136172364405	2.01737633954173
did:plc:fkc6c2eebelmgf577mxgmjcr	4.56067897460128	1.39780929127186
did:plc:fkejv6dyssr4tmgv5ja75ixr	4.52374769894676	1.70450009191671
did:plc:fkk4scroqeaqi3vcz7mc2gnq	4.42382278350416	0.918144564123128
did:plc:fkk6i5hdw5lcr2vl2szelobg	2.95446225561037	1.21968329099917
did:plc:fklvmbtjamvdbfgehmqsyhp7	3.58921631161235	1.03247957039086
did:plc:fkre7nfyuo56b3rxxhxw6ork	3.85634107986182	1.52804435054098
did:plc:fkxcnwwlovg6pckgqtmn2fzd	3.75209484128746	1.04588382721267
did:plc:fkxwy5k327u4ijqn665cgmel	3.5931078247121	1.27646840531662
did:plc:fl4254wfe5j3gjjxrioxiyhz	2.80547901416696	1.40988859394164
did:plc:fl4yq26dy24j3qu4hs2ibfd6	3.650387088138	1.60720763189949
did:plc:fl6thh7lub2piphd7z3ki5iu	4.67608112863993	1.17397219108852
did:plc:flckfhferhazd2v723tv6jar	4.50870718637812	1.72633720034797
did:plc:flemjj74jm4wfvrzg7w2ca3s	4.28325367326217	1.8022233525583
did:plc:fleuagsjc4qhoc6scdzfcmxd	3.86425605657109	1.26118979040818
did:plc:flh5vdg7p4ffbxo7udywpkch	3.64510819346885	1.37705733190736
did:plc:flo6wyibmtvoixk7xbeczia6	4.11973498251279	2.01467384107354
did:plc:floc7qjtgqsvebe4uww3y5no	3.78772811001969	1.68696382209484
did:plc:flpqp5nunpvcknzhnqesxcqe	5.76063165341527	1.04723669115682
did:plc:fltivqpx4hud4eeg4yzohizj	3.19366969190845	1.54747894998222
did:plc:fltoek546kjycbe7hupm7kgj	4.52947962965966	1.47109812116347
did:plc:flty52fbubfhflwqwob6ydhi	3.91875381805023	1.34292760031672
did:plc:flzg7qt4wibqw22fvwwd455k	4.81221483211349	1.31428639391363
did:plc:fm2ax3ngueg5v3gnafawcr5l	4.08091963618139	1.43691939975819
did:plc:fm2kpisstr26cpsztnvmdhoj	3.42055042137592	1.41181634737358
did:plc:fm4spsjmalkkz5wdnbnt6oky	4.52389371011531	1.34718051463895
did:plc:fmbnlpznrg3yvhtnrel4qsm4	4.5043274436457	1.07629625087708
did:plc:fmhrlq56dklcrix54q5ivpn2	3.84900582168251	1.327215570787
did:plc:fmkxizxe65d2ouyo3bu4rim4	3.14707234643619	1.79712300569299
did:plc:fmm2s4iwwxveczylbrzzrwx6	3.8244008457553	1.54706941658458
did:plc:fmmw2cy5nzlacmdtzhcdmwbg	3.55580070773022	2.14184204117604
did:plc:fmo5k2amrnw6emkufwagqkm2	4.29392131482822	1.41176044554879
did:plc:fmuhqjxgilwwrgqeknhlfckr	5.4234127608604	1.31079815209378
did:plc:fn4k4xqw7ehfor5rburhfrbs	4.30528110635776	1.55403982894444
did:plc:fn5u57lzhk224xbls4at45e3	2.67033130291195	1.68321526866095
did:plc:fnegxemi7jqpnikflk5szbw3	4.33246366631182	1.84362206919633
did:plc:fnezp4qds4rx5m5qy46c6g5w	4.2471743348322	1.09125537761297
did:plc:fnizkppnlhrsgy5ggz34ftnb	4.12993302009057	1.69688322984362
did:plc:fnordlaxs7x47g4tg752yo6w	5.09963499371168	0.912505633300596
did:plc:fnx5kqdifo7omvokmgke37fg	3.76943209637085	1.39904429375584
did:plc:fny2rqxhjmiw4armf5r7kdg2	5.03046168398083	1.82711133422948
did:plc:fnzjxaaropcaziwztl5qfb3d	3.16580052387077	1.61376574462816
did:plc:fnzqai5mfv3ryyzkzyfuoh65	4.61881153079258	1.2350440742891
did:plc:foaz7oaeoppmxzbdgcvjammh	4.58114632905036	1.4199084525841
did:plc:fobhjcg6vzvmpuxsmfzy7xe6	4.24586554309758	1.42416810805547
did:plc:fodekrokiaeld735kqk3see6	3.76633033737427	1.53615076734287
did:plc:fodyg35g25joa5rpplt4y43g	4.19277541593581	1.50840316345204
did:plc:foizlfsqx73p53gv2gbj3xnq	3.81048614695404	1.74020999344108
did:plc:fom3fh7rupobkg4nupbw7orp	5.1175007897408	1.05382023360287
did:plc:foquzfoaeimisghfxh45enfx	3.16181004502194	1.83803324224815
did:plc:forjg4cieta5ev4ixcdn4qyt	4.20489567506952	0.890812429717176
did:plc:fow367icw2tatwlsvum4ycon	3.6406456443313	1.72772575713647
did:plc:fowrfbc7yzh7s46jj54db6yo	3.18426233964865	1.78828302031868
did:plc:fp2j22o34ilhctxie4b7my2w	2.6889674387734	1.42998738268766
did:plc:fp4dvqrh2olczhtpc6woz5xz	3.64783201105016	1.80243026280923
did:plc:fp4hxbik5cx4uxibwcwx7mpy	3.44539352640505	1.52582833211106
did:plc:fp76tm62mywvu6g64xv44loi	5.17646982888244	0.99071628062389
did:plc:fpbth3efw5boeicogj7phgef	3.74224710590586	1.4199597226885
did:plc:fpnmoausliivvdsy72d6bwhm	3.01281675605829	1.17503295910845
did:plc:fpp3kq3jc6riyz2tszc2zru2	4.91567471246366	1.48322425794694
did:plc:fppwhqgf2hnaezslwd73hx4n	4.35595930485474	1.66249660566596
did:plc:fpwzm5l22frhwstc642hw67h	3.22857664455948	0.806502013515701
did:plc:fpzfasa3avbkjeshavy2nclb	3.68722760470067	1.60996062317053
did:plc:fq5bhyzk5ble3nedxjph4owm	3.32153012322678	1.41866361180502
did:plc:fq6h3khaww3zeot6ncbghz7x	5.60690507670733	1.06223611003731
did:plc:fqbjui36tahfggerm7ink53a	3.54875920373486	1.55780948315677
did:plc:fqkaijljnp3zfxm5i7yruuwh	3.99848472314077	1.27628906008825
did:plc:fqkl3rphem42zelwfkzyvsm2	4.92450854371738	1.52107741425034
did:plc:fqoezu3rmx4wb26bngrchhnr	3.5961034820056	1.75698394859393
did:plc:fqtvmoodifbyoauhonb43jxu	3.82437783101176	1.96233993696736
did:plc:fqyp4mcwxylqsmkdtydyqpb3	4.58339031396859	0.967159467357494
did:plc:fr4c6b5jj4jwo5d5irryupla	5.36061179883117	1.43065580230656
did:plc:fr4sn6em4rvfpf3riukihsb4	3.11186961053029	1.63362164026099
did:plc:frhnunqoyoyd2wp5hh3iypyu	3.82441758266379	1.34714020313751
did:plc:frifdbvvvs3qraejrvjlrczl	3.46468065790123	1.40485471924621
did:plc:frijsrjshuwqtgwepkjk44ka	3.59539808054172	1.59770486156841
did:plc:frlcddzwaszcmb7bl6v2kww7	5.32974269967641	0.846123416995804
did:plc:frmlxtqcmk2ryy57vbtvlqdr	3.25772525090292	1.48476796962943
did:plc:frurdofyqq2etguhrzrgrjg4	3.1624713883171	1.36796771895572
did:plc:frxz2udktfrces5et5w27hd5	3.1982885233009	1.69583020994514
did:plc:fs3uw2k2phar2sdaezoskeug	3.8876230552387	1.84814958617996
did:plc:fs4hzthocbherkzpp5sruy5y	3.58496651186136	1.66606557253433
did:plc:fs4yn4u3ofkrcr3beo4kobyc	3.13855905698065	1.73428615940138
did:plc:fs6m667fci4kpwo6btxilwuo	3.36729554727576	1.13306652158595
did:plc:fsb4p4cvdlc276um7krbmn2c	3.71768586374823	1.5954829275654
did:plc:fsei4zqwcpi73x5sp2v3ackf	4.52811377964571	1.22707227195698
did:plc:fsitfzxtlfeb6qwmxv7yn26f	4.05541698282204	1.57169759767208
did:plc:fsk7vb5ixq3uxrnne2rynam5	3.17753131306128	1.95055144267995
did:plc:fsky2hudnfb6jfds3cqfk5o3	3.76402234783024	1.49931403858056
did:plc:fso6r745yrkencezmmwevmkf	4.86694803161482	1.46502500408757
did:plc:fsqxvsilheczlrkycd5x2tvk	4.68495668281895	1.68186866344578
did:plc:fsrxmrqchwapbokg6fm4bx3f	3.38060372933284	1.53715623276464
did:plc:ft2bu5hrsclmjpu4o52u7ixp	2.77209026465757	1.80964840395528
did:plc:ftedqt4yyxbi6dwtyor3ba6l	3.92165596090401	1.49823698967353
did:plc:ftkgoinoyluy542jm2i6kcju	4.28766804064064	1.49828585484613
did:plc:ftkv7aruprie55y3y2omifqk	2.79489530754229	1.50982296613327
did:plc:ftmxilsxslj4cgeisnlchfgq	5.98979018159511	1.54331780955521
did:plc:ftndwwiajleoo23wqklg5xj3	4.78848984240398	1.21241276117012
did:plc:ftnvfkz2ms63suutoer5bx4l	4.90162765281784	0.888224430726676
did:plc:ftqufbt6mihvqpdbymme4zaa	4.92381053663857	1.20763296111504
did:plc:ftsqztehfmsqduzv2w36huzg	5.39783718894209	1.50038029016257
did:plc:ftvvhk4crdgbs2z7uau6hdcf	4.49511428820775	1.50253394401181
did:plc:ftxcomyruvfy7syi4z5bhkzk	4.07448073038651	1.77059724172569
did:plc:fty72s3ektpu5iwkxbj5y4f6	4.66526255186064	1.47828459401508
did:plc:ftzeyd52ud44i4yyiirrekl2	3.2133707742003	1.44472314884051
did:plc:fu46lt6ctk5eq6tmj56s5oti	3.92884368074116	1.85190163897741
did:plc:fu4ijet4rafdll4xdtxliqou	4.20123462700972	1.48799168631408
did:plc:fu6knmmesp73sepswgkcuue7	3.39996627753775	1.38711630309672
did:plc:fu7latx3c3v2jvmycsyfwmyb	3.23939462744709	2.08040368173093
did:plc:fu7tbem5z6ryx53pi4vk65s5	3.05660850071632	1.86478115651596
did:plc:fu7xybzj23fg72hfbrgrfyvg	3.81811059208807	1.51000776762805
did:plc:fuavg2fs74llldxhybcv62cw	5.08926361491564	1.34083920790294
did:plc:fuix22pahhzmcgrljvv6734o	3.78068801307162	1.50261915908219
did:plc:fuj5rheptz57puevrpqlykgy	2.85835055101321	1.36588928939765
did:plc:fun2qu2q2afltsoqp5ninwvj	5.36850059806223	1.50351360817292
did:plc:fupu7cucoqahfkhj3nv7tfxp	5.3382873953944	0.569586819948264
did:plc:fur2htryowmnob5wi6nldwh7	3.22574628210151	1.33675705109868
did:plc:fuu55cb2tpeath3yzpfshbag	4.10602377564076	1.39609255130119
did:plc:fuu6bocgrf4aonbnu7wkdsy7	5.99741910485967	1.28743912769495
did:plc:fuuedcnmtky7qte6473rgzf2	3.02239110993923	1.47882329559067
did:plc:fuv4smxjuse2pzk3cieye6ev	3.68353483532348	1.82249080768062
did:plc:fuxwlqagigt54fouuxhqzzer	5.03319955018905	0.88994953176578
did:plc:fuz4wh5efhpttuu7kt3wddos	4.76663760113654	1.42450450625911
did:plc:fv277vnk34adtap4k72ztb5q	3.92786776162054	1.36511717227592
did:plc:fv2mdik2kkcnxrcatjchyjdg	3.58411377838336	1.42737007821775
did:plc:fv7ctw7j5l2353cfztpckgdn	3.22034561656595	1.55075966607059
did:plc:fvigotzhnneaqzlqz4iv4wes	5.15246291858018	1.29484501451648
did:plc:fvksxxed4y76iq4tyeme6tah	3.83385638563534	1.71502983103083
did:plc:fvnn6sd2wrui6d3pt6xe57jt	3.43987036653187	1.52584165803525
did:plc:fvsbt2hopgqrxvf4tnnfkpwe	4.2357038353965	1.50101642820328
did:plc:fvwtrivseb7rayed3ruk3uwf	5.63355310281657	1.36332205526811
did:plc:fvzijl4ydycodqpin6wyfhks	4.76629248792951	1.06165955753079
did:plc:fvzt6skpclhlwscpr3vgtei4	3.45332236662598	1.47853192303461
did:plc:fwciqvgwa5oapcmki4vehsni	3.01216374497973	1.54221105387003
did:plc:fwewsko3oltbowaqiwzhd75w	2.83323369398478	1.38688865265434
did:plc:fwfcqvyejjqh6zsxitrbiv3o	3.9967640706034	2.05212913696722
did:plc:fwgi5qji6fzmyf47zwdqahxo	3.81821781764419	1.72045878702812
did:plc:fwjdxz4skwcknqrj2dakxwmq	2.85661849901558	1.73451311282946
did:plc:fwufeyngctd4fi7zllmabje2	3.22326521252711	1.77867521753165
did:plc:fwxl62zdzwloyoq6iuceswjc	3.56547951332245	2.09123921997061
did:plc:fwzgvta7liuvmcctcgx7di5e	4.26482076724357	1.2594407813837
did:plc:fx2wtqjhec66jg67rjbrfoxm	3.79582569667669	1.60522331023677
did:plc:fxabddww7gt2ma6x535renbg	5.26522386999443	1.3021652017753
did:plc:fxcobe2k3lq24lgyggrosmpq	4.86241659353617	1.42390046041386
did:plc:fxequfvt2yfuzlj4glshi4xi	4.38821886757479	1.63988942646118
did:plc:fxhaftfbh7ota3owgjrirvwh	3.88263259683498	1.41310520933528
did:plc:fxhmrq5vdria2u2lhxgv3hnl	4.91718065267314	1.09390276587885
did:plc:fxiplay62br5n6njvju2sk4w	3.35280325322606	1.74192027652098
did:plc:fxk6uunpgtziw4bhocdvgroj	5.18582015200618	1.3041283271349
did:plc:fxkicofdny7jx67qahz2dunw	3.66210499907511	1.58202278924249
did:plc:fxl27llozeryg5tevagbsal2	4.13948526649326	1.26690677182287
did:plc:fxnlmlc4yzo2nuup65x6hznf	3.87892023414039	1.30214793837697
did:plc:fxtgx2p5veurn7e74ckd4zeo	5.31869933354712	1.56459776936746
did:plc:fybepv5xnnzvbpdri3uv6tll	4.08549823202304	1.96602670880518
did:plc:fykcukdtmcx64mvnoztqnudb	4.02704969995766	1.63378447234531
did:plc:fyrwduyif3hy733yxenncul4	3.63949459473729	1.18599930982667
did:plc:fyskl3qwqu54eey2ztxt6sms	4.35191255629257	1.10749117606069
did:plc:fyxcoh34rb5urboii74e2ugn	5.16880453862186	1.71353517519427
did:plc:fyyt6mvihcmm75bt6q5dbpeq	5.00057865304949	1.22810169144981
did:plc:fyzd2ko4hbbxcbq2j5smru4t	4.44310222118863	1.19002790904107
did:plc:fyzikk3mzgunuflgno7lbxq5	4.45548702727913	1.35472054696895
did:plc:fyzrxfu2iuvjrokkg2qnwj2x	5.35779806272373	1.01579268006482
did:plc:fz23ojhdzmxs7prs66bltxey	3.99556195647626	1.35368628649618
did:plc:fz65qxrb6jj4rjinnwanu3lp	5.29375657626025	1.08500600366318
did:plc:fz6fqshpmijc5fwmpdbn7sgx	3.32411059378777	1.68987579489804
did:plc:fz7pjix7wcix3qjajezsjtlw	4.27095545079421	1.50605849985375
did:plc:fzc66mfgdlhvciks5gib7owv	3.20936128926943	1.95713045322654
did:plc:fzrdi3zqbd5p6b5mnxrdre5y	4.12780768918996	1.58846051826808
did:plc:fzrswga6nhyol3hzziubzfy3	3.16446554399192	2.04988767203284
did:plc:fzsw63cxmtu7wubxysete2nj	4.38509328034678	1.20893280567042
did:plc:fzvlnxg2l6jspt3xlyet3aut	4.2479002828531	1.27281288915022
did:plc:fzwa26c3bm4yqaqr7gezyexr	3.71925440706738	1.63290552871066
did:plc:fzy5cao35yz5b5oskz24ofdf	3.49045245286485	1.67964242239213
did:plc:fzyyl23546qaidwwc5zcjxyk	4.10640168646496	1.4889476384325
did:plc:g27rurmv6lghnef6anajjonc	5.12138491600832	1.0025137464693
did:plc:g2b6hu4fbuvamswse7jllq4e	5.80663787099647	1.1708539921172
did:plc:g2byo3rdeeuvvwl2uay23lk4	4.59074948475388	1.42692949922209
did:plc:g2eig6fgo6x6kmnieocnhnv5	4.31065089320217	1.26768511937656
did:plc:g2jcp5f53peqx5tpr7yf73zq	4.28039881948052	1.45693013032956
did:plc:g2koj4i5poqjyqfiwjzjq6sw	2.96969964705711	1.64627233821911
did:plc:g2m2v3icbjdhszvtqvubk3mg	3.16421662595445	1.67160105226727
did:plc:g2nbroytfao3ver6qabmwmrz	5.56645519715951	1.3663779455717
did:plc:g2nzc3i7eqxicibzgibngbqq	4.8179613652337	1.35441942196721
did:plc:g2ppd7bxz5kzflrgrhnysq7b	3.83177276457903	1.33450251231167
did:plc:g2pppyi6g2vq3xwr3sbofpxj	3.92634961681086	1.94683232156514
did:plc:g2rajzmqkwjwg4wxv3xanqmi	3.72348462512491	1.53178394545194
did:plc:g2vt7qxp5m7uufysafifprp2	4.82167547161122	1.32400230942872
did:plc:g2wj3chg3qp7oi3pxz6y3zu6	6.10015885929201	1.22117165366421
did:plc:g2xnc7dmhwbccbdb2g6wzco5	3.288794004143	1.43055158130065
did:plc:g32fdmf5xvl6vn5xgvmckkcv	3.95804811720724	1.62935577391741
did:plc:g35evyrr47agu5ojxyccq5wh	3.51605983832782	1.86132998150655
did:plc:g3e65jnig32gbos3lbyzs2m5	2.87198349004648	1.65554121750273
did:plc:g3gbdz55e7spe2ivuqbbkttg	4.4770853789155	1.34096269188918
did:plc:g3hyfwc5sodhhjtixdaatabe	3.16963100490557	2.03141435193994
did:plc:g3mcevdhzr44w7zt5yv44r2t	2.90920665606546	1.17011753873801
did:plc:g3t2p4fer4kat3c6li3gzm2i	3.34678560456926	1.88759339385731
did:plc:g3tiff5iox4o6r3amdjksgva	4.17520094305246	1.12052222206266
did:plc:g3xiftgazigptwzzio22z4lb	3.56983169169223	1.48700452858235
did:plc:g45xpswfrqqpzff5qz4aazbu	4.56492368796776	1.29520638251331
did:plc:g47eeik3fhjm4iqnmr4sxaew	4.14838278531537	1.59373541936261
did:plc:g4ac4hjn52drurothjrik5ac	2.74923435113039	1.52058553873478
did:plc:g4bgasovyyvazrykrmb4v4vc	3.55631318961568	1.69843858309839
did:plc:g4d7u66soh4vhgsxacqpgl6e	4.3715624529809	1.64667861545321
did:plc:g4efnr3fvvuz62sgapqooele	5.61258195775539	1.23751305297612
did:plc:g4eye3re67qlud6xkgif36li	4.64169345338896	1.27489756007546
did:plc:g4lhqkgf3anvbg2payccmycb	4.11865185133911	1.72034984522382
did:plc:g4lkeamezwuft7drhyr7stlz	4.48730000044135	1.26583398097691
did:plc:g4lqdlbjgc5addxpl73p37f3	4.11053045398825	1.76143708698082
did:plc:g4r3q4mcywbuc3rweglfs5v2	4.09144910938274	1.23643165908593
did:plc:g4rv5szfe6wls7lggfweorqe	2.68375866443007	1.53076956462445
did:plc:g4siscxbnjmt3hrbfhkgqxx6	4.68234586517572	1.25678804730617
did:plc:g4vfu2jqg2zafqngj62ubxc3	3.42007151034763	1.70091900692232
did:plc:g4wn3bsk5gsokkru6nelb3vq	3.26492897034511	1.46280355371033
did:plc:g4xpfz6ufqr3xc6blrstdzys	5.0438413802549	1.29391756912043
did:plc:g4zymudbdfuzjpn4cfn7me3c	3.16042232763961	1.60812241158517
did:plc:g57kvzt4wivznouzdfqimfyf	6.21237496232278	1.71109590530326
did:plc:g5fjdf4qj6twlckhfz26zjqs	3.08294598846543	1.51514631807987
did:plc:g5mb3ytr6cekyelcejid7z65	2.98517729044183	1.80439964749524
did:plc:g5tevchkggfq6bpb5b2vxicm	6.09186711483385	0.930491667350318
did:plc:g63b73wihreqeq7h32bg6bar	3.63762228965014	1.75336226271126
did:plc:g63re74gfhm2wzoqgeerpfwy	3.38658431871069	1.49450638155238
did:plc:g64m2g7757db5437luidygb2	4.13320481848376	1.02098521029305
did:plc:g66b5sz5fum6yqm4qzqjgvwg	5.200117097036	1.20622979770399
did:plc:g6exlnhxv2p776q35m3eeu6i	3.14445045096567	1.48864697689149
did:plc:g6fkxllzb226k2xtjou3swip	5.24552489902472	0.848154409340957
did:plc:g6kczlhigw34yb5cprpnmg3v	3.28604665764111	1.50026336749819
did:plc:g6nmb3zkawfslavgop4e7ebk	4.44097905757774	1.35510047193312
did:plc:g6sogov63mglp2ugtdvrscfv	3.48502381906899	1.61384150163215
did:plc:g6y5ju4letwldxkl7vro327c	5.54671764644232	1.16600029404812
did:plc:g6yigbddqq7diwleqrsqztec	3.84990452325175	1.37000920031879
did:plc:g6ysgraywcrrmipsvdn5uh6s	2.82134402229975	1.11813893617181
did:plc:g72nceqnrqbpt4cjoztxukbq	5.72799599787908	1.16763030552788
did:plc:g733xrurhjdo3ckxo3ggikdc	3.87820367575389	1.31855632887883
did:plc:g73xxgwupw2f6z4g335f4a7h	5.52769661123121	0.724546959337838
did:plc:g77csuhqridsslwejnjr3xbs	2.8177346756918	1.69842819735856
did:plc:g7aje5ck4xvktpsfdfovfoiz	3.52503977772076	1.24312436743876
did:plc:g7fh2dqqia6gqjzbywpje5sv	4.7613061249752	1.34746465798489
did:plc:g7ghglyfertxssm47lsabvvl	5.03045010255351	1.29495173579714
did:plc:g7hsgv4svnfjmz64byqc6j2y	5.09244558161817	1.2625503644376
did:plc:g7pbi4ccad6fx5hbwyp2a3a3	3.81571295048207	1.32306923940024
did:plc:ga2gx6wakavk5abrjaizjegz	3.40875925419894	1.70605554619017
did:plc:ga42trnhs5o5hyyp5g7g2yyl	5.25726335647438	0.967467800753851
did:plc:ga4smtoccj6qf3z4mxswt7xf	3.87740339937869	1.4844409721334
did:plc:ga75sufyy74k7jfs2ag2qvef	3.98731076739232	1.69436646534518
did:plc:gah3nxzjssivsah4p57ik6lz	4.37609006292992	1.65663510084334
did:plc:gajl56wzwwfa667uqxzt7dje	3.78082476371093	1.24663771716871
did:plc:gap45r33al23g6y77em6f4k5	4.01583762044685	1.40010542765613
did:plc:gapuloqjypnpyfhr7uorfeac	5.37636738401264	0.953620138316684
did:plc:gaq463nldalouxrhjimwfpbo	4.16696063481257	1.65415626418254
did:plc:gauqc443huiynvc2efbmpuho	3.6808573623563	1.36979111105421
did:plc:gazqm65dpseph77lntxlltkp	5.23204131629588	1.08252033213702
did:plc:gb2f3ebicuh2s3lmzhcbeiid	3.71703436499188	1.47138042945538
did:plc:gb37mm6wzx3ybrhnhbubcqe2	4.21796514867367	1.38527558005862
did:plc:gb7o3hl2cbuqqxylrlldcqu2	4.72513743552562	1.09758930849147
did:plc:gbatihknh5gqwhzr7erawxsg	5.2400193369184	1.23943779149322
did:plc:gbr55hpt2veay3aghvc2ob5a	4.4604939000508	1.25698590774776
did:plc:gbsrdi5ut4jfji6ay7jwzv3x	3.88797137446864	1.48285508959766
did:plc:gbvdwn4juwv36xcectobaqn3	4.22674291664342	1.73255070959974
did:plc:gc2ell5ue72j75ymd4gqnohg	5.12868225513867	0.999363645235224
did:plc:gc2yszksqlozz5odff7icxv3	4.2528338252022	1.44340891027372
did:plc:gc5tafn3adhnggynjyvouxt3	3.37598232165933	1.79809515546128
did:plc:gc5ygrnuyflx2f4pnntylm4f	5.63686484253424	1.07933095156636
did:plc:gc62hz5vfwe2btm5qn6i7v66	4.80933403113382	1.3965276590226
did:plc:gc6ox42ioc474clmmp5adhiq	3.74295918227369	1.82724415924102
did:plc:gcfiaphvxhlby6b42hzuuu6r	4.58860556538595	1.35220607739329
did:plc:gcixzdr5b7al54vdn3xlhvfv	4.2038142470865	1.31710720239012
did:plc:gckkuuvbvtp7qxzvzyz4sjku	3.18557097316909	1.17967357184001
did:plc:gcqgr2trbhez5lua6zfzci5a	4.16736022973861	1.37375317008875
did:plc:gctxzycin5ibogradwmqsrwg	3.15886701181702	2.0042159864053
did:plc:gcxeaixtnmillnoafwrqojai	3.78739587939026	1.33936769321529
did:plc:gcxtfs7zsaq35japjmmzqufu	4.38644191822426	1.5064573892427
did:plc:gdauznsdakn4dunpriurchgy	4.83791139379567	0.297251433530292
did:plc:gdesn7c4b6im6f5ynqspfisf	2.90828085317496	1.86912284436756
did:plc:gdga2jl6onlslwggodu3nge6	4.96022528376028	1.38865069333579
did:plc:gdiain7ggl5746fzsaoxkqi7	4.29316768472417	1.45044606630282
did:plc:gdiolz7ubvlfouxipvpjiuhd	3.68602423682868	1.76334029652368
did:plc:gdmvbbvzz6w4wjvao3kohoh7	4.50014768368931	1.35576997393659
did:plc:gdonz7o3u63qpptrcnjk5kto	3.346385105564	2.16171027668833
did:plc:gdu3wbp57pmonogwq6ye4vtz	3.33289120351426	1.39716243853156
did:plc:geah7kivyzkwaofv6bwkxdfz	3.74957977741753	1.29209448863957
did:plc:gedqtqijxea3js4lelh4zhdc	5.3487584602985	1.11580655869269
did:plc:gefvwqs5vid3jv2ru73i3gb4	5.332865927307	1.01226122263772
did:plc:geg2yuxev27l55qpejh53hd2	4.52552782686775	1.25784619955554
did:plc:gegj5jsqpi5oitwzcbfd3mpw	4.03287623486982	1.32706982160184
did:plc:gejupn6pj4efuq4ufqmddy6p	3.79640263100899	1.5587105631284
did:plc:geod2looqraajj7rejvrtpg4	4.77187881822135	0.938767976603661
did:plc:geolf76ha7jllwedpecu4i73	3.67356772623883	1.69435698707734
did:plc:geqktjpbfjzgvmddh22cmzxs	3.63931820585371	1.24936144001099
did:plc:ges5ewp7iftvcuump6rrwdf2	3.17820654791645	1.34351468836453
did:plc:gf66zbj3zgsslnj7mavemk55	4.64394470718286	1.52944104394463
did:plc:gf6a2nh7gzyvcp2mko4jxex5	4.85908939692479	1.3113712694841
did:plc:gfarvbxlnt475m5oz275rq5w	4.88271922266544	1.15869752917933
did:plc:gfcxywvvavzxwjjw7k7xbayt	3.42348461147562	1.27251905336619
did:plc:gfe47utidpfu6w4in7dovdz7	4.75629615546168	1.39934222154504
did:plc:gfgh2svjmhflzk67zfmxlnne	3.21571798481831	1.93190663804493
did:plc:gfgqykgijgdqjxrdoeryx7ng	2.72195504202821	1.72926113246881
did:plc:gfhjvn3es54kb24jzpkwfflq	3.25753419765915	1.40139209192472
did:plc:gfimx2vv7xw5bfutkuwonvhq	5.74536182012873	1.05580567767958
did:plc:gfkevwh65w23dylkjiq7lsse	3.83253549903901	1.56356147298349
did:plc:gfkrcsr2y76ev3sjcvyqgh47	5.38244269477402	0.758208402370314
did:plc:gfx7yf7zhyh3lhpxovbuiv6d	4.0461649239188	1.45059938986782
did:plc:gfymvuzlfge3rjezvi55imui	5.97193072283794	1.06720673546165
did:plc:gg2f3jb3wkdcjyxgcapqax6m	4.0760237159585	1.50387498638186
did:plc:gg376oihtk7yuhlbnomtn62l	5.29297353313202	1.08544429054977
did:plc:ggc7yba5a7kat7sgejv3ggy3	3.69465637989446	1.93830485700321
did:plc:gggq4y4s7orqjmwicdqq4dzk	4.07322617885988	1.68950200462816
did:plc:ggmm2k6iirbx5a4wp4rvom2p	2.56794421859233	1.23063884744137
did:plc:ggvxhgg7gi3k46cisl4kj6ho	3.24174852279949	1.46629773829984
did:plc:gh4bzg5yfpogyihk454ervdp	4.28565201486843	1.77242833690814
did:plc:gh74scc7efsmdhf2tihjp5wu	4.33806391116481	1.18320216856457
did:plc:ghanf34op55r5rmslegjrm4u	3.57611373439207	1.87297233158445
did:plc:ghkyd66ivbgcfwq67rpsoelv	3.92418847427326	1.45557168172022
did:plc:ghmkmfiuochfdn3g2bjnywkg	4.81554288442769	1.30982209607459
did:plc:ghqqnorw6sdh27o775h3oyad	5.82852661772259	1.06535795335664
did:plc:ghybdcaxx7erekjq7gvmx623	3.53521514425176	1.77426145945629
did:plc:ghyig6ahmqk3sugb43duz3qc	3.70212911899446	1.16581820343368
did:plc:gi6gydeibb64wvhwm6tehjht	4.21408720537989	1.30799069674602
did:plc:gibcvh672qip7dmfuyuxltt6	3.99045351744801	1.68391062203447
did:plc:gig6sg4ckrt6bgf34nurjl64	3.11052502295909	1.78696257928827
did:plc:gihdkrn2najrg5hidapjivyo	6.03305969239626	2.13353526446794
did:plc:gihsabml5zdk5v4y5q5ciuop	3.47928403937767	1.61888433948167
did:plc:gilon2gaqpof574j7oyonfyb	3.21128546758156	1.43492856668743
did:plc:giqwkrha2j5v4fwuceivzvca	3.61017063928644	2.08121771077757
did:plc:givhgns7zoa6ilqphjszjr2t	4.82079071045275	1.37380432502952
did:plc:giy4ffajftizbvot2uxzf6lm	4.29495495135634	1.24706944464545
did:plc:giyy7hvg6doxnk7nuuv6vucf	3.79570052447059	1.44487987584483
did:plc:gizpq65h3ajoku7htyeq462o	3.66664298949713	1.13864207710044
did:plc:gjep2ctuolu2wi3la2xcugw6	3.74421833357542	1.48516145478797
did:plc:gjganoguie6r3q7mfs36f3dy	3.60161249732214	1.68798239662695
did:plc:gjj3f5ngexkxrt2ur6ykj2le	4.77044456983179	1.11954468202098
did:plc:gjrp2wr4yreqxb6ciimwxnid	4.23518446775212	1.20117329761675
did:plc:gjvphdc3yize56t6vuz2722z	5.30782845572442	1.15754321445641
did:plc:gjwjmzvkhmql4y7disbzfbr3	3.46348416336389	1.56317435082552
did:plc:gjx26natnzqy7j6gcafh26vf	2.76039986577361	1.80470159773386
did:plc:gjyddcupzsb4du7qkyr4uahm	2.56101430761242	1.35664584071344
did:plc:gjykoca3yryfkanoucku4ccj	4.13132532109715	1.63072116291606
did:plc:gjz6zltq4j2wl7wr5nevrktp	4.8341152006396	1.12905627315207
did:plc:gk4acfl2cwvtztn5u2yj5q5s	3.75193136008314	2.17246189408731
did:plc:gk6x4v2zebuildt7x77hnhp2	4.10047101043043	1.11807892935708
did:plc:gkaabrwpckp25gh7jisedp6n	4.33837043296977	1.26222998876927
did:plc:gkae64js4yhllm4i4w5golgc	4.07206946133097	1.62484376785106
did:plc:gkc6rz2iv7lfje4vz5wysa2v	4.51002950426596	1.69156758898437
did:plc:gkfcmw3k5ctgtp6nv36e75j3	4.68417562664952	1.29118440493521
did:plc:gkj4gb434ui3ywivfxd3utwv	2.77513490286886	1.7557554303651
did:plc:gkmyaujvjpvowpumofx4aukj	4.93732391020684	1.40726310062501
did:plc:gkozva3w2in7us3tocf7r2pk	3.91338983827003	1.33315179843359
did:plc:gkww4tzpk7ymwmlc6gw6bqhg	4.21928047839586	1.49953778542098
did:plc:gl5kcj5nuukalz2ulnhdco6y	3.67471011294479	1.55985092912547
did:plc:glmxe4fbzv5zu4vblv7hnh4b	4.27709279977802	1.58183532706075
did:plc:gltqibcjhv6ezomih2x725zq	3.40788535541639	1.55689394439909
did:plc:glz72z3eeibvbfk7bplkncvo	3.96767787222731	1.08560423092902
did:plc:gmadlo75j4imqwzn2amaoqb2	4.171186974875	1.50164963968156
did:plc:gmam5ur3v3kcliqgcskgwrnj	3.81445224834808	1.47975020587416
did:plc:gmbex5m2bfiflfllbngsz27k	6.15998897311085	1.43631852706017
did:plc:gmclm4bnd5v4a35npar2eb6m	4.80577481223892	1.1774080925223
did:plc:gmem6hkw7nynslvktfkbhfr2	4.01842131851955	1.28354863608307
did:plc:gmfhxjlok4usycymqaytbccx	4.86680500984077	1.01551944036111
did:plc:gmtq43enz2mob4eec7helv2t	4.2458625771096	1.35349608899366
did:plc:gmw2x5cey6we3hb5mak4uftm	5.06826304311265	1.22580966983871
did:plc:gmxuipcufu6vy2rqi4vdyasw	3.55290787465213	1.4519321737999
did:plc:gmytkzmj4c4inyevr2cb7cg2	4.05601467861631	1.59223334654981
did:plc:gn3zz2ng3cgl364r7z7be76v	2.94824167540864	1.44940338212829
did:plc:gn6gobiaj7fdiwz5egept34i	4.77372549550974	1.14530339205605
did:plc:gn6wx2aewyqojlldbkjmuia5	4.82042693013766	1.16535715398444
did:plc:gn7m3jfhgjert75c72klhcc7	3.81977509125001	1.4416404617759
did:plc:gnbjqh2fxwkddtjuxwt2wp2c	4.78823820110028	1.31600099650317
did:plc:gnhrmjxu3xihoz3yyrh2cnh5	4.28384849371617	0.987346633687348
did:plc:gnhs5galp3oj7dwr76oyakqn	5.08381991028067	0.976313467932475
did:plc:gnjwbu4tplur233jout6xdhq	4.41517835829714	1.22949070972858
did:plc:gnmvwraq2ktahom4kyqmzhcw	5.92383408265715	1.10528740995557
did:plc:gnr56w5cyzwfc4r56w6yqm35	3.41744288926952	1.48557585633654
did:plc:gnscwvz2i4ackl7eszdfcve7	2.90178887009291	1.79078543644114
did:plc:gnzbpzxvh3g2infwxtijkx7l	3.02235304429	1.69396776390793
did:plc:go3tjp2vnozypxgzx34xnvnx	3.96551956206596	1.4600277399183
did:plc:go4o63jmdptdvpl7a756i6at	4.42164368902674	1.45463424778666
did:plc:go5lxieon7jhbyrlmuamyxc2	3.96873474976993	1.26253483664749
did:plc:go5x42ygtsll3xwnac6bmerx	3.1459175252072	1.64725538666765
did:plc:go6o56easxjomgpp2xykzig5	4.29084990943815	1.46726671420196
did:plc:gofxzgcvbskace3jzjgk5uzk	2.97571378882524	1.51887560857694
did:plc:gogsdpcbm2wuxppyjanhy63l	3.41731437599857	1.58855091970299
did:plc:goi7tb2ptj7rm6xlkozlz4qo	4.50459392520131	1.16814157897734
did:plc:goj5ptuhr3efpwbr37wzjn3a	4.77208281588266	1.50899983601229
did:plc:gomtjtmyjbu5wsd6oriehktd	3.53571875474409	1.31296821313803
did:plc:gotweebzdmyvkv7vtfpqpftu	4.64562772192299	1.28787776948868
did:plc:govia2rhrb74i4lbxnxlcezx	5.47933764817428	1.38673723260607
did:plc:goxkioznugz6xikwp4kamdj6	2.29631508514251	0.831688560320937
did:plc:goxnblcu5gxlxfkmbv5vthif	3.8265488304011	1.58892318726999
did:plc:gpeovou5zrvrkl33qu4dzup2	3.31138739175764	1.7071431726632
did:plc:gpg4cmjwiuwwxtrfgbcrrobp	3.73342267096239	1.81530392757457
did:plc:gpgg4spffnsyhe5qxx7wccxz	3.78779094728968	1.47103046253437
did:plc:gppz77riaf5tdaashektkdex	2.74472490553631	1.17371822654807
did:plc:gq2p25bk3ye7qiyne6whnii2	3.40562673218866	2.16664851378719
did:plc:gq3ou4hfqj6f5aqzlgovbmcg	3.86644537419744	1.58418876957538
did:plc:gq3wcjhcyomb4nt2e3hoptex	4.34107013234217	1.80128380810824
did:plc:gqci2kowewtjmhvzqvdlcdq3	3.03384557816337	1.98786398474424
did:plc:gqhhxfzzmk7iyr2df4jvcnsu	4.74829847127168	1.05604253709534
did:plc:gqi2jmne7fkbigz7uaopri6k	2.95380160927748	1.36112553841485
did:plc:gqiwmqpny733loul7qp4bxim	5.56202490576534	0.626194224079036
did:plc:gqkmxpfcewm3lwebmu6xxgui	4.24638339738504	1.79907046433444
did:plc:gqlc3inxn7s2lrhqfxk6zbtu	2.92895473181883	1.79615987792783
did:plc:gqmrp2rnynkumg7n6lgrn4fk	3.4244975730046	1.51444926746932
did:plc:gqppdxlfv4owe7kftvairlvl	3.7427190971817	1.56190816799271
did:plc:gqztvxbk72thsfswarkf7wjx	5.61885433669751	0.934284896466882
did:plc:gr2hfeg7ghzjplhxs3lxhdas	5.02862041627179	1.36739122053512
did:plc:gr4mcf2ccrurha5nf5wukcr2	3.87582517112972	1.89649257073573
did:plc:grbxoakvdmph7yhsrg4kxthu	4.53568089983334	1.28300254721379
did:plc:grekgv6h3c7lsjpc5wgl2ui5	4.06991535568575	1.38092620353009
did:plc:grfpb4tlwdca4kkl2ffvpjy3	5.93920906195881	1.13003365609931
did:plc:gri3g6qstvtocs3przjyq2er	4.36564242382075	1.63526101795687
did:plc:grilnsze5jssmgjxvlcx6nwl	4.57261169144982	1.48044834796791
did:plc:grimhyjr6lr2zoeuwx3qnhcp	3.08239073121584	1.70200381289727
did:plc:grtgvitr7igsva6aqyk2ooym	3.99457790123518	1.81391644184425
did:plc:grtwmkxruoltw2dgce2n6ocy	3.54086346071507	1.58703360048537
did:plc:grv7jfmszft2sujc2luif53t	3.17863230327931	1.5190135526282
did:plc:gs2ym33xfn6guwkcdcfb5imh	4.11791658901128	1.45359706171979
did:plc:gsae73goau2w2licesuqloqr	3.79678366783369	1.71887890058066
did:plc:gscd4jphv4oww3yxyqdokus6	3.12624823477486	2.03835357218545
did:plc:gsg4der2oghdj2jgdzttf5h7	2.81023680323738	1.7369840941963
did:plc:gskjbv6ljujvkj3sezdwdnwb	4.0474658983222	1.18117967530773
did:plc:gsmjamkdgyvp33kfzfp3ihsi	4.52799284850219	2.02801008858321
did:plc:gsmurwnllrx2fth34uewwdbe	4.20803307976134	1.4413567791754
did:plc:gsn7j2wd3ze2mryzivhfxrwc	4.18621047016489	1.24255632682969
did:plc:gsp3slig2pts3xwfopkqhjgs	3.29775175477338	1.45167521340702
did:plc:gswbxc2k6wnhpxokusushqwh	4.41020506428796	1.54909787714415
did:plc:gsxnasbx2hjfch7os3cyykvw	4.6423582720311	1.46081618148953
did:plc:gt34ejj3dehqvxnmeslgxhwg	4.75829011023735	1.3189899985296
did:plc:gt446iisbjqvjsx7cwdzf6e7	4.12459543844377	1.61116767933543
did:plc:gtfoz7zxsnb7z4issysvyfoy	4.12537466218231	1.3631630322416
did:plc:gtnfvddcqm3dbss6ieqij2b7	3.98211164408817	1.42948665353651
did:plc:gtqxbnifjvtpbwkvctna25dv	3.79865182437508	1.67786491476896
did:plc:gtt3x2ghymgqftsdekxvuppc	2.47399296587762	1.49130875265523
did:plc:gu34oamggkslnn65y7oidggy	2.51894764481295	1.60683911501201
did:plc:guayspsniohbirrlhpswt2xm	5.48604270599216	1.26598525280467
did:plc:gumhyukzc5tz7od3w7kxzx64	2.98602810979584	1.37261694985426
did:plc:gupnsablxpkuj772m2fs4vci	5.99866636301449	1.3172792960738
did:plc:gurq3gs373hcgah4qitusent	3.97011899688821	1.41520749692804
did:plc:guwx3tm6flbstoy5af4wkfwu	4.44622304703622	1.22669007291953
did:plc:guxvyr3go2u3m36ncqjx6f2y	4.91688264435831	1.09709936055528
did:plc:guxwlftw5fs4ocl4iyytpca5	3.65200493261435	1.49567651646868
did:plc:gv3g54dk6i26l5n2bltzmsse	5.22204851227448	1.29942320486589
did:plc:gv7cj7dtb7q6qbg5arsgzzob	3.15483110540555	1.49776800876952
did:plc:gvcdrhpotsjn2q6af6ibuy2j	3.1406028318796	1.94589478127243
did:plc:gvjuomng26ydk3tttinbuf5r	3.20287121403991	1.95549876619636
did:plc:gvmkfsytlgvgcwljh4dahfws	3.11897061098435	1.87153970351168
did:plc:gvothjjn3lsc6ydbx5ju2mcr	5.68272417708384	1.23859726712547
did:plc:gvpfwhg3o7gl2pkxkom5gsns	3.61898974632657	1.52052482237347
did:plc:gvpmyxlcqf6p53454xt22un6	3.1748925537919	2.00270909948399
did:plc:gvuqjldpp6h6zqw25uwmfj56	3.61420626013908	1.44648082380453
did:plc:gvz5sksv3sppah6dakbyqbw5	3.10839580079769	1.53126186880016
did:plc:gvzbjmglkfjmkxe3nvbthrpz	4.75483460588255	1.02167189753317
did:plc:gw4febwgg6zrz2t3llkv3of3	4.39932431339618	1.08021541048883
did:plc:gw5r63ajvkpsykplq6q7rtf7	3.30390907059682	1.3143648876121
did:plc:gwb5kzilmjx6iq6cbqe74psj	3.60736424201403	1.56686959834081
did:plc:gwbhfe3gkufxe3xxnmldftyy	4.33092755213181	1.53401696482056
did:plc:gwe2ezhjxfve7mg3zlf7f6ap	6.52657912039825	1.19488621947767
did:plc:gwe4xqtgfxbfupdzi4zzznu6	4.45495769164653	1.06465918890098
did:plc:gweyrbvay2ipj6corozyb7ya	3.49394656143254	1.49961553680081
did:plc:gwgnjmxcbg3wwdxfdwo6zo52	3.64433178930546	1.70872053361211
did:plc:gwh3ogtx2auuhzwd637xsvuf	3.71899798730399	1.64821489868158
did:plc:gwhpcfrnc2anghqgwgq3esfi	4.28826469850828	1.17676675648331
did:plc:gwtj35gkf56ustxptq2fk3bm	4.34674159460746	1.48458375245378
did:plc:gwwbnyjhi4boebe7hqwgojtb	4.88355178986292	0.887131022321334
did:plc:gwwxkssw53avo23ltb3aokz7	3.21343139151404	1.94274645275946
did:plc:gx2hgmiykqdbji7nbmvrcsga	3.27052460187089	2.05903171430416
did:plc:gx3naym43fomswj3qydb2wze	5.3542173720034	1.14466603124939
did:plc:gxdius2iceuokso4b6vitig6	2.79963633606323	1.44065634492921
did:plc:gxfb472ezdk3zzpzzwzh3cf6	3.34933055772894	1.48554687026233
did:plc:gxjko4sixx2wjwyfwa2i7x2d	3.19868469281497	2.0408097721571
did:plc:gxlo5ujkeeg7grqv7mmubfya	5.50230933535062	0.642168329382384
did:plc:gxoucmstc4loxpbxb467jo2m	4.10290143265188	1.54945145362388
did:plc:gxs4nhepiqs3txjoskskyxq3	4.66365525060258	1.4882727312301
did:plc:gxwvx3qpzmcz3u7fhzamdwgy	5.06369923050883	0.638612640042544
did:plc:gxyiup5rh5ecsj4yrnv5hlg5	5.39025438851823	1.01514123157027
did:plc:gxzfpc7sx32tmexzwncnrtyu	3.69772901630888	1.62149540740618
did:plc:gy46evvenrho2wakh26ekotc	3.15884476519753	1.7768922362115
did:plc:gy5ykluoiyc6smbv33kdtmen	3.71261468501067	1.23182212859981
did:plc:gyc5jkm6etb2iz77hxce2mta	3.90954250543495	1.37903804453496
did:plc:gyecrku6sjy5bt6cqpigk5k6	5.36769621608188	1.54412452147904
did:plc:gyi46h7mc7m6f4fdlzeke6ld	3.60861366033274	1.59915669869883
did:plc:gyj5vcy64o5fsfsqz7i7j3ga	4.01910223967479	1.47735065735352
did:plc:gylplyocpiobpd3fqhi65owb	3.96919028697975	1.17747831446756
did:plc:gyma5xavcp3hfjpefowcvkrw	3.93877620189735	1.4890404699316
did:plc:gyn3dddwxjo2kr4fb5ddk4xh	3.01779845837396	1.83794945205364
did:plc:gyon34nzg2mivmui2kyb65ua	4.67304827564759	0.837382779589645
did:plc:gz2dgeq575u33yv6jserhu4u	3.98748509481621	1.32714514919948
did:plc:gz3ircklkgvrqpfxfhsi7aui	4.05397377128956	1.64825971437577
did:plc:gz4xrmqubp5olirwvif2znre	5.34254102314025	1.36275278319533
did:plc:gz7qcehryhytdpduduqyb7sf	3.85587144903476	1.63383449097537
did:plc:gzecoxnzgh7pynfuc3wuigo5	4.19377057405752	1.49497243455055
did:plc:gzikbcrvxv4ir27klf2jfgf3	3.91183290638014	1.60555444469132
did:plc:gzkjwvv3zx7aa5xa67btwfvv	3.37015563319478	1.90141348999945
did:plc:gzm34x2cmrhmnbaatjamz5gp	3.33003419671163	1.52658015865387
did:plc:gzmxhmo2dlx4oczomgdgzbx3	4.89231400109619	1.38579700325135
did:plc:gzsecc64ziiksmesjbgmbuc7	3.59619175813078	1.51870157146513
did:plc:gzvu2t5wocwkcqw7x67nyvkn	4.47558553745465	1.20840466990163
did:plc:gzz7m27udqspuplqihbhszrq	6.22308807907076	1.04905943068858
did:plc:h22ngwko333gxnvowqxiaeau	4.72485685253839	1.27886558881895
did:plc:h256lpnhyv3mjoddkxrr6jzg	4.78788205663384	1.25292237238039
did:plc:h2ataqkfhejqhlkmmdknshxb	3.13948848251116	1.52395503567847
did:plc:h2gezylgbisgllvyu6dxcsgy	4.49322006159789	1.09472130243827
did:plc:h2h5rldvdjlxuwlt6ma2kdie	3.82030673276603	1.4600394695487
did:plc:h2hpnsjeoqb7h5upp3k7f6v6	3.49553165799914	1.57857812982722
did:plc:h2ktnbihbuefxdsdnpjg72z2	5.69893039994675	1.19938927632814
did:plc:h2ofr6saxybmnclw2a2eq3tq	3.99618309408464	1.47655329808699
did:plc:h2q2m5hqg2yqbiykgethap52	3.75317619884762	1.4939204325316
did:plc:h2s3iddbmphlcwiqkdvpiilk	4.64736903833026	1.28061143896252
did:plc:h2vtlkdreaatwejv6so33zls	3.54575164856857	1.85759076818168
did:plc:h2z7t5bnejef2i4jfk7fbttk	3.99682887147123	1.59474310327554
did:plc:h324e57jrszrqpjqd2m5xrb7	3.6161335590279	1.37158584041949
did:plc:h35nqlp3i6pl5ksuyt3wusir	4.72020529920018	1.00912196006622
did:plc:h3ftgqa6mmcg7wewegts4xyh	5.00843721484507	1.09286267940232
did:plc:h3ghzk2bsi4ratxumqgjix4c	3.85396491389484	1.78658740704802
did:plc:h3hgjsfdua2sjmtf3n4lbi46	3.2779630128597	1.39710315647365
did:plc:h3iqwn7dqdsmiycwthsrufnl	3.65356175766222	1.76991545391938
did:plc:h3pftjqbnanemd3rjdqncbjs	3.53038411526714	1.69515780977668
did:plc:h3u2dfz7bv4o5kjvpnz7467u	4.46537713917952	1.06673910837092
did:plc:h3yt5eogd7vrkfllikrbt5zy	3.07028938743886	0.859344591181737
did:plc:h42hantoxottpnncz5vvsisq	3.3480479514991	1.88481299222261
did:plc:h42pbw4wdbe2exygjncop6co	4.4742712364725	0.839838620266404
did:plc:h45pmqm4iu22n5z434op7pvg	5.29097515574363	1.36193759016101
did:plc:h4eedgyoxuoebe5nsi6nj7vi	5.48270544675118	1.54063608045469
did:plc:h4hppn4ystdk3lktxwv2zuqd	3.47710810973056	2.07894100078416
did:plc:h4jcy2beldtc7aq33uttbkwv	3.98661392129953	1.8670686596444
did:plc:h4mka5ibirnj76gryy3fcq2v	3.95386103986692	1.46586069988374
did:plc:h4ozfw2jllzqmohjdxayaotm	3.6421219173012	1.47730350503961
did:plc:h4p6hiutcwczx4bru3zsb3sw	4.26670438566271	1.30190223258877
did:plc:h4rp7ugehpefwb62y2ncrx2o	3.17988889094257	1.75496404206263
did:plc:h4rrlgjnfurn3bmgvov5z7o7	4.72942653646749	1.29822745864886
did:plc:h4shj2royozkmkfkzwryy6ew	3.56699852986095	1.22837331451777
did:plc:h4tca4rkkamkvzalwd24jebg	4.29741382643247	1.41584821359347
did:plc:h4w3aa3j65h5wsk6alh4eu6o	5.39132979727869	1.24992939558376
did:plc:h54hvs4hauod6oa6i5bohoj6	3.39898956348194	1.67956614270673
did:plc:h54uk2py46v7pm6z3twvs3uc	4.92269111533781	1.22961246790406
did:plc:h5bw2fxwzhfzcdaadecg35tf	4.58029455583175	1.18947186143807
did:plc:h5dtpf7b425d6miqv7hb4rtc	3.64466229911905	1.72603502483949
did:plc:h5gy7adwhn7nweb7gaurxu7o	3.59165541917981	1.55447459226349
did:plc:h5nhs6u7437zrjtprjk5ask7	4.57441449853379	1.81170620010846
did:plc:h5puvfxncitkez3l5iob2jat	3.41849657661123	1.62342384023583
did:plc:h64lifwhcd3nq3f5u2xsl7lk	4.13365621844475	1.13827091943771
did:plc:h6dpxfmdaqwrfh7gema3sksz	4.14607696935941	1.30214221814705
did:plc:h6igyqttyjmkbscylf5hxtc6	3.01471130939992	1.41118401492088
did:plc:h6lbc3qiqobx7l6w4p66ji4o	5.58989756197883	1.33065846228904
did:plc:h6mcdjqu23zu6fipb5b3spnd	2.93226559029804	1.60574325747806
did:plc:h6mizct6tlerjifb2ovjahjt	2.86157124367124	1.49829933955529
did:plc:h6rf3mkhabyp46bcf2hijwkl	2.83937671432853	1.68211006895992
did:plc:h6skojbjyojep2ecgelwfzji	3.40922768293412	1.79253840658212
did:plc:h6u3oyg2mgkyauiiijx2hxbh	3.94340120111505	1.60127522123935
did:plc:h6usuglekcsomuciim7ywe3y	3.60095465653391	1.48283549658639
did:plc:h6ve3v7kdsewsprchiu5jlab	4.14075353569583	1.66281592864324
did:plc:h6xouawngwws7ozzjpxufyf4	4.18047074747091	1.24739042515271
did:plc:h6ymwhd4blv6bapt6vyues66	2.91428680151459	1.40548620331259
did:plc:h75po6u3v5sraxp2yrd5ysqg	5.68546460158521	1.29215497533847
did:plc:h76na254atrypanoly6v7ukq	3.79041922504761	1.91504883758872
did:plc:h7be33aibdx4v3rwu66shpwg	3.42942485264502	1.34387974784516
did:plc:h7c4by4ppxcv4psonlc4srlg	3.27643081399536	2.12519155771408
did:plc:h7mldfndnqu4cqdccjyrevj6	3.74289015430699	1.55292782548213
did:plc:h7q3kb6zdup7ipteod7igga5	4.02284656819168	1.45653685221866
did:plc:h7shkuq6sn7v4ftvbweujtlc	5.37482760891077	1.10285396343556
did:plc:h7tf4eshh3jenvirb2yq24qo	5.29891700043154	1.19987431829346
did:plc:h7yrr7ve47i7h6tth2pp22vc	4.19933409853667	1.22355164825823
did:plc:ha2nfgiomhazspkpqbngwt63	4.21889544564765	1.38928232263276
did:plc:ha7bah5fvrfkm4a37rxyaaf7	6.00295033910445	0.978407512169738
did:plc:hab37nnhxgomlf7y2potklrk	3.36614940650813	1.52759427100211
did:plc:hac2hxjakqotq4sa4wjb6rct	4.18532746617434	1.16531626762318
did:plc:haibkiq7uiyvuaglnj4r3gem	3.31489421574563	1.62619490646694
did:plc:hakfc63ux7sacsq2cf75z3up	4.05450518945504	1.26772318992242
did:plc:hapy26qvhvl7iv4lvkijowiy	3.63006817043375	1.67143336303645
did:plc:har5gmxi2iw7wn6ieg7wc3wh	4.85178552438055	1.02891516578905
did:plc:hasmlkp434wa5oogffhlldyl	3.98736018453578	1.50081715719881
did:plc:hatwcvsule6s3ffjijttpasv	2.99772000712939	1.77209007876803
did:plc:hb2ldywc4rva4qdinmxp3xew	3.91574161340296	1.62261354100455
did:plc:hb2roeajmsqmmrfhflt3zjab	4.00236012262989	1.38307177172215
did:plc:hbbroqymgiipikzbwj2hj5h2	3.11284723086744	1.11320003018593
did:plc:hbf2qsvwcftngje5oznfyesw	3.04253091734741	1.87036390451048
did:plc:hbgsg5dabnnz2jcvq267rgah	3.9901978099607	1.34650085255507
did:plc:hbnmn2ujhz44ssgcatzrz4mh	3.03819095293796	1.64988605187468
did:plc:hbod6z3ffhwaxxofkis2m3jr	3.79507970395318	1.7315773588818
did:plc:hbssfnypyw3y7xj2z235ykkp	3.68504011701348	1.77346048999488
did:plc:hbvxdroenh5nd4z3tg7v674g	3.64102069894491	1.81341748180795
did:plc:hccz4srn37ujs3djjytb4ghn	4.71037320254235	1.46024032449556
did:plc:hcez22r3qsfrowpb4snswht4	3.5173868557302	1.4411832188711
did:plc:hcpdyo5rvt6db3c5dr34nze3	4.07845373104648	1.24908968990642
did:plc:hcwaxnzhjt5sjpbzrkbbk7mg	4.30138760606136	1.50332958318719
did:plc:hcwlipb4q4hrlfu472ocldju	3.95070443889371	1.36617115024711
did:plc:hd6nqfbsvmivholoqvalbeto	5.06520174892985	0.946127616407621
did:plc:hdamls546ks42a7k2nzt4pck	5.22316227544846	1.29003048957812
did:plc:hdaxjtcrsgzt263vdknvicoo	3.39455648829583	1.794367531723
did:plc:hdbg3cckv4fvfluwc6hc3vu2	4.12589587497698	1.74407140454471
did:plc:hddx5m7d5vifwe2vfdax3wrf	5.08433751440164	0.993158840834079
did:plc:hdicvzydflhzw24rqxrnxp73	3.0805264951692	1.97190117143086
did:plc:hdl5m6exf2voy36nuirvs6hm	3.99507746036408	1.37417095129125
did:plc:hdqeiak3qthk5y2h3qsgd7lf	6.37971122852874	1.05228774772153
did:plc:hdsnottiwnlp2zyammk74meh	4.85486994356847	1.00212355947857
did:plc:hdvouelnyhjm37rnxcduzqmf	3.31042754337534	1.62292594537753
did:plc:hdwck35ek2cor2kfh7kr44nu	5.14688465159959	1.15985752407809
did:plc:he34gfigr374xwdb3bwgfbhl	3.84071801511221	1.45552497161865
did:plc:hebctzvd4k2lzgtanjalm2fa	2.87763573134864	1.8641917565038
did:plc:hec4co3w2kgboag4btgye5jk	4.56180023111977	1.2190499931168
did:plc:heelbc7feokwps34iwa5bzho	5.04140719817812	1.0415967726206
did:plc:hejbbtbp6nblizwtdcaisqmc	5.44524347325054	1.15238350445331
did:plc:hemuic6tvaylxm7rjjhsdrug	3.82412653100621	1.82737691074347
did:plc:heoadfu55ngspk4d3e6g3zzi	3.58958535727119	1.60432489725892
did:plc:het2zai5nw6geabg5bxetqzj	5.1910555961784	1.41918784950873
did:plc:heuwjrs6acislhn24d4cots2	5.2561766974332	1.41569928735022
did:plc:hew2wmghmlzbeeqfwjfidv7j	3.60202181961482	1.05821482331946
did:plc:hf752gwmiveoqdnhlp6lh7b5	4.23670933211089	0.888843851222025
did:plc:hfg2ujoq2swevqae7qpa5txr	3.88430196272963	1.4569937881665
did:plc:hfktmi6hnf3g73md7olf2hzi	3.56213711787907	1.71653040778572
did:plc:hfnmk6klbjs6jvy4oio4t3y7	4.60119884558327	1.39809896360517
did:plc:hfobpctv5zak4gqpeb3r3uxe	4.08428938602688	1.33408997256341
did:plc:hfq3bmulusclzzz4dnycne67	4.31347474707298	1.68204638262513
did:plc:hfvndpjypklhcz6rsracivpe	3.90566931159691	1.46406180872347
did:plc:hg4j43t357rjmyewucelrgkw	4.55538245925295	1.41555779640509
did:plc:hg52q6p5kal4zwaefqfg4e6f	3.44848728969586	1.50381625124771
did:plc:hg6dhyizuo37goguyzbbnpko	4.38889574267099	1.34289398569795
did:plc:hg7f3zgxbsb3syakjjtkwhhk	3.61981912874	2.01176252456897
did:plc:hgcm5u6sccsvh6ps2kwciifw	4.43272198158058	1.30205857962349
did:plc:hggxeokj3k2bvdupd4m55j6a	5.22555109314595	1.01103419946607
did:plc:hghfikkznmzmv7m4duvkwrvq	4.35907535809016	1.22461603781064
did:plc:hgnicv6x6wgqxbug2iqlbffm	3.43330081328226	1.78501316835692
did:plc:hgo7nyd4c4ap5aq7e6xtnoti	4.09027478455475	1.45824818549429
did:plc:hgph2jcewd33eciquiu55fvk	3.5541058535447	1.49823745012902
did:plc:hgrrocrzxtiotra7zung3vz2	5.12738209670419	0.797675709840905
did:plc:hgsm2m3w6uay4llzozyeuluk	5.36564021922426	1.05923331397026
did:plc:hgx4moldjfp3pko3vdkv7w35	4.10262615924231	1.62165249364348
did:plc:hgysoczhtbyhaygb74f4btwx	2.28866966234956	1.44657065954542
did:plc:hh2rbvr5w7pbbojzbcfqhaz6	4.42322415199856	1.32843791907524
did:plc:hhc5yqrpgtntxfzts3fkbiyh	3.6077922567478	1.30103763396697
did:plc:hhcci3pzrcuo6w3zhemp6mdd	3.83623796114959	1.69763929144052
did:plc:hhchahaxgcn3iyeq3zfpoe6z	3.36880853410541	1.54429568995406
did:plc:hhd6y7ef2qb3ps7jf7cgphi6	5.29987281186213	0.945109989262654
did:plc:hhfbfdztfcmg2533w43cnwqc	3.89017775503553	1.75417324787603
did:plc:hhgt64eqzpu6llhec4i35cej	3.92964804963693	1.70860310711441
did:plc:hhjeto626hrxr5uy7zief3db	4.45379430840418	1.95395037226073
did:plc:hhlklk3jful5umrp6damph3f	4.1138587461331	1.38563903454734
did:plc:hhly4jdlqzicpwtx5im4nyoa	4.48221859074151	1.25958202255938
did:plc:hhqkgtas2sacrz5c5gkf2rec	3.35747988615831	1.62267031726646
did:plc:hhtgnltpyxhvwkoskio5rhpy	4.03630060148204	1.41166398714037
did:plc:hhtsqqio5xj2b2rb5z76hth7	3.9617950812075	1.44364513746656
did:plc:hhxi2qzwpa2r77jg5is5gxq6	3.599728626752	1.20120200437943
did:plc:hi36nn4weehra5czm62o6dkq	4.64573034920675	1.29103036955855
did:plc:hidypg5ddyqhhphxagbswya5	3.66311526746431	1.56168341577244
did:plc:hifevk6tdbpdgwpsjigim4ow	4.84898602826452	1.08022024230765
did:plc:hijbeizbm5ege43fnm6aqhee	6.27191399934717	1.12165377501099
did:plc:hikaadp5etg4wf5b3ffat6zk	3.25979213563214	1.35948964547415
did:plc:himqpqk7g6ttv4yxjyy5gzkd	5.03350464454641	1.54959783713019
did:plc:hindqnixh4f26lgsussn3br3	4.75024616232811	0.984369609588512
did:plc:hiqrkt5dpy6smcvcjq7qxllu	3.8822008923513	1.66263021747863
did:plc:hiwglzsieggq6rz2ld5qv5yw	3.31277486784782	1.94701913999825
did:plc:hiww3smbgdbufaoa5ird4sr4	6.04924228231885	1.09053148780985
did:plc:hjcugbfl364kxb46znn3mw7a	3.83843893325722	1.45385950263254
did:plc:hjeu4ixtqoaiiakmiugpiuva	3.05023437226835	1.38448225117198
did:plc:hjnn6tuzsmjqs525jrldeho5	3.85073240518707	1.18100217498084
did:plc:hjqg32kjmxist2pofmbog54z	4.26824968847473	1.41602588808403
did:plc:hjrulh27iwjqoyltvw4ysgff	3.42277263740041	2.00732372925888
did:plc:hjwbwenxx54dtj7elmelwhnw	4.48266837054505	1.37044181768794
did:plc:hjxt4hxyzigtf64cfqzp7vsw	3.68847435291114	1.72196578475361
did:plc:hk2cswxa43a2jqwyow4kxrdk	4.38874721448512	1.52915257818025
did:plc:hk3ol2tzxu7jpc5jtkdphxtt	4.12668669598095	1.42216678728259
did:plc:hk5viopqbnamlq5bz6tbcrhg	4.06528295571982	1.7164044264313
did:plc:hkazp3zft5aing5xk77a325a	3.30356534782516	1.28868192017179
did:plc:hkbd2miued5n5d7vv2cuzsqq	4.08743895622161	1.76987407554478
did:plc:hkbvcrmh5dc3o4ixg2z2v7yn	5.19083297525075	1.20029570116753
did:plc:hkd2xw6gfyfemwolcosjggin	4.39866741314118	1.41229113564966
did:plc:hkefvmw4ik3yp2myllldqrch	5.2990941548507	1.17316846189235
did:plc:hkmclldjlls2y56fleshlwtt	5.7448659635207	0.980556676488665
did:plc:hkr3zhet3b56wwhw2bwokb5h	3.74841182912554	1.18916014010637
did:plc:hl3kr63seovynnnmn2lguwfp	3.0249801936591	1.92268242087003
did:plc:hl5zq7tpxs32fxxadlik3ci6	3.6592608778137	1.42413727244784
did:plc:hldnotahtcl2ayn42bqu4x7j	3.24930525244263	1.81863159647695
did:plc:hlmq74cuztvbkdpgdcc6iu2i	5.33758832625405	1.31910103277546
did:plc:hlnmxl5i2aqd5a6yjzew5whe	3.66860882840416	1.46437434787977
did:plc:hlphilsfeltqhrmbz4qfb6ih	3.74178726463827	1.70962918457142
did:plc:hlqthwgvdj222nspocip3ys6	5.6071814298176	1.23557037749469
did:plc:hlvou3zrr6qnrvyqkelyx3fi	4.21527253305587	1.39482808155606
did:plc:hlzbzmavvstonxv3jvd6wa5l	4.03560123294214	1.8552545303632
did:plc:hm322czk4bisbsyotaxylpqq	3.91227905530834	1.64184408546134
did:plc:hm3ldsynrb3qbbkuqi2mqiou	4.42282550268538	1.46341009769565
did:plc:hmh34zh34lt3mend4bj6eat3	4.80151124953521	1.36661772411886
did:plc:hmj3yx4zb3ysudk5fk4cnory	2.92362519417337	1.41586365708765
did:plc:hmjrmbqlsnwkeq6yr2ypanef	3.30072908680798	1.64096796453816
did:plc:hmlmij6u72qbhfo22kw4hhrv	5.56864413892108	1.20490271334526
did:plc:hmmz2uljdbofq3d7cuhlrjt2	3.66486996401613	1.53057206348563
did:plc:hmq6ziqqrm6cx4o62ajfp7a2	3.45433472451073	2.01781575240094
did:plc:hmqf2vgpskeyyizcbvyakthr	4.02719372819156	1.23988761310694
did:plc:hmrongvtxc2zz6bvxc4j4krg	3.89684903872986	1.88370018288868
did:plc:hmsekdut7ktcyrnyqyqtj2e5	5.2992542202453	0.958365217926584
did:plc:hmtthx3visivt3asstveu472	3.97268251495055	1.53281931690317
did:plc:hmvej4so6pu2xtxphjxjbmbe	3.01897645923627	1.98021823251282
did:plc:hn5nw4dp4pbxu2fcxunxbnwy	4.98088532864542	1.6074148140674
did:plc:hn6exivifbqgxx43e36wsv73	3.64815360493314	1.68611902505851
did:plc:hncz4v2wrqit6yucpemqudsi	3.57752442841526	1.45456172654071
did:plc:hnkxmj5of63icdarhdthoil6	5.20066894412342	1.01007832249938
did:plc:hnwqaebitl7ywapshmaoihme	3.4197676532985	1.63285274178089
did:plc:hnwqc6mw4it5xx4r6pvj4mc4	4.15699260820105	1.76577199504267
did:plc:hnzhxyyh6wanzn7cqfuod3ga	3.84542522656175	1.47402113005402
did:plc:ho2ht4fudkfqw5smwayhgnp3	4.43075521658586	1.17362242516973
did:plc:ho3ewxs65acxs2cqp6pkyzsh	4.2199825441507	1.42574171642731
did:plc:ho7wyxdbawqfdqeqehr7uzq4	2.28196716051317	1.37392488462641
did:plc:hofbaue2yrpk3hbtgo5omng2	3.57511287568548	1.10914363984656
did:plc:hoh4uzdgwa5bdvdn2eskoxmc	2.62426329773253	1.16344985974683
did:plc:hohvf7bszwkqmuc34eblugtp	4.20331790041671	1.00263491913007
did:plc:hozpifuvbqh2di2e5znzjfu7	3.27605983243312	0.96436270328966
did:plc:hp6ucacqd5l76batdwkuzxkw	4.24273758385136	1.44190213443378
did:plc:hpclvglccjug6twautsmhbog	5.52714199606056	1.2025711576508
did:plc:hpd52e4qfn6nu3uegetepyyk	4.53182784895999	1.3159773053374
did:plc:hpddd3czekgqznrwanddhdzp	2.80724532713056	1.49648882060514
did:plc:hpgcjgpd5rljdqwbi56ecug6	4.30684097490898	1.77621434927089
did:plc:hpn6feyfnhav6ctnrtnck7vj	4.04223866755414	1.20929139069642
did:plc:hpnu2kgdgtgpenx7yoznzahy	4.3036060941868	1.2334189250233
did:plc:hpqbsr2ppituccl5dvb3r4ov	3.71470329723384	1.80659792372065
did:plc:hprpr4ws277nqzd47aayx5aq	3.65826833978477	1.34525263695327
did:plc:hpsb364busuddhhpwje4tjs3	4.15090757783142	0.975968749791897
did:plc:hpxsq7ov3kjl4ih4fhwq5jg5	5.81543573488007	0.977315997845366
did:plc:hpy6bcaxdtjfa467yelhgu2t	4.1395691856689	1.63738239881529
did:plc:hqhprheeq5y547mafselkuf5	3.36492704976081	1.60878384934823
did:plc:hqi7ceni7ripq7cog6s4fpgd	4.29384997658518	1.55320001412154
did:plc:hqj25qjxdewpp6frx37tc4uz	3.59177369809242	1.47520751789259
did:plc:hqlj2yllqrkgt2gylr623wjf	5.2111341643609	0.657075966035175
did:plc:hqnfuw3ujdfgqr363ah5cfc6	2.54410668176209	1.64970708129594
did:plc:hr2kxzsfeyq5rlh6szwaplh6	3.45510001114016	1.54002384285669
did:plc:hr3fe2wphg5xtb5n6he3ojwd	4.57550014815798	1.24882664608004
did:plc:hr7wqshbqh44exqiatkichfn	4.41188645694276	1.45032593084795
did:plc:hraitsecxyyek6jo67i5cibx	4.38640221337638	1.59095775356566
did:plc:hrbi2zu7ku4mudf5ronuggsg	5.84784759099051	1.24169842202575
did:plc:hrcjv5jtfhm3la6bliroloxx	3.58435036469694	1.85816986693312
did:plc:hrd6h2vec4g7t47zgopjgiut	3.20940562471123	1.31004715026414
did:plc:hrhibtnsfxgb5n7n5g7llcpk	4.76906727943055	1.84112278003016
did:plc:hrkzfrgkw6ge27iuvqkvjz32	2.9749581694826	1.57187050159778
did:plc:hrmgqhx26pz7psa3sbpcasbd	3.32350713818772	1.75012865187851
did:plc:hrpipqpkbpnqys5efjiwv6wr	4.02998719707475	1.42487857994848
did:plc:hrq75cd2aixotargwlgvo34e	4.39118956655596	1.52418979535016
did:plc:hrruerswvxbl7ouapbk3z643	3.63860114329418	1.7852124732158
did:plc:hrs3h4xgfr7esypvjmqldu5b	5.14349785286994	1.69167973141442
did:plc:hrsivf2sfkmoptqm2xdjh57f	3.84630026625071	1.55708635386839
did:plc:hrsjrfb77viui2eap27dx2ud	4.02626758325072	1.28367969481823
did:plc:hs2ywq6yrbvg5dxfeckrnxir	4.1478212751716	1.34068055909917
did:plc:hs3aly5l26pozymy4b6hz7ae	3.44015369145184	1.73914343221366
did:plc:hs3rs3g4h72pqjifhazknv7q	4.07738124840861	1.44753252007861
did:plc:hs6lj3t527ppb7xwho5j6osh	4.45104570037169	1.52302665682516
did:plc:hs7amyvpq64nkmq7yhesodyf	4.17510237792511	1.38223341753693
did:plc:hsanvr5ipqcr4avzd3jkcowg	4.13102942487894	1.64573341325079
did:plc:hsdoeqikmlqdkhxjaef35uro	4.32571776698477	1.21762320568875
did:plc:hsfa5cixpietib5e5tvedkpa	3.06118997505449	1.65567012696597
did:plc:hsjn3htmxlzgkdunx6xvdvua	4.53767546444032	1.20729721338192
did:plc:hsm55iwdjoko5kj5cwismb5n	4.0187987911766	1.41432783419069
did:plc:hsostirungmpncciuo3ujnl6	5.28183696287772	0.849953866801817
did:plc:hspryewdnqqph5fe7tr2kdpr	5.79196721013206	1.3012726319511
did:plc:hsw5mb7zqfizxpysidf43vzb	4.37199434172025	1.17390900619554
did:plc:hswg5bc6mktmubbbgaj6kxr7	3.61821883266647	1.68151330166318
did:plc:hsws5sara3xlda5zilt47j4e	5.60548213456594	1.18697063593247
did:plc:hsxaifl5bo43dv3o5sfreorb	5.31302510414985	1.14585891695193
did:plc:ht2i6mqswmrbmyqb2a5giknd	4.16771130385228	1.46969925160919
did:plc:ht6nj7wvu3y7ysrlwyc2iy5m	3.36318112245339	0.58740956481282
did:plc:htcnsw4xy6xfih2gaiohejjr	3.92544271333443	1.62976221243943
did:plc:htgvqrwtsex7deu3mrudwsgp	3.26416032062713	1.71623079107152
did:plc:hthuqo5zmjjyid76toeyyttc	5.98625515489388	1.1669996558994
did:plc:htiyr3zunud57xdvaoyctw7j	3.63132482998659	1.59298015906573
did:plc:hts4kokt4uizwrxyf674yjw7	3.94693451022897	1.29663667159765
did:plc:htvyjzr3lprlkqzhtpl4nf7v	4.19339321349974	1.36008066413095
did:plc:htzlvyhoxvricp7tfb5bgorx	2.87461455966295	1.43926683108703
did:plc:hu2qbsrityp77dcks2hxdkut	2.79844346188013	1.31095822205824
did:plc:hu344p3khvldw27cl3mpuorj	4.40457037836868	1.2625979029963
did:plc:hu3s7asdmqgfm22gra4tdrol	4.16937726310064	1.49535335395718
did:plc:hu4getakvio5urhhys5vphye	5.18748210889646	1.49841980444407
did:plc:hujhii42smpsoon3wfyfbq2k	3.865298688694	2.04796194140658
did:plc:huopefiwxpjlxwbk7rkqpktt	5.20069249469602	1.13784695986973
did:plc:huqbmdjwckxwvc36ylixvi3t	5.06323290038313	1.35539979608275
did:plc:huspgtte3d3byimhw4obrelj	4.24615568399086	1.25728828806568
did:plc:huz24ht5ng7dfbph3l23zpqb	2.75240780586177	1.4782497857305
did:plc:huz5nd7s6ftv7f4klixyu7pf	3.8215801857061	1.3014401910702
did:plc:hv5l5htw2usrkqxubni2lb3z	3.40406262899239	1.76935155980443
did:plc:hv5odaknjuongylnlbp3k3mw	5.22707701975536	1.30487016643237
did:plc:hv7abcm2k6qgbrpx2uj3kzq5	3.67959358817045	1.22543843285267
did:plc:hvahhvqukf4goe57njqrqggg	4.4384613189766	1.31667963818567
did:plc:hvl3i5eh4il5k5qkqcvbnh7k	4.65386584100322	1.40884703551294
did:plc:hvmq566z3b6hbth36rsl7dko	2.78020201919365	1.50712465463819
did:plc:hvrpxx3dareh3jxabcaelcab	3.56127467134019	1.50779712258396
did:plc:hvtlihtq6iitnntfnz2ym3nl	3.41672420710737	1.59160884071708
did:plc:hvtpjp6prbvzkpa2ff7a42zd	4.28295994966975	1.36986907843263
did:plc:hvw3y5d3xsjyuoitey6rr6w5	3.43426465872299	1.22834102506106
did:plc:hvx76o7ngh7entejdmido5jd	3.5918618415212	1.35899306639348
did:plc:hw25brvrvqpu4lcplhwkx6be	3.83195550001197	1.77599456734856
did:plc:hw2sdroaob5aup3bkfpya3yo	4.23291943554921	1.44336064255996
did:plc:hwb5whluwykmrpk5ky63ea5z	3.34326594153089	1.55775560505241
did:plc:hwcdgbcg7eazddezdk4rixvw	2.94488264068141	1.91087395665807
did:plc:hwfxusfiqc4qyssbe573wtnb	4.09972748159816	1.36925988872005
did:plc:hwozq3rgbq5yjow3jbmnphf7	3.65263848497931	1.1388249640955
did:plc:hwqor334rxcnno6ofaaotkbt	4.55779389379695	1.30330349646337
did:plc:hwsdbvu6jrbx5wag5z4xrppy	5.16344234079795	1.20956718618072
did:plc:hwtcalmxtbwwx2yqopkn7qnh	2.66687541146048	1.64133590457201
did:plc:hwul5gtm3pgo4vwnhzkfu6dv	3.51209276414985	1.78529681885748
did:plc:hwvrbwnjdmikn24ev2wbfyb4	3.11950784009357	1.7987025949241
did:plc:hwvv77f7gnupkjt7ortodqc7	4.06623342222862	1.96877504611433
did:plc:hwzdtursqmdaixxeamxvmcx2	5.62891784725386	0.70797141602652
did:plc:hx4irpivdfbnxxpi5h5u52h6	3.79219494727846	1.60817295178506
did:plc:hx5gnqu6tam5vrxslgoxikwp	5.35142793496993	1.45218358090573
did:plc:hxcik6hwx3t3jkqjccsg7lwa	4.25684163901819	1.60114805840918
did:plc:hxjwb24zz3lwbemucsbchvvu	3.66131518994715	1.30765843077981
did:plc:hxl4q3r6ogssbhz7txqsl4b5	4.39342855428227	1.46901541099678
did:plc:hxlznedgpclatbbiwr7q3fcn	4.95909015619263	1.25739561822707
did:plc:hxqn5ovpgstozpeuf3htyhih	3.32587114646182	1.16868785407503
did:plc:hxugai4ri4ubatf2ikisp4rm	3.01492940125887	1.46242969568206
did:plc:hxvpmlzpxqshkfm7kuhd4qlg	3.58339282628482	1.58251484465692
did:plc:hxwi3fz32qkkl44z57mynfps	5.82807268829548	0.705413654213377
did:plc:hxxwygihfmuqcyeyjb6fy3df	4.95851333115933	1.30398246175531
did:plc:hxzel3cjolirpuxkb3vanmce	3.27288623444282	2.04674229449583
did:plc:hy45z37ovdonsvv4gi6p3hbe	3.83520147617803	1.02659616380703
did:plc:hyaz3tfeogpgyvht7wkg6shq	3.53846408956125	1.42102317353139
did:plc:hycitv7qutt75e37zlh5j4op	5.27024917510999	0.953861571322665
did:plc:hycmw6dr2u2h5hmhn4mvjkpp	3.24784052246456	1.64883703373938
did:plc:hyhaguvb3axx4n4tbj2upuuz	3.40404818418151	0.925822780464355
did:plc:hyjb4szxyui5r4dqetx6aulk	5.93748837951644	0.880502149201208
did:plc:hyo7gimzxmnczl7budfugv3k	4.54472998174138	1.8046788857506
did:plc:hyp3ukwmbn74xhdazh2e6k2q	3.54401188165448	1.25767618143516
did:plc:hyr4pnfei2hlkalli3szqorj	4.44200004833277	1.55057029704421
did:plc:hyurisct6uiqgxfsdkd6fvdt	3.89900469276885	1.42876547465517
did:plc:hyvntc4i7t63rjhmykx4fwns	4.68508070282191	1.55595031139147
did:plc:hyxfp6rgknlqynvyk4w6skla	5.50906693256165	0.742374311062136
did:plc:hyxvprg4ubz7hnhozlvpf2jl	4.05539668931425	1.23039281523308
did:plc:hyybnlfg24tw6afx3eomuvyd	5.1667759072278	0.958964426293166
did:plc:hyyfrcqojzi37joerhoqr2ft	5.47164183486606	1.27115066904058
did:plc:hyyny6bi3zbednqmqldov6zz	3.77086708684461	1.63739248731245
did:plc:hyzalc7f2mrt5lkdwzrwfk6r	4.27315404868625	1.43191251889829
did:plc:hz2b5jwhzxva7mtexeb4b2nx	4.52928679165352	1.30836746611524
did:plc:hz2yaq6b75lztejyvoteumcx	3.48842723322801	0.918290886955324
did:plc:hz62ptmp5rblzn6nbpdtut3j	3.84874634588875	1.25381233039304
did:plc:hzd6flr2liclgap7iaaj4wum	4.27644635345162	1.28290504160866
did:plc:hzebgrkbc42iyxsrmwsdjnej	2.06278973923887	1.22602150708574
did:plc:hzeqxtpby7xhanifseqzy45v	3.8277380787397	1.41325819031229
did:plc:hzfia2i5qdr52ffrieplyrvq	5.78537076763261	0.824594370690785
did:plc:hzfljxs3ypduxqgpd7uekqs6	6.03947287440049	1.08478175139807
did:plc:hzjzs4c6ebjarixxj4s7eiyq	5.72721373176141	1.14033719664405
did:plc:hzlndfsltgrsmzgbflx6pmks	3.97814645450769	1.51585262668504
did:plc:hzm252ixeetf5a6pvij6xk3y	4.27247696708605	1.27900526444847
did:plc:hzn6zhusvjrvrtdk77zf6jat	5.26487851137594	1.48793451513745
did:plc:hzno3gdslhpzultvp6ugiqln	3.65883043182435	1.50074847572897
did:plc:hzzny56sjctbs3ydx2xql37n	3.96405235752482	1.69731171055899
did:plc:hzzraomkobldbfvtdrzyrl6z	3.95502135431896	1.99531025702723
did:plc:i24yi3uw3i3r4bi4jgwlpdf4	4.87266964339906	1.3254740176407
did:plc:i26d562yqv2oozbdbovinpp3	4.07470492611565	1.3136129122834
did:plc:i26vgxh7tgvat2fwfzmqfpqy	3.83165464070219	1.38060140667258
did:plc:i27763jku3smwkgbl75qdci3	3.36138511646709	1.28820222394464
did:plc:i2ajpfzhicvmfegmupolemek	5.21236526535374	0.87435845355415
did:plc:i2b62nb5tegmd62glcqj47w3	5.09425499948895	0.898636734402902
did:plc:i2blrvxhdn5ssaf6dkzhk4se	3.63270306301606	1.50325364424748
did:plc:i2fbh7eapyca2mrf4l7hu3fv	2.96730389112421	1.37236651592891
did:plc:i2frlkobltwagvp27mqjatce	3.42637059720587	1.79376261271386
did:plc:i2iwqmcfuuq6daosfeac52h4	3.920680952729	1.42097337460325
did:plc:i2l4266ahbz24ekfm3ezvpu5	4.51822712693839	1.55976491012606
did:plc:i2r4fkz7ge35u5tbcj2ntasf	4.23671205575905	1.41855855303112
did:plc:i2syjhlpiqtonuj7bjuljmir	2.4567060093743	1.24246814225035
did:plc:i2y7dvonlcjbjbmdddyljlgw	2.90827007546299	1.26918004972631
did:plc:i35mqiwpxx5hulgimbycvbxm	5.48383110479578	0.855534401697717
did:plc:i3ee3n4wmexu362buhg5dxxb	4.33625149081349	1.50646958170648
did:plc:i3exlooei5hfdg2npqy4becx	4.57335575129583	1.41084690268965
did:plc:i3fm4nzyy3iv27wbi6anj4de	3.49228313274075	1.80042817989268
did:plc:i3fouo3j4uhk23siszea6iwi	4.60316466266351	1.16864668918048
did:plc:i3lyxu3wkaur52qtfxe7eeo2	3.41519410812996	1.41140333048893
did:plc:i3n56ugatxjsf2mxkjuhjprt	3.48748212757831	1.74670393257448
did:plc:i3q54h45nmvts3p7aizacnkf	3.58463981751493	1.56587997426718
did:plc:i3xn34rhjkgsrkkprhxhtljc	4.35161110196566	1.72860557981739
did:plc:i42vkgcx6vmw7ute75klg2l5	5.72994101574316	1.45362436546237
did:plc:i4cu2oqzjejeoqfrnonagcpy	3.68775788557343	1.70280360200338
did:plc:i4ej67edtpk7anyk3erfqc2s	4.41401149693517	1.67749404069992
did:plc:i4itsyldsicv7l2b755wuhop	3.86210681946883	1.83371407448163
did:plc:i4rv3jim7lcjjtqe477igdrx	3.35264139666666	1.5695031964575
did:plc:i4swogdkcplzacqrmp3zbivp	3.39367382949858	1.65122849314259
did:plc:i5464fsfi53iajquhvm4tf5i	3.09806676920818	1.68773478570508
did:plc:i557ibgc73cbojf3j3m2chsc	4.23608312484503	1.46636316875571
did:plc:i5e67yavhafzz6ca4r7edg2a	3.4807718077975	1.92052224513363
did:plc:i5hbj2aw7zpqgmy3qubqx2lj	3.35559686337342	1.47169347417329
did:plc:i5mt2hubuabnpkupbzbiqon7	3.97756513672287	1.39784738328362
did:plc:i5muq3oavtvjy5r4b5nadvtt	5.39164516343459	1.30239083643358
did:plc:i5nausm7z4wokgednctjoczz	5.13647720061271	0.919888905008529
did:plc:i5no2alvuepnyklujb6x5x5w	3.11774747392975	1.35825952896261
did:plc:i5wih23hgaq4ylkqlhk3fjv2	3.5970309009604	1.61794838863556
did:plc:i5zusix3smrldfipgwrthkei	3.72885158580623	1.49465005893739
did:plc:i66trd2gvtkeksucxjozmwej	4.12207886690845	1.7243210800346
did:plc:i6aekyl7o373neeijxqcxis3	4.12574522888112	1.37431376994249
did:plc:i6ebkboeosqasgqlhqwxgxdq	2.70977014266896	1.30731894508468
did:plc:i6fv3zb7xqybdq2wm7u3aaur	4.13553368938154	1.69525850543044
did:plc:i6i2ceaijcxvtiukdvpugggl	3.41015692255517	1.84075812552728
did:plc:i6ic6g54lxgr6ozvrm4ye2jm	3.46906321313994	1.58410697542971
did:plc:i6j76akrfirqbdcmldlxyrf5	4.32101720286665	1.41098454556496
did:plc:i6jveakhcwifjpxo6a4hzgfs	4.20806880147315	1.5825267085761
did:plc:i6qd3xgbdbuqcielyperwr7t	5.51443380573	0.950776346142984
did:plc:i6qrcwv6azhajyic7ztc47gw	3.52655867672159	1.32930332989801
did:plc:i6xi6fqcwilwudebl3rh42rg	3.28012403627603	1.56273326981525
did:plc:i6zs5l6q3y7qhulwhdh6jbnw	4.02349032164989	1.86192399783317
did:plc:i73u4iqew7zvgspan4lqktnb	4.41489364519137	1.32707170014785
did:plc:i74gva6q4gbvxbke3dkx24yp	4.16710026267808	1.32284602083334
did:plc:i74jk3ravxubfzemxnnyqbdj	1.98118461150215	0.887183155313683
did:plc:i77nin4y3wj7vcn4xemi76k2	3.99412836347427	1.06042734143348
did:plc:i7ca4fb7kduqa2hoazgszz4z	5.23560274158977	1.39500838287432
did:plc:i7dst7q6bc4x3wlfeeqxhjrb	4.21078302079175	1.08679956460014
did:plc:i7eizyurwzljqm56cjle5rzk	2.84845150080242	1.61353075512022
did:plc:i7kgxm5a3rt4a7lbya2tetql	3.50641437633784	1.33395041826214
did:plc:i7o7zqjn5e3giungw75xeujf	4.03480823347469	1.44444545711614
did:plc:i7olucmhksfwzbkzqgf3ojj4	4.13564444572879	1.82639362292808
did:plc:i7osyzhpexh46ozt5wzi62dd	4.00612702667803	1.39111782968021
did:plc:i7p4a7uaztesz4lyotnukg2h	3.64134391360392	1.58273167797214
did:plc:i7r4kgp6kpqcwkfpb5bn7epr	4.07558214774649	1.42890032412949
did:plc:i7sx34syd2yzt5lkvcxvrzeg	3.38954929713316	1.70134375723249
did:plc:i7uz4prnmqvoiojxzp3mshlr	5.0727854200838	1.01421096936138
did:plc:i7xfutyikvprrsb7ekpzciiy	2.95362648606526	1.66461859423213
did:plc:i7xjj33i4ed55ijy36ofcxhh	3.89399628231664	1.82290213465081
did:plc:ia4dpxdwuycyth3kgytytx2i	4.5606829703723	1.24483835249292
did:plc:ia5ld6ybkbkrf5slr3pnaom3	3.85233180377038	1.62303854186513
did:plc:iaa3dlrdtdsya53k7yqa65qu	3.8451652066704	1.45992925771078
did:plc:iaaguiw3akcagr7q25glifav	5.44358156897533	1.03889072114662
did:plc:iadrpx3az6bcerlo6gixykpt	5.41847201590399	0.672180994836885
did:plc:iajk5zw7o4kh2ypcijgh5x2v	3.69360162093433	0.330212836097871
did:plc:ian4tqfhabrzwcjf2ahsuewx	3.4357515370154	1.99842126573414
did:plc:ianiyvx2v7nfj4qx7ghxpu5n	5.18212403793877	1.39122795077323
did:plc:iapszxh7fcmi3e542whdteto	4.09711976145323	1.66008217473441
did:plc:iau4x7eebs6g6d43m5dwizuq	3.64626426968712	1.48772656032248
did:plc:iaulyd4ozvxzzvtrzgabu5di	3.64057024146307	1.72002417298635
did:plc:iazl2hnkmgg5jrbjnbitlura	4.07621585046118	1.59680952614419
did:plc:ib42j7qqdidak44tm72ospwo	2.845507961151	1.81341259336866
did:plc:ib5i3knazwgaw4m6btuy4fuk	4.69775711313851	1.27797576796188
did:plc:ib6rqpu6fm275br5rnlz7ecc	3.71015866426444	1.43737642635351
did:plc:ib7ntcnycgdvwz2x7hrtzndv	3.91081338029388	1.40953006732844
did:plc:ibcmo3f4sudkszfgf7zqt7vj	4.37187680898587	1.39401285689813
did:plc:ibeiyftdbdajy4bxfdqxeejb	3.81039710078437	1.92470537909508
did:plc:ibhdnv4yeqpmavvf6oukwmul	3.62102472740996	1.78489348088456
did:plc:ibjijda4et7wr53swj73ynza	5.21074567848783	1.44703932843672
did:plc:iboxw3x7dzgrkxo57vzixhn2	2.94700714782408	1.43654818469083
did:plc:ibsfffp4wfoqxuohuigpw7nf	3.48457361021844	1.09377031586424
did:plc:ic4inhlo2vugq57cxvgretse	3.5546231859965	1.62240737654838
did:plc:icbs4yl2ebvnkyhxo2irdisq	4.73073818685924	1.28777934319197
did:plc:icf342a6k7gcvpwrps6g75zt	3.52814611882916	1.58428887275187
did:plc:icfwyc6e2dfkuw7is7qurqv6	1.09033524299126	0.552776411749988
did:plc:icj766ke3ragizbonckotsgb	5.39471322962574	1.41792997526287
did:plc:ickuv6pmov2i6wfbuwbaemac	3.51822290086873	1.66032364822559
did:plc:icrvy3y3jf7qtb5dma6luvpv	3.30619284900929	1.77861069541147
did:plc:ict3444vlfovocnzc55hd2n2	3.25161145194112	1.77368694851025
did:plc:id2ounw7gsofxqvk3emgqpzr	4.13813194550255	1.25257043564905
did:plc:id5e7qammbpmeqyy3dlevfx4	4.41086269077879	1.14364806767443
did:plc:idjkzuttogwtdaczeat6pdju	3.8612722959373	1.30250971835075
did:plc:idkc34jrwwe4bkl237u3avq4	3.56498455737007	1.47188290822316
did:plc:idr2fe7zihgbskdno3ju76im	3.36261904799545	1.7678634853648
did:plc:idtxbev5ltyru7uf5zc4ixfz	3.9244020506253	1.84556042746577
did:plc:idv4skvbgnqng7oqzjkbocv5	3.24238231945345	1.71762560989847
did:plc:idw3wm76kt2liq2vixfcgsds	5.16092646704609	1.50401184438116
did:plc:ie3nqbtrbwxnmhdvyrhyge5c	3.57454367273561	1.01697502796963
did:plc:ie5m6i7dkzzlba3iy7pyjx7y	2.93302251201452	1.71382748969836
did:plc:ie63vlvxar73n7wchtclscmd	3.75215278387175	1.4179594749846
did:plc:ie6nxpjomnvtz25y4ik427bw	3.63272833088696	1.50845628809369
did:plc:iebimqjejh72hvwhpgxwgpvv	4.70184914436924	1.23881486306477
did:plc:iecfp5pwaxc4r74cxgkmaodu	4.11281368773092	1.39084596828891
did:plc:iecya2a2zhj2czdowi3sen2u	4.90007821583629	0.465625418003193
did:plc:iecysrzsqba4uhev4v7r5py7	4.53247610417749	1.43578159126052
did:plc:iedjrrdrxgzpvwxdiidl2vmn	5.33300586525484	1.03621449696366
did:plc:iedmjh7jsgrf6ak2lj6spwne	3.60656914661815	1.70647889936047
did:plc:ieez4xd6kkxnhwgysmcbqx57	3.61455333566541	1.63111396770402
did:plc:ief2xsq6sf4zrsmlkgv2cbxt	3.63164634954333	1.46997597884641
did:plc:iej3xvriir5iunodel43ybaf	4.04204210994236	1.10355150480473
did:plc:iepbpevuneandl3wtvew3xnj	3.70358695921176	1.87836679182439
did:plc:ieqxkehaos4jennpbaasdzbb	4.57968339446671	1.40071524361829
did:plc:ieswxhentx6ueksk3xutu7zk	3.32837466507166	1.67397722281081
did:plc:ieu7c63dan24yjxiggkmp2rq	4.43744230010442	1.11543571913033
did:plc:iez7e72vb6kvoxxcqu7bsiny	3.53427359013473	1.68685460704821
did:plc:iezomkmmr2pe2v7vxzehwbs6	5.01745391794689	1.14697684824944
did:plc:if7knqofj7ugsdulxyce23c5	3.65865202113047	1.43460065618384
did:plc:ifbk6pqcqqf6azbnzgdgx6dq	4.10653910712861	1.25358349542007
did:plc:ifien6d36jytokgn3gtzyezi	3.71838711523569	1.64900333568984
did:plc:ifjctt7hxwfq75bviugifmhs	3.5773016901134	1.27559607043933
did:plc:ifjp2rch5agvla753tk7tyeb	5.32003869910527	1.2885547489288
did:plc:ifkps7gqhcokf5eyge2epabn	3.123843984543	1.29480943818022
did:plc:iftjroptqk5cnn63b6hxnh3a	5.49151624966578	1.28075202393825
did:plc:ifu5yhnnuuvka27af2xrvn47	4.35167476731026	1.87360635198841
did:plc:ifu6cxcbz74wqdfyz3gcrohc	3.71888665889676	2.16731476373793
did:plc:ifuyscrjqhw5bfjjpgpbmuz7	3.74393449767725	1.31593694688863
did:plc:ig3lmw32m4vqkxpcewgu6zzg	3.98166501754156	1.20661080278279
did:plc:ig635pkwrhkbdeksfqjarux6	3.79049983725912	1.46596472990725
did:plc:ig6igaqixvnafmb7v3do3uxs	3.24937266051518	1.40398651424025
did:plc:igdgvrhxdab65e3zzsdghi63	5.30732769863665	0.957945975783179
did:plc:igiejjmzz6fm2ngo4u2qkweg	3.71811063679377	1.43112728125295
did:plc:igjbxv2kbmgmo3lefateje6p	4.25513738931486	1.2135952521049
did:plc:igs5rankrgyh4c37gvd6hpto	3.89251219050967	1.8302647612154
did:plc:igwh3zdmsglkjfoou5l4wg6u	2.76734919697266	1.32183961892986
did:plc:iha7bp5ls5cgrmej4vdfhxky	4.57954961114823	1.85685686321325
did:plc:ihbgcozepfrm2laiyek4on62	3.8818942682045	1.28401964703579
did:plc:ihbjrhqzugsqblekgue3fl4z	4.19849178141247	1.4560274433914
did:plc:iheaheo7llt3sjcl2gnmib4d	5.38306879335985	1.34775848422896
did:plc:ihhgbqgdmexvozp443otbx5r	5.29724651972592	1.32652211664272
did:plc:ihibeytysmodqt4pouxowylz	4.82295312921584	1.42026435227142
did:plc:ihjzaty6uvwohh6452r5dl6j	4.17379718456519	1.44230050337643
did:plc:ihjzogyevuzct32ce4sgzrra	4.80954130530826	1.16848011986056
did:plc:ihmsbejuxxw2xc3qselu7rtx	4.73486938802908	1.060018673985
did:plc:ihpv2hyr22zs5l27iu5m75af	3.4831376691346	1.55212623255507
did:plc:ihrdum3icquhgcucly3buncy	3.45273930555149	1.35532345182179
did:plc:ihsusbd3i2sdyhtqdvxfago7	5.75165643597052	1.1599486143363
did:plc:ii6527bsyokefn6pk3iq2fqp	5.17606458601849	1.38355380864713
did:plc:iiacrkg5eox3haxrqoe52ekz	3.51370655853012	1.47508812220894
did:plc:iid4wkaivmeg2tpldk2yfmlg	3.73164698257353	1.34501230520136
did:plc:iiqjxsjluebtax7tuke4hlcx	4.22687525870942	1.26213616005207
did:plc:iiqoy47ugmzqsjh46mwkxch6	5.288975653395	1.37084925895338
did:plc:iir6jl5ig3n73ib6pljbisqo	4.12920307894255	1.67795230087238
did:plc:iisrkqthqd7p4samr33zatgw	3.92882883571733	1.24331046782696
did:plc:iitansj6vu6etbmdit6zbnrr	5.39074006810846	1.51373696754656
did:plc:iityi6ewvh7effgj524uvo2t	3.80961477033125	1.51937358378641
did:plc:iiyn5cpgihebvjocqmyze6h2	4.51184477695509	1.36835675290502
did:plc:ij35vj4rynrnx3s6a7jdrp27	4.57319830346955	1.33305484585444
did:plc:ij4ewp2fh4diwbal3qs7n4aj	4.45760452805121	1.21613737883301
did:plc:ij542oluu7fsiv72qp3eh4yp	3.25136485394001	2.02692079467722
did:plc:ij5rlgrwn6le7grkim423d6l	3.13323950878807	1.91397943250354
did:plc:ij64a6ziarwuurp7iwzl4wff	5.26295097497348	0.992600049572676
did:plc:ijh6ohvb4pyjhl765a5ifpup	3.48761934061964	1.58422559160731
did:plc:ijjpmklolipcbxbkwnowx2pr	5.42142664507342	0.940934931304536
did:plc:ijml7ecxbstqlhz24sdogqkn	3.22311768311331	2.05020101074416
did:plc:ijopznzwvk455lxkelgi4gwd	4.11411131619019	1.6591062974458
did:plc:ijpzkf7uti7yy27gkjykm7gk	3.95676303030975	1.48606978806099
did:plc:ijsqsv7xlhtyeqy2msy53zme	3.34610454709436	1.83962483840725
did:plc:ijtyclh6dul4ozur2v4lwt44	4.11440872551736	1.24602775986652
did:plc:ijw4yqga26mef4j4c5wxz6hw	5.07040712074173	1.51556453351792
did:plc:ijxct2wzr6jrh534zqx6zfip	2.94318054828701	1.8066224453419
did:plc:ik5xm4u4dwh5opjltlc3vr6q	3.16553065217674	1.84435087166904
did:plc:ikdrvulcpkwsbsauezu2rtvc	4.16746201728514	1.39792024458128
did:plc:ikdy6r7divdxybrgytmxmaoa	3.27833358367982	1.63711352369065
did:plc:ikhyaxod3clbksuzh3nn3uny	3.84007862981223	1.40148892493678
did:plc:ikrl3qq5x6o2i4l7di5ffcui	4.42268441293546	1.39285380757721
did:plc:ikurjy34k2qcw7uitbqftk7v	3.74243667322746	1.3000509629789
did:plc:il3ae2usxo4l3ey7trkiaerr	5.1652257556978	1.61896900287562
did:plc:ilchf7bzuifct74parll5zmu	3.7666220611821	1.49586064188826
did:plc:ilcil56ukzjwxzvlcicqagbp	2.92583727615162	1.70252738634624
did:plc:ilil63ynuenp5veycia6h4h2	3.62115486065642	1.50390623255676
did:plc:iljmxsyzkmnusbsjqalb3ejw	4.72759940169067	1.54888546048496
did:plc:ilkrbav2ibesg6i6qc3gunsv	3.87356725351455	1.4533581697842
did:plc:ilpoe4efj2nhgr3k46wkqpn5	4.36223215608868	1.6814304760085
did:plc:ilv4erevds6atcqlgeqzwv46	2.94309228812772	1.32710605331385
did:plc:ilvtyqhgmkdbu26pfydvda5w	3.98149225072156	1.45075355605448
did:plc:ilwrtlsogu4ykho4vw7h5n6h	3.31965140192119	1.53277541552728
did:plc:ilygbyfbrh36ng6tydmo56ia	5.55323635957349	0.935284602175644
did:plc:im4xqvmww2te3sg6uu3mdzwy	4.92274082471763	1.04037801538397
did:plc:im7xd7ouc4jajz4y7gjerdqt	4.71007568872427	1.52356100278507
did:plc:imdskf7vbsa326ksk64hwyer	4.26005393130747	1.63264507263295
did:plc:immbpfvfzvgqikhsancg7l6v	3.63403817088889	1.40591708631442
did:plc:imrlodqqjbla7mf2hfr2auey	4.14783343567568	1.41277829775478
did:plc:imtopto7c53t3efjwb6b4j3h	3.28308578035439	1.71398100381138
did:plc:imtv23w2vmbfirykrv5buydo	3.4871517367909	1.64556627329034
did:plc:imvve5uw3zo5lzhycxvazr65	3.93898027199404	1.61934132628091
did:plc:imwgsmts6xiyg7zqjugrea3k	4.54698232931709	1.40550164582119
did:plc:imyy55l47jtfd7tfoxeikkcf	4.07316973438221	1.56733807652659
did:plc:imzljk4vaggj4ulddpm4tjfx	4.8136341820478	1.54378919474909
did:plc:in4uwxominejsa3d24frckqm	3.65297856899573	1.29550013878595
did:plc:in5g7skzk3eeyykbs44f7hcu	2.81532789116793	1.33092474665176
did:plc:in6ijrnrchnegseyehreckkp	4.40435199127816	1.70790682706979
did:plc:in6mradkqqgu2cyh2bbrz4jz	4.75034757563995	1.00890665537056
did:plc:inbkgapozx2ltonbrfj7oviq	3.21426796414657	1.92083409333543
did:plc:inhvn44yaa6mvdzri6rfv33c	3.49282672211227	2.14551592158512
did:plc:iniamb27xnipeieeg4ufneuv	3.3115981882088	1.35499644120689
did:plc:inionnl4fygofqwsphh73f7t	4.78062387398547	1.47722572007535
did:plc:inipvb3kabceuxbbeqmzctg5	3.41786387115422	1.42207147314084
did:plc:injpduvyo7yztxka4m6zzq4q	5.39955566066926	0.6935967442576
did:plc:ink4xa4bl63lw3f2ljielvx3	4.45966030051324	1.51636177950788
did:plc:inpnoenredkkkwx4q43u3xsw	3.90439979252486	1.42376113617515
did:plc:inpzulspoohddhgecu5wwwio	4.0573110205682	1.41931769220322
did:plc:inubbc252tdv5vqnglenqewv	3.16920068886252	1.50324886155408
did:plc:io6vcu5cpbfxzo5sc5g42qrm	5.80797560836681	1.20310347947523
did:plc:ioaxhgwzi2enyfw3spo6nb2i	5.08114427346829	1.69543850724124
did:plc:iob2e7qo2o5l3rxee2jpq3rz	3.62168401328812	1.42485132631468
did:plc:ioe6r5ilkhq6y4h6bwhbnvde	5.23016483548593	1.36072219666667
did:plc:ioesv4f3yl6hjuvjsf6nwcxv	3.80457883939977	1.2977399921836
did:plc:ioiacsupfxdpbmsbgsob2fyi	3.60755027695153	1.61121501399116
did:plc:ioov4hvaajvrta7moy3u6ezc	3.38386370369543	1.29707690761916
did:plc:iopiz22pn3rwifzslk46hu6j	3.99028867143013	1.50293384838614
did:plc:iotg4vjonzqjhj3c7lduegjd	5.22799594749904	1.11959265367311
did:plc:iov6fbdlx6hxyagy6btghq4v	3.7352416063162	1.58257553181661
did:plc:ip2smcdarzjcp3cd7f4cjqyj	3.62694171202802	1.6721491655704
did:plc:ipabebkp4txnbenvit6f6llc	4.49225189921644	1.56654671712263
did:plc:ipjn5iekhl7swnkbmjvfbozj	4.07635555860328	1.5512571021079
did:plc:ippmql2as7wnwxzvbvj476q7	4.26260794236322	1.3814749985857
did:plc:ipymt2rwjhtjdsvbomd7hmut	5.41217507019628	1.69930787814346
did:plc:iq4fv6h7zg5uzkiigw5sm4nd	3.27201338224966	1.48131585355289
did:plc:iq5uninsn3ovpycv7rkth3ik	4.19032614501877	1.97373023916234
did:plc:iqdfhzhbgthfn44bs6dl3ai3	4.44704014176754	1.37045209165165
did:plc:iqemrlpbalqkzitn3f73xzct	3.5965529101525	1.37030753304065
did:plc:iqfxmnon5dohk4krkkg4pzt7	3.17878154463395	1.45300966665985
did:plc:iqgchkfya6uftsgnhh4tiezc	3.3293238613364	1.42877977677109
did:plc:iqgcx5igwrxfnfprrdes5445	4.28030436424299	1.93057939774258
did:plc:iqm6z6ngu7vyie7jva72imtu	4.91224187008526	0.917147065116992
did:plc:iqp5d4vz4tda2c5locitidej	3.4600191017389	1.65897976136519
did:plc:ir62irqxwqa26m33aqcb2vde	3.71833133767906	1.66110407304934
did:plc:ir6eh2mb2pfs66j2d2bxq53v	4.98253354065456	1.74833612224376
did:plc:irewn2zth23slwvycykrywrx	3.80306688691342	1.35115316723238
did:plc:irg27kilp735wl5oegw6vypp	5.26023720012259	1.2302022052802
did:plc:iroqzm7itesamt3blzyomwrz	4.12504004694593	1.55221340131867
did:plc:irw54uhnuib4x6kwgbmwj5df	3.9574417130169	1.34421029826737
did:plc:is7mtapkpnvxq77sxyv64xzq	4.60765089008662	1.31183956472839
did:plc:isfrwx5qsi2qrqfpuzpdixli	3.45997878480445	1.77606419742284
did:plc:isgnok5xqk7nalsxa34tfyvk	3.60593508451484	1.41432204612621
did:plc:isjzgvzyg26trur7sn5wihek	4.69625896075262	1.6454855851045
did:plc:ispobl432enowlcnqaputkbq	4.43085116925964	1.49826281972155
did:plc:ispsjc3i57tpxjzxcmluwntj	5.20536134735227	0.92170438937306
did:plc:isvraymbwixvji2futpzc4m7	3.863097839388	1.40190837721449
did:plc:isvv7wuteqfpss7zei7zy7a6	4.52045668025291	1.51288779903243
did:plc:isxmkrkmytjyr7zs5npcbohh	5.09215030169477	1.09674604100097
did:plc:it2xskrs3b3b763uq3zhcwfu	5.05970585290804	1.08815260683237
did:plc:it4uqpymarpyw43od6svmguq	5.9758790306475	1.19637515596012
did:plc:it74rbrnkowewrdvebdplbzm	3.87293934250123	1.28505314552908
did:plc:itiwccu7fcc3zer6dcikaloh	5.02206453211903	1.50486102218693
did:plc:itn2jmapirmk4lwdd5jp3uuk	4.30751618830642	1.09591753482158
did:plc:itolgjk6ydjxz3m52yhjhjt3	5.39602144700206	0.716112399399197
did:plc:itrtbevjherc6pcnjvzgf4gg	4.98737848513657	1.04566346130085
did:plc:itss6af7jq6axtx5g3atsqex	5.49811018725167	0.76807789170023
did:plc:itug2a6qmc7lbdaza3yi2wvk	3.78421253033398	1.52564008788408
did:plc:ituhssv667cwl2oq7tphplkg	5.29907369655362	0.673672146453029
did:plc:itunnakm7ysvambl7vq5qenx	3.73710638067952	1.42323383801715
did:plc:itvvmrfnslw2uqnoorh3hk55	3.04343267179945	1.55957968247876
did:plc:itwoalcanitj6qntgafd62wg	3.95600684293316	1.46932443272235
did:plc:iu2dtyksxq534curooamcf6w	2.82577457737194	1.60470127563998
did:plc:iu32pd4oj6bch6krla3untob	5.2494615229759	1.29219613185828
did:plc:iua7z5rpjheueveemepbxrcc	3.30754622420407	1.74493039443978
did:plc:iucqgajofotnovt2qgfrrhkn	4.01400065092555	1.37706336608432
did:plc:iuq6eitd6pdpm6nrv2mhuvtl	3.05299586614853	1.63365083159263
did:plc:iursobihwnudlbewatflcjcj	3.93181990552483	1.54148453433839
did:plc:iut5ebe5pvtickc42b6kxz5b	3.12356832924571	1.79125421758557
did:plc:iuw4zyxnfe6iejmkhx2h7brw	4.25082585241072	1.47182862836673
did:plc:iuwniyzvyng46c6i7xbzwhfh	3.92892850417772	1.55764656080146
did:plc:iuzwov3ucqnnkp5zpnssuwrw	3.59215587227655	1.56353974870799
did:plc:iv2tu4tisz5mfkdshnad2xdd	4.20049056093346	1.49203721573008
did:plc:iv3agxgaiipt54n2si4bvmyp	3.60463803208838	1.4376183196228
did:plc:iv3d26sldgtll5qjvhuowd2f	4.29091702868365	1.50271123599668
did:plc:iv4mvjw2rjlzvxkchydpzwwj	4.50993665630297	1.35027066328632
did:plc:iv77lguejfkx36y42smbutyq	4.31354502169936	1.2784123120457
did:plc:ivduaetuda4mtlntpwqqozbk	5.49537878162027	1.01306452884299
did:plc:ivkfnxlflzn7uhs6gk6xtpzj	3.70106005033099	1.27933861152366
did:plc:ivky5cr5acfk45qxjyw7avlj	4.42681352480538	1.52316226305294
did:plc:ivuyj4nnqvp3gh2mvnqmh4it	4.19166682949039	1.51669021210491
did:plc:iw5vcuaqa2gwzvp2ajti6da3	4.09390979746888	1.87354037953501
did:plc:iw6vnn43gotojqcv3bkson3m	5.24008655503305	1.017497251875
did:plc:iw6wsj3sorxk2lq4tbmglwam	3.67152352619419	2.05613649416679
did:plc:iwalz7uy6xbhyw3gms62atzy	4.61058326401029	1.96729125837959
did:plc:iwocr7a3wlgov5kbdxfartov	4.46438342659332	1.66194953896519
did:plc:iwyw7ml7rn5xx3zkxtso2qra	3.99016859036748	1.37382991978397
did:plc:ix3ddhffzewew2vsypvedz7y	3.86192818287449	1.35365856340858
did:plc:ix3rearnhr6w5kgb5ariyiln	2.6577885859754	1.52860897548795
did:plc:ix5emmq5zva6qfj7wvezoei5	3.16732732225744	1.21862200223251
did:plc:ix6by4urhjy6ycm73r5e3stz	3.88453492868191	1.0293030917234
did:plc:ixbvr3u7bil6eypxixwro5hf	3.78223781655472	1.2936007724151
did:plc:ixgf7ezyajhwx5ksr66f2lt4	3.73176334343377	1.89376658320907
did:plc:ixjikuxenwjbrwge5em5cd7a	4.49088548737516	1.03137244130323
did:plc:ixlfeybvwj5m2fo6tb2pxsu3	5.53336104917732	1.22678927123451
did:plc:ixm7i6ysosg7zqiwyirctebx	4.48645173621971	1.25590185525749
did:plc:ixnnpqyh2hrhtagibqsgzznj	3.19989887019677	1.63791520424352
did:plc:ixox2m73duvwr4yxvpbpfji4	2.97182732915938	1.81667744114397
did:plc:ixqekl6xhq7u2siew5xavptw	4.44897693566698	1.3394523609373
did:plc:ixv6xb5grlfr2f32rwfu2kuy	3.68339553617869	1.74566825898848
did:plc:ixvglucmk5pgoks4nfndm2ry	3.11101709307781	1.53975860056289
did:plc:ixw7jw7nyjpnwekokegpe5a6	4.56919902439395	1.38956434375803
did:plc:ixz4l4jqs4dkh7dgry4divmf	4.24120178624352	1.67907734091693
did:plc:ixzwn5n46t7pgkgojzcvkhfy	3.76992875263403	1.52270884453178
did:plc:iy2nxa7bockxxbl5pundl26d	4.30880275686104	1.55882107838818
did:plc:iy2p2ne22jwsmwrw2rsqr4jw	3.82705722912113	1.57526239317406
did:plc:iy4ahggqaeltbkseo7srahpn	4.12798003513116	1.5419149675741
did:plc:iy5i7xbyuj3m4tvbctwvt76w	3.90281544989026	1.06907745098659
did:plc:iygq3wuejr2jingr4hyolne6	3.51752928880496	1.73145366119685
did:plc:iym5wrffuyoopdbnocnpdz7g	3.5922716733188	1.37664070036112
did:plc:iyq76krfm77ysbesx6j2en2f	3.24974309925705	1.38918682854357
did:plc:iytrre4ly7w34u5g2vtn7hok	4.49391768115616	1.31322188760004
did:plc:iytxrupazbfd4q5bhrrdosni	3.56595180834187	1.46000061988657
did:plc:iyxjentbe6tt42pgxcb34wbo	4.30089073644935	1.34752261170568
did:plc:iz2zabr2aflqxtqcn26vis4c	3.19656471319521	1.98807935615886
did:plc:iz3emhmrqjfu2mn4nz6qwen3	3.93970645843474	1.47952498006494
did:plc:izaerr5mnr77hej2d2kga75p	3.19999067214939	1.7351324226016
did:plc:izamfu5vz3o7iby4buci7sfh	5.34423635200379	1.00743574290944
did:plc:izhibrcmk7yio4h2slm2k5nh	4.50347499004525	1.36296959334155
did:plc:izhs7n7zpdvv4hr26pbbm2pg	5.26135366611751	1.05394719884819
did:plc:iznzz36rhvbkhm6xnlmulhfy	3.54323821622446	1.9076112165427
did:plc:izo2sy6mpdcjf3d262qylutq	3.30559227016124	1.23594596579396
did:plc:izoao3tda4e2i4kg3jg5nf3w	3.529343547346	1.36291701947771
did:plc:izxgxhavqtdllm2hknz5omfd	3.73226777465337	1.77191774990959
did:plc:izxzl34nvikl3l2tg6jdwqff	3.11841691982895	1.78275572573129
did:plc:izy7n4ry35ori44oitvqm2cg	3.04825227454486	1.7392116727912
did:plc:izyoicsqthvug3v65qkmaops	3.96094313612046	1.53058169260194
did:plc:j25aayv335p3uqdmygl6jstd	5.61029782242619	0.786661108091522
did:plc:j26k7g72srivwouppcxj7mfm	3.93247287653463	1.65202398570387
did:plc:j2dv5utcqyhokj4f3jsgmfdi	4.41609420175045	1.19521500746742
did:plc:j2e7xbxq4n6tlifxpblfw3ky	3.53993501913795	1.35487928375151
did:plc:j2ht6g2pkovcznra7xnsgfwt	3.3919706628546	1.53142774521242
did:plc:j2lbt74sihbopowe43342nqd	3.2600024192453	1.61213231072031
did:plc:j2lpeimqmgv3pvpp4ifkvbuj	3.65441688493602	1.50414266921212
did:plc:j2r5xqom75ls5jmp53dawpkc	3.11724079236932	1.90705696211627
did:plc:j35ydww5l2zuke4fvvra35ti	4.80989374398547	0.950532657605366
did:plc:j3gv7s7mxzfcvvfdrip34jzn	3.43150808094892	1.72763234917275
did:plc:j3kt54asg7k2hqy4rntnwaki	5.38310257773123	0.858143374294972
did:plc:j3nyucxnl5esmhllkyquoe33	5.49407825394116	1.36869456914885
did:plc:j3pezaus5dzo2hr2wryudy4j	4.90900198645	1.40048127556429
did:plc:j3rsmba76egwvspoty6xbzcp	4.1485922792547	1.14123366227086
did:plc:j3wayvjxp54rx6kngxa3jmr2	2.99778381007347	1.48556434463217
did:plc:j45tmom6chfqlxeg4gok5olw	5.51403999375085	1.09596875293514
did:plc:j47r6inihos32n54ch725pjy	4.83628470364749	1.34262450498615
did:plc:j4etzyjbth5lrch2ceh2srjo	4.50435605757745	1.66761296214703
did:plc:j4m5hr3i3maycz6yhsitit4h	3.24818434214542	1.81450969321553
did:plc:j4p6ty6az7akz5zjbkvuu2se	5.34651592868616	0.97337188146381
did:plc:j4qtzq7jtljqrgjv6y566v3y	4.03258339407113	1.27148409227744
did:plc:j4vz6hje3pfzg2d5vxf73gfz	4.65578545746842	1.60144394925527
did:plc:j4yd2wxmpmqeddl35qxickfe	5.47932318771451	1.88334310077823
did:plc:j4ymem34bqme4by4az7yk3lg	3.12114386442823	1.76582623855575
did:plc:j5bifuqwp3bw4p4n75qslqiv	4.18868124562365	1.47650349043221
did:plc:j5detzod3ynu57iwnai24dtq	4.15001982086796	1.74965971308128
did:plc:j5e2szumrtzayvimbxozlsbw	4.09490894804366	1.27984451032655
did:plc:j5httsa2fcwtvw76eabkxqch	5.3825262354255	1.36176425986427
did:plc:j5kzbrk32wuwwsoojshiftgz	4.98262729744017	1.23495136990607
did:plc:j5mnjmv35ek4p6uxstildpxv	4.81484950877312	1.28587581462529
did:plc:j5n75k277r3swa3tmmswz34j	5.53089731017601	1.2377397251274
did:plc:j5swbxyf4pnd7j5tqvaii7xc	3.26530536310435	1.39841167901923
did:plc:j5yggw6e3kn2ubfmebv6treh	4.17784931432318	1.21049702574145
did:plc:j62ofhdl63a2worupym26uyu	3.33867000919331	1.67362489171225
did:plc:j65xsikz67eav7z3drymkeh3	4.86622940066143	1.7259439439634
did:plc:j6f7rggjawxym773mxl3pp2o	1.83166153573303	1.17213219100503
did:plc:j6fcpamwdtvdpibfw7ue76id	3.14346138597296	1.34065532921257
did:plc:j6h2rejzfp2bpgoesfv36t4e	3.26072979703762	1.41132625958543
did:plc:j6lizk553qrliuhamewpfym5	3.92823808647176	1.21630132107629
did:plc:j6n772nlpcxczl46gnyh6qcb	3.42554532405753	1.05099039426135
did:plc:j6qcgkx43bdeorcslrgxez32	5.41775698636173	1.19623391059673
did:plc:j6qhecetn325lpc3ijonywah	5.6067537518334	0.551977595867265
did:plc:j6urqhney5xy5jb4lt5iihcb	3.41020407986692	1.33038225816351
did:plc:j72galchwuppuni2jhbrddnz	3.04822655367036	1.44297536240397
did:plc:j74vtuzdx6gnsqyo5b4uwyvm	2.63946166156824	1.49380122889874
did:plc:j75sjd4px55zkq5evwrrj7sa	5.65584801245496	1.10336558055803
did:plc:j7bpbanu44iytssad7v2xwrl	3.53184294830094	1.62802670229311
did:plc:j7fswojibknagj7qyyk2vmam	3.57440527210239	1.72306623271898
did:plc:j7j2l4cy6kqculjbkm3shwof	3.76084842259761	1.53588936759339
did:plc:j7jitvonlrx6lmfrlptpicbg	5.07589085181355	1.10850036821768
did:plc:j7lz7f7eqivzcynfn6gml2mc	3.97753735420236	1.37216981980499
did:plc:j7m4fchrzncqqh3srqt3lgw2	4.77747680148042	1.00003058909523
did:plc:j7upjgzphpjwdsbekyvsclyd	3.96262047042773	1.37791043923577
did:plc:j7ztjliienygj6hxw5wcxrru	3.97186675869183	1.58164006267075
did:plc:ja7ihb7vn2cnq6qcdonw2gtg	4.28996459207354	1.13662507076298
did:plc:ja7yx2ulotqyakng3e5wn7lt	3.82619954577968	1.20333828515091
did:plc:jaah4cabo5vdgdsbcqta6ub2	3.12474585825655	1.49547413622652
did:plc:jal2l35cb5cxmlmau7ffzl4c	4.94720981721803	0.785260519784453
did:plc:jard5l7twjsegoqkrqlyh273	4.22947083222824	1.7247874138041
did:plc:jasxigeojzunsrij3wl6p76e	5.39593555260467	0.827131401221012
did:plc:jau2bbak37uiapthd5h4x57q	3.30245112280707	1.47523940246948
did:plc:jaubt3bguy3xi5atf6xunq7h	5.45417415199912	1.2964070455746
did:plc:jawgkedvmpbychow7hfn5pnd	4.0513128356231	1.4779899767183
did:plc:jaxzmujfov3rhlxpwaim5ve2	3.2330521844717	1.66958985749596
did:plc:jazesv2t6vhxmets3uzac7s6	3.9047545457152	1.23151663189887
did:plc:jb2htgrvvxqnex6ufgxgg35c	4.15059746805899	1.21648682289124
did:plc:jb6cjud6rs6evhhbxbonkxg5	2.7475944782555	1.55426738040438
did:plc:jbbjiuwlqlxvaezq2zszgyq6	5.08963374777828	1.07655140176231
did:plc:jbk5z7kammph4f6pruyirsfi	5.02837857164567	1.66057986396881
did:plc:jbk6ffrhi7mmtxxe2xrrwbut	3.1239542863891	1.6499355840698
did:plc:jblmckij7ltzgqly7ufhgtji	4.48175754498165	1.25143479271189
did:plc:jbo7qrercdzuw54kivk4hujy	3.85370531363113	1.67262985663935
did:plc:jbu35u4m6sjcmxe37ltddd65	5.00090974448505	1.16223968846494
did:plc:jbudgq4p3icsxvlznollsim4	4.08378338566394	1.35040774112461
did:plc:jbufua4rmq3xgq47cgs7kbll	3.66847144575999	1.56494473419219
did:plc:jbx6ywxmofeookknnzg7oxdq	3.37288619287922	1.53253813926421
did:plc:jbxdd4abpwayslsmqtemxebc	3.68075087170103	1.60677689785805
did:plc:jbykny4ghuvyyh33kqcdw6yh	5.2595252219493	0.952048049689745
did:plc:jbznm627zff2g7vbxfna2ae4	3.75492349333884	1.55253319285401
did:plc:jc52po5gcgiqliceutgewylf	5.65294886913127	0.933300025659626
did:plc:jcc4z7fo4tcmgzjsz7ml7etz	3.14896805497712	1.79201338945333
did:plc:jcej4dlg42hief3cqsyrr6qf	5.26855832537826	0.959408799507992
did:plc:jchs3ztyeck5qchpzwc5kqib	4.23998232676896	1.25995554660806
did:plc:jciehggumpndusel4tpq6zpp	4.22269136892698	1.15102684604695
did:plc:jcku52aqgerrddgatcdgapmm	3.35538599698825	1.64764963469883
did:plc:jclc77awvvy5yfwqtkcd73ky	4.0503940850988	1.32326530642788
did:plc:jcljc7mavxxt7urn24tgndyr	2.66328922732823	1.11344409616517
did:plc:jctupu3tzinuhbdsjxm4sldd	5.58591685701728	0.81048237309001
did:plc:jcukywq46rwrziyuhgbuuiea	3.3654905269511	1.74704816704304
did:plc:jd3t4jqvpbppja4btvorvb2k	3.66329388169378	1.68942467365752
did:plc:jdbnq4x5d4wrraw2oxd4avtu	5.02581787630204	1.03997715341783
did:plc:jdoz3skh5y4hw6temiqwxwvp	6.2783762773231	0.934933566603133
did:plc:jdp3laxzdalwg7zlou6d7a4l	5.78971538823061	0.945811625206276
did:plc:jdtf4fz365koaddlprzsynbd	3.51058006718504	1.44882830336933
did:plc:jdwrk3iktwyloae7szv2b5o3	4.30266177161588	1.43797718509205
did:plc:jdy422z5g6iponmtnimadouz	4.83783886380976	1.18248768008482
did:plc:jdyazxajbhwrttbxc6uohah2	5.51568892707223	1.27466372243823
did:plc:je3cw7gt5k6dmqlakgnffrc7	3.91042439463978	1.70050708892876
did:plc:jed436xcylke2j7jrzmytoxv	3.46966749100249	1.44687192088753
did:plc:jegi5wrwmv7eyqhfu2kqe7uc	3.58250084398945	1.30945899066143
did:plc:jej3l6cknrrcf6bcptyfcxgl	4.5752019919383	0.864199863612114
did:plc:jepxjia74lwvrdjrqorheq6d	5.39079699970743	1.24418195661692
did:plc:jer2s6v33lyf4i62cce2yqqu	3.377975017052	1.46084674560758
did:plc:jf6yjlm4y3usyagxducxtbz3	3.68981516665276	1.35727897996726
did:plc:jf7js3hm34unyrara2jvbfl7	4.27150557491566	1.45754335273235
did:plc:jfdxvteetrnvdiwz2d2ehmty	2.69970293192046	1.62161492582978
did:plc:jfeugbfh3njhyo7ly5uq5pnu	3.60696340647371	1.9057713566841
did:plc:jfhiqzur3t7sboeuesdr2gzv	5.04175739277948	1.10825969972291
did:plc:jfijnsp5ym77unshvt5ufgff	3.82723274025074	1.99056537290033
did:plc:jfmm574i6svhrxm3a37byxby	4.15817311589205	1.37651181323984
did:plc:jfxop2vauoqsdv2uebudkikp	4.86503896165228	1.63637494891822
did:plc:jg3bwjefhtzqqijbknzm7ytt	5.23074252028422	1.14270257103456
did:plc:jg3xexetxryatjlprw2guui5	3.57089098169644	1.64293407859986
did:plc:jgitae3kwikotv6dq3zuzam6	4.8928048577195	0.955964040905113
did:plc:jgjjstp3kp6vchoyxqydkhp3	5.58984272407641	1.01507006570493
did:plc:jglhgfns6oyyga7lbrx47bsi	3.99361633697747	1.42821273911345
did:plc:jgohjvnrfyzlh5r6y3fqisuw	4.34731070143264	2.12245036781878
did:plc:jgr3yvurykh27i7trnjurqcv	5.51523864864429	1.04463197679376
did:plc:jguombimfbh6jhmpyjduk6nh	3.94317741662726	1.59773115346102
did:plc:jguxwkt4jjm53qei4m22pm3i	5.43962951884976	1.03987826306351
did:plc:jgvj2syqf3f4r6l7f3ppejnk	4.46388110674116	1.35695548642766
did:plc:jgythss7qtvwcfek2llchlio	3.01300145838843	1.38112401065382
did:plc:jh2sulzl3nz3lo6lkhvvb7m4	5.286451727588	0.942985850838335
did:plc:jh3mt7bqrfhc4vban5yyqbt7	4.11454086298124	1.70075613754458
did:plc:jh3tvseqn6lv4m45p5wremb6	3.83862984584022	1.64857769608788
did:plc:jhehmdhyqkeb4z4rn67kjk3y	4.47870174153773	1.77055705566249
did:plc:jhgzt365g74vpb6ghb6lih57	5.71400187074294	1.60946412768738
did:plc:jhke75n4qayjfdqohk3hqqfk	4.06648252296234	1.55386487138404
did:plc:jhktxar2jnsdbgmrwxpuyszf	5.45247907414998	0.970139409369585
did:plc:jhlkg4fcocqu6z36q2qw6ots	3.32015118296682	1.7380735197912
did:plc:jhlvf7pwigjt7mnybmtqrf7k	3.53014729723127	1.74734689683498
did:plc:jhmefq5v33hzyrizi4gxxdne	3.74731022032112	1.38678738043682
did:plc:jhndv2ueuu77qaiw5ivjkhx7	4.81135825091954	0.798644968321133
did:plc:jhnzpyzwmyoczeztzxwh4g4m	4.43825326093141	1.34526251950778
did:plc:jhq4m26nats4qsyic3ml7hel	3.3116291014342	1.51874395384843
did:plc:jhtii3kvv6if27p7kcbxxcqo	3.53530092803957	1.94164527417415
did:plc:jhtjs4w5fatokh7leyecnjh6	3.43106678983389	1.78066674766319
did:plc:jhvjogmovuwlw5tmqkfmo2ze	3.77374799835637	1.55009309384517
did:plc:jhvwscdi2lvur5mxwyc3les6	3.3091079291291	1.60411822126589
did:plc:jhx7go5xzrnlm5qwpgij5bnv	2.8651150548808	1.46327117833392
did:plc:ji3s5th2mjgy2txkprrk426c	3.1960289000452	1.63427289137899
did:plc:ji6flhxoysvcbl6zfhpuh5fu	4.23824102554893	1.0049470575808
did:plc:jib45imys65hk2rhm5t3eu3j	3.41221875058683	1.78891059611503
did:plc:jihmr55suqtbh5nrr3zxur4e	4.74214054581093	1.62164797011386
did:plc:jiqjl3uiscvfytrvqxadjvag	4.38778666319917	1.46136665676287
did:plc:jitdylqahsooozevqhgo7a6m	2.99682913842257	1.58828753894091
did:plc:jitutr5eevuowqoksks7zubp	4.21142224193141	1.47212401193465
did:plc:jiznwsyxokd7pv2wi4mlecbe	3.51502371943283	1.01355081699403
did:plc:jj5pa2tbw6igloza4zatdu7p	3.49563144126227	1.67346687838506
did:plc:jjdq34o4szdvkr3d3qtkevop	2.60140847444787	1.57433785356503
did:plc:jjm3ayueadyak34fvwsliw5q	3.00504190767709	1.89315947780092
did:plc:jjnf7v3hvuifeilipqpin7xl	4.03175237636585	1.22983743004826
did:plc:jjqmhm3k34qr7gqo56uvnd32	3.79669582628781	1.39424691264315
did:plc:jjrgcmlns6ulgkznanpegyaz	4.45080387983611	1.06495426882467
did:plc:jjx6mq6hxwzc7sbdjj4gih6l	3.43486356560718	1.69387435289907
did:plc:jjzahkh3q6l3ifn3n3enzksg	3.96220289845485	1.59727279504179
did:plc:jk24mxg6nza4tkcndj253zrz	3.11598773705338	1.75322175989118
did:plc:jk5mlk4hpq2cczr44ogynidz	4.99462178588479	1.04528321950458
did:plc:jknc3duc5kmti6siyfdoiyfb	4.90418552957943	1.13748977865797
did:plc:jkqb3auykhyruswfsr4sxkh4	4.19226130910492	1.2384258615778
did:plc:jkrql6runbtc3556v4xwt6bo	3.83135857037216	1.65814458093204
did:plc:jkygsd2v236wg26fyqksinx5	4.29260339232426	1.45368655395126
did:plc:jkzx4juvc3fllraqdcvi7ezc	3.60008998675958	1.29069608104167
did:plc:jlhhxemxxaazdt63o3vyapkh	4.4904805206729	1.55784589763858
did:plc:jlihcpcyl3nnem5wbcq25pu5	3.04929317664142	1.39892111935445
did:plc:jlj7qbvtvfbz4cts7losz66h	3.33476243521118	1.537238579537
did:plc:jlnzresos3nwis6wgadav56l	3.26599073185133	1.42401445351639
did:plc:jloqa7w6trytm6yc4culq22t	5.29269519735971	1.11418465042385
did:plc:jlt56tf3qiw5yy322xcun7go	4.57728067730953	1.05476155682963
did:plc:jltj5zv7sfe5seroq6nhbaxd	5.00879122634892	1.03992367520955
did:plc:jm5hxg6dnmwc6dcl3jyxk2hk	3.89270831819169	1.73479626505956
did:plc:jmhdhkqvofdj7v5gkprfejzi	5.19598316753755	1.1642561808479
did:plc:jmq7lqqhroxysz6ig2pz2kr7	3.72417938117902	1.80702982515801
did:plc:jmqyybhqm47yyrwin256y6eu	3.83634685645581	1.65120501000345
did:plc:jmtnawmplc5anp7dh5scy22a	3.68164925065819	1.29946187836396
did:plc:jmugsf3wpcyxqfknjqylmk4k	3.93776990369345	1.72394743290617
did:plc:jmyx2ye3gwqerrqijlix7wgw	3.40065460525848	1.91603148243219
did:plc:jn35yxf73iga3ieypomx574r	4.68739570533307	1.41302037760137
did:plc:jn5udoag2d6zmnbqvgxehydp	4.79964203564372	1.71437795252673
did:plc:jn7mn67mfevm3zjgekodz3bs	4.3241814889744	1.6618120030721
did:plc:jnbrbbvrc5wcvszuyzklkwnw	4.05960121224475	1.29152440026868
did:plc:jneciehvcsgejfaytwcnaemp	3.08882186989616	1.53859024656934
did:plc:jneq76wvxa6khytmr5aaj3j4	5.30906686657798	1.23552171378919
did:plc:jngcbsvryaetq4ah4d2eqg2h	3.56853994200089	1.59000893893606
did:plc:jngd5tjri4pq4auyk2zqqvce	3.27564401385222	1.42195000929099
did:plc:jnmoa42dmyloh4jwrttdnzjq	3.69700684384257	1.47039777557008
did:plc:jnw66uaia4vy6pzxabpdcj5a	4.8420290907033	1.13837420484656
did:plc:jnyybfrgyq6bujqxzfyorehf	3.7099139587618	1.67719247261841
did:plc:jnzojjpuhtsrtbfdli7yih6c	3.58536987313318	1.53934743587315
did:plc:jnzptw2frp6rf5j5tseek7hn	4.11286166286263	1.1085591190353
did:plc:jo346ef26jjq5sf2a5hxyrya	3.1648137275334	1.74627964984344
did:plc:jo3akquqv3u3dabfxj6liykh	3.67776205499603	1.68513814378736
did:plc:jo3igdf4r4rx3fttybupurcq	3.91218111563558	1.66094223508973
did:plc:jodtxt4bdyrsazp3vpd4huu7	5.5372796983507	0.968175520486529
did:plc:joeglm2eytlokrjodcotheyj	3.3036444692814	1.6068752665961
did:plc:jofe4hsiglseo4hy4mikusmi	3.4117831260549	1.59291108160832
did:plc:johea5b6r4jfx2wgwksl5kan	3.93756016520614	1.36528971089772
did:plc:jorklvjnnlbdzapnluv3vlt5	4.07576497950684	1.17619433478319
did:plc:jp6r5zcykkv3w2k4ixekfuch	3.07243790563444	1.69001689317533
did:plc:jp7nvf6k4nwoh3pcvzepztft	3.58405276894798	1.33755141178114
did:plc:jpbyspfonnmopn5cd6pws7bf	4.64391052229667	1.2336195668412
did:plc:jpc3dcdkfwexcehuf6ftudds	2.90752001853414	1.88469277319863
did:plc:jpchy6hselsjc3jdc3zmyx55	3.68339414302669	1.41791213809037
did:plc:jpdpl56byaay5jfvdvng5jft	4.66630493648686	1.63306991902929
did:plc:jped23ccocnnmjw2bsymuaxt	4.3919634694896	1.47296570657725
did:plc:jpgy4mgqkvjizlq44w4jdcvc	5.87811455407858	0.814280423265583
did:plc:jphbm2yvg2nksbnt2udytuvd	3.71814554631671	1.71270975046649
did:plc:jpn2mshkh27kezcyuy7jj6br	4.02693924503958	1.37903481389658
did:plc:jpnlha24hjue57gih2f5y6r2	3.29153163025506	1.72691808695611
did:plc:jpryortqdomahg2jl2pk5dee	3.10065531679753	1.6795628761553
did:plc:jpsrhajwkh7bkiiznxr2m4u5	5.23276439493812	1.3425272393234
did:plc:jptkgwkgft3jecmjrhddi7dp	5.86606686822286	1.13134823753094
did:plc:jpwgibnhwwoxsw4h5m24oi7q	4.41369379088481	1.29878466472717
did:plc:jpytlafaorh3zeqhwewkeevf	3.96851915696147	1.62978463689275
did:plc:jq36wlsuzdj2yxkfzt25vv4w	4.63751060695374	1.28514477182911
did:plc:jqdpljwpa5dkvdwpxhldl7yi	4.27268303191064	1.91436883965514
did:plc:jqfe3jmevtmzpfrgsf2vlrnp	4.46550349659341	1.86423616965087
did:plc:jqlavx3kon52vmrykqkyfrrd	3.38415986993552	1.20439899831905
did:plc:jqmmutxlclnzshg2l6nddt25	5.58452918822791	0.942755827102604
did:plc:jqn5sa3h7ezzerg4hlpmazdb	3.37878011692512	1.65762866801564
did:plc:jqrhmd23fgma6emfng33hyzw	3.6517805994413	1.77633149066507
did:plc:jqw2cyh2lar5upzx2yhl6yey	4.17020398076651	1.5578665818348
did:plc:jr3z6nsawqal4oho4zmc3mwp	3.17670701338282	1.57791573584959
did:plc:jr7i36any7dw5seaoo6337qd	3.98597379815644	1.30637298415711
did:plc:jrak26eeh2xxtq4f5u42mahw	3.14921867402569	1.37577242537193
did:plc:jrav3inetstx5aiki3fysu5p	3.44008297423543	1.61214258456224
did:plc:jrbq4hc4a6qm3zcm7vh2dker	4.80047186988015	1.32378501916996
did:plc:jrcvug6alh5bwkcslqecitof	3.66230105042706	1.43389381487133
did:plc:jrfqnduywws3khrxtnvdsxg3	4.97165814843024	0.744516632266963
did:plc:jrmxjtedwq67ib6bart6kcqr	3.56345720639569	1.35527294135286
did:plc:jrnfitfewdnqmb3sm5u4gwrp	4.07647342944172	1.39201220080815
did:plc:jrnhofi36brldc3utbrziwdq	3.9721014146594	1.36250621956805
did:plc:jrohiwmgy7v2f7rqpeuxwnlt	2.95673605231992	1.70987061155243
did:plc:jrrbedg62lwbq5sb7l3i3whm	4.70441583287255	1.29828338328162
did:plc:jrrlcknd3zlwk4fdkq33zh4n	4.4262655960272	1.35134371374208
did:plc:jru5j464jpo6kwyddmfqzz7k	4.44027566704388	1.22933289361611
did:plc:jruwstwzkqjh2ujaqcajlghv	4.11561433967351	1.51364855860949
did:plc:js5o7nja2joehs7pag2ad2ux	3.8619011029332	1.22196768996912
did:plc:jscgearcaaawebvf43rxzxqa	3.37358533860103	2.05332164312826
did:plc:jsekygkwubkazxkidvvhiays	3.6282495311001	1.49378142631305
did:plc:jsiq6k3lbsmdtjlelmu3miel	3.61334210094171	1.58899092261018
did:plc:jsohpfyyqkpo3qmelruasqyd	4.09486184345763	1.1826982907749
did:plc:jsvdgm2rxy6yy2pl26ynrikx	4.39902720571472	1.39444262380653
did:plc:jswgicjk3m2pmramzu5ogth6	3.31304725854654	0.948348564151621
did:plc:jsy4k6rmn4ocp7tuvg3dc75z	4.75902344298969	1.0223388179175
did:plc:jsyjgix5os2x7pecmtt667o2	3.78731596740315	1.29464090296138
did:plc:jsyoq5uubg4frk6mvamys6qw	4.54098153788939	1.17868276446466
did:plc:jszdcrhh6ph4qj4y7l3xixxh	4.02676133950601	1.26357928131047
did:plc:jt34qblc2j5jc7wjzmypvymg	4.64782558114046	1.91106032623695
did:plc:jt3qvguslpwgbhgrsekc2jzw	4.95112642015926	1.04530372043317
did:plc:jtbwsm53tbc423rvgz4hl4ad	3.17176256071655	1.60977167481747
did:plc:jtj4ocf2hc4hyhzt5fnsj62j	4.50695434475895	1.84008195793019
did:plc:jtlphym47e67trq4h7vgku4k	3.63814725988553	1.72418652125032
did:plc:jtmdr3zuuslczh6azgspoa26	4.74822057410415	1.36875833467066
did:plc:jtr3vpjxshht5lk4aprs4n3x	4.65285908776726	1.29992941289021
did:plc:jtrpu7ll7nd42ejhvj7ae7ke	4.73888559281476	1.11252094034297
did:plc:jtstfbe23wyx4rphdq3wxpjw	4.52602330961778	1.71995409583054
did:plc:jtv2rtkjeir7mbnyjm6ojm5q	4.84989214599131	1.12941499533847
did:plc:jtxawwentlygi6rulzpwwvt6	4.30569711531438	1.60499694155642
did:plc:jty5swk3zxqofgm7ferynwcf	3.37671714845618	1.50514088498291
did:plc:juc3lncn34bnvcykgc4kcaxs	5.4376326818437	1.45577798072544
did:plc:juduxtsro2nh43en6sgqpbvx	4.5424892585481	1.27876094094562
did:plc:juevkl6gy6k6c5xlzn5obhop	3.92938956800984	1.42682699684681
did:plc:jufadqrxtpvm5l62i33ic6mb	2.91965415251633	1.329493856138
did:plc:jufn2pwwzurtoll2ppdbnz53	4.84394453566869	1.14128545274986
did:plc:jugeishv34ub7bwfrsihcuku	3.34721674592548	2.02836388420608
did:plc:juuoj2cgm53d7j4lfe3z6yd4	5.43750060477349	0.683167989301398
did:plc:juwwaqzy5wrodqh7xzdgfgdp	5.58645768196621	1.44097961068597
did:plc:juzoup2r33t4ehs3igf7z7xd	5.01980535333215	1.24378512411692
did:plc:jv2jnkue46pti7gxvy3h354c	4.7515068812571	1.16165983163035
did:plc:jv2lisqylkrh5ycktk2vz2o7	4.31134730805436	1.34679535203882
did:plc:jv442se5f4absct4fn3luzew	3.77146604312704	1.38987938803082
did:plc:jva6u3zgdifatbniy632mbjm	4.61714402486073	1.67278195258122
did:plc:jvdnemzgonlfqeuuu7bsn6lq	4.44417582839819	1.33674132065908
did:plc:jvhorjjfnsr7pikhusgrax5q	4.9428891846828	1.26899283241894
did:plc:jvk325fitrnbscf5qte5xsa7	5.67589667760564	1.02489832570015
did:plc:jvotytcwwodjyu6xdnlcbt4n	3.92287928129157	1.79823346242896
did:plc:jvso4w3l25zozh6a7mjzpp5h	4.55694708710346	1.44407637998154
did:plc:jvuacyxxzyko6netg5prynlv	2.59962925407032	0.999375171690196
did:plc:jvweq6sl5nt2554wkxkij6p6	5.20396746767873	0.872279084093606
did:plc:jvwtirqzlyjnpiaimrfwiyzg	6.2892730133077	1.34921383682597
did:plc:jvwui3i3iiidvinxexpt35k4	5.38638043160897	0.847452029389173
did:plc:jwawvocepsdxca47jgja3pes	4.15569853229344	1.59822316867691
did:plc:jwbi5m7etlpibukqynu2kbgj	5.12019934524882	1.23641512756885
did:plc:jwczsgkranbnyhc63eknzjfa	3.36561703486406	2.13071231134879
did:plc:jwf2lmuujxx2nb23xntfykep	3.5310641491156	1.62450449525539
did:plc:jwhht4wl3ehugyxh5hpc2ovz	3.30080350535207	1.69287821182662
did:plc:jwlih5u4okp5leklqnp7zbpw	3.0071274380568	1.92843513165537
did:plc:jwtaiyntaiwsbe5who2qtspt	2.92045103894612	1.44793086855921
did:plc:jwu6nao4khxkq536pdvq7d43	3.19528758270534	1.63323080129026
did:plc:jxhigfbgnajwlt72gzwnstu6	4.95096087125975	1.15869928081124
did:plc:jxianvmmbxr2io2k4efyzvbs	4.77462411825135	1.30492664282286
did:plc:jxn3excckd6zbfgpul7qmykz	4.14483006952263	1.52192305264012
did:plc:jxqgpemu7tmqmofzw3mvy3ve	3.73366085277785	1.20331275184096
did:plc:jxrsca4y3kqecivmoffxrg4q	4.68842863671636	1.02152553939261
did:plc:jxtmiv6rgsv7ul4dp4gncybp	4.86532758062576	1.41344107069218
did:plc:jy455rtwn2mtbljl5anajbhr	3.73226940867846	1.35197118795779
did:plc:jygbat3grd25enit2x3x5okk	4.69371512543595	1.25604015497893
did:plc:jyhtgvo4drh7g7r2mcjxi3jy	3.64691486820516	1.50544702405824
did:plc:jyjznjtnfkq67aabrmcpu5cd	3.68960694064367	1.63668245247783
did:plc:jykhoi7dlpv7sezgfxgqduem	3.85223109360036	1.62144483952461
did:plc:jymtme5h7teso3avyi6jujxw	3.88241956383817	1.75272302236181
did:plc:jyoqipe5ifd2lvoqnnsxtx7r	4.21354931485885	1.45646847946608
did:plc:jyou3ef7ysthlspuam63wyac	5.66401879484465	0.923905306431575
did:plc:jyrcbvt2yuzoa4nc3kwdsul7	3.53806148271503	1.38761838755443
did:plc:jyunefz23irgf7ab4jyxdhoe	4.16565162287597	1.67354513040066
did:plc:jz5quvbahkywbtiwbigrvrfg	3.95325312063302	1.16218618024078
did:plc:jz64du53xuxhfljm3njxyxnf	3.26816698856748	1.60938693783638
did:plc:jz6fe72ywcpdfljszkcgcnte	3.46960124583993	1.26148626889303
did:plc:jza46ptegjffghvaancbfaac	5.56279481786603	1.29281289454679
did:plc:jzepapcvfzwtpulcv4q3igvo	3.52426406389248	2.10316305720384
did:plc:jzeqzxyks3ijnnogomk5bxrc	3.12642408945025	1.94356069677111
did:plc:jzh43xwp5srgzrfn3knxqfpv	5.1868498625969	0.967668080931756
did:plc:jzik42fbqpwxmz3g2hk7pfog	3.88028285205839	1.53919474366288
did:plc:jzl7elsu53c2rzg6apnhy5iv	4.59361034634631	1.82132747459122
did:plc:jzlbjweb7ak5grbl4cxisrhu	2.90570145642626	1.81732099923919
did:plc:jzqlm5yxp2iek2373emgj4kv	5.31726600795314	1.05441714644028
did:plc:jzssvf73xx4lrxkmuaiotmdw	4.27138266531284	1.67644472374655
did:plc:jztcgwugtw2yo6pfqncluh6j	3.19863347206394	1.65663140842108
did:plc:jzx6gemrxw3n37h6sbbifgqc	3.52582007930974	1.7593412715375
did:plc:jzxfeba3irufipnibkq3zc2u	4.07483577176581	1.43934392841185
did:plc:jzxwtcbwpwkcduvrij33glu2	4.75156555383293	1.72395686035778
did:plc:jzy2a6tpyhjne4brvdqdhtdv	3.74804453167609	1.41120868042885
did:plc:k22fzepx6isdfabhi23lnajv	2.99692142376469	1.78042514252598
did:plc:k22x353ltbeuxlevx2pc6cey	1.09679122967602	0.464681283160617
did:plc:k23xyanepw4st24y2scm5w62	5.11099312845576	1.30434781160128
did:plc:k27wew26627gfajiirn33tk4	3.46023369574768	1.65573647064202
did:plc:k2boueagtkmwibc2mlgj46m6	4.42847069447644	1.47015751684392
did:plc:k2caaje2mdlwut7j4psmuu4t	5.03527477759023	1.07164107988899
did:plc:k2cn2lvn2bor7sdgckuybq5n	4.54597153433687	1.02383743594832
did:plc:k2gzzvm345zu7weau6s6s4ht	4.91199493368893	1.23240380016464
did:plc:k2moy5djjhccpvl5vkf7736u	3.82314671693988	1.37252614348827
did:plc:k2n4xh3s625i3fdz45i7jinf	3.68570599704913	1.38433461443981
did:plc:k2pqm32t3kmey32xgs2zg7gs	3.69883517379676	1.51230575431248
did:plc:k2ukunlkmoplxal56n5kgpmq	3.10774283378006	1.50686287507038
did:plc:k2x3sg6inflpxfwvzqupqv3z	4.26991389535635	1.42459442891333
did:plc:k2yifpnnure2dmfkrjln7wof	5.49121384911075	1.08024831962788
did:plc:k37ousn7t2cc4mslvdhbgobi	4.19741059388503	1.79922728271367
did:plc:k3ccw2z76jwnkb43ze2n7jw7	3.91951208846259	1.55957070306117
did:plc:k3ewihnc32uyhpbc6hhkptid	3.10604037787527	1.93954313653039
did:plc:k3ja7payo6qugkzg7gjcn2cy	3.31539329333101	1.61964163120946
did:plc:k3mvjdukr66iasname4jtj5t	4.02881204060705	1.30699612322575
did:plc:k3nj5leqtugq4dh5sqrgmkqj	3.8923255715617	1.63098374308248
did:plc:k3tf54d7wwl25tgfapbm3gsq	4.38919556029565	1.58099962821113
did:plc:k44y36hisaqhlhy6exiboasc	3.93617723444418	1.90508031017336
did:plc:k46nz3fysitr5emithsx6hua	3.578445229323	1.59741517937218
did:plc:k46x6eqya6ocm3jdr5iigxdx	4.0296494096256	1.5118353495541
did:plc:k4a7d65fcyevbrnntjxh57go	5.15587451287313	1.20509241458742
did:plc:k4k3pjq3wzg5ydcgp4gujeka	3.48787422271343	1.425847922323
did:plc:k4kymijpd7durg3p2cbgefyv	4.53424652195328	1.13584671924424
did:plc:k4n5es2bphehjlw6w3tytoaf	5.38724498925821	0.939519503286231
did:plc:k4nnm33s5yzjbc6uepdgbmw4	3.16857940169561	1.93484646730569
did:plc:k4rh5vk4hwe7r7bbmbo4fksl	4.25961605155465	1.57611458229104
did:plc:k4sx7gudc3dxttf5p6qbc6xe	3.2823771203349	1.37631808180909
did:plc:k4v4nnmocuj5kef5niq45mbu	2.90763970930329	1.68095072856408
did:plc:k4v6xhmwtofjor6zo6vetkeg	4.41507872769476	1.23439076580129
did:plc:k4vdb2cluj4knsthciyuutbs	4.08588959871802	1.36779125803319
did:plc:k4veowwmz6cyoee62naphkfu	3.50588980147353	1.62845622366577
did:plc:k4vhvxeqo2vc6tkbvw45w5p3	5.43048347500435	1.58355053736739
did:plc:k4z2no6efwngp2wqrjoqalau	2.94759589495314	1.71844537002315
did:plc:k5ddqrkdooeyx6hewc5pvnzv	3.54796824602361	2.22247560310891
did:plc:k5kq773evgdivm6i4tekkjqs	4.85869215799602	1.47806742858654
did:plc:k5sf7pfhw753djerw3r3y76k	4.37615235940656	1.66924040864401
did:plc:k5vv2loluc7klepjq3ccd7ad	2.8433355428659	1.62841320831871
did:plc:k5z7dscp3e6o5yo2yovvza7k	3.6931243741207	1.58285319998074
did:plc:k63epwb32kpmiab2kjoba323	4.17140036819592	1.54443639078916
did:plc:k6cl2gk2jhjjqtduzs6ni6w6	2.87896439273818	0.8348031738978
did:plc:k6dttcbfdx4xwhvpfqylyl34	3.73007731034188	1.90103644011613
did:plc:k6dw6xd63qrmvakfimuceqwz	3.43148473113663	1.50149446135657
did:plc:k6frrfnl4qsqwaooutefeath	5.40384221042911	1.10313292140757
did:plc:k6huvmrpnm477apto5mfsztp	4.26680007688899	1.59714388296402
did:plc:k6lktt3bts44ui6ovg3du7p6	5.28450474969523	1.33274348259507
did:plc:k6o3vyvofk5qvutrezke3dnr	3.7469616118068	1.74447510096319
did:plc:k6oh5yvmvxm6hy4fjx66oxun	3.31658379841556	1.51280253154555
did:plc:k6ouprt2nk5brjpomlbs2j6r	3.3743279940598	2.00449595727736
did:plc:k6tdibkjvlkriyv64cmsnetp	2.6877743034244	1.41487347728011
did:plc:k6xjg4qb5pnis5jcrqkhr34k	3.37200172790008	1.6071185857104
did:plc:k737ffkgskhfyeqe6pz2xzcq	4.10266857073878	1.47385792223167
did:plc:k73kafyymegycabu7xvhrvc2	3.99738516019544	1.33148482351217
did:plc:k74kfnxiccukeword2ymq6ck	3.55784052880832	1.66155235850519
did:plc:k76ns3tumylyhkubbfbo3bvf	3.16959592857402	1.63014378671084
did:plc:k77ha26hrlyf3cygyjgyf3mu	4.28717402664199	1.54365083572994
did:plc:k7d3plfn4nczr6nacitaydvc	4.92504792532492	0.97927436734143
did:plc:k7i55bfcilelpwutean42ak5	3.80342629007709	1.8579395077538
did:plc:k7mt5ezjw2qqrreep4gb3yv2	4.45075723720506	1.82614061692977
did:plc:k7n43pvx33eyhom566oyscvo	3.90333482518514	1.40692793531361
did:plc:k7yfpxyqyeeyr3qzck5dups3	4.01139250926464	1.5165987626398
did:plc:ka3goqcjud3gxjjs62d7tldr	3.6036771780133	1.59654637620787
did:plc:ka5loowuagz6qgi7d6eas4cl	4.9731599784815	1.16106854568778
did:plc:kabnn2vm3prtimuwc3vcqo5y	3.98647252700474	0.942173729233143
did:plc:kagpw2frdtroq3z6sbvialxs	3.48723447737225	1.63647540814512
did:plc:kal4jnwnwcyvbtitbkpzirv2	3.20244022964094	1.79324806131459
did:plc:kalsukjhy5jbfeydrhisxdjj	3.27586853744376	1.67022069448996
did:plc:kamncplsuipp3oo75daxooy7	4.41321442755971	1.56805435933379
did:plc:karodrjdvh4tsgtb3kwfrv4z	4.42279241722522	1.51764922932152
did:plc:kazcvhvjqkxqtczyrz2icp5v	5.31104800946949	0.642740554074615
did:plc:kb3zvffddzs2yczrb363vh2p	5.10867339237546	1.52789763384277
did:plc:kb5krgwihgswgvpc2lirml3i	3.5666236304242	1.71266307519982
did:plc:kbbjml2lbzrleyxihcneiik2	4.98424602120011	1.24624239421058
did:plc:kbcl42jjmirdfes5nrvnacxw	4.4974610364041	1.54154764389858
did:plc:kbgrvpq6wdc5nu5yuzlzysaz	4.54386283806452	1.49783070372433
did:plc:kbiq22efhndjsismxzyqml7r	3.42888178015808	2.01338940888389
did:plc:kbl3bxmfo2dw6zieeflz2co4	3.45055636288562	1.98207001233467
did:plc:kbo6llqyfp2ahrinahj4kczg	3.37583655607683	2.00691586855998
did:plc:kbooty4qqdhd2yd3zjon2hev	3.46440663991694	2.00182912851324
did:plc:kbqo256vk5ytehsdgs3doquy	4.553982725527	1.42014101500395
did:plc:kc7kxtv6uu62pks36vjkm6gs	3.69260281198777	1.86898597376543
did:plc:kcarfoteokxo4qr476ar3kzn	4.08166710313484	1.1930827928091
did:plc:kcflphjf4vsm5zb4kn4nw5qc	3.69940552266601	1.49743464211314
did:plc:kcfrpwqww7cvhwcqxkbq6xoc	6.06772959318563	1.18899890098586
did:plc:kcjja2rvsipwalb7objv6wa3	4.83600772966053	1.10453279042472
did:plc:kcphva3snm4v5wxcf37s4twl	3.90488113520531	1.36684336745248
did:plc:kcr2hv6wqo72pzitt4wunc33	5.00070757206561	1.26379539011154
did:plc:kcsugzftbv3b5w2k6kt7f42v	5.08492495870669	1.0751630105759
did:plc:kcu3wf4geetgpgya4knnij3r	4.59775796251267	1.59373146757867
did:plc:kcwrr3xpqov6nibjrqputgun	5.34501656573368	0.994434757932145
did:plc:kcxyhcbiy7e4gi2tgvxmza7v	3.00746812287936	1.50163342194061
did:plc:kdbgawsk3gh2lwsrr5a7k5ij	3.45678263349033	1.703593158508
did:plc:kdchh64xa7jrur3frv6xpg4k	4.99848233838347	1.19744670866597
did:plc:kdey5d2e3w2zfzvfgghas4dg	4.79748908886108	1.49200344569606
did:plc:kdg3lsnqcykf64apzlgfogdn	4.2909413192195	1.05685375575055
did:plc:kdggc4ne6psickqw6j7hwb5m	6.2520211883703	0.962448286315203
did:plc:kdgzx7ereba4fivx7iqbatam	3.5931150815924	1.71517172355871
did:plc:kdiw7wnxlrezrz2ucrf6l3vm	5.56839036669138	1.08177463639243
did:plc:kdj6wq6yt44ijjxkj4b27dtb	5.19915833905367	1.1981413752601
did:plc:kdlei265bpftqc5grluzo2df	3.24154025070268	1.29426289300299
did:plc:kdobm2ybbb7cfkocmc4vybda	4.09022310282413	1.06416062443232
did:plc:kdqsg2daj2d5jy6jkifkumtn	3.23811971038467	1.317129879813
did:plc:kdrgek5xyueahjnsouf36fgn	3.94255513694186	1.21196629810088
did:plc:kdtj4lfcxd2hzemvyezrr2ol	5.22111238166162	1.20842165762275
did:plc:kdtnbjjvgimm2txfy5un3gdf	5.93458958688041	1.19887207576154
did:plc:kdwerf3cfjny5iy2bvudi2qb	2.26197570665726	1.33416047904377
did:plc:ke5zqksnvfhllr6kbwzis4df	4.17442672687807	1.1600532178654
did:plc:kehyrlgirbe5r22hgwmorlg3	5.88008050763531	1.12162655408214
did:plc:kejuunnxp7u65pdfw4erjbwt	3.08244896051491	1.31251225394491
did:plc:ken7aarrrlrcsuaskntjowsn	3.82167221987735	1.27757087160987
did:plc:kes6ha2pr7exeiof5ldb67uz	5.06454555832712	1.14881495669876
did:plc:kesuhd5rocrizyhkiekocf35	3.4939447472754	1.75522616237402
did:plc:kezh5b6jdotjciscrsyjpo2t	3.01374502161458	1.32666834004417
did:plc:kf3omlsnjoisebppy734yzl2	4.58244521915181	1.36341784411675
did:plc:kf5j42fy6kwtpkfucocsgc2n	3.22953486141568	1.99232189640563
did:plc:kf6b3erue5v57fekfwuzyhp7	4.08201708884351	1.29105984207469
did:plc:kfbzbnkm6w46zmqsdmpkjapa	3.06702752035908	1.40456961630432
did:plc:kfde6tp4eysrmru254gip2gt	5.03680120790634	1.62182003838203
did:plc:kffrek26dzjyottj5si36gzj	4.52249436289073	0.801936674621279
did:plc:kfidp57fdd6dyw6vxf6wwn6z	3.85357145484095	1.51389644627363
did:plc:kfldkmgpdxuzvzmubwonc4kj	3.22786554524054	1.63199829695471
did:plc:kfnzmlgtehwlhvz3tniye3xu	2.96392173282594	1.59947684868754
did:plc:kfsd2cnprffjmcdwqxrkwjqi	3.48383218791526	1.50362821522264
did:plc:kfssuxckyyqzf7u7drufejdf	5.74023479439326	1.20797480615126
did:plc:kfxm4uokdr6tuadsy32nfnwd	4.59573701205274	1.53607186744494
did:plc:kg52miiy2hdwuqecnh2rxiyc	3.94357507167513	1.4609651120479
did:plc:kgeccrv5uotphsbysf4gipbd	3.93253669513015	1.28347657783233
did:plc:kggcpl6qgpdhy5mtl5qjcdl4	1.69833900256979	0.993584098199115
did:plc:kgiryd2z7qqzt3pnghsziiuf	4.2201036829338	1.47436476572115
did:plc:kgjv6morzzkj2ab6mibd7zjt	6.92608145679699	0.976457677349295
did:plc:kgl5pjrbytfoa4egkny57iu3	3.26479082594012	1.59977040413182
did:plc:kgo45g7krpb5chiqyarhaxwv	5.00988541746508	1.10709670309649
did:plc:kgtyegzy2q2zphcddoxh2nku	4.10857561165049	1.56084672999618
did:plc:kgukmutxzxa4maei2u36lkh7	4.26226819551977	1.6846633654053
did:plc:kgutfayynfk6bustyuzmw27p	3.30704256214144	1.97140099704984
did:plc:kgvg6xdlkios2jhk2zlzf753	3.92697162476624	1.24428687326187
did:plc:kgx4srdl264qzkxdbhgyeglr	3.38705036511142	1.38384216350106
did:plc:kgyxs2ibwbzfbh7epbbwf3v7	4.06921914090122	1.62565494348345
did:plc:kgzjzwpyhs2ol3zwlkvmmtzb	3.31227684477798	1.47404527654597
did:plc:kh3ng6flai7vjpj5h4w3mowe	5.46585456463408	1.04982896706973
did:plc:kh7vfalp6qqqhuxsw2z73jvm	4.39084187964527	1.35722929255767
did:plc:khapzwkdgx6joua2nwcpji3w	3.09819199196379	1.82913098610134
did:plc:khd3yxzcj7eom6rwbh7pmqqh	5.54315884862123	0.88856874537625
did:plc:khiovuwikcybokj2brcnlzub	5.67451002155341	1.22791398632865
did:plc:khpl5se6ztrsrxdbut3355co	4.06899666941609	1.59309406129965
did:plc:khptxy3gydn44lenlehd54jb	2.95779039395968	1.37112055794998
did:plc:khqlqkq5xvb6tpn35nxljgqo	3.87424832340055	1.48872016567517
did:plc:khqzxar5saqyxx5ehz6qfsui	4.4081752213116	1.6230607563109
did:plc:khrvqajyigvlx3d355g2iqfw	4.27795561612795	1.24032181427777
did:plc:ki3gfnp7souw246ncumgxgqk	4.55308792526584	1.62246111027284
did:plc:ki4yal6lohvsbhtgcbgu6uwi	3.37595676673526	1.6954677583168
did:plc:ki5zkhmrjjjdpq34ixsp7vj2	3.61782640528079	1.37612821316896
did:plc:kidylzvilpdjonf6uyjv3lxz	3.71249886933748	1.53315925738624
did:plc:kivzmbiidur2v74u32uorftr	3.8783725183008	1.38620490968121
did:plc:kiz75p7b33xtbivoafje5zz4	5.18400028785458	1.02082413111591
did:plc:kj4hwehjtc6qx6k3wv6ojjo7	3.14362183199695	1.53869842123187
did:plc:kjocvxlmjxwb4v4hcs3jykjo	3.6553556972751	1.5153326063861
did:plc:kjpdm52ngyb3cc4xsoaxyi74	3.69196325749526	1.19255831975116
did:plc:kjpva4pqcetj6cul27e75wvc	4.78436377504208	1.33843783684093
did:plc:kjq2x3xlpwubyq7e7o7iivth	3.16232286128582	1.61856448526623
did:plc:kjqe4zwe7y2zhtitmvjzecbl	3.81444241599499	1.81556274758815
did:plc:kjricrfik2a6ryrjdoonlef3	4.69502068234631	0.982029564032006
did:plc:kjrwuketmvbbnef34v5ao6wo	3.78072453403069	1.36917171746067
did:plc:kjsha4qvpwos7puxnq7v5jus	4.50813611104663	1.06216362033927
did:plc:kjtnvdsivhutbhqmo52wfxqr	4.192705684473	1.39980542120408
did:plc:kjwrfgsvfkcnjjhodomwejxx	3.45208086399434	1.23882678967012
did:plc:kk2bpjish444gosyohtovlmk	4.36584322030653	1.128226352216
did:plc:kk2lszshcycfpjpfzl73w5cm	4.40513847574183	1.28412683332871
did:plc:kkbqrfq53jw7z54kogloydua	3.78704042107063	1.40321105242251
did:plc:kkev4spdym2po7rhptswqo7x	4.13770776803057	1.16148932318108
did:plc:kkhbf45musqldsnqtj4lzyoc	3.42082908508596	1.31173712566221
did:plc:kkjfakmtru67ovlgjdcobt54	3.13823838197466	1.78094466223673
did:plc:kko5qvufxo5uq2l4gehw32wq	3.28824625012803	1.76177000114422
did:plc:kkstxzqbxioe4zklmskncl5j	5.13706873947439	0.948494059985007
did:plc:kkt5lmyzidmn77jteytjcuu6	4.05804709550544	1.57024782533565
did:plc:kkwmvrtjn6x7mcsrbovi4mlw	3.09326826697816	1.98051781383703
did:plc:kl4hyxnxfrloqalgyrwjywgj	4.79947975010104	1.12123964144478
did:plc:kl5ghwoa3wcf6p3aaerf7ltf	4.3665578962308	1.4843146474175
did:plc:kl7l3g5zh3h5v5pqr3e6tuoj	4.06114115487555	1.25204596141095
did:plc:klbqlbseqwwikit2xrhfxjta	1.95507617264105	1.16226394167483
did:plc:klfzhrueqkfvt2katr2ukquc	4.3984108359644	1.04048903113456
did:plc:kljabrey5ndxemtkxgmpup3c	3.45031254761697	1.25739780882991
did:plc:klkdiqud7fuurz2zdi6v43v2	3.04755204952948	1.30679828304638
did:plc:klnljpnaeir6kqwimtnytixg	3.92111235220764	1.31545256472295
did:plc:klohls3des4f5rhed26i4pri	3.24315448676658	1.855481126291
did:plc:klrmjgfnobbju2ni2usnxf5b	4.3223222192777	1.33867948795125
did:plc:klw337quufdkexmpfgofi63d	4.45372599576901	1.74628766342823
did:plc:km2g2dx67he23xbsdq6vjvzt	5.63113383821442	0.947479315348128
did:plc:km3tit6xiz5qme7zphvrhuh2	4.31276969313037	1.32672606966148
did:plc:km5zal4j5bmz7tge5lkvvwjj	5.95539282195604	1.14265696396465
did:plc:km74gp2lblo7effgmit5gpen	3.14254895882648	1.94747063663373
did:plc:kmactbpxkjsz6pvox43cxz7t	5.38380073424084	1.48364058659767
did:plc:kmflmaq3snlthop7qzjzkpkb	3.37663990924757	1.34650517881609
did:plc:kmgha2426bqoyg62gpg2spuv	6.23295739501671	1.17007779414074
did:plc:kmk4rkvjfl3w3jsj37zy5ziq	3.83665410234931	2.02620224262843
did:plc:kmnl53t253tkxdmouqbgb3i4	3.15867185288501	1.43787055501322
did:plc:kn3pcz3go2h32ryxvgvhbii4	3.14745094472307	2.0044209716041
did:plc:kn5pdyvgrjtn4w2nbcf3miwo	4.06109030740657	1.44095269505994
did:plc:kn7d4jansmfgtyp6ayojj2x3	3.03374123830066	1.73582621860938
did:plc:knb3ddtai2gbrxsdzvgz4a5i	4.65884094733634	1.34676098813199
did:plc:knboe5tv3ju2juzzhzxbphsr	3.70978975568923	1.31673142454921
did:plc:kndfbxg2mpqu2k4ntnisdvc6	5.00953436602534	1.53771333040572
did:plc:knlmawlsm7qyitpbsngs2d2u	4.95568250030523	1.01911245179897
did:plc:kno23hd3wb6usemlf6yssfl6	4.78111910622605	1.20532896897646
did:plc:knwifumqakbhy3r2eshoyvaq	3.09146479164836	1.74660579938652
did:plc:ko27h464e7ku6kzc4533fva6	3.25956002199253	1.22855645401458
did:plc:ko3ytw7sy6uaft6n4jdv4hlb	2.58634209139758	1.67923999350783
did:plc:ko4dtcisml3pujyzxfht5jt4	4.08102211023007	1.31745575189441
did:plc:ko4kc7rcikl4fyq2diykb2ed	3.70288943556957	1.62778823201242
did:plc:kob6tttjfi4dfhjdckaojduh	4.57708927183215	1.075471431389
did:plc:kochevwuhrifjnuakha6ttsc	4.03361600207614	1.55546975800237
did:plc:koebjz6wvozdf5zeran77p46	5.07858770920674	1.36892803460411
did:plc:kohpe2g74jghs5lthhz5ra6c	4.82110764489641	1.37334460545955
did:plc:komgjnkcd6f4nbi3idb7kzhp	3.92599072372689	1.55314065765608
did:plc:koo6sdonhbinekgpbi2f4zhb	4.83765222965606	1.35924984160518
did:plc:koo7unyovqv7hrhojs2uipul	3.87769950881507	1.66304446208079
did:plc:kosl7vjh5ah5tycqmdib46yw	4.57705350546569	1.45650943288521
did:plc:kp5d5f3v4w7mn76rjh4fezuq	3.75393315011764	1.6169297515558
did:plc:kp6mic4z55lytgqnbzuvukh6	3.4685527763799	1.26465164125534
did:plc:kp7snv44omxguzzjmxlfi26l	5.0577936596869	1.24662049304113
did:plc:kp7uwrsv2prrphlawk2laim3	3.1111336270947	1.44204115585268
did:plc:kpf4aelu7oabmidjjnirjobr	3.40876453608228	1.71456981939484
did:plc:kphf3w67j4qxilf32qopiceb	3.89828540466799	1.49298063943669
did:plc:kplrudyym4fte4xurl3qeuvm	4.3799312312536	1.70087046161113
did:plc:kpppwcenqpuxjmjztz7zwgr6	3.9534045231709	1.33157092309519
did:plc:kpqhsreefapai3ci2bdydjfk	4.04414356812964	1.52929484299447
did:plc:kpvrnkte4sjxaoe5rjgofo7d	3.86669159718912	1.6114705626259
did:plc:kpzy7dpxdub5cm5dnz3faoqn	3.80974395532818	1.53953294488164
did:plc:kq2homtbe5krhr4ay7w4kjc3	3.96254584506703	1.86916464368169
did:plc:kq3xvqcnizq7qrdyaz2gsycu	3.7049883815477	1.37528207797661
did:plc:kq4kz6l6snrynkvlnvb4nwlq	3.73724072014609	1.55541656665151
did:plc:kqfuesqvb55a67vkdb2nxw7k	3.15086536450964	2.01701944720881
did:plc:kqgwkxrp6256saj5jaabb7fh	3.21216051623499	2.066479661264
did:plc:kqmjkkyld3yd7cn3sfeupo66	3.64642240012164	1.38826111657111
did:plc:kqmjpnu5m2vu4srqravmb7sb	3.93398917695938	1.6016152131273
did:plc:kqmklx62ppra47ihpeya2wgg	4.01040053251727	1.14015075987714
did:plc:kqpbus4coiarj2dmamvrdx4h	3.38348113148348	1.64506458305389
did:plc:kqrbeo7ykg6ukl2glm3e6k7v	3.63172134580002	1.48875775050221
did:plc:kqsvyafkog5foyjoqaahounu	4.05468774965909	1.42703525164395
did:plc:kquqn6yciexz5opmk2vjzr53	2.75385242119808	1.64455909576317
did:plc:kquwtpvmdhqm4p6vruvd5xft	5.13538425330827	1.43447354852399
did:plc:kqyyo34vfevgll36avdoji7t	5.21341187863979	1.5255282558792
did:plc:kqzd2l4nt54wp7v7sbmn2ev4	3.77659071309979	1.57614619204679
did:plc:kqzweuhew7wug3nknhm66hcc	3.4506958278571	1.59314049901915
did:plc:kqzz322z5ootmyumadgtcnpo	5.25033951025025	1.25686668751009
did:plc:kr3cqipyasngijjbll5ss2v3	3.63740530302951	1.32427355821928
did:plc:kralhryqim4epkkviokxrflh	3.73102321214807	1.70202489057856
did:plc:krcfhclveym7zfjy6gutgy5l	3.64117256823176	1.43236470755314
did:plc:kretrzdwwgcjm2duyreiz44p	5.25052478651372	1.47104747287117
did:plc:krkte4tf2qfdnneseqwvctde	3.76006479449203	1.92720911766783
did:plc:krlbu3236bhi3747ddrbkost	3.31733107569409	1.52137091642629
did:plc:krnpa4uu44lexfekwvefqcsp	4.17853312292422	1.4906508553559
did:plc:krs7eweamkwip2dghd2qayje	3.01202541131084	1.33521341521641
did:plc:krshykev7jb5afoeygyragag	4.85227858889478	1.44639837684012
did:plc:krtkohiuu5q5mtl7nxo6vfjk	3.99375405971759	1.39587210727045
did:plc:krtvyqs6lamdgbi2iwurbl5j	4.42119627444359	1.20406027553545
did:plc:kruyaq63nuqc3s6hfg3izy6w	2.57444622174421	1.5298481600679
did:plc:krxze5qsfoi2aqsohedpwh53	4.64409872082321	1.35285504365186
did:plc:kryxptd4a2nv2d2dxfb3qee7	4.45470608971584	1.26308489318322
did:plc:krzr4gewnhla7p35s2fkqyht	6.03071102788247	1.07968021651924
did:plc:ks6452e54s2cersc4feent34	3.94549073904944	1.36640214233233
did:plc:ksbw7abgo6xm67tjnt4jnskd	4.42877491072377	1.12107199304231
did:plc:kscr6g32q56jn7kkbqpysnrx	4.04808246633077	1.68212918529777
did:plc:ksess62cvjkz4df4r55bxxcs	4.17672125815542	1.48125869078102
did:plc:ksjnkxxorkklbq4es5tla7c3	5.96228671342441	0.959501414361378
did:plc:kskvqfh6r4wpz4izh4mhrr2u	3.91800158654353	1.68437427620922
did:plc:ksolvwwsu6j763cej5gxkvqv	5.68603626801162	1.29156761235442
did:plc:kstnqam4w6lmohd2pbq4d3kh	3.20735850679836	1.42994526364284
did:plc:ksuwkbosp5n2gapynxwerupr	3.96292927015514	1.60024249134614
did:plc:ksuyg3orky6hp2caxd3avijl	2.74016682184838	1.59104844773042
did:plc:kswxynml64ahwqtnriefrsts	5.36467233519602	1.06055552404133
did:plc:kt2rpkobvfjev5efo7sku4cl	5.28616304636892	0.774466043464115
did:plc:kt7nuf7ot6ekisl2vhik2kpp	5.37824529939874	1.14217436178998
did:plc:ktdtzwqilse35me6yvg3j7k3	4.3532939765699	1.6638214039788
did:plc:ktdvwoarw4ofp4jiem2v7lyg	4.32027929319037	1.78954267134078
did:plc:ktexxoorc4suc2rhc7zlypua	3.32042702968965	1.54902784891864
did:plc:kthdzowlv2zs5syzsantucq7	5.33242564899791	1.08372168743143
did:plc:kthsmg3bvr3jezh2zgqfwyjv	1.33861009573211	0.873017922909319
did:plc:kthsxmnqdgjlr7cc6x5ydzbi	4.33013506353526	1.30636704530791
did:plc:ktidcjpujlq32tw74upbb53k	3.46686565954064	1.717727789296
did:plc:ktneba4k252svdhef6nuzjob	3.62708077103705	1.67004730577091
did:plc:ktnhlek7isryixouccqiuxwy	3.60118228585243	1.50061724266341
did:plc:ktphdf6aftb6xcc4dhexxxns	4.54654963217635	1.40370538353861
did:plc:ktrazihxl2kbt2x3tiwupfb4	3.76059878117128	1.38618538709977
did:plc:kttauczamxge4afdcivews6p	3.66161154780417	1.54984814203603
did:plc:ktwr4gvyne32jmdf6kerkesh	3.80289414823701	1.2235559904182
did:plc:kucjixhxgpnrctksdkmhmqow	3.76338589411353	1.82129218132852
did:plc:kuh2jtjifu6oaaishycp2rnj	5.38300782943051	1.5940906193954
did:plc:kujh4lwtby6amf7yiigwtvhg	3.25721422620295	1.33637438150592
did:plc:kujlig4aziwpkngx33z2t5fe	4.34658902527353	1.52372631932636
did:plc:kukcuvy2tvqvjh5jwugxg7ft	3.89618934642235	1.30034724579588
did:plc:kulykcha37vv3r7y55ctzj6d	4.23737957443931	1.71603663845351
did:plc:kulzwxusqcgtrtv36kn4wkkl	4.10976979387786	1.49336382776636
did:plc:kumrzwf6xsxeycdfzv3pfnlz	4.6187873726415	1.20491786311493
did:plc:kunankgo567kc67llogejmbn	3.16930255933918	2.03720186335174
did:plc:kuomuulbv5wlvywglmwxl6u7	4.73154290930461	1.30533594701412
did:plc:kuqjasmgj5hhjnahgqchtfd3	4.93058940600529	1.33091500890026
did:plc:kuquza3yf2ojb73nzdxv37zs	4.27701774087835	1.36087851594467
did:plc:kuscz3dkrghtbyiefzpe4h6d	4.24272638362441	1.4851147053085
did:plc:kv4fsumngbcbwbigtjgd4gmv	3.87695398386514	0.767269689515128
did:plc:kv5zehyjqtadahkrizsei5xk	4.66858646337775	1.33637797503239
did:plc:kva6el2csip4pkerljpkd6tg	4.46231415453894	1.49748505756462
did:plc:kvdak6ssq2hvphfmrzcalqyw	5.13252685321296	1.61053057625881
did:plc:kvdifhjbee6zzmuaesuxnl6h	4.76578226471365	1.29190841241004
did:plc:kvhg3pvncyebnqu6prdtozfz	5.30491246787038	1.10843574518969
did:plc:kvv7kh6eqyqcr4a6epi7sms5	4.03269119250067	1.36154994051414
did:plc:kvy3zcb6uitmemz2jss6kjil	5.34506937282354	1.42891366891998
did:plc:kw2pkd2o7q2lx5sigbxsidsj	4.1191152167213	1.6866452989201
did:plc:kw3ip35oxpqynnzrxox4eycl	3.89120178211238	1.49408390544221
did:plc:kw4hwyve72ukt6c3cqhubbov	4.77367078019198	1.2007920435485
did:plc:kw4nznhhmbzuvkrj2tn36lg4	3.90753238817208	1.55937143008718
did:plc:kw54renlfrlrs52dvk6pawjf	4.19612123329122	1.41501665136319
did:plc:kw6zmeqr3zqohv4j2as7hknc	3.99314915362326	1.46144717630263
did:plc:kwpi7yplvkkcm5gn2h3fexgc	3.32091516778541	1.62322165014671
did:plc:kwryvraklbalsu3pnb6qw2ib	4.71789262878383	1.93984363201704
did:plc:kwtcis5nbvbfqob553n6wu34	5.48760899816697	0.93647320572747
did:plc:kwxr63itgxo34ldvsoctrc4v	2.69195542352209	1.58565928038914
did:plc:kwzyjjgt3tiudmqfmzwc6miy	4.23192748156926	1.6061563897884
did:plc:kx3jdqaf4yhypvcy2chdtu4v	4.69030474302015	1.66448051374437
did:plc:kx4s2dme43xqdnicg4vjsmtd	4.25273583964696	1.52813148619002
did:plc:kxcabei7udacmqaloe54qr52	4.00250910458269	1.61987779096025
did:plc:kxgqxsec5nh7nlfaoz7qas2n	5.58042051794461	0.979288534195283
did:plc:kxmt34ek2pv5pead7dydmgkr	4.46938015826481	1.67734689594861
did:plc:kxp6hlwi7apxsjxxd4i77dso	4.50591581764448	1.61564582686273
did:plc:kxv6wok2rq6633nyvio27lzw	3.73654203031553	1.53019231835327
did:plc:kyaatnokfffjv3ofdwy3fc2v	5.10841434932727	0.976384874833327
did:plc:kyaydrrx45xdaule4o6acoxh	5.24754047753798	0.975054287881552
did:plc:kybnecu4k735flyhfi3be6xg	4.79245391793638	1.2766529938274
did:plc:kyeq3nyqmf7usrsiip6igpum	3.5250708411539	1.61534439114527
did:plc:kygfptnwvjk76tnt2gq6f7tt	4.03473288099443	1.47085643949347
did:plc:kyipy6v62nwgzxwttoyfwpcf	3.03688896419341	1.47049176194074
did:plc:kyksvbubx5yypgt2dbhoqpuu	4.76468726586915	1.27669876209915
did:plc:kymbvluey4tbmkxfe76dfm3k	3.43118256773656	1.76164307588118
did:plc:kyogtc7pd76patztpqa2q32g	3.25487221218356	1.87254051077206
did:plc:kyuerdwtkrchwehuubpxfi66	3.98916030628247	1.65237024676259
did:plc:kywhy6ngxfeg4p6m73qcfadt	4.73848864106427	1.34433935168717
did:plc:kyylpsyzysyzvt6pmqfrojnw	3.69497606690621	1.39244960955962
did:plc:kyzlj5arefuzzud4uhabhrkm	3.17404366524247	1.42352377843458
did:plc:kz4cajqeuivjx22mghb26jwt	3.20724962362309	1.62579580158229
did:plc:kz5nhbn3yi2pcvdesnxrmnp2	2.74285020219645	1.68672849062032
did:plc:kz7uyfq7vis67xybln57arrs	4.38335515965405	1.50861476343825
did:plc:kzebdlmi4e3xq4u5v4ub56nf	4.87521151967316	1.72359212952492
did:plc:kzj5bvxgpfo2kvrjopl575ow	4.11735454322786	1.20150293730479
did:plc:kzkl2onyewbs7pehh2ellzcb	4.58502772544531	0.842755275391747
did:plc:kzlrjevdw2jbgbbw74mxnnte	4.0353030891503	1.26373813512123
did:plc:kznel6kjqggbjpmuaee3tvys	4.79574641984652	1.26168586399409
did:plc:kzoy4wiouudc3skbrfwdz7rt	5.45483903689761	1.0267370849122
did:plc:kzqvbkwasewbghwpt5vbrdtz	3.40548256977903	1.96324689717557
did:plc:kzvce672cmbnp65q64oprozu	4.11150212170707	1.71366108834395
did:plc:kzz3ycxxlimqbn2arepd67au	3.44448942240588	1.51183381982016
did:plc:l23rsnuzhqac6xxukyud2qd7	3.94821052079249	1.38623261101475
did:plc:l2en6ewstr6pglyra2cc2dpt	3.68603671232808	1.39166150475995
did:plc:l2ergmeybgzz22mx5foxlpc6	6.01487903197753	1.03006635610573
did:plc:l2feasvntl7szzq44px667eq	3.99482803846141	1.44870412341297
did:plc:l2fomndb7nytcjnmpa4d5qn2	3.45469322137444	1.29457897971003
did:plc:l2g3p7wa3jabvanfmiz6q6ja	5.63083488045144	1.02791796389232
did:plc:l2mcneqgmel7enxpv7en4xa7	4.25084229883535	1.0907574825494
did:plc:l2p5r5v6rvsd6jgq7bt24kbj	4.56267709693596	1.50700269786488
did:plc:l2q3o4yb35s23b5ogd6fmh6o	3.96676164934629	1.44814354196557
did:plc:l2s55uculx526e6lyytzfltk	3.78423563214399	1.55107427719283
did:plc:l2snp6pr5w3eelzka2k53ymy	3.99221389175622	1.09664277435247
did:plc:l2ta6ox2kfjvwygjhmlmlqtc	4.66763635374341	1.53568678178333
did:plc:l2tn3w5o3dxy3akrnqshahhk	5.30305237495956	1.01581110760517
did:plc:l2vuh7627o7kegybcjwttd55	4.03446927429003	1.39314668414001
did:plc:l2xwfhqxhozdiferpyx7bbae	3.48200877794577	1.11327382275232
did:plc:l2ygx3ihccxm2hscbdaols46	5.71412251615025	0.807519911352521
did:plc:l2zsde73wffbddzrwcvpamrg	3.50211537013059	1.45734560321203
did:plc:l32wkni33bhintsm7hrdglba	3.07942320522347	1.65049605467914
did:plc:l33uvsuq44j63h37l2duyca3	3.80458089831655	1.7640596220861
did:plc:l3cn44skz5j3rp2ey6b45n3m	4.0975947564077	1.34305337081612
did:plc:l3i2fmn4uaezn3yhysmuvase	3.56108526620378	1.54065237993302
did:plc:l3l3bdi5gmwt4juxkj7gjfo3	3.91888203805047	1.40363664518281
did:plc:l3tjcfz2lnbnqq5csnpxfmor	2.83075960015252	1.45960669982349
did:plc:l3tpwp3hegliprhws4qm7opx	3.32887204109805	1.52432749959678
did:plc:l3uanbfs3ddexnwssf2cyvrk	6.22004704415212	1.25688704332537
did:plc:l3xcjeyzqhwgdddpk6ketcvc	4.16628149675135	1.32422939874575
did:plc:l3xgendgkdu3xrynlwbrzmtv	3.34228739853908	1.95439921800088
did:plc:l42li7cta55xc2bschwuyhlq	5.0046265328665	1.31877063310041
did:plc:l42omiufwsccxugn7athcmwr	2.9178162607415	1.85939915490545
did:plc:l47dtajgvr7v2qypxjgwahww	3.71170264779659	1.28425336832019
did:plc:l4aexmkpukerpziuguavki44	3.61213236543643	1.64718305144668
did:plc:l4oxy252fkfqaw3dctowvz4f	4.26033477154972	1.81665385889935
did:plc:l4pngkpihpz2b24uzj7it5hr	4.21245397054134	1.43470027876075
did:plc:l4voxb5447gwbxyziourkdj4	3.54669068963719	1.20013688649972
did:plc:l52or5qcxfrjxukwiot2mtph	4.48205725534354	1.69184144721506
did:plc:l53khoqrynq7mraouxlq3rud	3.38531137531985	1.88923913561155
did:plc:l54hndh63dvodzhjitesl6wq	6.13607558278401	0.898348462345405
did:plc:l552r6znaun2o4vbuql2bnhf	6.14721488218623	1.05672540743659
did:plc:l5eweai3ztry4trt6i2skgxg	3.95730736771023	1.69039499787838
did:plc:l5frm3j6qjxqkrk7ha2yeqr5	3.49321860506951	1.46904582667633
did:plc:l5kplkl2jduwbptpj54bpnfq	3.15204329708728	1.18338815084025
did:plc:l5ls37thfmkdy535yloatciu	4.82527924358618	1.99787556110815
did:plc:l5tc7ow3zhddpiam52vffkxz	4.01401653436446	1.54985330161932
did:plc:l5tjuqqvfiyihlzzlmfeycna	1.72140019508496	0.585452144633135
did:plc:l63d2du6cg7jbqi5qi2vot7g	3.60452852455778	0.315774424761772
did:plc:l63q2vsfnlq6tavvqmu5znf7	3.81371719472877	1.660469034595
did:plc:l65xhvyly4aruik23omtj4ds	3.3342475661952	1.82307269258217
did:plc:l6dbef2wki2ubbuh7xxhvmy7	3.80770580745895	1.3441191524374
did:plc:l6dizsofmkpwqoegyf7lspje	3.60031312439624	1.80682632170521
did:plc:l6gxl6jmm6r6vv3iup7bfahy	3.74165588274141	1.63829377970728
did:plc:l6gxz3e2ewuxsf32hmmazhre	5.10196776607307	1.30635601144338
did:plc:l6ivtiaxkb4hjmp4pb6sanim	5.02015992380926	1.29625287141698
did:plc:l6rf3xw7rzbc6kld64a4bykn	3.84632931341369	1.53356541074669
did:plc:l6uyzapdbdmutsdvn75ogofd	4.27677579451212	1.16037606964467
did:plc:l6xwbtxrxyd3evn5n5dqs4c3	4.33602210013386	1.67535662721505
did:plc:l6z2wwiae3usmfdc2z64nnxd	4.02820222860541	1.59002826493634
did:plc:l73waiiuwynelngzun4bdxmb	5.20898325256629	1.13039593741656
did:plc:l74qwoepdewje7qhoegch5xz	3.68365334833773	1.5885354146591
did:plc:l7b6fg2sq6x4xpdrmkbynd36	5.66822614934399	0.880903363563791
did:plc:l7dt7fxgu3nbbeg2v7pasn4f	3.17557189033072	1.79879867132968
did:plc:l7iuw4gzuhu4z2qqqhkl33or	3.48921896716373	1.91921671872762
did:plc:l7kar4fz3xwj6fbimtzpc3jh	4.34629838465684	1.88762054321941
did:plc:l7l4pnmdvqv52rfdoawacldj	3.65634802127926	1.34084078427192
did:plc:l7xwrchjh5uubzlnc6sljf3q	3.61293260109428	1.20199023924028
did:plc:l7xyuvm5zqwlkkujw7nxtjmz	4.24543398146621	1.07812285714634
did:plc:la5picvqth4cu3r2lvylvfla	4.67248618468632	1.49270377446793
did:plc:lact2upkfmeptu5hv3htohg7	4.35399522491703	1.21069324777804
did:plc:lamkrwzb3e5cldiqxpyubbcc	4.04329049666933	1.46860944717358
did:plc:laors5juzst7afhass63mbgd	5.14554537880543	0.8717345728661
did:plc:lat3o5ogkf3kp7kjzbxgakim	3.4886580864532	1.6453202967069
did:plc:lb3fvr2qj4uwg7goq5atfjts	3.26650411831771	1.32529205423759
did:plc:lb3ispkkvjrits4cf2ssodma	4.79554032909724	1.0637315749573
did:plc:lb5xla2fbhsq4vbz4y5fdci4	3.30968263632637	1.32984534898754
did:plc:lb6txudwcbhx4fgl7j5xwnxf	3.36458663013343	1.43073938801669
did:plc:lbdjue7nuvhoo4l472uw7tgt	4.12857685542483	1.38633251305886
did:plc:lbff6uwdfl4sswvk7jhiejhk	3.96819883386603	1.86218567722048
did:plc:lbjnkvwhojmg75hf7lnak536	3.9948719061057	1.46354082597439
did:plc:lbolmrgkfrwqmhf2pj2kcb5u	3.51819657273896	1.48918564525434
did:plc:lbssgm332vcc3a2xxkmxdfoj	4.65903054360973	1.33796031229351
did:plc:lbsz7thoxu7obwj2vag5owsk	4.43732888045945	1.11223464971071
did:plc:lbtbd7e74oqi5e3dwhoqvlwi	4.83646187281575	1.06861943130816
did:plc:lbv6fsnpc2ksqwyiowlsltwa	4.6190121558	1.62125310759174
did:plc:lc72s7wmmpoa7jhck5bb6mow	3.59837402568549	1.49644050673831
did:plc:lcdlbt2hpkb7j4o5xpljgywu	3.96619276363082	1.59641316582209
did:plc:lch4tavmdtzsxo3idkeisb7m	2.78460560617665	1.51703500868739
did:plc:lchy7sgr7rl42qqzquljpdbq	2.53402597183421	1.08868753101567
did:plc:lcx4gfez55rslqgogavdngkm	3.78321991247653	1.75687415472033
did:plc:lcxm3o6ye5onoo2qsojoxdvy	2.93982239333884	1.83021712706886
did:plc:lczwsowaiu3swterrvsttj7j	3.75229348824744	1.46484584606439
did:plc:ld2baoflp5nabxfe4uiwou3u	4.41390522999094	1.58159702225113
did:plc:ldbfezjq3vyxduk7izvt7lrj	5.15631254539042	1.04715193470103
did:plc:ldc67wdauqzujfyrtv4del2x	3.28294432827591	1.8932994635388
did:plc:ldltrs3e66xauj5lsb5m5rek	4.84968426899416	1.36683989691923
did:plc:ldnbwtualoijv4o7a6j7ljfw	3.66050375777124	1.35741601540311
did:plc:ldsc6fjlc62v737jro3hbd4n	5.459324570475	0.950583581325068
did:plc:ldxndw4rwhaf6rgtajxoprgp	3.84244379688861	1.102988863477
did:plc:ldzbiim5wzmxitzb7kt5dlon	3.35100778332088	1.28128498251895
did:plc:leaj5dodni2pufiitbu2k6x5	3.68799429607743	1.35134534275112
did:plc:lekg5leb3tv22u7gcikojfi6	3.80109519979498	1.5709806663707
did:plc:lemnvk366jsll2kpehvqd2pj	3.12909945081206	1.06283640484063
did:plc:leou3u72ssl6qkuccqt27by4	5.57289676080672	1.318037806353
did:plc:lepsi5u3xdboicgqh2x7gipm	5.82269119673499	0.985231970524432
did:plc:levivxiq5fcrfipqqab6vlne	3.71975548168435	1.47210758344683
did:plc:lew66kxubv5ieuvjbtxavdra	3.37288971622248	2.04191394755885
did:plc:lewvldo5em3yhejh2bghwkox	4.2468265671384	1.30607090427536
did:plc:lf546vphpqj4c3bm5aqxawfr	3.62213724467166	1.2360914172445
did:plc:lfb3kn6mlswfltorwcd5kmje	4.3161553951629	1.68284286915962
did:plc:lfbftq5vsyxfdnsgqofc2uy4	3.95625521596054	1.91028969480417
did:plc:lfcnywwtlbsocg23eyhfkrph	3.28789700325644	1.85047586364982
did:plc:lfdq7hgbpt62bhf7udw45k5t	3.37719136206704	1.67413956332634
did:plc:lfefq5nxhalsy7wbnyflz7uk	5.12933461352366	0.77981307715594
did:plc:lfepigj74ok7cqqv7zh6bsgg	3.60212809183655	1.52498727721971
did:plc:lffsya5z44abaz3wjhppfgvx	3.04253886181757	1.69634674334456
did:plc:lfi7v7zp2puwig5vuze6arps	4.41757560659819	1.39746985093252
did:plc:lfjhlt2w3c2ngjcy3u6tzoc2	3.77665168845184	1.52263081066912
did:plc:lfmj7rtjodoszc6fanoyorfe	4.23022297132807	1.41729133615305
did:plc:lftgrevtj5hxq2gahphkoyd4	3.50979717425212	1.53581082526098
did:plc:lfyhzgzpxffygwjumpbhbqwu	2.77825562043593	1.75595977889266
did:plc:lfzeuapbmjhgzzrbxki4ujyg	4.05274424122098	1.4438726707699
did:plc:lg42wzfi3jxcpqrmiehie64k	3.97772734879199	1.48752772113693
did:plc:lgbl7vwwcc47p5wskvuspz73	4.6800292121608	1.28832694461861
did:plc:lgbnhabihifvhld4usx5zftd	4.37483898688741	1.53059807579224
did:plc:lgbtbxsgbq4rt4afo5zxtcog	3.3111715124118	2.11213390151368
did:plc:lgcxt7bsym3muddeaqvh3c44	4.71341449699979	1.07853924505068
did:plc:lgfhamaxxp4rvkw623zkrujh	4.10971287388503	1.51980181936553
did:plc:lgfu3ofsvz72hwug4crhkq6y	5.16262240049672	1.15123242580776
did:plc:lgg3qbuu4rz5xrt2ej7mmukm	4.38967048239639	1.59488148126269
did:plc:lgjhnwup5vqclvtk5bh76yqe	4.3068596286992	1.30661668259904
did:plc:lgjvedpi2mrikf4xw3x2tcyv	3.79576648596434	1.39980873642696
did:plc:lgnc5ip5wncrmn2i2adcljvc	3.68234404614655	1.63158565107878
did:plc:lgpz3h4lklha447tz3gwvkzq	3.54227838437663	1.59470186090693
did:plc:lgtox7r2sy24qo67aeucscud	4.23505297464873	1.69165922026638
did:plc:lguh7mo3h6qvowkx765hjhn4	4.40714548470147	1.53908064956673
did:plc:lgxwokjfnegutejxknkdpqwj	4.30328930913043	1.11974930232426
did:plc:lh2s5wk5fd5edzq2lbvbkum7	3.29739501583352	1.61634906164754
did:plc:lh3awtnao2y37veqaelm5ogz	3.14749066079378	1.61086382233463
did:plc:lhc46lcr2odcvqjkf7rej3wr	3.01070512671879	1.58393070386978
did:plc:lhenf3yum52x5eg52bixuu36	3.70281020155318	1.62972790001633
did:plc:lhj2lpgbbt5gxj6pmxunraec	4.28806803003523	1.31867026502611
did:plc:lhlraksq5fpynnxnz455vvt5	3.84140240896383	1.79318943783009
did:plc:lhrerfxoo2onccxqzxm7ruey	3.5820104688293	1.51801583375226
did:plc:lhtzlctsg4ijr4iopcaw56kn	3.41265593259073	1.3078079743392
did:plc:lhy2si52mngd2qkfdqg2jiii	3.81442302657897	1.68326622604087
did:plc:li6x23nhmweobdcj3stnfzcm	3.95642235402184	1.50825260110501
did:plc:li7mywppzlfagxkpjzpuw6og	3.46941819943817	1.18123977487491
did:plc:liarf7czkgytbtue7lbpcuzd	3.26501569745391	1.35103592092198
did:plc:lihsawky5shvvhfwyazizpjb	3.25986692836004	1.65439226363963
did:plc:lii4jax3q6vn43fqqg7rlk56	4.33322378849457	1.47261629080883
did:plc:lir444eitrqkevez26x2e6dk	4.28577391365739	1.37116367718851
did:plc:liuhjwhkpftjtqp2fe7mwviw	4.64193523942301	1.65906670187411
did:plc:liy6557h636yaakiw6pme65f	3.39070218998375	1.84177408555006
did:plc:lj45pl6dxsvnnl3miunbjr5x	4.06906642562661	1.18840907783424
did:plc:lj47i5bl2kw2j6figz7egr36	4.04858138150121	1.96433811549664
did:plc:lj47y4m5udb3aaoirbzblyxp	3.47733473184683	1.65886154580481
did:plc:lja2os5gjbjis57mbvatefay	3.14778000148029	1.79348398018944
did:plc:ljfrnk2f4f7gg5e5iomz5rhe	2.75695772371479	1.71381018786619
did:plc:ljjgmrbvlto7nmesas4z6xmq	3.28033222086816	1.71970625621577
did:plc:ljnukqzemqzqyw6sewta2s6h	5.38992959999998	1.26451446368194
did:plc:ljobmyaeqicr4lbspao7yqe3	3.25675671360579	1.1666503988113
did:plc:ljpa2jz57ezzhibz3iwbv2cc	5.02466875904663	1.40325575414631
did:plc:ljzgrs3mmbkrhqsqwmtrldrm	5.2518677551516	0.853498782519304
did:plc:lk4f6utukiohldyk5qwgcu2j	4.36094999015784	1.68090828249673
did:plc:lkbz3sucwncdw6lfifxntcgn	4.1859730171487	1.45167969309337
did:plc:lkkdzqzfqsoakhkbbwvaqoig	2.84314171997416	1.76826261333904
did:plc:lknlsfgq37gr2lgvotgvvqrd	4.31367794031683	1.31530727146101
did:plc:lkvr247rsuzr4g42rhyshq2t	3.4964463305903	1.44003178330457
did:plc:lkzmadi5qyvhsud55ohxqxmz	3.09555011642464	1.89484766519299
did:plc:ll62pkdvbgzp327affppxdo2	3.32252831547438	1.47993348162525
did:plc:ll7ku5jbbhbnaryjikqk2kdk	4.17056328675804	1.58854684113491
did:plc:ll7qbmaf2je3ahgqn5phvtfn	5.4921435459017	1.14119360435161
did:plc:llq6yktkltxfgcchpskyhtg3	2.44054932743221	1.07492389420451
did:plc:llru6ptnnqqyo72h6ico7jqs	5.07153544606782	1.26874464802331
did:plc:lludwlqjnovljivjwc4giou6	4.3422239412476	1.28364554347969
did:plc:llxfq4anq75hxav56nbftaz3	4.70273384785046	1.44077899127051
did:plc:llymth7adavvi3n7ma7f24zj	4.02967491599695	1.25335475256934
did:plc:lm3h5s7wx24edrfaeb45t6db	4.45905026358743	1.30633980774516
did:plc:lm7y52xkkwwwjsde56xt2glr	4.10361642744246	1.05090958249878
did:plc:lmdsypxpckadtdvxmyd4pl3v	4.58027444377165	1.33277959527211
did:plc:lmdtcgihjgwimbvt5tdxcogc	2.99309356899704	1.51211195921343
did:plc:lmjbyk6fpqxwlushct4frajz	3.56062800955824	1.34882702063523
did:plc:lmmiokylfvqtife7dwdbcoot	3.54050421404588	1.31506483831888
did:plc:lmncbhgi7mlfyin7s36wstvb	3.84256543472518	1.59223019939058
did:plc:lmpwlnwmxbofk3yonquy5mqw	4.17548092350753	1.52413068374631
did:plc:lmsfnghuk64fqp5ufre3iup2	5.01323301243388	1.17784105128062
did:plc:lmueutl343z2z6equvjesvnm	3.05713954550587	1.77349349360031
did:plc:lmxkzypupuuy4a52lxyoarqy	5.81880536833394	1.28852989757949
did:plc:ln2e3x7mqa7r2ygorbmjlymt	4.10068522207442	1.69167387945411
did:plc:ln5ybfuqs2dpsgl57zihjqak	3.89837671306339	1.63804401050314
did:plc:lnby4oetpcnlsgegi2twwuhw	4.86156767711863	1.23042583181934
did:plc:lnexzv3wiacn7qrpiak54pwl	2.9864664919299	1.82112874492115
did:plc:lngb6kx6vvj3br3krokiwuh3	3.85986589651609	1.52739840944408
did:plc:lngmbmqtz777ql2b4ba3d2b5	3.66986215885376	1.49944356706378
did:plc:lnlbiqz7vjtcytquzubzt3lq	2.79997999415779	1.34526835536175
did:plc:lnrfjmn464aaljacqvzoa2wl	4.00725225545157	1.69731019289618
did:plc:lntzdke3yrgoab4sh425rsuy	3.13532110581712	1.71261375437135
did:plc:lo2dsegw6syymu7onx2cneym	3.43095038890271	1.68857658403332
did:plc:lo44wp4naax7v4oklr6wxkwj	4.94847325753396	1.42734833412447
did:plc:lo7qxs22amakwxtrhlprvmr5	3.67848091628625	1.04974011396878
did:plc:lo7ryxbo5wc35wwejoudg5yg	3.72951535675411	2.11095374230663
did:plc:locue5agr6inqa5g2bqyqm5n	3.08346187973528	2.02555318076278
did:plc:loeblqg4fgkcwydqdss5z2dr	2.94560736440807	1.7212263043965
did:plc:loiq5dw5h7nnw3p2m4rpoi3o	3.8515981851237	1.59515165450297
did:plc:lonqvzvc6ub6btm77wfdvrwa	5.0640425815109	1.47795069176397
did:plc:loqmpspvybyenedxdcw4bogj	5.06004351954253	1.63736649076351
did:plc:lorpyw7gwl4pgsco36z4d2us	5.09219240026396	1.04067115057807
did:plc:lotmohrivj5wbf3gl3jsqa62	5.05149632849007	1.07874713998037
did:plc:lp77yxwcshctspcfqoltzqt7	5.01268388192461	0.698034026189976
did:plc:lp7lxgwn7ogiiu5sgewfmnxz	3.30320264371997	1.58405101343723
did:plc:lpeblthcrrmzs4z7uyavw5is	4.56540606823923	1.93020287678373
did:plc:lpilxl3uywijhsqeetn3uaky	4.33249762982552	1.97264656952018
did:plc:lpj6ctzpyninebh2a7nj33na	3.86340230685227	1.42582384804381
did:plc:lpntvud2x3ewt4almzupfl6w	3.09957246034377	1.47111965118626
did:plc:lptxagtllks2kpgfxx45jbhx	4.45827856879645	1.15186765431458
did:plc:lpvqtlzfu4aatjgvmsnxylud	5.44747526860101	1.01482082564717
did:plc:lq2rahkhpymc6stsgujbxfhd	4.0943393410817	1.42063589825708
did:plc:lq4iwnoe4nmp6ypjesw5ki7h	5.39181941312235	1.23389694262811
did:plc:lq6vrlkg64e5usvfq432d4wg	5.03386614254136	1.59986312084533
did:plc:lq7vws6czg4emhq2jnyyjrm2	3.2824529407456	1.62653286609931
did:plc:lqbprahr43ejeolku3kdd4rg	3.31813608060156	1.6481266792719
did:plc:lqhizanszd7wt6j22rvb7u3q	3.91654512284194	1.82700804180458
did:plc:lqkb7mzardw4vr6ll6rpdgmi	3.48025897848023	1.55836355729591
did:plc:lqlumyny2jubxxldsvj7ffgy	3.60405180933592	2.16547138352162
did:plc:lqp7fnz6byd4u5z2xe5mg3cr	4.28817161076272	1.25681497640861
did:plc:lqq7z6hf36mj726lczu4qauh	3.04601754833731	1.93405200951057
did:plc:lqqngbg7lcaingct7dvo2oii	3.92291115306264	1.64602868137424
did:plc:lqrysbtyy4d7qfzopx3fq77i	3.91134519987531	1.71198247483018
did:plc:lqtozhk3huw5la22ekcafqwi	5.43167701965964	0.838615679403425
did:plc:lqtpypqqpeziujchbdkdp6an	4.26430917601984	1.24182080528139
did:plc:lqz7pk365ltcldhanf5wlacp	3.88535020961675	1.26671340609705
did:plc:lr3jzosu4xiylkimifbtrpbp	3.91506333943049	1.4766855085264
did:plc:lrcamlcitxgfmspunc23fgqj	3.49724832849489	1.511454766181
did:plc:lrclhh3q2xmnuahl22jevvxu	3.85610298877746	1.29870839562908
did:plc:lrfxjyh7zu54ycdgoj2imqm5	3.45459316656437	2.02362770360381
did:plc:lrg4ffeosf6fpwdoba3hszi6	4.04911397002001	1.42627956859496
did:plc:lrggjo7akllxch2olxd22uai	4.80569763023085	1.6807690914016
did:plc:lrnlqqcxggn5ryt6qqsbklzj	3.99064486246023	1.06291556962373
did:plc:lrnquhw7qghphlqaixq6qxws	4.18431568108613	1.44146510848016
did:plc:lrpdep7d4p5fukw7xttmxwfy	4.48420242055717	1.25698397068855
did:plc:lrvmduzlvhqre5234wohd65e	4.32324807821553	1.77997200783474
did:plc:ls34af2yq3rbivvtf5y6qp3m	5.2153162679734	1.10036631567878
did:plc:ls3smqllyqxyg6slyuv3vynh	4.74709479546334	1.32624751766065
did:plc:lsd2djttklqjr52boms7l4lo	5.49330992005342	0.880627084149933
did:plc:lsggj4lixkcpzp53yzneytx4	3.77324013123775	1.49336994691207
did:plc:lsiaocmrtylzhwkzmtefex4q	2.81957479579851	1.64539339527143
did:plc:lskfb2agbs2ynmketuybzqkt	4.56003264957028	1.38886294343253
did:plc:lss244cnzeoicm3p3nrg5ovh	2.95533496916723	1.61651513627376
did:plc:lsuairboxrd6jgoi62xphfku	3.32141464028734	1.48764045120332
did:plc:lsw4oc4f72z3vd2gknlfhw5v	2.8518416502712	1.26322528912678
did:plc:lt2ozg7c4uzesfmvjmuwjojx	4.31709372803201	1.63881841032119
did:plc:lt3wn3xzkx6wygpmj6xkw5pf	3.27378826105718	1.67239606934828
did:plc:lt5qpymwn7rzdap4v5fs3sdo	4.42607131024568	1.85602646172999
did:plc:lta65n2gafc6tumeo2tddhzv	4.7117655154122	1.28121335219313
did:plc:ltaqvh2inetda6rwqcbkb27k	3.28393685661629	1.47041515945276
did:plc:ltgnmxhhvaj7f7qpmybgeowk	3.2626407040096	1.84540794005152
did:plc:lthq7mlnlhshl4c6et273lqc	5.00502501370009	1.16598052614536
did:plc:ltm5kvdkgkigumbhjnqsmmi4	3.59624177332604	1.84640970634329
did:plc:ltotysdszuwkp6p6rj5ienh5	3.7113147474315	1.772035369524
did:plc:lttnwyrtkhf4u7cgrt3qhdvc	3.26180124098367	1.5101605388465
did:plc:ltxbfp6hnobmf5msndhx37e5	4.56667896443266	1.25297162007696
did:plc:lu25xwaat4f273n3lbnmukdp	4.23249346906903	0.956093674987502
did:plc:lu67dx3kizq5u3l66hlsj6p6	4.36534019837095	1.58763659623791
did:plc:lud5xcs4yyox462h2g7joyax	4.65465746215511	1.0799090136907
did:plc:luermpwprfa2a7w34ctcel6f	3.91326469623013	1.39402627592823
did:plc:lulm3w6dpyqjafowx7uq6zaa	3.68782361329032	1.7313503006375
did:plc:luo7vfklpqxlm2d4rjzlxe7k	3.17885968523644	1.57174399096032
did:plc:luqayt5hfhr3bw4ifne6ildk	4.17049051370077	1.70924964661356
did:plc:luqyjj5m7fa65emv2eocdmpj	4.70449329681236	1.14549614196322
did:plc:lutqjc26wh3bgrr6vilpcux7	5.0215590790126	1.69256855801572
did:plc:luvufo3oqsuir2bqfjn2zelq	5.4763692588681	1.2118582043663
did:plc:luyedd6ls2ryz45pxmnhd2wj	3.89272129402976	1.46293757696984
did:plc:luza64rzv7nz2xoptlm2uppl	4.18057215438681	1.55253311713093
did:plc:luzftjdgf5vvw5aqj3rdmtuo	3.55622906295294	1.62376627340444
did:plc:luzgwr3tii4gfzumxkwr56yh	5.53288134484201	1.18316138842333
did:plc:lv4cm23cg22fw3tdti6vr5js	5.90703655695067	1.34563598098246
did:plc:lv5v5f7m5qqsh4ygceie2mj2	3.45103541633992	1.92700046705648
did:plc:lv6x75q5udzgw5wg7a5ehnsk	3.54864918533404	1.45852487177377
did:plc:lvaz5im7hnmg5ydkbdtk725f	2.84549705480106	1.215503012385
did:plc:lvfvpkgjkjeenpr2pcutvf65	3.2551826130132	1.85558250731043
did:plc:lvhpeudrfg5ilo37lvb272fr	4.1703774685688	1.62754769883787
did:plc:lvl4mfi4ojreib5fhwsknxcx	3.29414856448645	2.05689166656305
did:plc:lvt27wy5e36iereaapbnq7wv	3.87950544383244	1.792428986218
did:plc:lvuk5zjxgjcht5w65bhperdw	4.61332507587908	1.11674286898865
did:plc:lvzafdtexp3q3ovagbagjwm3	3.78485183133484	1.70275208276371
did:plc:lw3wqpvythqye5tlxixk5vxl	4.14839257848664	1.33569971852894
did:plc:lwaulyoun7masqfoo4rxyeog	4.07252132333907	1.42860545541065
did:plc:lwlab6xer6gpbwl3rhyivnbk	3.36365302661732	1.58573308669903
did:plc:lwliggioymy4zxmuedlfcqid	5.29709986449246	1.46070069919673
did:plc:lwnx2we3zpkzzha53c26rssc	3.43642198996419	1.33498992816744
did:plc:lwpfxmtyw7ubtsk66rlwlh6v	4.33214161766411	1.29064589762364
did:plc:lwrkfisdlmqa5eimxctjknm7	3.65314150696561	1.4197074060834
did:plc:lwv3mhfx6wwxgkiubps3q2ge	3.58491040724068	1.45353374004273
did:plc:lwww34jos3seeudf5rya6nq7	4.23529779265985	1.61480720397051
did:plc:lwypls66qsw6iigrbvie2nub	3.00324471429409	1.70664233956593
did:plc:lx2w7pvnueyyppn3tt6gzrjt	3.86389425753063	1.07856025476001
did:plc:lx2zi6bffzng2mwa3aexzfag	3.96793336991013	1.81536012589905
did:plc:lx3lfu2itmf5pkmn5ffal6lo	3.66815915188982	1.78033821315978
did:plc:lx4rf26d4b6kdo6lycdov2li	3.72905928651231	1.24922772160848
did:plc:lxeqih6oaxgls7qm53g64zxt	5.71587588478807	1.00529487808886
did:plc:lxj2ghxz3hceuda4mraufwmr	4.55978015202952	1.68633556616577
did:plc:lxjffc4ylc6izgugn6tynf3y	5.0897069680417	1.08511357535638
did:plc:lxkehblhzbd6wmedj4fywogj	4.71555017647042	1.30990974187068
did:plc:lxoj66zuiy3qzf3rzmbqtrad	4.11474974203255	1.24556158403096
did:plc:lxpmp26fxtdcr4fxvhycenoh	3.09869842029269	0.640895479184621
did:plc:lxq4uzypysst7n2t33vjumc3	3.79482219395018	1.31206480806774
did:plc:lxrk5sdykh5n6nv57e6qjosx	3.05453798624726	1.93802357321432
did:plc:lxv3te3ajpr5423o3vghvx3m	4.47388548016538	1.32178551578304
did:plc:lxzyjtzdiltt4fr6iuceckmi	4.61971581086238	1.23334959669192
did:plc:ly2iv2leqtxek7psblq7ammq	3.30329435680291	1.59345457601249
did:plc:ly5my5e77deoktrdzr4mpspk	3.74349789985215	1.55531011287632
did:plc:ly7uwjwlvogmwddnq5sfy25m	3.66573683923834	1.58067857242967
did:plc:lyftbd4ntg3cuznuc2uqhadq	3.82761303215848	1.25031736080737
did:plc:lyh3x47m55kdvy4p26eiicmm	4.12432173932926	1.63106186786883
did:plc:lyigrg5zpl3vfxmygljfz6k3	1.58769083920817	0.11784646268001
did:plc:lyk4axjiwazbxt75brbttfb5	5.74907541181809	1.23250725844234
did:plc:lylnuicmwzslk6fv22xznhsj	4.22477582194987	1.36675858277948
did:plc:lymwn6gifrakhgik6y6ji2kj	4.83238335425292	1.14161059991596
did:plc:lyndy6iqzws5ooikwnqxnigl	2.98147173728662	1.45138021464286
did:plc:lyvdcgjt6yhjnghdnnuq42zv	2.5261393522508	1.63060540051177
did:plc:lz3m2huni5ac4in26ogexuoc	3.37691341839663	1.13199892962788
did:plc:lzbtyiokmvmdrw7xl3mmk2ao	3.3712764415893	1.39136627962311
did:plc:lzdxw5qgabsmenwe3iau7is7	5.62956653480257	0.76632045512029
did:plc:lzps5dscgqueqbclkofnrc4m	2.95210529688372	1.69334669348129
did:plc:lzxksonfswzr5kcka5kea4tp	3.490921661453	1.32810927955636
did:plc:m22cj5dc7qocv32y26gdypmf	4.01017996486485	1.27801641611923
did:plc:m23ebsghzxmtozrj56smyelb	3.65743458266372	1.11124311405448
did:plc:m24qp4x2b6bgr25plcxaqgg2	3.75651903391073	1.75992113867091
did:plc:m27xewhep25hmemis5iky6de	3.07828262850012	1.28992986157288
did:plc:m2eihf4khgvpk3mdkjy567ka	3.65264698219134	1.28263314725265
did:plc:m2f35k7lq4rrgyhn2siqytm3	3.02217789577024	1.22686351616458
did:plc:m2ju5jlj45gdpkm4mc7aqcll	4.50009342796673	1.31224926360901
did:plc:m2s4ra7lqj4dsblicn7swaxj	3.54291894956701	1.9101326434681
did:plc:m2vqysxrnsjhawjs7qx7ozlz	2.89944871001884	1.21105075745468
did:plc:m2w7tgwksnjzixaiye6bh4g4	3.14107318342334	1.78156540054189
did:plc:m2y3zihtgkzgs6efiltrszhr	3.37933636789719	1.1798904297506
did:plc:m3bgvbexotkqzxrywkofnofu	3.28980049662624	1.54622878343463
did:plc:m3j3gryei77uybjb35woduiv	3.35588785665419	1.88237894243933
did:plc:m3jsbt4gw7iphajt37zcxmq6	4.23590729737672	1.65746893172134
did:plc:m3jsg7fb72mbegt3vqmyhn7r	3.69618150285506	1.32376786680241
did:plc:m3n3tjq34fyxhxvygzhtsirw	3.51836669178901	1.23034627385349
did:plc:m3rpgnyet2f52aub2ayd73la	3.31804018659009	1.76166158068282
did:plc:m3ydfkf7prnwl7muybpcffca	4.49503884676201	1.17193903235362
did:plc:m4n32olvaxi72zy6bw2kk4sd	3.43881471553318	2.16296850591093
did:plc:m4tigqvqwopyzzc5fx3wgebk	3.76770904115261	1.66348630200952
did:plc:m4tx7xfe2fonrjncvcykelnn	4.25887493823554	1.52812950637898
did:plc:m4vihyqkxu3i5vh3yesn6ki5	6.20147763004127	0.400593676759142
did:plc:m4waojrmaajvj3zgdnkz6fop	5.88243649242708	1.25472145319265
did:plc:m4wqyltk63wrd4c4lujnr5zn	5.09320786866697	1.0180825474958
did:plc:m52c2jr6vumgi523mrfmuoce	3.45781022631195	1.48730742802054
did:plc:m55yhjiy4df7ah3llvmuzlww	5.37736615116755	1.0469877907075
did:plc:m5anzvnazsqfnnhqnzfsvwwy	5.96191166513084	1.20741940729652
did:plc:m5jiajrbeavmgho2anowx5bk	4.101849621745	1.96803447408947
did:plc:m5rp3imz6rydf5ev4qmkmlaw	6.16958904241069	0.813262708897253
did:plc:m5tpbl5oapxc25bbzwwhxsnb	3.12728834341948	1.3575731746154
did:plc:m5v3zl3yyiablczeboap3ilu	4.46788907096528	1.45806248341961
did:plc:m63boi7be425ep6gyuvekbyj	3.78747024008482	1.33808422546218
did:plc:m65hzby7ck6p7uyz7rqvkdhs	4.44117335727467	1.40449884939474
did:plc:m67rkoj5rurjmwf7664f6gks	4.27719378765772	1.300588246624
did:plc:m6b42zo72sqtr5vebhkfmpbe	3.08176062269409	1.52456026185053
did:plc:m6bbhk2zbmts45ritr466m7r	3.06096912640414	1.89965498456569
did:plc:m6d2tblwbvz33ml6icwfkhgx	4.78618477552777	1.47469889347978
did:plc:m6fxnpejto6r6vwtmc4dfs55	3.5816998861802	1.44687185302015
did:plc:m6kbwn4qmjddsoo7vcnorq2z	3.63054404288892	1.80738164645564
did:plc:m6kwvg6fqpw7d4kbh2tknqbs	3.86145811066349	1.87792097306787
did:plc:m6la66da22whfdylumtkvkbd	3.08259056129038	1.54289002574024
did:plc:m6ldehfknbz3n72daj2oe2l4	3.34401654483987	1.37577496458522
did:plc:m6mjsibxoiz6uhk7qjshsm3n	5.71434591296024	1.05582336398187
did:plc:m6p6zyqpffu5hpxh5ngnpm4o	3.09810541349606	1.42474924793084
did:plc:m6uhwl2cf4bun6phd47gp755	3.65952968994225	1.48473368531715
did:plc:m6xfslhtqrw6wrya4c5z6xmo	4.21605204288832	1.56547438938519
did:plc:m6zympidbplqa6qm7dagym5n	4.6116705779366	1.45857173268554
did:plc:m72xkpjoy5ineiofalx2wjvh	3.42713661963759	1.28038048672776
did:plc:m73o7sqhddsk2foz3s72cjgl	3.69128093503258	1.51468363840192
did:plc:m76mklkvbwrswlxtneqdquwo	3.56118691295279	1.07288378115225
did:plc:m76zukvl5xodia7y3gb3cqbr	4.53607239539269	1.31536691589067
did:plc:m7ai7f73qoyal6gcq3wewvmb	3.21627188736988	1.25629487411849
did:plc:m7eax2ykd7xjx5bdquukq2ti	5.38466108851996	0.885789016948542
did:plc:m7ednmdpxti3rw5ydp2hsb5k	3.36102536010567	1.20833236606463
did:plc:m7enlwm4llnsaktkpoqxo6a4	4.64640891114497	1.53497748429523
did:plc:m7hlxxhcxczfrflvctdjrtvc	3.45296896374465	1.33055651565377
did:plc:m7ks2xhfuku7errrtfjux2lg	5.13749527178614	0.758720507953793
did:plc:m7mkitnvbkl74ksod4r75vvx	6.02294905281548	1.19050640477177
did:plc:m7nc4gv6nnavj6y4vqsje524	3.3954974758221	1.59425256620021
did:plc:m7ssp42nwb6pw4mbsfwad52x	4.73828470375333	1.28572142667833
did:plc:m7w3qmc2vnr5xqc7bxetnuqs	4.7852358516386	1.41681454007739
did:plc:m7y3pdyil4nucrmwlf3nrxvx	3.68649260760702	1.68916774979732
did:plc:m7yleb6fdye42hnjsf3nnrhs	4.19392135909205	1.40125651634798
did:plc:ma6gpnvgxdjktcfddzc7xko6	2.75392868645369	1.57294426700301
did:plc:ma6jaqg4dfvir7opsewbadg2	4.30369803131303	1.44190755030644
did:plc:ma7fkyfkkgtopaep6pb5xjb7	2.69608204819676	1.0206821562842
did:plc:ma7ksopgft2b4w5m6tsrqvkm	4.98520275580829	1.69006881055091
did:plc:madrjl3wz3omn6uxliv7vy74	6.15236899193901	0.955068423131696
did:plc:magn7joxedkzzj32dvgqltom	4.43571889864311	1.27366057211781
did:plc:magnmhusmonaykllkwvpmt7t	3.63964695945912	1.11704893968422
did:plc:mai5mes6bhceakurgbrl6zx5	4.72281670926404	2.09197011419211
did:plc:maimfazhqky2em275mbvddpi	3.98224459799281	0.938879376161257
did:plc:mang3lxsz7hd3n6wes6afprs	4.91833045241229	1.11195332334777
did:plc:marevxc2dw2xfodfx77hfajb	5.25672688694132	1.32118389291145
did:plc:matpgg443jdcalyybtxtubqi	3.63950290850059	1.34702030050472
did:plc:maxi7xyap4qic6lmmiz3yczf	4.40529248218956	1.19118357678784
did:plc:mazitarykktkwnwhtleveucx	3.35665152133242	1.37324487845392
did:plc:mb3rxed3kkbhjt6o4drjt54h	3.65005185092046	1.41659063694834
did:plc:mbahd45hfyjqhapl5bgiyv6d	3.17292600873785	1.32487446038901
did:plc:mbbhjyurxlrafdnk2bqdaunx	3.16858714056955	1.26421078844673
did:plc:mbgl2t6n4tsev377euhi5nzl	3.46387076318233	1.48140631984348
did:plc:mbisbryzskipcqoruos2olfk	4.68067531052121	1.33556212641244
did:plc:mbjeunj67zjwzetjsrqif2yp	3.41826409078548	1.10221910817164
did:plc:mbjleiyqp7qgs7fyiemyne26	3.17355681520002	1.94573910405909
did:plc:mbkdv4zrfvli5nfscotignua	3.98104468452977	1.44695405411396
did:plc:mbkgeyhrnp4rahoc6xt4hegq	4.40919083683347	1.57340985793508
did:plc:mblv44ywytgxljxeubkolngv	3.55642533241079	1.5442800516393
did:plc:mbw7i6zuwmvlmvt4m5qhjnnv	4.09597769677524	1.21628698541485
did:plc:mbxmyvtk5bfthabazej7xbwa	3.8806599334177	0.999411719320804
did:plc:mbxoyjutn34ykgs5zeqr4ta3	5.4375729085359	0.981534168000592
did:plc:mby6fnp7rirxnc4cf7p7b7gc	4.64821574699525	0.957922876452171
did:plc:mbzpdnvmrtzrxumpj7sjfuq2	3.87974596802836	1.22906031814509
did:plc:mc2lpi774h54sag3ozxevp4y	3.97244792173035	2.1011522707713
did:plc:mc47j2z45mtnooefguwyyg4v	4.59809395790101	1.43499337172138
did:plc:mcayt32lwatwwqsrhftk53r5	4.43953253833934	1.9161731640589
did:plc:mcgytxhh4zeyw75j433ag6d6	5.20395881660664	1.26205294956281
did:plc:mcln2gx6quldb5clkjiun5kw	3.28860233026601	1.76775972853136
did:plc:mcpbzkfajm2sukzd2mze7qkx	4.98454991372303	0.864518604238808
did:plc:md2jru67ef2hzvb5hmfyy25x	4.68027261886632	1.6885611802597
did:plc:md2ohjrfqfrvopa7fry27mmd	4.06158053899308	1.64930794032882
did:plc:md7arxsnuh4vwpygozin32br	4.62290913604405	1.46523645007516
did:plc:mdblclskwh2w26lcd5bkh25c	4.85476435641941	1.74599997833406
did:plc:mdbtod5xtu2eiaxqsgcfeb4j	3.42009222795017	1.9827489420139
did:plc:mddjzkccciqkrksxymzsuel3	4.0549373385185	1.48743008304326
did:plc:mdqpi6ov53meppfz273dv6ok	5.21562993287787	0.712723011804265
did:plc:mducst6pa22vbp4xbhkgejsp	3.72157862999816	1.92820498455995
did:plc:me2zl4rddxdky7jx3cgj2btu	4.28612071535608	1.34645205541034
did:plc:me4xnia7u6jcgabujpk6twb4	4.01810527095373	1.48432544909832
did:plc:mej6mszc3uvg5b7srlhawk3j	3.53200126864282	1.67894381930176
did:plc:mem5yo44774sukuzbjfbkgyp	4.206609495098	1.15886261314901
did:plc:memhshhjdehrud4j3dwkishy	5.95049407230354	1.12965346561879
did:plc:meohorvnlhj6fqm4iub227jx	3.71945029156928	1.88462576835303
did:plc:mer7rdedg5xn4ednxj2iubl5	2.60403059906088	1.49147537420945
did:plc:mfac4isgawsikz4guqdxsjvl	3.16372466347377	2.01468633070342
did:plc:mfbc6rdm3o4fbnogaf5uyhjv	3.59553498914385	1.62588114484382
did:plc:mfbfmmerimp3vu6qudfih2rt	4.50662317409038	1.26278025122547
did:plc:mfdqtvm4rkclvctq2vd574k2	3.57483590806102	1.5548714421411
did:plc:mfeim33bub4lzqstd24errsw	3.62483482499545	1.83923327533188
did:plc:mffleklavar7335rcc64ek3g	4.88352281540963	1.23885158444129
did:plc:mflbdtwpkdlbd26zuix6trgj	3.88534734360197	1.72957299297004
did:plc:mflmgu7vs54go6ptewexplup	6.15976915395006	1.19586939202905
did:plc:mfpe4ayc4o7eni5xvjboqssv	4.26619738135936	1.43514235127289
did:plc:mfpmz4skllivposlu4gzuwnu	3.97825107810094	1.43455422594177
did:plc:mft5qkamnhmf6oyfdtcskb3z	3.90165215974572	1.4763335390202
did:plc:mfxvhmgayz4kzbuldvrly34c	4.76444276237805	1.48269066131535
did:plc:mfzabhzpoe7u7cdqfmoqtl4p	4.13380485867113	2.0496584178827
did:plc:mgazbzdglmc74orljlsrgcny	4.76918297114598	1.10417330411364
did:plc:mgbfzldr3rf42rj7xs6mtk2r	4.01157591058004	1.02044504083956
did:plc:mgje6ae5gyrpnjf4axk2sdtr	5.2460323205729	0.901358698979633
did:plc:mgktntdupj6jqv2zomtwmkjh	5.07755694025742	1.40769427569846
did:plc:mgoh4zlwgb7rx5l6t6nrtitb	3.51996755736622	1.77346889912648
did:plc:mgq7sdjjgcoavdrfapwq4x4q	2.83369486246819	1.46187285040137
did:plc:mgzdnxlezkvqlua6jmqyvnq3	5.43309673474757	0.87448434072244
did:plc:mh4mbzwpde5vdfcvqd4puyid	3.11368066626798	1.94142921814539
did:plc:mh7uohb2tipgyqyuir3l56tz	3.40159904819576	0.863901640137011
did:plc:mhfev7lpebnt4vl4tao4lvwc	3.65578261469031	1.32687325726716
did:plc:mhuw6jf3ls4onsfwi75z2eu4	2.43425768825203	1.47627832164268
did:plc:mib3lr6bsmteuixpwond4rtl	5.56158434653405	1.13064991484539
did:plc:mijpdduacyemfolcjysrahpt	4.90026359971492	1.72366837137419
did:plc:mijteeim5eohvg442sy4hyv6	4.06309044921125	1.50155763678935
did:plc:mikeynqboixlenzfgrveppsy	2.65014247036424	0.784753850365283
did:plc:mil4yseljdlga6trhismurhn	4.429976628094	1.76405132678577
did:plc:mitb7wck4ohuif5ziohxjsbr	3.80267331749665	0.602774072792692
did:plc:mitwsc46uyduhwmazxl55ko4	3.49328212022846	1.54824161878802
did:plc:mivpeia3snhcpv5du6m55ny4	3.58848118639492	2.16880156838266
did:plc:miyglpdgs5wtw22mjzw6dhit	4.97285622343724	1.07047480557135
did:plc:mizwa7t46fbrwaknicyiizxu	3.88320432280059	1.39493506766642
did:plc:mjh75a3qtva5kuwiwzcg2nxe	3.42331199286866	1.75287963202711
did:plc:mjhbygf2uc6bbdhha6btgiwv	4.00158739180968	1.53338710786917
did:plc:mjkckv5f43soc4z5o4znusbq	5.03047162709581	1.3303863061908
did:plc:mjly56pm6cs7pkjlb7piodiq	3.12692286072908	2.04057252349013
did:plc:mjmachustuuqeaxfm4m2myrm	4.72662199263719	1.2376353986202
did:plc:mjog274uo7ja5ef6a7k6alar	3.15176895352489	1.79484608644522
did:plc:mjohsyfsevml76vy6z54jdvc	3.20701038960747	1.57914963314198
did:plc:mjpoyv32td5ybyw5bfdslosg	3.70738458007373	1.29240502356555
did:plc:mjvwvqjcftc6uhkacv3z2cyz	3.75723453498412	0.721818315655086
did:plc:mjzluzbj7zlu3ijpkgvjs6ng	3.37973048260578	1.6435298909835
did:plc:mk5pkzdvlymda4bizlh5r4pp	3.24341488181214	1.78053536606216
did:plc:mk7rjzk2qxpn5miqi5g5dr22	3.42175595623611	1.35173536816244
did:plc:mka4ipjts6qdoj36pvyw47ta	4.03907523585769	1.29462299740982
did:plc:mkdbs3obx47yr5fnthisnjef	3.15370764808101	1.79440882516642
did:plc:mkdjagzps43zfd7v6iawbnve	2.9921806765705	1.91339759362406
did:plc:mkfaffakgjq53uk3djff3gsg	4.35644170682001	1.39536676372374
did:plc:mkfbzll5mxtypm7ybi4rgsat	2.97849959217811	1.44269069994257
did:plc:mkfq3halv7a4cdgfrtu35dix	5.65291009318993	1.68323921309156
did:plc:mkh6lntrmu4jcqvioavu5rbz	3.50229172289024	2.04070878444739
did:plc:mki6cnq3jupxgwarl5skcvty	3.3048333818172	1.67204845668355
did:plc:mkockalgyqvrva6njizj7un6	4.99354977802839	1.63018279853042
did:plc:mkohqr4nunsidgb6icncg4m6	2.61024882191604	1.70738657162456
did:plc:mkpd6dg3z2jfhjcpkampkhlz	3.47114046606884	1.72083700489292
did:plc:mkrrjfmfpzn3k6jjmnc46xwc	4.3260334113182	1.31881965125766
did:plc:mksrabqcblotd5wl5qpasvjz	2.78476145831956	1.20298766104304
did:plc:mkxzzymjv5p4veczmzx2pqyx	3.91935382121849	1.28108378908884
did:plc:mlfbp35vpdsngcudhxbkstkk	4.06847830930998	1.45733934045239
did:plc:mlgwf7ivbf2kbiwqeb5hu4wg	3.4303784179637	1.55232584742861
did:plc:mlhgflnobiswzziouwb6dtqk	4.67430258917587	1.45964256285745
did:plc:mlhlzg3s7yjhemrtmbx4migi	3.89710524314295	1.332364317047
did:plc:mllhwlrkeozi4eihuilbryqs	3.07464227844905	1.48552853467137
did:plc:mlqin2elegael4nt3ldhzhuu	4.42286937589179	1.80893549351117
did:plc:mlvf2blnpuahdnbci7ewktwq	4.28834597688761	1.48658981642383
did:plc:mly5iydaobzzofir4t5dabte	4.69442155469671	1.26425188750597
did:plc:mmagiluahthmyptczuidyp2b	3.91925532370677	1.55898689917418
did:plc:mmau6i2aaeiwqs7vwcs42hkm	3.10143327895287	1.28490540050179
did:plc:mmc4oi563yumtmp2k7rzrgqf	6.37283490698633	1.10187471300098
did:plc:mmdsypa6e6wblyntgispcmvi	4.38139598479286	1.3824523838151
did:plc:mmg3i2b4qbidofo5ogkg57og	5.09851409551474	0.977383400531007
did:plc:mmgnqabq6g25osv63j36uncq	5.46702164032561	0.622743649135353
did:plc:mmgp25eveczpafucuqhhpkp2	4.7349401649606	1.23340827845103
did:plc:mmljc4bbbstgugqfaub4nrik	5.05474728513887	1.15996910685519
did:plc:mmln3f2ervplcxgxddneq5j3	4.23332083648579	1.46911691066929
did:plc:mms3rr5b7mbyws5dj5uwztxx	3.90093964957073	1.16688610814129
did:plc:mmtaucwmpkgx2dijdvai52dc	2.95899881932325	1.47847944624702
did:plc:mmv6x2hnsth7apvs5kiobeyf	3.87661428966861	1.34362749686502
did:plc:mn4l4prasaey2zs4pxo7ymfo	3.94436497141968	1.25196211993628
did:plc:mn5ggameqx7od3dohdqqp3cs	4.01356288476468	1.687710242285
did:plc:mn7rjp5zqsya6wx34yjq6p5r	4.05132970511641	1.7575785783588
did:plc:mnjkvf7et4hkddkvcmcxaikj	3.05008980515724	1.63146278659102
did:plc:mnnyg7txo7tuftsdyvqdzq6q	4.16806659564595	1.27922761429615
did:plc:mnpu6etn6exskixlsogw7uci	3.0799769879586	1.69214849043365
did:plc:mnt25ba3gs6y3veqz47nm2rd	3.59071312454725	1.54408304036225
did:plc:mnvmffzbagohffztq55bgr2v	3.89994089976133	1.67811800634631
did:plc:mnvrkoamn6x45vkfx75ocfcy	3.09600409846307	1.78269928177948
did:plc:mnw22gph7jwctrlh7ffdzafh	3.70242220064377	1.37895419652659
did:plc:mnw53742sfk7m32675dnxch7	3.61864302204034	1.54486322857797
did:plc:mnypof6svvc76zzzhzmxpvpf	3.40787997149466	1.4650800373288
did:plc:mo3j6nbouwcpqzzjvtilal74	3.13374123145191	1.26804389653233
did:plc:mo3smp3pal7wehyvajql35or	3.65188783777521	1.38422622145053
did:plc:mo5ygs7v7bkqypewszyndc3w	4.96989515239666	1.58419077900744
did:plc:mo7mvzutilgwxoftqugzx7nk	5.13270520039252	1.31713495261849
did:plc:moa5getnbeely3b4gnuwvjj5	2.47308466482721	1.38879909653869
did:plc:mogo5whnoecxlneztytuwnsk	3.79176508963247	1.52977895271471
did:plc:mohk4cwhs4vlhsodthemjjhp	4.63549925325862	1.42922469866269
did:plc:morkzowfvgugqytdodwboi75	3.88714315499298	1.91294582814319
did:plc:mos6z5zrkjnbvo3q2i4s3eld	3.49186673020546	2.0230912232291
did:plc:mosolh63wa3gitnblnm7eyve	3.58539314133878	1.64228602706723
did:plc:moutjyqkgvbnsfnrjsbexqsm	2.99692087207038	1.84101672022347
did:plc:movvg6efdq6ht5xlhsp7i6rg	4.02685901145273	1.55502088681593
did:plc:moy5k3hnj74jja6l3ostod2e	4.16899682617615	1.76845409064105
did:plc:mp3p4bnvnlb7y3tjntvkljkj	5.68538563912294	1.13540886651541
did:plc:mpardkj5yxhpr67w3lm75ahu	4.36293787091975	0.956041460435308
did:plc:mpeaxlwv4rmnlnlhflbslsjg	3.27027221740514	1.1827575661962
did:plc:mplrl3m2dwt7e5qskne5zpi4	3.24574716103487	1.34957717320766
did:plc:mpluvpkwic6ewhp3ariwo5jd	3.33466195170197	1.53704937669143
did:plc:mpuzvzddf42lb24ycb2pxytn	2.16165513536891	0.140509547682117
did:plc:mq2fo2azjcwgiz5m6vmg5v4u	3.79546711785502	1.44614362394813
did:plc:mq7mvuucl5wd6wqqxh3algm5	4.18419552587171	1.79404497948929
did:plc:mqcp3p3xe2hrf4i2jn5dqcvu	3.40424226867088	1.48638572496074
did:plc:mqfasufqarwstlteyb3yjmit	2.4935693386337	1.60524345953716
did:plc:mqjv4hbr3w5k3wa6aqk5m5ce	3.49955130891243	1.53175677591424
did:plc:mqkjh25k2wl2ue7zfwl5pabi	3.61829939776517	1.59232441583935
did:plc:mqlq32tgzf5ommpkh5z3c6aa	3.99181839383836	1.3339849198145
did:plc:mqlw7avjngx5yac73qwsxmkx	5.55372472352702	1.04662072954508
did:plc:mqplainmkr4sd5d7bp3afkea	3.68407084025215	1.15611501514963
did:plc:mqzey2uet7e6veii3x6iy2wq	3.19097523687131	0.919845989557199
did:plc:mr3xdgnfv2miio6krew4duis	3.81733818982224	1.49488536001727
did:plc:mr5yclgg2hwruq2v44olooyj	4.04683556129507	1.48496666176557
did:plc:mrc5ix3pulw5ex6lockcstwe	3.01467779510399	1.15263414814339
did:plc:mrkytbspcemgkkctqjk4f72i	3.66531598845998	1.32129136480932
did:plc:mrql5ytmqs2bx2d54zfdb2vl	3.68928725526636	1.3290510652016
did:plc:mrsvlbsokywy37zy2pk57dwl	4.08516170170648	1.45642057785813
did:plc:mrwrziqaildiumowdwtszrhh	4.14977194370862	1.3273310461565
did:plc:mrxrrhvhjp2ucutyowpibhuf	5.86937051086249	1.21961232260133
did:plc:ms2n2rjcfyxuunpm4zhlfve5	4.27341940714759	1.40032318704146
did:plc:ms7ucwg3ky4g7jzkeyx3262w	5.33086027115767	1.4987878925559
did:plc:mshov542rke7vgwkjawolhgc	3.24935699795208	1.68145579191303
did:plc:msian4dqa2rqalf3biilnf3m	4.79939096848523	0.3661139382066
did:plc:mskp7h4vgvw2hg7jnjhaoqbt	4.58448345310835	1.24404460820635
did:plc:mspy2y24v7c5tmxoruubdbfd	3.81089531139934	1.78190407777638
did:plc:msq5tjxrcc4apaejhqhjtejb	3.62321824321287	1.42953270877557
did:plc:mswov3uaul42oiqb6yl2f7qc	5.48306694681859	0.907954614697011
did:plc:mszw3ol5qovq3wpemgxj2ize	3.44153195624265	1.69136486538126
did:plc:mt2aru7letxy4xfs5fmzv54p	3.9559199465467	1.41410881973702
did:plc:mt2idrb3m2ie4jdmhrpskqui	2.81491099662605	1.47445721356506
did:plc:mt2wkdsbfh7zzxi3gvuhah7w	4.9866793540963	0.891341732998267
did:plc:mt4qxi4ryobo2n6q5d7roe5f	5.0313748900137	1.33745675500701
did:plc:mt6hfuqebvp4wbjwowsk4xnq	5.24739515080077	0.993595269743833
did:plc:mt6zwtakq4i5vsuqzpzkdgiw	2.94824135781643	1.9173906002578
did:plc:mt7niuemrckulybhxnanunsw	4.08184625327584	1.61683461502883
did:plc:mtcaxvs3mz47kjwpiy2ecjrp	3.96622133307197	1.51852020672458
did:plc:mtdtw672gdquxutknryt5kku	4.0001995119377	1.33789320351765
did:plc:mtema7rhicx64rrg6egw6x7f	6.36080403680104	0.956806609490296
did:plc:mthdb53q2iqsecepc4utjmvk	3.94146432016618	1.26481724550595
did:plc:mthtn5fkbk26txe4m5p7yyb7	4.00970593639895	1.21838551217397
did:plc:mtic3yh7wi32lf63pvgjxt2j	6.27015989524863	1.29446520097338
did:plc:mtm6fmmbeglcpwus34qu5we4	5.97575845630451	1.02686880210629
did:plc:mtn3qlkvtacgo5t6ctvh5ec4	4.62107298806407	1.42183894001888
did:plc:mtpav4kvljn5shfyirvuhw7e	3.26199473513807	1.77015091857611
did:plc:mtwtbwslhd2kvcrwuxpkicjt	4.15756215155137	1.56429151693877
did:plc:mu3nx5pdsspinw2uu4g4llwx	3.93741252423768	1.46831925691102
did:plc:mufrvl36v62pg7w3hgbojjry	4.87248386418033	2.15075074026268
did:plc:muhgui5uufjo6l7ukuqqtwbj	4.94861722851232	1.45729777795114
did:plc:muroidvsu4beqvgpa33gvdqq	3.83004231526205	1.52275802518113
did:plc:muwzcv2w3mhmowmvxc5y3mml	4.78187557208732	0.992247824756441
did:plc:muyalw5ne7kb2xod3leasi3x	4.08461099451741	2.13639384651872
did:plc:muyrmlc4mbnampaqemrbzjvx	4.25002270758692	1.4695547944187
did:plc:muzosyxq5fwrapz7t42wb7aw	4.65978176037919	1.65206589934962
did:plc:mv4rcj44lr26nntjwnd5kxoq	3.32880155889575	1.53455046472442
did:plc:mvkwrpixawiab2euuxbrlepr	3.88001940349233	1.20265530230985
did:plc:mvl5pqrb2k346coosvkz5wnf	3.411871485813	1.90202912913828
did:plc:mvnfts7z3sjgsk44gcb4j2bi	3.71174627647513	1.45090335591584
did:plc:mvnuj7ypdh4qwt3xi3aydsfm	4.49668315572702	1.36511788566263
did:plc:mvoznv6hexr3oy4jmdmk44wy	2.90852960981018	1.32439690757071
did:plc:mvszhijhblxlviptyu3znltk	3.44990104674174	1.91320500094639
did:plc:mvtbv2meytyfurferh3nvrj7	3.018684521086	1.90568446670349
did:plc:mvxmzx5rk275j2zddeqerzct	3.82879290750841	1.65941145838415
did:plc:mw54bsycggfb2n25pbx4kmcr	4.51970268471088	1.37633866858482
did:plc:mw63uspowmmnof75prcojkw2	4.98544114930311	1.33693039039414
did:plc:mw6st672fi4cqnpfljurqmpx	4.04660668801794	1.44352784504885
did:plc:mwaiwgzctaolxbzmwi25nasc	5.23210962700042	0.891690984839307
did:plc:mwbwm3mdqgxazboc45nihd2p	4.80279315790066	0.950677552329093
did:plc:mwbze6erazoz4rvxikstgakw	3.91195146280831	1.30953167984532
did:plc:mwggw2jb5x7b4kyi5fgbsgoh	3.57767527329568	1.68307080181074
did:plc:mwwn3r5llzsfassowreprqus	4.40631135487712	1.44916302535468
did:plc:mx4pxxb4gldq6zcxczxyl4ah	5.06098734284817	1.05477946449329
did:plc:mx4vjoevbxdehurzoerwkmux	4.38679063657216	1.66746587924335
did:plc:mx5twpvdnnh76gpwj5f4rj5p	3.46549008812054	1.54323310910927
did:plc:mxbund7bdkiipw5b2pn3wrjv	3.26913300052539	1.79328161754843
did:plc:mxbytmgyjg424rfzcz4suiwf	4.12902943391651	0.455218193239424
did:plc:mxoznnym46bdteaev3hyikxf	3.58656968468322	0.869967816932886
did:plc:mxpsiszczikefme23zjev4qs	2.96786641272345	1.90311509676527
did:plc:mxrmmnodelhu4jz3f7jcquoa	3.796862145329	1.32564152405127
did:plc:mxsiazxppfeygmul6wnha3xn	4.10448064852491	1.5839270273495
did:plc:mxu5yjp7v2uuq72kjqs2mtro	5.86115686700096	1.27887122255541
did:plc:mxvgpxapfadgcgrc6c3u7kuz	3.75347026108437	1.59114690065411
did:plc:my4t3httqitglfeu2dqznmlz	3.6942768548877	1.72143018749641
did:plc:my6xfe4f5sdeu5w5clqn2gcc	4.04112940159736	1.5486652343654
did:plc:mycb4m224hsvz3qjjylcolmq	4.66529101897782	1.60072530628259
did:plc:myduzkcanpbayr7vtlnrpp5l	5.64807025139364	1.04204608289219
did:plc:myog6a4m4bx7q4iplcdxvpym	3.29775176758992	1.99848682165913
did:plc:mz2pwhjyqr7n35qpsddlh7cz	3.62794647236877	0.955464102547091
did:plc:mz3dasy7bjy4ydwxfvxj45yq	3.392080412237	1.92689236132988
did:plc:mzaqd752l3uujb4a43dm7mmg	4.57769367001535	1.24873944916018
did:plc:mzc5gq2rdzgmzkiez2vaayo3	3.99787156341022	1.32917637670523
did:plc:mzf6bjpgfeonogradgyqptdw	3.96872895276838	1.70445700861219
did:plc:mzfc34nna4nnuydtzjfcn4ih	3.10973806795237	1.35987788063775
did:plc:mzfq42em5f5qcllo75yhprfz	1.49307795956549	0.884918711717103
did:plc:mzi7b3aeisal6utwd3ii4vsa	3.60228555562096	1.64369856836073
did:plc:mzkps3gvboqj6oi2h5ihfemw	4.13429437366154	1.34878164374919
did:plc:mzlz6exm4jjnohrsmbmroqqo	3.64602308574651	1.39891976497944
did:plc:mzmmfnhrkemgzafvr2oo2k5u	4.01483516363201	1.50492835287886
did:plc:mznicu5we2urqyp43pcewqmp	3.33313344279008	1.7687900354049
did:plc:mzrwwiuxvqwq7ham43hghry3	2.68690078553841	1.58594132351144
did:plc:n23dvbendbzktfinf7rqnqre	4.79144027074572	1.48415296406802
did:plc:n26ijy577xhvz42pzyvq7lyi	4.70481342101552	1.07494576575424
did:plc:n27ycnnacbukz5rb3xkwmgxx	3.58422690158217	1.80277285115918
did:plc:n2fdgltgd5kn6vfg4jltk5h3	3.9781893210521	1.41246078231297
did:plc:n2hajidby5krnf2flmtmrjib	4.50535119961183	1.29409450392989
did:plc:n2hxobyfcw4gsi62jz5lqjoc	4.30725502810822	1.0660975822401
did:plc:n2jr7pnrvizfaxpybjf7mqeu	4.60576351596047	1.14643598610616
did:plc:n2l4dllqnjyjhmmc6esxtg6z	3.4591227642951	1.73592913417765
did:plc:n2tipv7e7dt3oh2yu7oufcjm	5.30863676212678	1.47051094739871
did:plc:n32wg5ir2pkl3qthdz6tisjg	3.67082859272133	1.6378275800219
did:plc:n36jnwt5i6zrtkwo57wcnimn	2.87813476814523	1.71832939663141
did:plc:n36kcvnfpsci3c35e7xdok2b	2.71300056767627	1.57449464323834
did:plc:n3hncsb64ctwurltce7z6okr	4.441977102357	1.53771829568204
did:plc:n3iomw236sc5rphnaxpff2st	3.77743872715451	1.29472626589631
did:plc:n3jh7ksefgakh7qowzyd3kps	3.654470344664	1.46403901664085
did:plc:n3malbwf5zhmrnc6jgp2qkrn	3.63435959478393	1.66099785996576
did:plc:n3nkr4yqblvg3ct4tt2m3kpp	3.3799198507986	0.980389838290944
did:plc:n3ooyzpednqdu3xa5hqmw7h7	5.73663574281388	0.589242577775471
did:plc:n3xzx6clyvjsorklpp4dxamq	4.18136063609341	1.27833414592751
did:plc:n42mqkll3exzc3n33pfnnd3n	3.15160651819196	1.16586283890415
did:plc:n42ogm342trngiokoj5zpg5l	4.11398749803394	1.19712610717257
did:plc:n44jvrnx7k7snncmi3pkrity	3.59416934181439	1.6923213782197
did:plc:n47bnwgypxkcjtl4u4plszj3	4.36709017437703	1.07757951277595
did:plc:n4ckdwqhp2xerfq6e26hhj4a	4.92755192205648	1.15654709279273
did:plc:n4fcbkgdv6fqirafhm5gjqau	4.68770256540947	1.4348647049831
did:plc:n4i36hrjpnz4oskgusjlipib	4.02700493010019	1.61910135882818
did:plc:n4izgtg6u5vurfz2r3niij3s	3.67626752340993	1.34626751518218
did:plc:n4jya22ki7eh4mdx4m7i636p	3.29735047365024	1.61547338460056
did:plc:n4lchks7vthpljdb5rbzbtwy	3.56662274525214	1.28650833680205
did:plc:n4luzaoowpv7mnuymaen4oyd	3.1957541812877	1.63364929522263
did:plc:n4mkmrvjqqueyqzb3552iupt	5.06328314024593	1.34546075653655
did:plc:n4mosghi63u4kkgpiei2xy33	4.01454526341537	1.19152780614663
did:plc:n4qfdtdy5uye43xhu6gxf4lf	4.28136519160445	1.50810365828062
did:plc:n4s4xdzuuw4fqixa25bvz3re	4.98989942729054	1.31660045325406
did:plc:n4vrja6idsnfazbhf6tyf4ga	5.7786437028626	0.981527133191408
did:plc:n4zygqcbx6tv7fjvjlzu4gsd	4.74926885136957	1.31162376311917
did:plc:n52qz4nvxmdqil26xqthlp5n	4.02330829576514	1.49254122205046
did:plc:n56zl3adx6ggrubamnhrkwpm	2.94987457128199	1.45815807257975
did:plc:n573i7uihhqi24wjtysdpgbt	4.4103964184286	1.49923681499459
did:plc:n5ayyqxymxm46rm5gfzay5wp	2.45726051506737	1.61131173401636
did:plc:n5cb4ne2dq4f66lcoipqbtgb	4.98805333827396	0.902336411413959
did:plc:n5fan4loen4cx5vgx7hmwran	3.82777175241439	1.39296645122906
did:plc:n5ormz7juhytl34qvstcaidr	4.05706519615335	1.47736891927208
did:plc:n5rtbn65e7dolllhbpytfctr	3.8774478129673	1.1761362375427
did:plc:n5w2ri4z3tmk5gwuudfdmubd	4.98026261352559	1.37841266647145
did:plc:n5wv2uv67zmhrv3ne4kmoz7b	3.44207640608859	1.75344905227095
did:plc:n5x73jb6mbfi5igauam4mxb5	3.26605927587199	1.27600889343091
did:plc:n5z5cnk7tghiuxs33xdpwrq2	3.59540943693082	1.70723824858058
did:plc:n66zl67qmcdbhr4rpxrlgdcd	3.64440202069685	1.80186830608951
did:plc:n6crgil66z3hyxwaewpoui25	3.20580436619494	1.40302961730025
did:plc:n6d6zkusmrhrhnoecfu7kfrl	3.41397264467826	1.84178487060706
did:plc:n6gwn6exfoj4phruch5eip2x	4.52205636043019	1.09480806213957
did:plc:n6lhbfhrjrnvgwsfp3c4xude	4.30948751318973	1.32187039817254
did:plc:n6nfxtjvjxq2sn7kvtfw3xlt	3.34513886848642	1.30270230080884
did:plc:n6rmu6mtg63b2wlw2jcu5c5o	3.29905942902	1.474842058105
did:plc:n6szykr5zr65f2hqlp7s5stx	4.55161696542618	0.84955962406503
did:plc:n6u6irsh4pn5ocpaubumc6x7	3.1270446256666	1.75250290733842
did:plc:n6wsqfejarrtzil2duvtwacx	3.33947276727808	1.5312031919573
did:plc:n6z2u3x3uihbhtpz53fam45f	4.38180466054794	1.56478393180888
did:plc:n724oevzcu45omggq35snej4	4.94126441047598	1.43732880352434
did:plc:n72zhxfcsbqvs7diklb6wgte	4.73424708051319	1.06752583079446
did:plc:n73apjtwjf5juqnzrwfxeaex	4.39974262855983	1.38949976318068
did:plc:n74na64mydgq7wvcj7xyakqg	3.64556852853128	1.40861912984024
did:plc:n76sm3im7upyagjiumb3dirr	3.2304357448548	1.82444657694309
did:plc:n76zrovpfftqngg74b5r57i7	3.70756682189142	1.61362088019649
did:plc:n7c7oktn7dtqt73inasrrgwe	3.97422144376566	1.76485036239476
did:plc:n7d4aq5n2qq4zgiecsnji7np	3.79156554537369	1.38702039881571
did:plc:n7hhfjbbxlnutxo53k7prv5x	4.41449745772238	1.61268778016423
did:plc:n7hhzgorjcilp2ggsctp6msb	4.6706316759321	1.538414203911
did:plc:n7i7xovlawtsl7rrequ75bnc	5.15750932383424	1.48805133364124
did:plc:n7pxpeohc2sd4hxvzjdemkok	3.77415672540345	1.29490210282941
did:plc:n7s3htieohk67fbvbn7juqz6	5.00936429611139	1.11459239877509
did:plc:n7uzcvwp2qdrv7wnbv75jzrj	5.17002950523548	1.36645269796129
did:plc:n7vevdwtbkoq64dqsidprwzh	4.23631035939675	1.36183090277677
did:plc:n7y44knktycqeekbjdvtvop5	3.75220827123215	1.26123513294112
did:plc:na45d5izsiasjozfj25wirge	3.34336416187934	1.42503591368176
did:plc:na4raromhttfe3zscuetw45m	3.53296141868808	1.3963102728951
did:plc:na6ln5jtwqrxxgd7gbqkwmbs	3.82182066374772	1.6649500019861
did:plc:nad56t5e7uoqwnuug5fqjpoa	2.86810895680096	1.54573459511498
did:plc:nalzz4zlill6vvk7ehfnaux6	4.4678409333048	1.13867595895747
did:plc:nasdzbpiyzph2lvcoijyxere	1.52665784136926	0.774357141741631
did:plc:naslfzotmpydjsjqfetb3a2d	4.03139738075138	1.55557222082062
did:plc:nasp2oinejtxaz7kibpiyvv7	3.48063857628006	1.42235365606821
did:plc:naxchah2mbcbpel42u22zude	3.9411638734438	1.74871690637366
did:plc:naykzsmzlvqzsksrybpy5bvq	4.1727872790214	1.65703916737517
did:plc:nb57ugcq5ic6h6s27amqbdjn	2.89044645227833	1.89257956959313
did:plc:nb5nolhuigak3zuo7podxz32	3.63195053998805	1.17969679713667
did:plc:nb6gmhgavi27nuuw7esh56o5	3.31734296309993	2.02779569622658
did:plc:nbcvzfrtjtortfs47oizc7hr	5.60344355342184	0.990174388393443
did:plc:nbebvxuosnwgt6jsfr75zew3	3.05178374007241	1.29401587105261
did:plc:nbgcriuxkwbmndx24rm4t4br	4.4228899096238	1.39995333909931
did:plc:nbk7bdi2db5sau4pmsydwjoy	3.19306454462782	1.70075083013221
did:plc:nbkmgozjbpfyrlivg3i234d2	3.91595761444995	1.24956829815785
did:plc:nbnaz3hhp2mevlsddl46l5xj	5.36233296923747	0.893822090846361
did:plc:nbnti6gfugguzwh4cytgnoq7	3.54721415398369	1.83973783920465
did:plc:nbt5aqc5gbgpsognfjkte627	5.1795244365101	1.32503573433704
did:plc:nbtmblh6j2faorax5o32p5gf	5.55446966406556	1.22572818618279
did:plc:nbwpgshekrjqaeh2bcyoqm3r	4.57573745643896	1.16901714888823
did:plc:nc24cmat2m3iaa6kodpauwnz	4.63979948417704	1.39534626092363
did:plc:nc4l3poqss7tdu7k56l3qebr	5.14465997248188	1.00180186036337
did:plc:nc5etmxhocsaxkdwbgmvhqi2	4.5319587539434	1.2087415894222
did:plc:nc6y3gdmwx432xjhx2m5hya7	4.87083913365456	1.02648756194758
did:plc:nc6z5lr7itjdx4tgboqkdzc7	3.43375067603767	1.65278204304923
did:plc:ncavxg7buyu236q2qdnfhv52	5.35955218760878	0.907334798042507
did:plc:ncb2e5kjalbqlet3q5a6m4we	3.64260000354541	1.47752153583071
did:plc:ncem5zqywjvdyfwd2xbln2ag	3.42296177204431	1.51826512619868
did:plc:ncfbqupot5tiwdrulmmgqztg	4.38216403746503	1.32935138476616
did:plc:ncfufue3tjrzsy7nsz6u3cyc	3.85066515942959	1.39881516340401
did:plc:ncgeerykqllivbq5e7il7ste	3.4468629950621	1.13797587690531
did:plc:ncjqeuk6on4g5o6vldwjo7r2	4.99281894962314	1.29333850010938
did:plc:ncluxkaislxlwtwcyesih35m	4.24381015251629	1.3495303539308
did:plc:ncou4l54xc2yxintx56xswxx	4.47600221417104	1.16840121439559
did:plc:ncpdffvedshz2xlq4dahas7p	5.59358079555026	1.03618196203203
did:plc:ncq4nf2sarqzki64xwbihyr6	4.61628307793486	1.44108101023514
did:plc:ncxmpzrj7gcrildhxfzk5syw	4.44949522452044	1.44232341313712
did:plc:nd47e6trigrfuwa7o3x64mou	3.29774471250861	1.81283983181402
did:plc:nd6bmi5sucfcovuon62e6k6m	3.32823340411352	1.80704208464398
did:plc:nd7sdtkfj533nfvsvhwn22sr	4.06185096531794	1.20401687078457
did:plc:nd7znvbyw2pul4eume3gycxq	3.87960525349993	1.75488268164325
did:plc:nda3t2af3io4ba7zxkrc42ea	3.88372665655624	1.40320645970073
did:plc:ndab63nuezrqovb6beovzeen	4.50668349672464	1.40884916675203
did:plc:ndar2cybhm7wlosf5a6akp66	5.00487843961146	0.965709034256581
did:plc:ndchjqcy7h27twnjbihclym2	4.28564644000296	1.05751263215458
did:plc:ndjdn5t6bck3nmlsrqk4223m	3.96582047429445	1.51035148122711
did:plc:ndnxs4qvmdvfo2xvs7jkuust	3.68120620966893	1.10552175373487
did:plc:ndpzcg76nebknsqo7pfay7vg	4.07469698991563	1.47089673368204
did:plc:ndqf6xi7c42thse35fkfhiu7	4.81946497674065	1.45896402474076
did:plc:ndvdwvw3owjm6n5ygomk7wjs	5.55875358184661	0.992462893656425
did:plc:ndx2tyrez3e5apukvhulgbqw	4.98590753510425	0.932301757188219
did:plc:ndze2yupdcz7gtie2bbga6g6	4.10622213150695	1.746842640396
did:plc:ndzrtv23e47tjjad6yq2wh3l	4.80253550963337	1.848019453583
did:plc:ne6svqy6xgh4nox5ehmxpcof	3.79207807794348	1.58571818573082
did:plc:nebmdwigwwuo6u6qit42lz2x	4.0967243048205	1.48386143577364
did:plc:negcgl6oye3humlktuce5hjr	5.04685961370031	1.33903492355576
did:plc:negzvwjejyjjykmyyfy5v2gq	4.8831401231947	1.44702774333532
did:plc:newdefjty5anmaom6wcqeglg	4.0183600049099	1.77353376559486
did:plc:nexjicixzsbyymgkqxiqhjfs	3.47163275238095	1.17399051140207
did:plc:nezpcqkxuohahtz36by6kom2	2.97201169665832	1.45611719092275
did:plc:nf7tle4zwfbvzczkbixg5uoo	3.16368248562402	1.30143184565807
did:plc:nfa7q6rvftxbdbl6dr3vceof	3.4132959849858	1.34156312406382
did:plc:nfd5qchs2wnc4f2przhqgucq	3.83294018306895	1.33856626981608
did:plc:nfehidurwd7mqhwztarweqci	5.15796643644735	1.31822476524935
did:plc:nfj63dvhphagny5o2cp2b2hg	4.38951181686276	1.3687399624544
did:plc:nfwuwugs3crkxp7xibxhkql5	4.11565520370347	1.76343817381115
did:plc:nfxb6ab3vkr2iefvkksgnuau	4.30906430353981	1.71023111147487
did:plc:nfxtdenagdxldyfmiojx4kxz	4.16607497599783	1.88992149668049
did:plc:ng2gue7mzqrnrije4n3kf74m	4.38442650820003	1.24154288436779
did:plc:ng2r5doehybyp4ggrhhvxn4a	2.94890209023877	1.66675850053562
did:plc:ng4ud5ntx5hzfhzsw4cme4z5	4.56546567947129	1.53632402419914
did:plc:ng5wdbs5vkngbadwxgwqhvtj	3.37005262972965	1.70003569077244
did:plc:ngbccihln2ev4tmdkss7xm5x	4.6672795252264	1.24923435046571
did:plc:ngclbggzefmdjqppsu4yb4z4	3.78434006993287	1.28930142595458
did:plc:nglcjbp56m7zv6vyzoa5ignn	4.088055555242	1.50840805233712
did:plc:ngmr6zgvg3q3kw5p32oojzpc	3.64953574450215	1.87432254183525
did:plc:ngneeehalr26bz2uuhu6zmsq	2.92897312455419	1.40958225605591
did:plc:ngomvwk34dhyrmqm3b33yiom	5.47843417492911	1.75287779549761
did:plc:ngprhx5lq6lits2flc6pzvrk	4.15379048700553	1.30883663564862
did:plc:ngqo4mr6exa6bzcbfs77wcru	3.39555417937686	1.44444351754088
did:plc:ngywpvepg2jwzq5abtzp4qo2	5.31209818617361	0.69038950516276
did:plc:nha67vx7px45jryz5vc6ts5a	4.14439164797985	1.69150781369324
did:plc:nhaj5n2gb5j5hdadcegjinef	4.68408678876734	1.17670325575751
did:plc:nhfa4thq6gxmnttui3igw4pe	3.92748849352159	1.93496285130862
did:plc:nhh7hcrgxer3jq4zhk2hkw7d	5.63726980955337	1.26576204916443
did:plc:nhq4o4gjskhj5jwk5tjdklu3	5.10968826121768	1.54014780431201
did:plc:nhr7mzckmi7svts2ohlon4sz	3.2068658098647	0.941318563279495
did:plc:nhteg3425gmgsj7zlqb2fb2y	5.34702963140407	1.09374787968174
did:plc:nhu556lk44kq73lgnh7sqi6w	3.46621499901699	1.67793482266729
did:plc:nhx35kw3dlo7grsyvk6p7zco	3.71352653878291	1.3665896442325
did:plc:nhzivuyc4ekfobj5cceextsm	3.7452562119192	1.59543447266713
did:plc:ni5nivhzahguapw4liry4u4f	4.15858240307961	1.44556017742055
did:plc:nieaqu5lkggbdl2hkfteqlvl	4.33933933029686	1.18304998075334
did:plc:nigbabi76x3qsrar4hnyupfe	3.60455007766777	1.1770059591035
did:plc:niivvengyp4n6uomj6rdycnx	4.40678945216111	1.65219019287553
did:plc:nipoqrw2c5olbwkhy3bqxkiy	3.56502260735089	1.9655811286122
did:plc:nirb34ppryqikz7jmoshuidy	5.14825746632126	1.51774054102538
did:plc:niutfdmt3wiar5u2vyahrl5s	4.09372324218975	1.61456624454402
did:plc:niyukc2w6s4f4mmo7c3b2e7l	3.48715658277335	1.54600855915461
did:plc:njavhhc4tmhitwvcachvu2q7	3.94304939465844	1.3590893554225
did:plc:njc37r5omz7uycxcglfgy7af	5.57492173092774	0.709894578797296
did:plc:njcztixaraquwo53gm6megbg	5.18582384926849	1.59785506410219
did:plc:njknevuujy3oxg4aubvut3ld	3.50772792895688	1.6504166736393
did:plc:njsan6bqduoqtis2ysxmgg7x	3.83186284767694	1.48322479666983
did:plc:njtss3sgw5dnm4ubv3u2zsta	5.23545428372313	0.858835658926494
did:plc:njujw7ummvxxcio75nx7ocaa	3.72031787211653	1.78881524908071
did:plc:njzthmbacyovsp5lrlvac24s	4.09473812004077	1.43433042
did:plc:nk3rsou63v6jhwcnjulew6b4	3.41352140922918	1.3828669352895
did:plc:nk5kepoqeq3y5vuhxjqdbq64	3.57183505828406	1.59406914616352
did:plc:nka27bcpbozczwbvv3nrrywg	3.70128004229794	1.41671593718704
did:plc:nkdkgkubfmd23hrdhbturtim	6.22106206059464	1.22002136837223
did:plc:nkfg3zz4xobov5gegtujzs22	3.87812329362998	1.84703158618311
did:plc:nkfimcskt7r77kpjk3jdgcx3	4.01374467758305	1.20869395372458
did:plc:nkflxqdpp3izlvumwpqyspw7	4.21513906376031	1.49051239503851
did:plc:nkiyjqpsoahlpitnhu7sed4y	4.70960307642084	1.04931888941373
did:plc:nkncbx3rwonpc7fayjqaujmc	4.43650500851164	1.05301940477952
did:plc:nks7f4333cenfwzh5mheqnu2	4.77941960127437	1.4237894575578
did:plc:nktrcbmsw6ugpwb3hk55kfho	3.47037368541461	1.56140926213392
did:plc:nl4pmduugvn4tpzgptvt47tr	3.7906632328385	1.62233698474685
did:plc:nl7e5nhpbsrjmzr6k6qoe4o4	4.208603682372	1.53365193717781
did:plc:nlabjahlczxxinsbhecwhogo	3.02858704134039	1.69480165670369
did:plc:nlcizyqiddfdshupanlmymi7	3.53198856011235	1.63935657692911
did:plc:nldhfiwt7jc5heyr2wqaram6	3.82128751153045	1.18539342699308
did:plc:nlj33d4c6llz335lhzuthi6s	5.32881150759432	1.33271940654623
did:plc:nlq3fo4ttdxup74vwfhljlws	4.79435202215989	1.10558184828397
did:plc:nlqp2naunquxkj32vsop6y2z	4.83558703088735	1.2804303681746
did:plc:nlrxghtxof22xnyrhmbh63jn	2.69107828619574	1.43574586910935
did:plc:nlrxomb3sndhyr76xjbwwuf4	4.58592863671163	1.19563674425687
did:plc:nlueoiuiwaljpxwuqbshlftg	4.52720028874041	1.40380253311097
did:plc:nlwf3fznyutzoke6fgk7mxqr	4.12999130267006	1.77791116389076
did:plc:nm3tct4wgxhkigxxraoupf6a	4.41207469442665	1.46978488780734
did:plc:nm4zz3sjwy3dznvogphyoud6	3.40904733458807	2.08619305243518
did:plc:nm5ynus6fi6rp7t73r7x3zje	4.33856599227041	1.49401501881869
did:plc:nmkstr5bxkqxybxsvbherhc2	4.79504640991959	1.32544969157943
did:plc:nmmjt5eg2p5eiqi3rkngv3xw	3.63529107916004	1.51524322159208
did:plc:nmtwtaatzzd4ncxj7uykagvw	4.02705662343524	1.54477442860867
did:plc:nmwlb2tuhxu2orem2ke4lodh	4.28227454629381	1.69310897521387
did:plc:nmy6p77gz7h254ygoi3ojwnd	3.04268650193197	1.30580953164314
did:plc:nn3oq4rudr5bom3nvio63efi	4.36932417404059	1.17217305340177
did:plc:nnfjojeimjpyplgpawr5t3o4	4.03101414337056	1.62012681611182
did:plc:nngmwn2inf6hj73qh745n5mk	2.66446614725503	1.33040478296255
did:plc:nnjz46kciuxnjp5rkyhzkfpk	4.5209659257411	1.3765991020887
did:plc:nnn64tdm2myqukudlo2cxerg	3.69227692185013	1.41554020734565
did:plc:nnnyqi5gorw3ei46r7dclwy6	3.11262279934636	2.00557830524983
did:plc:nnsfuchfhildlncrsjg35gja	3.61756941076119	1.58302575832757
did:plc:nnufumc2bigk35lztju4r4gu	3.15327132437443	1.55021789636429
did:plc:nnydfxytkxltn4nbujg3muq3	3.35618960712799	0.469884596503343
did:plc:noamguxnjcnt4unajwrthpav	5.96592291888159	0.973640478990151
did:plc:noptgewtyyojcq6lkzdok3hv	4.83306980341533	1.23253736897887
did:plc:not76g5it7o7rrhgzazu5sop	3.78382536164931	1.53154159974238
did:plc:noubthkyp6kb5kb7dwbotrle	5.37264887166729	0.978656452126692
did:plc:nouzukosvdrlocxac4zz2ixq	5.80590010492869	1.12841788062139
did:plc:np33wfqkidz66w62djjnrvds	3.69825377887663	1.49750539815716
did:plc:npburfstn2ly3xe6esqi2t4p	3.59665134160943	1.69705119608696
did:plc:npjchpjfafwdsk6qbsyka3il	4.28589482291645	1.40501979942389
did:plc:nppkplbjztkd5fmfvpp4vhr4	3.13652156757867	1.20575356415699
did:plc:nprcxhvauykpltssyd4yl5qv	2.94651688290598	1.46169433098233
did:plc:npyca2j4m2hwwlzin425akxu	3.8639156604592	1.7393224046781
did:plc:nq4ift54nr3c3ikakos4fp22	3.74650855620441	1.07619325257908
did:plc:nq7r77ltx6fpjb5v6adid2ox	5.05170675223902	1.05520711139691
did:plc:nqe7j222jruh2pv3fznaatjk	4.09296120278578	1.42684303537726
did:plc:nqedupk6zqxllmb6mpbcpfzr	5.02077109755433	1.48675771332688
did:plc:nqgweacnfhihiaja7ijuemwj	4.60845438702982	1.11423595651587
did:plc:nql3aefxqvssivjbnshsfcrk	4.11395507234744	1.35639407473069
did:plc:nqmfh6jdbjcbhlk6gkdievlp	4.1481462432011	1.99917272330841
did:plc:nqo3lu3hu7anv42umwwetlwa	4.09657392756867	1.70810273354697
did:plc:nqoaotbdmaod3psdxdewt26s	4.05964447573975	1.57476614769765
did:plc:nqsvqtvool3etg6hd4iicxcn	3.69007780137053	1.17908555219735
did:plc:nqwn3delh5pu4zx3b4mzrjsz	3.34158525353031	1.54433143996012
did:plc:nqxmyrlm6m5lyfvi4zo3ilup	4.17865146401909	1.53832819932679
did:plc:nr3mizygrxt5iqrmg2blq475	3.42165060736529	1.40703705076995
did:plc:nr3rqvgxuwbm3hccndc66nto	3.40473411086924	1.91841169233655
did:plc:nr4ju3s6ps7qyqyhnmawnwv5	5.24714119879539	1.16441613485629
did:plc:nr4nakhztdqwb6xhnvghanw3	4.05682110367758	1.39911617256413
did:plc:nr7dbvyeyxydlgdluj6mszzg	4.50429267499953	1.34896225827472
did:plc:nrhzpmdjcdrcot6nxlzk4o45	3.74016879561058	1.41923373539162
did:plc:nrm7qq46xmvcphckjqrbip55	3.86220776485324	1.36118832820735
did:plc:nrq57ohuyh4jcev47mgfyq2k	4.05542040397008	1.54322781250005
did:plc:nrtwgjktqsbotv5b3gb5akl5	3.91065132322247	1.520036060826
did:plc:nrui3gcdys7pvkbxae4gsfyo	3.89587577469016	1.96456552700039
did:plc:ns2gbxz4uo5niaifuymfj43e	3.53332092141551	1.78307711692113
did:plc:ns7lbq4xc47azrvycyimfqm7	3.89123420701869	1.47539686458762
did:plc:nsez5rjjzcwrofewbvkw52df	5.10292168310844	1.05235498611453
did:plc:nsketin2zh4jhptxryajj46r	5.65965629750745	1.13922402705804
did:plc:nsmi32xbrrectaa3ei2qnogw	3.94062448341612	1.36200975422357
did:plc:nsruqps5icdyfxokkix66y65	4.66930112161704	1.28054418034559
did:plc:nssbt7wocwcd3nabfbwahnyp	4.50693685382363	1.3889675988742
did:plc:nssen4l2d4mgtojspxhjj5ye	3.8289035154353	1.71934716711783
did:plc:nsug4t3vxrnoxma7zxb5yg2e	3.57641523351772	1.56543732630485
did:plc:nsvj3t6pkewnz5fuwoyudlry	4.37126633172886	1.47091976306355
did:plc:nt26zeof63vvmse6ucjnpjhs	3.04486030724515	1.38792889458608
did:plc:nt2ee4i355er6jdyv3wpomef	3.67287932232695	1.70019939412819
did:plc:nt4c6i3ddgivnqqdtb6hk53e	4.35262463812639	1.95215243236286
did:plc:nta6tgtyubzqgd5zncvgd5e4	4.13452001249616	1.61990627719321
did:plc:ntd25fa5pspj5j25uzfj6bge	3.55121316624226	1.89243548305841
did:plc:ntdmhgha5wa3af4kcaqr2mch	3.26330040569509	2.03530082118363
did:plc:ntenpzhyowchtbx6y3zqq2ga	4.87546751397526	0.877753000904999
did:plc:nthixpp34wvsiyxvpgrht2qq	3.96425642979056	1.45565052149405
did:plc:ntiq6a3htwdbavovohf5rfiw	3.95729476067551	1.32617907163065
did:plc:ntl6wztlwzpwycx6k55q5ayt	3.71245373090176	1.93065144420447
did:plc:ntsxdzwm26zifxhxcp4ygews	4.28397672659658	1.27003423381959
did:plc:ntu22w4inhbh6ntba6q4wu3j	4.13901459375071	1.40612104610619
did:plc:ntwunvv2ve5p4tjuhi6vclzb	5.34982675757069	1.16832654197281
did:plc:nu4wa4omn3geewzhij2j37r6	4.70366156782824	1.43212498950282
did:plc:nuay4fu47cupyp33n2udierw	3.70522476661697	1.32068612351929
did:plc:nugtgz7bcpzngpcuwxe37knw	4.35658364783167	1.17030527756354
did:plc:nugvcmce5rd5aeefhvbe2muh	4.05571279656469	1.39701608196091
did:plc:nuhkrqwbzjjbfgo4ytzb2lrl	3.92718222257486	1.54474164847729
did:plc:nuhvjquwhmyda6styhdk3s33	3.51930952004352	1.44614370094653
did:plc:nuir5gnczrddpcqwxi6crvh5	3.65973180510906	1.60635597037187
did:plc:num3osocqybqhxtdlziq7hw7	2.80923946107397	1.26944441713494
did:plc:numwjuoenw4najvrf7keg2gm	4.7871139110259	1.56541085582811
did:plc:nupyij2npeunmxpyaffbpfuk	3.48996037881891	1.84087882923907
did:plc:nuqdrq6ht6xhshjcesa5izq7	3.08912240683483	1.94739171433951
did:plc:nuqhe44bf56yobuthnl3vgh6	4.05238533044124	1.70388425067142
did:plc:nuxnhtfsye5izalb5jjmdfmk	4.3584930924764	1.75832975308062
did:plc:nuyd3xpupqulujlctnaradoz	4.658390530043	1.16772983316369
did:plc:nv3dts2n4yx6kanr55hvg3ph	3.11362485437023	1.99651965534484
did:plc:nvajg456x3cq5d6bz27co4eo	3.50882070326642	1.59849806924662
did:plc:nvbgrgvikxix4gdy5unryy3l	4.78534662659797	1.47797402562464
did:plc:nvbxswqmljtkgteik3sft7zc	2.97407287392705	1.49977948147953
did:plc:nvgchvfiw3lgtwxmp2coqe7c	5.44630627455152	1.19112585849015
did:plc:nvjl6wq6jdbumqytxmkcjgde	5.12917571337877	1.17784410382658
did:plc:nvmpcbq55qw4visida5mh6a2	4.20316012219147	1.21050168734865
did:plc:nvskqmz4qjqt2br2wzd72hfj	4.83715314404242	1.1750448013075
did:plc:nvufbybtbfo6zpcqzbasq6yp	3.43604665853713	1.16848420332457
did:plc:nvwlezwsl262tc2xuq7cfh3m	4.04515965866073	1.49507055783161
did:plc:nvywsoqul6newvfxmze53xtt	4.77943461888339	1.2718018551005
did:plc:nw2nhycyt66vy2ysbeumjmkj	4.25374896019882	1.34937067495461
did:plc:nw5ljpylzqfz6o2iyukdzvs4	5.23618814691159	0.941491784562413
did:plc:nw7cgt7pulxo4bdcuim7u2q7	3.8382968086057	1.08818687501646
did:plc:nwd2wnmfumih2askoeghbodw	4.13096763686848	1.98599332865503
did:plc:nwovlgibnfkxfoomvllcux6x	5.20118781750315	0.961686268600038
did:plc:nwrcbjqn3hy2j6i2cziwknoa	5.51206112670535	0.745921128753417
did:plc:nwrtdognjf3l3cd6o53d4zug	3.20034565699165	1.56776070059685
did:plc:nwtsoz66nti5nxx3txbtdjuu	3.2026862212566	1.91086896648398
did:plc:nwwot7zfdqc45w5g3g5cik75	3.33685797111174	1.71051671958952
did:plc:nwycex2o3dydd2mmvzabadmh	3.91803919222104	1.42085152008025
did:plc:nwyrl6ikalwr766sres3a7pc	2.70854194353015	1.65089683018311
did:plc:nx6tzy3iesxaz4wom5s354h3	3.09474332247782	1.37957685072539
did:plc:nxabk6jjaeoclzkkxzidkyik	3.84700307628558	1.87598958266349
did:plc:nxag7qfkf4i3okk5zug242fg	3.74447691971862	1.62221885731055
did:plc:nxc24xqkh4s2nmck6s4qsqbp	3.69978354111049	1.47324019394295
did:plc:nxgye2kh6uux52phykh4rvgp	3.7919389674629	1.30255590104968
did:plc:nxhyapye77bx3o7eid5hgw2f	4.71279480320354	1.42137405129543
did:plc:nxnoazn4jojn7vkspi2knyk4	3.32497893447243	1.72176031577649
did:plc:nxuf633jyubm6nmdf6bqbqca	3.11023682728697	1.83586495431019
did:plc:nxuyppebep5m6miuzlnca3kd	5.71401565747341	1.03016756553527
did:plc:nxwstnlzc7cixyondsa5qe4p	3.9467801188059	1.24077453674702
did:plc:nxzrz7dcqqmruypd22ay72j6	3.43686120366966	1.94475662806556
did:plc:ny3sicqitq6iffrftrkpnkgh	4.07206401238674	1.57540874165628
did:plc:ny4eohmf3rvmweq3q4posgg3	3.97139160098327	1.25702291790602
did:plc:ny4ep3nnfaocjeqgnpcmjp7w	3.71086690978321	1.60762493523158
did:plc:ny4t5aqqh54xdpfx75slvmre	5.28916026160433	1.15286805972654
did:plc:ny7k6z3rqm6w4vxgzb3y3ddb	6.02955616378627	1.09461561566987
did:plc:nya7c2nty37ime3slxq7e3es	4.31824561714474	1.29422698624216
did:plc:nyi7h4f4jy6dwbow7jkz5rv3	6.07001021044932	1.3826833432191
did:plc:nyjjqlmsw66ldvzysj5wuvij	4.83869903608603	0.827580276208584
did:plc:nyjsv2wkbofttvsomr5fyict	3.80782894503543	2.23028454069034
did:plc:nykmwazapmalw2crvse2vt6k	4.21092473778039	1.46669150787234
did:plc:nylon7nc32535ybhnrcsm4xv	3.34920261999224	1.5635908806495
did:plc:nymfnseade3ntjqq5mmi6mzt	3.71472961944143	1.63676455106387
did:plc:nynmujfjmrbiwtd5s44prp2a	3.5560190153245	1.81747005437804
did:plc:nyshkkpulc7kiv5vxwvbgysp	3.31387610631935	1.99579663936457
did:plc:nysipxk4rntzrlpgezca3kk7	3.06576983566043	1.45452276848193
did:plc:nyy5dqfu7ynm4da6fzrhsesw	3.88106418965078	1.38195982217665
did:plc:nz2wolr5s2s32xyfjno3nltn	4.49572112171	1.28777132972138
did:plc:nzdyrzh3zha5lujn6xelv2do	3.96835041838652	1.73641984563587
did:plc:nzmbz3wri5hibxu5tu7dn3yo	3.34590001580127	1.28130379444183
did:plc:nzms2qznoopnwnfkk2uhqscc	4.59242653465968	1.47041355055693
did:plc:nzrsjqe3g5frarthoaziaiya	3.84316183853254	1.35191457380752
did:plc:nzsqgespmmgld2h5ox7uio4f	1.38947066302933	0.59329334630759
did:plc:nzsy3gvopmfevrmhusevo35b	4.99089908546436	1.39636033731517
did:plc:nzujll3d7ewqqzuv5gzqalgn	5.36273556963782	1.27045288350357
did:plc:nzv5b7adm53ohjqx46gijsob	3.76571243097611	0.738590749344538
did:plc:nzxhs7on76scnfjgh626xkns	4.09760077909294	1.61537583982028
did:plc:nzzxcq3ocoylra6xcsj4omiw	3.82037789649905	1.43981399889113
did:plc:o256iui4op5xt2vzuqvld6v5	3.83622387292311	1.35418379743439
did:plc:o25fw732rd42tfnkryiomqiz	3.31688099895427	1.67661955203412
did:plc:o26jiwcct6vjoc46a4kaeuga	2.81010684155452	1.27993830327117
did:plc:o2a4qfoauuts2pj4stzx4tp5	3.82885662688371	1.5281194868806
did:plc:o2ajmnutp364kwbtsgiiasbn	4.20052979796546	1.57472584304228
did:plc:o2bssmagbaodh7x4e6yifb2b	3.06556536356997	1.17041939519355
did:plc:o2bzjzs3f42pcmst6otoylaf	5.18619057034235	1.14011942212675
did:plc:o2d72cxzu3hp7rlk7hxrx6d2	3.91347089947075	1.33001734966871
did:plc:o2kd7pj5i6mhafa4g4nd35sc	3.46445452279381	2.02165155074465
did:plc:o2tlot24ndax5ymiada3uyxf	3.1236749787237	1.3607010878374
did:plc:o346zaab7l3frvtzfu4vmpik	4.3921085461964	1.34971941711051
did:plc:o37gnpmjvt64mgm3pphe3atm	4.17637071505954	1.51637658117342
did:plc:o3dx2tc7tjuakdwhejityjft	4.11708304903756	1.25851195213469
did:plc:o3f4vh4omznqgd2cffdopjz3	5.44657540503771	1.40269123159881
did:plc:o3ihndzpmdgnyuvhntnszvos	3.11069800720301	1.61445929472675
did:plc:o3jlhjlb6ssxxzluuq5bnqoe	4.18720233887146	0.735271792186614
did:plc:o3kkxn5k3oyuczaynrrwlo5r	4.99881585711806	1.4157954464812
did:plc:o3ltajpv6ynzt2na3qckqny5	3.45157548796309	1.38779920058663
did:plc:o3rt4uzkzwymygj5nkvok463	3.75648227683142	1.57942088728743
did:plc:o3uavgoafal7nt4jkmhoa3vg	3.2431825527064	1.71683944853939
did:plc:o3ykpr4vencxeq32thw76kxe	4.29678099777888	1.34716801714749
did:plc:o44hmd3ajegmcgdrx7plfp5v	3.41033755705196	1.67003207175514
did:plc:o47rn3xqdx7hzarxbyj7e36c	2.76521802648723	1.26256273352093
did:plc:o4cfftgsdmikfgnmtndlxmwt	3.07473766904424	1.99281039164789
did:plc:o4gustw5rn3k5yyzfie6jmk2	3.34645010484783	1.82279307978954
did:plc:o4i6cewln2kehmkm5rje3phg	3.20580183737077	1.34080142104442
did:plc:o4s72jzipi5itrbecce6vbwi	3.08418182797342	2.0131065977284
did:plc:o4vv3thxl5icxdmnb7pvknkz	5.47987192565718	0.941774702545552
did:plc:o4xwuveeybgsi2v5aidnbiqv	4.68098871340908	1.29048925984357
did:plc:o4y7uupvu4pjvpr6jfxrklis	3.11679067142011	1.60122823803818
did:plc:o4zudmvkkzwefratlf6zziag	5.00053907421646	1.05242940887956
did:plc:o53dir2xgspk5g2mnkf6eolx	3.8941676697561	1.66018781433786
did:plc:o57onmuoswhiln2zyj52dok2	3.63082140409812	1.55183591228993
did:plc:o5acmqn7xqo2bynslga57nju	4.57145027254153	1.32852450251035
did:plc:o5afjm3nyniob4dorhbl64qv	3.71116359290394	1.3312771865149
did:plc:o5gvzrzxethtifsnpemtarl4	4.79636207973054	0.951215896173404
did:plc:o5h3emzcundujfpnxs6iubsd	4.00548320951089	1.35146980478312
did:plc:o5l22f3clxu243yk3b6xulgi	4.25830839385157	1.25303920404213
did:plc:o5lhagat6zhgxo662g4fzmkl	3.57394592734614	1.35353341594709
did:plc:o5ljge5u7oxzestmbbne7nbc	4.65417712650191	1.59551916761605
did:plc:o5neuo4nrtlmwxoqh5guispt	3.23998066288408	1.55704351711345
did:plc:o5qsbv5orhj4ykx3oxsglu4e	4.86138923598331	1.22576265780653
did:plc:o5tzlhezajaqlgacp4wm6lsb	3.51905052561526	1.23620864822377
did:plc:o637me24otuq7elkga3v4wxr	3.54445885293291	1.42152439316733
did:plc:o64dssxfysbf2hvhwhc4cncv	3.63058845399779	1.36266021418264
did:plc:o66fhjmha7gs5u4sbxfzrwdk	3.67472935743059	1.49548610852633
did:plc:o6adobttgrx7pdrkd75zjvli	4.96515927367078	1.1111446071132
did:plc:o6be74aotd6hmq2yiitcq623	3.3851602248012	2.16720877571646
did:plc:o6ddbaakrvzhwjbml3hbiciz	3.47982482086495	1.54870101039027
did:plc:o6nntywg24vor2o4ozynsnyi	3.0536097350929	1.27221485739268
did:plc:o6pldfk62w6uhpo2i6s6zjlv	3.25795690449455	1.42909505769664
did:plc:o6znoblpht2tolbpnx5n34n4	3.78773406172393	1.39863943165792
did:plc:o753qlo7tlbrxcv63vn6qnpw	4.46994581616918	1.36238268726749
did:plc:o7573anw5c3qjkkx6zoa5k5g	4.15766967704797	1.67911546279434
did:plc:o76cunjxoinbrrc7rstlmcdg	5.32743424361181	0.842266979641254
did:plc:o76yvarhq62vhbtfxxzjvso3	3.24801332757175	1.76005171913654
did:plc:o7727vpjrzh44smt3vc7al4o	5.19012387774067	1.04451579922407
did:plc:o7clidfkq2izf36ml2lgidtp	3.35890429222393	1.24175951570068
did:plc:o7flgv6jbzgsegvemmaxs5pr	4.32682444955024	1.60813989099302
did:plc:o7resn4ug7cdrv5lo7gz3teh	5.23276987841919	0.927689277675382
did:plc:o7slgznp6xfauguhka5nnzxr	3.12258254386793	1.84679596935579
did:plc:o7smqcsecfykkzpba7eb4lcg	3.94076782554961	1.142757564125
did:plc:o7tamiaxkikk36jilevr2j4n	4.49555868891385	1.32107270500918
did:plc:o7ub6moz635aiyjcjbycxhwa	4.44492003216787	1.21482396508782
did:plc:o7vgwaan6vw6frgndf4fb3ll	3.83320170718323	1.4469237954663
did:plc:oa2go3jk4z4qpghmn7dtxqrd	3.35917784286085	1.74570884913966
did:plc:oa4cfhtremiw27hu3sfy6alq	3.65080210016553	1.59044794925183
did:plc:oa6srhhz36d34fnk6izlonmw	4.07287089357594	1.43645223771567
did:plc:oafxs32ew5x7macnfndmohhd	4.26432073966141	1.34448419143826
did:plc:oaire7frep6mq4ga7rz4izim	5.25484880696007	1.20084101408574
did:plc:oamf2vm6cu2zhxfpqrokrgfi	4.19753338146464	1.5087640193279
did:plc:oanltlfecwumdjtrzvknft2p	4.49379684458719	1.16519286945719
did:plc:oaqt4q5p2mrs4ue3bbbv4n3k	3.76415743848705	1.78754493085291
did:plc:oavwlzaqbkth3icum7wp7qwd	5.36197340383222	0.779661998560968
did:plc:oazod3zfweyhy4cmyoa4yxqv	5.02438339866392	1.31351185474329
did:plc:ob2lcnjmr4j65ikluefhbdcy	3.16041429242583	1.75350388608632
did:plc:ob44jvhq6qtqazvdhrt2v7l2	2.81778711998036	1.24874953602878
did:plc:obccze62g6p2w7ykftps7x3j	3.75774016196691	1.70970449034964
did:plc:obct7z5oi4wnnm7zucpagdpu	4.68251187054625	1.37946514032226
did:plc:obed24vefg7cpmosvlaashym	3.73161916305847	1.5217609617893
did:plc:obemox634ptxrgmi5butttff	4.0418751679148	1.28702548358477
did:plc:obfasuumjhlprs7ymrugy2fs	3.26659395482955	1.51310678713467
did:plc:obgch4imvvmvbva32qyk5cwd	4.67062202636886	1.29148301826305
did:plc:obh2zhpsvd3ib5jvbyg73kkd	4.12336587733133	1.28343383120693
did:plc:obkjcdbhbxtb6h2p2nesojkx	4.81034636417657	1.15514736494897
did:plc:obn3vtbzwd2qiq6jekvxbbpj	4.35961689603444	1.37583895929784
did:plc:obnoklbj5xjylbz2oxbc3tzk	4.64167707122216	1.2562349026661
did:plc:obnqyu7kpcwnnj656ikx7ho6	4.8603698854973	1.24654247255718
did:plc:obsct2temf6cafo5zr4vlgme	4.63352311294439	1.37635401035908
did:plc:obucmpdxobtln5ky2ltsmkop	5.24442004457293	1.56145003770282
did:plc:obvaq4do6ss7efyfxdtfcfji	3.27678287464188	1.50716269782214
did:plc:obvq5j7fxvbnz4w6mvk6p43a	4.05039113964415	1.40550533766456
did:plc:oby6uriqmx6tasn4zxmddz7s	4.22256143272949	1.50008085216761
did:plc:oc26b3vs2kypwk3hprz6yqbx	4.74914559392385	1.0625940589382
did:plc:oc3a3dwbe7gd6sov36lro7aw	3.512967820816	1.68154346222474
did:plc:oc4oorqwmvmnahofoddqnczq	4.39238628616619	0.410694643779161
did:plc:oc6uwzfamw5hmpakntp4jw5s	4.99679492759872	0.888930295587754
did:plc:ocezuduxg3xbzlu27iqasvij	4.14693697497498	1.14444557633016
did:plc:ocj2j3jhto5ze452csbxyf7g	3.80685136685512	2.0567304377807
did:plc:ocr4r6kyudngekwtfzbvhmdz	3.41987528187724	1.20761304589334
did:plc:oczihtz4627qisy57ei7f7jv	3.49856038332103	1.75578096666191
did:plc:od6dr5oedbqr3rdwsv2oa3i6	6.26901649826352	1.74489694802642
did:plc:odh26bkbx5v2gdd2h6cqrzux	4.06649582375898	1.5230774637441
did:plc:odiqohlfpms5l6lrzgvvqcpx	3.6533297492938	1.57793554007011
did:plc:odmugqulw3g7uyq4jztsnqtk	4.06148531373827	1.87720152630069
did:plc:odpumad57evcc5od24ayfmi6	3.27774392018616	1.85242807508369
did:plc:ods5bvovkozi23kotgoaoqxm	4.76374071565655	1.22988078115249
did:plc:odvg5f5qf2joc7u4wlyed5no	3.88192498148493	1.50771948875754
did:plc:odxs3rj2qqqx56fizpp4pqqz	3.07768785771494	2.00366318610802
did:plc:oeegbzbz4jpryrjnobesilns	3.6611184903874	1.67425621514025
did:plc:oef2pgfs66gqh5egcnlnrnrc	3.30327386582943	1.50701880152185
did:plc:oelb32tujbxjw4i6j7damge2	3.49529111413246	1.28481851428374
did:plc:oemociogljs4k6dml5tcjmpu	3.26679140734509	1.42047963017425
did:plc:oervbfvymklyh2sl3x5ln4ra	5.0056850961907	1.4716902043232
did:plc:oerzmyfk7lsyp4cghxp5jmxu	4.34505348625095	1.0714920156995
did:plc:oew5myf3ptavkhi4yiyqojrh	4.30049101090359	1.47761404724729
did:plc:oex3ihsybkvz72ok3ocb5ngu	3.97536572215144	1.40726626098259
did:plc:of2vdtcvrg7pgbsvsps4evls	3.4346031949418	1.61440876909243
did:plc:of6l3tc6t53cxazvziwq65ew	4.07308470076773	1.33778015348689
did:plc:of6vtjplazdeyzrm54im2pnt	4.41303539381923	1.27787391689444
did:plc:of7jmt325zfpnbjwiyffejfs	5.16477259493092	0.96238303483228
did:plc:ofi2spdocb6nc446yhgsokl4	4.95028373480972	1.22084988214643
did:plc:ofoqux75qsvxlbmhjuvukuqj	4.50391443408682	1.04101142873125
did:plc:ofqsudc6ldkfsj5odrbekh3n	3.55479679283621	1.50814064888821
did:plc:ofqt6lg6lxbphhnoblze3yil	3.4465261041719	1.36768028207344
did:plc:ofx3dcvd33hisc2mka2vi5ac	4.97613043666742	0.964740068620954
did:plc:og5q3a3emarc76xshyr4wpvz	3.89603715276766	1.33732721469043
did:plc:og5vysstr225zzqejhtwfboh	3.31999636081702	1.34736007828255
did:plc:og6vpdmbbdgp2uy3g6yovpfd	2.8514043825307	1.42958483333733
did:plc:ogaghbr7x3z5mrdzvk3qv5zg	3.75850543143327	1.54703954186518
did:plc:ogdzbhcru7qwkywziyqsnjmm	3.68626851917029	1.62565924741921
did:plc:ogehklabcbkqsmu6wdjxm7m7	4.67407045447288	1.39768561042401
did:plc:oggj4jzqbb4ucj25ky3elluq	3.48340702636435	1.24530923797398
did:plc:ogj4ecxos3dq52zqyo64eokd	3.27270076315234	1.75961713318266
did:plc:oglq5jakpw2k3fjccuuz3nqa	0.983159428149172	0.582342876888073
did:plc:ogmlt5ms5k5apptppqamtncn	4.53413592545308	1.3346809705861
did:plc:ogolysvrx5hxj3cefie2havw	5.13456699635362	1.1591511177509
did:plc:ogq2cb6t5tbhhivwbemladgw	4.36673233351851	1.06991155527503
did:plc:ogqf6la4oqhvrjihbc55t5nm	3.70031912008085	1.56782472854574
did:plc:ogu5rr4fzxmunf7qpqy6muhb	3.88439620804232	1.25419032809215
did:plc:ogzxq4phaqpn747cpbxsf5be	3.90682327843242	1.32798303989032
did:plc:oh5igzw6lr5ndboaezovi7kw	3.35638633565672	2.12099011123869
did:plc:oh7svryrfkoiqqzvp5ewiv7s	5.30991143482446	1.35392989050942
did:plc:ohhmgeox72bg7m7inuxekkk7	5.3391717448482	1.01959563220395
did:plc:ohi3f4nwyqgkd2ktvrz5sfeb	3.68468798547513	0.970527063494261
did:plc:ohim52aoob2zulxpdpu7gtuh	4.17665936393049	1.47566534665892
did:plc:ohk4pgrwhyhlp7zwrp3rzlj4	4.61769635997297	1.38742631716644
did:plc:ohp7hygbxplt5egdxu7enzg2	5.14806702646117	1.45319333262403
did:plc:ohq7p6jz3w5p3jzrsxk4oiid	5.35182087158427	0.890171532029827
did:plc:ohrmfdfxmvrxbzhfkwh6bljp	3.69618207309852	1.34329352651164
did:plc:ohrzfw7muhmvljh4rgnhppzc	4.16854221144947	1.61384442284549
did:plc:ohseu5okdazxj2q3j4hcedvq	2.76042104909198	1.78894484984987
did:plc:ohui2vfyg5hvdagptpwk4r6p	3.54820740665395	1.47972588406674
did:plc:oi2g6earkvin6jk4bhdunhli	5.04148346329103	1.26459903810434
did:plc:oibxnjngds3tmqampbd52zjb	3.01377088181749	1.83687074383816
did:plc:oiepq2dc5wznkrfdouhdfsvg	4.07627022545034	1.3113233763518
did:plc:oihdkqpx5mgvbvyc2wmr2wkk	3.72071068781644	1.39363600053893
did:plc:oing4g7olwnzpcrkpymkv4lo	2.48305505097892	0.617152542385247
did:plc:oinjsr37rn6545vzlkmmewdf	3.90771244995956	1.31791510395185
did:plc:oinoz3v6zd3sman2xgne2ub2	3.34710352697531	1.69839992714578
did:plc:oipjwwghn3aa2zrncu4vndj6	3.27131836781277	1.92374409355832
did:plc:oirdbzhbsszri43kfm3wnsow	3.1070537142952	1.75527596110534
did:plc:oiwdyts7nanhl4r3ujf37hje	4.06619562127937	1.29880717647404
did:plc:oj3457yfxl6hrgfi6tl2yohc	4.93299343739066	1.19817104710707
did:plc:oj46uba7hkxtzs3yrdjn5ajh	4.697579171307	1.25104990437321
did:plc:oj4wnrfv56ldnthr2y5hqnor	4.05070055695369	1.3226053994257
did:plc:oj5ghhev4r3irdnj6lljbo5z	4.39361238566248	1.49592349059937
did:plc:oj6b6f23raimkpqj2zsdgzlw	4.75486108523501	1.16344210046677
did:plc:oj7ppgu2bjylf4cvwh2r4tlu	2.76111308632589	1.63742898716243
did:plc:ojccek4wtb2y3zy5dspm55om	3.83259802061453	1.37660616046358
did:plc:ojch7tchk73s4qqbvpdqynj2	4.99057970960058	1.35485689089375
did:plc:ojskrl5qihgywdrmyrzldd5m	3.46727140366293	1.27511758371777
did:plc:ojx2kvbcsuruwbg4mbozvf3y	3.918000077574	1.52696458968711
did:plc:ojxttithfqotkhnkmipb4yks	5.52295264150105	1.21916211754234
did:plc:ojyq4p7wme7ykxnqs2wu56xt	3.04532583413898	1.38071088635521
did:plc:ojywdadtty2vdhaa3yeqlgig	4.20324868148326	1.50264147234494
did:plc:ok4vk46tjg4gy44hrhn44qz6	3.55057675890511	1.0961299547935
did:plc:ok6l7wxhhrlzfbszyu6ek3ob	4.39218313775559	1.61167221587403
did:plc:ok7qbvr75h24eo7gc6z3smjy	5.10639991096836	1.08367817524429
did:plc:okbjcefdwkdu63au3bojrpkr	4.37555728156895	1.75520562366545
did:plc:oklcsa6nfhsdgkmo7kadqdn4	4.1545599687189	1.51886672956047
did:plc:oko4mxrnqe54prir2fylewri	3.09036640180669	1.39234815462173
did:plc:okpq5ptkkgc3gbqwkdqsyj7h	4.50259048856554	1.12285403516345
did:plc:okqgdy7wrgqkotgn6ilqmjff	3.55449751116146	1.58683670488064
did:plc:okwdsk3435wtlqbiqjylozgz	3.30828221618267	1.51494062760373
did:plc:ol7epgn3hjbelp4c5n4dwpv5	3.67929282419041	1.526687364129
did:plc:olbbs2v5uzchzgwfdj72ungw	5.23155992197645	1.03275123459847
did:plc:olbsdhawjuld2od6mtm4b52z	5.21708080038098	1.09698952959174
did:plc:oliyruuepkdpewmbuyf63skk	4.37814059456166	1.39450199012084
did:plc:olld42lks5rnm6zwpzul2mcq	5.66601392069413	1.61283042896731
did:plc:olqwu66tegtfu7hxvhobe4wa	3.17247547336336	1.91913937511517
did:plc:olrb6clvpdmljcbj7z7fxhm7	4.03514062036608	1.29923771251758
did:plc:om7cwhel6lcpgkwgxdhizezu	4.4946165742484	1.49040902466667
did:plc:ombxogzmsell6mdzef3w3jnn	4.34416372384006	1.686700749835
did:plc:omgump7oa364po6mkblu553l	3.97367231557845	1.43582392028375
did:plc:omkkisrdfov4u4kb6v37klxr	5.21316056505944	1.36447528038886
did:plc:omlsjte2obgz3wii6bzlacdj	3.92992532311306	1.69395990160686
did:plc:omn54qubw53ftdennxlc4w2b	3.26899958825008	1.49504508385027
did:plc:omq25oxpmbeo5vmgsvzr3grk	3.25716932347213	1.59401600970782
did:plc:on2oiy7qouzhfxc7ndbwv2vl	4.60600644139294	1.3539651815337
did:plc:on7k77y322ged7maeh2x4dx5	3.91448841118384	1.52224907415099
did:plc:onb4giujvdmke3zf75nikmem	3.98965723677763	1.41716880877099
did:plc:onhrlmbdxillosndlrx3ejvr	3.27610203453037	1.87407076612696
did:plc:onosb7hressea4vw5yyiajsk	5.58897346369234	1.759445542756
did:plc:onqworima2pxb434owy5f57h	3.86577201206531	1.15007558718239
did:plc:onqxflbsow57dte4vbjcpo7k	4.68503325560074	1.37237792694154
did:plc:onrdbxgukvhmxilfn32m3e3t	4.46638645819311	1.41390804688848
did:plc:onsek4fqz6qmex2txy4rx5qf	4.82835817751038	1.14166837430343
did:plc:onuqgvmewafaa73hgc5qcv5u	2.86645753514986	1.84483627960753
did:plc:onwtkz3uqam4shxztgj6wmfg	4.21968828817047	1.03545032167407
did:plc:onz7elwi6p3r34mzatwes7r2	3.1186748603498	1.49678497302021
did:plc:oo47nb3gvia6p5fqi5muzvlw	2.66262515712401	1.57290353208548
did:plc:oo5ixb5jmeqhxnuhlanxpjax	4.96760589517689	1.35019141020526
did:plc:oobqf44mslri7unotu6i2oo4	4.87507912019993	1.35732164777496
did:plc:ood625i7agt2d2jdx2tbs22v	5.1889270398401	1.07648128945457
did:plc:ooensn4mr5mhznzypvxelfa3	3.64241443201374	1.48897234654494
did:plc:ooidabvpfnle3iobjk4mjwmg	4.4658094879353	1.55197043759317
did:plc:ooimyzdw53rtim6vd4ik7dha	5.16842591487822	0.941202274484783
did:plc:oonh22wggtet6zudrplyapx5	4.11600186274033	1.28815900499042
did:plc:oorrw6dohgtt76olgcqim66w	4.04292645348975	1.57945900901157
did:plc:ootdcf3lwd2inwv4l7q5xevq	3.77091046261802	1.66586359676532
did:plc:oov3xqssllqrbdvfbu2dyf7n	4.33047739019109	1.2761979115585
did:plc:oozbzpvtvln2hex4zauxbtv5	4.59648855010121	1.73397751005869
did:plc:op3br4wm4e6p2yrw2fqgwtri	2.86301502019925	1.68530942598123
did:plc:opaiwcce235paktuhx6g4khj	5.24259139712393	0.805133906235847
did:plc:opckiq6iij3ynrgiwbjmdcju	4.53274274550105	1.16234499240107
did:plc:ope5x75ts5l6osgypedubrb3	5.09958582266581	0.975530767074973
did:plc:ophdv3374xlpup2xapit3m5y	6.0405139267939	0.794695396773233
did:plc:opkequ5hcicn7wec65fbsycy	5.55868893910005	0.832826035001332
did:plc:oputejkevb3gureswmtixdtp	3.5979033574485	1.5014325850356
did:plc:opxpussizhilrg773sc2gzwk	4.00950357247075	1.42858283968281
did:plc:oq3crtsvjfx5h46jlpt4psu3	3.57634531356902	1.3192737025153
did:plc:oq4l7z3gtut5cezgo43sltw4	4.91639942953924	1.30843794874187
did:plc:oq4mi6rjm4fl56m7a4k2nsgz	3.63802321189203	1.36278633919105
did:plc:oqapoomfi4nvcqs5fidm7ah2	5.43193784186542	0.867552005051955
did:plc:oqbo4d3tekjoociiattya3vo	3.58335188658611	1.89649708765225
did:plc:oqc4zmf5cs5byrnt47smh3uw	4.58805916916136	1.23306924907351
did:plc:oqfkhgd2jd24k6sh4fnypuus	3.22112543886045	1.68095256592641
did:plc:oqhrmh6xctuakxdii6uh43nh	3.95156928791013	1.3759367214776
did:plc:oqjroibu7mrwdx45e7vvbs2x	4.09181292515363	2.01354642148262
did:plc:oqn3s4zg4vazhlwaltb5b6g7	3.92347814421197	1.36642454163005
did:plc:oqootuijkal5m5spc3vh5hsr	4.48326938605312	1.22592482123747
did:plc:oqrc3dxpnes6d5eesrsbp55x	3.63591976399294	1.51067831791156
did:plc:oqsdbipx4526earvl7k4osx5	4.78409151397695	1.51470945419049
did:plc:oqtzuptopcagys6uegeymlca	3.31465355573057	1.13018104170028
did:plc:oqxt56pps6afekjyvuyrs2zh	3.06265057584586	1.98886638785471
did:plc:oqysj7azuryi2oxez4ymjlwj	4.18842108361288	1.69343454567507
did:plc:or3j36eyjycgfp42ln67sjgn	2.7121647252223	1.52488369369678
did:plc:or56tsc4dbnrxnjg7twg7c5j	4.09448290712067	1.40824245271513
did:plc:orbqndefn6yfifgq6drt6nww	5.24337238056688	0.941689873240669
did:plc:orfn4573eb75vg6bocluamhu	3.92456863185318	1.09710999308333
did:plc:orfwky56rjl7jdglyvebaw7t	4.13804377397454	1.11619719898374
did:plc:orhnxxrkuhlet5kcihd6cpgd	4.23522325033126	1.53816830468667
did:plc:orl5nl45g4bercopywvghga4	3.2012418197526	1.41738283318832
did:plc:ormqwksztyfmzfku3srgs7gk	5.13059144557677	1.21094349933138
did:plc:orqumldbyybi5usghpbne4qq	5.38186580828188	1.31534947165006
did:plc:oruzga3f4gfyy3d4n4bcomeg	3.72981536433601	1.81354490256331
did:plc:orztbszpjaaytrayxfq62llm	4.08248406638979	1.7050857822948
did:plc:os2um3usbbnauztnsejwrg4p	3.57991633205625	1.49824051254512
did:plc:os3bl4hnzlq2wqxdlqgepjsq	4.11786656737318	1.59447354767755
did:plc:os6qu4zby3aovh7a4qneuv4s	4.195043563209	1.92884280111147
did:plc:osaz4hiczpjt6kxulim7haaa	4.25020384679703	1.40318768366716
did:plc:osdeozpzbpxfw7fjr6hxkxxb	4.40832868643277	1.41647011514018
did:plc:osdkq3oj4zlbltkre4k3w4n2	3.66747165075118	1.64878091747378
did:plc:osgk7rppxna43uljyvjnd74c	5.17711869340289	0.793996576655573
did:plc:oskhrmycsqiddca4pgxjwvd7	4.27146487278539	1.3737475277913
did:plc:osnosf45vhkhagku3jzwvlts	3.92621513399728	1.7291075915179
did:plc:oss3u64ggjq5j4srxmodj6nd	4.19973629517784	1.7749171823552
did:plc:osumbawdioui4pnwi3jq26wr	3.11696983347942	1.80348045863165
did:plc:osws7ulqrxtr66zgwtrtgf3y	5.39344899121957	1.03204982947935
did:plc:otawgdza7h7qdxx7v7pdxqzj	3.26388565366217	2.09823491687442
did:plc:otcz4lkkuhetm7cshmlysio5	3.89005803003541	1.82672329458492
did:plc:otindzhaf3bqqyztbiw62snz	3.77442756496624	1.67894128732979
did:plc:otjphh5b2ra3pih63sklas6w	3.37088955515845	1.66028782363668
did:plc:otlihr3zqchap2dyqa5buyb5	3.31056156676712	1.63481526154836
did:plc:otprv72of3ggivyykimr5jhr	4.94177867881298	1.07977857326529
did:plc:otsb2qx46qy37i7ylvlyqhl3	3.32597076233084	1.61525899766986
did:plc:otypl7yg7uvbuwdjtujdkjr2	3.04579316627744	1.1614272779973
did:plc:otzgypnkd4hoqp5yxjc2vvpn	3.71139681364035	1.24071341262564
did:plc:ou2li4xjpde7bpvaz35fh2vq	4.17787912608014	1.218699537993
did:plc:ou2xbvvornvgqplb5vocfpz6	3.42274980597085	1.66613478747011
did:plc:ouacykly55y2od6y7nnxad2g	3.60559885187875	1.45593628966112
did:plc:oube7sabaghwhzztkknuxlb7	4.49046619290991	1.38509953691066
did:plc:oucbdxkbzp67ehtiatcuo7wc	2.7322584770218	1.1104593834306
did:plc:oudx5qdtdjyqiuh3mqwmvpr6	4.36534404933248	1.30919223225455
did:plc:ougg25qejwi6nciqq6t4u6bn	3.71191205714399	1.63029498836169
did:plc:outmrm2t3eptof2texyzzhqa	3.81168239173288	1.39860226269836
did:plc:ouxt3tx4o7lqh75o5sid6rpo	3.31309786913841	1.45473224305845
did:plc:ouzgmj5fyv4gmpy3q2qy5glu	4.1416533461155	1.41508160096534
did:plc:ov5guomvvhymlbzqy2fbyog7	3.02361953445621	1.41841034156624
did:plc:ovcjaoqvo2oieuesg4pjzr57	4.34692160969129	1.50334444936335
did:plc:ovgm537bkjq7mut26hqxx4as	3.69649930253245	1.21030015300462
did:plc:ovjbopdq3qtw4tvgewpthd74	4.00458797530282	1.43396463804468
did:plc:ovkrsdk57lxoxmwev73nohzg	3.83176977868541	1.27800345913822
did:plc:ovx7tpfnpv2u3zh4n7cykfhe	3.89806463225409	1.3553320586613
did:plc:ow2hnsie32x7uxg3il26kpwm	2.61536164281003	1.60047221606769
did:plc:ow3arglswthwh7qw3n3kijt3	4.91069652470093	0.979881208407148
did:plc:ow3za6ngwryq726jreveabk4	3.23456266705524	1.18104692412899
did:plc:ow5rhvkompfcsbj4q3l4ybyj	4.28561097778606	1.41825299417026
did:plc:owg4kknokvw7xgp2gs54bg2s	4.48661040728935	1.55374828763274
did:plc:owhqiual7u5xiqmhqksvi2xb	4.24548779483245	1.31097551397618
did:plc:owjcm7rvxysp55z4fzlakkex	2.90378887778796	1.17704533211026
did:plc:owkx3lvi3sqny2xxdddup7or	3.98928815707506	1.51301103993075
did:plc:owlft4ms5lotm6riapsve5x3	4.07816486258668	1.20776196019943
did:plc:owneehshd3tafgywuatbcai4	3.27494897402422	1.47535981033674
did:plc:ownyzwpzhw2mnqux25upmx3n	3.93274806702288	1.821342894027
did:plc:owpy5pr63sf5r6tli2ixf3xc	5.36560821900348	1.09180258814277
did:plc:owqwcmhd4ixhsd6y6rf2q4lo	3.52701668234058	1.37655519587298
did:plc:owsh34qbgwl66iw3jzbas4ue	4.07610015388295	1.06044678154903
did:plc:oww2rwe6rrf257jkimpzjnft	4.24043774794859	1.20239935123943
did:plc:ox3k7rri5ehwjvupu4zugdxc	3.36603011525139	1.64154368704768
did:plc:ox6bdsc3oj6zwcj4vl2kpv6q	3.5523547781627	1.517569579381
did:plc:ox6z5v24jy56pmx6xk4wj24g	3.3159771533777	1.60772605853303
did:plc:oxbrqxbyrmq45k2k2onmzmcm	3.5207716128933	1.59977350863529
did:plc:oxfporfpth2tnchz27cdcfxf	3.71134640732709	1.59598511775042
did:plc:oxlsgjbynsjrcgikda2dpuby	3.75055187212681	1.56973388872285
did:plc:oxmtieabkmm3ka5g5gmd3x3u	4.23997410751861	1.5715319742234
did:plc:oxqylaxi3taw4khb6spo2kpr	5.04074011786893	1.31568881105246
did:plc:oxuaerogscgfh42bblsb6i63	4.13093627551002	1.3565968892981
did:plc:oxxam6skhdqxblodk66o2x2n	4.62515329432312	1.43396599029997
did:plc:oyeiy3r542tr3kjq7lvahfah	4.15696778814248	1.29400681142142
did:plc:oygyfzjxghvqqbwv5nsvjn66	3.26379260766067	1.61874130185579
did:plc:oylx75yle2g3kg36pb23o33s	3.85517230696747	1.36237259880201
did:plc:oym3rrvmi5brs2irxuy4cehn	2.61190866106431	1.62569167030809
did:plc:oynkh56ayowrfncincohdwkm	4.45948606719723	1.78539216320855
did:plc:oyrnu3ngcouhypqhwa2xhumk	4.08619805351126	1.50743168262436
did:plc:oyshehp3krlvwfclskewrbl4	4.07449973430718	1.72497359369516
did:plc:oyzljnl3ud6gdvv2t56mt4ut	3.93186189386314	1.46032893798627
did:plc:oz3evtezzew5hpaplikjatyw	5.02361386205623	1.12878428926299
did:plc:oz6bkpnskcieebyvfstd4asb	4.90546895742243	0.879056666275166
did:plc:oza4rvd3sdglvsmvnm7hhy56	4.7664452642577	1.00714135235973
did:plc:ozd6ughkrg3xlkkpv7lu7c3m	4.12596121298766	1.50961679731197
did:plc:ozgroolqt3fvng4wpckexj5o	3.41829644455364	1.45957135202418
did:plc:ozlksa4ig4aug2odjr7umgah	2.99674608096107	1.29843422035114
did:plc:ozmlh3deswtigvki57hlocsb	3.20174631555845	1.68717628769449
did:plc:ozugidyjpjz4jzvbghbtbc7a	3.70339162764766	1.37630450326358
did:plc:ozve7qwprirro4zn6d2dncms	3.05647120006688	1.51292376843033
did:plc:ozwlplhn7nal4rmwjle3lomk	3.31188378493638	1.96836379542675
did:plc:ozwraadmwhertx3lvq5kvciu	3.73309876866391	1.71941480579485
did:plc:ozzhs6i6od3xsbuwubsp7bh7	5.37275095664252	0.83195108829689
did:plc:p25roqwrwo4mh6vmuh32iyus	3.33642052794179	1.40316301689681
did:plc:p26zuc5evmnxacg7k75xckm5	3.82446758365553	1.59561102719001
did:plc:p2ahuyb4xktmvvczbcpyrvm4	4.8191111829098	1.09369831680816
did:plc:p2fdsygs7rydru6zl25pcb7u	4.96496185254055	1.09593536199614
did:plc:p2lupjka5p2jtbdqqxwi7jnl	2.71540325315083	1.62309220556429
did:plc:p2q6s5jzgbi7pttmwe7xjidg	5.52470941287887	1.33457778890329
did:plc:p366wcsu6zfuhgrakepklhxk	5.24179680929511	1.06238556254705
did:plc:p3by24nhsefcetrhskocvhav	4.0760021276998	1.3877749030286
did:plc:p3fwmq3m64j4s4ajfktqbhq5	3.58518020705776	1.12302351959192
did:plc:p3gupq5pu2obe2n4brtwabzc	5.0098000413082	0.924483657004467
did:plc:p3hhox65oaa3zpdn6njaf64s	3.58205624765468	1.99243502180995
did:plc:p3ka2gfynjzl737fn3cddz7k	3.32746250712451	1.8749872684613
did:plc:p3lny6hvgnawyibfgl5ta5cd	3.08936014100997	1.74169080371668
did:plc:p3ps6wwe6lri6yjavyqpqkxa	3.60162192394062	0.922983288255451
did:plc:p3vdrhjpqfnrj5523b5dnl7c	3.54833036939124	1.62830526937437
did:plc:p3x6v4d7raq62nsdj64wxdry	5.4182978810344	1.37806745188749
did:plc:p3xemkrfqeqel5exc2qop4nf	3.06946222474994	1.47004653488323
did:plc:p43c5wbainpkajmqsmy7sgvh	4.96925430430104	1.44472269979551
did:plc:p4drqyr2yqf2mzez5nbj6dhw	4.19317138417695	1.87424327981997
did:plc:p4eueom7etobonn6z3k2lrad	5.26838200473194	0.939886099313684
did:plc:p4ltbpmc25fiw5bvucbqfmad	4.85985242645448	1.17120116992818
did:plc:p4lwk7vuelzofmhin3nouhfa	4.94848532139509	1.24862122854756
did:plc:p4ngcxgilloa4nlyiczn3p34	4.37789797188982	1.18645701051695
did:plc:p4q4hqhocdrhvqhodzulojr6	3.5468315823084	1.8630685886846
did:plc:p4thoaor543ff6cur5kmeszj	4.29075986597518	1.31020654774803
did:plc:p4ztsa2ynzhgn3askfl4hreb	5.09511772716582	1.02578846078223
did:plc:p5fpxkuqp6733xlhsd4z7zph	3.87740135743745	1.03505541589999
did:plc:p5gcw4xbusyglycnomogktfo	3.86041582669034	1.52868010168162
did:plc:p5gjhqb6eeaqwoiwyg5jykho	4.51218722243611	1.79525849479193
did:plc:p5irkgylf3rfzmtqpj7kswci	3.78983327948427	2.01656957790247
did:plc:p5l57wzljmqisa25lffxcevh	4.18151599889596	1.49466174191637
did:plc:p5qu2rdmeltkxhloyq3jmyam	3.54441284065895	1.08710052165082
did:plc:p5y6qoz7h3sfkizueixvftx6	4.52387604277076	1.33726931040573
did:plc:p5yj4wxwrcf5ab3ixvx3fttq	3.61350250163419	1.37355182932502
did:plc:p5zav7dorna7lmsuj3gk4fbl	3.27224556638341	1.62369554441744
did:plc:p64tqxa42gztbg4iyqezp7ms	4.83153171679556	1.11794978731266
did:plc:p6b4x3jbseb7lcsufjs62ox2	4.77882591480404	1.56214627010505
did:plc:p6f722zfuhjosyl2wj3jv52n	3.60650511905017	1.62962805115258
did:plc:p6hzsnv3hwlk4cgocvnoaapk	3.69449549303741	1.54267776247498
did:plc:p6jli3irudcbrtu3atlwglz6	4.58829322008901	1.27755411947713
did:plc:p6lzkrfrn6rewnellbg24kq6	3.41887941913927	1.5932173935402
did:plc:p6nqzgxs4todtzvxhd5rx3jw	3.95306305936874	1.47675828890309
did:plc:p6of34f76h5rwiqgxgrf7apf	3.76432553834723	1.51331736502799
did:plc:p6t6vjbgfqf3cral7bocnbkt	4.17322473386332	1.54714654218729
did:plc:p6uqsuc4tmffnfpy46n3eg2x	3.54481512403849	1.5881565857065
did:plc:p6v2xukgtv5l67ondma4pfjd	3.64352960721083	2.12066852742648
did:plc:p6yi6gfwsgnbgkskd3w5fihj	3.74512147692307	1.46344889931264
did:plc:p72y33i35ukwaveb3iczx5zv	4.82068969681016	1.01606213933025
did:plc:p77jixhnb5k7qv3myfukz7xq	4.86697121525988	1.61254236546395
did:plc:p7kr5ytgm6wo3m3fp5ktasod	3.40960405879527	1.53906864388848
did:plc:p7pdqvtyq2xpa5ysuse6ojlv	4.74644186712482	1.44166895283704
did:plc:p7pkdqwss5a4ty6hjupebkbt	4.13044967508795	1.57931029938541
did:plc:p7qernqjetx4bblqnimpavvh	2.90766215544445	1.19911129426947
did:plc:p7qktoa2zkwczccv4cqworz7	4.32212616360638	1.52542459171021
did:plc:p7v64jmxgcbh6equwjvggzrt	3.54794242965349	1.66324194074433
did:plc:p7xhcgwkvc53m6ymnsnzv6kp	3.73876986778725	1.71963659839473
did:plc:pa5njxshbednagssvotjnhxx	3.1071908162585	1.68573708367326
did:plc:pa6cigfzsaml5gkkkfdsfkvo	4.69820957296092	1.48704942779567
did:plc:pac2l5cspz6tuvqcchlz52l6	4.42907928751767	1.47081077393639
did:plc:paf4vetn26bu7uggsie3vyrc	5.60635384962237	0.973189616188626
did:plc:pailvbrd32ufsfmf32mxu6kl	2.76311828921039	1.55195411671588
did:plc:pak2blustmglfe4lvcuo74ar	4.30779879843507	1.4179019583055
did:plc:pak3r4f5v4zu4jzo772y2iep	4.8922900457234	1.54176089497426
did:plc:paoxhjalro4nfo72uilu5jak	4.10498620299454	1.67922199013347
did:plc:patacy5oe26ctakf4nymr4dq	3.11540760626602	1.97438415080564
did:plc:payzrc55aiqzyoqe5n2tlcr4	3.27086176790828	1.72619763836317
did:plc:pbbnf3uqsrimvm3zp54cact3	2.76892674877613	1.41484414240993
did:plc:pbbnf7elefebasufzkixmxul	4.21593095094938	1.51977867073944
did:plc:pbd5xj4qql43eihaqyez7x6a	4.33903796936308	1.38508944274245
did:plc:pbemwxhpwj6bknkqxxegkdm7	4.43808803763831	1.30963042114526
did:plc:pbfhdnqeflyy4b6raq5wl3uc	3.2935456491266	1.3465260427972
did:plc:pbgsepwcflmhisdxh3vxm4vx	4.02411339949412	1.55619667932067
did:plc:pbmyy3dzabk4mht34ui3auwp	4.25106724214131	1.50828551236165
did:plc:pbne46nm7i6mytcq4fhwlt4l	4.93134445376802	1.50739233289511
did:plc:pbxlsgjwmvckefujfbbzvx3e	3.55527352336489	1.79299712677217
did:plc:pc4pt6kiwcdsg5dgz72asyym	2.97145314810664	1.67132822139592
did:plc:pcasahhpgosmrce6bypmt677	3.96419578623999	1.55047845079763
did:plc:pceepywftbvqgrskafgjzhu3	4.03762901690659	1.829098184434
did:plc:pcguinkirv5qdna5ikmjzo2p	4.66314906821579	1.43478376367637
did:plc:pcmbmtdrcqd77k6q4vbgpvyn	3.99252312592873	1.03936750612381
did:plc:pcoidzt6p4ehdjacxljttnxo	3.84017063415873	1.52577519069528
did:plc:pcp7xfyngm73n64jnk4rj3ra	5.90057499160606	1.06981848945616
did:plc:pddpvrpmgos6wqj27xkxmclp	4.80779486343098	1.74654988718447
did:plc:pdw5vznkv3mewlylentd6pz4	3.48021163481365	1.66455798679445
did:plc:pdweemcm5yjji2i2i2ohjm6t	3.92898643020044	1.42632178920104
did:plc:pe2zlg5bmxduetw7nala7a5s	3.83509215644639	1.72157474260242
did:plc:pem455k3ab2idfak2qocc6dt	4.41042906429626	1.21333293175447
did:plc:peocr5vrwqmag7laht54wyaf	3.84346856915191	2.0452427139445
did:plc:peowvt4ca4rrrf57kfccieky	5.46035520388865	0.75642215137793
did:plc:pepcuoujh27slgiitmwio7nq	2.10352797851854	1.11481474317044
did:plc:pepfmvcb4tsr3xmp7og4ftzs	5.04614870711628	1.58428809818567
did:plc:pexgrclz3j4jolwe522fricm	5.21790434602564	1.09329232210696
did:plc:pfb3gpm4kafguon7uswefmmu	4.43190874693517	1.68138603782256
did:plc:pfbctexmm2mwkhznlqyuxhq5	3.7401620237709	1.88662687573607
did:plc:pfirl4d24vqndchtyoddalfr	5.21356419283533	1.28264684067347
did:plc:pflva6ssphjdfbqsx7qbnhik	5.22965611683167	1.39321903575671
did:plc:pfm6by2ctxwphbiyfdmk2csw	3.36304296000213	1.96691283914942
did:plc:pfom6dggqwfasnyy2blfv5ot	4.02328984898999	1.72755194827999
did:plc:pfsrdtoi6f53svbjvq45nch7	4.30106893297367	1.52070017170738
did:plc:pfvveqow3je7xikxwi7pfusl	3.19178308544475	0.743288691277749
did:plc:pfzvczfbwlr63tro5i2oizbn	3.8722000733145	1.40565784698628
did:plc:pg3e2asr4gf3icnbuhg7jpko	4.11027687834706	1.4531996206653
did:plc:pgboktd2magws2ujvl5ajm6l	4.54751107826877	1.0386145663771
did:plc:pgfzq64le7x5noeicnnin5ur	4.74506297308293	1.23605615263376
did:plc:pgieuekdp66w4jz5g222mma5	3.39467960142776	1.94102343933431
did:plc:pgj5ffxhskts44uzb4uhka2l	3.7981349919735	1.80968401093922
did:plc:pgnllrm5jnt6jxumyvnhvuqy	3.49449103054094	1.3158474655379
did:plc:pgour4rrcmkjauws3mgvnse2	3.99503367367547	1.62013630136991
did:plc:pgsi77ymgob7ivrrqkd62nec	3.17482599411972	1.54271456029257
did:plc:pgxuzwzhs5c3gelff7sldyiv	3.66089654643598	1.67656605371241
did:plc:pgzzrm33genkl4ylbchybl6e	4.88593287046565	1.00753547274523
did:plc:phjlmmknmsz7niird2nusd7u	3.64567473914052	1.34351413834877
did:plc:phn2i3qtwbekexdaaqjjgogn	3.10457670309347	0.941205539603321
did:plc:phso4jhpofkaxsud5rybayrm	4.02911624712623	1.53126431054962
did:plc:pi44s6aujps7wifmipprzr5d	3.69024412624505	1.60292218713
did:plc:pify5sidd5ao5rijbvhbajtb	3.74763616889964	1.33600603077653
did:plc:piitfqj7yvvvsoxo7nr2eio3	3.17307233302222	1.56565208721139
did:plc:pij6zvbqt7vwi25sapuqpkdh	3.74394802073907	1.33547478585074
did:plc:pimhhorvdkkjl6xlllxiapzs	3.6222141041976	1.37805217649726
did:plc:piolhdtm5ltjedgbuglpp2ur	4.80011144640877	1.53837298720157
did:plc:piq63kjpzxnamixvtnwqqr5u	3.70820746847038	1.76374497212365
did:plc:pjb7c6y5jedxilvzwimkcscu	3.19965044298073	1.81658259181242
did:plc:pjbutaprajbrar7ll2zoa24p	4.52845114735964	1.13089338391996
did:plc:pjdpq5sstfnpetzprwjwva62	5.20252162136929	1.47215713458473
did:plc:pjfrlufyflrhgkqyewh6oal6	3.44552034543772	2.24388493617459
did:plc:pjjaar5tmxvl5qyr3ixjmip6	5.41564582616077	0.934998799973169
did:plc:pjlcw42sg2a2svmi7grucnz5	6.08800693061541	0.578619318461712
did:plc:pkdmi64aetnikqxyjyb35oc2	4.87400163605541	1.04657267840287
did:plc:pkdp4ad4dg6zwtu2mee5eybr	4.32244270066181	1.29229335385376
did:plc:pkeji6n7fvxnzryynbr5jbkg	5.40438976042772	0.720678129916593
did:plc:pkemmd5jbln3pfub65iowx7w	3.55938901403132	1.58684389104863
did:plc:pkeumveahddecqgkra4bvtlr	3.24495753367534	1.56654087680105
did:plc:pkj7ecn3pwrikqsosap7qngr	5.17200326972261	1.35480607837327
did:plc:pkormz2h7ww6bbpbe3jvytxg	4.34094834759692	1.52483602829448
did:plc:pkqfzqpxpznp4xlqrawszltz	5.44974169539802	1.1029796188442
did:plc:pkr5qdeddj6jw2mrwlvn2n4a	3.99796531117506	1.64766075560502
did:plc:pkrjn3673zxnpjyvihssciak	3.23079819616555	1.68054043815925
did:plc:pksutayisnqj432rke4dokud	3.49118399591459	1.51317134488644
did:plc:pktyh6i2z2qpoermhpukd5s5	5.39423781127983	1.38498553011463
did:plc:pkyvj7a4x7hucnkyh4wghxm7	3.294645275568	1.61985030425858
did:plc:pl6wv2fvkr4yme4hgyumgtxj	5.76274143971946	1.11773968337918
did:plc:plcsdobgzogyxp5sgddswz7b	4.29139721091481	1.70237713057932
did:plc:plfdzbr3ny263rftf5wj5dch	5.0039732837962	0.770223927327919
did:plc:plitiiqj5jelcx65h4c4jucm	4.01187336693102	1.48953535047169
did:plc:pll62hjfawuyp2lkqoxbtsyh	4.64682889873728	1.46268025792963
did:plc:plpajfw5flgnbn26chmrsped	4.47201930212557	1.38078078905551
did:plc:plpviiolyyfxmopm6cqloy2b	3.66762266870792	1.84553903558355
did:plc:plu4awcixyyq7f74s6pljp7p	4.25486588545213	1.5227858265329
did:plc:plzm3qr23qa5rxun5ajwowru	2.77962277726383	1.74602525673748
did:plc:pm2e2p2m7lecrbgvlvf6i3pn	3.9494253960463	1.55621330942793
did:plc:pmdj2upr5ryxq7hblwpcltel	3.84881502277335	1.45061805629687
did:plc:pmed2vwaznadg4tq5tdbnnno	4.87094823171116	1.44265440793831
did:plc:pmnkhoscvcsmkzu6crqvprho	4.10864908413182	1.27316521790992
did:plc:pmqh62coyi5mnlqzrrpqgf2c	2.99321174256605	1.34437683080091
did:plc:pmvmi5jjfcfcbs3jdyubf5mk	4.47593938576535	1.38223209398162
did:plc:pn2emyminaqaqlnamr7444mn	4.74276342397074	1.19124703116615
did:plc:pn2ix2pno3kndzkgcosat55i	5.09854940099063	0.784719119259633
did:plc:pn5qaqhxbplkbd3qpbnugz3d	4.55617639285932	0.959575691533267
did:plc:pn6y3si67hugzxt6bxjqowii	3.56732160625403	1.65563093725752
did:plc:pnbfm6a5v5dwzyhdfjipt2a3	3.4346681440121	1.69758082086073
did:plc:pnhsnfafmhtlx4r5vildlbxw	3.35000825069679	1.43556131195778
did:plc:pnorylcesg47kstbneoosiwx	3.02288625019908	1.63353578995353
did:plc:pnvyz4riielxqi6ijakfnbb6	4.97361822031523	0.884434605792141
did:plc:po2knj5rfy622lmdlnsya463	2.06927817087963	1.30749856106093
did:plc:po2u7blq2jalgbb3ymw5fmci	3.05930063628987	1.39079071019818
did:plc:po5d337gexu3tqkhon4uf4da	3.61594047876811	1.87212588186362
did:plc:po7ao6hgqo6tip4fxxldvwt2	5.62559694507667	0.964847010669333
did:plc:pocjp3hupjau54qfqvklnbkr	4.88919758466013	1.19998669208004
did:plc:pod3lvazkmj7adbtribqfsa6	4.81907427825863	1.45446036217314
did:plc:pofcyycbhei4qdd2zqbp7gzv	3.81551866864626	1.53482953022329
did:plc:pog6fcxhr6cgplv4hshstwzp	4.61493058981349	1.47227457027305
did:plc:poi5ptnezk2do3eeveoeuoce	3.52908209526348	1.25439313728976
did:plc:poilf4k5ofxxush3blwzxn2b	4.24568482704497	1.15607068318154
did:plc:pok5hlrmqcnhlrz372fldldr	5.51845171486752	0.884218956607058
did:plc:poldcel2r35devlfml5xfk7y	3.76736092111296	1.38310005492688
did:plc:polzamwi5x6vc6qeb3shbwx3	3.013694105512	1.97023285828672
did:plc:porhmaaojmqazn7ej2pviue5	3.29000936239987	1.69768066777823
did:plc:poxn7efxykvgrporzkh6uqo5	3.56607758017516	1.55933140829788
did:plc:pp3qlkvennibsthotccoifd7	4.50438447375114	1.55630055615981
did:plc:pp72m5rk3lmnxbjkuyiqhf6q	3.93378615104354	1.45237045257099
did:plc:ppb567jvxeqknprafphrdpuo	2.42197685908335	1.45031397931367
did:plc:ppbnvfpwpatsnkf2ngkn7t6x	4.3521571201443	1.75668415548445
did:plc:ppcy63h75soymvnnmhipxw65	4.60688571009264	1.48545897454688
did:plc:ppdqee5kbkr2g2epmnhz6lcz	4.24020330251308	1.67152100138731
did:plc:pph7zkw2hgp7itd47fqyyjth	2.83592483599635	1.54658762978475
did:plc:pphciqtsfj2ljbkrp43hggd4	3.98370335696626	1.28624759136565
did:plc:pphtbtcuvrpy56xqsz53ovmy	3.941471116522	1.62903880479724
did:plc:ppnxchnakp7opursj3lh5xtn	3.67444747855359	1.47791634815231
did:plc:ppoxdhcik2cmpty2pe4u4oqn	5.56681755668272	1.02142111341876
did:plc:ppqr7c2redogaixnlidnqu2s	3.46385935562776	1.5973928081865
did:plc:ppu26feo73cmq3pxq7wf7kxw	4.540158136352	1.44956279388713
did:plc:ppvm4uhkvcs35rwcerxyn4fa	3.70848736667877	1.43778986735611
did:plc:pq3jix3trjri6fm3rcodnv3s	3.61687200445777	1.33270053067211
did:plc:pq4nn5brq5q5je4dc7ach5gz	4.29794214856029	1.46270755181062
did:plc:pqiri7paymswxoilf2gjb27j	3.68097064002956	1.83052325982577
did:plc:pqpscd3b54fgimyibl3jwr6v	3.4269705003377	1.56138840544146
did:plc:prg6nsx3swwohvtgstq5sqzs	3.82197624631245	1.47182929965465
did:plc:prjcbosayrafwsrkvo3evjju	3.79652695198645	1.51845156616524
did:plc:prlriwdqn4su2rdwwmm7e5mb	3.9687916149041	1.6077413638214
did:plc:prro2rlnofaaoiytigs74isu	4.39588560525422	1.34953002004879
did:plc:ps3e3piur6b3nqblzhrogsnv	4.30164477182527	1.38544571143721
did:plc:psdhstztowbf4k5zcrysczor	2.93391491386525	1.41367589328719
did:plc:pseia2ir2hw4lc3gorkrsi3r	4.51044823396877	1.17504291045809
did:plc:psfclxkjapkie5fx4sa4k6ti	3.03777365306419	1.94687103970751
did:plc:psflvf43ug37os3szpcckbou	4.42434547241181	1.68755037546443
did:plc:psi7py6bfzycx5iobrpyttmu	3.53792205673214	1.96109913833831
did:plc:psjek76mfcjrfi7a3qu6cxlw	3.89450507950949	1.56219166317247
did:plc:psttqnnd4kbmjr7q7yk36ejs	6.0618587782897	1.1465758275728
did:plc:psxrqbfp73hha6hy375onbyn	3.71340956252104	1.41092543717615
did:plc:pszog2avmzikoe2ag2ve5xof	5.03561327094105	1.76485963036547
did:plc:ptd2mlu746ydfmnnyzalbm6x	3.54070302021108	1.26384387019264
did:plc:ptgktrkng4wxpdcjktepzs7r	2.91903077764621	1.60910189022513
did:plc:ptimabchzl6e53hv2jupvgtn	2.98327620860623	1.51093077622504
did:plc:ptk4s77kfkgvnjp72jojnovq	4.83164994750778	1.52531445265014
did:plc:ptkck7do3fzl4oaoelmidzig	4.3925410056663	1.45598592134309
did:plc:ptkj3hmiuoku3cxj4ilgxbd2	4.33534155678511	1.70353172834826
did:plc:ptnxtuojf72q2czx7uyd3q2o	4.40836220735825	1.69523876593693
did:plc:pto75prp4p6knq2qpvydp37s	3.62938982708124	1.53294038019033
did:plc:pttfvadknwgtc5w2nznztybo	5.90726942817861	0.999121311452505
did:plc:pttu4lfpk6nbkn2e4hmvp2tn	3.62420241946045	1.49582894381879
did:plc:ptvz4bcqunendkefuthj5thx	3.96616773798169	1.2432939686798
did:plc:ptwxldsogznicpwvyvathwdh	3.75135676793693	1.72093305109497
did:plc:ptzlhgy4suin6kz7kk5wvr3l	4.47092257951129	2.08527508731921
did:plc:pu2oqf65r5phx6ymkeqqiinx	4.64862670468314	1.33717887272504
did:plc:pu435c42eb3rdx5wnjtvtfgv	4.70570866271588	1.26315216557214
did:plc:pu6t3u3crd7omogvdpg6xrth	3.78877770253403	1.29537460772558
did:plc:pud5lcytderae6t6ujpwaj2t	2.80894059736315	1.4504523479447
did:plc:punopernz7nfguj6rtyhnrwr	4.32845371555603	1.37840953869952
did:plc:pure5kujsbjxsxlwfp4hzpix	4.22255304600951	1.67525670696307
did:plc:putxyflyd6pc57rqt6576lln	6.18058228542505	3.07015936863808
did:plc:puwqkh3a22tlw6bohm3cdfsm	3.55612374866595	1.61354759579877
did:plc:puymyrkas2lepilg2zm4ms2y	3.91960895379086	1.44136182099425
did:plc:pv3j2xlmk3tgtarrehgeba56	3.83068026489273	1.55261460709521
did:plc:pv3t6fqadp6tsnepat74xcko	4.4068993764077	1.32967002632084
did:plc:pv5gejihdtxe56c5hhohgasp	4.50608911085614	1.4890733041044
did:plc:pvazicv3fbfid4pixqdsstze	3.53506861323964	1.21585111510539
did:plc:pvbpesrdrba3j2q3dqvlywek	5.19304627891413	1.23147636805721
did:plc:pvegvcfo25hqr62tsmcrx77q	4.19733495530118	1.56443843560175
did:plc:pvehby2vvpwvmv37okootkfe	4.82036252852913	1.46542742420694
did:plc:pvj5uwiuel23a7lwao3rgugr	4.54469898172831	1.42466671409135
did:plc:pvjniylawqngct2tbrpbbxsx	4.10401808782923	1.24659115490388
did:plc:pvkgf5p2d3pwkp5iguidpwdv	3.54080893109225	1.70313096158427
did:plc:pvq4w3wjr4ug5mcfreiq2xry	3.48912114752015	1.64209225008501
did:plc:pvvhytnnam2dn3ubtdvphcc4	3.8610605983213	1.33366678162109
did:plc:pvx7osbosadaojncose34glb	5.21204966326773	1.09030933790009
did:plc:pvycr3aeadcpsde4euv4sjjs	3.15997985365339	1.71852114192447
did:plc:pw2esjoatp6ljr3dtltjrrzm	3.94376287692307	1.06356838108946
did:plc:pwdml5osfern4nfn5xhacvag	4.48998893088948	1.53544641874204
did:plc:pwegp5lrfirnoblz5alnadct	3.81447566447971	1.66966201389177
did:plc:pwqnmewmu6cg4sgdh4lb45wm	5.29749754257097	1.33032254805124
did:plc:pwrf6fad5vrevrap5hn2ib3s	2.92930118680693	1.44842417682282
did:plc:pwxkszt6nlox77k3xgckfhqg	3.16121941089401	1.22991684984055
did:plc:pwxpqan7oxlpvr2pwie44fsn	3.74628879428622	1.65346452547786
did:plc:pwyx5viunywj4gj7ybrxcfci	3.60926169856517	1.29158381684407
did:plc:px2exi2vgtbzzdn6gtpzhw22	4.39827926186758	0.819544482255917
did:plc:px2x6tmpw5zagx2w6thjfuxs	4.81624984677353	1.21953936886222
did:plc:px5ir5az5y7ghmutrlzjbggs	5.26872798377924	1.62010855190319
did:plc:px5sz5jn4cbunjoi766bt4bp	5.8334668527127	1.21960643776117
did:plc:px7gw7vyponkvbkm7is22rdd	3.43776210010103	1.55278295523352
did:plc:pxa3amkp7jhfclaads3zud7q	4.41743477742254	1.30829859761564
did:plc:pxbymkpamcqu4i5bm4uvvzpc	4.06581430495639	1.50800330958452
did:plc:pxgncb25ws72fnquouqkkrtb	3.43810209799782	1.61116290838517
did:plc:pxi6jsblyeoyu56apcixssyz	3.19223333027711	1.44432074727766
did:plc:pxjdhm47zwrux7rlutvfr5dx	4.5851684148012	1.70674005795676
did:plc:pxjx6osyrzrwyhghk7pmnwo2	4.25175616994204	1.67034794721367
did:plc:pxzofps5yge5cguqjurxqi3b	4.87609479456476	1.45987326727068
did:plc:py2etiu73q5fokg6ghmtlfn7	4.22519840872202	1.3836069614466
did:plc:pyhicqbqle7n5jie4lkkayf2	5.31213315307217	1.42043046092393
did:plc:pylmaw5rcc5tlpmfkdpzab3v	5.24518032158619	1.34229121879941
did:plc:pyslb34zdtlzwl53xywtma7l	3.63523243205503	1.5674990995579
did:plc:pzg52wtuvmbnh7r6m5wpvphe	4.38285253092445	1.26833378094568
did:plc:pzgyz7dyg74jg4cqtetwnvj6	4.93380488536028	1.30101808884806
did:plc:pzhqqntepun247nccnimfrhx	4.53398855250929	1.67053008862583
did:plc:pzmlrv44qgmmiqfrfy4nihiz	5.34663814194082	1.2221378336746
did:plc:pzrgxls4rk2jxz7wze4we2a2	3.77585129630488	1.53202016427093
did:plc:pzwggrzznnh2ehixwohqrs3q	5.25139485576628	1.21097540324927
did:plc:pzwtorafnfzsapwmuv5ptunz	4.94424602492256	1.20489728104005
did:plc:q23b6mwszlyf6ietyigpqga5	3.63701639423114	1.44360659026099
did:plc:q24copnil5xnxtc34g7j3ys2	4.76931441885321	1.6140860457792
did:plc:q24wjh4nbpml4gxs3wxgzsey	3.79100275537893	1.22396631169216
did:plc:q25opt3lqnvsw7ucly33nuvy	4.54202514351619	1.63070122704331
did:plc:q2bulmclpd2oeirnppasp43l	2.95412854978961	1.80952082886094
did:plc:q2ckvtj5vlzv7ze2oyu7bxcg	4.69251307217035	1.43686208249579
did:plc:q2fedttwrape6zmflcnovtvy	5.05261272681053	1.04288101049196
did:plc:q2fikk5igk5knhlf2qnoq7nt	3.32473914309436	1.55009198199133
did:plc:q2jrnmeyjjde72x2otwqa2q5	5.48236597969152	1.30218355668786
did:plc:q2p3w3weapr36626ktsfi4uk	3.1696998147097	1.48935734649432
did:plc:q2zgsz2qcl24o2dzscpaajzs	4.24617587842189	1.71751709019999
did:plc:q325qjzwm3ztatu2jrlie4h3	2.8286912535613	1.04249192460619
did:plc:q36nry7fft2chgib7le4wkgr	3.26290909459743	1.70879070154115
did:plc:q3dspwsfbjtzkyyy2wqh5d7q	3.92638944870307	1.52080474656398
did:plc:q3e5i464wricxqxgy4xpzvu3	4.45216611792536	1.09285279027857
did:plc:q3fwzjarueusyd5l2mmeyugp	3.00931792032181	1.45114608822467
did:plc:q3hg4zapeb5xeqpah44s3mzb	3.68336603612646	1.68379596108185
did:plc:q3hj7qng4g73yr4k6j6rlfog	3.85721459300199	1.56482354574531
did:plc:q3hn2vq7lwuncuwdxplugpnw	3.71343290634701	1.46976438123369
did:plc:q3nvi2ltudkpeu3sl557vmxn	3.5955615147608	1.79773520714023
did:plc:q3tgeza5uom6dx4wlv2qiicf	3.53768523848531	1.65746160963898
did:plc:q45itbdojqqv7b2g4746pukf	5.10837343983034	1.09086890359441
did:plc:q4ah2xfoxvilyjask6fuue3z	4.19200342720052	1.31082076424956
did:plc:q4j2j7z62m2ad2bwsj5ps7gd	4.20154745311548	1.17605266459677
did:plc:q4nvytsjibkdklust3rdhbfe	3.81819990973397	1.61605981862664
did:plc:q4pexfoowxxkjqsvxwkoohef	3.47987726680486	1.40900822544279
did:plc:q4pmttqf7azvwy3vmjsss3oi	3.71080999076241	1.82028843280689
did:plc:q4psjooaw4biae77lz3pztsz	6.17221453665353	0.989874663509332
did:plc:q4umpwtax52i5rcq5yyc5h4u	4.30070044111095	1.60739466543444
did:plc:q4yngad36o36tja7mtbpu2pb	3.85400929907756	1.35097763455486
did:plc:q52hkeysujf6tqmoxotyipsd	4.35010406050248	1.29108240615146
did:plc:q52vjkmpknze2jcrpxcxzbxd	4.46202324927414	1.43552595746744
did:plc:q5ctdzgdu55m3lhleq56v55t	3.7765308297023	1.30290616208595
did:plc:q5i3zft3o5kk2lphms6kem7v	3.96153921546449	1.55484619175277
did:plc:q5jrs65ckhda5tmyay2owvrx	3.77066189630754	1.35054537138805
did:plc:q5o4iosvlxciijlde3eo65ik	3.49865556734803	1.49864872044798
did:plc:q5p6s2ajelgv6bx6em73xjt5	3.84187974588533	1.10727481240981
did:plc:q5pdzmrrer232fcwak5lpbrf	3.83605784087564	1.52350386180261
did:plc:q5qmw5fs3vqecteelefced4n	5.17407467048648	1.26369350394417
did:plc:q5rn2umevqxzyfyr355jm4dv	4.3368154922887	1.81034976853347
did:plc:q5txrmgpbcadibwxmnaqvbsv	3.99139566310851	1.30361994407929
did:plc:q5xt47qbsjvwtctbmyrqgjpp	3.85984459307147	1.57037180966131
did:plc:q5yvr7we6byhqzuoqtcytfyb	4.76560282251525	0.943190015464818
did:plc:q6bwvurdlpklhj73etm2br43	3.85949999421648	1.35946372442734
did:plc:q6hwv6uianxhnq44y5hcxhzt	4.48013433763346	1.48217855641406
did:plc:q6leeiu3q3wkicu5mm2ucyfi	3.82875238346749	1.33092598459355
did:plc:q6n3235pkubikyc453pkqfja	4.05599090075636	1.45121085277286
did:plc:q6ogcfmlrvx4jc4huuubh4eq	5.44267279707732	1.18770549474187
did:plc:q6pnsttpm32f5qgyy46tcpsu	3.03078181741907	1.78616178135803
did:plc:q6rb4vcwjamqq5ybwuhnok3e	4.64565758463841	1.79294608112886
did:plc:q6rdmhjlirag6dfwwgjmcss6	1.8715079597227	1.15299358109087
did:plc:q6wbmecdjjiyicar2ceaykj5	3.25435967467376	1.80605376949417
did:plc:q6x5v2gnte4s4ltijscxoo47	3.52834093812954	1.51978564917753
did:plc:q6xrax5gercdii2qhyfsnoay	3.5633810563426	1.38605649103373
did:plc:q6xxtph2y6txtym7us2nmuu6	5.14415026427186	0.79747275327319
did:plc:q6ykg2yih7q6urxzrv2yhwun	3.21975935211599	1.57313281314356
did:plc:q6yt5exshllajrsdbmjtag6n	3.94489267738602	1.6601703672347
did:plc:q745moib4e2bhdptibioc5xl	4.18323905572451	1.35350277674699
did:plc:q75j2yu2obvxd4otvdxbhhc3	4.40590025662313	1.45275896009478
did:plc:q7ftcvng46oqqbmsmu2u5rkn	5.36799048445662	1.13373103970513
did:plc:q7i6nre3p2cgwfc423ijxsxo	4.60231207549771	1.51257428044676
did:plc:q7k732imrrjahw73gljdh5in	4.95412791683492	1.03514472075182
did:plc:q7kxm6ojz74lvbezv5v5ixhv	3.32201364012895	1.32496410360448
did:plc:q7l3wsxhl5ooaysuvdc4bczc	4.59702736498527	1.0670090374395
did:plc:q7m5fxslgw2p7vseohlesgb7	4.24580808679321	1.21584882325132
did:plc:q7mieiotfdusl2okuij2in5b	2.88359800343874	1.4986686721182
did:plc:q7my6v2x7bwrc54xt5j56uhv	4.1732349147543	1.13309818274594
did:plc:q7oiyaxhh7c77u63rul3kpvn	3.52307918162885	1.78575125191024
did:plc:q7rfvilefd2qb3nocym4fspa	4.80339623465548	1.50707431989723
did:plc:q7siqjrkpiqbosetcb7ddt6i	5.26199497001215	1.23569237220374
did:plc:q7u22i7bh2naheb5z5yh6g2t	5.0706738194102	0.958937571323778
did:plc:q7wcay66dmsaprqeqr4hgbcn	3.60097291599471	1.91697370881628
did:plc:q7x2tntzc63ialbs6fvdpcug	4.29518790730116	1.3936540941198
did:plc:q7zhbt3xnzfqrp46q2zd67zw	4.60762194552573	1.33717161988538
did:plc:q7zhhj6iepld3un3bnx5v77p	3.79069344398652	1.31939101025178
did:plc:qassu2sa7q3plo7l3rsprni3	4.76602455875607	1.18303001622333
did:plc:qatuxrlpobmheqqyawi2mc7a	4.26155839787819	0.796421321048669
did:plc:qawjxyabbdhuecq6icgnk5sa	3.93105930432335	1.57834255043639
did:plc:qaxkwmyg6j4s2v3aqqwh3fu3	4.98116547254724	1.07045196663996
did:plc:qb5c5qevrpt6xutnesklavnn	5.30149378734958	0.914603492346473
did:plc:qbacypk5igp3mbebmuwntwnq	5.75343953163594	1.42249867950626
did:plc:qbf54cbh7cuyojtpzwifayua	3.59665330607064	1.49674112478603
did:plc:qbjk24v2wtreqfo6wfttzltp	4.97036919936859	1.37861218653069
did:plc:qblg4pe6wpvvr25goa7wfhqe	4.07259869676674	1.70463375974197
did:plc:qbmxdwpecs23fe2vja4b6ycj	3.78853674767141	1.49910748962202
did:plc:qbph2ezedu2fc572raslwmys	5.40405662612897	1.29392713833494
did:plc:qbq3zia3qseoziejjct344lu	4.2346370994369	1.2825612492184
did:plc:qbrauyf5tmtcbuypet3wtazi	5.30425430290433	1.07330243596775
did:plc:qbv6urbqxhq6ov4dfccejn65	3.44669448584692	1.71292611678447
did:plc:qc4jf26bqlqzsxnmfwtaxgnj	4.39103453142794	1.56206069134218
did:plc:qc4jf7v6ticr7miagnmjlxxm	3.34741829273652	1.34274628691382
did:plc:qcjffrzfzovxhy7lqmf2pjei	3.6446217201263	1.87642628883313
did:plc:qcp4rofucyzl3kiwds544g62	3.71315609763083	1.31072445023023
did:plc:qctyxw5t64mwa4xppywfakjg	3.82780427721123	1.60329610365526
did:plc:qcuvphg3vmwg43gcsufsddp2	3.72259575508357	1.45596753929663
did:plc:qcuwnpu6pamc4czdaqtbvkbh	3.96226212295143	1.33151754264929
did:plc:qcwx6r3j5kjrqagrs5ckupty	3.62374103218872	1.79588657402165
did:plc:qd2rwxwm3wgbdlkjj2cw5eh6	4.22134534680234	1.46823763359222
did:plc:qdak2eghqfu2goniobkcyknl	5.42527807089233	1.4210412980177
did:plc:qdbutare4bjmuadbsuksi4wc	4.3287612182432	1.38433746299677
did:plc:qdedd42aiumksdco6lj42xm3	3.37283673259202	1.81234128599295
did:plc:qdfxgeggsl6pz55kbisbfoxm	3.79079288801555	1.30324592567753
did:plc:qdhjnuxugzzb3oyesnpbagyv	3.82305131953264	1.74142633804177
did:plc:qdkh6yp6vp4ahv3nrri26d23	4.13661367741195	1.05807381556729
did:plc:qdl4hblllfm2hxan26smx7pf	4.24793031689394	1.3244805837689
did:plc:qdlzooady33rhuwlfbsgyszr	4.72459087634394	2.20631458177922
did:plc:qdmzwkauvxkixq2545dupvad	4.1741766953329	1.39787521927885
did:plc:qducyaksarlmjj7x7s25ieev	4.92842116260358	1.10963798990787
did:plc:qdwjvonit5mazvqzspkdvrze	2.31537232825444	1.2511498045086
did:plc:qdydo7na3cvryjn2wzyrq3vh	3.1044966556051	1.59629928613155
did:plc:qe3db2oszzf3nh3gyd5bpnl5	3.06127759541865	1.85761279687924
did:plc:qe4fuytgw5mubzcnj4vkhzqi	3.91440426624706	1.58155267063064
did:plc:qe5fuxywsjvkm7vsfmqkykep	5.61051128607912	1.36563484126703
did:plc:qea7yypryitcgoymvlxifoho	4.42294848896711	1.37062284805605
did:plc:qebria3sc7lnugiegtooxob7	4.52261802437334	0.936016924628999
did:plc:qedadiqqflfgtwzal2avayj6	3.89398480329947	1.49389616403135
did:plc:qelww7efmf56lxbzxpta5amg	3.20071352447739	1.24933155257124
did:plc:qep3xs2gn52ebqobym4e4gmd	5.3925738136231	0.962844423920988
did:plc:qeqrta2yxjpezmzxegdaiktb	3.51620509640387	1.4121241758119
did:plc:qevkmoyck3uw7wr4uzuioctu	3.49336001187411	1.37431012479584
did:plc:qew2a5jpzr4ecvbwyeuf5ccy	4.30390543418883	1.41894287484613
did:plc:qewuijhxga5h5bo6fhkumu26	5.01642039713907	1.45682932821237
did:plc:qez57si4wgbbdsqcuxx7ynf6	4.04747406556555	1.64054713427805
did:plc:qf2ips6bcaefopqncnhvbaqv	3.00190418611886	1.14733966844643
did:plc:qfh3hm37vn47ijq5mkmsujzw	3.9409647740325	1.5865683433512
did:plc:qfhkfgxorcoliv3odcniqf75	4.39258081117041	0.996162396681336
did:plc:qfhxxirg3hnyl4blnfaoub2q	5.3559458573132	1.36628184351456
did:plc:qfqaezcboao274realvaernm	2.91173439107383	1.8328414770468
did:plc:qfwzia2ouarsmtaei76suoui	3.8994011579894	1.4227568166073
did:plc:qfzw4rx76prptc3jmwbgtfpp	2.82401790089897	1.75003163969963
did:plc:qg2ddamc2ugjihym5tiichg2	6.0370018444276	1.00784381342868
did:plc:qg2rl7s2hiddnnvndilbkjio	4.11692354053794	1.52112889664463
did:plc:qg4tr7ro4opzbfu72tmamztg	4.02915124605184	1.42502647439912
did:plc:qgc75ecf7pmlhbk7lrskoz7r	4.34266553486428	1.41148385694115
did:plc:qgjjr2sodtlkdgg4orn75ck5	3.73015121666496	1.26082965658295
did:plc:qgk4o5gx24mdvvkmqca73xbg	3.25395825161513	1.61787716552723
did:plc:qgpmcmncjmvuc7erdflsub7d	2.94293829004045	1.34416640163984
did:plc:qgs462ufnh5i452srjo333nk	3.75023685025353	1.79243693699206
did:plc:qgttoznl6zexx3adq5wtrtkc	3.78691603636358	1.94729695117848
did:plc:qguatfxip7xa5v72c6tcbpqf	4.36467096532859	1.64717719652482
did:plc:qhb6nbpu6f56pyat72k66uyg	5.20543724122377	1.03496158576594
did:plc:qhejaorccf7xuvw42skmvqil	3.71362707192994	1.39955826094569
did:plc:qhiesf6e43tyydpnomzyxza6	3.68428276239526	1.39360301479131
did:plc:qhlc73vwtn3vhx2tqfn52dtf	4.0046114521465	1.5742946541438
did:plc:qhssojkeaxjybronguwx65mv	4.75948845621176	1.60516793389473
did:plc:qhtiiv2g63x535xh6747ugnw	5.30495052763984	1.18202458042304
did:plc:qhu4b5cddo2umkp6t4d2quna	5.20831029430852	1.44541737993443
did:plc:qhv53wjb2ghw6bx4npktxjkx	3.11605429265562	1.40164951545141
did:plc:qhxpzugndudquk52pxjwlnsq	5.04735709429765	0.796126114640669
did:plc:qi4hgu7e4urnz2uya5oyj7td	5.28042033666467	1.01462984404109
did:plc:qilw6oojr7a2zjz3od2tnq5f	5.22666645848385	0.925310872476789
did:plc:qinqxdwwxgme6r4lgmkry5qu	3.43351138004278	1.2478960841702
did:plc:qivfad6ubbqwsc3yhk4wtl6i	4.53669125341764	1.0232064449137
did:plc:qj5ni3bdumywuxs2gqfstm4y	4.07716540341352	1.30283377333108
did:plc:qjc62s4a3dnpvq3o4ech2464	4.52927552959262	0.888232487946928
did:plc:qjce7yd25g5atl2wtzbk3den	3.20771731123718	1.45098366060931
did:plc:qjfymhkipvusp5ivmqwt4arh	4.30780438433998	1.35217169839108
did:plc:qjgmwb6zzobpawy5fkt4sb72	4.66129753416719	1.23541862737396
did:plc:qjkgzkssa3njj4fmzizeh55b	2.93353403778491	1.62629242165794
did:plc:qjskrvpbr3ol2w4pqpabhpyk	3.75053027963432	1.82807083055547
did:plc:qjvqca2n6dtwshkd5bxah6pf	3.23446072074603	1.92914209378949
did:plc:qjzbr6fegebpyl3wml6nxbzg	4.4338762895046	1.55694327085339
did:plc:qk2gei5mgc4qheko2saekud7	5.72506275131437	1.19429453365075
did:plc:qkan7bne3f73oeqcuhc4r5bl	3.92317570743039	1.40501838931534
did:plc:qkbht3fw4dscui2wr2korgpl	4.45947351476376	1.50517006501092
did:plc:qkhwlklnyrnnozfe2kxxp5gg	4.99135537138049	0.885379144165143
did:plc:qkjmkqpv4oq32prshubrps67	4.66007057287454	1.29522543376264
did:plc:qkr7a6h2rgzdxgis2zoqezpc	5.83904790820757	0.954746094391451
did:plc:qkvj3p43bo4uswxby47oq7g3	4.03838674797697	1.61027217263112
did:plc:ql56w3cbf2kmt7g2qv4me2zb	3.20015300491481	1.28661413747323
did:plc:qlbbwttetrj2xay6rwox6vbv	3.27266730806932	1.55047394053073
did:plc:qlbxtf6qeqxm3wbn4wmuyj3n	3.37840245436064	1.40788276275158
did:plc:qlfetnm6vieutwvnnos5ul3w	5.03749069496375	1.32710506964099
did:plc:qlo5uez6je5fangyjv4dg44n	3.00142518350508	1.42854671668414
did:plc:qlrnneta3uj6eyrsle4s62an	3.42192559260226	1.35087460436304
did:plc:qlvulfhzrk3xmdb4aflkcxif	3.25851280484333	1.79061049198546
did:plc:qm4tfaeovycfim4yjz2sg6gh	4.84159931780847	0.994454637421564
did:plc:qm5hrqklbhav5sykzgcqp5iu	3.93511671052395	2.16302425367701
did:plc:qmjfynvrsx4mp6dowirazwfh	4.6606834528288	1.39395680131366
did:plc:qmk2wty7nhy7qfvbkgzynyxe	4.25523762135576	1.52111245291382
did:plc:qml6ijygd4aff2uz7fgqj6pu	4.61859272165367	1.21741040019617
did:plc:qmnb7yt34f6gpot6fm4rvu5p	3.48807944726785	1.32656745528958
did:plc:qmnfel6zkqevii6rg6zoujhw	4.55841346948046	1.18517956147235
did:plc:qmnyy6d4icob6uvhjlskgmp6	3.67314591407048	1.72606942310249
did:plc:qmwwtj3rluptjewcxnm3yv4i	4.78906850990428	1.44781669823246
did:plc:qmwyc4ikz7jmg7anhpnramhe	4.40251668429908	1.30769592873811
did:plc:qmzxfavkou2jx4zexecop5tv	3.86395398748372	1.22212602419625
did:plc:qn63scusz3oyahsj6ympmso4	3.82389651383009	1.40299826154618
did:plc:qn6z3du6jjjmh33oqrxkyagy	6.26415260278765	1.14323757341357
did:plc:qnb2gzqbanqathmwcpr7aag7	5.22312583014963	1.45238054869256
did:plc:qndpbba446z2umzfegpddacc	2.61185694591374	1.53829762925283
did:plc:qnhbr2wmotbhrj2zpliazmso	2.6557239744528	1.28938411734741
did:plc:qnqbcjidqs2ze2tqafxg3isw	3.15489272741944	1.54670047765139
did:plc:qnqelioa6rt6d5al453friht	3.2456903247432	1.47472340655845
did:plc:qnrs3byevijfl4csl3vnq36r	4.26357624771072	1.5254132285944
did:plc:qnwbese2up2hbqtteff5vcn3	4.21567670835338	1.27349100881078
did:plc:qnx4emn3dm2uqio5yydvjiqq	2.93061519472188	1.44350280564732
did:plc:qnxoo3tcx55exg4he4qdy4mx	3.59975111440927	1.20266683087518
did:plc:qo2unncjchxvuugzzpjzznpn	2.73287533641016	1.47004974647532
did:plc:qo2v6mnqzptmwm2ggdpd7cbe	5.29497323316026	0.957569671171278
did:plc:qo36jqimlk5v7susynrpfuh2	3.55042654315241	1.28248337460355
did:plc:qoatxaqdn5cx2vsu4ewunbnb	5.20673950456298	1.1004588149751
did:plc:qodtzf4km5xdjvuija6fwah4	4.25406477498659	1.34814294194718
did:plc:qog6nsef4qorna5p2gphot37	5.16810664395734	1.15395387454246
did:plc:qopbs7aze24zrixygsaegb6d	4.96216741510044	1.45956447119694
did:plc:qozcdcy6lnzrci6ats2xp5pv	4.06314843636421	1.66024352666734
did:plc:qp2ko37ldcwkkvvmuyqcc2zy	4.66781916202847	1.10718546780265
did:plc:qp3vtrt6jaqa4v43wlpvdtj2	5.24070004308435	1.13587641915663
did:plc:qp5ekvsutooqkmctsq53ob4q	5.60681083024552	0.990476910554581
did:plc:qpafjb6mzfelpmplvcgzu4jn	4.64897513321329	1.64771256067425
did:plc:qpe2wiibcb3uxc45ob5y5fdr	3.5978285467694	0.678471935889465
did:plc:qpk3m4xms77rqzftq7xi33as	3.96526315254004	1.14564122969602
did:plc:qpt3qpbpinfbntezqednws62	5.5373178359338	1.1628265456702
did:plc:qq745vbopq65jt3ffee6445b	4.39463317171839	1.38714538950293
did:plc:qq7aosv3fnekv6b5otxskbdt	3.32028072527796	1.88392111122218
did:plc:qqffyrb6zsyki3vnbzwelutm	4.31416665038837	1.52659016615551
did:plc:qqhhbcnzygdaxz5bpj2jsath	4.53362670490655	1.00240504957044
did:plc:qqzsfyjjkpyqym3sglj7m3tv	5.45091495871731	0.852464343522239
did:plc:qqztu5pkyzpyhr4dbsy3tab6	5.18495589770871	1.27437966846095
did:plc:qr74jcihlfsipyqz2ttxj5as	4.62526782781482	1.34930663498118
did:plc:qrc653ktrhpbkm3t2r3dvnvr	3.06741136931369	1.91713750610754
did:plc:qrcbhmkryjjjwetjii7hml5h	3.28521932856232	1.38772303284166
did:plc:qrdfrannt2ipdujw2zimfdqx	3.59367091789763	1.48542146066547
did:plc:qrhq3er2lxxkbq6bti5wjdkp	5.4010479036613	1.17806526786687
did:plc:qri6v7525k5tjyjaxdlmrvuv	5.72074349027957	0.781559466193684
did:plc:qrkc2kavcqfk6ebbs5nmrsa7	3.15312916817504	1.88623520682149
did:plc:qrleyuojocdpfqwj5emr3424	3.72167292948642	1.59303887941855
did:plc:qrm73xdedytk47le3nh7dmfy	5.7411417397318	1.04361445714594
did:plc:qrpvqbxcs2h7outwxkw27bjb	4.238214905807	1.08992959766092
did:plc:qrqy45av4vivxljgzrsn3bgv	3.39746013925895	1.79926754834125
did:plc:qrzb2x3rgo44yhqn6rqbr5pz	3.85638707376301	1.98168135564658
did:plc:qs2esuy4riswvjjshklmembh	3.70866594585036	1.71916168525119
did:plc:qs4ozfqbtg4e6dtdds73xgjp	4.37430887093448	1.46542537533462
did:plc:qs63idpn6fbnvx6ps3upbbio	2.88774497455443	1.45618620808922
did:plc:qs64q32zcpmb5fce3vrb4qyb	3.75357302140661	1.55942573013601
did:plc:qs6vzveus4abz63fnams6ql3	2.95564151319484	1.50349817968949
did:plc:qs6xewr5akk6xdk7lug2oclg	4.53271400719862	1.32184499608606
did:plc:qs7fnlnodo62gvtvlfj76wby	3.91046922887781	1.36267806480333
did:plc:qsbt6hul2ofvnad6tzx5dhuv	4.90620511592417	1.08654554202834
did:plc:qsc4immpfy2dqrvqhdcrdhco	4.19680616694873	1.39617011006285
did:plc:qsfjfc5vfj3a7ikh5mfnqcag	4.66645087269309	1.37494004788221
did:plc:qshj7ilit2ch27yzm7kcfjqf	4.48011392154162	1.43737718642398
did:plc:qsmsixcwm3xxxmaqsrd3lsvl	3.501865886073	1.42942657670246
did:plc:qsusdkznrjsgqsotbx74orgk	4.63505806070975	1.41818236651757
did:plc:qsysw3jki3vkcw5hnfsjcmbb	4.30085585598255	1.22373011246005
did:plc:qt7syjavlng5s7rzyppf66vo	3.97739579425856	1.37840393121937
did:plc:qthaxytgzlnjvebx75l7antr	2.90983784894155	1.57013204548684
did:plc:qtifanvjeadji5jevs7mph4w	3.70203141827193	1.82446871227759
did:plc:qtlk2lrqiwket57zcaha5q42	5.22699362621816	1.11111754033705
did:plc:qttbmkl7wqgknnoq4zvxlysh	4.57698727410497	1.91544742622282
did:plc:qtwmzamyoth4e4uwpj5hzta4	4.14207934161916	1.744048193201
did:plc:qtytrjkq4aii62vrxgobkdrk	4.23420559206081	1.46259529570802
did:plc:qu2lqkqy4wkpvmvhk2n2ittb	2.79241579728552	1.57458027736887
did:plc:qu5as7zv74qfff3s43zlhhcr	4.2330655576735	1.39491982532314
did:plc:qu6s6tuowbnvlyailn3wnn3m	4.00702797664994	1.16801273884524
did:plc:qu7lu4mx4robcmcstcfnhpvj	4.24467825439639	1.64141231901403
did:plc:quczizg2oc44warr5j6aiuoo	4.26526479684488	1.01898243974786
did:plc:quf2ilkhtz6cq3xmqodnug6a	3.99417464053758	1.4752830486028
did:plc:quhi47zwre7ie3yfsitewtfl	4.7242098978577	1.40986831951747
did:plc:qumid2be3v4lm3bjqsh5dcvp	5.88210252351374	1.07336870151892
did:plc:qunc52a2o3apqoepqa47nnw5	3.85392539402445	1.38315601887196
did:plc:qupcnnlgzcas3xpv57nddooa	3.49673523755032	1.99826370984904
did:plc:qupzqh5mr6dakiwbfiydfwnl	4.65233498123815	1.23183017560222
did:plc:qv4x7q7kqg255rfwjkjbdivy	4.2359110652223	1.29619099242434
did:plc:qv5x36p4jv3rl5lrb2wzt5fr	4.75155604816211	0.93582776588658
did:plc:qva6zago4agr25tkiu6rbyw6	3.30104719591409	2.08380182603434
did:plc:qvaxw4mvblcrkflzev2vr25n	3.77411804134423	1.37566265665923
did:plc:qvb2iq6zljtnkzvnklsleunr	6.2574694288242	1.17897222027072
did:plc:qvb5wqsg2bhdomjj5c7xqugh	2.87019878395423	1.80096581172773
did:plc:qvbujnzbvgcq7b2bmvacmsjr	3.70031227769631	1.00553068605724
did:plc:qvgzcvglv7svssmf3szap2av	4.64163098365565	1.36698519378305
did:plc:qvh3thrldgjax2jvbu3x55oe	2.52460536271106	1.04099593873599
did:plc:qvj3jjdgslorcspdkhqbdu2s	3.33799779454048	1.87431161104451
did:plc:qvkhqxx2fifl77oeupp3utve	5.64617397104277	1.13714891045441
did:plc:qvmgftra55niwfzl66deo4gy	4.30880021573542	1.26968288806938
did:plc:qvsbyysgfzenxbuzdstk3mco	4.15511858650412	1.45386901283576
did:plc:qvwy4kbxgf6ucq7rbb2qwrdx	4.13183986940115	1.4132663046541
did:plc:qvzn322kmcvd7xtnips5xaun	4.9994211945533	1.02188642083872
did:plc:qwb63gdbyykx64qbfzo76b34	3.34967099030296	1.68192628299823
did:plc:qwcdmperc5vvobrl4sdsp4uq	3.46465460362935	1.88956795494143
did:plc:qwgkfvljerqec42alsw5jwtm	4.10457533364214	1.75187733361357
did:plc:qwioeahp2jozom2yppml6uvc	2.77856939184824	1.30611371423324
did:plc:qwjlvlvrh5qccfs4yc3sldl6	4.16293102246574	1.11903718647459
did:plc:qwly2teebt4y7xe36ogz5lzp	4.75569668997186	1.34937412057717
did:plc:qwohkifh3xw4uweupbx425nl	4.33030725826108	1.48689416731976
did:plc:qwu4sw4senoh3nqgg3jbh2ek	3.09422790763496	2.00514831111049
did:plc:qwuhfzxxc2ofn4iaxcpu3zzm	3.87160896581511	1.66099239103481
did:plc:qwvi43526priavsaxy4uackx	4.62356879073391	1.47195847875963
did:plc:qxez4m7tyo5eis2ed7vgdwkq	5.28608876530142	0.995756588986603
did:plc:qxfidqwgsbyv2l7vxetijg27	3.22577737998676	1.98697514895303
did:plc:qxnm5gntgqcpv3ivcuelfzux	2.93758409676121	1.84948179484634
did:plc:qxnuvs65f7bselrr7c4eqykw	4.345535983048	1.57542533872595
did:plc:qy3rwp5ppoal4ybeccy5nbe7	3.64211588762979	1.45963423312246
did:plc:qy6vvummrgx7a3vvis3yzmgs	3.29151562869751	1.7425977298268
did:plc:qyecwkuqrz6tms56nfqrqn55	3.4979815261456	1.59939765574893
did:plc:qyfvrsrbupcri4w3hxe2xmdt	5.7704959872034	0.890907384016536
did:plc:qyo4my54dgp4hhzm6zmqgxjm	3.72761420973487	1.75218092352028
did:plc:qyon5gmr633mzurmkz2wnwxt	2.98682394020175	1.77489326696131
did:plc:qyppcbovmpkjztdnivaoiudi	3.90066829929845	1.78486469627177
did:plc:qyrticrk3ovesb34yfzvjtie	4.4850389351699	1.36552111656645
did:plc:qyynmbcv5ulcb3c4vfem3fmg	3.24975677664131	1.54541983848171
did:plc:qz2dwr67b6xy6wikozykdtgm	3.02028473694727	1.42009527541202
did:plc:qz6io5ewghkdndeumrebx5ks	4.44748788527439	1.59024665990062
did:plc:qza6y72kmnigi4xqs2avek2n	4.86681559341668	1.16339196852115
did:plc:qzjrp4tfpdmqvan6s6jhxjij	4.69749433635288	1.56487478907812
did:plc:qznpaouevibinrydlsqdp56w	3.25892116319475	1.53052874860217
did:plc:qzobj7zkxcg2l6qlcnqmuaok	4.78695316907144	1.01205303556611
did:plc:qzs6rhuimfa7egudaignjc23	5.1241704572116	1.35623986576256
did:plc:qzvxvbd3q4wokwrqi4zirw4m	3.97432761384864	1.21358758661906
did:plc:qzx7oacu63hvirtbocwhybmr	3.33754333929211	1.7301817445811
did:plc:qzxaxswztn57hfwajmjesg26	4.09446690384655	1.65982600159421
did:plc:qzzf2qakuh5pwx5fa5kq7c7a	3.09076350676647	1.09119850310521
did:plc:qzzfg3tljwmksgrbum3ijzb6	4.41669340598875	1.46650002205393
did:plc:r22a62dvug4vgkt7thczdeb2	3.36971936796262	1.76314959417745
did:plc:r26ipyjk2qozvdndgcvxqq72	3.24261579882066	1.89760732808085
did:plc:r2ajrhj4oqjmya4475l766o2	4.99168844083095	1.11934557798759
did:plc:r2f5a3ob3ncbnac3fsudjlcm	3.79364469939868	1.28498117562234
did:plc:r2it3244uydevvw7kjhnvglo	4.90581003442512	1.38229830367416
did:plc:r2mkq4c6rfwmrdaq7he4pttv	3.78823516429353	1.30008591226681
did:plc:r2mu6tjwkixmpz6ppwvpgqxh	3.70061198994663	1.57445738525856
did:plc:r2mxa4oxtogbn4dhf53sooyc	4.61832285056194	1.223492545804
did:plc:r2n6niuxazsjiwyspvlbdkcb	4.07535535030917	1.3715298792754
did:plc:r2ousylllimed3tn7lmjnisi	4.51334261928473	1.32460122880711
did:plc:r2qftiyfvtvu4ay3o6taeo5n	3.39130414067688	1.34462660433775
did:plc:r2svavfqlvwsiinbd6tlplxv	4.83616556257411	0.654875476248337
did:plc:r2x7y7flf62aznqk2onpfiec	3.86845990712208	1.47761076063341
did:plc:r2z6xjn5j63lxopegzco4fs5	4.29732278332801	1.44762375200957
did:plc:r2zbicbn2dotlhqk6a5bxevo	3.2852257646333	1.66248006680099
did:plc:r32tmj7xfqvgxakzm5cklqmt	3.67383906669709	1.65214344062581
did:plc:r3altqo4gvyphtaudqkyaazs	4.49089160190629	1.44142611709267
did:plc:r3hwygvvjasts6agep2gkn3z	3.86202894545444	1.45408128100697
did:plc:r3j7bwgoz5hkeskr3p3n4yij	3.46958561342131	1.6333997673738
did:plc:r3tqfs27w64fggqja4lajith	5.66621477427508	1.16866606493547
did:plc:r3wcn6ykvxhoplsmznuesrli	3.94140884618867	1.32722830135966
did:plc:r3wfybcyln7smet4mjotanlj	4.34230687398782	1.34213749427368
did:plc:r47zl6dg2iyaddofjm64oxbu	3.12042181101117	1.47819464945132
did:plc:r4esj3qkx4ydl7l7r5cimfne	4.3909360487312	1.5631141610704
did:plc:r4gniduq32fogoymgvbvrtyd	3.51572128791794	1.57270861266032
did:plc:r4lfcx6ra2dltzsckaqgbem7	3.55245046862968	1.47444077849975
did:plc:r4mikexc3755s5zjemsrourj	3.21373697442803	1.71423668542212
did:plc:r4p67bdohg5kxqjq5qk3hsrq	3.98599842128836	1.42367058938401
did:plc:r4qe6ph5z5bd3snqmeij7wsv	4.46966976000569	1.27887078892823
did:plc:r4u3td3y73j2q4zdgqnxncpc	3.26467707277435	1.89100471089062
did:plc:r4vcbakqw3kvqxap4l3wedah	5.98022673693221	1.07189078119157
did:plc:r4vdn2457t3fsq7iswslkrnh	3.68336573886836	1.59149902178521
did:plc:r4vggzw7tjlte3xgdoilpymv	3.77599355946789	1.25011652930373
did:plc:r4xl2bb2knrs7gihwmulhupt	4.09844752064389	1.05860848360741
did:plc:r4y6pufj344oxq6z35upc5f5	4.057735868523	1.43227464325082
did:plc:r4zo4pfvyzq236z3yd4pnqkb	3.09163413014219	1.5277547991407
did:plc:r5445h3bxhquu5qaugnh55es	3.2118927302915	1.47862320495801
did:plc:r54nt24fx5ioyukgejq7x4ng	3.36149425164386	1.37842239187116
did:plc:r57rfcwcmofvk3sbghd23liw	4.23432565306622	1.35996148162764
did:plc:r5egvoieudo4pj3sk4gmuoef	3.78451812792642	1.61255534738556
did:plc:r5epabawsxv7wo4vj4ypmbxp	3.49053982753292	0.132410540214856
did:plc:r5isy2soj5nx6x7rtzyr5aty	3.76904506033654	1.26013798350221
did:plc:r5jpgzjeqtb6otex722rvlke	3.48535892253564	1.43581316856384
did:plc:r5pdmqkfummotzz7vssxc7jf	3.69605654507462	2.36145210776538
did:plc:r5yuomfhnj33izejkvacsbtu	4.56856847015658	1.21746378142242
did:plc:r5z4s2iqckgbrffmfcolhocm	4.27158845498211	1.4774963855019
did:plc:r632gntzz7nkj7svjmubdx5q	3.50161821670825	1.48684824873945
did:plc:r67gztmj7l5twgzjfyaqbeur	3.37563188679658	1.34040905659427
did:plc:r6f6ptiinzbmzhtj2sgzcb4n	4.61914104075748	1.60379216139574
did:plc:r6g7f47cxgpmrcf4sducgig4	4.76652813978153	1.14899636004398
did:plc:r6ifgea6exjgqxjnb6socrr2	4.27361712381515	1.5187149557077
did:plc:r6izqhxk7ilxwimfc3posyci	3.60047629754942	1.81653035963901
did:plc:r6mchvmavwtljzebjiulhuaz	3.11594382098218	2.03087696770452
did:plc:r6nflq44tfmhj6pcviu3vajk	4.63871712801046	1.22431232159928
did:plc:r6qvialf7raf66rb2q56islx	2.36591320718195	1.27401017099131
did:plc:r6slxknrwkl3i6kqnulzzgrt	4.17368171317537	1.44567383090043
did:plc:r6u5xvqrjdpmv5jqtnl5cmx6	3.95467819138958	1.77020958668495
did:plc:r6uwrwiv2aeaaxiodg23s3lc	3.25181690148954	1.75693668501282
did:plc:r6wxzh5hkti7iqfhsw4mrp5n	4.63095760166298	1.58858150632671
did:plc:r6z6w77yipjds5u2se3miu2t	5.2205248406663	0.970603794610344
did:plc:r74tk76lgg5cncfkvnd6ozc3	2.91459239757671	1.58998452571203
did:plc:r75rozb4unolo6a7sdkko6ve	4.84331451391016	1.27984415539888
did:plc:r775bctfyn7rv7fyidkhyn2t	2.8451056989864	1.6683860620946
did:plc:r7a6zoatnls2fdrmo6oas4lm	5.5587899737396	0.954563460432033
did:plc:r7d7ohwjtgwb63t6md34jqpo	3.7661264406054	1.55497692730189
did:plc:r7jbx6mo3br7l6xl7gxerulc	3.50549527344636	1.13227174642651
did:plc:r7laald6k64qhesd5rcbgd5f	4.28482341399353	1.52374236748808
did:plc:r7nl4n2na5os3rq7igh7u5ik	4.4247320959043	1.54809551005111
did:plc:r7ntgfjber4vkpyfts3so6y4	4.34454815540058	1.60050809006962
did:plc:r7oztix36ut2lq57m4irkrr4	3.06557082154393	0.489461367704213
did:plc:r7pggcrfx6j3u6vsun7v4dy4	2.8151519901994	1.66186581532819
did:plc:r7sxtpmb52doykm6jeszcief	4.18470034037238	1.41914906727683
did:plc:r7ul7zs3an3h6yjuupdmzcsb	4.30537682463967	1.54558304189648
did:plc:r7urodtynuzw442vp4b7ydt6	5.5179245875523	1.2045415451707
did:plc:r7ywu4mkg6vvalazs5nkeoqt	4.24048207744101	1.33731151724936
did:plc:raablndljezj7zgfu4asaq4e	6.13312448798867	0.546154354237849
did:plc:rab67p4wlac3tlho4vcxriv6	4.97557907471939	1.1234692214804
did:plc:rakxqbd6mdodoe3g3khygiya	4.21189892681746	1.67992774219568
did:plc:raq4yjwb5dmlarwykf74gdo4	3.58049280022432	1.27706440137348
did:plc:raqsuik534pd4ebocqo6brvi	3.03474868662066	1.75352891958214
did:plc:rawruyiiceagovcp4vqzjm6g	3.83763052747897	1.48284158420942
did:plc:rb5eyqmndrw2bkepna5uaswk	4.61138403812628	1.56086695184235
did:plc:rb5iojnazwuhhij22zubw2kq	4.15385420187669	1.21970487706662
did:plc:rbaxyiz3e55if3edho3gx2vv	4.3773327604266	1.4568733653269
did:plc:rbcggf42qt6qjwcm74ky6cef	3.35060992048916	1.39178116947255
did:plc:rbdegnbodpv2kalgxygsm2ao	4.5458532286434	1.1183098042611
did:plc:rbdmhslskcnl2meijykf33gt	4.58317771991424	1.33141578946756
did:plc:rbjazbpaw6qh3j6dkfo6tmfm	1.00353669286144	0.298868134067416
did:plc:rblfdwsobdstbprnporxbvhd	3.40352375149385	1.73372897283836
did:plc:rbosnxowoi3r3o4fwupmjg5m	4.06921309908573	1.54608485698883
did:plc:rbs6pvtczhqywnp733jlngzo	4.09760180273673	1.56472505331565
did:plc:rbxw6awszl6fptz3o44scqxz	4.10629122515773	1.27130916775339
did:plc:rbzuwte7cvwolnatntux2qro	3.19693088156322	2.01223478793368
did:plc:rc3z5htomszfl42o4pdtvmms	4.42503863141495	1.26672471167474
did:plc:rc5gj37w3impx5puv6j2jtzs	4.41497788073901	1.52719896485347
did:plc:rc6vtoowos3wiqkrpbhfs4sv	4.50028535835075	1.47179037530076
did:plc:rcbpayz7jwcnzdqhygabmjee	4.50413999004947	1.40950741745232
did:plc:rccfeavytfmgyynlfz27j6a4	4.23383744849969	1.63363769807867
did:plc:rcchuevb6qypj4as3licvabk	3.20982852381034	1.92132780375731
did:plc:rcekpqpt5twpyuo6jdr6flwb	4.14985423528988	1.58624122336978
did:plc:rcgrkfgh55jxcbsejzkzexv7	4.37259821294164	1.88905632033807
did:plc:rchvifkkc7opm6oei5ia7xtg	4.61878966375312	1.24667834155799
did:plc:rcl6cg7ngdikujk2vjngs6ic	4.3543205822801	1.24347384602843
did:plc:rclshdc3mkydhrsrbbdnhc6p	3.93189518692397	1.5278712446624
did:plc:rcnuqnxkm2gumdt5txqbwasp	4.52388553401377	1.86098785489749
did:plc:rcpkmtlbeylcr2ozcluspmmu	3.90432826566211	1.6655458487236
did:plc:rcppuszfso5nele6bblktgab	2.62092640724335	1.38354720593849
did:plc:rcrygfr57rhiaaeet2snrwnc	4.08362327730236	1.47654977985339
did:plc:rcsnp6rvhysz4o6pejof3ydi	4.92797498845511	1.25917118535321
did:plc:rcu3cl7urw4o55h5p56nbder	4.25688081164191	1.60126768461072
did:plc:rcuxszuj2h2hiylvm64ehe75	3.89456126691563	1.24463818119468
did:plc:rcxtlghvpbk2gmteugcwaegh	5.08154680523453	0.977819173231682
did:plc:rcxxbifdzl5zhiriqghjjids	3.41781469555095	1.96532093116274
did:plc:rd2t2hxlkdvamoh5cvmzwlo5	4.39094677050267	1.30857491457586
did:plc:rd4nlvsfwrhmm6ydoizxd3rx	4.11555845525148	1.49765058015877
did:plc:rd57oupvstx73d75mapghmqk	3.28257589635616	2.03350853612238
did:plc:rd5jowm5npkks22mhfpp575a	4.17061869168241	1.3509812136283
did:plc:rdc64hg3ba3zxcgoqcol5gtl	4.24435054055528	1.24166569526064
did:plc:rddfmpbzsb3vlmf4txcr5rin	5.6090046674983	0.966441765895681
did:plc:rdgoc7l5hl44jt5firn2md6c	3.76590202905071	2.24938121426386
did:plc:rdmoae47apwbkh2jhaovarnj	3.27178814421028	1.25956334294173
did:plc:rdqkaxqrzatyakwqiplgkyzk	3.86250272389787	1.37067224308033
did:plc:rdr55fxq5ihqgfj5t3edzuun	3.91519649061344	1.23207329737909
did:plc:re33jksr5zznooqklnlspzbq	4.0586078850808	1.80642104085759
did:plc:re7o3oejelp4qylzti4byfvw	4.15661192694389	1.40224345409253
did:plc:reambslkc6pi5byfmrwi25by	4.24116037297166	1.51274615846178
did:plc:recpktiu66kctvt27hvefwmu	4.42626986349815	1.5419709160316
did:plc:reinr43rd6i6mivwai7piztd	5.55275917000674	0.702526404975464
did:plc:renimcjhei6qmt2wuuhhg5if	5.00126466919739	1.35754575799564
did:plc:rer7klqbldxi6byzt32rdlcq	3.5429974646995	1.52790862471011
did:plc:retuwy7g6bwtntdbahhzjlgj	1.34866429555403	0.7632402977271
did:plc:reu3ngqg5lt4mtmrvg22xj7g	1.33154734466324	0.630497065047293
did:plc:revwjjwfx3s6a22lhkpwgp4m	3.46281783244789	1.25566828605585
did:plc:reyeqz3ctlsi4lt6z7zpuhjx	4.50876603151848	1.36438216675782
did:plc:rf3j5atvgtjhmevgzs4u4p3b	4.04638346606751	1.23538468668533
did:plc:rfdeezedtge5yet6eufxfnpk	3.32881850026294	1.36506996715437
did:plc:rfdeqpyjywyippb6lfo7v6x5	4.3309558971526	0.892576206105719
did:plc:rfe2yjdcjkahouwjcbuoltuq	3.97818848347352	1.47546074304565
did:plc:rfefcappa4tpczl6en4yov7z	5.04222444101026	1.13001166978589
did:plc:rff2at6zu6wwxhtpinokeig5	4.43114760521587	1.55837234346885
did:plc:rffg6favvvsksx5bxwfapr6g	4.56983310606837	1.3691943788412
did:plc:rffp2adb3kq5hx4jxujfgrvw	3.30192813086224	1.69629153865425
did:plc:rfgeggd3gbahyfxa65w5mhr2	2.95639891360897	1.27324780238291
did:plc:rfhd6ctsgmrab4y7s2oesk4w	3.44118590846354	2.19925106246977
did:plc:rfiftdwgbmmupdwttlomr4i6	4.31309752710432	1.45427570733517
did:plc:rfipyypcv6s7i37m5dfmtxbm	4.38896458565887	0.949589816468061
did:plc:rfjeuov2scrqclhz7yheecrb	4.45070565296922	1.6010584089992
did:plc:rfmhz336jsge2ejagustzvw2	4.39978565359898	1.4163259038833
did:plc:rfmyn2klmlf45z3ykw7zzltq	4.07206208166631	1.11025124327599
did:plc:rfok3zsflisvsdkd7wxcgz3l	5.25444612455051	1.10163293913577
did:plc:rfoq64vrowvkrwswkrt7swny	3.67199601715288	1.59838441069377
did:plc:rfpwjv63yjzq2p7fsmnrsjwz	3.91666189608593	1.6208512279297
did:plc:rfsvzswiu2an3xsxq45w2k3u	4.54354649118086	1.27803996927175
did:plc:rfszgejtukbchjuh67fzgome	3.35424849240919	1.73305441343661
did:plc:rfxgwh2trifs7waqx4vc3wc5	5.4702345068389	1.35832156691189
did:plc:rfyqcdsnioxi6suiexvnvxxm	2.47357641023599	1.48190921142363
did:plc:rfzbpfcevtpobo3kwzlajh2s	3.60534500705242	1.53832790423922
did:plc:rg5edaj3i4lehupxudz5er36	3.62461041776705	1.40694525770645
did:plc:rg6chhijpq6pxa4nmyqrl7ov	5.37749602950589	1.09089795492647
did:plc:rgcvummyirva5r7qxi4wckt3	3.49871750173211	1.63672295304103
did:plc:rgi64tur67u4cfn3p4bxzb2u	3.74380435257169	1.84848241701819
did:plc:rgismhpuwworit43mj5fzx4o	4.15587777532098	1.50787799936079
did:plc:rgs6y7yiulcaz4yedmhn57oe	4.7651430730883	1.71537845385228
did:plc:rgton2d3ktov75va6bvznuxe	3.74785811252131	1.79397008750671
did:plc:rgvdhr63fvgefznvecg55obp	3.86157341849992	1.45010652805803
did:plc:rh5iudtfpoje6p673iehwhrc	3.45999844456927	1.04111155888626
did:plc:rh5wzimrsum67nhxv4zh7qbj	3.38814700495994	1.32440257189649
did:plc:rh7jkuuf5r6lqhm7e75rwqxe	3.60642519367508	1.40247713267123
did:plc:rhd5xyq3ljtgf3qy2tzm53fl	3.75973127634794	1.58103100595886
did:plc:rhdramrdlpskeewavbzvwsiz	1.41044245735969	0.749672477665182
did:plc:rhdxpk6gpd4hac6glzcilb7l	5.47069005021795	1.25596704878586
did:plc:rhg2x5mtnsj6xaznl2l7hnpi	5.41142574889485	0.886840916971893
did:plc:rhiy6fqvgk7qcotak3iborf4	5.01863488317406	0.754727990826797
did:plc:rhktvsb4ggwybdnhqqq46nen	4.19181109405584	1.8839530029269
did:plc:rhqcho2dt62my4pqfydvfety	2.93638576200348	1.58793824296786
did:plc:rhqvs7h2tsujylgwkcgmjwhg	5.71526360548294	1.20122233775049
did:plc:rhsbjtxf4cc4hi73lfw3jakc	3.86858106795656	1.3757670110155
did:plc:rhsiylfxv6oo7zlm6zihntt6	3.68014666771585	1.92661937773786
did:plc:rhth7uquiukiuqhesebfwbw5	4.84488832147759	1.3669723264469
did:plc:rhum3hwpreu4bygbdqvofs37	3.78030494957966	1.62821602775312
did:plc:rhx77c45ebm35bkp6hp7bnjj	4.48611163128047	1.49444692225958
did:plc:ri6hb52osl4ty6b5nkgpzesn	3.586843526653	1.23693858802424
did:plc:ri7nqqmxg3fdzfe55rfnn6qv	5.49604129094595	1.31652047619952
did:plc:rid257izzs6jnb3th35dkm5k	3.15054133495546	1.73263201876433
did:plc:riwpmwlddx5jvhs42mnauagd	3.49075524174336	2.10180556151575
did:plc:rj7sphb3g7r2bbdclow4hdut	6.25825155802488	1.09379263892865
did:plc:rjj4wcqolbz3dmdvbjfovrop	4.97858922862722	1.7726670341389
did:plc:rjnkytfzk5bjq4rfu3ull4tq	5.05846277349283	1.88839072470193
did:plc:rjybeyhzgisypvosjy4r2kve	3.93066766673142	1.31174067592087
did:plc:rk27qedfgwvqxvvuazwao3wg	4.2197162389509	1.25905259042002
did:plc:rk33rcdqtcalxs7plcwczjbe	4.58950279661043	1.44449673750368
did:plc:rk3qbu3i3bvvxxreoqvg2dv4	4.46720154687466	1.60695324166009
did:plc:rkb5yzyone3pjwiluijlgaud	4.30881500970324	1.18700466425513
did:plc:rkdzmtwiszwu75j2ztp42iro	4.15976388636928	1.57258139998626
did:plc:rkg2a5lojuzv7fojokaugyrp	3.12620949354093	1.94552677818709
did:plc:rkjwv3p3w3zzwbo3hm6txpjs	2.85725986423809	1.84889261936947
did:plc:rkkxvrtkrryjlbennalmuswe	3.65737110820446	1.05682510827434
did:plc:rkzocqkug47q5vbr7ucoz4jq	3.66283791271746	1.50457511842252
did:plc:rl23wiab2zj6skiavhovlfnn	4.07893924291723	1.90267227452093
did:plc:rl2zkz3ajp6kkxpqa6rpgocf	3.40425030019306	1.59291657717498
did:plc:rl7hggimdoxw44cbh4esz537	5.11193843599565	1.27794007880672
did:plc:rlgjtzlh4ay76xctxwtb56ph	3.03856053839563	1.88672381907033
did:plc:rllox5r3p3psi335g3dffola	2.99186463093594	1.38919092492372
did:plc:rlnixxzckyrtmex3rkcr75vc	4.02763317866283	1.24916099744896
did:plc:rlrf4g77rfjxk7x5xw4x53pd	5.30859845168798	1.47619062416267
did:plc:rluqkya762vzgefffju3th46	3.73275726415603	1.51876017039428
did:plc:rlwgsfk4aa6mmwmgxefy3kw2	3.64902190922095	1.56720532348959
did:plc:rlwz42m75rsywxxfs3jp6b67	3.60228237750956	1.71087269072479
did:plc:rm32m7qnfcamp3odofchmq2h	4.21390028828834	2.04076392973119
did:plc:rm4fbwohi2amwl4nthd4qq2i	4.44286837934859	1.24441969076975
did:plc:rm53q3nxn4brvpqubllrblz5	4.8720365405791	1.51314869092353
did:plc:rm6jz3k3gq7lkoszfjg2cdiv	3.87398344663582	1.75488517177106
did:plc:rma43haq43geiczdcu2377s2	3.62384411653286	1.25717876641422
did:plc:rmf5ohmacywknrexhfg2fscb	3.76619362226297	1.38554739229135
did:plc:rmibs2geiwxzujwdx7fgsld5	5.38529229788086	1.06008212545925
did:plc:rmmpfpopcdwrad7isnb2kp6z	3.06000537838123	1.40533751024973
did:plc:rmtcruqdarzyifeh2svyjjiz	3.80815009861678	1.70741297371656
did:plc:rmu6tyoxa3elbvf6askspzot	2.86113571857956	1.63131597693117
did:plc:rmux3td5vqrud3jcijzdeywd	3.90254078142239	1.47677688209435
did:plc:rmwb2eivxpcver26ueawtxcn	3.89483737793684	1.31878711167109
did:plc:rn27vv66k774rse3ypm3uplk	3.48854025646112	1.62358976164799
did:plc:rn4ki4wroiqh75oshpjuwyac	4.27419833449844	1.47222161659466
did:plc:rnavld64nxsltbab556psso7	3.28492342488967	1.31315119186687
did:plc:rnb2jersiy72uadqox2ujjod	5.87593681763478	1.02502108466651
did:plc:rnbly6u3uozubsqiyh7e42lo	3.65034472816588	1.49150084070009
did:plc:rnfkxnmoumgrfomuv4267kjq	4.75637620296695	1.64629698983992
did:plc:rngbowpqfhrpuyiklhflrvcs	3.62506065121618	1.50753095606978
did:plc:rngqd3233a6dpuymwzdg5and	5.76419862071054	1.01113221345192
did:plc:rnte3papbezkwluzjiz6vcon	4.16725312964072	1.39870475166974
did:plc:rnxnmnzobqv7523szt3xdin2	2.97094350112799	1.19975277154743
did:plc:ro2abr6b6pgxbll6jaixhmaj	5.61253256643684	1.14489010545226
did:plc:ro2vftrnxyc5ryssmrgi2iek	4.45983803055241	1.12697178030942
did:plc:roa6r4catvbhubvvwj2jvcjs	4.76369902399143	1.84731067712939
did:plc:roaqv3tsf34holfejfhiblcx	3.54932822491322	1.26564583818918
did:plc:roex4lj244qpjvwkyptuzzzj	3.92456889906782	1.53553573632656
did:plc:rogwyqapnjceco7znvlcmrkv	4.05482275607678	1.2029400913518
did:plc:romdmokl3ya6ve6naadaaqrd	4.52935989408629	1.3400615411339
did:plc:rosnbn35eawq5dqesyvgameq	4.03089804550999	1.46893220094293
did:plc:rosveb2pkxsom7xnzaxaabrm	4.26330634446839	1.81060470981085
did:plc:roswlquys4yw6qcfhckvgny4	4.84256346600378	1.72027860629621
did:plc:rouphx55ryvm76rs4bnvn2i7	3.52981100771958	1.42930724578074
did:plc:rovs7k35giv42zqnwan5gup7	4.20391790890533	1.67234114571228
did:plc:rozmkp7azhgm26c6ozxc2ycx	5.81481513621024	1.20936478393493
did:plc:rp4d7t4cx6ev7wlh627lymkz	3.50538941096223	1.51040317063998
did:plc:rp4j23mvesuefo2c44tbb2cw	3.11310214147557	1.44207870807551
did:plc:rp776pa4humuh43gydg27lks	4.38710617176167	1.365456197684
did:plc:rpal7xzjujzqhvsrwwlvawka	3.23130558782756	1.63979306810369
did:plc:rpkclllal3jd3htd4glzbo3m	3.27211170921308	1.69288596364848
did:plc:rplwcdmdckqlkvwxlipkrryr	2.42379519959222	1.23497453394574
did:plc:rpo3jma2fsve3b4zhwbw3zow	4.17092889896588	1.51123431503882
did:plc:rpp72ktmeckdeizkshaig3ye	3.73880546352054	1.37284467810662
did:plc:rpraomxl4qbdazg322vwsno4	3.69677240010929	1.21055893953528
did:plc:rpwhs3m3kx6m2wre53x7uubf	3.46292988737612	1.60627683544569
did:plc:rpy2xvbrr76wksplptwrovb5	4.03700609674716	1.15399334175733
did:plc:rq5hdd4vlqgvn76rsn3s6vx6	3.34801035869347	1.51660593704862
did:plc:rq7hdybnbcpktfonuozht4c6	5.83618190650925	0.910975556267068
did:plc:rq7htckfl3w7dsloulm5tod6	4.0663311049104	1.51715447456848
did:plc:rq7nmdzxz7lmwdfpbxjncici	3.62636980519456	1.20849387080962
did:plc:rqccuswwg5w3pabmfli6rwxy	3.38700298461075	1.88068810140225
did:plc:rqfx4jksya7en3othupjroyj	3.41573891753049	1.63138921017062
did:plc:rqguygsoelhyqast3w6nocn3	3.52036476449266	0.763057092756912
did:plc:rqlip4xftasfafvpcusqwljj	3.64023073365768	1.49217542998758
did:plc:rqoo4zqp622jll4jmqlrkeed	4.41759692659835	1.3487481736553
did:plc:rquji5pypzyabe63i6tnsewe	5.04039800163211	1.27408015075771
did:plc:rqvselz5tjylqczdv22s5ed2	4.12662942524384	1.47103725800401
did:plc:rqwzhjtwd47tuct6npz7lbot	4.38798089141361	1.24488671678809
did:plc:rqzgjazdxvdrvezkoezaozwp	4.49097687189714	1.33497791542283
did:plc:rr377eptx3d5b2kapjhq52c2	4.34977618294248	1.3216193159266
did:plc:rr3ps4yatmulfyuv3hriyi75	2.95171026943004	1.19215027250725
did:plc:rr3zitwknv2inp2lpzg4w2fn	4.38344884700898	1.1863257479474
did:plc:rr4qzudp32kghuh4cvhwkavi	4.42181785872755	1.38129908399346
did:plc:rr4rnq5w5d3rtq65c5jj5eyc	4.21023101104024	1.29020341758294
did:plc:rrcgkyncfrlu6higpx4ihstl	5.15352571630976	1.11987838417611
did:plc:rrfpus3laviu4pdrynyjgpdz	5.40062343252088	1.34869764861557
did:plc:rripwdxpgwfjtuixzmjduoju	3.32073678193578	2.0379924290415
did:plc:rrnkf36hgdkkwpnqjmnpnc25	4.17437560718676	1.26738940047896
did:plc:rrzezrylvpjdsaxjmptqhxe4	2.8613147709487	1.48900899877519
did:plc:rs62taiiigjdtdzyt3awmboy	3.6066108884468	1.72229408840468
did:plc:rs6pegf7cbcdggs53ff2m6gq	4.02761889612614	1.32346818841917
did:plc:rsagqxoqd34ccmetrvgwqwc5	5.21676774093419	0.906505454401006
did:plc:rscouhvor22ngh47mkt7e5qk	4.62939622131901	1.22736763454482
did:plc:rsdx7x26zl6ttvhfpogca76d	4.28407155300495	1.29829110700952
did:plc:rsf3uz76efulgqzxonszza3v	4.77086145738553	1.21418040936757
did:plc:rsfnj4meutge4jevw52b45z7	3.35594617437493	1.76007749707783
did:plc:rsfz3w3w5id4f5ptffu4pwwv	2.65132578639601	0.656278045068651
did:plc:rsgoxlrsyziy7xs23bh2olqm	3.37511427541779	1.59417551612258
did:plc:rshp3gbm4pf6ytnvdqhx5alj	3.94528978360034	1.3904836686268
did:plc:rstzz3g6rkxubiebaustm7xg	5.60221245900274	0.974918644568177
did:plc:rsv42trlhcuddx4ji3h275mb	2.80423771610465	1.70323064257999
did:plc:rsvlzqozrhbqotxjntrn5ltr	2.75397591008697	1.61576363121037
did:plc:rszz2gdbqwkcugtwcnhd3mc5	4.40477705090026	1.30614143145128
did:plc:rt35g36etasxc6mf73x7kwll	3.78983404752683	1.7709937063689
did:plc:rt6isv6avravj3p3yh73lmc2	4.65858468063693	1.2755922352152
did:plc:rtgrc3ihlcninba7czop3glx	3.12516531252544	1.29628655248789
did:plc:rtnnn2diopot65zelzotf6fl	4.38097794230947	1.35155481520758
did:plc:rtoiv6jwbtawodfkoa4bdewz	4.79054966587297	1.61924003344316
did:plc:rtrbzj4jajbmwi4gsww5ss6c	4.39509343066273	1.33621837128794
did:plc:rtsc2vlwiq3i3kapoep2tczy	4.66799036904576	0.894457714570031
did:plc:rttqiqwkncba6cmhme6npgeu	4.14476040179861	1.50387088344676
did:plc:rtupbv3srpd4dkxagkovpab7	3.18688701426329	1.97361435998395
did:plc:rtvbxlt7ofja6tbdghq4nhhw	3.33216594831877	1.6029030954948
did:plc:rtxwwr4hdneqsvi3mfyjude2	2.28613373289202	1.35395387644913
did:plc:ru373ebjyhb6cpw2wbrcadmn	3.52670721856099	1.81788758465887
did:plc:ru4tfg3ztrykggzfxqk2zixx	3.89197494799219	1.46525303940896
did:plc:ru5zioxqfv6fctxyl45qqcj7	2.86868303306604	1.49715907666233
did:plc:ruavkwxllprsziajn4jfbyex	4.24581331208107	1.30198361083708
did:plc:rubp4libo5pn6utqcumvmug3	3.66444972542394	1.70967185233775
did:plc:ruc5ll7mxgowaoumlyi3khyq	4.83354632414463	1.10810770571345
did:plc:ruda6czafiaf5duad6gtglru	5.36781883607973	0.971984163648255
did:plc:ruljvlo7g6i5di6es2x6ret6	3.77708146410878	1.62319960346875
did:plc:rus4rrwbolormi67f6zdaupa	4.21804173063122	1.29171319197877
did:plc:russk4ajkjhulyjlrxovyqct	3.03170006095127	1.47595835551477
did:plc:ruvt3p23pbyruyfqsy6voqug	3.42484572715633	1.57484662635727
did:plc:ruyzjx5jvv7dbgkhgp5c2yrb	5.73731751250442	1.21819519743083
did:plc:ruzmna4pzc4us6sgyvcmok7x	3.81074525201666	1.49734140686235
did:plc:rv3mhjarzi7wvk7h7lsicp5x	5.04043173280798	1.04093857330242
did:plc:rv6rtjer2sfsbyqpjytho6nc	3.33742512246595	1.32064091627321
did:plc:rvc64kdolfhmefwrfooodqye	3.80377791242311	1.54712093102817
did:plc:rvdhtkan7u4pbow2es6mzhe3	5.14405296389618	0.9443950069557
did:plc:rvk72ikngvdmdydje22wpose	3.6641257540308	1.83200565051035
did:plc:rvsjxc3qtnh7vsgwyummu43n	4.76820604951709	1.68940014098956
did:plc:rvt4aqbntkc66tcp2ickjyqs	3.31644664291079	1.47303818792456
did:plc:rvxsw2jtyf5kvoevlj6l22vk	5.55129344635235	1.25729813414328
did:plc:rvy2kvlxdbsbceqpalunu43n	3.56839989957092	1.56115683357727
did:plc:rw2lw62jlek3qzli5jewancs	2.61854448740213	1.68791000896617
did:plc:rwdg4udlbabtdmx72vgekq4f	4.88479586647547	1.19332482354423
did:plc:rwdyvavadyibmwfjcyhemppp	3.13467905142051	1.83692293108627
did:plc:rwgvi7nyn4owghapyj5viqh4	2.99457010852319	1.88448714035268
did:plc:rwiadjljlmhz3jt6c7hire3x	3.90636146591175	1.20225039300795
did:plc:rwj22cr5hdvj3cm7kzkhs43l	4.98221595310182	1.31722722031607
did:plc:rwj7uiehyfaoqguqorwryqmp	2.57842567560005	0.659318039018801
did:plc:rwlwbyy4bwqwswvmbpggldne	3.94928843943108	1.34664277519468
did:plc:rwm7m7wftu3phs6lybvceabl	4.82724330787399	1.18482397971526
did:plc:rwq2caqrp3t2rmk6h6ozmmqp	3.87626306723206	1.5139824797504
did:plc:rwtelatjxhviw3asm6hrlsow	3.35850880556437	1.62191586345562
did:plc:rwtg5m6v4qijc2v6siduh362	4.10570882482152	1.51314992025374
did:plc:rwuqizds4m5nwuvmnhgbriol	3.10685093647984	0.574831186296954
did:plc:rwy6jmdncsttq35fgbblsk64	3.76731511851347	1.95738972582764
did:plc:rwzno44kh75eacuncchfheus	3.81603178114482	1.78850473277121
did:plc:rx3gyk5rkxy53tavkfk4opru	5.14574939066366	0.77727867389389
did:plc:rx3ts6apdue6tyufkzxsioqp	3.98157493793982	1.68753475911233
did:plc:rx3ugpcjdr7mtactbitfz5hs	3.93308511347762	1.73699237416369
did:plc:rx3yr7vgpxshx4yfuaapon73	3.77306360228048	1.62391169990906
did:plc:rx4v3wcnkzz34xip2uorxhc3	3.41962875451859	1.51009141922196
did:plc:rx5gfjayrrw2l27sz6gingst	3.01756413964655	1.50502145162048
did:plc:rxa6ikgetmq3eq5iysvw7wdp	5.62303815842395	1.39304511737831
did:plc:rxdenqg4y5czymyrjxdp2erp	4.71328582716797	1.3298459988128
did:plc:rxihcxhw3sdtu5gb3mjh23do	4.29709243833164	1.21273217627648
did:plc:rxlropc6sskbuwb2exbkbj7m	3.42140686147397	1.55598677439576
did:plc:rxtdfqaxqgtzbfbfmzkrni77	3.65605919344236	1.80771448094718
did:plc:rxzk3xsi4qewnu7yrl6ugyrh	5.35739620720596	0.384320623383714
did:plc:ry4f3uirzyfj456j55vsdlg2	4.1136968753834	1.36376153030639
did:plc:rybvhb4uesxmrglb7r4nyhpm	4.2055009763992	1.56230255844148
did:plc:ryhxqm6n3c4uu4zetqycmiuq	4.80479271568122	1.25884734024848
did:plc:rykdttqe5iqmoa33udmb2dp6	3.86821239841573	1.20937525177316
did:plc:ryrhahrs3xi42xpdslekg7fo	4.15823324536795	1.39818404451669
did:plc:ryrpd7ybekqqkkwebkudxlff	3.77961042369256	1.20567509427881
did:plc:rywgobiavzwyywpmf63cheit	3.57958668321365	1.62689567637226
did:plc:ryx4mbw2d2aqgqrrsyzwhvnm	4.02365454225457	1.82607277360501
did:plc:ryxnmgzc5ewz7nstig7ifzp4	3.21253668303264	1.85475545214118
did:plc:ryz7lbzx7yeegtm6ff4buf6z	2.98346431465261	1.62085474885294
did:plc:ryza33kwhh6myt6mzgdebjcj	3.27393418367468	1.42999269819617
did:plc:rz42ugglaslecnlpgmuz6qxs	3.78201183899924	1.10478222779958
did:plc:rz66ysmb5kkt72wbjowxvqfr	3.65624010803689	1.71228660256842
did:plc:rzaaauge4ugoamdfhzwa6zyx	3.00281201496287	1.79810520115897
did:plc:rzd3xshllophx6ml6kaanfzw	5.30360933675915	1.21396806956945
did:plc:rzeldxi4pe24uahas3z65wnp	3.59822567776731	1.79751817713099
did:plc:rzfpwsykww5bwdls3oc3eqva	5.55284773430831	1.05352187910514
did:plc:rzjfvlaznyagk3zmr62bfrhc	4.46505275018352	1.39258385072616
did:plc:rzktawzxji2e27qfa4it2u2p	3.28692175282101	2.05308560299884
did:plc:rzljwp5qpdak4fllnnoma7a6	3.38108632766936	1.33114107105187
did:plc:rzll6cz3kgmf2nbah3ubzhyb	5.3039417097795	1.29099940099168
did:plc:rzm7br4ynxey5sbynxbi4tzu	3.73592938823699	1.38587182522721
did:plc:rzpkurtt7tj5gvlg2si55jey	3.70812812003597	1.98017873590372
did:plc:rzriiyt3za66vcfugfnsfwbi	4.82855587262646	1.2505470856918
did:plc:rzrmjvcrafaw32x6pzlwp5pf	3.96120264214369	1.54516654124371
did:plc:rzs46ypoqvpnf3nwm72xyoqk	4.00377987739331	1.06648039994724
did:plc:rztmkhh2uod7dovdpcuqqhtv	1.43392652557631	0.500644550182308
did:plc:rzwvmv6ztsi5nn3tce2lb2u4	3.06403041319506	1.23293269839277
did:plc:rzxcrh42jtnfq4i5hhpd5ij7	5.08292552626711	1.50901461488088
did:plc:rzxlmax4eqap2p6hjq6teqwt	3.30620421950578	1.0056007924687
did:plc:s22kga4a56jyzx2uhv26jhia	4.77290687523455	1.84205247178799
did:plc:s275ayhgd5iyfetml6ghsckk	3.57935258117334	1.40469375941306
did:plc:s27txl63uynhulzdyyei7ug7	5.22295005128783	1.09302501566969
did:plc:s2eipkn5ktmzcl3rocdl7p7z	4.10488952327766	0.634265222542177
did:plc:s2fcchdwta52bu24fe3oirxb	3.48854030904776	1.13719221246555
did:plc:s2ivji57nueki5psqxy5lvb7	3.85834608476463	1.48450953850211
did:plc:s2lchyditqzlmskaw6jvgf2c	4.52637027306337	1.6243048225896
did:plc:s2nlwopyi437eaibepxsq4bx	3.04227145122099	1.56573377170597
did:plc:s2qkjh4ix5usige5g6jxboel	2.75315358294878	1.51209256278511
did:plc:s2xb7wxi57aljuu6teq5zwlw	3.5727285775745	1.69646645813416
did:plc:s2yxgvyuijyexwqj7mpsq2no	5.1770171383153	1.11894512674215
did:plc:s35geyvnfvqb4unukix7az7c	2.93390760182759	1.51055101978586
did:plc:s36q3s7z2sri2dj27pkltij2	3.67274244275209	1.41982659338472
did:plc:s3egtmzlh5bv4cucy44neper	3.82487201512927	0.893632871934447
did:plc:s3gytuckvaashybl247oxrnz	4.12269440639116	1.71768087894538
did:plc:s3jnl7pemcsgrnkfzu5d7lmq	4.70235551184813	1.39794204092486
did:plc:s3jz4hlr2l7ia7r7uupjm32x	4.35635086926429	1.37590214229448
did:plc:s3lcgmxth2773nhq2k5mz45m	4.41998500943952	1.3813234448157
did:plc:s3ltzdikbkcrfuqst5lhk3vu	5.17881470219264	1.11662134469851
did:plc:s3urx6k5kpi2zxfirmrqktqm	2.54118384366613	1.58228694142497
did:plc:s3wueitdnmfjz3gvizbfafv5	5.10886623609617	1.16626077151713
did:plc:s44eqmnhdunpqtvioh2uy6uo	4.31839575111254	1.40626553981394
did:plc:s44v63xggopfysiqpnyaip7p	4.63404969919721	1.36963205374952
did:plc:s4fp2ilvj7tfl4qnnxxhcbgq	4.98490681551221	0.967557057163628
did:plc:s4fvi343cre2krff5sax2mug	5.01819426061266	1.11802030437591
did:plc:s4hxlgxuyqavvqtpc3qqkwar	4.17084300057204	1.55917507859907
did:plc:s4igz3r3mm3ptayztxyabjkr	5.38110179308462	1.29575958670425
did:plc:s4ra73bs2mjz2dl6zbb5ebgl	3.78071785520677	1.44147365428925
did:plc:s4ssxzk5f7mwd45e7psz4aau	3.94085029195967	1.89383946462328
did:plc:s4wyoy3piv5zhkynm5d5ejp5	3.85849670523766	1.33124547137933
did:plc:s4yiskczubtrbn6ugt4lniwn	4.41765804500137	1.08350037433377
did:plc:s4zd5yncdc7ggpimabncg52k	4.13228348878911	1.37394709671256
did:plc:s524k4adfulxc6xids64dikq	3.21344607086648	1.08595767819638
did:plc:s52olxukbzolhiryck6tzcng	4.7419317165183	1.34114191325688
did:plc:s52rcs4sir6g2oq5nd4hf2b5	4.56528616423111	0.987623808840964
did:plc:s54q35fv4aawb3nyyoa2ldgw	4.05410404130618	1.47583124777985
did:plc:s5j4xrzfjhdf4quk3sjsniaj	3.84233234743428	1.50414545437297
did:plc:s5l3xzs5s6syai5fzvb6xvde	3.77677591504608	1.65234571299101
did:plc:s5olufv2fb6akt4ohz2uiydn	3.63253915761076	1.46054477660885
did:plc:s5psjc7ho4uzy6xbjczt7kzi	3.66842299759802	1.57073983442631
did:plc:s5qngq7q2a2ewab23aw5jwhn	3.65922531528447	1.67824315411207
did:plc:s5roichvnon7ir5lov3n5crw	4.20276149618475	1.51386030153011
did:plc:s5wbb52iwp2esyy5vgrrcplv	4.34535563787741	1.49132119216854
did:plc:s5xbr2jfbkslfxrtlay5hyxr	4.33528685368581	1.6223581865999
did:plc:s66dymabseclqt6oudjwdvld	3.53721045421504	1.59565100230508
did:plc:s66z377dlp3jnqzlk6kbk2el	4.15268833850879	1.39187543523279
did:plc:s6c3bdg6uucfjktg2mmh7p4z	5.41268554357922	0.947567704573386
did:plc:s6e7czsujxkpjh4okrh36tbb	3.71966665830784	1.62899698322054
did:plc:s6invrlg4fesbhrjyzewawj6	3.48774669441519	1.08596982951091
did:plc:s6inwlb3sfbsz4hwu7otvyi6	4.3232741800667	1.53393067406815
did:plc:s6ozgf466a34ngwkll7qj3cg	2.955870258529	1.77227884105692
did:plc:s6pw44z5dwvkb2qjw77fx7j6	3.53272450216424	1.6408643721741
did:plc:s6yhtutez567adxbip7t34p7	4.73137905099875	1.45254656424421
did:plc:s7culfzbofaadzzmlk2vfqh5	4.98121785375031	0.968389908103401
did:plc:s7cv7lzzuwm7h5xkf3a6tkoz	4.66463329701657	1.27196577303745
did:plc:s7g7fuy3h6lhllgdnr2z3crj	4.38265804944855	1.72093569251332
did:plc:s7nqfraoccyfyadly64sk5xy	3.32915248451152	1.33679199789964
did:plc:s7xuxukuzstm5jps2tjcldox	3.06915992015145	1.43527865052514
did:plc:s7yehx7mpfts55v23o5ehldl	3.65272267509352	1.58785907478505
did:plc:sa2nbmflzdeyj55jfvb7crkr	3.52407186923011	1.44190795352772
did:plc:saaoydroay2vm4ql5ptug3e4	4.58190633889474	1.40706643061192
did:plc:sabrkwr7nebum65bkfybzqxc	2.87836545760453	1.87768186361679
did:plc:saemety3fcfpbxqqpydifsvd	3.86389524391918	1.46613137726794
did:plc:safbow2f3gktij5szi2n7l3t	3.5477049766093	1.56756073051259
did:plc:salto77sybssrvwinje73pdw	4.08554886921951	1.28030033252571
did:plc:samkvn6pvmqq6oomsrggb3xd	3.67457281808121	1.70950388813427
did:plc:sausjesimumlabegobnezgk2	5.91747207430688	1.25655421473887
did:plc:savcccgd6thpioguh2xs3fyi	3.45430938032064	1.4091197922109
did:plc:saveh3zqvubctmmq67kmvnvg	2.96919794998386	1.89576404976008
did:plc:saw37dgus4gtckwitcbbjmnh	3.71007182032394	1.37515760981903
did:plc:sayeevaewowlo5wcdinp2mqy	5.05960062697356	1.2608308609584
did:plc:sazv2fkzl2bklcanhskiilai	4.87549657772289	1.06778166140139
did:plc:sb342pi4kq25szsbg7unrooy	3.64887640254611	1.32152058687055
did:plc:sb727toofr7kyw5pzkdgermq	2.96939181661096	1.4632058086367
did:plc:sbeqiwg4h3lvpuklulk7jr6m	4.29839142014017	1.57627800560331
did:plc:sbhd63nmthng3pzfaork3cny	5.15493860392555	1.50964240985087
did:plc:sblpetwzidjswagv6qmgqlp6	3.35338574689795	1.75153901367163
did:plc:sbm6t2qajnwy2zs3fgo6lsnu	3.48784160925981	0.171621349946554
did:plc:sbn3z7zw4t4goqsvzduk5j6v	5.31064505461375	0.838789226117375
did:plc:sboau4ibgq36izgtj33ko4nw	4.24859254701175	1.41766569782948
did:plc:sbwmixlh7vt7wnovif63s6bi	3.7969738961574	1.45330355494916
did:plc:sbwupthxyapfsg7qbpmmz7sj	5.04773434819049	1.32536678486579
did:plc:sbzdvrt4jvwioqz7x7t7dy7h	5.30611529845644	1.03708226087669
did:plc:sc5ef4aqzy5c2ethdw5mj5ym	3.6884070178898	1.65293209714511
did:plc:sc7h6qnxkyypvszwldft6462	2.73716160858341	1.6194595176398
did:plc:sca6v5okfpw2w7e7s7fntt4x	3.10494986586891	1.53972567663528
did:plc:scckqcni3s2oj5ouphtng4nd	4.95592129068236	2.0560789649308
did:plc:scfpb2v2y7uzojmygpoqdpja	5.00914796405002	1.27486510044338
did:plc:schu6c3k3rz2lhq6nia4ng3r	0.951292139435197	0.549540006846434
did:plc:scmy3xlkjmrai2j2vcqiwncz	5.14918471241261	1.32433746807541
did:plc:scnwya2fs6gjle7uyrbg6vwz	4.00337552273099	1.31753006888348
did:plc:sco4vvca4mnr7dulknlnlqc3	4.63082102690458	1.37197732312276
did:plc:scsvya3h4w44tzhssckfhbmg	3.89924617184825	1.56178244136621
did:plc:sd32qqbyubnq4q5t3zkjdho3	3.69925580396029	1.35493286583525
did:plc:sdbv2kllt6czjuwwvathblrb	4.34000082223397	1.40191199046121
did:plc:sdhkdc3itin2fy3rhjzpqvqg	5.52253955329151	1.17792570448925
did:plc:sdi7icrqbrv4cimxyxkc5ejg	3.79631950006116	1.84142858250829
did:plc:sdju6nysegxwpdhxbhrmfowx	4.70631554314967	1.35002568181717
did:plc:sdltqxy66qvbaygc4jdx2zdv	3.6576490903108	1.49002653539297
did:plc:sdnhwayfnhcj6koqtv2t5zxw	5.18280066254157	1.54346081645444
did:plc:sdrx72trpphnjnie6nm7dfcw	4.14487467237966	1.45322090992253
did:plc:sdspy7tgpy4n4seoaywnjekm	3.66984746447295	1.69531619937027
did:plc:sdtwu56uo7a5gdwnqid2pqma	3.18090467340485	1.50218284356259
did:plc:sdvuwg5katfj4wjwfsudxcha	5.32720623904666	0.735570181589904
did:plc:sdxsiv7ejgof4se6hflvjxbh	3.98947401862777	1.38777724416302
did:plc:se227y4rpvtjbrmewfylzogc	5.42888258438083	1.03711620104669
did:plc:se3xoydlaaor6v5iusefqmea	3.88760987200592	1.44223902765104
did:plc:secqbpdqpoz7mskzjiywgkzx	4.08786230853216	1.34795738589116
did:plc:sefrbcsftzwj7lyraewue6bm	3.27949144119209	1.90862519560197
did:plc:sehtw4r7o6grajdt3ql3t7o5	3.80245079980157	1.53646067549074
did:plc:selcya6yybw6a6kgbs4aqqzq	3.620286803579	1.21042235282706
did:plc:seppyeflwra6svu4g4rxq7xp	4.41706435699396	0.972741417768344
did:plc:seskm3x6s6l5xs2wif5wbocb	5.38620337548386	1.19673978391818
did:plc:seu67cyvqgubf3y55b7xwkvj	5.20774084150597	1.04775638820703
did:plc:sev4lwdn65kar3mok7q55lq5	3.76155555095058	1.74027021910262
did:plc:sexiwks2et57e7gxzs77ci3h	2.94977624279331	1.65031265891631
did:plc:seywpid6i4nrqajcfipvjgq5	4.19354684742639	1.50832069473805
did:plc:seyyudtabefsp4yjktqnabky	4.04006841926858	1.47662743142206
did:plc:sf2kkxoldves2irci7zso6ue	3.18770358032706	1.80693553861121
did:plc:sf5k64kax5lkqzmmg3tj2enq	3.90125621877206	1.60669943909605
did:plc:sfiv7ltvyo2wu2pqm5h3cdxw	4.48865873308373	1.35945089384371
did:plc:sfizcunixm5vlzlpg67yhmvc	3.17100658708145	1.55330346478856
did:plc:sfj2ggpo4vilsku2mmy4hzzm	3.65292570550655	1.34455070610026
did:plc:sfklzsdev6ayehwphrxdhbr6	4.20796969069528	1.65772649296624
did:plc:sfnewq2la6yfrj4za3cbiv7j	6.07358208857891	1.08809323754553
did:plc:sfo57rad6wjzzlcmsxvwybax	4.50010069538828	1.38690030068805
did:plc:sfpowyzrcg4pn43rlxakhqkw	3.45344900258449	1.53364633092017
did:plc:sfqca35tte4meown35l5osvz	4.35876363466474	1.23116192860561
did:plc:sfu3npnhqcnvq5spk7yytxa2	3.95910224885874	1.51309852464274
did:plc:sfyyhrlzpkdauaccvpa2hepb	4.18998314844725	1.64085219445056
did:plc:sg7d4vtocgxdkwweir4rjido	3.08097480232151	1.26860791600108
did:plc:sgbg2kmqxlg5ezbcg4bcefr4	3.65830765261268	1.41031579790761
did:plc:sgbmixea5vqi5po4efu76lxx	4.54807815426574	1.32377169688121
did:plc:sgdq3fzqjrfnwrg6gia57gff	3.97376022004048	1.5762984126127
did:plc:sgfxfw5de5h6baiqa3eu643t	3.57146730370334	1.76690088340483
did:plc:sgp3kpycgognnkzg7jxhfzrp	4.8846889154968	1.06330267102428
did:plc:sgqlb2os5537waze4wjtfprl	3.54274269116154	1.54229273493159
did:plc:sgre6zvi6jrr2hd5j7qxj77f	3.99502227782143	1.27775560394139
did:plc:sgrtblumx3cvm4vlslblh2ho	3.96656144863201	1.64501697038951
did:plc:sgusqibarnwfrbd6g2fqvv5x	1.97701484802262	1.28669444291985
did:plc:sh3x3wwirsexcpogfuxielks	4.09578928750315	1.39318578665161
did:plc:sh53p5rqzafxwdz3xmvz5ktr	5.03587821000695	1.07347493023614
did:plc:shbi53iyflqz3injq33l73f4	4.10994892990651	1.84048220819469
did:plc:shfrxd4f54sljereb7i4pzo3	4.44338932811926	0.960012653836969
did:plc:shjnjewqklno2tes3zmyqelp	4.39308545390646	1.15997062864586
did:plc:shnjwvjugcmr2346pxzroda7	3.67097400312458	1.74007314656288
did:plc:shr4p6m2balyfpkpjzoqrd57	6.04056998321674	1.20207594871559
did:plc:shrctsxkvhga6ynbx4khhwvb	4.38588436729616	1.55031292419155
did:plc:shy3tsrzk5svxvn3gkghczpf	4.18914729667842	1.39341369689514
did:plc:si32jaivt6bentec7ratnclc	5.04338428691178	1.50860567754152
did:plc:si3fihgbiyxtpsubdg234gtb	5.21087312428883	1.40011818152164
did:plc:sickak5ajdujhvqba52ungnl	3.68060055787217	1.54857821713591
did:plc:sigqjoh7knvbu6q3zfan6x5s	3.62523751184942	1.45505439030824
did:plc:sih6b5pcrl56koeym5ysohts	3.50100005371938	1.39374917370516
did:plc:sihhvr3eupe5yv4qbclqaeas	3.51652673913789	1.61233179318745
did:plc:siir3btqexoh3qgyzqagh2wf	5.28544630754217	0.701584572182717
did:plc:sirbicbytjxwd7hlohyph3dj	4.50703623241917	1.23484066195404
did:plc:siuz3hqyfprsr6itk6i7lxkm	3.67696843030778	1.50415528565322
did:plc:sj74as72rsqeo6fpnhrustpr	4.36156387767908	1.39731349378669
did:plc:sja4l34dfavhb5ath74ulaek	3.58005105456681	1.37632429416792
did:plc:sjhnoae7d3q5a4dstelrjy3r	4.25341872548868	1.48407494954277
did:plc:sjhpdwoqawck5n3dmscr2ctd	5.1787989602709	1.42004025977219
did:plc:sjjv3wtgmvibqzmxjyp5ctza	5.97986626271458	1.5814367395989
did:plc:sjk4dvia3e3uwb2ts2rcnpf7	3.1243158182459	1.9141801729073
did:plc:sjtlifh67ajeswgk5lqjxvdl	4.1556936504784	1.63858077955355
did:plc:sjy5vcbhi4kjks72it7mrig2	5.82157056034093	1.15668609663122
did:plc:sk2wny7vd5uvbmtcr3mexbdu	3.53697456236085	1.37685376384833
did:plc:sk65mjeu5p7ljis2rvf7l2wo	5.28603070370897	1.39437461759797
did:plc:skaa2ai2esrf7ou6xlucplu5	3.68433646069708	1.40494935264031
did:plc:skpwao52zea4mjf2sh2vceje	4.79187244523456	1.57655375100124
did:plc:skrwtfmdxeasu44ahvu3kput	3.4051950632601	1.30675241872056
did:plc:sku7k3eespt5a2b2zes75q6h	4.96728469713494	1.27185302786171
did:plc:skudmvtlfq4a5oyu5cmsi53g	2.89123858973711	1.43849034032183
did:plc:skwhustppbigx3oxldzrf5lh	2.84675791929085	1.81445976577308
did:plc:sl3sicsbsnep2qplmbz3oi2a	5.68635371598911	1.17359627495259
did:plc:sl56kjyk32wbwtgxxngyqrdz	3.49139186270873	0.831314752302165
did:plc:slijtwefoxfqhdorjkvusaxb	4.22927652049215	1.64835162001318
did:plc:slilirjldunr6yjtw2n3v3wh	5.05204286766189	1.54640530280083
did:plc:slqrttqobhenrc3exaojokko	3.41947765419358	1.30749886056103
did:plc:slstrqhbpje26b7lvsjjyx6o	4.53548622972061	1.29204862489704
did:plc:sltijkpjm5c7ezitcgnidss2	4.97549003643406	0.993960078086939
did:plc:slwi765nfagmrhbhtkow4vfc	4.63596895740713	1.44351944934862
did:plc:sm23rg7wokpimkzplx2dlrsi	3.77680751970536	0.970716908804583
did:plc:sm4uxnu7lkiz6zjbdh4jsaal	3.43760881281979	1.46985403575923
did:plc:sm5eh32vy2z3ijncojpjutix	2.8679941242437	1.51968291473964
did:plc:sm7lgm52sztracfuztsc2spj	4.45247400588415	1.61917679550779
did:plc:smc2c6w2irgirwabu6scg2kb	2.93650868507022	1.77903256215778
did:plc:smevf4pu3cb7lvnze22b3mqg	4.49426544179001	1.54881688464191
did:plc:smlvsomqci7qycwztodatwpy	4.83120291427516	1.31082298501323
did:plc:smlzxudf2ostflmbvuvrserd	3.48384660057642	1.44950646949995
did:plc:smoog56pon7oxudkqbrih23k	3.31497191911616	2.03123965564475
did:plc:smso3ah6frrbjuj4rwb7opkl	5.94321369078609	0.976445626190338
did:plc:smw56hcsdscjmmosdibmfxbt	3.04022548837641	1.81251668921186
did:plc:smx5rykovv23u3synw6pz2lf	3.8631241743673	1.48978514184721
did:plc:smzdmi2e5tdncyu5x6byeqst	3.33546602092005	2.06128625693218
did:plc:sna5kpzpnciffjsozcda3e4w	3.41933458650331	1.49458513948861
did:plc:snasthysigssp432wfiy75xk	3.05743872630026	1.46863118414357
did:plc:sneqcpr25nmggxrok3whxcjj	4.38241650554116	0.845427085715873
did:plc:sng2lcflvyuq6ahame4h34pe	4.23825919519964	1.49182539615991
did:plc:snhjetlkjh7anrcrzuq2rxke	4.06247306841748	1.72309354774021
did:plc:sni4mpowypjtkw34rzp6yl34	5.41441413801528	0.656963649728686
did:plc:snl3wms5zkuk2l7isj2vpjy3	3.91036777104068	1.61847869244562
did:plc:snmzue67x5bpsylohw6vjxjx	4.15285058411778	1.75876132414371
did:plc:snxqxgmyvfjtb7t4eeoydd52	4.63460119364973	1.55709204791408
did:plc:snxwwxkqgqgztdwggj2iq3cg	3.78634175267179	0.908725875126715
did:plc:snzbfw6r6tdvb5zqgop7l67g	5.62917114140979	1.01807363746339
did:plc:snzdvc77vmcdmkoxklypggvo	5.86950659179819	0.900194786115175
did:plc:soaavtk62zkxwuapntcjoi5y	3.46502139304588	1.52183221465858
did:plc:soc33iew3wv4mvmjohp2rwzt	4.12870246290187	1.55323530600162
did:plc:sodeh4l7maradptdud3qmerb	4.61844167732756	1.38525345461903
did:plc:sofb54fxhjywmwlakozqyzf5	2.65201965622573	1.51174744509472
did:plc:soknmwvlgpv2kabesjsyu76e	4.24104241370368	0.890383439576152
did:plc:solwp5zv74zigoovmcftt6c6	3.53406369891997	1.69468745931858
did:plc:sowjmvj2ctaeiban4ue7ybkj	3.32553874906123	2.04882071529992
did:plc:sp5ve7pvcdil7kutvgwkc74v	4.43166798980883	1.78218313406062
did:plc:spevupoqrjbzr2c52lh7styy	5.42746289731808	1.05330197532944
did:plc:spfkvjzq6s2dv4izqcuifogn	3.05186791705549	1.63190851643211
did:plc:spol74jb2wqbibpeib3573us	3.52153319783734	1.18648276239208
did:plc:sq5mrwdck4y4ct7vk3w6cerc	3.39670757096428	1.74223316698905
did:plc:sq7ea2e4ds2tvfdx45hzd3sm	4.25502270022291	1.66170671927808
did:plc:sqamjdhlb3vzgw6vvjvulv3v	3.97775040577555	1.46603006178579
did:plc:sqcopghyvp6dgquc7lozhqhu	3.71346386737687	1.02482199213303
did:plc:sqgadgnd7kneuw5vw6mfewyu	5.44534189359677	0.981503590839077
did:plc:sqhccrpx3hi5q2gj5wwu7xbg	2.80097640235493	1.49804964237132
did:plc:sqhctly5m5cnetk3np6jii3u	3.20834496197966	1.46933562872332
did:plc:sqif3jfk2ctatgcjhkqdpprz	5.2099281719987	0.864168032633535
did:plc:sqk6wy7xjibz6hlxvhqypl2i	3.00865738567992	1.57223120413205
did:plc:sqklhw2ytkkgoa6oh2cx56w4	3.85950081315398	1.33073691740779
did:plc:sqmbggm65hddggpswqscgw6p	5.54400765079434	1.07409286865255
did:plc:sqnnqac5mx2i5gx2ko6cqlkq	3.86870207724905	1.78318464869501
did:plc:sqomforpc6borhoef46g2ur5	5.84098502368952	0.86803410601408
did:plc:sqvzhfve33nmhrfm4jq2evde	2.99385322303776	1.11486081754845
did:plc:sqxftc3ukhop6ri65xgy3bgx	4.59315136877365	1.37203600870413
did:plc:sqzclg5ltm34rptgj2jpi67t	3.55038517336109	1.36696586871255
did:plc:sqzoemdu7z2ojmbvhjcav5fo	4.50563689797031	1.49207336824827
did:plc:sr7y4nhlg6hpegdpqim45drl	3.1301316976303	1.66789454369069
did:plc:srbv6rs6opmw42namvxsr2ca	4.2790414048478	1.31071592016217
did:plc:srh443ah6mxtf5ofa3kdz4bu	2.88811769033216	1.85334616576269
did:plc:srigz6f55527am5z35ix3r6r	2.62982982970725	1.56930024788249
did:plc:srls2ovczn6ruef2m7d3wxv7	3.40435742262358	1.52181966701044
did:plc:srmjfje6iitm7dwwm4qnvjot	3.96457840042563	1.54705440578303
did:plc:srr6yyrjnewk3bfmmhleum4y	5.24258202616059	0.903488781383273
did:plc:srv4g56ygclrqwj57iqwxfqy	4.28481421556392	1.30169412583466
did:plc:srxw4qacw56pszn25drorofl	5.0305591910773	1.28199513471279
did:plc:ss4opaw3xlfe2pg2xi5ijl3v	3.66365857370527	1.8312050034021
did:plc:ss6r3zl7lho3aqicbhl2ucfu	3.70062455206763	1.3495405809531
did:plc:ssbq65iocabmbeha3cvph53s	4.55599268988447	1.41790586477678
did:plc:ssfj6yzmrcklsxoztfsipdpa	3.42093641835063	1.52938134154557
did:plc:ssgk756yypivvm2kas4a7wnv	3.95604006911388	1.55298507159497
did:plc:st2p6qlu7gegou7jk2arr2zp	5.35738336437339	1.12230120167258
did:plc:st6itk7hkf5bbea6k4bx3uyw	3.81552223004607	1.69380214255815
did:plc:stdh7fpxtslzio6codqsfwi2	3.9920203247373	1.21123024509534
did:plc:stdhtzwulwus7iomw5hnwmzn	4.44610173449093	1.82287039177121
did:plc:stfm5p5qgznbw2jy6qhrpvop	4.33528155692612	1.43439357538848
did:plc:sthd2dnrddxe6icdqza2oryx	4.17640419600304	1.51082623613977
did:plc:sti35nptrizr4adknhrziweq	5.26580002643959	1.29205377664847
did:plc:stonmmfbbmbnmbyrdsblfkzy	3.64786454209504	1.72966749099225
did:plc:str2yt23a3tkrsauktx7u6pj	5.37444982529138	0.887272411965233
did:plc:sttoshnysb2qk4lo33pox6ji	3.27253149310304	1.67319175451144
did:plc:su4ovr5st7f3r5disoqzwuc4	3.61092330404399	1.17893497553719
did:plc:sua3ffxcjevch2tcdhjcvhnh	4.13684232308376	1.58216147621821
did:plc:sub45lqecikphxwqs5dab267	4.44123232148181	1.2663473121686
did:plc:submzekstfmohiaslgrw3u4r	3.21341281940582	1.30166596970809
did:plc:sue4rxsjdqk3w36inwkbzzsj	5.20403689854259	1.15258164641373
did:plc:suhdwtoqinxndxizjc27ulko	3.52334960417083	2.31533354886537
did:plc:suil24cl3rdgqtx4xmdxcucl	4.25170575172181	1.40229084927576
did:plc:sujolnn6smcuvpazdqodakjl	2.97014160151007	1.53408322716306
did:plc:sumr6vj4lrkwkg5mieidvbml	4.68795467688812	1.45914801087331
did:plc:sunogwc46k57lolwinuo7ocw	3.89390237669908	1.85037256747401
did:plc:suq4f7au2on2kd62ig3s4kjm	4.58762007329871	1.70854054451823
did:plc:sur36cclwuy2er66wmpoowms	3.53702827506918	1.10581042796745
did:plc:suvi3yatcgcfl32ebfp2g7lp	3.53735269263636	1.60476661714899
did:plc:suw36afklreb5mkd4r43xd6j	4.07467249907905	1.68491484588698
did:plc:sv3nfav3dnnfmmtuxizmtzpz	5.94094613906261	1.44128763694913
did:plc:sv67yt2v6aamtersxmqpkqhc	4.40031983081021	1.54840665148702
did:plc:sv7clxesvpssaj4p5ox225c3	4.15982178322556	1.44061034691998
did:plc:sv7nadvyeu5rdmc72vktk27f	3.10175140164971	1.68974360943489
did:plc:svaa2korbkigjpk6kz4yhbdn	5.26313736167302	1.39993947394295
did:plc:svc4hgz6xcab7jliyq5oxmvl	4.61459911564915	1.77699322091843
did:plc:svhgn23izy5efwibs5mebzkt	3.37798565012268	1.43634347359509
did:plc:svihkbezxwxdtnyyfkm5eb3s	4.10222133599495	1.45283999191834
did:plc:svme5pcm35w2kjzvtqjfe6pz	3.30420312806042	1.8882524816991
did:plc:svp4zbtgnap4rtap45dllaa4	3.7503144513494	1.68268752820101
did:plc:svtoa36j2obowkx5ngo76hx2	4.56388683165514	1.42718460636095
did:plc:svvgcqempwvfjhi66xdkwypy	3.28287817630906	1.32982474022293
did:plc:sw2ur6wivik34qo6hjk2gwa6	3.48026466166978	1.3357235307446
did:plc:sw3kq3mp3us4eugv75rqsijy	4.26137190948754	1.68212732031107
did:plc:sw3yx6bh5znvf5fo7xqafogs	3.65093845767854	1.65582951532431
did:plc:sw4zszfzqvrqvoto6qrapv2p	3.39133124905014	1.76346709624182
did:plc:sw5edeulpsferrj45spt7gpf	4.75491452581324	1.36997534870585
did:plc:swhzpi2omb2orqoh2pjq6juy	3.11243277000997	1.89239412321015
did:plc:swlb54fmtvuztqpiati4ztdf	4.37494444742248	1.52652703915466
did:plc:swp66c4djzkk4rm35rbjmgp4	4.49549742089806	1.34799568123348
did:plc:swqqbeyhgbthbobir3qjjmtp	3.25377260410394	1.29503831534069
did:plc:swtfq3hgcq5aa5xepoqynboz	6.0153123919348	1.27639256531846
did:plc:swuql2xeevjae6eijrhsu36v	4.63880604269654	1.02923981981941
did:plc:sx2zsh45dmu25l2vwlztvym5	3.39449084820237	1.24541147046693
did:plc:sx4ihoui3kjgl7ce3s75yrps	3.83869884697081	1.43361203745852
did:plc:sx63pewpws4drhtd5ygj6irv	4.62524210009855	0.993967723661268
did:plc:sxbfu7giy35hcpekhb7khwer	4.0412959621643	1.32587247329942
did:plc:sxec4xrlyl4gssrsy5iebgh7	4.2171768268144	1.27741124130042
did:plc:sxkvjbptwci4wsxjoei26q7i	4.21732437929367	1.66616081488626
did:plc:sxsfidwjllyvqmnyaj62yxbc	3.22167655587933	1.83536544012804
did:plc:sxsriqttdd4yxv36gnvczi2l	4.90067438243918	1.54350210208717
did:plc:sxt54i5enlxktam7sgxipuol	4.62979323362423	1.81366130925732
did:plc:sxvwwppnms5lqmyauet54lwo	4.23075475491027	1.0086836764817
did:plc:sxwjcelgjdap7sdiunc2zju7	3.64940017125582	1.42004914954897
did:plc:sxz75udork55bjg6gliumax4	4.18573634879851	1.17718167899434
did:plc:sy3nnq4qsnzi52znx6gscg5x	5.388243782415	1.17510701647559
did:plc:sy7iv7jue67r3se5hwng6vvf	3.4475332904641	1.64511765834164
did:plc:syeu7i7fmzhdhw6qeqlfehvh	4.12986452859724	1.47374275676906
did:plc:sygvjz4cv72spe4wofuf6dvo	3.59805898852529	1.37117219451278
did:plc:syijvilo5leepzzuy7d3bdkr	3.86832496576624	1.86010278548514
did:plc:syjwjkpi47jby5ein4p57jyc	3.1329726869761	1.72959826897601
did:plc:syotq7ekmosia5szwt4dmi36	4.15632899496979	1.4316879345318
did:plc:sysvnhwopfovdibl74doo2p7	3.37925924514433	1.46316563160787
did:plc:sytw6kxqaai3p35t7gvds75o	4.44027872175607	1.42107960442711
did:plc:syue4b5xijsmxo5y75z4rkgo	3.83113328419146	1.72931032706354
did:plc:syzstxq4s62vbik3xu7eyfrv	3.84099691892144	1.18872936637694
did:plc:szcbe6dbr5pzhzysnul64jja	4.49636254604828	1.38857939244383
did:plc:szglflqcht7xodlizdtiqhbw	4.21528047227589	1.77944443684012
did:plc:szlwn35krfhdkqxurlvnkqqs	4.7597788414314	1.52366568543256
did:plc:szm2nlpgtp5gfcibrak7fg7g	4.18176501627049	1.40633553034916
did:plc:szmrfrj3wucanprayisclavy	3.72054668252973	1.35327502890093
did:plc:szpcjgg4dvjcbja7va67uvvg	3.96998232656742	1.53489853989847
did:plc:szrhucqud3yipgraazgmu5lt	4.03742022662298	1.82057626447836
did:plc:szs77ktju5yhlzkmoayvuzph	4.04130908959697	1.25327528841379
did:plc:szwfjv2ukyxqjfw3vy66u75r	5.05369655422979	1.48095107789416
did:plc:szxqpb6wq3ejzl3zonnpmeh7	3.29272864339265	1.82705097229422
did:plc:szzlnaep3kxmbunmngtaqozv	3.27901641982388	1.41159331965039
did:plc:t25mizrrpntkcrf3y2vhbeef	2.55363574455562	1.43924026444157
did:plc:t2egnsnha2f6ufu4vzoarxsz	3.81587168896241	1.6579109433377
did:plc:t2jtzv6r2mdq6yanfz5j7cds	4.19159801651794	1.41878042410009
did:plc:t2ll3jedj2dinzpkk5r72kxi	4.04036931644567	1.83793049430691
did:plc:t2mgudslmu4xfsytgu7hi5bf	4.42780285515189	1.70653056954744
did:plc:t2oria4klk5wkckczakg65au	3.76967819748467	1.33325781796114
did:plc:t2rloykje2a4vwe6yorlmk7q	3.46640000199296	1.76522930978057
did:plc:t2rnnbnqig7xarcilerbc2b4	3.39606600350508	1.82606474998589
did:plc:t2shyzzmb3m4pcmcm3ywyktx	3.15926765342856	1.84576561311117
did:plc:t2tqjh3dm4zmctfswaedwbw6	4.64539529090203	1.15258116122133
did:plc:t2wifn7slo24uv6n5ouqywkr	5.19213019934921	1.12670946492999
did:plc:t2wojg63xctlk3qq24b7lij4	3.0023655328536	1.76012554339352
did:plc:t3afleonz4ymz7f2o42gdcem	2.55292509226136	1.16272106802999
did:plc:t3bngirct46jtxejsmn3e76v	3.12261610739613	1.75309540113675
did:plc:t3fqnlptbknfjusd37xyrsg4	5.18666342257935	0.869766175354777
did:plc:t3qggbqupmhdzzv6tmporg63	6.13610775447432	0.985976617946176
did:plc:t3ues3whk7ns7mecuykemnep	3.87166054228325	1.24414959346559
did:plc:t3ugh3gnb3gojvsxbdastmkd	4.56483519145664	1.42956944251991
did:plc:t3vski4lb6h73jaersgxnyt2	4.1108251311158	1.6327222334743
did:plc:t43ljupbjey27ipcafft2kmr	3.22704433146574	1.44348101880663
did:plc:t476v2d2nyjlf7riwhs46z27	4.53515587781634	1.43265921892488
did:plc:t4bpm7al6iqczzpelab4kzzu	4.19254626914332	1.38062920273659
did:plc:t4dpywjtiqslcyn7akg5ogsx	3.97542234195769	1.52212292201476
did:plc:t4f2yasjk2klzpxo3avpon5m	5.1111636910134	1.02210569775813
did:plc:t4hsfcd57im36jl5w2dg3hvf	4.95006826858763	1.36017899107412
did:plc:t4kb6io2pjugyj5mdhbjibj6	4.35801241440702	1.76140336879637
did:plc:t4o5von37pky5wwtfk7gml3e	4.253190920931	0.960311095343359
did:plc:t4ono35nz233t6gmhlnstqs2	4.09308805933283	1.45977314988112
did:plc:t4ugv6iefacyjydoheigp4ju	3.25469130001956	1.40988008334042
did:plc:t4ut5yyim24wdmd453tysavx	3.95065809576964	1.74220037659498
did:plc:t4yduwdnoezrhnso66dmbe3v	3.6187952180794	1.69382997116033
did:plc:t542kmmqj7ezc6n3ufq4zvo6	4.32930660069095	2.11546678218817
did:plc:t55beqj2hx7wqkvrsdj6tlus	3.72028503219675	1.39311272496415
did:plc:t57kmfxjolg5356y6q7r4gse	3.06591746871255	1.92939150036515
did:plc:t5dq7njumivemx27qjiotwdv	3.55907930065614	1.63745070616855
did:plc:t5f27bkdcrf3g726hdn4at37	6.30334704719274	1.44669069102616
did:plc:t5goimphh65rnbdy7kg3dg7v	3.28194002835206	1.73079104016714
did:plc:t5jpcoj2qrmd3h6ijn7wsvhz	3.07254198107427	1.84757644815332
did:plc:t5lru53g52bdalqd4tqxkfxw	2.75657235975816	1.3473142013211
did:plc:t5mz7kvzfrpq37mxj3f2ddp6	4.39244080677879	1.54477674960267
did:plc:t5ptghoumfkiila2guvry6jz	5.08275247202593	1.63989415892755
did:plc:t5pv3gcdece6iexmwudumc3n	5.60323405836722	0.908766878269093
did:plc:t5xrei2okz3v4uwck7lt3tsy	4.60189821351825	1.21103048788082
did:plc:t5xsuebs7etw3czsd2em7fel	2.92311267582247	1.79096842016085
did:plc:t5ywry327z5yyypzig7baz4j	5.50653254775758	1.28037540583353
did:plc:t65g75iiyszsdmqyn2xi6nyc	4.08057666217165	1.44837906386365
did:plc:t65iq6m6s7s7samuqcwnvfqx	5.19767580684734	0.9220983544904
did:plc:t6dnm6lem54z77lo2tebcvpv	4.52072725927049	1.23409819248881
did:plc:t6ivyrxbonujgc2qh4exhwo5	3.74650493981994	1.78451984158828
did:plc:t6ovl73w7s3j4bgam6v4pcmo	3.88411924232688	1.37928792663392
did:plc:t6pje7bimmppofzlevabcsjq	3.78784561636063	1.22099733048938
did:plc:t6vit4td376qe4iu4sxodnnv	3.7904946279281	1.78441847548566
did:plc:t6vuswuhmnlnwlsxnw4dodwo	4.43364647675638	1.14822196217272
did:plc:t6wyz4mbqp3q5cuaethgmege	4.81667061628179	1.26136013213624
did:plc:t6x6ac5jmyjivyg6oy3mxp3w	4.36388363451501	1.48529781148499
did:plc:t6y2zhbpdvy7kwbh5y7ungod	4.14269089452593	1.7432654883494
did:plc:t6yikaq4uaeu6iml63rumv2h	5.4143557519663	1.0929703795003
did:plc:t6zwt66ufbk77u2r4lmofrbh	3.48215594035173	1.81690346106894
did:plc:t724rdlera5ard4faskd3wuj	3.66220321317759	1.5391979772859
did:plc:t74zmc656h4byczcazzrlvyv	4.11025244651455	1.44206020775267
did:plc:t7ancth7mvz53ldvj35dzzwm	3.88727667659016	1.41979741278768
did:plc:t7elamylde3sqwevufelg65e	2.75195782114711	1.60802961697389
did:plc:t7irxnb3mnp6pmuc2uta5zkl	5.10645538130689	1.1642050807008
did:plc:t7kb6dzyhtclye23okbibdoh	3.18299054914891	1.86388778151323
did:plc:t7lbskahpomng3477mdgp2na	5.35270797690636	1.47185041704756
did:plc:t7leuny7wsunbaissovj76ot	3.44692301098272	1.71499432590584
did:plc:t7ovnnxjs4kqhvomzngf5ad4	5.8063487769069	1.29310669862482
did:plc:t7qo55cmpog5pu3f7n2t22vc	3.95941190983368	1.54492630205003
did:plc:t7shtxj2agvwlp7y7oxgxshl	3.73875758848951	1.58506817041117
did:plc:t7viwd7q7ck44a6apmifkbpp	3.88709714669619	1.36605743510062
did:plc:t7zn2ynzxy2qosf6s4lwri22	3.77904642696435	1.45589049548734
did:plc:ta3he6dersb5poujyuhtzjya	5.4644266137881	0.799643072066408
did:plc:ta6ke4a6llvrzt24tjjlmdab	3.53670752755145	1.66096901167339
did:plc:tac7p3s6cz3yeqzs5xjfreqn	4.78154421001629	1.35271861363472
did:plc:tacklv3lyingeefas66aaxxh	4.03483076037045	1.4894526430855
did:plc:taehyznu2k37zx4cjptgyqkv	3.5325656460092	1.3714798731872
did:plc:tafzbjbb76f737efga56rztt	2.90886842508045	1.47079155160916
did:plc:tahoiiguizflftmqvlwogdh7	2.93836163684263	1.09637156745008
did:plc:tazqiggixk6josqmk6pneltg	4.01606306738851	1.40395163092208
did:plc:tb3uy5dztzovppquzbvv52dv	4.40924329851984	1.51423551714029
did:plc:tbdhh22a2wtdli4fvu5rpra5	3.93048330507446	1.11407226273412
did:plc:tbfqbc43zzpzuw3loypkm43l	4.61571289824291	1.47637076951579
did:plc:tbpfpcee5hrxbvh5saryogol	4.3095896356278	1.17190603320939
did:plc:tbrgc32ax7t527lfy57tfpcy	3.74180295217111	1.51303714592317
did:plc:tbxzlggzjlpb5klxweduubkq	5.04212248533897	1.26435649738346
did:plc:tc2udkxt23naz7s3tfylydxq	3.47638129154976	1.59302597340686
did:plc:tc7jabrr37sadkikz6tdozdd	5.0258497481865	1.155101163499
did:plc:tcbapawcxgmp2idtbyj4xd2g	2.44126603477026	0.91294267139536
did:plc:tcfq4vnonjduksske3r6wiyq	2.9868637823377	1.91509802405309
did:plc:tcjg3jsa6os5lr44hm7t5ays	4.85292377593636	1.57155253188693
did:plc:tcm7rew63nk7gvav35hxnb5y	5.39728822151942	1.14912920861836
did:plc:tcmc64hc5tkieqg6xwjj23ab	3.72091441692168	1.80304442923467
did:plc:td3x2jt562atszkn2aloj7xi	3.98601297813468	1.56936171741792
did:plc:td52a6t5kiu2vcqmndohkg2w	4.23052908528375	1.34397142529979
did:plc:tdbmun3u33lpo4hpxyknxruz	4.30565384205053	1.5222325834082
did:plc:tdhnnibgy2tt6lzptzltux2r	5.0381178713063	1.1007832858142
did:plc:tdivs4uxsy6ovvjsjdwp5pdy	3.91449757205345	1.5785255952697
did:plc:tdiwifigdgjxyanja6i22z4t	4.58342317507457	1.67712670306533
did:plc:tdjny7hqpef2z3zt7s35reek	3.05314926549107	1.87537799011483
did:plc:tdru6ves3j45c7lqngebzq46	3.85261595662316	1.55607395309135
did:plc:tdu3a4nlkjkrosdvis7ole5w	3.74458147381901	1.72232151797678
did:plc:tdww7iefz2ymu6gcmucj3qfx	4.40319953443192	1.34809655655842
did:plc:ted3hzdekdc5hehwpb4bm3rn	2.53724336648188	1.65284908967011
did:plc:teftmsgcqti5qm7cfdivxgem	4.44533364558875	1.54128449271112
did:plc:tefunrbv3rwjoyxoz2oxozpc	4.12544309441901	1.16649880174367
did:plc:tehd426ew3rmplt5x5onav7t	2.92039833679667	1.64115287335548
did:plc:tei3gaupmu7i7r5vn6hhvu63	3.87609395371852	1.3383580304887
did:plc:tej76e3s3pru64v5bcbf6e3s	3.37972674137708	1.25877110148749
did:plc:teoqzkmgyvgky2doashdewvn	4.4454373974101	1.55451126231075
did:plc:teqixv65zxsukr2zk6gfw4nv	4.59867948070224	1.13848460626087
did:plc:teycsagmajbkltuwy3k5pnat	3.04995209946874	1.41916073369267
did:plc:teyd7ufdbd5mbovkeq5ehjly	4.70931116197555	1.39318531161802
did:plc:tezmz3cwpiy5jrd4o53jxzn7	4.09162649612315	1.61747902243083
did:plc:tf2ct5ucq62vjdzt6rwrpms6	3.53780546592748	1.56927859438333
did:plc:tf6nfm3wf44vye42skljwllu	5.47405253416828	1.08957675797684
did:plc:tf72kaf2bputgyp2cpqbzdae	4.27936590937718	1.56037965746476
did:plc:tfhbs7ka2jwt4rg74haz742c	3.21944400770873	1.27941769106445
did:plc:tfhg5f5sqtw36ahoflifsesv	5.43923191144048	1.24198189517079
did:plc:tfqlurolao332bfytuc6d3jv	3.61768821466498	1.61666940324637
did:plc:tfuejnnpx5uxtc7ql5z3bial	3.24956664612833	1.46349604312413
did:plc:tfvnwdtjvbpvl6bhaeuna334	3.78971414238805	1.16602652667576
did:plc:tfwyl6knvs3r53qvi3h6qdsh	4.33444850967119	1.58237172281077
did:plc:tfz7rwtqbxluyvsfm5a5soiw	3.89752957827429	1.50790906831429
did:plc:tg2sl7gqoxelvbiq5iikwm5h	2.99131120249245	1.65075966679574
did:plc:tg3nxmcfgj3oqlw3c2xwvc4e	4.13273296767194	1.35455930453309
did:plc:tg4oksenhp7owoytpm22t5hk	3.16568149089057	1.8540433707185
did:plc:tg53fxni7bhhou2pilnvh6mo	3.94989352660622	1.33955705519657
did:plc:tg755kkwd4zswmfkl6nmw7ai	3.53511404205447	1.58972723177233
did:plc:tgamxskqi2fj5jviwq4cgxmw	4.62707932993654	1.28385160331787
did:plc:tgbkuczxrkewci5h6dgagola	5.47603212747999	1.12279123513631
did:plc:tgpyevkn7chbdpgjpj2namso	3.65480009420625	1.47230280583721
did:plc:tgqtop3juh3esolh7g6rhdji	3.29124901020224	1.08878894321529
did:plc:tgt5mimjg4l3mqrmeinrfctf	3.34389566907523	1.67630106273694
did:plc:tgvjhjpmf5hau3ybfvomtyry	3.5806662744912	1.1693131561329
did:plc:tgzmhgfg6isfaz72wizziitb	4.15587059303816	1.33500643226922
did:plc:th2jgohdmwy5b33ap3aq36vh	3.94233569615043	1.43665807388384
did:plc:th5odkwvpsyqied477a4gxlz	5.21695152904364	1.30311892230908
did:plc:th7it3wdlnlyhk2khwvyjk3w	2.79779984942835	1.18661679571112
did:plc:thd2aifdp32vwqtyo6ppx62b	2.63406168916088	1.61379322302318
did:plc:theranblfhcozptbpu2234rm	6.02548375350905	1.03197624390887
did:plc:thhm7xtzaqrydjc32wx2xh3b	3.49069037914413	1.65837206880355
did:plc:thjjx2gx6ahs3iy7kier6izf	3.63495964899137	1.48573665852282
did:plc:thlrprsne5leac7ufdrrjac6	3.98957845053604	1.44338459041356
did:plc:thpxzgzczxagrhvzesnelgbk	5.43373333270508	1.26161425560221
did:plc:thqscr7x2oegzc25yt63jzgf	3.43304359315781	1.4473751541329
did:plc:thudh6w23dxp4a73wxu76r5v	5.22852180311939	1.29083600744956
did:plc:thvk7lgew3dic6zjoi3bqcpo	4.53224675189371	1.57430738224395
did:plc:thxechjp4luro7xe5bwr27dn	4.88763862712346	1.10862449009702
did:plc:ti2tsfhsr44azmjl2anisgfl	3.51008469922409	1.49709285618223
did:plc:ti7e3m6irxqeuvwt6in2homs	4.90189052254088	1.54753214383027
did:plc:tia4rljkv5mh54thln6ywyet	4.64453018838414	1.54174021641896
did:plc:tifkfnuihtkjefe7xzgdx565	3.21670742400869	1.84759693125307
did:plc:tigfxybnhed355ojtbwnddxe	3.65307842464381	1.14625741116253
did:plc:tii3tv64ihqz3jlbcvqx263j	3.89143501768666	1.62816226910176
did:plc:tiitu3icrn7zb6nt3od24ap2	4.54484023521058	1.83856143507938
did:plc:timyjth5dne2rpqzexkuhywb	3.97991389600271	1.45768191801911
did:plc:tipupgocbyskanbuu3nvberz	5.56602890978376	1.16611624030981
did:plc:tithpb4ixlgcifpfels2hjra	2.67078514508557	1.36937480415679
did:plc:titvdqrmyscusxln5rjffrsa	4.02320885117061	1.48599154128153
did:plc:tj2k5qfdkv2u4jsxtbq3yzsh	4.86501720503378	1.30994806011852
did:plc:tja2uolfexylbyorlqgh3o4h	3.39775834870499	1.74415989004473
did:plc:tja3opshtyfpffdoekn3oknt	4.37229811023849	1.52382622496345
did:plc:tjapm7iwux6k6oswj2hekt6v	4.54011502922264	1.66256586946767
did:plc:tjcuspcgdtnrtyo3ezcr35ol	3.7120084866225	1.52721315381178
did:plc:tjd43k47sylg4wqedztloxgu	3.4018763409373	1.62263219456667
did:plc:tjeft5t353fkbmohccpvxzet	5.39141250597702	1.06143506523399
did:plc:tjex7xyuwc6o2eki7o6fpzo4	4.54088281039303	1.47458938200759
did:plc:tjhhe4m6blnqouo67jbvjfce	3.35745651383818	1.1239321943535
did:plc:tjm725znfniwl7dd5x7znfor	4.61408645106435	1.5943548959898
did:plc:tjnxdo3erwxprawnqgwoejuv	4.69352893775075	1.28700333478579
did:plc:tjoab2lqwpfdebgh3xrkrmxa	3.1254323973415	1.52879748464846
did:plc:tjraqs2s36punt6wmmk2tled	3.40196640126606	1.12050033025416
did:plc:tjrcgiq5c4xoqzs45hijre6j	3.10958379963588	1.60125514369866
did:plc:tjtfjx7dbyejz7hsuqr4cfzl	5.59171218701551	1.34978891051761
did:plc:tjtqqnon7rxwjm2hzhnftp7d	4.14876426139564	1.26368340092137
did:plc:tjuq7vianuond7qyjmbh2cju	5.60619551539834	0.946890314915931
did:plc:tjwaic3sleawa2fjraxeigrc	3.39776311809402	1.74241702458938
did:plc:tk2777hbe4zanh3m3ivzptph	3.97401601968897	1.7900881464102
did:plc:tk3s766s33yvvnfisr7jovti	4.52900491557407	1.71038737770275
did:plc:tkbvmz4h623lqyi4ocz4hie4	4.43019293342413	1.85195273975091
did:plc:tkgzgu34z5qx5gydef76lsme	3.77454965399863	1.46960672872344
did:plc:tkjqlzndfug3gvndpvxvi7v6	4.4317192441935	1.24025804616643
did:plc:tkjrgwvypsdavujkkniovfon	4.27174963485861	1.62543695361427
did:plc:tkkrdc5cdz2ztvpbkmbo6ndb	3.48658420866931	1.78347436480485
did:plc:tkomv7nkzxkmcauyzs4xz77e	3.83875589707599	1.42535056390036
did:plc:tkrsjiyaxqpopnpxn4thheoh	3.54550687478568	1.85788783303129
did:plc:tkvjqkgz5jr2dm7ptvupxixa	3.95969904141593	1.2843996483601
did:plc:tl2ieefe6wukp2cvmw5qfhpn	3.97571040665397	1.39800719309149
did:plc:tl3qyeyycxh22ohtuubsleud	3.52486602799204	1.14568626574641
did:plc:tl3uemp3f25m364sihsylv2u	4.15086123465892	2.14780786722653
did:plc:tl4o2iq7ryn4pvgqv3g7dvan	3.83679929667683	1.51358258056758
did:plc:tlg3w2hqwfhodttqcttvvpwp	3.31845098539817	1.30534068819235
did:plc:tlm4av6xjwyjedxxgvg6swyg	3.67607740307036	1.13458446573154
did:plc:tlnguhs2pkkplm3zhyi63lms	4.25445817286619	1.43214422716092
did:plc:tm2b7u5rhnaacx2a4jtretxl	3.34303085301673	1.50642789593396
did:plc:tm2czdjqjtjixqrirkctq4yy	5.04912091065675	1.2866511910956
did:plc:tm5r7glmtvcmnt3w7xcn5ube	5.30218583048085	1.45077901072588
did:plc:tmfbnnxzm3sisejydztrngq7	3.75576729292552	1.56192630482893
did:plc:tmhojazie2cyrvu2vxwqh7bt	5.29260911424421	0.921893382704079
did:plc:tmjlmc454qrazauv7keumt2x	5.04773903762216	1.45037322629646
did:plc:tmnsuve5whg6ei5v3rzi4jh7	5.08568678890021	1.38458233306533
did:plc:tmslfhbfsmilowonbjj6iunb	4.61962116913862	1.41566018908685
did:plc:tmwhltskzr634hibolorimbd	4.96226709179274	1.33245056365307
did:plc:tn7bdm7bbgcqyltwkrhguufq	3.86382905059314	0.492945814572305
did:plc:tnl6kx4n45ahmusu6zvnjaqq	4.52383059327772	1.40549354292768
did:plc:tnnn7sy4zhqptglvrbyjst2u	2.46142667818472	1.61042750462086
did:plc:tns72fnwcjeoor42m4nppnhp	3.27221571822114	1.81086648733966
did:plc:to5wgkundrn47bn5hsepn2ta	4.11715988758265	1.33894273502454
did:plc:toc56vuzzuloreqigtloifly	5.17829755805003	1.47983299816491
did:plc:todhpirdb6f5cmzvapek6aye	3.48637608228802	1.60246381394197
did:plc:todscpyst2ls7ebdh47yahud	4.26457624695876	1.531744128503
did:plc:tohbf5ydd2x5jcey2gnmorci	4.03698448720756	1.43928263881442
did:plc:topm6ersprsiu5baxe7ix3e6	4.01703432745879	1.83879252384873
did:plc:touiwfqrgy22hgdvhdatyc4o	3.73911839781109	1.59591718174424
did:plc:toyhzmuwbma4ogddim3w52eh	5.51671628032481	0.960808125050939
did:plc:tozcv6yyxjh4qtlnmbcntop2	4.89940303706413	1.37596910922627
did:plc:tp2pody6gs2pxycbh7jm3w62	3.32598740038437	1.39857085848797
did:plc:tpafprgnflkj53jhyc53tcrr	4.43567921927611	1.38169621624335
did:plc:tpc42zt2y25vzh4a2djx5tvo	4.91538508280132	0.399632901904334
did:plc:tpdgrgpos3qqyzscknjqycxh	3.52211243122552	1.4076799891997
did:plc:tpf5sewukevrnfr2beth4mt5	4.02071554145566	1.37563288882893
did:plc:tphto7zd5udi32rumijiw3mp	3.12840249743447	1.56304459338697
did:plc:tplezi56uidqb2chc4bfgwzv	4.94083448740845	0.931981802522621
did:plc:tpojiophudllwrvt7554wknl	5.82541008794505	1.33830487927393
did:plc:tprdbw7wezyhkb2slvoyelpa	4.85929872138446	1.26195911186463
did:plc:tpreau3mrdx77st6ijyurhcr	3.72320783925108	1.83517290039121
did:plc:tpttt3pfpc54vtiscy6his4j	3.78191146041886	1.33781411344779
did:plc:tq4wmaeg2busqe6yued3fcxu	5.10261576311447	0.791741656506793
did:plc:tq4wru3sf7s2kplgcecr76ym	3.39203213377999	1.22944900452518
did:plc:tq5l6yprfau3bigqadzxvhsx	3.95433072396639	1.40492043569089
did:plc:tq7bg437unenutu2ut3oxtvm	5.21162387931431	0.967178498069852
did:plc:tqbnhhh3p5ibxq6huutm6xs3	3.64322743702636	1.94196288973126
did:plc:tqc653gomiiwv2prapy5nzcu	3.8503633038099	1.52655655768707
did:plc:tqiorfleh7vvvvetonnx2m52	3.94128438025187	1.72817265810949
did:plc:tqwofucbfltkeosapo5vysz6	5.32087269415543	1.18383323166898
did:plc:tr7sjj6cufgifqu6nkvstnap	6.71338016618706	1.13178890976133
did:plc:traix3zdoere24zylkbnmo6d	4.31742828329728	1.60388742363959
did:plc:trdfsm22tzy5w4ue7l5pqfyt	4.09463896452707	1.02745593142892
did:plc:trfmgk7vyv6xjkil56axttpy	3.27619299602809	1.64100129508886
did:plc:trizlue53kzhl7j26jvbr3bq	2.82895143715536	1.6106024452048
did:plc:trl55uqqcq7hgslqeeyaa3wx	5.74039883854278	1.19955277024905
did:plc:trqqcu6a3xwkmserqrohveu5	4.6668516170763	1.73687790500866
did:plc:trr5225vkezmdcw6yq6qhlcm	5.38821245379576	1.05702169396073
did:plc:trvoh6g6n3uywsnwzcyegkyr	4.52943210194077	1.46652526288879
did:plc:trwnl6rugus2tt34fme6ifb7	3.45606085007679	1.47035596566659
did:plc:trzjkfzlmd33d2fvyh4nkw4w	3.46022061313082	1.54504984184848
did:plc:ts3sjs3n7dofnpr6nkfufr2u	4.26752125885282	1.37027695518774
did:plc:ts4c373b57ycggi2dypd6re3	4.41428940629699	1.38593526141792
did:plc:ts6tkcqygggshvjnwnxqcj7a	4.06449563057844	1.50264768498839
did:plc:ts74v7ekigc5s3zdsxpg7adr	3.87578712609793	1.44831378026587
did:plc:tsd7c5wx6mta3nibhe4dgc6b	4.30064133768395	1.70426184960413
did:plc:tshujrc5evlc67gr6ucgkloj	4.06411652944106	1.38552917119928
did:plc:tt4yq53zzqppumhymwtvxwrm	3.31158107984966	1.23779045363098
did:plc:tt64dynnsuvwddmrlbp5bt5h	3.52931403908643	1.95332959042441
did:plc:tt7xdpbhl664xj33uh65vd7q	4.06333300782566	1.43420132992293
did:plc:tteq5j4rveg4a4yefi3npafv	3.40980668751612	1.14666369077149
did:plc:ttj5jainmvousynpujjd6fyl	3.91888682243141	1.52162666529393
did:plc:ttoeyfeh6lk3zrdr7oyzgfq4	4.03224002468835	1.22450957518694
did:plc:tttz74wpqm4desspgrmrugg5	5.44103156650594	1.07759255054441
did:plc:ttwbsnsrgdadl6kpjhqicnv7	3.27816013686568	1.37715325676262
did:plc:tu4d43ehkpc6mg2tlsyepptn	4.0865203178554	1.58416925559861
did:plc:tu6a6r6n6kgtm45uraj6yc4d	4.48060588080884	1.11068882376528
did:plc:tu7jzdc56nevi5ikgjyapghc	4.4452953118863	1.30467990785159
did:plc:tucmenrzco6wlybf3ridqjty	3.31058367489228	1.54929242566023
did:plc:tudiaju2nsai7uhstsba7dly	3.5444487603461	1.34265192845484
did:plc:tuijmy3dsc4ajiy6vo3i76pc	5.56623932713808	1.22799688135964
did:plc:tuit2zy4aqb4h2wsyaxsaxwd	3.40118733719772	1.59879892257592
did:plc:tuj4sk5rsid5tbubd4jdgktj	5.91746014161304	1.07104852483598
did:plc:tun7gxpr7rno2hm35giqqlny	4.40210028080248	1.64884503718685
did:plc:tunqj2mo2fdgaghubol7spfi	4.09451223931209	1.51555171990913
did:plc:tuvsihk4u5zhjuzdhnkhro4j	4.05324737560227	1.3525056405794
did:plc:tuvyxqz73gh3i73vso7qs4mt	2.81074734837381	1.19886161658891
did:plc:tuwcabmrhyogznh7bveyxr6v	3.2845682346716	1.34264899290748
did:plc:tuyimu5zwm6pabsb3uat6yvc	3.86478759846044	1.75941498309504
did:plc:tv6yddsiv36rvhioyraixmrt	3.03395718851889	1.8718778067555
did:plc:tvchueekx5ivqvrlzvoiq3rm	3.70461656329753	1.34583584090435
did:plc:tvkhblvciqdy2llps4ouyhid	3.32694551512749	1.91917313473896
did:plc:tvn4zjdivtfyn6dzqluarp4m	4.05090440420366	1.44601040069396
did:plc:tvqlhgifo4zkmincpdazhhuk	4.12237700776641	1.19790353038297
did:plc:tvrj5k2yjcrjosntkl7smrx7	3.31973957722412	1.67611324812828
did:plc:tvyuct5rg4sxa4g2k7xlnfik	3.31857358799593	2.16033084153218
did:plc:tvyyi66uauobz6bvabw3tsn2	5.88833443406043	1.1055344345259
did:plc:tvzhgll625jrsgiaskf4aenq	3.95415257526424	2.0001771602353
did:plc:tw34wtwtjhsupduatlnj66pp	4.26706250273909	1.31085653906571
did:plc:tw5bczsxphl5lwwc5axmmviw	4.52381956611094	1.3883810813541
did:plc:tw6ay4ftzqfrmszcqziikoot	5.38103543787145	1.23788699095895
did:plc:twjo2azi2gj235m23bsv5g7i	5.42173654601246	1.22443780626352
did:plc:twkif2y6tcmbxezzglkxppat	3.40101729370071	1.37798386043888
did:plc:twkzdqe2i43szwuhohikxvjs	2.94591360366994	1.4645169049686
did:plc:twlowj52rkma767o6er3vqzd	4.78522322704698	1.34515260582157
did:plc:twnhvzjthfe4jbo7tpskeepn	5.93070363616015	1.11216325699251
did:plc:twoxen2xm7uo5wqqx7prak45	2.36064118322773	1.47783363451544
did:plc:twrfg3e2zo7d7qwkkul5a2ir	3.97203004640385	1.44155798143203
did:plc:twrp7n22y6kbmbijnnzutxfr	3.14181332207582	1.55820581158128
did:plc:twsdqbkfdxtfxm2ztd25vcw4	3.85660118306271	1.76631937005899
did:plc:twtwyiazncfwczvt4nkbzwju	4.35505553613232	1.78240787698008
did:plc:twxxqefsppmb5iln5v7wtzpp	4.73172042652925	1.39476663982426
did:plc:twzensaq57s3djqulr2e5w4g	3.8739187501287	1.19890585001284
did:plc:tx3m4oshaqefykn6ivbzhhor	3.24352790418352	1.54032111678941
did:plc:txmgfo2bby47uzocmfrkjvce	3.75739290973384	1.38700416018288
did:plc:txmp7j5gqrr6sxpqo53e4quj	3.19114982753874	2.05936196264312
did:plc:txn6mpot77lqk3dwbhnpabri	5.12374236201041	1.91696599146756
did:plc:txnghan6iiper7qi2bntxfk5	4.41373248936905	1.32205397165199
did:plc:txny72r7fcmgcieb6zoujiyq	3.697068534396	1.50747375367859
did:plc:txqs2yygniqb5casdpxuvbbh	3.48310796743066	1.75908941381517
did:plc:ty3ssr2arof52mgn35pgvjhy	4.31915359806086	0.87921410943207
did:plc:ty4hoqj5ljldgcpdqts742jk	3.90752065685273	1.3096833722679
did:plc:ty6dj5lqdnj3ognl5y5eq5lb	4.22352010012381	1.29348256697483
did:plc:ty7plzf56li3jt7dq5rhrygl	5.91090833720939	1.06109680701526
did:plc:tyju3pzvhiipgh2xwm7ro7ml	3.89116194219687	1.44628704005024
did:plc:typgoyl7xptp63cdai4nmhug	3.66283244695357	1.26133777754231
did:plc:tyrarskocliaetu5kce7ubjs	4.35671788781095	1.43799511609521
did:plc:tysxprr4rpjy3h3yb5wc7rwl	3.7916463038961	1.56576955601181
did:plc:tytwfyqj4vakh2dzmlbkok7n	3.75590191760276	1.26587061555178
did:plc:tz3ivebgacsxrkjctdjyizb3	3.26829716983374	1.52269258363224
did:plc:tz5pybidcbwbp6h3ofpq4r36	5.43219108358628	0.828839835819411
did:plc:tz77xobh2e22hrfpmgzqxtua	3.58408186073914	1.40480173804145
did:plc:tzb7ohzfafyj5u5lk2ic3rgh	3.19563861847169	1.74389952422995
did:plc:tzdjzb5za5wdjcuuh6gl3myl	4.11976817265735	1.34749862939056
did:plc:tzjiftl53rf4h67keufjjkfj	4.75579319984838	1.3078555129907
did:plc:tzpbc5xwighnp2prtgobvfrs	4.0134027663598	1.17447770255049
did:plc:tzpei7wwnb6ctynfpvbcu4op	4.68239215464441	1.21348800992471
did:plc:tzqqgiboscvdbvnwbenvgafb	4.33562231915931	1.03385645820563
did:plc:tzu6ldl5mztqyrzwwrklw3g3	4.63969272999001	1.02958070396231
did:plc:tzytb3eqkhwt42m4orxtqcwf	4.26949666687172	1.14243784925505
did:plc:tzztxtdo2ueyvegdxfaymqed	5.7314722129483	1.23874599565058
did:plc:u22b6e66k6dhpbhna4lospsv	5.50654238204554	1.08475374234217
did:plc:u232rso3qkqcv6tu5krntwpv	4.14303376111971	1.62844298685115
did:plc:u23x2dljjn36qxzeqhbujgq7	5.58349937936862	0.662617851621348
did:plc:u2bm7m4qbzfnca45reo3tczn	3.50704513114651	1.17267397916033
did:plc:u2cetyowfmsmctxyheoumx5m	3.24133357148696	1.61062426975882
did:plc:u2cy5pf37jryy43pwzvetvcd	5.06582634120939	0.995313645963095
did:plc:u2cyql4wqssgwoscjshe62oo	4.21412597130486	1.20695113695759
did:plc:u2e6fcrhjt744enjryelsnmo	3.86652766828139	1.68903055410479
did:plc:u2h2dzzlvq2le4zwsjudwzij	3.3640777223061	1.3662279791784
did:plc:u2ja6girwyf4t24oeffnm5bx	4.70899056940907	1.55231208745269
did:plc:u2mwb3cjygmchehzg7lcgsf7	3.60567685802166	1.52009547170956
did:plc:u2o7a6axcstszygva2k7l3ja	3.90536933556775	1.42615978672135
did:plc:u2oltp65c3hcyymfolmda3gr	3.76987570374361	1.40605835386696
did:plc:u2omesmiefexlb2sbd57lbhj	5.16467208979684	1.33472929409735
did:plc:u2v6ztqagldvawtvs2jq25ez	3.4354937017575	1.48288511346997
did:plc:u2vkdy4cm4mgvdcgjwwwv5dd	4.02880056828435	1.57903236607005
did:plc:u2wn4a7bcdhte2z2dag3wafb	3.64473822723808	0.919516671838746
did:plc:u2yjc5aornuwmsspmwwxedxc	3.02259996870151	1.68879554103907
did:plc:u2z6kydae6pzbalrc6ooiwk3	4.23693383945757	1.65384882731363
did:plc:u32tdleouxdxyffwtvowl52z	3.31433117521756	2.09544753325969
did:plc:u3aizqmhwq4ik7h5y7hatj35	4.58330858290478	1.85199556105665
did:plc:u3bt6c2vcsocwrdn5zgih5jb	5.88442540318715	1.44274592903859
did:plc:u3fkiwnoetxvkqijywqavpaz	3.96267050829976	1.24648461610344
did:plc:u3lak2awyopgw5aft2kddvp4	3.91182199939852	1.70196649499373
did:plc:u3ncz5jvcq7vvmv3dxv3vt27	3.76416476644162	1.55392066943739
did:plc:u3nh2cavybsweht4umlwik63	4.08155588676346	1.46912214432154
did:plc:u3nlcopdx23ecr6vhmtot6fu	4.26638386435953	1.42543764917607
did:plc:u3p57nctutru3w7zxahsoqfh	4.06362187833131	1.54214850677261
did:plc:u3qvtiuzqnveiepfypun3f3d	4.3249727549544	1.39127170067225
did:plc:u3racsov5e3ekjr3q4witypp	4.15904735404801	1.49519050234585
did:plc:u3rt6f2txv5tqhiknrrez4mg	3.88331160446943	1.38118165681034
did:plc:u3uwawn2jwt66xocclarcxcm	4.49583609806394	1.0947855437075
did:plc:u3xa5imoqnwtni5adpasevbi	4.06235259155559	1.45100156359269
did:plc:u3yz5hikgxsl7onovbc3u5oi	6.40208510440948	1.35555170527992
did:plc:u44dlnbolnzxtqqtu2vtvqwh	5.01479972830987	1.57075995315904
did:plc:u45kyphro5k4cd6g4biahlrr	3.91185534335294	1.21919728701012
did:plc:u46mmeyjbyex42czi536wv7z	3.18510528681777	1.56766763487151
did:plc:u46zqp3efwooqkgaxo4z6tot	4.58016409550085	1.11462375530042
did:plc:u47zmop252rs4b7pswn4tbkp	4.66430467191124	1.62509608281026
did:plc:u4dfhckzbvlqlruvletlcazx	4.61196541076195	1.48769169046701
did:plc:u4dr7xyimqi75fhn4iuqmgnn	3.58309334432001	1.35992304367446
did:plc:u4imzcsgxkbruljzfckn6ru2	3.47075608975178	1.353676388756
did:plc:u4lpq4kj6kqpazypous2sb2s	4.09268879734743	1.43722086811925
did:plc:u4rygcnsoe5edbjppjh5sp6k	3.75700474290876	1.28158481636213
did:plc:u4uq4gtrajn5mbtwzb6z4nqt	4.07662736328215	1.47144488682921
did:plc:u4x2b4yr7b6lnebribn6ol6p	4.49303009977425	1.41527496722601
did:plc:u4zms6fnlmsg54zwr4q7wk4w	3.67765502108129	1.71093628240349
did:plc:u53sd2lazgan34sfh32y6e6o	3.62535696900557	1.44762801169329
did:plc:u5acnamtfhxdetui2kqam4dg	4.45556061433962	0.924354473037871
did:plc:u5az2j66ppyjdadu32fh3hkm	3.30400419650967	2.15468478540064
did:plc:u5bdogieckeysmutj6dooc6j	5.25412254887549	1.46044766221469
did:plc:u5e75b4c5kzj6jrn6gllt2j2	5.54447088363855	1.34130505344614
did:plc:u5eereczklgfv66tpxl6p5ye	4.59803975788109	1.42632121227746
did:plc:u5osoqw7jzz25fpvaxpqj5qf	3.79289683787631	1.23633469386623
did:plc:u5yauekree3wsf3i3r23qopg	3.89108155316102	1.09561373302846
did:plc:u5zyecl5u6dpn6ex4adpdzfg	2.76303812811105	1.51937213871349
did:plc:u64dgwgy422jfvigt2ha3koo	5.46668022295727	1.26813196387345
did:plc:u65n36gpsfnifq2xmpdm5dli	2.68678257726892	1.34461986702577
did:plc:u6akxed7uvjoe4amy4btdh7h	4.26904797134848	1.37605439323805
did:plc:u6al7nu6yrx7kbnhrj6cnhhr	4.03424191035115	1.30529554828993
did:plc:u6aq2rxwfucsi25neccvllgq	4.85683373679233	1.49345163755123
did:plc:u6cchyanda4yiu7hr24f7gcu	3.11304058427731	1.43163672364644
did:plc:u6cwfjmq4uqcygbfpsehndgi	3.41768756808774	1.57118936879101
did:plc:u6ddb4umofy2tjxnkr5wfued	5.98072587422847	0.779395341059411
did:plc:u6gshzjwgzuezus7u7fjwwmn	3.7891302505193	1.36367425151427
did:plc:u6hgodgb77kwqk6gufbevdlg	4.31412482063683	1.36820979316844
did:plc:u6iqyffz2v7d5ndu7vbeu4jf	3.54009301491776	1.91908931486672
did:plc:u6mrvoy7ubukplal3o7qxvnx	4.65024287005	1.44015613834892
did:plc:u6uzxlvxwfbvreu4y6uswrhc	4.08295246395528	1.47647880894481
did:plc:u6v4keilih2wcceyx522bkne	5.17431495138769	1.3460637042249
did:plc:u6vpfgqqcqmoxrprdijzkfvn	3.33552185950858	1.54750429279018
did:plc:u74fnb3onqgacmbkgj5bdxjd	3.78363381535914	1.55803920759242
did:plc:u76edhqxahtri3gfhowrw3g7	4.05955606749279	1.57380460499989
did:plc:u7ay2nvkcj2vtp5z7lorovov	4.13272876926285	1.32375891002109
did:plc:u7cizzzgoh6n3cpyyeszln2l	3.45751502189192	1.43755952676829
did:plc:u7d2tb3eetng5yz2l6ywjyo5	4.23644390491188	1.36091116189542
did:plc:u7gjbxsgsbvvbrvlvpzzid2e	3.60742234176149	1.76755820322831
did:plc:u7i6zdv3r6bnra6ovstiblne	3.79777141642745	1.69131692259503
did:plc:u7ogzly6babylo7ohaoqh3tp	4.0884603110033	1.5482462578689
did:plc:u7r7lale5v37qtaf5bvd6bea	4.21292021852689	1.66336935248087
did:plc:u7sa2qgnxvvfjiyjmj2uzez3	3.21445332743701	1.42001875724828
did:plc:u7ytd3oaewpfcx53muz7rprk	3.21315387115238	1.72470706428323
did:plc:u7yz3acjh5soxwlex47ksjmj	4.55724621383535	1.35749384564541
did:plc:u7zqmmyei7m2e72mtkoqir45	4.13921345573067	1.73245875843255
did:plc:ua4pzulzvmwkrqivnz3ujofh	3.42920938717687	1.72667516972913
did:plc:ua4s6jntf5nsr2xywmhzxujb	4.20174489548976	1.6264493272152
did:plc:uaclwuspey5zksgiapmw2as4	3.63586551228217	1.18575152442309
did:plc:uae6quhv5vllv72kgy2q4ejg	3.50858511552892	1.47864162042377
did:plc:uaebnyp63csosznzpqynyt67	4.74662304639754	1.46685117761679
did:plc:uakbnza6xxqbtxgwywr24vxp	6.24395102384806	1.29718210888028
did:plc:uan3ql7k426h24lrcirjlmd3	3.96321730897794	1.49261106555516
did:plc:uaqqgmee3konoefzz7lewi46	3.89880876413652	1.30766303495654
did:plc:uat67nx2635h7fzfskpuznxy	4.55232350166081	1.25429275551879
did:plc:uavpfe4ynpamdx2hyhzax4vl	4.43066167938176	1.47656900286776
did:plc:uaxiibgaijgxff5ph5ia4d2l	3.54095698864782	1.43922628093142
did:plc:uaymz2fobcm7r2gajxbg2y3a	3.58839685839515	1.36741084182615
did:plc:ub5a5tb42khikx52kgyjrkoc	3.77315536453763	1.16212328522884
did:plc:ubadnefbssgrsuk7jhiewzlw	3.95173871266395	1.6318805699033
did:plc:ubcrxayf3rflgr3vmsvpnxwj	3.84647202218696	1.46331363979404
did:plc:ube2ctqgr2v6gurpmkkjlfsa	4.02714056401964	1.615035991615
did:plc:ubfdzwsnqhetexdiznfittgo	3.44972938872832	1.25476871200427
did:plc:ubrxsyhq7ew4lmxx4sutenjf	4.17463517428241	1.60406730063414
did:plc:ubssbhjvzcuz3zcftjvduand	4.12156370909038	0.792065244037392
did:plc:ubwzdloqsprachrqvkuljgke	4.31799678369044	1.0125151810555
did:plc:uc25roqdhnwkxw5clvhrzfu4	5.08794627856053	1.82588375520431
did:plc:uc6n3s5n3s3elhb6zcc6e3yv	3.79884622103084	1.88099162735837
did:plc:ucf6gggeoet62be4gavk7uy2	3.15935806006378	1.70016617442433
did:plc:uch52ptg3glaejm3vtcjtdi6	3.08708673742733	1.66127436405262
did:plc:uckozu2ukxzrlkq6f2jc552b	4.64768996188447	1.72469325212325
did:plc:uclehhmqv5watycpquzgwbmo	4.16385614543677	1.35730857425736
did:plc:ucoipimtrfljhfaeewjwyso5	2.60502686000023	1.52525278577456
did:plc:uctdndcln2zqkfuhus2pdxcx	5.50266639812018	1.32041489502453
did:plc:ucv6vcg4y3ysybofm2ctvylr	5.11607349504335	1.35100944322279
did:plc:ucvwhu5chruikn4th5zww433	3.68341572009568	1.60303744869322
did:plc:ucxzjfkr3tteyv2geqhomya7	3.90512660417985	1.67622442944744
did:plc:ud6yuy6ve7sdd7ejcyl7afdx	5.44734343173343	1.00939747773509
did:plc:udc3dgseebc6lpf4epmqwnry	4.38119384773482	1.14043736673791
did:plc:udenoue2w6ffmxlwmu7nhe4j	3.81371797209419	1.46751122444774
did:plc:udl32gvzs6rxdxal355nfie4	4.487689708364	1.65828230946848
did:plc:udqdlhbxvcby4qc77fnn76q7	4.84090581082025	0.84242445242732
did:plc:udsk5uduk6g2oqcjai4hyidv	4.72435417219673	1.57557143711353
did:plc:udyn2dmw2qgvjelxvh7zmti2	3.29276017609617	0.50859547216531
did:plc:udywi35s24jawkiom5e7q6nl	5.00839819134341	1.20337933969545
did:plc:ue2lcojkacg6v2zttovbyvau	3.93367786183268	1.21230656713333
did:plc:ue75ne5tj6fodifzqhne7zcv	4.14643689441853	1.23069389445134
did:plc:uecpqim5k5v3hhsmlzrv5zgw	5.38859162677473	1.53078630348982
did:plc:uek6724auuzxlkkfibg7baos	4.89905588029848	1.01993894824281
did:plc:ueq5tdzzgr6micv7l4w3nsom	2.67553291138504	1.35680450860745
did:plc:ues3k4hdeuez62leyz5ck7rv	3.2019972986267	1.87372544550642
did:plc:uesz4twpjyxhawilgwhdgndr	4.90527792713893	1.42032350855736
did:plc:uetpa6zbgtte5k5pdgc3onni	5.57959513398878	1.12132320578214
did:plc:uexdipqoktozbxvovskl666i	3.84346920659009	1.42171802408769
did:plc:uexylw22m2i74izgdimoipu5	3.66855003222115	1.32049812158175
did:plc:uf4drtqdo3rwgu7ssb4gyn7w	3.56882423236805	1.95754315547092
did:plc:uf6puhx4xrnxullig2ehblx4	4.50648598621622	1.799955912016
did:plc:uf7ifra5tbvc47v2xu65mwlu	4.89434356201602	1.33317294031624
did:plc:ufaldcpv6rlmkq7l6e7c6ltu	2.81958908089215	1.53753782201936
did:plc:ufcln2odhgwyqn7oqw7bfckq	5.58119725383945	1.03308461540199
did:plc:ufhy7vxlegubfj27canil43o	4.05842387583603	1.44615363192314
did:plc:ufxvnxziu7izshwfahtfrue5	5.39551047469774	1.75422720478183
did:plc:ugcmot4f3ool6cottht63wx4	3.27053441628637	1.8275394986186
did:plc:ugdpbqtzdjzgfzvsm5hggmuf	2.70618417362939	1.29922651221223
did:plc:uggaadirmtpgaw7ampxhrb7l	3.20060344086318	1.65860941477576
did:plc:uggq6ypmrkmy7olmjxrqgbzb	4.07116952349352	1.55651195015946
did:plc:ugiffzwotpk4zsvvxyb2wazu	4.07761764094878	1.45253337110403
did:plc:ugnqnm67p7cydikgqlwbakqu	3.91255974516434	1.3448831902622
did:plc:ugny5dnah2rsisnmewyagyk5	3.11497238096275	1.13130303494759
did:plc:ugomw4kfsd4alsg675kik2ks	3.3724153703355	1.56826209565911
did:plc:ugoqmdaxl4utnj4csujswwlj	5.40008916047713	0.76588791939882
did:plc:ugwpwrpwx7xbj4sfbmt6qplq	3.44719736681024	1.89342520784336
did:plc:ugy6urufh3nb7rd6q6n2w55z	3.32887915832543	1.93962655346663
did:plc:uh62kxuh3hlwsafqy7y7qkzw	3.47880253124208	1.68022873333819
did:plc:uh6yackoetljeyqnwxcfqvrj	3.40524652722908	1.66168346544507
did:plc:uhaotmzv2gj6qkmsxxiyyg3k	3.06606650974328	1.60358931540547
did:plc:uhaqwu7xkeu6mioyesyqydve	3.61903846833246	1.38298671443022
did:plc:uhihhbysw6hovryk2l2m2ysu	3.54109286974578	1.70623732258169
did:plc:uhjg25vk6nmdkkwxewo7ewd7	3.5523362612211	1.86450910685807
did:plc:uhkjkerwbtw2ilam6w4rnucs	3.99149699900932	1.47523201270749
did:plc:uhmadnk6cyiv5j4k56qpzjtp	4.2920862201504	1.24434820371365
did:plc:uhoha2char3esjtuolhahusr	4.24162841531031	1.18922409702329
did:plc:uhozqf4zpb2c757q7c2fpecw	3.4530104310821	2.12861753010329
did:plc:uhrf2o7uue6xwg6jhsgpyqsl	4.05091237561935	1.05975487803094
did:plc:uhrjumdfcieuxoleubim53pz	4.86510899831499	1.16186850179662
did:plc:uhvpl4ho3qhtxh7czygddrdh	5.33871519756585	0.828181699196621
did:plc:uhxnkltjhsvjcl6yc2iybvfo	2.9381616835291	1.79654450829612
did:plc:uhypb2re24qfhofpsmupihwj	4.51338762994298	1.62124786539585
did:plc:uhzjedvdvizlizres2cs2we5	3.75891588153044	1.32155867288106
did:plc:ui4c7jhk5ys4mc476e7iehft	3.02732056943139	1.70458855825193
did:plc:ui73dhwdc4ucyf6s5okxcqtl	4.11118374546822	1.33500269131318
did:plc:uibivczhs2nip3224pmzqciq	2.95252433529222	1.59267578661092
did:plc:uiearj2t3tdqu7xoq6toozwd	4.6358635280557	1.19246255449502
did:plc:uiegm3sn64cdmmwjpq7z7hz7	4.31133607930339	1.6111426622448
did:plc:uigngahsst2i47yzcxonc5zm	4.66125842971624	1.17527271049333
did:plc:uiial72azkgsxx4wptf6yplk	5.61238665480919	0.986924264489002
did:plc:uikngrydiciuf3vnxlx7i7es	3.33420744684064	1.68720315606447
did:plc:uiodxyckpye5opo42b3gjvfn	3.46978543709197	1.25891798490711
did:plc:uituwvaolnu3oky2kus5yw5r	4.03218370333741	0.979301287560877
did:plc:uiv6dgbfmobbmoknqq6526z4	5.76589125540171	1.18703547810059
did:plc:uiwtngpd3io6ejv3bqktgiad	3.58947883374956	1.47999647982402
did:plc:uj4amso3z2x3cthruztrxtup	5.44287832569516	1.13887002408752
did:plc:uj5p32pv4snytledjxpu2hi4	3.7662624850199	1.25010131024954
did:plc:ujbt6i4eqndcfxrkiqcesi6r	4.40584670404821	1.32984389896124
did:plc:ujbveb67bgqjouh4t6ekxatn	3.79719429457186	1.82365593718251
did:plc:ujdodzuw3dwpbma4vlygqcus	3.9824774722928	1.13835311920509
did:plc:ujhf66j5cjl3x56m6ckib4fm	3.80526370569139	1.46553644290037
did:plc:ujiag44ifyl4x547mdkfmsus	4.12466120398241	1.21598102760707
did:plc:ujljeox23xeas6la3k5oerdm	4.00415016688251	1.48965099740588
did:plc:ujyh4ebhjhd36sjyzvztt465	4.70660341295258	1.28365347431305
did:plc:uk5dtrdg3h52fsfljoibvzos	2.4572187972379	1.55895087308157
did:plc:uk7habvhxkvuel2doutkya6t	4.9266815988376	1.31266511568877
did:plc:ukcu75j3gogbr4ojqj4w6ieh	3.70149233043087	1.93699977917584
did:plc:ukeodpkz7jn6gpoyj4dhvhi4	4.31443557287277	1.18976631900882
did:plc:ukhv6maf4iyscqqhkr73qm5b	4.07488910830032	1.54747455400811
did:plc:uklkp37j2xer6ucqnr6jjtrc	2.88484920344285	1.55458972787293
did:plc:ukmbiykgfvxehanmbvr5nei5	2.93478409347801	1.7429705710835
did:plc:ukrlzxb6akwqilyiiqcooz3g	3.81170176060207	1.44353420278767
did:plc:ukvaupq7dzzmwyei2yb3bsu7	2.25300397543674	1.40371336854492
did:plc:ukvgexvsxemqa7b65576o5yf	3.60720765804576	1.28755173164135
did:plc:ukx6re2jdkh53xnirut6tr6k	5.40812938835432	1.22300501109978
did:plc:ul5fpaawpa6pti2hblsibpi6	4.1762544455729	1.01707904308619
did:plc:ula4ogl23sdvowwcspv5ewxh	4.58801307548424	1.40263070919925
did:plc:ulhj6c6b5hvo3e3x7jv6fau6	4.5517308978467	1.57304371631819
did:plc:uli2h4ub6sxvh44vx7neappr	3.25862579700469	1.65358611277342
did:plc:uljgwc5dkt4by6aboaaea7g6	4.05761636657413	0.961258803342962
did:plc:ulqc25bftljc5gxvqvyurmwv	3.12620921147016	1.2815782636594
did:plc:ulwoo4axh3iacyfnmkbkn6lx	4.58633517903491	1.4466963974912
did:plc:ulwop5bwghrqdeltvdl4ihvm	3.66615163861299	0.503317107379828
did:plc:um4xj5fffkccq6wm7tfwluzh	3.57388360737502	1.9218814324104
did:plc:um4zft7i3fmprwk3vphvl5sy	3.73972353026472	1.30368492022877
did:plc:umbyvka6c23ddnuv26qwqiod	4.10997772104456	1.2362426391184
did:plc:umeflh6rjtd7kltv7gwzaofn	3.79741990833426	1.29122742502929
did:plc:uml3e52dv6yomgylbmukobd5	3.6632731912738	0.988188380152311
did:plc:umn34wlw2afv7frnen64wnpv	4.58440875865546	0.917105304073098
did:plc:umpinc5rewkvcutkzpp5ay6f	5.70615139769779	1.00934942486525
did:plc:umuk5nys4qwot35hbkxd4zii	3.80573969342722	1.67086242406937
did:plc:un2dbatshw5aenomc7tkkqxy	4.37456343101702	1.15433592697726
did:plc:un4h6iv5ox4pur733zj3ytns	3.91756050618841	1.63392149861993
did:plc:unmu2dn575v7lexyvcirhgdp	3.01072848441717	1.8248069760358
did:plc:unnwcrqonysjxful2noor56a	3.80054877914558	1.26567051870144
did:plc:unprp42e63lsmvtpvufugp3a	5.08596588919246	1.39410343385698
did:plc:unt6j44wlqgikck55kwj3tqn	3.04629188892103	1.98400444889404
did:plc:untiqslmx7iujajcsevwgtef	3.50359094555751	1.64265755892612
did:plc:unw6pozq2woxwzhkaajgspto	4.14770746012307	1.85310367686651
did:plc:unyhmvbdrrlvfwm4zlwf75mb	5.76128192307835	1.12470723573669
did:plc:uo6hfgcbckffqd2k3wa4gnqe	4.05895686414913	1.84006965879421
did:plc:uo6zwxg5o4ldlgwdngsnpsot	3.94840755367391	1.69193207170288
did:plc:uoorvdz37tuwmnl3f3igaio4	3.12909470825427	2.00873449690629
did:plc:uooxbspnjxnlmjjkaikbzfus	5.51868100074149	1.09546875887164
did:plc:up6pxqi6mughhaeofhrfmkap	3.18239400371528	2.06461973576628
did:plc:up75jd4ycenjfhszt35k6gu5	3.42188448716533	1.51507450143877
did:plc:uphgtggmxea3if4ki4u2gnp4	4.40888163026509	1.04979926569337
did:plc:upj6db3cgcijnonsxvyccccq	3.68260592972413	2.1150214617875
did:plc:upjr2pmhhmcpdo2z7bwefuln	3.23378839289101	1.51656719045671
did:plc:upkqndsukotstippvsnlrw5k	3.72075378503802	1.73773688111466
did:plc:upnz7kkk2zy6vu5pjzemird2	4.95923485575831	1.17120588218693
did:plc:upp6ezdsjityf5md7ezazsiw	5.14952202767623	1.18043482475143
did:plc:uq2w6cnmmdq2j3qgrg7i3kj3	4.8578680482986	1.68074572919288
did:plc:uq3wrdzzppxa3x2awfs2uymq	3.24969902019938	1.53237418619856
did:plc:uqaboieqvavfgtog6vfn6txp	5.32873035778265	1.69062266129405
did:plc:uqabtoxms4jwvjzle64caorq	3.56006853986819	1.42856428622868
did:plc:uqaolxnhst275zsilq6n42sa	3.72294245317949	1.65116726761253
did:plc:uqen5hel2kvwxrnpofiqj4iu	3.82910851669089	1.76707501345398
did:plc:uqieh4vmpxi6hlo4efreenrv	4.33182449227646	1.14043402498301
did:plc:uqn4b5umlwdlsdvqftmwp5np	3.6822205418723	1.61358955050049
did:plc:uqpvfjx5xhzzxe7ylhenzoao	3.91569563127654	1.22529094384996
did:plc:uqubolvcuonenl4c3ch6c7kj	5.07488869940638	1.03533726290764
did:plc:uqzbv354p7ryvcxk6hi7r366	3.71047879574315	1.1310894462565
did:plc:ur2eygiczsdqc37vxzeylsjd	4.50954320335191	1.55275335977074
did:plc:urbhieikfvepwoyewz5fhpj4	3.44901986003022	1.57036949532747
did:plc:urdgppuqjc7tahkfiafkpnlj	3.26978101090408	0.444703350168501
did:plc:urf5nufhqpgm2qkmb3t2pftq	3.93171348247897	1.74516505001994
did:plc:urg7d3llesinxqcibo3swhjf	4.19148820984047	1.51379761462593
did:plc:urhyrqh3avuvztcjounjvyzp	4.65352161005712	1.47288478207608
did:plc:urns6df44y5wsqdu63rf2k7d	2.34591874460148	1.40801466773485
did:plc:urq25z7fb5tz5ukyfzg2x5pa	4.36808543807805	1.533743924573
did:plc:urrn6aukjvks3ryixpfvqm4s	3.89109493214966	1.79210885827585
did:plc:ursm4nazs4vun2hecpc2jm4d	4.11131366708464	1.59085471727962
did:plc:ursp74wrrdz4v7nygi5ng6g5	4.01699903666929	1.75452477698776
did:plc:urtqjhnuewznag4yps6jjuut	5.15881695263219	1.19043991474147
did:plc:urwhcz7qlu53qszyt54casqe	4.33236389913113	1.66237024868886
did:plc:urxnsbg3ulfu2gbrb222iwle	3.05060150040051	1.57908529908939
did:plc:urzyydnhcd7jgrmyph7dery4	4.56755705200157	1.18492844101201
did:plc:usabzcpavkrxxc7s5272yfmn	4.46674020323679	1.33593997083904
did:plc:usdgcjrlzwmhp5dtet63cl3n	2.679174705165	1.29805935383656
did:plc:usgstqdo3nj6zhtpmkftfbvj	3.61670213344014	1.60487890837838
did:plc:usjemaeo4cpzibocoyzom3dr	3.47250031952896	1.62079507377882
did:plc:usjf655xtsgmnf4cdb4kuiek	5.61969091498559	0.615503624903338
did:plc:usme7v3jnhtxaslwveophru4	2.61145295180119	1.40093314075953
did:plc:uspnsc44f7g5kdjyuq6tssjy	5.77696333142999	0.968708230003045
did:plc:usqualdgni452wvfiw3cybip	5.47091812117342	1.40489573860563
did:plc:usrehrhmfnax62g3wk5fhk2m	2.11365616563243	1.31691018648093
did:plc:usugnbvhavzfwvycoc6sdyp4	4.12831721202658	1.0615600281086
did:plc:usw44rzchp7mc5clv3dn42hy	3.97881847441256	1.23778163339066
did:plc:ut3gyqyx5ncal3uu5jctx773	4.02212724103133	1.76091370532222
did:plc:ut5f5unoxf6puhsu3xggl2nn	3.83208666085205	1.76306434602797
did:plc:utaywnvaxd5povo2bl63bvjb	3.38333175196185	1.68856457683118
did:plc:uthn5u5ds3yh5fmpgb5e4o25	3.44837530587115	1.68339779311985
did:plc:utlhh7v26wbwpchqusrfahfg	5.54240340978644	1.44806937626452
did:plc:utmpga2b3yoynrcxqljhupvt	5.06616754192746	1.0749347120982
did:plc:utomqors7grphriqvhiczdbr	3.8765724602235	1.50622752143798
did:plc:utrdsmi6crqep6f3qjeakljy	3.14399372716715	1.65040968199417
did:plc:uttr3viw3trezfjxtt3zmyfe	3.00553247380016	1.66996877879293
did:plc:utxuy4omqtzkexykvdvu5b3p	3.44695624811268	1.67279366706526
did:plc:uu4imirktm6zz35rixigyvvj	4.41070305484346	1.69860999765874
did:plc:uu5z26dxgsfzq3lwv6scazkz	4.17235051971647	1.32891118057555
did:plc:uu77cl2vb3hh77cpzgddksut	3.99003474356633	1.32328215586266
did:plc:uucmzw7ezolf4ec5toopin6n	5.28161412100195	1.23660912724954
did:plc:uufddy26ino2hcnrzmzdxvi3	4.38686881179787	1.51956011278598
did:plc:uuhbqztgk4oej3de6xz5j6jg	4.49784966987507	1.20140791843191
did:plc:uuhy52llxzvqboes2gy5foa6	6.03089135270374	1.1537615333562
did:plc:uura53ndj7jghxrr3orot4dx	3.76709301836233	1.38006034706763
did:plc:uuvtz3lvprcji76eo36bgiad	4.76006264065383	1.47550053347208
did:plc:uuxayaya5jmaoukwl73r4eb3	4.14536042087309	1.41005708578841
did:plc:uuyux6olfnnkiez5ffa66f5z	4.97193750553963	1.36598462471501
did:plc:uv3yltnbhbmxlmwktqam7xcc	4.2699992096772	1.31589847547948
did:plc:uviqh7w5p6izp3gt5sphpknr	4.37624724233965	1.36736519640068
did:plc:uvlxyjdukerjhjrk6g6mf2hk	3.55083065599413	1.71972294144783
did:plc:uvpacdyygr7gi5zeiyuycpgy	3.34370350037179	1.55274707509314
did:plc:uvphhtqipbt545b7h2vmg2oj	3.55938237545292	1.38526957853077
did:plc:uvpykpgwt626gcrzwkr2oytv	3.0291752820336	1.90481280502079
did:plc:uvw27f3kvucswlgqqmzgtc2q	3.26030769735927	1.7643257711872
did:plc:uvxdxduc2ugfxlcmih3wkd2m	4.02245779990637	1.5386196286205
did:plc:uvyukmyz2nje54jfwq5zmvah	2.51576729805117	1.49198539856382
did:plc:uw3jmsk3fihf62byyjgm4xms	3.2490733926344	1.34392331539013
did:plc:uw5yxd3kwsm4fo6vzvh4h7re	3.74697746858364	1.60722927056398
did:plc:uw6fyqnsm2jiaoiuivkskhyg	5.86548226972239	1.19470168993991
did:plc:uwbe3i7bi7ziqhrwrtuf22ss	4.60248244308566	0.949600079634395
did:plc:uwd4uryspdorhcrxfhsv4jt3	3.50066321063522	1.7891273917782
did:plc:uwdxsbs3s6e572tmuqe7hpvb	3.99462310919158	1.60426687800361
did:plc:uwhbwotzczqfyy2xdhjwktua	2.87283671705809	1.47132855910324
did:plc:uwkqv6t4qxmr7xclf65cej62	5.81782773755433	0.905568770861733
did:plc:uwmqqbe4442xjivdgsw5awon	4.26928407551288	1.61302716060939
did:plc:uwnfy2jmnoe6aujfszeza4zx	5.14773823929579	1.08656588148792
did:plc:uww4mnguj6hzzw2bv553ywez	3.91253231779118	1.38477192476274
did:plc:uwz4xi4poaljdpjzmnzgeema	3.79505765751838	1.45280684071689
did:plc:ux3iumy76xy7jyddntbpaayt	3.14603715465945	2.04201802072358
did:plc:uxbico5d2v4vvkvmey4dr6zt	4.21884851438768	1.55691170396656
did:plc:uxcnomk7tff2n62ofupizera	2.41748218078009	0.625524953091252
did:plc:uxh7t3xpnmzzlewxcqu2cxf7	4.49062460646245	1.57142318260998
did:plc:uxlodr5lilju7iq763bswmmr	4.65108362708612	0.925645939234386
did:plc:uxpaksotv7apls3nwmc3jj4a	2.17476726959826	1.36046331199452
did:plc:uxptxinytjs76cvzioquyuby	4.69381233378071	1.29198610007226
did:plc:uxqmf5y37un2zu7oraceu7mv	3.95597791335999	1.40605914731878
did:plc:uxrpn4hjgkr2npn2cnhrqdn7	4.41047662067079	1.56602135228823
did:plc:uxtvbjwknk2rkmbuojaixes3	3.57127279734843	1.6230033522951
did:plc:uxwd7o6raewsnue2rr67sbqn	4.04809602604312	1.44757937428204
did:plc:uy3ohznfeid4xgxwidqoeera	2.94194459175389	1.12497078920489
did:plc:uy5aqsbrt55acxraxfxclmrn	3.71185013145426	1.65813094731789
did:plc:uy6g5bgczvzn4degs24y6hqw	5.01022422628614	1.44177863872221
did:plc:uy6su5egfc7gg4ynps3azb4n	5.34829341323631	0.913221480158082
did:plc:uy7vlcc5fqymgmxkmjpkxujb	4.1432400899332	1.40802343522015
did:plc:uydkahs4sth3vfoapsha2rwh	4.00405876149262	1.35807365693596
did:plc:uydtiaz2vxhwtvjj4em6hqpu	4.1439442237972	1.3695645724735
did:plc:uyiggtxvgfgarw6wlour3odh	3.25010279578126	1.59797525738262
did:plc:uyj3wovlmuloi3dv44pnc5m4	3.0117404982101	1.64561712591015
did:plc:uylnvmzzndywucoysjtrbtjm	5.3196208621521	1.91431116490311
did:plc:uyq6wal3ufk62c5hqxdmsp3h	3.31614120862065	1.40933484484936
did:plc:uz5apa2z3jrxhjjzqw5qik65	4.55481568700557	1.50738379211604
did:plc:uz7xb455coxrakjmd264dpxw	5.25232221605979	1.10010599081515
did:plc:uzcmxniw5oh5ftsafwdkdwz7	4.79398006916852	0.785463219990459
did:plc:uzebyxtjgopo3kqpweoo26pw	3.11915917685137	1.87548448408222
did:plc:uzeg4zvs3nbwnqob4p2lhps2	3.89480002373027	1.71900946421309
did:plc:uziv4sudzve6ynnojfuth7sd	4.45209192572162	1.4558612190855
did:plc:uzli2n5uhjs4mfyz26kyxmfd	3.92573224896411	1.29624003167806
did:plc:uznkzj5ldobnksf7g66ejc2l	3.87945947711739	1.69746652818512
did:plc:uzponwooh2qjsxfmztjrbu6r	3.31518802206184	2.05118873186383
did:plc:uzr3nrljdkbrdjqqif4toj4a	3.731741800488	1.38282860009429
did:plc:uzyz5azhf6wq6gi27jjc26rx	4.63379644427325	1.40600759929731
did:plc:uzz42rl7b6yrrmevvrcp222l	3.76512459577923	1.8506978392562
did:plc:uzzggr4i2oh4jmdinzlzodzq	3.02797131398967	1.41059175539604
did:plc:v26smnhf3zklvov2htdf7262	3.48552839770724	1.50572280831235
did:plc:v27j62haeygcizdtjeso6b3o	3.87591113758761	1.58147688696889
did:plc:v2dr2otw4mueyq4tbhz5vwhp	3.28050721853247	1.60570068059654
did:plc:v2giyrlba7ovakjs4kqze33m	3.61046778805245	1.57143375627852
did:plc:v2kemxovhqnt5dzjpn4su4ik	2.63591711819141	1.63274581144214
did:plc:v2kudzrn2ipsyoeu4ddytfff	3.80800014583555	1.68474346778609
did:plc:v2meezwx5nzqdihpqjqrujdj	4.58102421076465	1.81223471635076
did:plc:v2mg6fhotsmfg7fgv3dilvsk	5.38737226926607	1.21681887007655
did:plc:v2ngarazwfojwxhky3enb6ix	5.21995369454772	1.617418678034
did:plc:v2pqp2i4isvknlh4cx4c73f4	4.84093773354147	1.42675424858321
did:plc:v2r6pdjep6xx4a2yw5n3kgqa	3.43526045045487	1.68703749068649
did:plc:v2rah4mrsb2sdadzs2pfnof5	4.38600542798233	1.16384600832419
did:plc:v2skwabneesvul6eqgj4uzwr	4.41158476076528	1.40642629395803
did:plc:v2uazc7l4wjofyaftump6lfd	5.00979294590987	1.20046990265836
did:plc:v37unk6ft23swflkkeehevy4	3.87138484787495	1.305950312223
did:plc:v3bxkbrezz2kcj43zkfoka7i	3.90824710420069	1.3283087378184
did:plc:v3fxk6ril66kxkpcgmgamtsf	5.08004624852478	1.31409100591189
did:plc:v3ih5oqeoebfymfy4w5dn2eq	3.12987088388859	1.91278563383993
did:plc:v3n4r4r4kpcmfvcg4esmkjv7	3.68833334726285	2.28745162020447
did:plc:v3vwf4llcxnd4n7rergsb5kl	4.46369575956592	1.49218232797148
did:plc:v3yus3fqq2xh52j4q4nlkcnq	3.45661731938184	1.31626129420274
did:plc:v3zumsvqasw3vtwjsmhkndvl	3.84090796638354	1.57203724837263
did:plc:v3zw6iunqfz5gfhgw54lvrxp	4.20847200738195	1.08573079019484
did:plc:v46ijbjrbgoybefokwtbefwi	4.37614058027885	1.50692435422641
did:plc:v4befde37v5vyrbydc7jxhyj	5.40096043483588	1.41934898281561
did:plc:v4cslne2lilqwjvfq7eyq23q	3.24390420585736	1.69006882244365
did:plc:v4d43mfxrcltudfkxaixshnr	5.82046942146479	0.822237143851794
did:plc:v4dd6ssxv52rsorwx355dbgl	5.12661416853844	1.26975242964335
did:plc:v4ljyd2rxcwb54ggz5ttdw3v	2.76407851148818	0.788819882027565
did:plc:v4qbndx475jdlbv4z2gbpevo	4.22057083869472	1.39091888281804
did:plc:v4trpbr5jwkmrzmpadsgmkhl	3.15524989623021	1.37281271462928
did:plc:v4uplp3kg4rii42zttdy5yy5	3.99237104920305	1.36862154290751
did:plc:v4vkwqamebtkgh65hincndj5	3.79695509975381	1.66077234550198
did:plc:v4xfi2g4mwlbuubbu34qtoz2	5.46854133286609	1.02418829480646
did:plc:v4yvzknxyno7rrpcdkl4rf65	3.81227274708412	1.44862092427791
did:plc:v4yxrlriibyqe2gulcrb3ls6	3.0172509665879	1.66469991269264
did:plc:v52lzpefqhhi54t5jxdr4kfo	6.83858799409738	0.825416014812848
did:plc:v53y4hbhp6mgdxu4rr5el6b5	4.90727650124118	0.952028651472788
did:plc:v54pzu6gs7d3sxl7me7gseio	4.74802020725619	1.51665273969085
did:plc:v56thwwlbrlephs4wcmu2omy	4.64320200807266	1.9382873582334
did:plc:v5b5m5xdskfqcw4xfqx426ux	6.81824561778009	1.2599790642296
did:plc:v5je7rwdtlfguunsyw67iezp	5.1009499687843	1.15880416059309
did:plc:v5kxewifom4zfbuny2zlmaxi	4.48309093982887	1.81835690613945
did:plc:v5mm4mwgufa2umrolfty7ebx	3.43883840988933	1.84800205566222
did:plc:v5qzyk5bcy3xsozfgk22hemh	4.04769323140084	1.05719617887407
did:plc:v5ryoozygd2eafb4cgpuqfb4	3.39709843901783	1.53249237500118
did:plc:v5t2tqrrtz64c6t6dx2j262a	3.2974606857769	1.97412821969057
did:plc:v5wf4c3r4qlcooomumxxyxyp	3.80110301660973	1.76472840911474
did:plc:v5z6js7qkpds2doixte75hn3	3.55642633919166	1.57438224109755
did:plc:v62emfy5ek46ms4wur6yfhia	3.90703545096225	1.50512293200872
did:plc:v65kjbech53m6yz2htcnramq	6.38190765129858	1.2219662805842
did:plc:v66kmfaehzwbbzzclob45tvd	3.4927965442896	1.78642800243854
did:plc:v66nn5ot2pwnmjpqjtkpq5rd	4.66650612893526	1.62289358741283
did:plc:v6ccyq3sapllvn3drxon43nt	3.98055179498366	1.40004555337024
did:plc:v6diubnybelrd4r3fkhyoyjv	4.82347779428108	1.46978153397279
did:plc:v6l4ehu6rzfpu7t7zqcdanms	4.29069495788024	1.51537836467663
did:plc:v6lji775qpn2ae4mrhlxx7wd	3.58799255075776	1.61713682403119
did:plc:v6tx3jjt24o7zndnybkp6jze	2.84407677709262	1.58852054985437
did:plc:v6u5qq4ednjgzc5gdjq54ngu	4.15914307106737	1.47579393973337
did:plc:v6x57ct65j2zx6ecpiypaqmj	3.96943384791636	1.41997690364388
did:plc:v6yci2abu4vlvxptwmz6umnw	2.90996146688858	1.40855953690059
did:plc:v76pu2725fsgltlr7fb42g2x	4.16687047773732	1.88007032583267
did:plc:v7ftksejqsdaxgd3ljz4fyu6	3.96595949344582	1.31063070859753
did:plc:v7gijck5j25f7wncrxwfm3sg	5.69381358746778	0.897429552929727
did:plc:v7laqanqoohu3pe3dlfe6un6	4.99949638086003	1.48351626316469
did:plc:v7rejnwfujfyw375sbbpe3mu	5.49967533461238	1.29247253060914
did:plc:v7y2kqpjlxg3sscolvhu46nr	4.32748706965293	1.57844118654348
did:plc:va2yfo5lakdl2ryyow5jcahm	4.71948808796039	1.20447258961432
did:plc:va5v3ow7tto54ftlbmso362t	4.48758067486546	1.69233438198273
did:plc:va5yoxs4wpisbvd3gyupk6mm	3.69514866767608	1.75622090536305
did:plc:va6stifwp2v2g5lmm3dbgn74	4.21999070795053	2.01364014059205
did:plc:vaa2ttiapa5nwdikpbkbtebm	3.636933385896	1.81492166178675
did:plc:vadhhjmjg72xmh4nl3g5e53i	4.38111414400707	1.48327959403221
did:plc:vaha76judr5w5d5cuwjnevrt	3.78301774924606	1.02911488519762
did:plc:vai4wxlq6iv47s234prcnwgf	4.88198325678857	1.36346837367011
did:plc:vaix3r377em7v6ad3ajgxkq2	4.60752198388719	1.40826364901852
did:plc:vajq3e7p4wmqhmxlt2cneq3v	3.05686028987507	1.49990034804282
did:plc:vajsx7ikyaur5ud5twxhovf3	3.44654052329602	1.84179099537792
did:plc:vap66g44rgi2algnrogcqswi	4.05383030411786	1.45665697954192
did:plc:vaushqvmkesneqgazqa4twpn	4.09304827406548	1.37733711389637
did:plc:vaxyggtfjgnf3o4nc52t5j6i	5.01008587576862	0.949473665692604
did:plc:vayr7xr7tvhdnv4o2l7zztwx	2.93667611286325	1.60676284866158
did:plc:vb2jxipnbxshsmanf5oy4iqz	3.93992693241463	1.63973515050595
did:plc:vb63ziq7kbmet4cko3qh3oul	3.93276692229989	1.76654153812543
did:plc:vbd5tsdfulac2pxbgbijpiys	5.28328553682255	1.06829936984051
did:plc:vbhnwyp4azly52scx52hyzvs	4.06082218431697	1.43607351799316
did:plc:vbi7ois44yasynndllwc2eog	4.60030741797503	1.46228518853038
did:plc:vblf4fvlg2sn2v2pvyybscli	4.58606020924372	1.52599354109918
did:plc:vbthob2sf6n6dwfxyksoyx62	3.41416871885519	1.17601860868341
did:plc:vcb3ooeuamchdt3q5ln66mm5	3.96531906537536	1.3434776975095
did:plc:vcesiwnizjmxnebnneurq6zc	4.00565068046328	1.41002684635506
did:plc:vciab6ndxpsp6367c3fbtsuz	4.85376716134727	1.40607261182749
did:plc:vcjajmudndvamocggvln3phk	4.16417513868748	1.61287510705357
did:plc:vclsqhntyuq6rrclqs3s5y4s	3.78089312349813	1.29117572065481
did:plc:vcpqarbsul5zaws6gzu3qyw2	5.51617380985514	0.756661979964492
did:plc:vcxhhnt3fv2f4755n72hc6iz	4.68216660497853	1.2878556582442
did:plc:vd4bppa6pjjvwpyrdtsjabfm	3.28910754372144	1.89772017283416
did:plc:vd7umcyxjfr4byjzlma5akug	3.39492888816	1.97044258743008
did:plc:vdddwq5cybhaj3sfcoybjltl	5.79923428796213	1.10768896851036
did:plc:vdjhfybnacheanihlkmela66	4.49370157370802	1.12433122278907
did:plc:vdr34z6oni5dviiwc65yjxzp	3.5687808540382	1.30928311001021
did:plc:vdvuyne3fkwzujr64w5twvam	3.53535013557717	1.18274239934483
did:plc:ve5fkq7ukgvshcdhox62vzye	3.52531288522825	1.85211165153855
did:plc:ve5meooeefgd4gexifckx3vb	3.32897754913652	1.70955737603426
did:plc:ve7ip4kkc6lf22nhciebwddg	4.54592267039783	1.51375926596702
did:plc:veah5ltwwtoryolatwpd4mp3	3.59056724358785	1.81675297755313
did:plc:vec6hn23zhrler7a4tceyfft	3.51881696917669	1.32765595384451
did:plc:vefrhuanknbxwpzdstvjavqt	3.38012328230873	1.77704169778371
did:plc:vegspmbdnq2yzwkmipekd2rt	3.3104145794781	1.52464165385132
did:plc:vejnrbhqdsxixe67gvqmviwj	4.4619799367794	1.06928632250396
did:plc:vewntxeharhwf2ry6qgwt4t5	3.81472306140018	1.52849397658881
did:plc:veywhvtt6omz62pghqtzxiye	4.64260270884947	1.42782682051445
did:plc:vf2vnmwq6ztyxpfauj5kwcmd	3.67361717350548	1.66420067092383
did:plc:vf3hynjqobxa657txrrxvjup	5.65177781215907	0.980745749843219
did:plc:vf5mcfjai64pesobftquurrv	3.06099819896147	1.46731855075388
did:plc:vf6fuc445kaslovplemfyghf	3.35815088574689	2.10464956422933
did:plc:vfbfuhcodnp6q3k5tr3prre3	5.29391393099333	1.59070874788764
did:plc:vfe43geakpu6jhvc2xbyikgh	4.50675265161506	1.2491084646615
did:plc:vfixfemdrtdksikywaiu7xmt	3.15434243351712	1.26975438877855
did:plc:vfk4s3ynfmys7r7g2n4fdpqu	4.41577970194801	0.935668414640824
did:plc:vflzg6r65hq3wtyc4q6t2kig	5.1036035255093	1.50256749191652
did:plc:vfokz4phpir7w2vdp3b4hds4	3.35957079866487	1.08625548709982
did:plc:vfprdv3pff6vbqdyshyieujj	5.0950699818125	0.658018284241586
did:plc:vfrqgsyiy4o5kuigameyotza	3.68465238474931	1.23716186558746
did:plc:vfv4xfcvbu3wdiew66gchcpz	4.49614945679251	1.46336017368698
did:plc:vfvn73rculqbtq37pzaf3ww7	2.06271504541332	1.09470964831901
did:plc:vg2wyhwdhwxufmrpffjbyvws	3.20055846317854	1.79037225322939
did:plc:vgbwjdlaoqut3qfqu2zdqafj	3.69997495276783	1.59914630582474
did:plc:vghmmopvged5uqpenkahg6y5	4.53159858584583	1.54946335939193
did:plc:vgl6klz7k3fif2tjjsk2aas5	4.34228274805883	1.61420720189957
did:plc:vgnkzjpmb2qng5uk2nulfckl	3.90009316873168	1.46085094199439
did:plc:vgo2obzh7mzx5lntq4an62cv	4.17952187281688	0.980132806892633
did:plc:vgq6fkkxfcrqh6y3m2m6zroo	2.75270724652803	1.57692935946306
did:plc:vgscfrv3hvwverth3xzo2nca	4.96384939296354	1.95783111005143
did:plc:vgsxx66b2im3uutespg6sjta	3.39217425680926	1.62479364029196
did:plc:vgt242ok7lfnrrbyy2yuhgpw	3.83152166350746	1.3148203805616
did:plc:vgttb6a3ynxkvbaalew7cuca	3.30307205449616	2.1065307597452
did:plc:vgvcnwqz77jzmsehborunt3a	3.63891094286331	1.45340396529645
did:plc:vgvg2lib2qgyy3ps3nkhtijc	3.78657500808638	0.992805875484145
did:plc:vh47lot4jymmdu6sji74x32z	3.61415101438985	1.5003551528767
did:plc:vhaezpa7kkrz536ft635sygw	5.11041156017755	1.29573711838168
did:plc:vhaz4lq6dn64qvqk4isdurrk	5.68515914080376	0.0093669005288439
did:plc:vhbg2na3hkwlh4x2raxixlrv	4.74177473370519	1.20463773146652
did:plc:vheyfayyxnij6alcbgxh4dva	3.86012513655198	1.54023953754758
did:plc:vhgqzeosfvstjhxusz2tsxz6	3.28203556628303	1.54918914155425
did:plc:vhmeqpag4d3ubflbsrgck4nb	3.73753580867787	1.33313553555375
did:plc:vho2ztnqsftp6enhqr36gzbb	3.81692859742938	1.36704747426139
did:plc:vhosjas7dda2rz4hb4hzchy3	4.67745400503521	1.39287606749852
did:plc:vhpaajgw7u3jmyuuiz3ufoc4	3.01779358277902	1.77089222781262
did:plc:vhtbsh2cpnx3k2x2a6p7ugrn	4.3423145403246	1.10885278863373
did:plc:vi53pbqfkjflc2bn2nushkhj	3.99596201599848	2.61631853508999
did:plc:vi7m2nyzep5si7togd2sxjwx	4.39751132237587	1.50339395060295
did:plc:vid574zhugtfehgqnhelbhak	3.38698786701733	1.32117966741264
did:plc:viehvgwiz6y6v4iiyettxtov	3.28159089577049	2.0681752807158
did:plc:vif3e6ftavxnvi5vbonqb37m	3.82200648174308	1.57054625580916
did:plc:vifma2xkao62ezxiujfjtnpt	3.70388161272544	1.43563482605916
did:plc:vihgepscl7rjni2zapdpmstk	3.62434534099338	1.48558723152321
did:plc:vinpypszrgyyjmuih6q5cldj	3.43578454505914	1.75995245569736
did:plc:vixvmwipkh5dg3hhyl6ubqsg	4.13678172937111	1.68680813584339
did:plc:viy533g7pvyy7cesicxbqvm3	4.3957922117857	1.79265505087462
did:plc:vj2nmhuwlquyafhai7ixf4jb	3.05508244596828	1.5317480860027
did:plc:vj6u42nphmmmf3vprbsbtk6t	4.16161534662905	1.5311904567603
did:plc:vj7wsuy4bqxfms7zgwlnnvnd	4.01290964360172	1.52219224385252
did:plc:vjf622zqmhucus4s65xxuiru	5.31458643298506	1.16837780055755
did:plc:vjj46lojp623m6t2mibfev4v	4.66478820820806	1.63748824000055
did:plc:vjoepfncjsfzouly6kjqp4zk	3.71683142213594	1.25522217820923
did:plc:vjomfwdkkfxgy2r7tz2uelhy	3.24383573030495	1.82176504301043
did:plc:vjr7alppw4htiuieppbc5ow3	3.91446033122422	1.17623672939113
did:plc:vjxttbxyxxdikx4ig5f2azzm	3.79794531075534	1.41052819646161
did:plc:vjzenwwhwdnfk3umeslarg6u	4.67966488528146	1.34576250292394
did:plc:vk4ynas4d3eoptxqc7bdjozi	3.83742218869114	1.76622001505569
did:plc:vk7ednztldg7i6qifvtwvoqe	3.24806417917107	1.51899285916154
did:plc:vkbgiwdmrsl5uldobqrwbdvc	5.15580685387795	1.0443843233917
did:plc:vkgokcondrpgsjmsznr7wra5	5.54082490424641	0.932560515239751
did:plc:vkhvjjnmgxuvrieirxu2d7iz	5.14533319023498	1.04243232298264
did:plc:vkjtzb6xiick4fosbyg2kj6t	3.87177695827298	1.39920298383078
did:plc:vkltbvh23jcuq3nle4k2f6cx	5.16292210282383	0.911924721954698
did:plc:vkoki7tgzxuz4nqrn4aszwos	5.69523378710155	1.13753642120761
did:plc:vkqo7bhyaku3ag56fcs6yokk	3.75172456503145	1.46714307008564
did:plc:vkudetezure7laypirchxgzu	3.38530020282535	1.52159012921011
did:plc:vkwfsspshg2fzq43r6jbugbu	3.69424572583382	1.47683129641809
did:plc:vkyhm7i42zem2donpdtggg73	3.99574422696757	1.58462964093452
did:plc:vl3bw4s4stwqdnfbkzgb634s	4.90001710288574	1.7603785236438
did:plc:vl3sa2trxput6velj3lolvwk	2.75581141185417	1.76396232365902
did:plc:vl3upecczp3wmuepg2vmdruy	4.64219185488021	2.05772330219778
did:plc:vle6eh2m4baxxrhig4fz3s7z	3.33948068020154	1.46825529049851
did:plc:vlezlbigeaiwbgfgyo5coxmk	5.61729510190673	1.69494174607673
did:plc:vlf6iq2curar7s76oxmjaljt	4.07368755255625	1.41568770781737
did:plc:vlfwrnxv37t2z7i4fngcytym	3.41286953237764	1.73138129986432
did:plc:vlihmzxvpwjondmxahcpgke6	3.8136808085951	1.02569987795987
did:plc:vlls3vvfjfeb2idcarzcoisp	5.48558223226431	1.05564865294503
did:plc:vluglzldysytb4ju7hoh4gae	3.93799437605567	1.60370066446636
did:plc:vlvj73mwqtw5s7kua6vjlmgx	3.95149006576166	1.49023777474933
did:plc:vlymrmdza7nwh6xn4l4xncpn	5.04658144695759	1.31893082544385
did:plc:vm32saxfkcshqan455ng3qxy	4.93275878470594	1.26764813995851
did:plc:vm47pts345njeohnodtk36v4	2.89832047806469	1.57358418852931
did:plc:vm4zhefxfqattcunfldoqg4j	4.68610013820829	1.27467866394111
did:plc:vm6gqrb5quuz2r7dki7t4vld	3.93994755902259	1.36706668209482
did:plc:vmenuvmvpw24hshqb3ssxcad	3.79511228172622	1.54420488095009
did:plc:vmim2in3yt3c4gmxpw5lqdcn	3.60128174340811	1.30651625141091
did:plc:vmljm2tl5wj7wla33vi3vyik	3.93448480961224	1.37442881795578
did:plc:vmobqjkw5gburque3v6u23py	4.42367507700068	1.39603367736527
did:plc:vmxapuorjyzu7oi7c37y5ya3	4.03496104172466	1.40342936519006
did:plc:vn2xeaoj7gaup235o4qklle6	4.57615691378421	1.07536739435584
did:plc:vnfub5tj7tc6r2uhdlqi6mdn	3.42612736723667	1.54156241623856
did:plc:vnfv7dh6mqnmywkxuvplv6z2	4.04403948100958	1.33412595033788
did:plc:vnjdwa7hygqkl5ujoik7mkpo	3.07819253257587	1.97130616312025
did:plc:vnn2dhmyydbkflpovmxx77u2	3.21892782190084	1.39087450340865
did:plc:vnq7qvdcddvcnc4fgnywka5y	2.80188477429419	1.58921282079287
did:plc:vntfssrxdbbfboa7ymujc74w	3.70008348935712	1.89606382722946
did:plc:vnye6xadhhppmyfyan2f57os	4.33697225320768	1.36224531979727
did:plc:vnz5g7bsgfcnlz63bqkhtv2z	3.91957048368837	1.29288253056256
did:plc:voavj6wa6x4vhcadmvqppjf5	3.04930552661553	1.40009086168822
did:plc:vodeb3cpqtpbp4j65uah5gqg	5.22175045719094	1.02952292479112
did:plc:vogcjrkcgo2wv55q5flrnpez	4.08549372652094	1.81332855946178
did:plc:voghg47v7avhplrenbtsivms	2.92889341178758	1.52144276957984
did:plc:voguyt3jomckto6ww33ycpna	4.45792397397484	1.62498409572871
did:plc:vonbdyu7bgekhl6lemvqwbvg	4.28660662258246	1.19201170410114
did:plc:vopflsdbkbjisvxxeueekd5j	3.79700940515958	1.57593431441563
did:plc:vout4bqnh5nkmbkv67uuorhm	4.11734363376533	1.89571024237392
did:plc:vovca6kgp5ge773agrlvr7uu	4.36327612846997	1.73021128390979
did:plc:voxisiuybs5ntiwjclriduoo	4.32647790455533	0.866740180905187
did:plc:vp2dyn3uzdjolqhntaytchxy	5.11379766443218	1.09815514142324
did:plc:vp6azsuvlbbsiiz265s75kwo	2.3682967204133	1.31186559468515
did:plc:vp6qx7w24hdb5kmnbyadhp4c	3.75971587867068	1.3553634395556
did:plc:vpdgoqjbouumpqo3uu7pejju	5.32912909958034	1.23440616410133
did:plc:vpegp6quh7l3emgqyvhxxjof	4.12740929941125	1.40099151256684
did:plc:vpeljeqg3e3cosvgaoulhs3p	2.75736658226391	1.75895083544816
did:plc:vpft5oly6fhry5vj5h67oogu	5.54568758903531	1.01670005259647
did:plc:vpk6vserymwlpxq2mozv7swq	3.6797929002851	1.23242174497236
did:plc:vpkhqolt662uhesyj6nxm7ys	4.1772021495006	1.42034031920873
did:plc:vplzzt6lhfig34ys3bbv4igt	4.09440409785552	1.83035961160724
did:plc:vpobmsngmcuy3ujo46bp2lnm	4.23540799965765	1.46765049762344
did:plc:vpoyq5dedm7qtzn3sftxobif	4.25723521391637	1.2721218889681
did:plc:vppusgvb6i5tbocfq6iujrqd	3.20855967815096	1.50854279374038
did:plc:vpttwm5ovggtyefd42oyh4yg	3.61213772137467	1.56368328517767
did:plc:vpw26kq5iwcbrrvhfc4d3lqu	3.69100267117445	1.39752905838002
did:plc:vq4taglyihnbuhjng6qja4sc	4.58183461937102	1.52408710893799
did:plc:vqctvfowddjifuaxsxwgovhh	3.57552142435701	1.64161995755355
did:plc:vqgny46ybr6jhxwz6mgk2kpa	4.12914635600845	1.65602161049404
did:plc:vqgpz4zlf7x2dk3u63b6sqe5	5.63962044322392	1.21552408656199
did:plc:vqhkbntorwu5sgsbpiv6j6ob	4.87826229168474	1.53408225655257
did:plc:vqkdjdykixt5faainxm7ppvp	3.05339352956276	1.79015422145113
did:plc:vqn3yiyfc6u2ocnazu2cjdyy	4.1672140865338	1.386320176141
did:plc:vqp7ln6acjzk2v3vtibxc7xw	4.29743868123061	1.4967334393578
did:plc:vqsrl4657deycqgptpv5a5zh	3.6485223670165	1.48160469902916
did:plc:vqv4hc66q76cyb5dyjmc57gb	3.28427478090536	1.5361883500958
did:plc:vqvww4dxbsz3gye4emxubusn	3.97615675398395	1.28945680198897
did:plc:vqy6crxvstmowtxn3adnqybf	3.88020375137422	1.39131483850139
did:plc:vr5kl67vdpfygbhpni35nzoq	3.84126864411889	1.52180166397057
did:plc:vrlavdjilbnbwjrp2noneuhe	5.16780195557326	0.94861331062543
did:plc:vrmpingesundulvzealgb3mn	3.6695485263889	1.59721645075982
did:plc:vrmxta2lzn7ig2xper3cfbnq	4.41120149446753	1.35181842207748
did:plc:vs2lfijqegdsdrbpf3w27zj7	3.04197916429024	1.46559590208441
did:plc:vs3jn6dpgr5uumcdh46ywxra	5.32474162888631	1.55521622167505
did:plc:vsbpkaw7nssx3o6psj4humut	4.40431341639821	1.38609138665597
did:plc:vsds3qtg54pp5ivdsikhg4ca	2.48120264447393	1.2039138103082
did:plc:vsf5l5mc3s3nsjabta2ptaoc	4.63190083241545	1.77290510850369
did:plc:vsfjicgbjhcawhe3zxdrk4dt	5.27788288247264	1.04692844115303
did:plc:vsfkun6idt4kijea3cnzkfiu	4.15606113848808	1.47811142101926
did:plc:vsfl6kdoxdmz57vg3gnlg7uq	3.51625538217654	1.8324463758086
did:plc:vsijbz24i2jxilksgnl6ocpp	4.94149543749578	1.10931195577813
did:plc:vsiw4pfuvdsszdxqwm4smy7q	3.09556208248525	1.74536104242874
did:plc:vsqmb5lbpsb4cvxtokkfe3zq	3.293186196951	1.93303006889103
did:plc:vsw6uy7ismkkn4vewdkhl6br	5.19853920100977	1.62476341924785
did:plc:vsyhd7wgp4g2kqt7kczixpzo	5.61328502730007	1.07695094496487
did:plc:vsyn4ulbil4i4xli6pcekomy	4.70889047767276	1.55258617944461
did:plc:vszhgvc3rzd6v4wr6tiykzdk	3.89140557887835	1.27902199982866
did:plc:vt2fmwzywgxish434djlque3	4.24795681036249	1.91180923479732
did:plc:vt2hpi2mb7jnp6lzgimnvfta	2.24858584306567	1.15076334489974
did:plc:vt34hxoqeo767drsqwziucwh	3.90537417433841	1.40920060860738
did:plc:vtbyyi6p5e4a5zfn4ya2uras	3.50125773746943	1.52385841702121
did:plc:vtgswmcr4b6kat2mkuq2r6p2	4.84537209662964	1.33592073365344
did:plc:vtqeggokzfqtfyhd6w5fr2pj	3.89008198936084	1.17965754296589
did:plc:vtwnmydvlufb7tt2utqai3ik	4.92531651997509	2.10728192349839
did:plc:vu2dvftknn35tdjaf3vcvq25	3.53627353712778	1.6782858123203
did:plc:vu3wme4nzm2zwcjzapqwbk6u	3.24440048997667	1.60114640563116
did:plc:vumh3bzpi5d3ooxsbyifu3ki	5.22393827634018	1.46198640360694
did:plc:vumspqyq5uxdfjzmqxbkgmt7	4.0928429248807	1.64715870610077
did:plc:vuoughcw5zt5co3bf5ybv62z	4.28545576983713	1.70217681470127
did:plc:vuoztnvni6c6xtzcynleiikb	2.39306214876523	1.4195608812663
did:plc:vuq4ikcstkjsygmyg3d7fcnq	4.95301258411282	1.10092926598924
did:plc:vur356yer45dvfzretutrcn4	4.46097510500109	1.22222508063892
did:plc:vuru63ttclw24pd752ahpm2t	5.26054036219493	1.24452512459726
did:plc:vuvtaml5a5fkxaa3h4cs5iee	4.33152266975373	1.39904807573194
did:plc:vuy7mvzdony6wbo3b4whj6ab	3.74462550981978	1.23939516742028
did:plc:vv3gxmrhjtcwbsanh7tb7asg	5.20458063806345	1.36136751439385
did:plc:vv5g3ozmtpc2vntzx5tqsit7	4.39995329800078	2.0464151841238
did:plc:vv5x4xcve24b766fz5deixb4	2.73345145368248	1.68451067154303
did:plc:vv6ro54avltrfmcykhqxiw3x	3.27068751247409	1.98279629454382
did:plc:vvbz7qrwhm6yomowiwnlhk2b	3.15165668264667	1.46241005281062
did:plc:vvcdfcwdacg7fnx6jrixpkbu	4.9737989153291	0.848094467596905
did:plc:vvdyg3q67lelckypxq635ew3	3.43179375815087	1.54338795488259
did:plc:vvhrsxnz3vteuxjamyhlc6tq	4.37049626968083	1.38965409013299
did:plc:vvi53oihlhtrubhq4wmaggkp	4.07775112947122	1.45870862162697
did:plc:vvicbcfarfpe2b6x4d3y64j6	4.06606346073744	1.55110547100371
did:plc:vvpprcgihz7gdznje5irblvb	3.97786133290933	1.44681640364033
did:plc:vvxew3ixsvnqt5y2yoiui73l	4.62668779058958	1.13082827890599
did:plc:vw2worrlbrjzg3oshig2fw2f	3.42911875806801	1.62278698168461
did:plc:vw3u3s5f6yyhq7uvoybfykvb	3.69506615053138	1.65952106312117
did:plc:vw4hrj6vyofurvza7eqlch5l	2.94099953619878	1.67252672843218
did:plc:vw6eqreqn4vbcrzx5fmtfex7	4.26242919172528	1.63765679740578
did:plc:vwaikv7vs7mevu5az5wp2o3w	4.29957652121802	1.59890959420914
did:plc:vwnkoyz6oin7cnkx7k2hc3k2	4.06529765145876	1.3763964409834
did:plc:vwot556jqi3rkx4xmfq4olpw	4.88822804022486	1.22419542092579
did:plc:vwvrczgesfkkp2oynjjx5gje	5.43485208630288	1.17014064587404
did:plc:vww2fvpgveae2lccdytyojon	3.86272657819984	1.64968715751465
did:plc:vwx2cmkpk6x3hmem7nvzcqjv	5.42366959554757	1.06843611723255
did:plc:vx67glnfl4ly3t2uwnkmkqhc	3.62770679330684	1.56638815632745
did:plc:vx6keow5wxk263p6aq4nmhkr	4.72370554412189	0.850859990200661
did:plc:vxd323mmnhqxhr2vdag5bsdf	4.28949476812391	1.23542601375811
did:plc:vxdgougnfjh33n6khxkbtvu4	4.05476704978198	1.79525106266437
did:plc:vxesfyvlqqznuejetcyickum	3.48995830122195	1.53623228491672
did:plc:vxh67fh2qpq74sdmedzbpxt7	5.90474982833488	0.828032471378663
did:plc:vxj73grexlht744w265yufjk	5.65464923385777	1.20796629029135
did:plc:vxkexrz5uuhrykgkvwrx2kzk	4.53805710511162	1.83587635831287
did:plc:vxmv6xslehk32obn4ar3xooz	3.7169979448491	1.56196307476063
did:plc:vxnbgogrk7lzreu5xcwjs2qd	3.56691924865741	1.70223386263343
did:plc:vxpcitrdtcygwqc56vbu6n3a	3.66780507091987	1.6528217372092
did:plc:vxqwkzrd6sbemhoigrm3tsiz	3.47131528104688	1.06584344385844
did:plc:vy7rtcjmmasivwowvix6k6fq	2.89892645354124	1.5316854882893
did:plc:vya5eemh3x3krf72e466ol5c	3.18902409486342	1.51725218810343
did:plc:vyanc4epw3prbratdxhtzlfr	4.39179225040925	1.66851689990964
did:plc:vyhd7uyh4ned3xsifw4ztn37	3.61171197170497	1.41947990277498
did:plc:vyjnuxvuzriobc5a4m7zyvng	4.30493953338876	1.41962918054617
did:plc:vylufys2zflbynawft67t3nk	3.50594616561664	1.76971189362941
did:plc:vypu27wecunzc2cgzhdffihk	2.94415394849678	1.68715396264156
did:plc:vyyalfthg5nbeqc6t4upynpq	3.80452768067853	1.19993761105129
did:plc:vz6wgu54njo23q4kczslikg4	4.23638032868421	1.32622956911263
did:plc:vzb66n76xqr5c75uu7vu5zic	5.55743434501009	0.750514823250621
did:plc:vzhjp7ptwl25lw5cx32n4saj	3.30869675019247	1.52916688444135
did:plc:vzjvjxhejzpimb3tza7lcgct	4.34927906539588	1.0079783823853
did:plc:vzlvjxhfw47sogeckkdw33lf	3.87885855740253	1.49652501640273
did:plc:vzo3r5lg6nf2sfexuck2txvp	4.80258020793152	1.50770823211887
did:plc:vzqjyzkvjpz4awnuyrio5gf3	5.75326228400373	0.564631890828282
did:plc:vzr3rg7pbf3geap7a37opz4y	3.10828608420649	1.24557495851181
did:plc:vztsx3eenav7kp4nwwnls3qd	5.78671630162483	1.14825680362932
did:plc:vzuelautl6dwuisc5umkxhjo	4.67494046641449	1.66110269249795
did:plc:vzxwgnwacpbegl4iqfortyeq	3.72645074267126	1.57055192613047
did:plc:w22zgk6dg42f5hf5mhoecidp	5.15477800062081	1.33799239872358
did:plc:w23i6wxhyheqrwevgb4ukncb	4.48785910414447	0.975316567942484
did:plc:w24snudcrks2mdflg4lkzvsb	2.84348593036926	1.55594932251059
did:plc:w25jcgv3orvgmwe5j34rjlvh	2.48603086896662	1.37990349277404
did:plc:w26zoxnwj5huptyvdnr2epha	4.75871144084451	1.23334420686482
did:plc:w274deqv4y7fb7lldilos4lr	4.82150810237275	1.25203189246364
did:plc:w2aaabutcitw44467chm4biw	4.2948955548964	1.31750748059311
did:plc:w2btkflkleflbxgmwmjqhffx	3.31807554254306	1.35284162098429
did:plc:w2lrcvy72fruathj6smfllx5	5.11357178590826	1.25326316598389
did:plc:w2myyzjhuvofotasc6huvbjj	3.60567067949257	1.828374911934
did:plc:w2nco4w2vuysdc34wsumysfe	3.93973258847744	1.46771935114009
did:plc:w2roasn3li3txwy63nx732s7	3.97766432703067	1.97238739195054
did:plc:w2sstdqjnki3lt7fqllpo6pp	3.95212468782961	1.45446105230018
did:plc:w2tk34cykgqxde32gaucguhm	3.68079261289459	1.32872310480619
did:plc:w2wyib5d4j2e452k2zkpi3uk	2.58586070928622	0.96423181607618
did:plc:w2x4qi3o4emuo36n6yn5tqlz	5.22085988661027	1.4706165333199
did:plc:w2xdpgnc5kbg4k2nknz55yjy	2.17649827452341	1.3092038194335
did:plc:w2yxlquoth2wrhcel4axodss	3.61908724618814	1.6106275916892
did:plc:w36zvqvl2olmpomeknmjw2er	3.0892381613147	1.51460443137388
did:plc:w3cpftw3tmag5jknx3dociss	3.56621148808918	1.50880467386128
did:plc:w3evvqtwliidxrgvhf2aif2r	5.2809238001034	1.0731567424939
did:plc:w3jwkq7jdkui2l5wupm26opm	4.61445999805333	1.33278426251762
did:plc:w3pypdnjrpz7ebob2e3vfz4w	3.44946251457843	1.68308396059296
did:plc:w3vail76j5alnhjydpcoqsfx	3.96981377489423	1.53417893730165
did:plc:w4afmkousn5spuq7ohjawjut	5.36776289009662	1.31718000668576
did:plc:w4emsjbt6q27cra7p2djjeg3	4.11641901266927	1.18065054272493
did:plc:w4evtuv6mso5rmlxxczrgib5	4.76591709800395	1.03367227827088
did:plc:w4je6g7kls2nr22hjuyzb7fc	3.27611210281106	1.573615011355
did:plc:w4m37m456mo6fdvl5xw2oglf	3.48976115458231	1.4839861127263
did:plc:w4shhwb2csgygpc6agk24tyi	4.07263781169395	1.37951061387329
did:plc:w4uhj3nre7dyvjjhw6igjwch	3.97008665799802	1.68884305748534
did:plc:w4ycfzpabmyam5bonfpglmki	3.48980562592738	1.13086486502428
did:plc:w52wgai4wuzb4um4w5kriisx	2.62689067099596	1.57042298505867
did:plc:w54gkqijkocbfz4nindchexh	3.58176710424967	1.92778332992068
did:plc:w5b5os3xvpn33u6tpua2xubk	4.39043026902932	1.10840592173451
did:plc:w5bk74r43tcg44hbbr5t7o4z	4.39608066566254	1.27167727241187
did:plc:w5cnwxajmfjysswk6guqjvtx	3.88505594728008	1.58099823520649
did:plc:w5p7awtqksaxqyczy6hn6cny	3.17343355651717	1.39027444075718
did:plc:w5rphvn2jrq4mslorsx2fjsf	4.24724634667274	1.26173312954498
did:plc:w5sjk6dprnzvfstz6epnw7lj	3.18554663517668	1.42227119830908
did:plc:w62skwy7f3srz3ygox4b3mo6	4.7948544252678	1.59815215704938
did:plc:w64qi6ydgasgbs2z2rjnunbz	3.20216841275812	1.82901171601037
did:plc:w66hlw5nq6vqxliwedkiiiyx	3.76295840765294	1.68343173249311
did:plc:w66ir7fvam54lxvilzwwttxd	3.01910835505917	1.4951235506903
did:plc:w6har2tqdwuxtb4r4a7o7z4y	3.09633378311522	1.93805330900953
did:plc:w6i3yb3r7pk22d6x5xykyzmh	2.94717568504684	1.85147265244852
did:plc:w6kgah3xcq6r46uji74xtkjg	3.61816895221874	1.30869792259238
did:plc:w6osccyrm4jw43jnykx27noe	4.93747119268979	1.26310105307746
did:plc:w6qtomqsvu2f2gu72vdem6qc	4.69946162937214	1.52385215158146
did:plc:w6xiak4dssyu3nnmhpxazbod	4.52540176815198	1.02129160119471
did:plc:w77nsmbgam777j7kfuzrvycq	4.13339702512403	1.65901170558323
did:plc:w7a5brlf47hmkilejcw2vztx	3.70272620892465	1.58104595854223
did:plc:w7akpbd7qxggsshfwfdz26ti	5.48540765150991	1.37874152367138
did:plc:w7cnsiz2vzirjyvamrfnc6cy	4.81735784624408	0.869690125838952
did:plc:w7fi5k7nnodv7kqka4tf2tjy	4.00225704434458	1.62405189296742
did:plc:w7g2pi5takwric67wam5ybf4	3.56859636652134	1.95413733320434
did:plc:w7g4kwgwg5erbg4jbb4qngpt	5.83196485653202	1.16940011740724
did:plc:w7i5rz23cjnucshnqfo6lhfn	3.82809440364157	1.59538190376509
did:plc:w7irf7onwo6hgosh7iklskap	4.07707898833415	1.32346529857658
did:plc:w7ooiu3a3al6uap6sbimpzn2	5.74767326252176	1.09480654599884
did:plc:w7qs24qqh3ofhmmkwyme6szo	4.82817648264687	1.29469499625477
did:plc:w7tvoqo5l5ybvt4m3cri53jj	4.03365421088694	1.47094807909372
did:plc:w7xgukqrszftr3rw2gngao5m	3.54423319091155	1.53972215627593
did:plc:wa2wowttqe5gcomxu2p4lnwc	3.10411669198766	1.18874178997643
did:plc:wa3uamm3idkujdrquy7pobq5	5.01078925202064	0.908688031994879
did:plc:wabr2e3t4stimqqbm7y4tvxk	3.52952149583637	1.64877754530293
did:plc:wafetqux2okpksba2iha6s4g	4.09900896693654	1.35075808107481
did:plc:wagldp5nud6wpwewmhupha5w	4.90659513779259	1.54141261076314
did:plc:walmpgcg2pizdfdh2v6hif6e	4.96112576671887	1.17583778059494
did:plc:wamlnjpsbhnsbos6k27xffvq	5.11376811174539	1.01631321289252
did:plc:wanzove2yynguurnjdlexfoo	4.71830646757323	1.50361100417634
did:plc:waq4vshvxo7v5aj4eawdfxft	4.73935053114982	1.20278884077557
did:plc:wazrjf2uoahi2une2dznwph7	3.35535275443527	1.90376218625185
did:plc:wazvxqet6juxbus3hvzc3hgh	3.46389742787516	1.41138982750645
did:plc:wb2p2wrp7v7nzwwdbqhcrnux	3.58297706844873	1.34959173722442
did:plc:wbc54yvtnap26bbvihh5tocd	2.88049199419898	1.51755783880646
did:plc:wbears5wpj2hicu2plfklota	3.1653078838949	1.58151915064049
did:plc:wbmsq75jwmxzjotxp45khn6o	3.62481323855859	1.99459000107892
did:plc:wbnljkpybyitjkxgr35c5plr	5.33624840596806	1.29165914044788
did:plc:wbpwhkzrdecp5yxuylngjnco	3.3352320069182	2.02636469568983
did:plc:wbssbz67bkpyadbovab6bm2f	4.37220214042074	1.41456327537399
did:plc:wbwoiogwf6so5dt3obladezh	5.66518446089186	1.22169905549413
did:plc:wceu42no3rogognhbm2yxdql	3.65895705495158	1.24735514596813
did:plc:wcihvwdx4zaltgddhtz5a4ct	3.79052293289213	1.54417965729001
did:plc:wckkr2ojtqrbi65ose4urkvv	3.96121182530487	1.20733305193248
did:plc:wclzn65lxrxouru2mc5vvmb2	3.69558902337751	1.38582322738961
did:plc:wcnoplaunvmukpek74atj7wy	3.63990519211217	1.75468475853793
did:plc:wcoo4sqqig4kcgss4elw4gec	4.57244711615916	1.15308031434595
did:plc:wcxeobeehra4u3iade6fwpfv	3.62862922366836	1.93042229966803
did:plc:wd6xbgmyxasuz3idxfbhu7h4	5.147308106208	1.38042952581892
did:plc:wd77vhfk6gnexr23vr4kp7hy	3.72957852291557	1.29462927303109
did:plc:wd7v53gelch4cpndd3a6e34b	2.84785219223865	1.86618092868707
did:plc:wddi64sttdyaeql4d2ebgheo	3.57338930894133	1.71630956658737
did:plc:wdfktuae7ogcs3ln6ajf25gr	4.26479714538297	1.18762071224034
did:plc:wdhjelchwlyvcutwk7wqf2uo	4.05414199582396	1.45008791646858
did:plc:wdqj3s6xxmpmbnnto3gq3dtt	4.21326022388371	1.43924980217907
did:plc:wdsby27vsjfl4hba2allg4z3	3.84592691162243	1.5812505492175
did:plc:wdtr4ba6amtl2taeswyvkdsi	4.61085905106762	1.24969927375947
did:plc:wdzmn7phba6dncro44gnplqk	2.91086168447796	1.38699676068567
did:plc:we3r76earlctdgi4ujigd3hc	3.90678882918956	1.54032467993746
did:plc:we3unkjt6x5giyv4k5pikmz5	3.45860420370498	2.16893835026358
did:plc:we4oeqqf6c6a5bzhft5nwssi	2.88353824387444	1.13126769432916
did:plc:weaecdt3dri3g3iy3f6cekhk	4.9779219600855	1.24209061700924
did:plc:wecxa2unn3e2q73hx4egowsi	4.22568629993081	1.15072155675566
did:plc:weg32cqofs3g3ixzapgceiyc	3.21154555084441	1.42868408700948
did:plc:wehykj6ztdlj7nlrmlel6wmn	6.23489757960826	1.03214779359398
did:plc:wejdlfhjbzsall3kaeblfefc	3.6524102896729	1.75673703068659
did:plc:wemhu4mod3xddlj2tfy5yk4f	4.6423838376704	1.57115769903212
did:plc:wepcxhmjblmfbe6nwv54i5ip	3.92946132868303	1.20228322742502
did:plc:weqxuxhw5xn6n44vs4z4nvw7	3.41759410542563	1.74069592345952
did:plc:wez47enubfeluqt6uxxsmqzr	4.33630771897428	1.44239754874896
did:plc:wf33aa64bnvlgewmdmbxdpjn	5.9201796609977	0.743023949315542
did:plc:wfcqle5zyoveahs6uzdv62ds	2.94161253357045	1.70101273837833
did:plc:wfnadzkoaborwrjoucbfakha	4.25981138468134	1.82224440335351
did:plc:wfo7xv74lbhjvuzqlkaql6rv	5.01356636951502	1.07677882536577
did:plc:wfqiyrfv3atzmbvf3uhlqj2b	3.88894933253042	1.4896456934466
did:plc:wfugvqkcdak52le7rkshtigm	4.8597676125697	1.37292836549107
did:plc:wfvnmjvfgptdk4kc66pfkn25	3.48481165789966	1.35819755506594
did:plc:wfxbmsr43yklp34ofswcrexz	3.77095326650859	1.27435736668262
did:plc:wfyckubeyinadakawp3q37xl	4.1467525542199	1.34389143013578
did:plc:wg2faya4dq5alquqpyotxh3a	5.0184759390819	1.42360518541655
did:plc:wg3qhekv7x2zxdiwqpqytukr	3.80303744315144	1.59362022709317
did:plc:wg4aimbobo5g3voriuvbiyek	3.65477165710462	1.5143700830239
did:plc:wgamwd5lbite6zds3dxz4wfj	4.81958666715328	1.08535272537438
did:plc:wgcairzljeyntikz2pzx35jv	3.75018355047434	1.83069961769937
did:plc:wglspbwe3zetrq2bculnxpku	5.17551999568367	1.50163213781343
did:plc:wgm67kmdmp67adup72waj75x	3.64648839440987	1.58956797357448
did:plc:wgnnvk24y3re4nwjbmpc5i7g	4.34273074934099	1.68016116423323
did:plc:wgonp6b5jyxmrszwz4wdlcju	3.81921415062261	1.51547726404129
did:plc:wgqksy2b42ylrwra7wrep3nd	4.07771652091047	2.09520441249224
did:plc:wgut4jjoexydshgj6attsmys	4.69907572172734	1.368448234514
did:plc:wh4jcdei7rm2vpxp5sdsysyi	3.57554723923908	1.80119056801112
did:plc:wh5655ynrl443ocmvynn6wnx	3.63879540215776	1.4837179458064
did:plc:wh5ojlmbcxn34zrhxunavzb7	4.16379219990304	1.35275097296292
did:plc:wh5rym2wd4sh55v2mqbphthy	3.92282529374293	2.09368221162251
did:plc:wh7va22t5noj63ppebpyyoez	3.37679160363247	1.85545293622389
did:plc:whehiny3c6sr5ylfkhmmbqrz	4.75751862247365	1.11751052292234
did:plc:whfmigwoyturhdnuhfnui2vk	4.53472844637796	1.40150696559289
did:plc:whm4lafhunetwpwgnellrumi	3.12496106920004	1.11754752974845
did:plc:whm7oe6jmfxzbux3qdczjzkd	4.97738639616822	1.50405490133217
did:plc:whmd55snybfr6ptpuqb4pby7	5.41062044691845	1.11673694285689
did:plc:whmglogckdj3xl5c4tthctgv	3.37750913269739	1.77382218788938
did:plc:whnovls3nx72uycv3yn3hzcg	5.52498521954971	1.01026606986439
did:plc:whuqqpfqmxss7qadk73ui3on	3.29037284626962	1.17747951710714
did:plc:whvovqgybd6zwjvjfvdd4zka	3.62348306684387	1.77414688582511
did:plc:whvxfo7gai2ovvsrobeuxvss	3.70151387880472	1.45274684659691
did:plc:whwlpg2cfyekcvrun4gbqnlw	4.57730852977246	0.929557252138575
did:plc:widnokafrhamg577ndstkwsl	3.37154774965682	1.11428293823018
did:plc:wihyttuwei4ldeuu6zuyab3m	3.70657410025969	1.39110090416585
did:plc:wimyz3ibxkgk7jg7erqjcint	3.6555436856859	1.12310168113689
did:plc:wiuc3ixskebcux5dtc6skr4m	3.97813566963863	1.19856776270416
did:plc:wiz5ewqreaxyj2gx552fsl7y	5.13508101123412	1.40207138547101
did:plc:wj2yijoehppdssmg4qal6jl4	3.4929582174165	2.00554571903039
did:plc:wjdllsaszwhcfq5pu47tcvrp	3.0695120786886	1.1182849017762
did:plc:wjexgriurbxiwtyjldtlrf2m	4.41608097312804	1.2364880455117
did:plc:wjgqktsn6cxr5s5e5wuqouiq	5.65023616856502	1.19617207493443
did:plc:wjhyfudul2yjne355jyahhl3	5.04026025661124	1.16458972959818
did:plc:wjldefaxmyo5ext6my6qjesk	3.82454081978877	1.87453496990277
did:plc:wjm4dnhhkbiaowxfm2dah4n6	3.56194767241937	1.63511678559553
did:plc:wjnzfb5uexghm3bl47n64chn	3.87910220143656	1.51861269289156
did:plc:wjoyfkeftdclcxmp57rntnmx	3.72182169278087	1.60613544934356
did:plc:wjslb2aosrov4faedjvtkc2y	4.05929957870972	1.15366947719477
did:plc:wjvghau7wwh44l2666ebmkjp	3.6253116056449	1.60909706534322
did:plc:wjys4cms5sjft3si6i4bd6pi	3.09926870307211	1.5626592672869
did:plc:wk24yje4h2jntzaie4hyfo5g	4.3962475263696	1.20136684079038
did:plc:wk3inp6uc57hvplzt5cfi24n	3.5559794368242	1.70034451080165
did:plc:wk4wmff6bgxf3snom7cht2ud	3.55596191368063	1.29127026433593
did:plc:wkb4bfg53lcj754dec4bi6xh	3.95133715716723	1.11090086274228
did:plc:wkbaxqdb6llxzeoyatkw2uzd	3.48658520255232	1.53631442757425
did:plc:wkhnkc3uwjp5wgdww2nwwm4s	5.14430674677076	1.34328709789354
did:plc:wkhv3ja5jghmiyshz4vojf3f	3.9235060783037	1.17280813060355
did:plc:wkyfnhdhmniy5tejoetoj7sa	4.90434921405388	1.11758546207765
did:plc:wkykwlqwm2ln4guk4y7tqxlf	3.00870113831608	1.80227123163829
did:plc:wkzjtd4gogevarp2qsr4z47m	5.46263665729732	1.01053422321256
did:plc:wkzp2hsyq7h7efixrmjgnyu6	5.36428275898843	0.719484402778027
did:plc:wldbbqllri4iy5kty32hgka2	3.06287846813409	1.64447778910746
did:plc:wlj6mduc7tqvsjbjajocssuj	4.1615733658481	1.25005107222048
did:plc:wlkkkza5tfjugopbenaugusd	3.2930304313116	1.12267815068297
did:plc:wlkwkfrimna2vmofdm3psplm	4.08682581427763	1.50450956083805
did:plc:wlqpkjwm7g2sptrhytjcbevj	3.17647389734869	1.77081780677973
did:plc:wlspjatdnwsalnrmvutdvcqt	3.39375515845796	1.48255791817708
did:plc:wlsr6zk6x4qvybp4cyyyzrca	5.00176321157867	1.12950720778648
did:plc:wlwniqtcqxe4peg7h3675nwd	4.44901522543068	0.932218132965791
did:plc:wlxkdbovvqetlbuvtrgwpxjn	3.4936039437345	1.49704583616394
did:plc:wlxl3sy43wzcj2zlk3htrgln	4.2939982141278	1.74816795747077
did:plc:wlyak5m6ay4pouwfbrz4dcm6	3.46910969893123	1.01922782175468
did:plc:wlyb3i64qna5vtifnyehnb54	4.09611387674167	1.30883964378714
did:plc:wma7puwm7ynhw52hskkoybzr	3.98614568565319	1.48541648827638
did:plc:wmcgnr3rlmywmggpcdnat5cr	3.19410851765914	1.76388467243638
did:plc:wmdxgv27r6njjbebr6iaf45p	2.69908753670646	1.48660499285088
did:plc:wmgxmlgoakzi6aeroxxugc2t	4.6506255404279	1.4493681156359
did:plc:wmkzwjbjzrhcfhsnp55zhrvv	4.31152732924514	1.46246167848906
did:plc:wmlkagvhkgyts5x3ec6lnoy5	2.93186642518809	1.82557403167799
did:plc:wmx325kgq3eea7yklqb4uvsr	3.91802821280266	1.42307110969427
did:plc:wmx5uyq3f4a5kak5ha7ud3su	3.26310558955739	1.8526952120827
did:plc:wn3nsmscpbf4hnwlr3eutf6c	5.58091190329439	1.25766585089081
did:plc:wn46avr7vft6ft4vznwn53b2	3.89733656942312	1.51528485882348
did:plc:wn6z5b3olqap47ity5jhjkl7	5.10967414544528	0.771260387404078
did:plc:wnafh2ng5scbshwqedhftuft	4.19151963877285	1.1881481715189
did:plc:wnhzdtsszzyyto4bi6bq4wbj	5.78086273789715	0.597653866188041
did:plc:wnjslqaccfpv7bfs4wkqxnv6	2.48938500020193	1.56097896266702
did:plc:wnlb4oyqnerbx4b36bsowkcj	4.82569532410911	1.09010105708335
did:plc:wnorp2yi3bgpdbuuw3z4emse	3.38421692556408	1.59175227416388
did:plc:wnzpavi2sdbjkqyczrvzmidl	3.62223739113558	1.49231636088395
did:plc:wo5xl2enjudwu2gjc4tsm6pe	3.83832751715176	1.58930430947075
did:plc:woghvuspoe7lef7gtgztsac5	4.75152216750342	1.29747048871316
did:plc:woh33uvmohyzxjqshrw4qx3x	4.24081731066956	1.39311659680285
did:plc:wojbl5i2srba2dchpohzoqok	3.73380366969688	1.47924970530665
did:plc:wojnbcrolpsao6q7d3evndum	4.8955084107855	1.47489963487408
did:plc:wolxixscv5xj5rb4xa3qpz67	4.1603789765722	1.14712057297867
did:plc:wolzpn3odcncbvgtnyq5e3ip	3.49916275349832	1.38717816245603
did:plc:wop6q7ryn6avgg5p5jlb34kr	3.76763941240761	1.61266896460668
did:plc:wopgbetuozhtvvkegovefwhu	3.85830532121055	1.58887849375467
did:plc:woswbjkz7udwbwn3varw2twk	4.00463797262947	1.61856214343216
did:plc:wot6cnjky56yixf2bhmw3spr	3.1668294315491	1.19361206962379
did:plc:woyngpwnevh7bemp7v3mgoor	4.24421904806191	1.55474471965046
did:plc:wp3y4dbrvxvrfo6exqrhuhet	3.14221896150164	1.11295821720092
did:plc:wp7cz3kmtrvcenwgr5ezuxy4	2.72781546112523	1.73736847639051
did:plc:wpci2xygeil7wqsz6wvyrnkx	3.73118348874361	1.46523124553281
did:plc:wpothpm72qemmcscbxua46qs	3.69897361332148	1.1497115492519
did:plc:wpx6moh4mze74enbrmwbqhzm	4.87264167950835	1.16326049226416
did:plc:wpzmrm2ua3z3rcslgghlrk6k	3.42800004433392	1.51463627095572
did:plc:wq3636tg6fuzi3uxebyw2iyg	2.38362429855899	1.10296029860942
did:plc:wq6tc42rmueth3y5amphbv5z	3.61804330457281	1.41984275517574
did:plc:wqa5xkmvdekmqshq2wmslrbz	4.7843923830049	1.13354552808016
did:plc:wqax4zzlpqgrbkpwliwacksv	3.464150343482	1.62894494203219
did:plc:wqbcaulgmsloz2f6357elvni	5.01051242120566	0.882848999816252
did:plc:wqf455rl7a3o4fgskqiltitj	4.98546993349649	1.49488260204278
did:plc:wqn566icxjcgqnrjcfpv6o75	3.13292148920282	1.183466026436
did:plc:wrbzo36s7qbvaiek2xwafw4t	5.49303685409766	1.06594849441941
did:plc:wrdhn3tg4rspts4r633ereji	3.43856261685853	1.64682210109469
did:plc:wrex4x2ttr67dcleuoqeeg4f	3.4497956962561	1.48475426866863
did:plc:wrfpappjiy24msiyw6rnydwf	3.94187658571451	1.46559691897508
did:plc:wrjpmdteqbstdw2fky6cxvol	3.27349728513621	1.80884478517346
did:plc:wrjyhmgz4o3o7anpc35qliq3	3.67348069591469	1.47846088482572
did:plc:wrlixpouq6gghyvjq3o25kz6	3.4662588127359	1.66916981114901
did:plc:wrly3ilky4xosaxkeuwlwz7y	2.36999912538349	1.51725262257377
did:plc:wrmydljmigsp5b2onntrerse	4.38184688392237	1.38110518883988
did:plc:wrn2sc43jwqhbvnzshwtchhy	3.95411755601456	1.35251358371646
did:plc:wrnc33ersyayapbugdhmvnpo	3.76443029360973	1.44964934722779
did:plc:wrovsc4sbs5ep35fn6esdp3i	3.47859415872579	1.25810441568587
did:plc:wrqjohykc5uco6f4ppcxd4za	3.07104015745327	1.18989176250176
did:plc:wrw2nzcxjqrawxu2njykeps3	3.24090509251677	1.70082899298641
did:plc:ws3egpqva35purfdl4wzpjqj	4.33060177982902	1.84659710438831
did:plc:wsc3hoaflu4yz4veruobbpjt	3.10904168837386	1.99638517438351
did:plc:wscpul7wcm7dpt3ddte6u5qx	5.11327962074455	1.38129547958031
did:plc:wsh2u7vq4ntkiw4p2mcbvb3b	4.0878730422106	1.5834298709606
did:plc:wship4enje3zwvvebapawloy	4.30368422000178	1.42294672149888
did:plc:wswfzltqlwbzbvvz5xm7rflt	3.44718880125718	1.99387589919247
did:plc:wswr7ipmsfwweahx5fvgly5n	5.13856647090353	1.15210627226932
did:plc:wt5cnjsnwwb7mxfac5of2pdo	4.83791060023301	1.11694304053865
did:plc:wt6752dhcgof5j53bsjan6xr	2.92556427262937	1.41650992723965
did:plc:wtdzzfgzjpirnk5wvpjutqoy	4.01114162018025	1.5015592309136
did:plc:wtjvuitls2rkoiistrdtfbfr	4.71983255147839	1.52953645343987
did:plc:wtlnwzghrzcwzh5dfdf4vpqs	3.37719167648847	1.40818673965217
did:plc:wtnkwsfcnupdw6pjgjdgf6uf	3.23932871609382	1.47939444340708
did:plc:wu6w2tqlg65kfvwaorb26gmr	3.60807289557333	1.53982803283152
did:plc:wufpggsijqh7yjuhv3feuzrf	4.04879078684042	1.50894820849697
did:plc:wujjny2r3foce2j52gjk2lrm	3.19939074715878	1.52537263457984
did:plc:wulhc3mzgrzmzpsawirspqk4	4.11574869083681	1.39443465603218
did:plc:wuudm4qno6rexkaglcswazw5	4.17940142487378	1.08475234285876
did:plc:wuuqjdc7yiq6jfhnbr4oejgc	3.82141182251931	1.55581660365889
did:plc:wuvarfsmt77oxrx53e44ndnl	4.63092305865078	1.37530396202815
did:plc:wuwb4d2oz4ejo6ts6wcjlpny	4.63030496656626	1.11385937250376
did:plc:wuwd2zl42ugas7cbmy4lc76v	4.0803422912546	1.74171192779503
did:plc:wvaonhlglkxxqu5w6jbgx7od	3.14733783551745	1.64543260210366
did:plc:wvdvm3mi7bqoez5lu7unwya4	4.37576524326279	1.20178094415771
did:plc:wvg3nz4ozfl3ddusmitykuwy	4.15682562141718	1.57038761052886
did:plc:wvgad6gdxr77eyckkwnieb6q	4.15554600172523	1.51838854330232
did:plc:wvoev6izqwq7zp4p6byilcna	3.70016144363042	1.59857989007423
did:plc:wvpuekupt2fwtis4qninlcnb	3.12795359763636	2.03491391237064
did:plc:wvqsrsp3sis2r46h2e2vf2wh	3.83965331018461	1.55645267462841
did:plc:wvv6ssg7my6qhfkv3a4i5xwh	3.32695501562734	1.88709955944878
did:plc:wvxllp63wsbp4x5gizdry2q5	3.98544254893107	1.79319905239304
did:plc:ww2hlha6itmyhc4artulpvdn	4.23034687754996	1.27775538318201
did:plc:ww2nyvvp3sld2vjjdc4gayn5	4.81366709689344	1.31619101416494
did:plc:ww6pevceumhqk65farluio7q	3.25219635501936	1.72918221703764
did:plc:wwebwopyjqa6qx3krdj53f5z	3.39438306145469	1.12018123821412
did:plc:wwhmcuhb2z5kfe56swnicaez	4.07232171692529	1.47255756513851
did:plc:wwi536ozmsdvtp2egwkvgyho	3.86512841301694	1.39947640069999
did:plc:wwmxm5b2hioytwlbeaen7gwj	3.77412640282508	1.46497929750481
did:plc:wwohmmere3reoqvp7jivjbga	4.05049800002201	1.24335933040759
did:plc:wwpenkiqjl6ibmthtyp7hrrk	4.23523424048303	1.57676514996403
did:plc:wwrgmnxlom4trn6zxcfejccb	3.91643120042268	1.51933550541984
did:plc:wwrigu4sbx5cwckofiw272zw	3.24703730589684	1.77015132391321
did:plc:wwuvdc4ijdl7yhz5m74rqerv	4.35134432501396	1.45821388456091
did:plc:wwvum5bu3xn3w7iyo6msr7ju	5.2238266810424	1.04168214969971
did:plc:wx3nfkgo7a2pkkds2odqqalh	5.71647957521863	1.21283652008182
did:plc:wx4izprxhyabzfi3h5kvdlwa	4.29798720839577	1.43934478124937
did:plc:wx4p7y6crcm77iih5ee25h5o	3.92547228619768	1.49596943694741
did:plc:wx7vbeyhzjh3q546ajdxjolw	3.8885887797947	0.968674864471642
did:plc:wxam625nwp5i5y2i6z6szjqz	5.04401260615987	1.05139214144392
did:plc:wxg5ieholrlhtbwej33zyvzd	3.4177915505052	1.04043487063507
did:plc:wxo5kyy2uno2lm2sty2kva6e	4.27295522982207	1.4853293920061
did:plc:wxqexurczwly6jhxgrlkxryo	4.58600491225896	0.99421704081096
did:plc:wxqy2sy4pkijev3rekzgoksk	4.41247469363447	1.16940822935049
did:plc:wxtvvayychusjzoq66ph7d5i	5.35075101139654	0.803247464656926
did:plc:wxychcxhq4jo3u2xvgljruin	5.34410476031101	1.81224093618435
did:plc:wxzkltz52kyryont334n3not	4.1257860503325	1.30582144580773
did:plc:wy3fmj53uv4g3guewxikn36g	3.22500581396013	1.304338926186
did:plc:wy3ueu2h23i426ry3zderynd	5.52229880525944	1.05119778703344
did:plc:wy76hfua4ggofz42lra5awwd	3.32401533706166	1.51134390126492
did:plc:wyaiivh3ezn67ho2yhn34wtm	3.82947788097654	1.54250483797953
did:plc:wybjzzqlw6ehdla2qx4qzizt	4.32970224112198	1.5543139391297
did:plc:wycpp7ksl4neoxadkela4rz5	3.29433868029622	1.83122512948897
did:plc:wyd5b5unssomfyuxgy4dditx	4.95412081073454	0.998388326519764
did:plc:wye642zptubi3adzlraoncww	4.27877173818591	1.2715044941459
did:plc:wyhrolwr4cv5uuxeqx6jrhvr	3.38200385885651	1.532282354053
did:plc:wyit3ude5g5ibwtvuvmpjdsj	4.16661454063524	1.94289123710227
did:plc:wyiufeszsiu37wekgb4gflfv	3.45197653811318	1.97452409879301
did:plc:wyjo7hdm7gpasr4hoz62dpbw	3.93942260073885	1.52367524086264
did:plc:wylx7evlgiqnpcjolo4y2xiq	3.61237592893407	1.40151933308749
did:plc:wyoslvx2swf45lpfp4oze6so	3.96890168389711	1.28457910004062
did:plc:wyq6ytzkttq4xy4anrtgnpky	4.27156143459494	1.37723461134064
did:plc:wys6en4ifqeseni5ssveepuf	4.06974648297859	1.32962518100131
did:plc:wyu5z4jg62bbderjrukgfivs	2.92145177049362	1.27119435082934
did:plc:wyxonstlvvaeh5eapix7d6sy	3.3739254076709	1.66633574242525
did:plc:wz4xr3khjmnlga3f4yiruage	3.11283181447816	1.73650012053107
did:plc:wz5w7zei6qbur7ez2z43recj	4.4215090741943	1.40709517052621
did:plc:wz6s6wgkefhqf5mut3aekjyc	3.94660426044932	1.65739896180726
did:plc:wzbdptdytygryn7zp2tqvhoc	4.13597422766829	1.54629371225147
did:plc:wzehvg24i3un7po2mlyaihnh	3.59090846283117	1.54496195868744
did:plc:wzjux264ezge2vodzyo3ne5u	5.88491988960267	1.21971817993724
did:plc:wzx4tosj6dg6hkhy722cxjx4	2.48181020465908	1.56487099404653
did:plc:wzyqrwqik3esl56fdc7x2567	3.37565812082079	2.11368205422915
did:plc:wzzxucfhqhbgo4vmbshlcxuh	5.28487232836008	1.1295209801227
did:plc:x23ytsjtvecq5m3fvrzh3kki	4.14244193467035	1.48182974782259
did:plc:x2bv7gipmnfyprwxfbj6uvoy	3.57765913046231	1.33806684686455
did:plc:x2ediob2ishqdptkqqfg7666	3.63381390861948	1.29913165355422
did:plc:x2iandzjsla3jkampwnoadg2	3.8758320309966	1.53884148402804
did:plc:x2jieghnrj65vyk5h5i6liau	3.72223628792655	1.74004639983076
did:plc:x2qc2dnkwokrplj4z66em5os	3.90681857946009	1.47176205791209
did:plc:x2qssfnwq3ynpvbdipaywjqg	4.68155349748388	1.10539046093429
did:plc:x2rhzczq7ktneqrrjlregwl5	3.69249316559831	1.59593044254661
did:plc:x2tb2kedzdvssswh4umkal6y	5.06425452254662	1.71673027014638
did:plc:x322jma6hemz3jtttc6kjncu	3.94353167101522	1.39331623114427
did:plc:x3542pfkfrdqgee7w4gclamw	3.86491056852849	2.28533117477855
did:plc:x35utwha2562d6nttddypsls	3.01949033715701	1.41523916488126
did:plc:x37n2h65kajqkkgi7hpd3bu7	4.93956801522858	0.947356811371803
did:plc:x37qf4zng55fsu7gul4obpqn	4.87102118864036	1.67740128131771
did:plc:x3edbd3u4y6eacvm2c7dvqv2	4.60887965707202	1.39268809716135
did:plc:x3lh6wmrs2kbfdaopqxr3lx3	4.12214708098043	1.39116624713834
did:plc:x3mxooe6h73yzpsdkigq74uy	4.74391778947352	1.19520945550205
did:plc:x3qjm3rwjzterfbfsthfii2l	3.60527509916777	1.19601577231402
did:plc:x3r2u5m6t3opsfkqxlrmix7f	2.51955741445727	0.87346047756664
did:plc:x3rmq22qj7lgmt6wx5bhhb4m	4.49627748038466	1.18353705013594
did:plc:x3rwpuvbcshozjzvv5ubdpuz	5.56205465147453	1.71490006273805
did:plc:x3vgdpfnfdizqevapbs5jvj3	4.3189680502944	1.63676654984644
did:plc:x4444bc2gyk3axcblngruhac	4.04920644986944	1.58467375109997
did:plc:x44gbiu5x7gur5kegxebl6j5	5.3479106899267	0.981887288891211
did:plc:x46tzs7vlbxbz5aefit4muyq	3.43494043743997	1.27578101060179
did:plc:x4av434xinqzwhiqmdlki4nn	3.71786793705309	1.55778118793303
did:plc:x4dw62u6a4eia2fyeotxbjqc	3.32865761755698	1.37223917187691
did:plc:x4gxcq7uospumk5ewsitfvse	3.93316283096149	1.41646809417008
did:plc:x4ispbgpydulzhpltrc25wlu	3.67007229260262	1.35555242904821
did:plc:x4jbn742vdjkppx3xvs6jdt5	3.39619545593203	1.73067801205474
did:plc:x4kvx6fgqeaumy3tp34q4sop	3.453269109138	1.62567683142643
did:plc:x4kyyilmdowqebadoja2qwvz	3.80710191969075	1.62882112165345
did:plc:x4nsrty6czodki5ognjgw4wg	4.57108118162601	1.35280728709256
did:plc:x4nzbhzf42cenkrqkirueyb6	3.21782686983852	1.63754213502334
did:plc:x4ogfdpssoibbrxhmgospihr	3.00686031755688	1.5370299893038
did:plc:x4txubauu42jduh4zpmqb3zr	3.04882074896018	1.60994859981635
did:plc:x4ubvxem7jb64ftutctxzztb	3.70131196876153	1.71628222755628
did:plc:x4xjuam33b7vezwbv46zjalh	3.60799405209187	1.80903615025676
did:plc:x52kedh6ykzctkbh7anybn6n	4.40559917959245	1.53355901501318
did:plc:x56qfi2ehcebxs4sr6qlw4mj	3.56397293807756	1.46112551117606
did:plc:x5a5ebgwjukc5sft4t65ibkl	3.26408171211709	2.04772423100528
did:plc:x5guskqwnprv5c2tg5oevrm2	4.06091327530983	1.64327323525779
did:plc:x5ke2lroamqs2uxa46wrxuyp	4.10410625374191	1.56115983684727
did:plc:x5lmx7hh3r3zdgs3utmqhgd3	4.27230696721092	1.27617601560989
did:plc:x5m2ksm6exnpd7yg6fkifygj	3.51071231913062	1.22283489858485
did:plc:x63y3n43ryxj43rn7oqxit6l	4.19328767278445	1.24515516105777
did:plc:x67r4blwnuya3asil2wy3rgb	4.27080783342364	1.44131089137643
did:plc:x67wjnnylxhuxlhfcimudaet	4.10763531964526	1.2975614724359
did:plc:x6qlpihbjtjidvhaupwrbufi	4.11888625167648	1.36398642430089
did:plc:x74plbz2r5sw2yekofzuhdl2	5.85233473369271	0.755327078770821
did:plc:x7b4dz53mutwhk3dg7rthdfq	3.32977823779451	1.92642667351568
did:plc:x7cu3ikt3r3hammmhuxap6lr	4.34785242253305	1.46340765429274
did:plc:x7ed6likpsm7t2mxns65btwu	5.79910214111034	1.53380315120448
did:plc:x7faxn5jeouhe2lcd3siwwlv	3.5980485613308	1.51667964953499
did:plc:x7opwz4u6crn4brofyqhq7nz	4.03537336714016	1.45854088402885
did:plc:x7ruqwxzcv2dpcwvzo5x2rn2	5.58899368632663	0.982420026778965
did:plc:x7yj7akiqpwnlr33lsyla4y3	4.96504860667347	0.948100761982137
did:plc:x7zos5ormf32dqueil4ikrx4	3.14411566005927	1.6779586960343
did:plc:xa4c2pejfgzvcdrolod7n3ni	3.11349301921501	1.81465634205254
did:plc:xaaduubm32to3xkri4f3u47b	5.45333928332114	0.894065746186516
did:plc:xafzxw4myf63j46djdb3sd24	4.50770715954385	1.39983418739232
did:plc:xanyggjwrlfst64pe6w7lk3w	3.32822942895235	1.42754664132121
did:plc:xbauqls37vfrnjs66rgwtgvm	4.50028194189242	1.73883242505827
did:plc:xbcgxay3cqqbu6ajlzkmorgy	3.98134455983147	1.67405186630959
did:plc:xbiom3rzw66ko3xudkjql6zr	2.82946102996604	1.73055865811135
did:plc:xbqa4nddn7fnjzka5ltuez2j	4.23973240626594	1.39173700705236
did:plc:xbruuupfiqe7hwdwhqa4genc	3.82341615072036	1.66186577301422
did:plc:xbwuil2fkxc5vm4zakcitq73	4.19946216453551	1.44365451124399
did:plc:xbxt4mxgujuxz3x45pqih57g	3.55859367727201	1.81755416315996
did:plc:xbz4s67zgl3nkjddxnaq32la	2.5002164174074	1.56315514873946
did:plc:xcfruphlok47vqzl23dbifnv	3.76616614879627	1.68183274344112
did:plc:xct5sxt5rfzggjzp7t3cmq56	2.50756751990071	1.23420638552139
did:plc:xcusltx4fepkwqaesjcmvfzd	4.17764621350556	1.18319828667529
did:plc:xcuwdxirwc5mojdb7k4lxcwp	3.54166092091763	1.46243992497968
did:plc:xcwfses756lxuvbe4fg3wewv	3.04525895058547	1.59548583715465
did:plc:xd3l6eqlfdzndtmzh53guieh	3.43843534150685	1.63995022832903
did:plc:xd7t6oypbvj7u5ot6unssgrp	4.51612677290588	1.43699822687362
did:plc:xda74nndxdocbca6ebxgwdz6	2.20501353218357	0.718357728950085
did:plc:xdbfri477kdthy6ow4nynkqf	3.8429559108467	1.67813538420271
did:plc:xdgncc7aqzb3pnmeyixexx3r	5.25706699403694	0.835646250346977
did:plc:xdgof74kuc27smxcfl6b2dzh	3.70499500373071	1.83486908766321
did:plc:xdh5qfhrnlzh77vc3kmfcbve	4.80751540300597	1.08610998610019
did:plc:xdht6pkyyvcbftokmcxg7fdi	4.42546125260712	1.37996247795819
did:plc:xdlq2zd2oftm546w7xipvuon	4.2190788556948	1.41645586761787
did:plc:xdwwuivcuh5w3p4nu7dlyze6	3.6014215074411	1.36500855596788
did:plc:xdyw4aqi57k6njffrqngbwnr	4.08115483230957	1.28420321655875
did:plc:xe3nwaem3g5leeuzr3hhvemj	3.549290469464	1.69765822395438
did:plc:xegmcayuoawpzud4h5lt5bml	3.63089272945967	1.69380995039168
did:plc:xehkll6ttpgwj5jto4jz2n2x	4.06618613905908	1.30927172142968
did:plc:xeikaoylaptxtltecgdypgxr	5.11511589301788	1.10932393777937
did:plc:xejrarmtrnwacatqdnrwd67e	3.98077571199342	1.47974740611828
did:plc:xekezr4dciouf7sflqgqjprs	4.72239691439071	1.55804047307896
did:plc:xekzmh33qd76rldqsdgezx46	2.9545424362718	1.47263954961724
did:plc:xel4srlpt6zbfme4wfsuhyay	3.36655736796022	1.23981620121113
did:plc:xf4ypnyaloetcbbswdjhfrhx	3.98117852572914	1.50601385454757
did:plc:xf53ujprnmfktaxb77fztor6	3.89669692446579	1.52131791140756
did:plc:xf5atkz2bdm4zeawdbh2sxu4	4.53653732253805	1.21150372334177
did:plc:xf5ce7crduotafm5k4hdsf7u	3.28352070977056	1.46935342498443
did:plc:xfig7ckzf3hjvqhw7hapw6bw	3.11533556317444	1.85895921996204
did:plc:xfmmcq5e6ohwcwkuqas2qz5x	3.57439202035638	1.69176853404173
did:plc:xfo6dxdiy6gtjooeswyy2jxv	3.88535984523616	1.54397528742768
did:plc:xfvgvwu4ndczeyufyqsrqaxl	4.05023173978843	1.49112172989917
did:plc:xfvipq62pynkyvnwr6qu2efz	3.25019101827367	1.83089310903551
did:plc:xfvxxrfblwuc3kdthl344vc5	4.58286366916172	1.28556714817008
did:plc:xg255jnmuxdsi3dh2sku2gyc	5.51617331496072	0.715075138873908
did:plc:xg54qjvjubxyjlggugw2xbc4	4.44089615260111	1.72359351436502
did:plc:xg6xyyne2xrvickpplj35ukp	4.29288950122738	1.73723625986925
did:plc:xg7ng423t3piztnenvamj3wl	4.3662302749258	1.9412579847542
did:plc:xgdbfqo4epu5glu2qmougp53	3.98816482108434	1.68134303182787
did:plc:xgeth46t2splsojnt33u3beo	3.80560709581387	1.3771921234135
did:plc:xgi3lioxbetlnqdg7j4wojoi	4.01939085479066	1.4796489134855
did:plc:xgidzib6rvbwjmo2tcfx2sci	4.60180350523607	0.952723806666125
did:plc:xgowyzdumbzebgzdtgwektd4	4.05179042206102	1.16052356277379
did:plc:xgxfhy6ci2tllpdsba36da4c	3.83646648684449	1.55090742991786
did:plc:xgyzqcfk7n233qe4rwfwqtba	4.12705280369737	1.91123164298375
did:plc:xh24usb4s2nu4bdice2xuivg	3.15999356656656	1.94114059825952
did:plc:xhbdm4jimzbosdxhb7sbbtvl	3.79487520231812	1.10758474525775
did:plc:xhbzy33e5u25ow2l2xi6gmqy	3.72897779721957	1.42132682750096
did:plc:xhc2onkmmhnzawgujmyr5mx4	3.57566699055302	1.53426487522848
did:plc:xhegweiqxid77jy3kmptjakv	2.66269492650587	1.63077138649898
did:plc:xhfcwmmc5zr2k75jwobuto5a	4.57990766332979	1.15652539579934
did:plc:xhnwd6owh5goog3eddayux62	3.71402610763303	1.3439717346593
did:plc:xhoodvsdnafwghtv7geybntn	2.99812213379317	1.3279147624098
did:plc:xhsindhcwtvqpuxngyrmxo7v	3.37481548373008	1.21566676163506
did:plc:xhx46dx5tadrh2fkflvqddf7	3.41341995332963	1.48594419603204
did:plc:xhzw3n33hagztlq7gzcig7rk	3.37602324075111	2.05800358665862
did:plc:xi2bey63uuzvb7hbyrobb6km	4.1827487754752	1.26588282514696
did:plc:xi4ncwxoxuiqagzva5o2ja54	3.77574204819744	1.62754439761485
did:plc:xi53mbgcfu43hrkmm7ssf4if	5.17053222510856	1.47035298737576
did:plc:xi6sp3jw7svieearqxkhku7a	4.05000083795369	1.28840248926107
did:plc:xid6gxwwie3ffdqq7ltrfw4h	4.05128196163978	1.19413322153607
did:plc:xifpxrtu2j3docoxzffpd4xp	3.67529442067675	1.85182843254023
did:plc:xiiw5oirr7gir3gwyov4l7mm	2.90909196056879	1.39976793725269
did:plc:xiiwacune2qurztpjs6ci4pn	3.89089975257427	1.5514888915769
did:plc:xiizuhmwtthokqa54p57dtaq	3.20336689377385	1.56682041569277
did:plc:xine6kmytwolmxpp4jwwv6pn	5.01872862345848	1.27554194226523
did:plc:xinlf7chbcav4h7dwkrml5aw	5.62499050879257	1.22840091535333
did:plc:xiqx2qsd7tod7ayhnr4wyro3	3.91091131976099	1.3487225902827
did:plc:xirzune7uxmu232nqjolxjwi	4.33999568113173	1.41254041597869
did:plc:xiuoejzylu6uhzdpqpztetwu	5.07325207501089	0.794526642618975
did:plc:xiuvgpeewgef7knilybxv7sx	3.98613535151401	1.56551079082609
did:plc:xix46cn22w2ifkg67y35yczi	4.23959660764141	1.892270092065
did:plc:xj3djcl5rmicw4ne3u4tcj3y	3.07886643894526	1.65290141384869
did:plc:xjcfengdcnvuqzqmgti4cjsw	5.01306483905325	1.15684542179802
did:plc:xjdgjkdesz65s7ghcyevxdho	6.092896624036	1.20668320934077
did:plc:xjjjkwj7zu4xtloloxokluem	3.68439453093728	1.46796520824428
did:plc:xjkpzrwo2wq6qg7k6qjhgqtm	3.60161040315809	1.49151643031604
did:plc:xjl3q5pm27u5bnygeb2bhayt	3.72546043022345	1.73326149532162
did:plc:xjnbc5f6axtogi5ynf64pjd6	4.688214441173	1.31770148470458
did:plc:xjrs5letdxhrwn6dxhvwnxhz	3.69746289596715	1.72839499443657
did:plc:xjs4cgqgnlcb6gvno5eys7zk	3.39643092815785	1.54584633089011
did:plc:xk3p6lojziz7almdjz5ohoss	3.68262615369628	1.46739777713686
did:plc:xk53xvx454uh2yfpbydbyxi5	3.68732846524913	1.6791057959418
did:plc:xkb4ky7zrjcmbf3babdtdyim	4.02713959248346	1.39713658324119
did:plc:xkb6rnsde47fmm3x7lixlyq3	3.72382531211347	1.74227002754581
did:plc:xkcp5nhgbcl4nbttqzitydp2	4.81647370588072	1.22171058781048
did:plc:xkg52r3l7rduxlugfxyz7jv2	3.55040909065252	1.66405585744938
did:plc:xkhwyprh3ybepk4l7goserpi	3.36779021882778	0.811977419844031
did:plc:xkiemmz7dhras3g35wq2vfhm	5.13421093638445	1.01697285680896
did:plc:xkifmoifpieweizjrfclfhug	2.85393771168371	1.72414620226677
did:plc:xklfohbi7y6hngger26w4y75	3.06146726197145	1.17214113899164
did:plc:xksm6ggzo2l5yp2wzfejaq4k	5.61124238736521	1.32546005458938
did:plc:xkwershectzm45pmoyo2ssx4	3.59535668828617	1.17361466990455
did:plc:xkxjoxsjqdvnjsuavv4avuje	3.96971399276466	1.57614844915073
did:plc:xl3fkig25bm4jovgxi44ii32	5.03175238057731	1.35797719242935
did:plc:xl4r5m3u65utphkjrhdkhik7	5.57846846366186	1.40427673189253
did:plc:xl6fwck23vconx4iqo5p7voe	4.87467373218734	1.68615324572016
did:plc:xlig7fws2vkz5gdyf6bqdubd	3.88570336872407	1.67280479925207
did:plc:xlmuez2jdaxzogmevnlrmw52	5.34476974424915	1.10509978459306
did:plc:xlmvnuyzpkqsh56d23e6doza	3.64373208147602	1.64300359775222
did:plc:xlosfitdwnx55cbr7zaghlhn	3.05102035201751	1.9195896763994
did:plc:xlrl2pqsglgwoddm232eliwq	3.04888227750085	1.26820645348883
did:plc:xlsac3lc6vfksalmenno4gzy	4.70428427553482	1.81811367943783
did:plc:xlsm7yfosxu5zwb6f3d6gfne	4.23762026087416	1.7496521239456
did:plc:xlulqhjwqq6alvjkht57sbm5	3.89733886428767	1.04857479739691
did:plc:xm5rqcjm6nvuubcfmcr5dp3n	3.80798015613878	1.25136584995527
did:plc:xmbjh7ct5b4pxcbelah2xjw7	5.00694014663922	1.32319000649288
did:plc:xmcbj7y3s2glaetv5pnxhxc7	5.47295316658118	0.718859845154421
did:plc:xmjyfrh4ggbpgnh57wzhlzvg	5.8016357900844	0.990964639686956
did:plc:xmlxpu4drzbkfno5vw4wrv4l	2.92030687658257	1.7237158308368
did:plc:xmrypyark4pvjwsqifzg6xlr	2.84788526631701	1.85974704759064
did:plc:xmxbhbdfoxyh5hy74i776d22	3.69949670738258	1.62254942843433
did:plc:xn2a6th7kydkgi76mbj53hae	4.14577358055729	1.61603359971878
did:plc:xn5us5rb2sq3kbjzcd4jl72v	4.95772908843735	1.24188032105859
did:plc:xndmqbhoa5rlh3nkxlqievxv	5.80090351615106	1.26945785701493
did:plc:xnkrqjw6vcfgp5ckxlgejihg	5.38816078302575	1.09523925717006
did:plc:xnld5olyqpec6u5pvksopkqm	4.514466384977	1.55527132655909
did:plc:xnocl5wgrtbaqbvjuzgcdpjo	4.64679528792903	1.12769881583177
did:plc:xnoltsdhb2bs2ptwna74f2sw	4.18434958597509	1.27760503173041
did:plc:xnqstgzxyprc7uqbukxj2bxk	4.97557347362134	1.24341941855377
did:plc:xntyq7zf2se2rvxtpojq4gdi	4.5042827156291	1.59302097724547
did:plc:xnu65xtdmew3zl7yqnv7ekj5	4.69253643015006	1.61844924499573
did:plc:xnuqwqrftvppniv6lnl2omwc	4.72118071575148	1.79577713716428
did:plc:xnwcvrxr7dztg2bkdih7l42n	2.66345107677283	1.08291226490067
did:plc:xnxdq446uhkfbipylddj2eap	5.40808366059952	1.39715608784625
did:plc:xnzzw77nqelkzoiboabg7kmh	4.142714289423	1.75593749169579
did:plc:xo2tbwlnqgflbqlunozfimva	3.26183688677925	1.41462985195581
did:plc:xo3huda76agcdy23ve2egdua	4.49021123781408	1.10178783282232
did:plc:xo4gloiwod2n3lcc2vhv3snm	3.95700246698721	1.51651963135869
did:plc:xo5uun2vcy55l6zm37slijef	3.92657299398177	1.26340761614215
did:plc:xobbmxbyspulfimuxtikelkj	4.66582323767708	1.40611985304985
did:plc:xodd7mu364e67oz4ve4v5rrj	5.4529585380203	0.94373892562146
did:plc:xomyhmscbqkkjlst4w422yll	4.68684643239103	1.10631188962068
did:plc:xooekxvhwzp25e2khnwyeezj	4.39190358416607	1.54674066632489
did:plc:xosqeflx5lljwxgjpbxyvvux	3.65231791392815	1.69182638433877
did:plc:xox4gw2cmzuo33l6btskpdvl	4.69499074137877	1.39313301609659
did:plc:xoyn2f5r7ip3jxgnpggwk6zj	4.25632853465242	1.62614028600564
did:plc:xozl7bh6icgzvrzu56okm3p4	4.03830191135745	1.59243668561114
did:plc:xp3qhmge5bddtfppdelb4glj	3.47382035264813	1.74894105752572
did:plc:xp4xxbhwejogmdy67n5oktmg	2.35734714584678	0.726036239135599
did:plc:xp5dbkgqe55e6unnaq7sxvg6	5.56479155468816	1.16160217396043
did:plc:xp5tia5tatqtykcxbtmb2b7f	3.8725361568658	1.47141938259696
did:plc:xpfnkbzhuloa3e66ykostovz	5.4093311148057	0.629220783924009
did:plc:xplfowvb5fkrduzpw4s6fsrv	1.18475019186585	0.654456677346959
did:plc:xpr2ec5ij5fa4v4i5pzghp6a	3.87116198806535	1.55774524896824
did:plc:xpszse2vsk2gei6oandpc2bx	3.77297017420766	1.70687164465414
did:plc:xpvkf37moi3jikts77vlka5o	4.73861137048766	1.103771287194
did:plc:xpwpgjpyfuovyjvoyotb42zk	3.45434496891251	2.015641494574
did:plc:xqbphffuc5hdqwdk4cjs24ue	5.48252824016254	0.848990326059882
did:plc:xqcgigfmyhhdir6zxetyigou	3.95088498320735	1.52994270752356
did:plc:xqesbmhj3wxb7ogmootrkvt7	3.91016746309557	1.44885606560012
did:plc:xqibaa4hg7q3rrodwyb6xaya	2.96881566803962	1.40783564196378
did:plc:xqk3hgqwybbuvh4j34xxpn7v	3.87973565069264	1.51587259166397
did:plc:xqol26phkavl7ayampguy43n	4.16435269172506	1.28704169727387
did:plc:xqr56i3bcui3kzdo2usc5uzh	4.70337527623849	1.58233256432822
did:plc:xquwvf6r3yjxgbuvinidzl5b	5.15625990896578	0.806606729520146
did:plc:xqybj2sjzs5ugjmefc2lio3o	2.92229906555566	1.48403555838508
did:plc:xr5nhnickzupllpi5uivujc2	3.70304107635431	1.91939010048612
did:plc:xrc6fg7daqt4d7adlbhxsut5	4.28796519923447	1.30482272401859
did:plc:xrcxk46giqqte5cjbnelb2sg	3.94206100814753	1.67210833245009
did:plc:xridjytu3eerfdini2vkwxez	3.20764187883864	1.4073783131116
did:plc:xrm2eauqvjpth43r4kkkock7	3.70011536447035	1.88525463313299
did:plc:xrpmpcjt7kjiju2pxlk5rc26	3.67027934234184	1.58648938436669
did:plc:xrq4hq6n4jsrwi4rw4po4zcn	4.98385654859426	1.04590994969229
did:plc:xrsq5iauajvxx54nyp6k4bb6	4.50441500037395	1.21912258205219
did:plc:xrxbycbachtxi4gjqk3f4rzb	4.71707116254131	1.2814995428611
did:plc:xry6zcepgpzboj4t4gg226vr	3.41493768829796	2.16461627005184
did:plc:xsouf6vkqrc5pbotlfoxp2qw	2.96937370575697	1.72632654849845
did:plc:xsozpuomntei2hm2wmefyb6f	4.96301092297439	1.43095586695942
did:plc:xss5xpavty6wqfgftto45v2t	4.19271626616779	1.62945970598951
did:plc:xsxrlx3hodeuwhewyrsenfhx	3.11922608685373	1.49192482472009
did:plc:xt4jetu4jmyggeocd53aooc4	3.89244193510544	1.61426661007973
did:plc:xt5q6zn5oqkfabofewlnxbvj	3.32842177799367	1.52335608108269
did:plc:xtcdy5tuv6wzx2drzvftgbsl	3.62406269689784	1.67357112574247
did:plc:xtdmq56hng4d3yz6b72qbtqo	5.26156018708792	0.933986611447412
did:plc:xth5x5ea6ab7e44vsxxxy2hb	3.70041057932041	1.28979960070846
did:plc:xtpfu6mswicefxo6aq427per	5.57115092311141	0.884776402064344
did:plc:xu2vpi4l7i2t6gsbqqxhktjw	4.3612562165135	0.66353903164095
did:plc:xuc2awvsdkmw7jsvb7aqfe55	3.74069010497158	1.2614157248385
did:plc:xugpwyynancpe2rd3wvwc5zd	4.17088106892498	1.22328383598245
did:plc:xuhtxol3tdafi2oeowq7gthe	3.53002503256533	1.54049013344246
did:plc:xui46xu75tnpk7b7hnp5ossz	3.70145674782382	1.67037885642459
did:plc:xunw7hsqueinj4k76fvct4uw	4.04255069977395	1.50266398895931
did:plc:xuvcled4ijhw2lbws2shs4m3	4.78673961477558	1.33979566385322
did:plc:xuw6vhapdv6mtpb2n5r5ua5r	3.94880101120579	1.62944059785062
did:plc:xvcjpojpp6qmpyae3vtbqeix	3.1615494754168	1.66293834258155
did:plc:xvdtkp3w4pgkbilonmxrz6jt	5.52233384824118	1.3295666642067
did:plc:xveiyhuo6e5dvxvyj7c2ad2b	4.00547381161506	1.8747782837991
did:plc:xvgg6ax33yazixwfqejfdym7	4.87870938575118	1.26231224171345
did:plc:xvhsjyglj6ppu7taewtyfobs	5.20552405226365	1.29179073072818
did:plc:xvrlxvez2x4fc3d37okku2ei	3.48495793243127	1.57310080456886
did:plc:xvshkzho5vcyuv7cqn5kmaes	3.14734384407992	1.86977164316436
did:plc:xvyznv4bb4pdmcjrscuvhifh	3.13361731036965	1.8145860705343
did:plc:xw23lr2fcfkxqhvcahxodkei	3.80568792223723	1.66716210971494
did:plc:xw2refcpvjrmmsswhxelyhvc	4.60915344513944	1.46090398645276
did:plc:xw7nzgb5e5wp4okcozz6hiat	4.57852125188819	1.14192321847499
did:plc:xwam5mhaetbmm2gqqc5ibv3l	4.6945996967038	1.51763350518259
did:plc:xwfcgngjsofcgk57t2osg6gi	4.13438108235715	1.7303347309544
did:plc:xwhlej2xczi3xvdeu3e2iekd	3.8305871307107	1.46789062634215
did:plc:xwhoxo7ddeatn3jupx4cvgt3	5.52130546045087	1.42582459916763
did:plc:xwn2jokq33hb6egrwmxh35ot	5.39496317053403	0.938013047679424
did:plc:xwn5cl3qidevrf6yetr5sngy	3.54140243810316	2.21290223693875
did:plc:xwpfg753fhpp23eh33v4vsi4	4.82252376197625	1.36383645610227
did:plc:xwq6v27z2s3l3eipgepgt4rs	3.84069548732022	1.67389736456543
did:plc:xwtbkmibtliwsb3rsfex2b3p	4.35423090893257	1.37903207727349
did:plc:xwtgkesuk3i5ri66o6oxohl4	4.55138626013684	1.12096482985979
did:plc:xx2ztdrwbtv3kyjwvvrunlb7	4.88362864483886	1.17195285120614
did:plc:xx4lgq4dtfihtzyswbj3v7y6	3.23641124687622	1.60391370514903
did:plc:xx5v7i7fdwagj6zd5a4qj7pg	3.94117133187446	1.25417001511019
did:plc:xxag4aas7qdkdom33tf442ar	4.63706122586824	1.38771458055077
did:plc:xxamfqplrqdkpwngyjsfa2oj	3.43749790888794	1.68815863495606
did:plc:xxbsibi776gzxcbvxg3q4zsg	3.78699365639574	1.63228501924922
did:plc:xxeflm4ssmj7be3xczwhybse	3.99628052109198	1.31356596010941
did:plc:xxls44pifnm6zm3mmt3gmutu	3.2763083802182	1.48229884434576
did:plc:xxrrxjjbco4sth62svdxer4w	4.22610251095135	1.36617646531597
did:plc:xxxu5qtnvsxv5krdrcqmn4wa	3.91777825751796	1.0716481092005
did:plc:xxzsdhxj5d3iyswfv7m5whzv	3.16164789705524	1.10180753629939
did:plc:xy2c52pycsmeq25cvieq6ffy	4.58746665242924	1.25914659440832
did:plc:xy373mzot4xlwmblwdsz6mlm	3.64746455171735	1.26147021780952
did:plc:xy3dbdhju2lbz4lsezifz27q	5.11748483183589	1.43158782720314
did:plc:xyam2kqt4cu34425y2a6ttck	3.18820082725634	2.0033649888231
did:plc:xyrqmwz2kdrzewrk5az6ibhu	3.58219824516404	1.47021235826717
did:plc:xywbh4lpy6vsr2dsfkorqtww	4.44083051220017	1.3621642580124
did:plc:xz2eolagxd73qiycymdhapuo	3.79743819508942	1.56757569926503
did:plc:xz33iwx7ycs6witm4tqf4y4y	3.25364679357593	1.24427099993883
did:plc:xz3z6wnxhvq7ilfbxjwulmdp	3.51881833085923	1.5937915221632
did:plc:xz53nyjd7kqv5hwo3cbflnqn	3.63725300744361	1.183595348309
did:plc:xzaq75vqs32vgjmf7umzsk3j	4.12857574465029	1.6020288402973
did:plc:xzdqjlcmebhfxl7rcl33b5h5	4.23389381802102	1.69508229068726
did:plc:xzftu2chkhavrofvxbenodys	4.80950411326279	1.38195427389179
did:plc:xzhyuzcnl4qs55qdegeh65pp	3.1432384787632	1.47184416228151
did:plc:xziwnwlxwbjj3t4dsxihorvu	3.38080321577993	2.0420700285167
did:plc:xzn2qv24cqnsfrblrezxqkee	3.24442915099255	1.98273273332424
did:plc:xzngnhzop2ytvd2fmllbpp6f	4.09535279041837	1.37695327503979
did:plc:xzpm7rr4anrd7heert66xaeq	3.42210680960974	1.08883017713636
did:plc:xzsvl3qewt2hmij47zjiyobl	5.4516353663873	1.22206793992301
did:plc:xztia3r3pfmpbdrtekshvbpt	4.10613573149251	1.20302886986319
did:plc:xztoitkpmw2w73byra6isdcw	6.02928161918463	1.1323487881713
did:plc:xztzo4uv6bqfikc3mnjdpm2x	3.73878798436571	1.24053395804286
did:plc:xzy36tvy6fsl6aqpuvf5rixy	4.11332657052736	1.39201097088333
did:plc:xzyxczsqrjwl4xhgfy6fhpmd	3.52129000772543	2.09748910072382
did:plc:y25h2embwx2xewvikxnzsf7h	4.23274214055002	1.57634341956001
did:plc:y2fyhkjh53knus23aaaanviz	3.4819941562766	1.57074297715666
did:plc:y2ituz66oyalrvzwvpyqtcok	3.23511962027632	1.74023341687545
did:plc:y2kmectbd2ezgyop6miutook	3.9209327040015	1.45573976453588
did:plc:y2lyatuc37xlidgmpysiqiu6	3.83046927201619	1.10549120154661
did:plc:y2mcp3mkoxdxu7myxtzrtdft	3.70049409075303	1.82364024851223
did:plc:y2mwbxmktxtw5sjb6c33d2wg	3.96160659942047	1.58548166710173
did:plc:y2pcoj6dxt2qsmakeubxk7h5	3.32905719636234	1.58882599332038
did:plc:y2q5scsrnpungosoc5xana5m	3.75598942535351	0.826232284147294
did:plc:y2sxfgop22rtrmypfhqwca55	3.53267367601244	1.40001836617735
did:plc:y32o37uy5bp7vcfgudx6no3q	3.32665974788072	1.13000120291942
did:plc:y3adbjaaqo2r66p4ssjbq6kk	3.68870773268728	1.33886926583817
did:plc:y3drtzt4bloy7wy3q74jng3m	3.39518508732562	1.97396976510911
did:plc:y3jmmou47ew244vy2x4a7yrz	3.6951314259794	1.37603132719573
did:plc:y3jps56wvc4fdfobd7uc6pze	4.15336374556425	1.671272951588
did:plc:y3l2m5s66i6zdw6ufwqmvcba	3.87902473010338	1.41067562327411
did:plc:y3lgfbokvfn3mhqbkj2ajys6	3.42673654851981	1.44546286246406
did:plc:y3oqny5w6ouifuk4svxtmq4a	3.67806929571962	1.71352585093577
did:plc:y3qg6wzrkibkjhrvveqqrzv6	4.18387480673695	1.42379124860875
did:plc:y3rh4luamhiji2w57dlpl55k	3.90022146071388	1.08712645147929
did:plc:y3rkd6w5gg2fqvujwxbazque	4.59117417152475	1.1640298801538
did:plc:y3vfcvjmw3e2googqi4hrgxp	3.72351477269414	1.54052483318114
did:plc:y4c4w3ggne4g65qy7ukrs7xu	3.2800688992225	1.97327018451447
did:plc:y4koa75zd2qovs3yk27wj5o7	5.0440298060881	0.874724896119188
did:plc:y4m2ajdaq4amb5vw4tuaonkz	3.6380260998327	1.47789002226221
did:plc:y4qugzkiae7gnxlx42pb3mmm	4.28896873658703	1.09000121512346
did:plc:y4rf45ru7v6a2wdgdvhplz2t	5.68066678106972	1.64083019008104
did:plc:y4w7levwpqdkksnc75mgo7yy	4.0713306981984	1.39680982058451
did:plc:y4wbkwx4opwtkjgyofxjz3yo	4.21776473849324	1.3986811304393
did:plc:y52hu7mf3jodfkwjsp56s2bg	5.79250092302261	1.07939365331226
did:plc:y533lkcqojhh72fyqczo7s6d	4.51103531532061	1.45440089106273
did:plc:y53q4dgmsu4pf6xhrsegg2re	4.93403757111675	1.14484263514732
did:plc:y55jxy33u5y7xmyjgktqdqqk	5.29440591299314	0.972232418889977
did:plc:y5hla7apbsxj5v54nq54a76u	5.16948704157689	1.39954963262073
did:plc:y5hqes7cjjvpipljzptyisca	4.07064625810601	1.55446907869472
did:plc:y5hxbfjiwawegffys52ysuxf	6.18855284119362	1.0394527754983
did:plc:y5lk6jovlwqmoo5uegm46vg6	3.17170031605908	1.60912245063789
did:plc:y5ny53dqe2zhqzdckhkrltxm	2.87065345111687	1.84428693295833
did:plc:y5tmq64y6egyr7ya6c5amn4a	3.49563880464065	1.39983003650355
did:plc:y5ufckxu7dxff4qmripin64h	2.70660264925471	1.66243882118287
did:plc:y5uthvy7tlvxfz3qbmgqhuzv	4.08141462812066	1.22367419329907
did:plc:y62cifjd44e6hkdxtkdxjryz	3.39247335494663	1.5275412329797
did:plc:y6i7qiw3pzd25enjjcvydnof	3.58036665969827	1.84550674080333
did:plc:y6iikj3lebwl7k5cyi2fbahv	3.60458589768884	1.69717535135256
did:plc:y6mmewsmllo42kydvhjdhd2j	4.76513259943824	1.36737256198419
did:plc:y6mylh7tkw47jgttuucpfww3	5.10490577959885	1.3657148136999
did:plc:y6mzmuadcannn3nt63gknjle	3.01523427852042	1.80998894450228
did:plc:y6ry2wknekvdbvrtngu6txzl	3.41165686474257	1.74164390295471
did:plc:y6weobt5d5vokpdc2m7kfuey	4.78026378426899	1.41509411637163
did:plc:y73y2f2s33ytjlurp2aah4x6	5.79672277528031	0.710736178743933
did:plc:y762aqhd6z4vkvr2zjaapogf	4.11741241592057	1.1023276477978
did:plc:y77qqkvievz2scjb5ij53yuu	3.37503781766997	1.89973623141186
did:plc:y7i3ltky4rs4m3vrjsaiicik	4.90992398606383	1.28679372694853
did:plc:y7mst2a6ej6ztoejujmxrdjz	3.59365599762812	1.36398647516118
did:plc:y7o7vmxlt2sjfkjpidpkehxb	3.17551097200368	1.99744333294032
did:plc:y7pbmkeoabbfynybm3iin7vi	4.82309149387678	1.94367100625528
did:plc:y7rvl47a3qb6nkqsfmr6qooa	4.40344854730207	1.71324889374083
did:plc:ya44wj27cxde3jzdw2bu6w4f	3.23129010592608	1.59790655706449
did:plc:ya7jdaj5m7iuy2uugasdgiwi	4.33507953419346	1.38145082167638
did:plc:yab2m2gj5cjiuh6br7iipob6	5.67368348795964	0.946089373165574
did:plc:yablcyb43scmnlbt7xix73nq	2.97873910648136	1.48828842398058
did:plc:yac6y4eh7f7rlugrnifcdls2	3.86820332135829	1.33332658320622
did:plc:yag3eyotzbsxnzv7wloxylna	4.99664669806031	1.53886436735287
did:plc:yatizc3uniztl2jij5gihowp	5.16271157682927	0.868647359410323
did:plc:yatqtxegvvbwu3bf2nkwdzxr	3.72021751736878	1.45980102714192
did:plc:yb25cnuksh3kpuzmsaokgqat	3.96239099381696	1.35855549627693
did:plc:yb6ib5nhbneejy7og43j5beu	5.25350079660222	1.0282277495244
did:plc:yb7bc656ijpo6onbzss74fzr	4.00814521539905	1.38191601029252
did:plc:ybf2hgigjareh3a474wnwkfe	4.39262411353526	1.61804237293711
did:plc:ybfwkazvqtjxfq55fkqbvdbm	3.92873731156637	1.68241856498469
did:plc:ybibuyobysbljw6hyzlc7r7e	4.39393397120722	1.5619869566911
did:plc:ybjnoilekc4hsoackkk5pff5	3.30326391781818	1.51492421879512
did:plc:yblvvr3bqq3blvb47ab2sxts	4.74063364431231	1.12934468923727
did:plc:ybuvqejcyz2qa3mzn4uq25zw	3.94916538188246	1.40231624263321
did:plc:yc6sxzm7c52uukgiewjlmst2	3.71616663344946	1.39737521097476
did:plc:yc7ahohsgi3ppt3ova25mhxu	3.69035797673061	2.18324752856018
did:plc:ycbha3c4p4xjlcavcmqrywnq	3.1734118829045	1.70509932654751
did:plc:ycbkvf4rp6nj5vftx7fitgdv	4.2656761005632	1.21214744064113
did:plc:ycfpkgelllyoah6n6nmv2yqh	4.74534847024602	1.25514089532516
did:plc:ychqnk2wqkxhjm2o22qq7yyt	3.03521942090949	1.66058151475576
did:plc:yci7sobwhqzx7cdoz6ikiud6	4.76806259045538	1.40771111897023
did:plc:ycitpbxmmbtlew7yhp7p57hx	3.65911049475758	1.71822572444242
did:plc:yckmzdhgy6q6n5gh3dbgj7ff	5.29883328448956	0.910566449945058
did:plc:ycpy2kmfds6wutssmqxqjhsf	2.90612357834953	1.31730142537161
did:plc:yct5y6j6avr6ogme47m2aqe5	3.80077280197675	0.972776929448433
did:plc:yctf54fwlird5kfojz7yufhy	3.49163894454197	1.47529532742319
did:plc:ycz3ychtkopglpwyl3prywms	3.73393121928174	1.36608905780575
did:plc:yddlde5cwy4kjbp5dlefy4no	3.32464421108072	1.69826911775147
did:plc:ydhlqg2hyndevzuaadl4ggem	3.82462498259075	1.53054622703308
did:plc:ydo7tnqxrpj73krzy7mexpy7	3.71388192791333	1.92388364628433
did:plc:ydocken26ro7pke5hvlnjetl	4.12378143347404	1.45107224678848
did:plc:ydqka2a7ttzmwarrqq4dzq2e	3.80619582955405	1.44328353867158
did:plc:ydrinwftcmckmwwfss2ll6d3	2.81318319491078	0.481489320980983
did:plc:ydunclv7x3vng3hkof6dryc7	4.65228680561327	1.43849896088291
did:plc:ydv57vzzcy3uoomao5ocalkg	2.95387138754317	1.32310269548644
did:plc:ydyssxqon4le4f4axrkshcpz	3.12145502095393	1.73401787324307
did:plc:ye5fvob4af4kkravkwp65mot	3.80972161678121	1.67742471503474
did:plc:yedsjeonslmrui5dskfkxwqb	3.5361504116553	1.23666130400987
did:plc:yeeyihqa4op24nkw6h7xr664	5.07779071250038	1.26354253104735
did:plc:yenkk2gbi5lmjtmglwf73vse	3.77989770492318	1.39849656180084
did:plc:yeo6wml6bivffz26waugtmo4	4.09228608833942	1.57987128980789
did:plc:yeqxhmz2w6rqd2v6hmytvtew	3.84387003511154	1.37678008911016
did:plc:yerrxuwxtj6pqrpamxc5bott	3.44157790044245	1.74258603904076
did:plc:yet7ik27k7ijobb2rmxb5lm5	3.61062849106756	1.78844795630571
did:plc:yeztrmtgnuzfpm6sghf3ks2l	3.41099901089846	1.62311495163874
did:plc:yf2wyu3nymulr22d7epb375z	4.28433803736041	1.33792682987398
did:plc:yf55egopx665nw7ubjebohmt	3.99345370735459	1.32765812535393
did:plc:yf563tlnlckfqgheksmiqyrx	3.88539092931938	1.53059397084034
did:plc:yf7eoypphyc5tp6kvmx7swq4	3.9247620329986	1.32638843128046
did:plc:yfgikcqpbw77i5zhnwmydc2b	4.24307354006929	1.47131365115919
did:plc:yfh5peqpxii3hf4oyquk5ehh	5.16818404312137	1.39563179959805
did:plc:yfhvcsvqqrcy7gfabuqpufg3	3.03222964667331	1.79933438447741
did:plc:yfhzcgbotlnwrezwjkjaqmrb	4.29064526262923	1.79347465102007
did:plc:yfnemaellca64lvba3zwsaw6	5.142332107149	1.06369964197743
did:plc:yfnv5toafzjx4sbpt5cpi2vz	5.10202697610293	1.13352993908898
did:plc:yfpje5ul45o3zusyzadjms2w	3.05212968732055	1.82398029653568
did:plc:yfs76ik26uzyqw3mzf2tq6gd	3.52580286937666	1.18572882595615
did:plc:yfx2dixk5yzxcnw2lk5idyem	5.44350315043069	1.0215413817766
did:plc:yfze4pivcua6fm6tjxxeshig	4.04675479624664	1.59482027671783
did:plc:yg2kvv735ovgk75u6ft4omlq	3.30284043173041	1.309989041306
did:plc:ygdc54o224ea4x3mkfdaazdy	3.7183267098865	1.96067462826513
did:plc:ygih555rx5tb3avnrihw6ocx	5.47316558509863	0.718842137180556
did:plc:ygkstfmmcu3ndz2zqzj5kkrc	5.16487621445402	1.19236344385627
did:plc:ygprjyphkmoefvtbrhtfr44a	3.85558140010228	1.70668735734071
did:plc:yh2d5i3nus2h7hsto4osiw5y	4.10754371510827	1.59166518824431
did:plc:yh2yodorjp5be65igu4dtd6u	2.69107228367742	1.06264132654897
did:plc:yh3wwj2q5epwrxlirk3gxax5	4.98249111660847	1.38373101829697
did:plc:yh6lqmo7g6cuaevf7xczvrn2	4.50705318076895	1.41160375397852
did:plc:yhd2x4zrgkks2xriergspkrr	3.35955512867248	1.61206824542544
did:plc:yhfkl7c7kk5mqhweaf7md22f	4.92038325579996	1.09772001477985
did:plc:yhkwkrhc7p5f6ggyghqvpfdc	4.03821320185881	1.50637650732255
did:plc:yhlowvb43lrcyceldveoszuy	3.65098287821615	1.46152169947896
did:plc:yhmbi7cjdcdrkoc7i2vhjcwx	5.30645668289803	1.38586844437789
did:plc:yhncxpbzyju2lvo6m3wph2lv	4.06424151067729	1.63956327500345
did:plc:yhqfbhbp3neavib2j7amj7mi	4.24023928628316	1.48743231902093
did:plc:yhqhgmbppr47yygbw7znqtmd	4.8527540117079	1.4449667934743
did:plc:yhrlovcqg652nh6tslztt3dh	4.20070404411037	1.68272590427553
did:plc:yhsjztvyfpnvs6k75aevzmkt	2.72466269036422	1.29223780265411
did:plc:yhvqspgaxt7jlc3d6thofzzv	4.09408938047886	1.6583670544856
did:plc:yhyquuj7wsutlwzpk3flsmft	4.59967690992585	1.29637944437124
did:plc:yikmcorfsxjqurnfg3idpzpv	4.08455820223017	2.28101148672682
did:plc:yirsqr5fpzcbozaws3cp6bd5	4.24444769222321	1.47915801046152
did:plc:yisoha66pi7fv4pzu7x2jq4u	2.99812621321903	1.48524429593645
did:plc:yiupubi3sjpmcwvw2ub2l3te	3.64013517641861	1.4906738240426
did:plc:yj67nhz3jczxvk3qgihjwf2u	4.73282007611358	1.60387046744232
did:plc:yj7euteb2p6cifrlqcioqsv5	4.09401536438419	1.52322756106381
did:plc:yjarjvktg6q7gxqwmdy2sppy	4.21457100165824	2.16228356474598
did:plc:yjepbytmyntwsmekxa56ufcq	3.72039402566403	1.73624450900931
did:plc:yjfs3n2j66f6ndfhf5hyihrf	3.58531460133597	1.64262185726389
did:plc:yjnlqgnnafabv2d4qf24ifuh	6.03739708039056	1.07429157218847
did:plc:yjoqu2okspugmliiysr2ca5c	3.96810196372229	1.64878024452204
did:plc:yjqparagcjh3rsg6bfc55zem	4.06853110172844	1.93770808378809
did:plc:yjson35vlijzznycor3rjjtw	3.05141845432803	0.961512426460446
did:plc:yjvki7i4hjqlyet7dxpzmvaz	3.46810284728823	1.23129309714542
did:plc:yk2vzlih3vmldlvfixaozfd4	3.16966533241979	1.87327621437946
did:plc:ykhmnyxuuyzc2d3bcw2riodv	3.59179185693037	2.05653978190345
did:plc:yklo3pq6fnzhzzdpm7icptpt	3.41143206946098	1.69003306448125
did:plc:ykuz3xljftdjm6su6rhldhwt	3.29933004682699	1.40701936205867
did:plc:yl2ciirjauwizf7uoaobzdbx	3.3242101136182	1.83121218915856
did:plc:ylaaixgnrrqo2obxuf5jgo22	3.73902117081067	1.65241851283819
did:plc:ylaojp2v2cqndbzolkqsnn4z	3.74359229218551	1.55730133480391
did:plc:ylbjwxgblbrgzgfllz7fvtov	4.4644863200219	1.6865056459709
did:plc:ylehqablcohco2pg55atxn76	3.34957745345377	1.58681120213625
did:plc:ylfaeaaukxvv6u5d56dkwhv4	4.46632307342286	1.53534864807197
did:plc:yltng2i4gwpvwncmhrjbj6su	3.97961508003122	1.60534821644025
did:plc:yluavctaxhisapcahkhor7ec	3.88084371220211	1.4867885220694
did:plc:ylvyz4zptkayy5767ytcus5x	4.13436307133744	1.32943269520046
did:plc:ylznvcd3tspxchusjy46stq2	4.38309524221494	1.54618843909247
did:plc:ym3vvvsz4ts3e3pe5jhqdpr5	4.77722836242548	1.25178208697342
did:plc:ym5ouhliiwx5v2vvoroc2xrl	4.28668671459888	1.46059819469004
did:plc:ymgj5pnkwlltw6ume3xbfl7a	6.14367640341398	1.01924472588071
did:plc:ymj3iqdsubrxr6zymrw45csd	4.13458567253385	1.31298422851798
did:plc:yml4gu2rqvbh36t5lrwpnquz	4.61008760723168	1.48991316422631
did:plc:ymogigvmlplmhqxe4k3h5pdv	4.24114440539854	1.37422781189884
did:plc:ympwc5vaw4ym25mjmkgewgsh	4.03950023322417	1.24905164582426
did:plc:ymqy3x4zvvxtd6sbeomlcana	3.08521702806399	1.37106956537981
did:plc:ymy2mffsd64giud4e4vvv4to	3.73031307543412	1.42798239755766
did:plc:ymzkyiezmfkvdv6dbx3nat3p	3.72684514095427	1.30467472713371
did:plc:yn6op3dod3h53uv6dqtr76u7	3.80982905099936	1.52281613873935
did:plc:ynbphcxmhbpdws2xawwkcitt	4.70230640274675	1.30392390955768
did:plc:yndyzuw3xfrkdq4iirhyhoy4	5.08675595211314	0.989163653585703
did:plc:ynglp5srwwpdrz5ixzi2dvoj	3.18053263868715	1.84356451081172
did:plc:ynp37acrpkeicz3lrftauenc	3.80220210122099	1.26411011028953
did:plc:ynpygq4ocrjfqfn3sic5wirg	4.41676275650108	1.40339006775397
did:plc:yo2zxba7pkhotek6fle7flzz	3.38954027047139	1.54499303809703
did:plc:yo5lhtgk5cfztku7gbe3duvo	2.87310568269001	1.29594159535575
did:plc:yo6csbpoiyrebguzkdsq3te3	2.79305194825625	1.12922580109313
did:plc:yodkl7bh4ca776mtoezpoteu	5.01379161353446	0.769310571302804
did:plc:yodylbseozqsgtrncdhulcyf	4.79211206821976	1.25979429550824
did:plc:yoh55osssbxe5khaodyx5n75	3.58137603719699	1.70891137221465
did:plc:yoisxpdjuwyxatit55r7aryk	3.3214863116411	1.56927848514423
did:plc:yok3ji5ojov7fh7ptw52itpn	6.56631144742037	1.21910831519033
did:plc:yon7n2iynfut6itnu64crga6	3.64022599920087	1.69669713866707
did:plc:yotvap7ejzklbmda3csikcjh	4.24955815075227	1.28863562094157
did:plc:yoxuqft76bmx4fhdywrbsmel	3.19751606314419	1.19008425783242
did:plc:yp326b5y2phmukvoanlm7ylv	3.67397907458644	1.48529696331256
did:plc:yp3xnmwopfskwulhomnet22i	4.3439917654081	1.35293999933593
did:plc:ypnffyrtwf3m7rreoj5x5cmt	2.96149284323039	1.56042316220065
did:plc:ypns5wevomqa7enosetp5g76	4.57162287922221	1.37002209406339
did:plc:ypqrllobqyxfrbgnupogvosv	3.36946574240778	1.46125623540176
did:plc:yps42gi7254o5xbstbgtm4sn	3.65869355867253	1.59980683370417
did:plc:ypuagvke4fu57csipf6ssgsp	5.3606006979766	1.12700395926842
did:plc:ypvfzovg2nlohl7adtlqrnyp	2.8445439752821	1.7003437994474
did:plc:ypzk3tfn46r3v7wa7g3t6ugo	3.90129588802291	1.48458164026528
did:plc:ypztu6rsvtu343flplizoqjg	4.21619044172871	1.39241400119236
did:plc:yqamdxoo4yabkphjuki4to4v	3.41606119461821	1.83809291472337
did:plc:yqiuhs5yvamz5woehfqmym22	3.81486016388397	1.53751919239184
did:plc:yqjaojcpo4d3ncqmqqktdmru	4.263080977234	1.55117162551749
did:plc:yqnlg7ijd5yv5uzzi6uo3wap	5.13368056868993	1.00584328081989
did:plc:yqrpt22eivnu4zhsfutadgx6	3.98325792037626	1.71954281157917
did:plc:yqs3kz6lv2tfdkm7onpljj57	7.15894666228736	1.75001931051304
did:plc:yqtfssdtvl2qg7f3dk5yho2a	3.12593552469599	1.1907710866023
did:plc:yqzcwcfcatqlo2gusayzrkzi	3.94612568288368	1.36642575821387
did:plc:yr2ja4u3hfehzbwbgmdtghzj	3.15739893283399	1.69726192064951
did:plc:yr4k2atgwzcq5wvgq5wqudok	4.26558817453163	1.34865553875464
did:plc:yrjfsjoajchxua3dhxzahaaw	4.24336577914053	0.934881818679349
did:plc:yrm5sxhz45uadem7nxf3uqht	5.84263285815704	1.4295161488902
did:plc:yrml2ekyii2j5p77jmpakmsy	4.33565637228769	1.14756367023647
did:plc:yror4hlrsonuohup644uevpk	5.52307873422909	1.15325275086897
did:plc:yrrzoshyxx5dx5p2lnkl6n4n	3.56344167506734	1.89660188013204
did:plc:yru3wa4mhswv3dmzdfawn65t	5.03958998819064	0.96505656602415
did:plc:yrvlbxv2gssjl46lgtbezein	3.44163253200967	1.36284905520198
did:plc:yrvshk3pqeamhqcwdffjex2u	3.99916370062351	1.45275804120356
did:plc:yrvvx6c74427ejg42mejq6im	3.91218283306349	1.76993429769316
did:plc:yryu6f3ksadfdp3ydxblovo5	4.00198985992523	1.38429116803431
did:plc:ysb3cxih2pbgr7tccms367z7	3.9751616713272	1.44131122321746
did:plc:yseuls3w56tv7mqiez3lfvfi	3.79066466892502	1.65210395237379
did:plc:yshdqu7viux3afs6snzyrpq6	4.17255523031184	1.58619271354265
did:plc:ysi7zjbpnc4clnm3czhjrvjl	4.30531262909559	1.99572761093932
did:plc:yt2s2fr5qhkxgtttvsjcw5l7	3.77024674847787	1.50027242469492
did:plc:yt3m6rwie7u7esuvhvxompjq	3.19088586741564	1.90134587260379
did:plc:ytdymgn3yxpghln3kjbamejp	5.02129323018065	1.03080865463948
did:plc:ytepxi5duezsmqyrcycjor6w	4.41255910416646	1.49505468295599
did:plc:ytohtaufwd6spdnmnk7of5rw	4.52621862070265	1.26783475229247
did:plc:ytpmkrwmg5va4oeimpzexkuh	3.80025361740999	1.56565065470579
did:plc:yttbnfiovgjvjxjwtv3wnu4f	3.91333793759789	1.44914202677405
did:plc:ytukmthy3xszqlkajl36wxkc	3.56128344527269	0.991382905053667
did:plc:yu2v5bfegc4hi3h64lwqpvem	4.6890810467628	1.28534558424433
did:plc:yuaofnal6d2mwacpovlarffz	3.73404216892049	1.54151120494884
did:plc:yuer2kud23jb3c7eq7khnqqb	4.45908270826947	1.36126841564926
did:plc:yugtwzrh5jfilunwya6actes	4.19476233841914	1.33821848644802
did:plc:yui4jzm6aaqqxeu5jf7au44n	3.79965044703291	1.44496660069172
did:plc:yuk6f6goja7kgccgstovuxbc	5.68795135590468	0.835269776830748
did:plc:yunoxse6iaz6m6n2ok237jtt	4.90063050907334	1.21121487473769
did:plc:yuunuqhtlesn34hle3bcecbm	3.64176251441841	1.38673621511119
did:plc:yuvnmpoqjbzm2wzyu326kv4f	4.32847921904371	1.52669971676908
did:plc:yuykbiytwt6fyk4spjgzecjq	3.01517828655472	1.76363386571754
did:plc:yv23yeo5utxek3pzjvdigmyh	3.32130169026762	1.65132478859723
did:plc:yv2xltc6ii4dvd7ergredtof	5.57354194111639	1.63430134225289
did:plc:yv55hsdpiofxbzplz2ohmme5	5.15390000111905	1.32522961690615
did:plc:yv7ewqwhsslkbxtjilx4ruzg	3.88581563798635	1.48119014717977
did:plc:yvcuswgqj6yrkt4zxh5fmwms	3.93199017159251	1.59277292042231
did:plc:yvesh56cq6y5idhxacdgvvxv	4.52231269787229	1.61420693248112
did:plc:yveugjpk2gvvazp74ymaaxpr	5.97881283327517	0.895933718542966
did:plc:yvf6aczzjmcu5xyf4oomtnv6	5.2175685769851	0.850428406030237
did:plc:yvgonltws3b4pkqnh7367x2c	5.36609909328905	1.15009304978191
did:plc:yvgubklphkcicxjacjilgj2c	3.75566298985917	1.66850564683248
did:plc:yvhawl62wb7ss55x6uii3wgb	3.72644015739458	1.42923443325221
did:plc:yvkrz3czivza4awka3mbvtvv	4.62906089402511	1.49642337617015
did:plc:yvvrib7agm5og65qvvp72kga	3.44095265509701	1.69240614905305
did:plc:ywevn3wloblmtzzxky6awgot	4.80311697049128	1.59334501119986
did:plc:ywjde36jeugfduu4wmyml6up	3.89718849564661	1.55953206009477
did:plc:ywmb7fawiwrfozfqi3ijizae	3.1393104874436	1.76661425587428
did:plc:ywnkvncvnvg326vjtxfolose	4.97767327116881	0.971995631506263
did:plc:ywt6i7hpqupmm5rcf7d2ahiq	4.16274464984646	1.33275900194912
did:plc:ywzpmjfodo377i4vym764s3x	4.39444537781638	1.44728872888102
did:plc:yx4i7d2a6lhpvmczfxguzmfj	3.53871088634547	1.89505281964047
did:plc:yx5ox43wir5s4klm44tvrd4d	4.46383617891649	1.28395619311482
did:plc:yx6hxrughepahhozxnezsr33	3.29922017206128	1.62218122583337
did:plc:yx6m3vuaaldw66lfook23vfk	3.50798446670044	1.33196538202457
did:plc:yxbsoqqjbemu3w3ignx7v5ns	4.81652838254707	0.918646420990204
did:plc:yxchotk67sq66w234x7kkhgl	4.54336135647764	1.46474324582497
did:plc:yxcl5iopb5r7k4qwghj6e6nb	3.65394196281995	1.53056749073591
did:plc:yxey4d4gumiaktfqea6gu5mx	3.75538181826283	1.32761851603164
did:plc:yxgn3t5gec2igxch5vlbvcgr	3.44745890725649	1.981991224258
did:plc:yxhtgujsuxbi6jijrw63t6zq	4.67187435846967	1.5539047148694
did:plc:yxhvshcjxlehi6omb5rb2hs6	3.05186830252718	1.67501281112004
did:plc:yxkjburnrf72b2xpdm7iau76	4.91453122639151	1.28163097647052
did:plc:yxwmeam4vxbwtgghb4m4md6s	3.29165482609919	1.82277967521392
did:plc:yy7nwj3hyet4gp4l5bhhh6nh	4.19580916863444	1.29295498706335
did:plc:yyrak5oqf5vnfmu5faba26rv	3.8757038672472	1.18863541434129
did:plc:yytseezynfg6smfnxfkof7sl	4.05924347269067	1.06287484288544
did:plc:yyuaiv7kkzrtgweewdtn7hpw	4.6076543127526	1.94419242656167
did:plc:yyujf6cf4kbz34aid3eytjds	3.94033665078354	1.696760526859
did:plc:yyw6fkip62xejooku67ixuot	3.3872290774314	1.90938098837256
did:plc:yyznzrh4yjy6wwfxjtyykfiy	3.58566251471754	1.16135920838409
did:plc:yz25thvlmwve6m5vdlfp7bvo	5.30317366275562	1.16131211151447
did:plc:yz5juuhe576nu7bott6fqra3	5.15891772550205	1.26112790329438
did:plc:yzfmh2eeu24qzk3wkziblfpe	3.57264378629004	1.53346659076279
did:plc:yzg4n62owfcccjinra2us5he	5.48298803696795	0.790344611486891
did:plc:yzgkm22i4yn7cj2wzgmy3wzp	4.27149446980259	1.68433588596167
did:plc:yzpbgw3icec3atmr7tu7kxi3	4.71671536212992	1.56722276310105
did:plc:yzwomz2iug5qt44gwwaaah3h	5.51596205897542	1.20821072626593
did:plc:z23z7zfpig42netkpm5jtohf	3.51116945553336	1.10582777484321
did:plc:z34b4gcacdh3nrcdsov56e2u	3.55307841311077	1.20140829682533
did:plc:z35puam5muxll5orxnze3ceo	3.07736436944151	1.61207866417816
did:plc:z37l7hpm7lysmehhqfngwdg3	3.72419560489197	1.25810945977995
did:plc:z37stzqnci6wf7thwb3ecowi	3.4417154099421	1.42078887087291
did:plc:z37u4mvc7fvythbvihqwzvps	4.4525770202952	1.55839489266177
did:plc:z37zxpcg22ookqjpvmgansn2	4.19521068111055	1.44695343688395
did:plc:z3c3q3enhozq4b6srrz4jafr	3.49041754432635	1.30750685096017
did:plc:z3dlv7zjabypbjodyoaykr6u	2.95039418009825	1.79060421677141
did:plc:z3o6hkk4rxkqbr27hgs3sfht	4.56052439721295	1.05286200721664
did:plc:z3oktoub63fhf5ru7scbzway	3.0943022987851	1.9561367700021
did:plc:z3rcggz4mswbunmvqt7gm7fu	4.47813042518744	1.16173054910626
did:plc:z3rowtjy62zpcharros4kq3i	3.36349474418994	1.47610679171966
did:plc:z3vwbyalj27p5pwvkwantzqr	3.98837171060584	1.23428298233716
did:plc:z3wn45pivwhbk7ked3ljbvwj	4.21014005807016	0.877518926162535
did:plc:z3xqx6uh6n2pebe4t3hwcgyf	4.89482472017419	1.60763312338871
did:plc:z42l2pkfdgw2u7mr56qkrvit	4.23495953837016	1.37508361757663
did:plc:z43nhnxmf6z5bwig6cqwy2kg	2.95865558858547	1.5645181935995
did:plc:z46zge42k5lghzz3r33oq6wk	3.49284923339726	1.61836799633835
did:plc:z4arjdnudjub6ec5giinvn2c	4.03454603459844	1.63761474526466
did:plc:z4f6ijib5r6j6kjg7ljufmv6	4.49716382671999	1.50090786419878
did:plc:z4fzvkzbtsggmvdv2w43kxpm	2.76086314786084	1.36186250074382
did:plc:z4oj3t6rxcvawqblfnfv4oqs	4.70122276564395	1.36616237266998
did:plc:z4rbuockv3c5oloonfyralnf	3.61901282346759	1.42154465890808
did:plc:z4s63qh6gl7cpj7thclhylu2	5.15391621273564	0.756889593898988
did:plc:z4saf2pndhbsqxthbsskqm7v	3.43183471564912	1.15206247452246
did:plc:z4swoki4taf2zayzgr2shy6n	2.44419252143608	1.43435398884781
did:plc:z4u3m4nxdaleia7ewduk46n3	2.90383603151076	1.31613865841428
did:plc:z4x6mldnyyd4ar7m42wttd6t	2.97723355313618	1.37936447696863
did:plc:z4yz573pr4ie556coawmke46	4.62870650428579	1.46381132786935
did:plc:z52wak6kbsxoyr4fbsucguea	4.47901983270279	1.18760726423964
did:plc:z55gmxub252extnlqrmvtizb	5.22425960708369	1.155754570092
did:plc:z5gzsuf2jfod7c2shpra75cs	4.41924999542064	1.1132477215283
did:plc:z5ioms6rkiuy3xdrsxduyxlw	3.22493284009179	1.69555117436964
did:plc:z5mcibqunfirtdyh323obhea	3.80467985041877	1.46681123911337
did:plc:z5pttliwborbaqrisoawzwa6	3.02109438711047	1.83852449700574
did:plc:z5u7alyjc4tlcseizmcr6c3o	3.8097595179402	1.64395354753392
did:plc:z5ucnclgk4w257t6fppglvgu	3.49046459786966	1.38811109159991
did:plc:z5ultrffwqe3hamg5f4yzrm6	3.03117028375434	1.6111355582902
did:plc:z5v5jmcdq5ebp3zle234x6go	3.31318078850123	1.58561144981875
did:plc:z5yxfa3cbnvzrgfemv3nvqdk	5.43462385021497	0.558973193537494
did:plc:z623ngi722z6guphllh3ui5o	4.10766400422168	1.77953645685989
did:plc:z62tzl5qbxy43mf2rhlnseix	4.93177457499943	1.53922304563446
did:plc:z63khmpzld5g73c4v5jvcv4v	4.93247335549412	1.28877679253528
did:plc:z6ejrwkrxs4k7tgc3lilipnk	4.19250921302508	1.36120660132009
did:plc:z6fqjybzcmn5gyaiyfu2yvgq	4.11069726082547	1.10863762389625
did:plc:z6ndhmdv52gcrgidswlkgc7h	4.0924941705941	1.67460829304535
did:plc:z6pyruxvjkr2myuoeecaxnfd	4.10187725942166	1.18038550843936
did:plc:z6rogrl4ajsfapji7h2k3fso	4.86813452960592	1.29545054800765
did:plc:z6rzubwtmdszrvsdqtflhrpv	5.44477344772952	1.03179139145588
did:plc:z6sqw3ak2or5nci2ennvtx6s	4.03795873373564	1.79548256396426
did:plc:z6ytvmer2m2x2fkbxofkgjc6	5.76576451211079	1.18343795115345
did:plc:z72znitnxtpew5qxni6ozont	3.87919289395021	1.52735597064458
did:plc:z76nnymykgzeq5wmeiqb4nbs	3.77838411279852	1.66438822015493
did:plc:z7b6mfn4tduxp7gjhuwpwvbj	3.88559626643401	1.36143033381897
did:plc:z7deferc252324s7zt4dldux	3.59595063850873	1.3594472540211
did:plc:z7dndadjtx2ulrc5lf5iac7c	3.7905975681953	1.36935490945536
did:plc:z7e7icefuoosm2ddqorevb2h	3.50784102268242	2.08983642121058
did:plc:z7etkhhd6pc52u4vrmojakx7	3.29489717944051	1.37487194592814
did:plc:z7qethd7zrimtb2dwcsnfk2b	3.72592927981785	1.71800961983124
did:plc:z7z6nwldzlkjyasjbz5zwj3k	4.71008194743431	1.3325528919532
did:plc:z7ziyzk3vsjiswmdjwywlgrb	4.38455388912797	1.37319036572604
did:plc:za33jcd5aojxeb2ylxvonote	4.8780897654964	1.02261944225405
did:plc:za4o3vkuvm4yjsgvmqgdnqjz	2.78981232165592	1.40693319243928
did:plc:zaa7gkgm7rbavkt5ezzrynjp	3.41720740103231	1.61870396063036
did:plc:zalubccbq4em6lzqw3nnfrho	2.59718721229017	1.49466310552153
did:plc:zalvfrfh5f2nof2dxl64arao	3.70404161946456	1.56344006586562
did:plc:zapgxniro5xrvchxz5tv6noq	3.77996859314274	1.26420917188896
did:plc:zaphugdbwq2psxhi4qwf2lqw	2.91037774734118	1.68565164828036
did:plc:zaq7t57hyugommewpyof3suz	2.75395481500087	1.32955967239521
did:plc:zayc6smfek7adevkbr6z3ukp	4.47566795428699	1.3141305705167
did:plc:zb2g43rm4iwqqkv2vwzqrq5b	4.34308945774747	1.43954216252014
did:plc:zb4jg7jiv6dbjuw2bwr7mi2v	4.4164188386589	1.28657874818228
did:plc:zb4nabfrewbokjuxeemgontj	3.22639652635042	2.02638632611707
did:plc:zb7pxtxxtkuolo5niwbugi4x	4.75535140900148	1.41708937045176
did:plc:zb7xwbaixdle2utblk5rlqye	3.8702985394067	1.45208448133909
did:plc:zbhv65owo5qsmj3wmf5gu6wc	4.38073205967403	1.67489722048407
did:plc:zbj35i55n7pgjivvjntkoq3q	4.48663225108279	1.15423148401925
did:plc:zblgn5huk4mio57sobx3uk3x	3.74094562234162	1.47108866196955
did:plc:zbnq23e5hhal7abrngy6wavq	4.25383871559958	1.52516943422716
did:plc:zbsk7o3vm6ukf7q735afjdwp	4.25745001633917	1.25953795020246
did:plc:zc27rf7ttka66jxpvhlbktnk	4.43986214957132	1.23918875854922
did:plc:zc46jxmlwoptr6pndfyyuxc7	4.20666215117886	1.1717054327647
did:plc:zc7m4nitfga3vrzyppwvhb5n	5.21831080670631	0.724114187908741
did:plc:zcastctepkzwl5ba5fm62te2	4.22455217754303	1.70425152517432
did:plc:zcdrwuu2rieblvwlssvuv2sq	2.89283865817576	1.44492638126226
did:plc:zcfs4a2fl2fgggydypqo56u4	2.57240872527551	0.630095072889477
did:plc:zcifiaokjuznmkasf6zn347d	5.46111911593442	0.889408651540209
did:plc:zciudzkcxipilc62nideamas	3.089230142563	1.99200753026156
did:plc:zciz6tlstnc2fq6v23k6c56x	3.31906238616552	1.5539587657278
did:plc:zcojgjza3eqgceravpkk4dan	5.98080528515053	0.98047496389499
did:plc:zcpnptdiqkoqw3xsowdgbmun	5.17541200171847	0.860733399792733
did:plc:zcxacmejzs2tqtklhidptfof	3.52135694019252	1.51739592615449
did:plc:zcxs4zcvp26v34c3py7lhkqp	3.81384185351096	1.40968192568801
did:plc:zcxshyko7bydai6jzfvz7ugu	3.56930498264502	1.92505298941644
did:plc:zd2bwpfknwgm6qpzlb4z3otz	5.7248698190845	1.13038756398346
did:plc:zd2x6zfpnhda63mvw34q7xjp	3.11262384487195	1.22061301899386
did:plc:zd5ocnd4ovyhnkv34awu4f7c	4.99510820385307	1.53623038203433
did:plc:zd6cgfpol25ix6ighhboqc24	3.42167141177573	1.63543176601395
did:plc:zdagecypbziwnkiyhcsqnxau	3.80188727072394	1.54184197889318
did:plc:zdavh3qloxxtnopmdgsvtc4r	3.88780960660272	1.51540261985777
did:plc:zdcorzeidkdbuos4o5tobonv	3.64285404478753	1.22522977092436
did:plc:zdde4no7oihelsnd3nqytxjm	3.73477971641394	1.16712411996015
did:plc:zdkhq4zw3hiub42h6qgremzi	3.23237167465658	1.81560297888052
did:plc:zdq47y4g7efdvsqd7ln5e73z	5.76141265543561	1.08328963661906
did:plc:zdvp2ka6eahhjp7soufvggfh	4.42066030582123	1.56235038845504
did:plc:zdwcy6d6xkfx5xuitznc6c3u	3.8256429184117	1.5147151917627
did:plc:zdyhpo6ufmlq4q3u273rbpfy	6.07384128430346	1.22618099334855
did:plc:zdyyg5yf4p6puhc77dhwbbzw	4.21432452961306	1.11648766922782
did:plc:zeahzfn4cyhfnrj3xc5qsdgc	4.39027842726508	1.75126310728222
did:plc:zeaos2svq2pklvhbikgrobbw	3.65982675018561	1.63180099779985
did:plc:zebebw3mtkpjfrwz5o54uyu5	4.39222876260717	1.36667677764533
did:plc:zeegtggph6byjn35mm3vvieb	3.97511873099775	1.7149328875173
did:plc:zeewg35ylt46vz6pvua3sgh4	4.70189498609746	0.973083226726147
did:plc:zefe44wrzzzm2qbeolg4jjf2	4.15586789748552	1.66252091315528
did:plc:zefn6zsp4zfs42qi3hcfkesk	4.88537385498492	1.01304634047601
did:plc:zemgi62rf3xnztn3brdzmwdn	4.30728727669466	1.61334626059914
did:plc:zevq756th5i7j2jdmtqtqla4	4.12923404225707	1.38422308635784
did:plc:zevtt2alrqdwqzpwimbjcyug	3.53210627109	1.55787081127649
did:plc:zewjqq2avqb6paamcjm6e5qd	3.67449014313815	1.53955882452341
did:plc:zezxlpp5dkoks425zvcwjpiz	3.71970913245136	1.17481606169393
did:plc:zezybfrkekul2chmswz75m3m	4.06597694216075	1.69817840525686
did:plc:zf3op4d3nqpbnrbweg6r5oez	5.01948790491522	1.10154801744619
did:plc:zfaybsjqv7sb6srwbbodfko5	3.29012475216932	1.8927989181613
did:plc:zfc2b5oxtmoqb7hjdi3rbltc	2.84443768233538	1.82046039049442
did:plc:zfirnlwov3bzurysgrhxvacs	4.24770653877128	1.37712556711572
did:plc:zg2esqeastzgypigjdyt6ls6	4.03381862604862	1.51217093639478
did:plc:zg3fbqntvyl3wzvqydkdmw2r	5.96825126678842	1.35003585887565
did:plc:zg3rpen6jewf54oi33zksvp6	3.57404844627621	1.2702629217398
did:plc:zg6x6lf7xf4fmpbcoslyfbpq	3.70311438568291	1.5137881481228
did:plc:zg7lgcxhdkoufwuypudmpjjb	4.40908617060289	1.37603118109315
did:plc:zgak3m5xmfv7aur7g4hlrn3n	4.78846912658935	1.08144328863024
did:plc:zgaqh6hhrhnvl5j5efh4mf24	4.15783471887006	1.55540583757005
did:plc:zgcoxc6zcshcruvgxrd2n563	5.01559165240762	1.18185087313092
did:plc:zggc2viiw7ix2lnbyq3kw6lc	3.87352199471644	1.57320652029606
did:plc:zgm74ghwtlqrpzvckpbnpv62	5.76906415596935	1.25531322426322
did:plc:zgpcxchfek5j6igkgy37fmio	4.08592444826167	1.24419037919685
did:plc:zgqlzitquqnuggegyd6tnjp3	4.1928751767739	1.17444701210753
did:plc:zgqpglphgjp73hrgirsvp6c4	5.20368924475696	0.965899172927445
did:plc:zgrj4cwmgfk4ciqyyjh7r4hq	3.69275079450943	1.4245752964871
did:plc:zgvr6423kr7z6vwflylde6kr	4.1892668611258	1.55715766836659
did:plc:zgvu36qg63xf45orb5uunfcl	3.44675138992314	1.60924512874874
did:plc:zgygm6vgolww2rotsbzyvfp6	3.9770188447105	1.41747078183901
did:plc:zhbelssine2n4omiz66u2rpb	5.30766924397961	1.09396038649973
did:plc:zhdljhdrqa5zniov4rsw7juf	3.96878969723722	1.5472505360876
did:plc:zhdvym6tnbmll3qzuqcgiwow	3.86981158927106	1.09771631002723
did:plc:zhgetctophkagcavkmtvxxqy	4.63815371584955	1.73397642111832
did:plc:zhm3wbjjh4a7zhmcbgbag75i	4.54988462184125	1.48801751509604
did:plc:zhr77w7t6hle2dbqlww5hndu	3.53839053943414	1.36867126645749
did:plc:zhsth4rhd74bttft2hl2oapx	6.42860218173385	1.48907337810154
did:plc:zhum54gmcru2escvora4e4nw	4.3159856629985	1.49651575873088
did:plc:zia7onsw24rk6fp7qditutmt	3.51663157086281	1.48418826828382
did:plc:zias445kdhzr5ndpqwsefb5f	5.72937774563949	0.487942131223605
did:plc:zif2vsegb4hdyg5sdnudmhov	4.02646498494683	1.62432418519396
did:plc:zihe6tlz7cwdox3zi3nyxsle	3.55198463872693	1.22589539522934
did:plc:zimd2ksgrm377rtgorb7krpe	3.94009131139458	1.6366114252298
did:plc:zir5zzuuoct7rekzb3hrs7pv	4.29531972540451	1.03187938720952
did:plc:ziuuzw4t45yunnrhcrav2dph	4.62384115339761	1.4894566946451
did:plc:zivyevroki4mutlujxvek73f	3.01959506783057	1.71602899174481
did:plc:ziwcpphglce5yet7pznc65gc	5.96981604874819	0.892168691482229
did:plc:ziz3j23eqz42zhd3nncmijci	3.52465324880173	1.47430052042119
did:plc:zizbnty4zknndb5fvmcuqzbh	3.3264383546136	1.84385094203478
did:plc:zjbzbk7hcgs4jgn5gmdxr2wl	4.3927598060027	1.12436745200823
did:plc:zjc2v4l2kdujgdcyo2svzy27	3.26624223501577	1.26965307887146
did:plc:zjd36ktkp7ummo6ml2jrbjgl	3.36237348433645	1.31423701507585
did:plc:zjf7ymf4d6t7plgmpgenwkpp	4.4769790969892	1.48101008223399
did:plc:zjks42cw6ra4bx7nssm7nvuu	4.09421307414516	1.37570324218386
did:plc:zjuzit7nsduqfj5jlej25evn	3.5435950162624	1.47814587307797
did:plc:zjydcktdvraptotbvgl5sybo	3.77672622123778	1.36758779319091
did:plc:zk6lfbqmifd3tudy46bpukri	4.76748108438869	1.62871694497012
did:plc:zkbnlbxl3krizuzq6ca5tigi	3.56411790815913	1.29704451284004
did:plc:zkdif6gpef2vzb6v3n6scp3g	4.21778418363063	1.37357863216619
did:plc:zkhkmlrjljbugenohwvdlrjw	3.59951494304097	1.43207290327473
did:plc:zkiyhpzyebnf5qllxkqmjlka	3.67780756580509	1.72168999764074
did:plc:zklf7vumdxbxeguyto4vabex	3.60653461112351	1.75031910784045
did:plc:zkoedz4it454knnjbdpuh4xd	5.36561941485655	1.63207297303776
did:plc:zksjqrxdqk3buao2kvoclunc	3.55098836818823	1.79473084199618
did:plc:zkudrhxmb25kabescisp6mik	2.64352755833977	1.19892565154758
did:plc:zkw4ay6ryziphtsaidbfxplz	4.65684354684728	1.56880126645054
did:plc:zl5sjzeqvmpqd3tnpbkzy7kq	3.92384808647601	1.30014231200492
did:plc:zl5vwucgmjnjtzhgq6a2dsb5	6.29964341602498	1.08001445532532
did:plc:zlakxnv3ee5ydqrukwvmudij	3.60656068187135	1.5831562658445
did:plc:zlfenukraroe2twhcyjubkju	3.80296546987466	2.13277455737741
did:plc:zlggmwufho7f5zkq32yaytqk	4.07749675168368	1.46040770472827
did:plc:zlijb5ssawrajpu2vtes2ray	3.69247147816099	1.65706059170251
did:plc:zlinaddaxhsutvuctqgdafte	4.07291489008527	1.38794533265231
did:plc:zlreomybdewuutuhrytdub76	4.62840487533406	1.07359670420278
did:plc:zluzbsbhixzhcjlguomaw5oa	3.65447301597859	1.83241006892022
did:plc:zlx2vebmwvq4ls6kmqf2h6zg	4.39802062426837	0.930094885141478
did:plc:zlxs3kzr4alrvsy3x7ftcshb	5.41890984506207	1.53806909219187
did:plc:zlxyxkl6m4ijrynajvuxrpea	3.25761430565181	0.291379462483443
did:plc:zm5kwoklmji3ytilg4kizf4h	4.32794175204035	1.99660841960505
did:plc:zmbdgxgismvitq6d4bir4gwy	4.20715413906862	1.21965377550973
did:plc:zmbr627bijq3l7zkt72gcvn4	4.70885296948118	0.846759213898013
did:plc:zmex46iyfzdurrkq7cbcdwy2	3.42506233436714	1.17329596793338
did:plc:zmf6jwyyn7cy2zxo27ylqtcg	3.47575583987899	1.5245609224713
did:plc:zmnw7wegzubks7cdzan5zwvy	5.03224326318201	1.35282825350128
did:plc:zmo2sq46dtfhxlutx2zfgdta	2.90475356128873	1.35068558012313
did:plc:zmrnriqllxliptfrsh6v5ynn	4.23437882505144	1.2880237758354
did:plc:zmrsfhouavavryfnysonnfx7	4.37859217012042	1.35895131289082
did:plc:zmrxe6k64tbkqinca2pghycs	2.72673512875376	0.811072021541617
did:plc:zmxigafqigfe3eg6olgvcfok	3.76927985149512	1.55826374347403
did:plc:zn2qleubok4kpkds57zxdosg	5.04799845215643	1.58106591244519
did:plc:zn2w2e3c5fvzrarmishsosbl	4.68511393154364	1.1621568403453
did:plc:znb5jqy376ex2uopiwarsjmg	3.70267241514581	1.46107233669937
did:plc:znea356llf6mkgdfkvlurpmg	2.83242867055779	1.77233946431971
did:plc:znhinaqf3z3jksym2lwwcjbd	4.52279578887585	1.39112293235874
did:plc:znl45kgfxdhc75yv3wrbq4af	3.89932658051569	1.63979891102513
did:plc:znwow5v5om6s4peuqwnxdsl3	3.44556925249079	1.80205570392178
did:plc:zoa236co36wgbll3li3meegq	3.93555478252866	1.32245367404541
did:plc:zodnjsv34ah73ngvbj6pgyfj	4.87649817513844	1.0438559111993
did:plc:zofuvz335p3hkpcub4xxpqxe	5.22660794455949	1.21051295050941
did:plc:zomk4rziqsmg4uducjmlnfb3	2.9644111660901	1.33802161326303
did:plc:zougl3msmlwigkephxbctmik	4.65133634662044	1.50400030234976
did:plc:zoxs4lsojdw2npb4csqvkz6o	4.66454093859858	1.74872205727928
did:plc:zozftxltof6nwn4mjbohmzdr	2.79626799833906	1.36115681001106
did:plc:zp7y4qvhtsabvjln6tz3qcau	3.36505675706672	1.46991291505342
did:plc:zpasr5dbm2spvumb5q2hqebb	4.37284601551041	1.4032999856989
did:plc:zpjf6igmdukakxvopb2q7dtg	3.16001233861135	1.46433598582353
did:plc:zpjsm6bufoyih5k6zzmrzcd5	3.30180308294671	1.5993981112253
did:plc:zpre3r56pah2s57qipgg55jq	4.49246000236352	1.3651995373098
did:plc:zptpjcgefgntg2egjnhbw5f6	5.21788215583949	1.26276728826695
did:plc:zpx6x75be7zk2roigvbud2ft	5.63319869001248	1.14290740057835
did:plc:zpyd7bpyoohzro64icgu4luw	4.43570939788354	1.73489051481794
did:plc:zq46ra5exxcxroaql42zlg6a	2.57264490428924	1.66954580120716
did:plc:zq6gbfa5escyvfsbgtion2wn	3.73180307666913	1.50751419006518
did:plc:zqcypxkfqse7xzy4otzscbji	3.17646465268071	1.83493858424991
did:plc:zqcz5hpj3qgrn5dzacdsmt3q	5.79648522547682	1.03155296127748
did:plc:zqgx67mok4chdeuobhrzojqa	3.39290077121911	0.951172738270252
did:plc:zqhjdkcushwgugbxlm526gp3	4.58375714305315	1.21210384017893
did:plc:zqiulitvxtxgzkdqoj27qzlt	4.51685380783272	1.68000248116261
did:plc:zqjqaccj6nsgaucryxrrrqij	3.64715925624239	1.62500787928485
did:plc:zqkh2377uqxrfwm3xwlwt5lj	3.54152944102108	1.42813713848197
did:plc:zqmzjjlrp7h2oaotuutjhmkm	5.130619194445	1.51682326607594
did:plc:zqnhuaxqyz32i3cwcxj3wtsa	3.60950018549989	1.74253787587441
did:plc:zqsny2pcfu5aoslh4wg2vzn5	4.01298950788046	1.59310237178237
did:plc:zqtdc7edxaejgqpeksm4k2om	4.20386741044826	1.29385226879348
did:plc:zquzl6nma77gbvsehtmfkgdl	3.41047206950292	1.5027786968025
did:plc:zraftbktuc2i4w74jjwpocbl	4.00328902187343	1.11729679162057
did:plc:zrcuamb2zrvivdr2q4r6faja	4.11056848555864	1.68835236550476
did:plc:zrfdkw65335gey3z5kf4rft2	5.70193625335025	1.32551082688461
did:plc:zrhqwys64cpjssn3iautsbxt	3.26187494393616	1.65259930143207
did:plc:zrkzsaqqa33namszrfxy525u	3.06747863562427	1.62106164763299
did:plc:zrozaydmjj2aiq6cok2ut2ua	3.83264300076648	1.95898035146741
did:plc:zrwpozkma2oz6cmznv3gk72o	4.1228113494395	1.24646695514018
did:plc:zrylcspbxve7eafh24lkbzbc	3.32292847240863	1.70443860774077
did:plc:zrzvfddyb66mk445c33pvyih	4.44629165809868	1.20320562629981
did:plc:zs22cthgqwl3eatufkckndgs	4.59338076348108	1.63206789797279
did:plc:zs2yk4eq2mnb5slvzctcpb67	4.12886554003575	1.58837086295807
did:plc:zs47lvr5ppkj5ei4plscsmtk	5.8820742107521	1.09877254081854
did:plc:zs5f3uid5hp4ozfr2it2mm6f	3.24851953321679	1.9300474218404
did:plc:zs76ryfet274kc35xdlrkl32	3.75364039055301	1.2354326995786
did:plc:zsane5mb5uobh4b36a6bwpap	4.53750001656489	1.4022696713053
did:plc:zsdfc35mmjtpap3po4bmrjdi	3.59812765126575	1.52094797095503
did:plc:zsf33d6twbnc74ricvecqyhq	4.8094263601651	1.37107020662617
did:plc:zsg6bkpqlgn5zeydh64dgwwi	4.45510550348932	1.67043260560664
did:plc:zsmxuftuxn5s5pzcgq3h4pfx	4.41349788371985	1.72628522819217
did:plc:zstn3yuu6wyfxowo6dwpktor	2.86047900128851	1.56583468207655
did:plc:ztcubsek57gze2lzsgiv2nut	3.49358372493315	1.35617938646993
did:plc:ztfnz3p7umzjze6tyuj75yq3	4.50090347249832	1.51051209141629
did:plc:ztk57yzwh7gar464vmznvkhb	3.43347634135306	1.18811746131149
did:plc:ztnladfufosj6skwzl2ddy6u	5.88964109251589	0.889318995132842
did:plc:zttveb7hlcd2nftf5u422sw2	3.89855049888275	1.39309978088425
did:plc:ztxiqomqturrcgp6mfhs6dwo	4.07659274824202	1.44227765761287
did:plc:ztzcoapivuac7hq7u3hwg3h2	3.62445371891437	1.53088965808822
did:plc:zu2ngumysjgiqfecxp7ywxyb	3.32129328425285	1.6532507643332
did:plc:zuaasit3ookasyflzjrwh2ch	4.40662290404955	1.80220957869739
did:plc:zufqob5u2ajn2e6narnwcq2a	5.59593229812789	1.2242096274857
did:plc:zulbvuevx43ahwyvopwnb5om	3.99670161700382	1.90883707635343
did:plc:zulmcj4oyoasnei2unjte4fr	4.82804657299214	1.42915150815667
did:plc:zuo3v6rvuyy6rkv6h5jy4tfm	5.00285887245263	1.17931751711624
did:plc:zupnbjahrlnddltuketcporg	3.91925184384317	1.61269902577822
did:plc:zusc2lecjlhtdaonzmzfu4lt	4.62697711822938	0.842472076504532
did:plc:zuscs6ohd66tqdwq2ycrwhl4	5.22061076903239	1.56210774090943
did:plc:zusla4d6zmswbipr4fopneoz	3.52010576728649	1.78482354945742
did:plc:zuvqe2gpxvyrmerg3bgpe7n3	4.03751844071169	1.79655313619848
did:plc:zv2vr3la3ah5racf6hguw6er	3.80255862249792	1.63602005218044
did:plc:zv5g7zdfsw3e54jj5nxhgpgs	3.93585969979462	1.01156647120242
did:plc:zv77qne4zlqi53zbjefijrdx	3.60387444797217	1.22760301613296
did:plc:zveg6rwsrwugm2yl3vzkn4u7	3.08889494522356	1.85295870527804
did:plc:zvhjl6yjkogyfr6pyjwdbg4d	3.98087621265438	1.64535810377447
did:plc:zvk6rtfqypphh55a34vdd6zc	3.4954329319615	1.36470377797025
did:plc:zvm65dltyda5nfd3npzi5syj	2.82296898615514	1.82941899800574
did:plc:zvmfpvkldpf6rpkthecicy5i	5.10341291040451	1.36770972898982
did:plc:zvuzzbzhzkgacxon2333o4hu	4.27865872694107	1.09212181291408
did:plc:zvxhpvb5sul6jdm7gnnce63i	5.3930777685556	0.829785655983079
did:plc:zw3gsfgealyjwq7lzznwy6pf	3.75936333770223	1.4490019787653
did:plc:zw4q74cb6t2y2jy55dskztev	3.21887019198203	1.76659883759692
did:plc:zwadv5dyh2fi6p7eaiq3zppz	4.00083693530348	1.66426241023614
did:plc:zwcr3wtmtqim45qtv5jt5cxx	4.56928345473516	1.46839669524298
did:plc:zweulyyizbyagr7sc2jo5icy	4.1661184279285	1.91053241251785
did:plc:zwkskfr2uesfyh7225obxbbe	3.80107842638482	1.144782739975
did:plc:zwlk7dtwodpz3mmylboauozf	3.9688424138054	1.47773900180148
did:plc:zwmuak6jaisgognrocg5uqye	4.60175931146852	1.3644670864163
did:plc:zwphat5hdyiwbqa42wz6me2x	3.70835920897439	1.54567566045564
did:plc:zwuoempsliq73gszsmxwm4em	3.2879807387197	2.06175756481569
did:plc:zwymcj5dx3etlw4huoswm7at	3.45550237200791	1.74520184469953
did:plc:zwz4vb5m56vvgn7rvtv7auqv	3.32638711470326	1.66022781171905
did:plc:zx4wcef55savxejvjz6yoiz2	2.93437954976998	1.73353679281504
did:plc:zx6v6isifxewcte22jujiu7o	2.93813914031291	1.85706322261283
did:plc:zx7nnon7ehadjns3vxn3ds36	2.99522393273285	1.35698898360429
did:plc:zxb2pp74g6ijprs64eb3jje3	5.14450894213431	0.986780362816303
did:plc:zxgsg6e3th4j6huzzuqbhltq	4.39028130919984	1.12681805630403
did:plc:zxiihuyxqgh5fowtngk7mzg2	5.89283198019954	0.891331125190921
did:plc:zxkm4dkzetmdmudqghjolr7p	3.18075555630187	2.03367907256364
did:plc:zxlbdufyvvwbut4nh5mhgyu5	5.14837719679942	0.912222714903997
did:plc:zxti7yr5b3bvpc2gawcgpiix	5.39375663085354	1.74487814589476
did:plc:zxvfovcpzt7q66vnenxp53rt	3.21105034022408	1.31144393184778
did:plc:zxxzfdf5cmvhxgslnuvtlc3k	3.27398792726222	1.828309876983
did:plc:zyafdj2l2sjxieqa4yj6ozbe	3.909206966101	1.52327416024583
did:plc:zyn5owwo3vztdjzget6p7wb7	5.35041394418599	1.09074582209697
did:plc:zypxbwct3p6grdgnqmcgsuld	2.9388733845787	1.7414960751663
did:plc:zys7ubjxvgy2xfh2ixiabynz	4.67083399004397	1.46749768770342
did:plc:zz765hbhfcil2kka5ivqgra7	4.05084592895724	1.43907089724542
did:plc:zzab7wirl6zcnbond53axskg	5.13000993839931	1.36382145857809
did:plc:zzekiogqc265hcxe7s6om73e	3.1154021472074	1.25253193415096
did:plc:zzi2f7ziw6gyftx47e5qp3ta	4.65351819787902	1.60563710099745
did:plc:zzirhlp33rqjokaz2tas3zyd	5.39199623167535	1.04134135760326
did:plc:zzjeztfqys425gifk6sbcaie	3.94805874281705	1.49951998928705
did:plc:zzny5g5mejm4ii5kjecewvga	5.31963147231012	1.14335747993694
did:plc:zzo6hcqdx3yuezief4xtfxox	4.08356241254078	0.624908071619981
did:plc:zzuzperxlygflcovqresb2sb	4.14482720677097	1.76832377322154
did:plc:zzy7gfc5qiokuzsin55nikt5	2.89537725928536	1.88164654277748
