did	duration_rate	gap_xi	gap_sigma	gap_mu
did:plc:22f7airvuif7friv7shlqv3t	0.00749405959215946	0.573934983104017	3403.72544715447	0.0
did:plc:22ki64hr3mwl76tdm5fihtwa	0.00413799516484559	1.0166888626133392	663.9420798723382	0.0
did:plc:22l2f42mh7a6j7f7xipadv5c	0.00500000000014327	0.6244146081206339	1629.7338597594403	0.0
did:plc:22p7bdpxxqvmgd2ryo2xilv3	0.00296565401953192	0.7695452262102959	796.0414818287339	0.0
did:plc:22rxwfvurvf2lf2fdnolu7qn	0.0031085955606079	0.6856121078618403	1079.08315554543	0.0
did:plc:22s6gpysdavr4ixmnh3yjady	0.00518499551978091	0.6534986647626345	2615.382233497504	0.0
did:plc:22wzxzockhgchm7cipifyzud	0.00520441005336287	0.5009720031811743	4031.9760393592724	0.0
did:plc:2326ikh2klykgjdip5ldxwyf	0.00329540996479548	1.5212143791620398	301.8572592515004	0.0
did:plc:232aug64tr27vmannteyirsf	0.00226169601790401	0.798018610083061	2240.25859310452	0.0
did:plc:235q5blezrqmip7ryetmkm3g	0.0125385406016568	0.8113013583019224	1801.337725522251	0.0
did:plc:237o7l3ztanydbqwvodh2nzx	0.00594126634060187	-0.350028468235341	20966.050797976	0.0
did:plc:23ekqdl3e23tv2edijeg3zl3	0.00303055123283167	2.1087170473614525	238.9121949737612	0.0
did:plc:23jbx3mbesh2ghfcecaxsk6p	0.00550133096984689	0.7460728499902639	1799.2005696356646	0.0
did:plc:23r2vd3rv2wqt4zig5f4ga6i	0.00770969028794747	0.622362994152549	3484.64489733147	0.0
did:plc:23uckdtolkpkeawkqqv4gesn	0.00377404431492439	-0.543755753676885	30514.9115819936	0.0
did:plc:23w52iqqcuqagkq75nponvvd	0.00319547717134313	1.4205376123986804	430.12382103796534	0.0
did:plc:23xqynsp3c4qiwtymmr7za3z	0.01084745763572	-0.258454842395615	17708.0351562489	0.0
did:plc:23zkqaa7skezjr4tn3bmnobm	0.00281590989105306	1.9968631307591491	362.09665911228365	0.0
did:plc:242zcyjymk6qx7skkbgnzjdx	0.00619578686679806	-0.267491066585913	19632.8819126963	0.0
did:plc:245mjiyeqcjbbdwwqh6rzjeg	0.00330480008678581	1.722246818938188	371.1187938162347	0.0
did:plc:246mrnhvbqjn2x66sbrf67pc	0.0123813454406932	-0.52038837657818	27195.5210115991	0.0
did:plc:247olvouqkgrpfyvff3ttne4	0.00869025450366566	0.5538401986942965	2762.0028539476116	0.0
did:plc:24evf5f3ix2xjzwbcclvfion	0.00712903554455465	0.785700342658839	2431.08276688321	0.0
did:plc:24h5bitxlhy26f6nt7vml2ku	0.0100709764158981	0.6055064767177989	2088.729596121524	0.0
did:plc:24hcjsifju5hmayjyhfrazl6	0.00623096095301159	0.9072432347954668	2623.569846294832	0.0
did:plc:24k7ubcs4bo427toadm2sa3o	0.0058085501881435	0.46570375062475095	3759.538745069114	0.0
did:plc:24ldhpseacji6xmfxbfhs5di	0.0148448043191581	0.6533218882409767	6350.62410226959	0.0
did:plc:24ptdybi7sppuzajjpt5kweq	0.00430130944949607	0.6676571192128044	701.3061376475413	0.0
did:plc:24t2qp2bdyiwths7kwc5bnu7	0.00385405960977353	0.13427411335255873	10653.68298364806	0.0
did:plc:25ah7xhjr5gmdzkkglyhvswv	0.00247308336044705	1.7237870846271937	318.3205084864444	0.0
did:plc:25bss4vvop3afumaa34imntl	0.00405929304582589	0.338397305032641	4354.60685724474	0.0
did:plc:25q77tetkpce6vmvf2s42xuv	0.00501196888162076	0.7548825876509746	2310.377472819079	0.0
did:plc:25rd6ldv7ib7emnf3rkhj2wo	0.00537430107000655	0.6761142475694911	1647.180789945084	0.0
did:plc:25shgfpev7lvcyxcfrhqlb5p	0.0034541539566657	0.6113035045630889	2415.5275921201383	0.0
did:plc:25v4xkavm2l6ywhrhvxd5ulh	0.00658343566808297	0.5641208095051558	1355.2004499633742	0.0
did:plc:25waj567vbwphpyqogvybo6n	0.00535392779595264	0.613457817015947	1220.17139388251	0.0
did:plc:2625uhorvnx3ffwrhxgpvqei	0.00479373438741915	0.5555764916398036	4055.4258248576302	0.0
did:plc:263v334x6j4o7s6ubcs64nvw	0.00363103883464058	0.5430542731666058	365.9355400460672	0.0
did:plc:26455do766xt5szw6vefeyea	0.0075445816237969	0.842343270484909	2387.452968783924	0.0
did:plc:26gca2kzr6cja7scxc6cwkhl	0.0127134035864295	0.10585094635572	11393.4844386781	0.0
did:plc:26iceabuxrwrtfd5ellhb2il	0.00226618142854398	1.1157878052867478	331.9879536402035	0.0
did:plc:26kj7nsaiszgotouogevr72x	0.00672861262561244	0.7160008370062618	3751.550262665461	0.0
did:plc:26sbxzohg4guy576av26ibv6	0.00400452685672922	0.454755779945931	7307.36216706324	0.0
did:plc:26vueans7oxgasv6qh2hww7e	0.0109890109972831	-0.15245772527144	19612.969768034	0.0
did:plc:26xlggwzdjp2crlokirmhrut	0.00423497267783374	1.4192860476146134	844.8970030300763	0.0
did:plc:26xwwf22fokztawg2ycu5oxk	0.00396191005798325	0.456913532788418	6109.3388364428	0.0
did:plc:274gpscwjor6tckijzrfktpa	0.00576588337731369	0.9119752385510984	2070.6642074557953	0.0
did:plc:27a5dltk3wobbvfawddfjilu	0.00389161141545526	1.2294989147712043	331.52882609780863	0.0
did:plc:27ax657y35lxubn7unbyom5o	0.00614884444321302	0.7569884877005977	1632.0303407411316	0.0
did:plc:27chcfilk5li2bbtrl27bkuv	0.00508297204706009	0.8487427557746933	1201.2777309276355	0.0
did:plc:27fydzae3e7wrrzhvjee7z44	0.00725012946775733	0.9848659092797525	1706.9695823966238	0.0
did:plc:27ickft55ghqs2gntdyldclu	0.00792507205054075	0.561141388261269	7115.1208617068	0.0
did:plc:27xjsn6hxvxpyc7ifxzl4gx6	0.00795755968257298	0.5412145838095469	8576.374685808487	0.0
did:plc:27xni63y4scphquqbz33azgm	0.00245489137131981	1.7185233865923732	329.1570755888867	0.0
did:plc:2a3oeljvzf65xlxqn2i53ky5	0.00608149199467683	0.7680157792890785	2052.996537934435	0.0
did:plc:2abosfdab7xpd6ju2e4x3lxl	0.00333320261960495	0.364754830237824	4028.53097380552	0.0
did:plc:2aflqvdg67ior4zn26cyc6eu	0.00503966402309778	0.609897425206949	1213.7329224607643	0.0
did:plc:2akgxkt553fpoexbvqwmsk7z	0.00781134856763556	0.92800559291836	1867.2310533064926	0.0
did:plc:2amu7xjnhllz46smhfyt6wq6	0.00699677072249701	0.11843961498834692	7976.2353113176905	0.0
did:plc:2aph2py23xme2itms2pyh746	0.00386264436664925	0.5897557779643613	2505.2911282128894	0.0
did:plc:2aug7uk54red5t2m3lc4zbkd	0.00491677749642155	0.5483152049175467	1467.441318413006	0.0
did:plc:2b23z3doihjcnjo25o7ycbd3	0.00338682364372953	0.6906327030683271	2807.224627163803	0.0
did:plc:2b2ioadw2nveamkshsmshoxt	0.00475543478344351	0.427087142798091	2313.20198638175	0.0
did:plc:2b5l4q56fxrfeezmfie5ltln	0.00254547382939399	2.1360312761947107	291.35510427670323	0.0
did:plc:2baxokqqpkbjbcbiyrjhoi53	0.00337265482886797	0.705533106983348	808.026799777855	0.0
did:plc:2bbhmhs6yf6to6fasju3fpje	0.00393507132346619	0.3699015525833102	7501.601674961652	0.0
did:plc:2bekiznp3oeiiqo6in62aj5j	0.00708306503665973	0.547994455834223	2006.7040685063	0.0
did:plc:2bkoitufiujcstv4kjlvunvn	0.00566518742573282	0.6795875002644973	1938.7512217163555	0.0
did:plc:2bm5e26ylultfkuipciftn6q	0.00634623387605908	0.8157516990184828	1534.6838305500207	0.0
did:plc:2bngao2ye4nigkpdwfgz6w5c	0.00697056871119772	0.553205454296668	2355.44194591463	0.0
did:plc:2bryx35cx6wd37m32cwopywm	0.00505923001056273	1.7197509449573976	502.73146541348876	0.0
did:plc:2bs3pofrsn6zhpx52fo46cin	0.015461925012626	0.3393892678908916	6593.8489641585675	0.0
did:plc:2bxai7p5qh2muts7jxqbec3l	0.00265415240240493	0.8229814018655017	2699.1563902998423	0.0
did:plc:2c4ip4psx2kifesxfuwmghdz	0.00807017544279154	0.471004902584213	3590.91108294374	0.0
did:plc:2c7us7rlpbqonns6ytkqhpig	0.00478854140182025	0.5882532176009341	1585.192215292146	0.0
did:plc:2cedbsiusgr5i6bekluiioyv	0.00674942750535707	0.8290042217751807	1662.9449721463907	0.0
did:plc:2cg2jbl3sdsoqa5bqlc44ckv	0.0069739751658967	0.733449099944176	2164.81234097168	0.0
did:plc:2chpmawjehtowruvstatifoc	0.00434835864881954	0.721575624244245	917.9274000212763	0.0
did:plc:2clmyjkkcw5ivwbjhqj4ws4y	0.00427306948848071	1.2483421706162856	577.8360665604179	0.0
did:plc:2cmyhsamy2ym74njyd347hrt	0.00338253382543362	-0.510908051690235	27656.6038970331	0.0
did:plc:2cp6ulfaveskvsrbnpj6t6br	0.0179682101369998	0.19563904067564036	6996.70118587695	0.0
did:plc:2cpdwg52rsjlujdjawof3fou	0.00315550011019405	0.9410570454578533	905.6635220978568	0.0
did:plc:2crd7lvc5q4sbljdckusd6cy	0.00384500745188538	0.7981730177319224	568.6061560158334	0.0
did:plc:2cu3gfgqeboa7rec3ifxcgte	0.00626479187149692	0.49679232633034026	3443.1892931162224	0.0
did:plc:2cydzsoovcoj76igpddwdzvv	0.00306892067633213	0.573686209105111	4732.9062271737	0.0
did:plc:2d2claa5oh4m7kebnv7lkzdh	0.00537345513176469	0.9420866145200281	1087.7322182463345	0.0
did:plc:2d3ia5ohg747lc6plyph7wnp	0.00613604488270727	0.407048912291502	7054.33487480047	0.0
did:plc:2d5xenaeieucfmadlqy2542k	0.00486534639973695	0.498200595793807	4569.3146670235	0.0
did:plc:2d6xsm2h3nsil6gxnzbqrsg4	0.00925925926203056	0.641141820264084	2821.12065090874	0.0
did:plc:2df77nkxeszdh4pqawno5jv5	0.00537875392258154	0.6985623199197601	1525.821137083755	0.0
did:plc:2div7audkuntjmaapl2eektz	0.00535255885142044	0.4837359640817028	2448.348310476539	0.0
did:plc:2dkck4xugrjemjryrokbado3	0.00304916783128466	1.1062881287729058	893.0939119969721	0.0
did:plc:2dkyxttvw354f4iprf7bebu7	0.00234375000006113	1.734737169001454	447.41026005489107	0.0
did:plc:2dvxo5bwognw76okvlk2bsx2	0.00359858772445642	1.6330700881565534	443.489890502725	0.0
did:plc:2e7jn4yrrtaih6l3c77zyjwy	0.00382880966594204	0.6095934439758345	1728.0137377551855	0.0
did:plc:2eakvt2ybuai3m7zrji7lm44	0.0092506938048142	0.5214862848835562	4702.5773649208195	0.0
did:plc:2ecaapusonuxktaajhslbu6j	0.00342985662120448	1.6185078755718376	342.6828829272944	0.0
did:plc:2edezl43vsp22lxrbxkgyrzq	0.00630452313057322	0.49843161246228207	3399.5176597619816	0.0
did:plc:2edlsdpqe5vazym3yod7dseg	0.00718667835351346	0.585231207694758	2822.45301161487	0.0
did:plc:2emwefvtoyp6iu2jpy4icpni	0.0037288587046519	0.9718949781238112	1000.2048227872077	0.0
did:plc:2ert67vwlqluouxevnberm6r	0.00586034912939157	0.37766180443765	4729.1509330858	0.0
did:plc:2f2rv3hpv25v4vp4yaru56pp	0.00544959128120505	0.547504718642194	2571.70935556601	0.0
did:plc:2f5zhdtqrd53g3ega7jewiip	0.00984589042247389	0.5775394783232893	3944.24045567966	0.0
did:plc:2f622etoeppaaad5lck5fyrp	0.00405527776711326	0.941583927644176	1239.3930403297004	0.0
did:plc:2f7qv3h6uw3qbbp2biyhzpfb	0.0077258320174637	1.0354766345586937	2007.0353992162577	0.0
did:plc:2fbmfux66az6rkuzclicjgwj	0.0117224428126339	0.50694239445821	4755.17385923568	0.0
did:plc:2fcs7te6hwed6nomfo3gqjep	0.00607370805063323	0.7907322407827992	1549.2195147037476	0.0
did:plc:2ffm4g77qmolvb66u4kikgzi	0.00396405919690912	0.8653710899876418	1270.1626499795848	0.0
did:plc:2fjpmy47xbub23nu4xvvzv5o	0.00928239914591369	-0.219904929769642	13607.1805054933	0.0
did:plc:2fjr3opmj3qwcsgyvikeq6w3	0.00759717314991075	0.335102285150795	6080.76968702495	0.0
did:plc:2fkbcs5dtemiidntavjrfns7	0.00705813869004477	0.6289323222901471	1377.4539602822267	0.0
did:plc:2fpek4r5jquogvjo5fg5bm3u	0.00547075509982871	0.0401125449561247	6839.53681368036	0.0
did:plc:2fqnsciogzlzpck6e6dhcxwy	0.0044290806967274	0.8088545566390482	1128.221518323791	0.0
did:plc:2fsgevm7fxm5ohtrf6325zlk	0.0047983759344616	0.8038695595335147	1299.2225527597848	0.0
did:plc:2gdt5u22tq2q5xdvakrqlob6	0.00759553762668499	1.037823357073444	2521.215225012087	0.0
did:plc:2ggzw6x37xtwmjfr6nn273qd	0.0055269922884457	0.9807251976135581	1805.458585800468	0.0
did:plc:2gip7bky2co6yxsahazgx6ze	0.00444726810775914	1.0014889125117836	1574.0722615323307	0.0
did:plc:2gqb2rhpxwcxcyfpi2fcttjl	0.00612861458975802	0.648084401559254	1857.30883116397	0.0
did:plc:2grlaw22y6jqzlu3xmbmsiy5	0.00706892199064857	0.780830557944531	3201.634415837809	0.0
did:plc:2gtatbkkhpiytz65m5jes27a	0.00518821061991368	0.6723151702478548	1916.2466581486078	0.0
did:plc:2gtpfvzw3fkavnbe5ujqmxfz	0.00779995412256633	-0.0801387945322258	11571.6904784849	0.0
did:plc:2h3y2tw45rpa6bjexwen32p2	0.00307780281892456	0.9659091799892708	403.3164140569422	0.0
did:plc:2h5afkieh6h2wuxoztvwfjuo	0.00314606741584992	1.0957808941735931	1828.91347657184	0.0
did:plc:2hblb27cj2c7mpkihxhakrip	0.00680419051873969	0.483036184770746	2995.76115423052	0.0
did:plc:2hmplzq2gtjhwxqslpyv3ipi	0.0107000917240348	0.6349379165683688	4681.725822205214	0.0
did:plc:2hxzfnkrihzz7at3morsxozb	0.00503983092250053	1.89185752006534	733.5353266426002	0.0
did:plc:2i6y4byiim6vydakduuhwvnf	0.00512220108311276	1.0980328455603905	1565.4312397745375	0.0
did:plc:2ihewvvysbpplunhdcopsctl	0.00359024842242416	0.9689178699624104	2199.255308042117	0.0
did:plc:2iigbokystlobq3bqrm3rbmv	0.0114196729894603	0.332602881728389	5480.95470164088	0.0
did:plc:2isaxjwezb5mfrmmkzz3z3xq	0.00916170407981952	0.6042099118830371	2380.975590362888	0.0
did:plc:2isomiwbebcq3yq2apduvuaj	0.00409957313854558	0.776822671926574	1314.844683419325	0.0
did:plc:2iugc3ieiygfnqbni5a7pul3	0.00455366255885533	0.373441652345665	4014.17309172286	0.0
did:plc:2j4py5vrga74ksc7mpubz4ap	0.00995685364538431	1.4548140977599537	1032.1187203416353	0.0
did:plc:2janpm7gwkxm3r663dri4zey	0.00946221104375791	0.330305643562494	3135.0805195048306	0.0
did:plc:2jbai2cfew6rkcbpnl2xz5tf	0.00732788002838944	0.2643119112300374	6006.212410802305	0.0
did:plc:2jjbdvx7pkrqnqimnnbxtltg	0.00325500966341745	0.9768385786603033	566.3981187626254	0.0
did:plc:2jjirfqth4tn5i2qnze5mozh	0.00469151671038162	0.7344909101592579	993.3447596693693	0.0
did:plc:2jmnldkb5nkiaaohb35fjanc	0.00552763819148255	0.9798043604682009	881.7713639730931	0.0
did:plc:2jmodno7qssuuhh2d7ovodk7	0.0190822353869331	-0.636128449266851	22824.6177852447	0.0
did:plc:2jqzg56ts5bvjxzuqlrzxxbs	0.00387695978343011	0.8447989859959348	1285.1345936445566	0.0
did:plc:2jzyhnpsqonr6g7dp5tljjxk	0.0030072419296824	1.9521035768033785	269.86599750632894	0.0
did:plc:2k3b5eyeyuwrxpylfiiyjhqe	0.00473228053469113	0.49888167772569475	3457.675402279183	0.0
did:plc:2kjhuyaaigoinmhiek766riu	0.00680137999154989	1.0001889768872334	1595.0942340238864	0.0
did:plc:2klu5bmjbgzff5tgwfeyn6aw	0.00567174760771954	0.345192648945861	7232.54545289599	0.0
did:plc:2l6fanfydwypod76iowvv3zm	0.00744805958451944	0.5748259388115068	4744.871365835257	0.0
did:plc:2l6nyayv7ajn6mf5d6t4i2cu	0.00213899583876339	0.6803718931265691	4141.686325194841	0.0
did:plc:2lbn62i3d6purwmyhq6io6pp	0.00803392100402929	-0.156765007998936	17733.8687359957	0.0
did:plc:2lkokexi67bzfg6j75u3lj6d	0.00531420220836859	0.646835155078579	2756.81566526987	0.0
did:plc:2ll7zih7fgixde3zvwm5x7oi	0.00569476082245603	0.604062820286278	2391.8258157678497	0.0
did:plc:2lqnf44beb4wcosak6h6vtz3	0.00472247960153421	0.603730136484841	1748.47834367137	0.0
did:plc:2lrfppnconpjc4n4wl2qi4ef	0.00711237553465713	0.581622784310477	3168.65092333753	0.0
did:plc:2lrr7qwf5edl7kcu45u5c6kv	0.00736738703344301	0.5954038100033955	1642.4685060754925	0.0
did:plc:2lxvv4ulf2ypbh7zsquyxooc	0.00565705276873824	0.43894804171588175	1623.5027497656945	0.0
did:plc:2mhdrhdgwtm6u2qvfyctympq	0.00267745465936102	0.621116719920352	1894.85639195298	0.0
did:plc:2mubnrv3xuruy6cte4j3goy2	0.00284722840126703	2.823955578858426	202.78324501990852	0.0
did:plc:2muhlyqcmthlearycscpokgp	0.0035104194620115	0.852825698073868	705.5630775634913	0.0
did:plc:2mxsjembo5hsk6feo7wjy75n	0.00784313725947447	0.4207380958037237	4087.3533867160586	0.0
did:plc:2n54njph6mg5ipnybxneda67	0.00318177152839214	3.227532707460197	100.05351393126611	31.0
did:plc:2ncqqwuufqsj43l7ikfpb5ph	0.005494505495043	0.7067895978227846	2355.4500113478875	0.0
did:plc:2ndkxw3vwbxsg6pznf6sglay	0.00327116492540612	0.9928948838395556	515.8224428600154	0.0
did:plc:2nunelfoanpfy6q5ptordwyw	0.00301297423668063	1.8477396207647614	495.71706036260036	0.0
did:plc:2ocwzslwnhbxvebyliujy2gj	0.007704402520549	0.343688888531448	2888.32344257396	0.0
did:plc:2ooqdiheoyqmyok464hd3y4q	0.0117101732198107	0.63056294414075	3611.850485987	0.0
did:plc:2or6kai62nda3sgkl6wawiju	0.00271731746438923	1.5394188675296763	359.09185354873597	0.0
did:plc:2ota5lmr7ehzvl5qscblwmsb	0.00494910822746421	0.7208289643335649	1141.1045268754294	0.0
did:plc:2ozhb7jliyishd65csopnjs6	0.00703212402745573	0.7445216605180998	1880.0264552613894	0.0
did:plc:2ozolp7dn2wwg2x26bn7jmgl	0.00248812485867963	2.228378895205549	259.88000412953375	0.0
did:plc:2p7j2q3dwld7osgije3sc2ap	0.00775121405031164	0.5691680862761358	3200.642789563277	0.0
did:plc:2pflm7g6j5qo6mvzia4i3og3	0.00345955466140823	0.7475991132548209	901.4167813628934	0.0
did:plc:2phnjuofqbm5mrphmrclx3yl	0.00664068139316841	0.5694182768223983	3493.3157399042216	0.0
did:plc:2ppebw4pvnez74fcgvoj7aqa	0.00502487562259611	1.0938711755794266	577.8678286704653	0.0
did:plc:2pqorpnmhtgh3ew5whym27vx	0.00997782706206018	0.7741254297825834	2611.892225774954	0.0
did:plc:2pqugbdf3hvr66xbo5wofdui	0.00568114569820132	1.547606747064082	664.369866508517	0.0
did:plc:2pt5rqqrvuwr2ny5tg3jgcae	0.00369712051227084	0.221095303482518	9523.36639458533	0.0
did:plc:2pxgzeswyzuyccfwel6xonx2	0.00572904965413056	1.2501256683726432	781.292999281386	0.0
did:plc:2pznxuqg62sexmekiw2aqbn5	0.00266558966094502	3.6406755545770633	112.86094219188897	31.0
did:plc:2q3qpxg7qafu6gepl53rwhs6	0.00283953924458201	0.7210655854871941	1811.1311738933823	0.0
did:plc:2q3vocmcvgdzta2kaniivlo6	0.00517063081760635	0.7011325690504011	1402.910126797191	0.0
did:plc:2qdmotdqm3pdrpi62uomtteb	0.00704916570127152	0.6300992937772404	2305.16229522316	0.0
did:plc:2qitoqkva4ihh54jtlzo7b7m	0.00793823401919814	0.5299232302530165	3103.74944696622	0.0
did:plc:2qqrknz5gbpxzepg3dxda3dg	0.00311942959014064	1.08921074051967	1089.9592091021834	0.0
did:plc:2qwwrqqpraj6jiwrw7loic4e	0.00605693519279247	0.49872459033883915	9166.488279620287	0.0
did:plc:2r7muuhcqarjhxmuyzt26kw5	0.0102484472151747	0.2073472220867557	3897.651894015343	0.0
did:plc:2rb4p3bmdakyrztrf3rnpspn	0.00535135896643852	0.9978949002722961	1494.6714383034468	0.0
did:plc:2repyqw52n4blsblgsakpans	0.00712669683380069	0.5474156875890603	2532.954065361913	0.0
did:plc:2rq2kbng2smwcfe6vexrxhdv	0.00587053916487363	0.6804981757729227	2065.861311775164	0.0
did:plc:2rtmq6qbeaj43c36pqrff4ov	0.00372587197458467	1.057052014219342	512.5894389906548	0.0
did:plc:2s3qjhxzg7kyfuvbeivesp5n	0.00664029386983723	0.35253960789773586	5903.215952160892	0.0
did:plc:2s5vwyhpawimnsspnyl6lfvp	0.00385771827342106	0.686229255545259	1462.54707719057	0.0
did:plc:2sidniqa44v4nk3a6exhh3bv	0.00615595075429706	1.2638175052725797	1466.456356419448	0.0
did:plc:2sjv7rlfremxuq3rfckoergw	0.0037998146435206	1.7452030791083746	670.4287969032822	0.0
did:plc:2sprw5iky7ia4hsw2egrduv4	0.00706602810834309	0.6030566382404443	1664.8402101908755	0.0
did:plc:2sugj5qitilua3qac4piixx5	0.00585546986796776	1.1931204613924695	1006.2795740540745	0.0
did:plc:2sulhrm6plss4ch6be3za77m	0.00627693460925141	0.7195069151903368	1997.594290812375	0.0
did:plc:2szxn5fdgm6d4o4nkl4wajuh	0.00346411627425857	0.9261677327570431	1008.4196961679667	0.0
did:plc:2t3nsfh6wzykoynxg4zsdw23	0.00529941706712296	0.350726287511765	2218.82471736935	0.0
did:plc:2tabk4jot52updzcjijaegvi	0.00355879164747326	1.0147994181346556	389.3334019726252	0.0
did:plc:2tai5hxiuxbidmfjqn5g2hny	0.00561699139908245	-0.465517595880449	26989.569443921	0.0
did:plc:2tau22qmqcmsn3cxaz6xwpgr	0.00662158354496563	0.9455174562746026	1155.0402945237606	0.0
did:plc:2u333feyc7v75ywjiz365xox	0.00291850844399139	1.1085870323864493	556.34751691616	0.0
did:plc:2ucgkhj632mk4z6x2qp6otrz	0.00820512820911843	0.524809023973318	2515.55614786444	0.0
did:plc:2uhdz4a7sjuiusyqc2zsmabm	0.00584333544126891	0.5085012384912087	3777.624902536799	0.0
did:plc:2ujgnkrrwm56k64rfypjhuda	0.00766805217631554	0.5785265427498428	1997.8351210971227	0.0
did:plc:2ukq7ortiif2nsz5woowbfgp	0.00509853907313303	0.8322467700510701	3621.917061536725	0.0
did:plc:2utojzt5o7uuqurfzmjl5zr4	0.0066177137174201	0.6864835315314676	2446.635410561267	0.0
did:plc:2uuweutnraypsnhc3dytlghw	0.00599555884736152	0.69962878221217	2067.15772861919	0.0
did:plc:2uwrcrynk5as2ydhvp6ddmub	0.00668508287298747	0.6252457142981169	1775.615620955707	0.0
did:plc:2uwy2xvy22jkb4lap3kxmjoq	0.00512479201397561	0.6471275837280814	1080.6493466248864	0.0
did:plc:2v7pn3rkt54kqkk6khecoikh	0.0148224750254338	-0.250106535724446	14587.0813588828	0.0
did:plc:2vewijm2vwrjl4o4sj5ncc7r	0.00406784864559912	0.5700465724738734	2078.385204627412	0.0
did:plc:2vqapvca7c4hrvbkxwaye2gt	0.00685376235508339	0.7515490297586521	1209.63527539868	0.0
did:plc:2vtbedkdmrx376dgvkuh542n	0.00528957005349911	0.5182245490652593	1787.9802488885896	0.0
did:plc:2vyz4ew4fbvzqhwunwtqr5zf	0.00636015326532414	0.7688569139665549	1560.4636882684254	0.0
did:plc:2waabobfkkmmk7xs5kihhkv5	0.0113851992424739	-0.5232456673514	25008.0891904245	0.0
did:plc:2whg3hq6xlyruoe3db5izfud	0.00257282271185951	1.2542517494326781	293.6104988137102	0.0
did:plc:2wjlcam7b5on3ahryoq5eh67	0.00502785704931571	0.5137731267105545	2158.5263937232044	0.0
did:plc:2wjzhib7i2gwouhauc7zql73	0.00582464745779964	0.8016658194966626	3810.0876496963087	0.0
did:plc:2wn2ucqy7je6rj7axshmb67z	0.00965092402708669	0.44024101251380426	3815.6963991751345	0.0
did:plc:2wvqaundjo7t3gdyhhji252y	0.00376730925909786	0.8131218611193675	1002.3477851410862	0.0
did:plc:2xghincqwiplinj3qgypo53z	0.00285634666295758	1.5005571514596414	381.7276960550594	0.0
did:plc:2xinw77p65leh2xqthq6jd3w	0.00378830083599019	0.7842280737533919	6266.447197325777	0.0
did:plc:2xkq54aiewtvgqrnemijirpk	0.0049207217066023	1.3718469362365504	784.0535935801913	0.0
did:plc:2xogapb6zabszzumkqx75abv	0.0102595051399252	0.7512868985470487	2225.9294816524543	0.0
did:plc:2y2c4lzz26chcz7l7xdhvwoq	0.00598189689306386	0.290343267599243	3725.07734213115	0.0
did:plc:2y2o3bgjcmtoxdnj36piduhf	0.00390959071502655	1.7793611715952717	837.1142430397468	0.0
did:plc:2y3apie5qufk6aqofea5b57n	0.00897640075590242	0.6073304392310743	2340.3129866650243	0.0
did:plc:2y42dop2j5pgagrznndcqfwb	0.00475180934362497	0.9293962490518554	1112.042576652012	0.0
did:plc:2y5h3axou3jxazq6ptnbs2ln	0.00468821308637996	0.701458435175291	1580.53173079153	0.0
did:plc:2yarndehwatr7zzbcoyqnqor	0.00474279460135239	0.7946417564262743	905.956246591512	0.0
did:plc:2yaxkffnwzqwjrm3qembq6ef	0.0080605764575565	0.764190811632245	7062.72118153935	0.0
did:plc:2ybjljkupf4rsw5pvbin5qci	0.00425015179137091	0.8434003272551948	1752.3494320540792	0.0
did:plc:2yedxzmduqrqz4scj2qteabt	0.00694590612507912	0.5222424996249986	7244.986849079421	0.0
did:plc:2yerowcz56jhd5hguhrubjjg	0.00787401575255007	0.380367840168136	3145.78911722655	0.0
did:plc:2ygqtjtytgia2wmnkp3z6bbc	0.00476022567078993	0.7863853288554048	2410.9605841410853	0.0
did:plc:2yi5d5zeyxrwl4otj5wcwiw4	0.00601406365859325	0.8099176775599709	1154.2140800528273	0.0
did:plc:2ymd2oiv425hp3hfmuuemyv5	0.013452914820712	0.4368664047561096	5254.468488382569	0.0
did:plc:2yq2qnhmrudfjddxoxf7hvgo	0.00624124315556369	0.7027793829261583	2423.987762667151	0.0
did:plc:2ysm4bp3tw7cfj6duoleafug	0.00666097352839875	-0.598090793279674	28254.2093499254	0.0
did:plc:2yvzaddejgdas7ptuhoxudrl	0.00557398805576046	0.8606778603629738	2716.4863545672056	0.0
did:plc:2yxju6tl6do53xpaxluqdgdj	0.00371046228746246	1.128126633956229	819.0953398460872	0.0
did:plc:2yxza6vv3f2an5afpughyrlj	0.0048559404345805	0.771203685652316	2838.5889215286215	0.0
did:plc:2z4ao5ooglazwhzskupesmvi	0.00354868061915514	-0.0888790329992898	15106.6924875372	0.0
did:plc:2z7whlmbivfcz6pti3guk52l	0.00400571111315634	0.6933352520401856	1562.9972422143974	0.0
did:plc:2zasu34tgl6kvxinxm3bje3k	0.00726596823366307	0.440727737753072	1861.73632320154	0.0
did:plc:2zdgkklkrorgivdl3rpjjrer	0.00587181528882066	0.9080007077697388	2022.1585759183456	0.0
did:plc:2zdlmzdxma34orvjowzfjhbf	0.00232296740358485	-0.249225109431882	25594.6042198733	0.0
did:plc:2zrg6buy3752rl7wfech5uzn	0.00215806976579957	1.8085864127127649	287.20873933671896	0.0
did:plc:2zwjcd2rlxyf4g6qwisu4a7r	0.00440089191430622	1.0522923914001456	810.6062559021148	0.0
did:plc:2zwvfze3osvwlitzzzwpdfng	0.00208127373961903	2.7016191862567096	120.364939610476	0.0
did:plc:2zyxjysmetrxusonoa2xi5ma	0.00561064718172927	-0.127817864309781	7864.81072090789	0.0
did:plc:3254uuyy7wtp3236hn66fnh3	0.00555949201514706	0.8067839921955017	1117.3472966515913	0.0
did:plc:32ccde6uoy24d4qzqiikeypl	0.0082064297808315	0.5534261820057288	2235.97724690297	0.0
did:plc:32dcqvz64kxsghhhdv3pxzpk	0.00246074085206544	1.031179710163573	677.3407461738447	0.0
did:plc:32gsgjjihkn4vlbyruedbaxt	0.00289219573649952	0.8319725824986016	1306.2181486222846	0.0
did:plc:32ifkhunqjmz7kqqy5i4p7qk	0.00380494643069055	1.4336224703943072	918.4635242554953	0.0
did:plc:32jazm37mtccpetbygcowjhf	0.00803179598007766	0.529530597948143	2295.66090831885	0.0
did:plc:32lzwdklgfg43fgagf3aonex	0.00323891408055203	1.0361665490848841	882.8426279654698	0.0
did:plc:32nkx7u4nmlpjenw7lz2px5o	0.00331916380415103	0.7348343738791079	3982.73790298333	0.0
did:plc:32sr2l23ddabx767s4fbefbb	0.00271125831715933	0.9745664259882826	333.3914801322837	0.0
did:plc:32xefzvg5g5swi53ocdiwwvh	0.00217896571768369	2.5848976926426137	152.5089638659142	59.0
did:plc:32xtavkouvgyrkmtxyr66mof	0.00743524144654951	0.5927930695761949	1820.530275425402	0.0
did:plc:32znra3irzy3axbshmohr4we	0.00589241589268834	0.444098365056348	3079.76032898594	0.0
did:plc:333mn7x7c45dtlrbbc325cka	0.00681995323600179	0.36049519483744	7999.42391452761	0.0
did:plc:33azhipj37v3v6a4hpdg4hxm	0.0049956933685046	0.8376724538513977	1379.3670749468706	0.0
did:plc:33d7hsmvrng4hcosfsgk6krz	0.00977301387184555	0.6726368066120022	1601.2017747568905	0.0
did:plc:33knn6gjlv2nfg7r4xqjjyq4	0.00573901589999069	0.8201228446203132	1096.8696918584692	0.0
did:plc:33knshk7x6vy2a6c3j7r4ijy	0.00259275584018429	1.086583380136975	929.2870826817999	0.0
did:plc:33q2gw2hkq5ckvwfrr2atdgs	0.00770602925919297	0.48677955821812124	2134.3774286564494	0.0
did:plc:33qdkbjdkjhrfookmodf3cre	0.00759458713566651	0.332054166471874	5455.02075709452	0.0
did:plc:342soqg2d25fqh2rbqhc5xql	0.00456535724014967	0.7556816496280093	676.2264042306468	0.0
did:plc:346ge6d7oxw6kxcltuf7wkd7	0.0109792284949412	-0.391395176137118	25882.1042611591	0.0
did:plc:34aldmszytfyaycfvbmlbubr	0.00591471802140567	0.9739456291327642	2711.832220470579	0.0
did:plc:34cyehvdwh6nm5myvnvymxby	0.00529540027056297	0.7147396308661792	2462.378602297027	0.0
did:plc:34ddvlu3lzdpy6s7usgzu5eh	0.00546875000054524	-0.24401077386288	15598.0551236194	0.0
did:plc:34e6u4mb2fqflzwou3lwvhnx	0.00386434805814759	0.8030560152167582	1176.4181684408177	0.0
did:plc:34fuhgncldgvpl43x6e4bjt4	0.00399404524192483	0.7395297364963576	1282.4222956724543	0.0
did:plc:34g62hm4fik6gxhwlmfseqye	0.00385438972194556	0.7547778065919232	1668.4525866336855	0.0
did:plc:34k47nhjpzl4ffdogzyhlk5l	0.00383050035943372	-0.885193019351905	41197.1590573978	0.0
did:plc:34qf7cnx5ttdni6gmkzhvaym	0.0145719490017185	0.261346536444754	7106.40991328183	0.0
did:plc:34u2krzgs2rmzqldrxfbr6z6	0.00492173080941936	0.6954347101723263	2504.9853011462815	0.0
did:plc:34upfwq6etds5ld35ht45p22	0.00239524589175546	0.436682418102883	4287.37804635948	0.0
did:plc:34vvh62kdajhbkkjnivejjlx	0.00503125476514864	-0.523606342792231	29363.4191846378	0.0
did:plc:34vymjrtigjer6eu3btt2om5	0.00613577023690906	0.6006618473656422	2197.364521175888	0.0
did:plc:34ymo66yzbbbrrdz6evvvilk	0.00578671810645692	0.6354827546598512	1966.8997794859185	0.0
did:plc:35gy35hwdovlkkdhp5skffqs	0.00551738496825926	0.317827451653064	7672.325915034392	0.0
did:plc:35ikw24omeygjw4etf6cebcz	0.00607014388687793	0.6109780158232465	2996.26496119411	0.0
did:plc:35jmkt37zzt4fdd23sk7ptft	0.0109970674569343	-0.109499723039268	20135.4611321811	0.0
did:plc:35sbcxqwtmbfeiuz47atdfll	0.00615743052278703	1.2785359671952377	598.5086809588491	0.0
did:plc:366fzquccmcwexgi4jxketrv	0.0045518067488082	0.8882496913917574	783.760289339309	0.0
did:plc:36734roscw42llzk23rulsm3	0.0126794258642127	-0.0616773281153066	6641.16594976739	0.0
did:plc:36chm666zpn2i24wjygh22af	0.00242782344171363	1.8182377089493706	221.7635876089031	0.0
did:plc:36dks3wgdzmazczjz6skjpxk	0.00281041485350262	0.6094300837402871	1329.6334656749023	0.0
did:plc:36hqooiwcmgr3vfc4ovmi2bd	0.00554683411878493	0.6730081745953771	1899.5962463674937	0.0
did:plc:36nwcztxr45wwhj4i32a4l33	0.00702271545125102	0.7228715655391064	1925.0672783263735	0.0
did:plc:36vv64hbt5qbrf4xjygsvobh	0.00342914775638232	1.0773296200714366	705.3721380783385	0.0
did:plc:36wx7bwcj3kncvkowhtrac4s	0.00693422988155391	0.7040959494505205	2022.185001944232	0.0
did:plc:373mkwcdlwtd6lfsael5wpfb	0.0041802905511356	0.9182133203429139	761.997131353821	0.0
did:plc:37egbajnyuujgggvvtubzl7f	0.00565355043016268	0.9789513999290335	1695.0738408000118	0.0
did:plc:37jhfepccpcatnkmbgg6ykf7	0.00495203930511265	0.5683575507891832	1886.2176809022535	0.0
did:plc:37kipjjdlteawnorp3fl4kh7	0.00470380714477023	1.225705189927224	882.648587517967	0.0
did:plc:37nytxiwwqc3y6x5zg4awmqu	0.00612569008738889	0.4602857876058962	3084.6450647432084	0.0
did:plc:37p7w32t2pinr7kkdsm3a6an	0.00598866431604606	0.7563568101666518	1378.570794265322	0.0
did:plc:3a5ph4is4fipphnzxpnr5jh4	0.00440528634466725	0.6821496309443179	1059.8241367833884	0.0
did:plc:3ae5byv3kbcq35xrdipq6mbh	0.00312736089405511	0.7330131363507407	889.7901830457673	0.0
did:plc:3asa5skhx4vpp533qiryou6p	0.00785781104290037	0.9480801519966344	2017.0946476076524	0.0
did:plc:3aux3oainizhy4skp5mdsk5u	0.0031035061232585	0.70411961793437	1326.4456979637	0.0
did:plc:3avq7d2m7d7jchewyr6y2idt	0.0129752565127183	-0.254417947949619	11451.4155710707	0.0
did:plc:3b4vira63yrxe7vhqvcxzldo	0.0214477212073382	0.218516386400726	6252.47488587825	0.0
did:plc:3b74vmevzunz7ore7jhirje4	0.00783699060019463	-1.37659710628123	56984.2372145117	0.0
did:plc:3bbvdxle2kbvqu5qgj3fxa4f	0.00324121460306945	0.8192941660375599	852.4931568561309	0.0
did:plc:3bciv7rd2g7yqm26dspplfzp	0.00763796066945623	0.0747196843996493	2036.61187143142	0.0
did:plc:3bgsbsqalrjqebanywultrqq	0.00955414013999582	-0.18650243109151	13945.4757061398	0.0
did:plc:3bqbwj54bl44xsd3q3ayfro2	0.00327902449023518	1.6277168543325242	606.1134550008403	0.0
did:plc:3bracoa6o3jg5wd2jgikww5w	0.00552104899931411	-0.825723503602997	38962.3240700348	0.0
did:plc:3btnenmcokqurbok3tgoumdt	0.00281506457170736	0.8738920708944011	660.0075765546931	0.0
did:plc:3bulosgt7jplzlrpsgc4iy2p	0.0151600224750083	0.4527885780515507	5669.290733473301	0.0
did:plc:3bysfhr2g2own5x53we4mk7y	0.0027781542216162	0.356371330912731	8804.31947354862	0.0
did:plc:3c2qha5rridzvwwixfrozxqs	0.00721942682149943	-0.291821957951469	22976.4392214181	0.0
did:plc:3c3zw2r5a7ws2bpfoihboqga	0.00428881650494547	0.513327853636561	3900.060157574871	0.0
did:plc:3c5pbx2n552upo5akaxlpevu	0.0089199435101259	0.5451715840254112	1308.5771028954846	0.0
did:plc:3c6qkivtnqjjbtbm6tk7vipq	0.00739020270379723	0.376538289966575	4683.09766180598	0.0
did:plc:3c6t7vkx374ethfaoz7w6npm	0.00540986612929997	0.7797513893330383	1001.7228298148998	0.0
did:plc:3ca3igjbd6dozahloqz4ivqb	0.00585034013827544	0.6998535541359989	1996.591808625278	0.0
did:plc:3cjdxth2gl5fh7jearuewu5u	0.0082885304698201	-0.139471911883712	18280.3799394521	0.0
did:plc:3cjvnvl3b5c4qfgjsrezcqo3	0.00437838923586101	0.578059233809903	967.014986566373	0.0
did:plc:3cno4hvpjghndv22kfolypld	0.00211968041749908	-0.215261286124555	17615.8428493396	0.0
did:plc:3cnreqhigx3ihp4im23ybn6w	0.0105545960561641	0.18623681394330682	5954.730021394794	0.0
did:plc:3cscg55a7xe6kieakd2yfepe	0.0112230875330923	-0.255913575874447	13625.3651384059	0.0
did:plc:3csyos4r6apiglz5e7zw6lbp	0.00801999792115844	0.6906950389260688	1982.7311831072157	0.0
did:plc:3ctfr4yfghrsaqx4u5aj2jhb	0.00272024071869752	0.870047310056648	687.3577748577787	0.0
did:plc:3cuulek2syyusegy5out7akq	0.00497249259488844	1.4400518291956876	672.652115412954	0.0
did:plc:3cyb4ftj6ndgeqwcv5xpb3d3	0.00719424460550371	0.677348173030421	1671.7029956719389	0.0
did:plc:3cyjbrdqoof3dlrwfn7o5d2l	0.00439026469566557	0.6342111515876441	2542.7436365511244	0.0
did:plc:3d2lydjeh7i6lzo5yu2dsg2a	0.00458408939067702	0.814850204282754	620.0423492844151	0.0
did:plc:3d3m2nqpm4tjhg3fysmsc2ei	0.00373271325454294	1.271457740304289	585.086503584232	0.0
did:plc:3d7aasno6jj3iez565t62rgi	0.00398069963840626	0.6456374420464394	2163.9208340027476	0.0
did:plc:3djnapq4fpqxghur7xfunqmn	0.00690075096542204	-0.283961577062545	18249.4855720155	0.0
did:plc:3dlqgrew5m7o5i6x25xt5b7p	0.00500790722195788	0.6147576467236207	1439.6581583136417	0.0
did:plc:3dospi4oegosebdw7b2hnrst	0.00419649469291335	0.5564681921303797	2316.5703604015366	0.0
did:plc:3dwebgvb7owunr34qs2w4dox	0.00863750349995171	0.5441710441906188	5306.570093269094	0.0
did:plc:3dzfwgscnjwpyfqqwvydjeqn	0.0124246988008977	-0.155653494194866	17759.1559458822	0.0
did:plc:3dzmoz7fol4jqxk5e4oxzjit	0.00827526132793085	0.560471208812449	2976.20737473901	0.0
did:plc:3e43lgdxzmsf3dnrtns6k64t	0.00619872379253315	-0.562393687673284	31365.4473633454	0.0
did:plc:3ee6xtiscoqt2dn7cewn34vo	0.0068016695021024	0.7484737523241425	1863.7889533629486	0.0
did:plc:3eeauunkg3cp55zy4hdy2mua	0.00472150498056556	0.9362237542103163	1273.5687931800298	0.0
did:plc:3ehafk6ol3nucizurijizkni	0.00618921308763704	0.8472784321635828	1476.1459293695934	0.0
did:plc:3ei6ql7nrsy6ogv5a35ogaes	0.00468037206013144	0.5719322471422772	2692.888305650723	0.0
did:plc:3eko5cittblxwcho3momddp6	0.00559559939352825	0.5913710093335355	1486.5971776748668	0.0
did:plc:3epk4r3rjiaksr7kjnalm224	0.0103965183771966	0.6227419025093425	1465.4990061645346	0.0
did:plc:3epzqefaicyxkh2z3fywbmy5	0.00485040335011704	0.9564175973909792	765.6258572320662	0.0
did:plc:3eqbqbbtucmmbyrsh75zjtag	0.00313700886217071	0.8989701515447213	2971.073130597338	0.0
did:plc:3eyqgaxoy5iv36gszmjar2dp	0.00656455142388579	0.34631045163869667	6749.979935264163	0.0
did:plc:3eys4mykxoq4qu5xmqmjrr3z	0.00430322742079213	0.6068616657126867	2049.531974346952	0.0
did:plc:3f4nho7sqokzf4jkhrltn7kz	0.00722638286807443	0.312873267596162	4024.45393767632	0.0
did:plc:3f5uymyrncjbm5ly5wlxc2xu	0.016836734751212	0.41766103957098843	7411.750262876968	0.0
did:plc:3fad2vntjxq6rxkf25uofzql	0.005883756064837	0.7246197173895044	1441.4524534469574	0.0
did:plc:3g5h54ay6f57hsj2diqjoccj	0.00596313697354517	0.303929482017072	5086.6392608463	0.0
did:plc:3g5pyooul3d77prkoatszz73	0.00548712635793198	0.646757755955237	1485.710717580089	0.0
did:plc:3gdtfpto2psaswasnbto7573	0.0055460320666715	0.7218710841050731	2593.40890205399	0.0
did:plc:3gfmkegjua72hrj6x265snmu	0.0098441345480265	0.449224467725026	4700.41865828819	0.0
did:plc:3gtqcyfv3vis35honpunray6	0.00724418956210631	0.028803399795001138	11839.812357041272	0.0
did:plc:3gu3qi5lnp72wbxjv63ngu4f	0.00504424778830795	0.7763663927854728	3115.729560565004	0.0
did:plc:3gvjev4irksuxqk4rea4sxr2	0.00564686901527942	0.8331477008138793	2544.226757961367	0.0
did:plc:3gxlydrd4ycafwzuuoc67vct	0.00838425465771034	0.558467594376867	1958.2555684266895	0.0
did:plc:3gxtuvr44hdsu2ce7k2m6eop	0.00455864069717873	1.0783835674715396	891.5347404165341	0.0
did:plc:3h2dqvh26p3krxc4txsovy3t	0.00841207653383257	0.467759492944687	2348.97647006616	0.0
did:plc:3h5zeipgwh7gvsyxxvhyv7fq	0.00356280337637537	0.8262919319907174	861.8919708392991	0.0
did:plc:3ha4mna4ql5mithy5phtsbxz	0.00562768150675845	0.9553055854474637	1303.2061203280475	0.0
did:plc:3hst2lej5gb42rolsipkrzts	0.0119739993221605	0.374610144312565	6116.84934499374	0.0
did:plc:3ht5e6s3446jzoyh4wgygvkh	0.00379943137794953	0.7689344391162628	604.8691089136237	0.0
did:plc:3hxapbk62tlnt456dpq6wczl	0.0058609539229849	0.462257410880214	3435.77947023841	0.0
did:plc:3i77bcr5t5e5nccyo6uieggb	0.00307976593791657	1.9751805685233734	429.7561452060957	0.0
did:plc:3iaymdzlmh2qkpp5istrl3kh	0.0055752660927595	0.44032241188028315	11198.202463107926	0.0
did:plc:3ihcg4su574kfnqcrq2l2cok	0.00315862016168631	0.5643051554212086	976.7643313305327	0.0
did:plc:3ihnxgdvnmwt3w2nv5wivwij	0.0104578858207954	0.40458041454252847	8547.680501378762	0.0
did:plc:3ioc74rpgthboz5gzvbrifup	0.00684242302412257	-0.133582647000349	15384.2276480681	0.0
did:plc:3ip6nmfnzvu7wusgmma4yxai	0.00357600701747154	1.0424185299478521	952.2556274083767	0.0
did:plc:3iqi5ajv4snql7cxlcin2lcs	0.00578420467415665	0.7950300911524821	1288.9367904388714	0.0
did:plc:3irnfa2yf7bimqmk2v3uz3or	0.0127540853193669	-0.169779348966113	22834.0146436067	0.0
did:plc:3itecycxvns3saiopmkbax7b	0.00233485747640831	0.36532896011043653	8119.1499661209655	0.0
did:plc:3iw2chkfssoswem36zrs3zqh	0.0025040304600363	0.7487527044950867	495.70942238936846	0.0
did:plc:3j7swqmbyatocueowjtytaeh	0.00497028633174177	0.8131619322128635	1156.2068843340833	0.0
did:plc:3jaccsq3uzfdndw67bhym5qf	0.0055485949530902	0.13039501740646528	13918.05786348826	0.0
did:plc:3jebbnu3l7d2jeqnsc4aax75	0.00976933515425844	-0.17859645304737	12529.3189341544	0.0
did:plc:3jemqxmyuboi3q77ql7h5mo6	0.00531412376063275	0.8623706909050602	2832.2667857844694	0.0
did:plc:3jkmkqrtwelrykgi42vrvpeh	0.00968385075719178	-0.187598760345173	18633.4652430288	0.0
did:plc:3jtgav3osini2lo7fmnoaokg	0.00625294950629822	0.268462397244395	7005.12384655102	0.0
did:plc:3juewtngsoebwsrjjbx2lzwd	0.0136054421986264	0.40883745779235114	8316.970570832324	0.0
did:plc:3k2k7eleb4vo5noeuodgtgen	0.00519743016016881	0.540877290048635	2966.70774544263	0.0
did:plc:3k2xw4jivfp4eof5npeyyew3	0.00645374207198032	0.39903750074905314	1832.7229808407817	0.0
did:plc:3k42fdm4hhjpnmdhavnyumer	0.0043945970731288	0.6870137153446133	868.1547191915474	0.0
did:plc:3k6uq5e6sokfp6syz3pnb34w	0.00623122287932393	0.5776475558440631	3256.187418449876	0.0
did:plc:3kjeqliohniy6ouw6bzrybvk	0.00443896424171817	0.29107390348609896	12056.892939014231	0.0
did:plc:3klkweppb6fap32rij25myzm	0.00596184419923564	1.302348614237047	1655.0617866864395	0.0
did:plc:3klrssi5asflo6hzi2mbkpa7	0.00358574140516473	0.779028059678658	6354.12021363711	0.0
did:plc:3koz6rxdt3g3mtjecr7myn66	0.00228063393925954	1.724211580620114	515.4048709378379	0.0
did:plc:3kpytdmgxng4qu5kntl534se	0.00758547009052802	0.465537147486375	4237.76600514581	0.0
did:plc:3kshk5vn7id4z3vh64mujwro	0.00285322985701043	0.6342129089795518	3218.5064955270436	0.0
did:plc:3kugt4hta6x2osz3vcoyfxbi	0.00637174586007954	-0.142696345379955	19495.7814805803	0.0
did:plc:3kuml7lvjhkrwbk5iczpucdn	0.00517063081760635	0.46399287266867173	1095.1432677826933	0.0
did:plc:3l4lhh2odidljcvau4ki6kfq	0.00486685032155134	0.9281260431892311	986.3987809376731	0.0
did:plc:3l5gl5qsoruuoekszxj5252p	0.00775694893814719	0.475571473185227	2566.25834640799	0.0
did:plc:3l5hku4beo7iewdzgveyuhuh	0.00342705818255923	1.2998717386443113	377.36860854185363	0.0
did:plc:3l5mfj7clrzyq6qx5x4n2bfm	0.0100516543455954	0.59288302922661	2166.49659437486	0.0
did:plc:3lhbv4v35ejhtoe57kczghff	0.0041221177382466	0.3117378419660721	1060.3476771366227	0.0
did:plc:3llewykqdnxdtcp4rreho3kc	0.00518700519020759	-0.347001757213775	18569.1103790744	0.0
did:plc:3lllzbmdm5jjqtvij7b2yv7i	0.00355647760571312	1.1283662096912244	542.5056047342925	0.0
did:plc:3lsiaxglbq3yj5df7p26pt6o	0.0110041265556933	0.287108392942461	6661.44672238452	0.0
did:plc:3m5xd7pvw3gn2fb3jsq7ph3y	0.00931166697369407	0.28273548140683885	4093.028440381636	0.0
did:plc:3m6pqh7vxcj34rchfdz5bppi	0.00702609693783558	0.10687777325773726	9558.915306125284	0.0
did:plc:3mb6aszajiydhdkayr5yzrkw	0.0025712711467098	1.2525478688915728	575.8055768080653	0.0
did:plc:3mjqehflzlwfh6fwq2xphzre	0.00427246686433818	0.9795400428876012	1032.6567491264932	0.0
did:plc:3mvzm6ow2v442syqvlxbkuco	0.00310407520743261	0.883007386714393	1463.401076234863	0.0
did:plc:3mxweei7s3f2zhdg45rfno2l	0.00604426260197455	0.719676913158557	1261.695430715719	0.0
did:plc:3mzdxqi2ien5wxl56fzpro2b	0.00607128868196904	0.6093190516333893	1349.3238389692535	0.0
did:plc:3nf32g5ya2ptjxixhvhejfn5	0.00647290265425535	0.4887918978378336	5093.9061460992	0.0
did:plc:3nhpmy3noqhv2wldno53e66f	0.00352230795077267	1.0261918081401016	651.5147515380708	0.0
did:plc:3nhtyibcirs4oumeotoubdqf	0.0123568414765774	0.171802243493666	9750.03668437577	0.0
did:plc:3niughmcyxn6wbqp2mypdz6e	0.00387209592836764	-0.576175149198186	33485.5891487204	0.0
did:plc:3nsisvu7y377wpycbojwtsu2	0.00391074304148204	-0.312187275509865	21214.2325799215	0.0
did:plc:3nu532zrvxo6virjar6t6bx5	0.0035369413882435	1.6426760107431024	323.0598553632036	0.0
did:plc:3nysgyurk3lihminqor65t4o	0.00291846860008245	0.7171903693893736	1685.026325552155	0.0
did:plc:3nywfrt3i2mg4d5s2e2sohug	0.00292549733469716	2.2103244052852884	303.4916895218155	0.0
did:plc:3o4gafftyafzkiqlpwvmexgc	0.0125830129380444	-0.114382917213549	15239.6996436418	0.0
did:plc:3o4kmin726636wuy5px5s33z	0.0042553191491708	0.9258084533712542	2989.182805694046	0.0
did:plc:3o6zsyao2kkrbtefwkrxhtnq	0.00611585506771545	0.7670080839239081	2579.1934105843334	0.0
did:plc:3obipxw73o6uyquwwac4yi6y	0.00312659056266886	1.2007993040830942	547.6502872083408	0.0
did:plc:3oor6wvpaetam7njxknrq3se	0.00874691006223674	-0.253640473629926	14461.1633352624	0.0
did:plc:3oq4iuqkvgqu7bww5m3tnx6v	0.00879963899240075	-0.128566670595055	12256.8615537981	0.0
did:plc:3oqxkx2xxieoyrc6cjvgtsqe	0.00989119684617384	0.175879950296214	7536.00530602501	0.0
did:plc:3owxuevgo3hht67fuyawd6ku	0.00359399455143549	0.4911894243890514	1475.1172663300833	0.0
did:plc:3oz3ynpcsrp6tszrtuhfre74	0.00345320314369505	0.9890235841708339	1133.8155563349753	0.0
did:plc:3p37ymuwous2xvtovgslk6g5	0.0022199670177059	1.6604358014731737	407.98272666118964	0.0
did:plc:3p5ohetrctfgxmapf6mgsiym	0.00467703198166457	0.480571863603035	9119.77063625432	0.0
did:plc:3p75n3iotchb2le5yfsjsn2n	0.0131871001675194	0.424792063266105	2833.87526184149	0.0
did:plc:3pb6we7iprw32o44ezh4jjpk	0.00203489850953439	1.724489086469467	169.52529108384348	0.0
did:plc:3pc6szwxpm4z5d2hagtapysg	0.00567700389813116	0.8283319348563233	1652.2128862492252	0.0
did:plc:3pdmfo6gir4kp7o4wetnq5my	0.00852706220338535	0.5743526963734539	1694.2574977246034	0.0
did:plc:3peo453bh3nijawi66d562sv	0.0048131157411972	0.5359083836190525	3849.2808932796584	0.0
did:plc:3pimsvpkojyi3brvskkiwcui	0.00915184326144231	0.3659865764789224	3910.5526027698256	0.0
did:plc:3piwd4wt2r3izouueibnq5wm	0.0113802159397478	0.8428387893305315	2121.7977819206562	0.0
did:plc:3pjiwa3wwlpq4eyrzisjj6et	0.00415868673075794	0.471600353517599	2747.0973304038	0.0
did:plc:3pl6l2lnciqjgsc3xtjcrzyg	0.00739015995250172	0.9155252704319345	1113.5236283095912	0.0
did:plc:3pp5aozzqwrlyg2j5n5xppvt	0.00629216890482085	0.7563016758214415	1484.4891931755437	0.0
did:plc:3pskkvwxnsogs5sgdgrmvwbz	0.00696629213614004	-0.393322730268032	19264.1879944315	0.0
did:plc:3ptfvavcks7d6ffpuvyfshwe	0.00320788222500798	1.7753436793288562	461.26503430561036	0.0
did:plc:3ptxp22fzy3jm4oy2hd4rnvw	0.00403404885297818	0.8024471630645489	1164.6620559649089	0.0
did:plc:3puasqvtisf2df7jeh733xvw	0.00251738986420314	1.859991855923672	926.929338729809	0.0
did:plc:3q3rjxa2e4nyvw2alnjmtx3m	0.00525979103053782	0.15994906645936263	5753.702905614161	0.0
did:plc:3q47732243ykup6rb5w5eaff	0.00571939231694565	0.6431994586402049	1597.2433886886606	0.0
did:plc:3qb5thielpy7yzf7evkiqziy	0.006397637796969	0.8302268028710761	2594.4314104294217	0.0
did:plc:3qdqzfmpbnjynhka6n7cju5n	0.00538038761989605	0.19834905379397128	2997.707632178284	0.0
did:plc:3qfxhwf3rlf3ay33wkxqzj6i	0.00369842816810088	0.8530361999555633	906.6173969480312	0.0
did:plc:3qhwklkq3wntjwjuag4wx7x4	0.0062972292280264	0.7615866060456279	1880.8573821333562	0.0
did:plc:3qlmgcx5vcxayj3yvets3dtv	0.00200501253134883	2.1304637302282505	432.1628797140772	0.0
did:plc:3qnguqpxblq6n6d4w2p4ci7p	0.0039162044673993	0.23678093278985385	550.2195991487308	0.0
did:plc:3qnhr3haexb6fnynlqjt4nbg	0.00704887218171388	-0.404185325624035	19133.5641755107	0.0
did:plc:3qnqpanrrz7vmtsja2yhbwrk	0.00287757237546353	2.230656589256207	308.1530057006894	0.0
did:plc:3qq6dfz5rtgix3f4z4wcfeu5	0.00678664023322956	0.7265253195639987	2061.121860800193	0.0
did:plc:3qu72w4o5hqnpx7qh4ju2vvm	0.00841514728356322	-0.186783369403058	21834.6337595581	0.0
did:plc:3qyo7oxs6jmklqro3cnexgfl	0.00306131858012106	0.7799366262294607	880.7005865754026	0.0
did:plc:3r42biewst4rgdq5vwvyyxf5	0.00315926407731	0.8385199212636443	601.939852163967	0.0
did:plc:3rdyexrwhbukzcrpicsshwud	0.00990371390402341	0.5295781053218164	4732.938954422875	0.0
did:plc:3rifxwrtnpxmmqpj237qm66o	0.00303260045491691	0.9154050148447561	1544.4976277392368	0.0
did:plc:3rosfuj2cldlfxbyvnoqr3gn	0.00310567854814857	0.70892572844086	1957.8056973840544	0.0
did:plc:3rzxfuz4qgxwal3aertosd6y	0.00569948186768938	-0.393705743171239	25166.2481767368	0.0
did:plc:3s2rojmoxz6nygor7ofqjjy5	0.00512585812359636	-0.140726858222684	12046.2871785249	0.0
did:plc:3s2s56mkxdyajypian7r7jxk	0.00938803894563466	0.551198651601585	2066.10647038849	0.0
did:plc:3s6pojpw63etflelqgpnxcdh	0.00404932817969758	0.43473309984266784	6422.95953856123	0.0
did:plc:3slc4p4zdaxdqqswpninnxjs	0.00346792604125474	0.7065992972618299	541.5943344318816	0.0
did:plc:3sm3rwvvpcbp2yfrcw54j2dq	0.00786551511866041	0.435707417994693	2442.10369540366	0.0
did:plc:3soveclows3os4m76yesxhr6	0.0100806451720163	0.246243350652783	4989.2206418502	0.0
did:plc:3sozkahukmdukqldskeo5yib	0.00425671250842038	-0.10692678381736	16207.8554437923	0.0
did:plc:3sphpluzh34kxhcxszquxd6m	0.00896693443234469	0.72999829469898	3430.667123893738	0.0
did:plc:3ss7dr5db3u5yu6grkiamq2a	0.00436083796515993	1.1749218612974386	569.5938829935507	0.0
did:plc:3svjfwfwdqrjgv5kbyqstdak	0.0064257028115792	0.466100756448497	4002.76137318712	0.0
did:plc:3svuzd7eyf5xc23chq7bkkot	0.0203359860158097	0.1901403975571109	8607.8885984374	0.0
did:plc:3t2xlxohf4r36vy44q7mihg7	0.00290358308154402	0.6964058985821977	2089.0100144966846	0.0
did:plc:3t4lwlhczf6lgsjuvy32ubqk	0.00518686940521635	0.8900415372564923	1257.2446826775235	0.0
did:plc:3ta5rpnthsxkf3itrlzajhq3	0.00497763670480546	0.6614756144094587	2783.0400328448304	0.0
did:plc:3tademprl7hz2go2fabia5rn	0.0109926715936178	0.32186715993174925	6763.105289249363	0.0
did:plc:3tcljghwneu6wn4serr7c2hk	0.00741467669937173	0.6796232007685996	1093.8436927579694	0.0
did:plc:3tdpt36qvyquxxpji77332sb	0.017368421063076	0.207620401244709	8008.83432679222	0.0
did:plc:3tmiogrizfjowqz5ldfxgmlp	0.00474707016847023	0.7675120005485842	1552.5537530702745	0.0
did:plc:3tn6eylc2a4feqz2kd4wqqas	0.00877713984355177	0.33736990679479323	2338.558187729704	0.0
did:plc:3tralnmc7wwlyzit3yr5lndg	0.00600901352232819	0.831218817297334	3207.60487270275	0.0
did:plc:3u3y73qfg4od5wqsmqdor5av	0.00956989247562725	0.6918986097548514	1185.2965144217687	0.0
did:plc:3u7pyzlivibxmwpmcvrlwwzu	0.00511739916047123	-0.0663548018581941	18269.8715603573	0.0
did:plc:3uc7evalknejatwsbfdrmbjx	0.00364310790261094	0.8502509283429169	696.2712444551445	0.0
did:plc:3ucn2lstggefr4sbpwsreep7	0.00463098657690623	0.9033297072356027	850.2645784518693	0.0
did:plc:3unxuo7xjkqau5zgwicbfv5s	0.0107018417212532	0.458113177985672	3988.18893866244	0.0
did:plc:3uo5dpjdlkjiqcysmsnk3mup	0.00428636195052414	0.5766505808480371	1957.1371300873366	0.0
did:plc:3urhjbie4h6ndjbnoutube2u	0.00755715095920572	-0.21549234203983	18978.7454702707	0.0
did:plc:3uvz3v3cztxyfjszrpqwkog5	0.00617638609783349	0.5244645803095107	4255.872646078962	0.0
did:plc:3uzsnskfkzi6pyvjlxsu2cvi	0.00622357914697963	0.6335475516035709	3208.8360532189363	0.0
did:plc:3vceczra4xmzgieo57ehiptz	0.00297092288257047	1.1953637104969483	505.14733017144044	0.0
did:plc:3vdxdo7mn47iyafh5rnzuauu	0.012611275969858	-0.206773510855556	13629.6223288759	0.0
did:plc:3vgc6hrtnj3t2omq22bqxptx	0.0060562364836147	0.5503406182260006	3239.972496533569	0.0
did:plc:3vgcuri3gykttw6buzzneaqm	0.00302852676829581	-0.423073849096836	25452.4559121006	0.0
did:plc:3vpi24bkfufdcggos5jssghx	0.011018363941541	0.586370130538223	2060.60819245328	0.0
did:plc:3vqsk34rdf4prnktaiielrsf	0.00822833633720397	0.0642899260045459	3180.9937748677	0.0
did:plc:3vz6ewm2thnlpevew2nu24gh	0.0071805392743476	0.6184528662007525	3259.624767623383	0.0
did:plc:3wcdjyeka345qisgrevbtkk3	0.00577306602519486	0.8238644581791815	1098.0892525593222	0.0
did:plc:3wlyekal42yvun4xhs6ctslt	0.00749579318254143	0.7712400465094772	1756.4413544630781	0.0
did:plc:3wo2ftqnyx7iljvwdiv4uw4s	0.0108813928268016	0.5006449878931808	5866.901344529527	0.0
did:plc:3x3l6f7e3e5qyfx6ew3b2m36	0.00416021671851775	1.7124967357298841	397.79521163167516	0.0
did:plc:3x5k2uhi7plzzyvs5tc6oaxg	0.00438841623820748	0.4402575246077157	1297.6513440110714	0.0
did:plc:3xcpqpmdazc4kizysrjphwrd	0.00285430170906051	1.108220449455018	503.60307413262325	0.0
did:plc:3xemqqj6tkwsa36btmqbsvsw	0.014900662334417	0.43294233428187584	4572.5362012765445	0.0
did:plc:3xg3droomrfw3uuwajvekxt4	0.00264729075158635	0.8860014592324035	1675.0714895206806	0.0
did:plc:3xtx4wyeswlzdckn6ioniate	0.00971008462845869	1.039803767856745	2157.3319160511355	0.0
did:plc:3xufvwmjvts5wd6aofh74kqs	0.00980850071225492	-0.119457556974781	11569.3629706218	0.0
did:plc:3xuryrneq3phxr5y3phiw3pg	0.0020560639407869	1.5668328098633697	556.1618097672018	0.0
did:plc:3y56dakefge3q754ztnstoho	0.0106963545167218	0.24243055065817	7144.26434199939	0.0
did:plc:3y7v2px7q6pqbu77fgngtq7m	0.00563221627760359	0.7968198629058161	3050.673744472886	0.0
did:plc:3ymsw56mku7udmwgzc3xcs7l	0.0363101080916367	-0.330588298510836	16279.7372364991	0.0
did:plc:3ynaxcr3hhkleyjkqvkkvg6r	0.0025937278944086	1.1788056461091505	891.2896045108046	0.0
did:plc:3ynrwo3nzdd6gr35jddytzkc	0.00695187165907082	0.450454650349481	2142.75748233017	0.0
did:plc:3yp4exubj4p3rpnoac643au6	0.00435087719298253	0.771038502152571	2121.674302039337	0.0
did:plc:3ys6bayje6zdl6shcx4kkwit	0.00350922797027196	1.7124546975258867	239.0683660108782	0.0
did:plc:3yxedxjkoi4ksorsmfpimmip	0.00702279530283717	0.546306086776555	1887.13126938717	0.0
did:plc:3yz52xgl4ap5tdlysbxeqgzy	0.0101197852233236	0.396092893465341	5268.23431831195	0.0
did:plc:3yzlnig3wocrrcswqm5akau5	0.00573855159193382	0.49193414989760764	2099.012226021932	0.0
did:plc:3z3ejvcpnjeb4io7oejzavwh	0.00471596999013823	0.6293852059530458	1738.5052859201805	0.0
did:plc:3z4jhdvvf4mgmtxcdsfnf7xv	0.00813208477164294	0.5836772477445379	3227.1948505261366	0.0
did:plc:3z7tw5yzhx6looqjpiecfytn	0.00421895861172287	0.8947904222555405	754.6583328365396	0.0
did:plc:3zhzw4eijxzodry3keq7vf3l	0.00530816868240177	0.8341380000778813	907.3690201064509	0.0
did:plc:3zl4ibx2zec4ry5e6cie6jn5	0.0040687879475621	0.6320296589990579	1321.1462269942913	0.0
did:plc:3zo5hskoihx2og5wn3zp24va	0.00693361067908777	0.6223663259545111	2442.6109535008272	0.0
did:plc:3ztm5rjitdbmgs3r65bdun3r	0.00685627222077386	0.8521586749175103	1096.4600054038597	0.0
did:plc:3zwox2f5tk6x5jpeukjjzxya	0.00459770115035078	1.5376698957795856	522.3165968657966	0.0
did:plc:3zyhoqik5kbqjimlunpjhycx	0.00247330220521985	1.344494308678338	659.7514674644888	0.0
did:plc:422vlua53avsipzgc2eiwdt7	0.00428336079077467	1.366475228342874	1061.7133062184048	0.0
did:plc:423vjbokqddvjvhj2u3r5p26	0.00365805169023478	1.3819925992797537	545.6844238834146	0.0
did:plc:4242kk7bvdgnlpthiggqitf6	0.00395752895782223	-0.635111182604896	25806.7151994371	0.0
did:plc:426rktuanrmprcoq5eo6f4yp	0.0119463869528205	0.375787233371619	4204.23311212945	0.0
did:plc:426rpsju57ugf6uaixodyla4	0.011174175247313	0.747342749703625	1980.7206071444148	0.0
did:plc:427pgr2tghogx2gk25wlr6yu	0.0108181203533233	0.376552939267616	6369.7654051968	0.0
did:plc:42chnuzadgbjo6nobjyozk4w	0.0266565118771699	0.33594404287620716	6787.638319701399	0.0
did:plc:42gl7cltval3cfuawgcprpr6	0.0150046889815114	-0.0828837800490487	9967.77727153	0.0
did:plc:42iubpuqlmwylcbpeeqlchar	0.00525905726590435	0.574716724033777	2269.50669226699	0.0
did:plc:42l4ryev3iw73gm7o2ols6hc	0.00563486100725967	-0.170064719487786	16932.5477937502	0.0
did:plc:42lx6fzc74hcanak4vdy7s3b	0.00265545109702112	1.144195315364576	443.566473477499	0.0
did:plc:42scvqiqdhj6di3jo3cgh6hu	0.00694679769701609	1.083039728756444	606.7507532048993	0.0
did:plc:434tz2bquvdxjung6ff27wdu	0.00582241630501917	0.423980004899354	4437.32941178404	0.0
did:plc:4352airfqli6hzhswnbhjp26	0.00649254832683717	0.8845574386571723	1939.6839526429003	0.0
did:plc:435ifw6wyaepkqvcovrvfilp	0.00670304899897897	0.6158440263753342	1479.9461615368743	0.0
did:plc:436kuc4ul2jh6lv5nnipegp6	0.00385968895479518	-0.382881655246547	21999.9490041958	0.0
did:plc:437nf5v455t4ynqnowe2fia2	0.00328199949518177	2.07145783487848	371.5731552288496	0.0
did:plc:43ablaby7eyqk2gvf5tugumm	0.0141006098537917	0.424003130200711	6657.2824710573	0.0
did:plc:43ihiwwxn6mfu6av7phdk2kb	0.00450294423375397	0.8076883672520458	1442.597054598925	0.0
did:plc:43j3mmwmexerip3huc42otxj	0.00555195706538614	0.8440547344691492	1189.746122109294	0.0
did:plc:43jzilp4geukyglwrqzdx2xh	0.00440735734958722	0.8656469381313546	1147.190349695239	0.0
did:plc:43ko6assbnhda66xmkyv72oo	0.00374106486774148	1.6256475760776294	499.01063636984804	0.0
did:plc:43lxgtonklhwz2vo7wjhxu6f	0.00716360116286763	0.4307312635252827	8056.385812758344	0.0
did:plc:43vfmztt66csgxgc6iwlzybb	0.00436970338987377	-0.473597345735412	27355.0237207813	0.0
did:plc:43vgrghltbdw5kxvppa5ahho	0.0059671245215209	0.6890045349629635	3411.2324391966663	0.0
did:plc:43xh25q72czwusvkcwbrex6x	0.0040919831712634	1.0447488610256328	992.3284919204568	0.0
did:plc:43zhjylwh5vg6f2emllmr56g	0.0102319236118926	0.3463149837329457	2516.654442801369	0.0
did:plc:444hionnawip2bme7ljixu4m	0.00364636260423922	0.6227384077284278	1039.5900961530394	0.0
did:plc:44h2lvfmgruudksquvjr5tg2	0.00937122128441394	0.7044838433225726	5227.5930306137725	0.0
did:plc:44icij47mnfi4ehqgq5r2fou	0.00568387955061188	1.0264445136528895	666.779821253284	0.0
did:plc:44islidgkrqflvjn4bcek4wf	0.00496671245905221	0.422768414328768	5180.76449942283	0.0
did:plc:44keertbo7nuvrw372qsqafx	0.00375187593831475	2.0171049065684703	435.69447667279246	0.0
did:plc:44kym5jnu4sos7qj34wx4vav	0.00806050353690008	0.5858903878886976	3014.8408906340383	0.0
did:plc:44mhnyqybbtrjcyqjf33jpau	0.00314795383012985	1.3668119545639246	1010.1800437326593	0.0
did:plc:44q2ycyktdu77srbh75yvyhu	0.00488744075906169	1.8211635215587019	358.9633203144187	0.0
did:plc:44tzh3sg2672gyzxykaxiuli	0.00808419768568624	0.642811278371673	1771.66064308946	0.0
did:plc:44wrl34uil4kbnao4mu2b2rp	0.0050186406660366	1.21981017300303	1173.8104418630346	0.0
did:plc:44yvpfnruj2wlxcfbj5g3yzr	0.0072275550548127	0.3709407734842803	4517.485965575894	0.0
did:plc:454ktoz36iaorxavx44dkllv	0.00512295082033733	0.627800733910041	2226.78848110113	0.0
did:plc:455zs6kigjmj5sjyctuohige	0.00594441967814516	0.314241612987913	5198.0612056956	0.0
did:plc:45bn2yytfgyrgafthuq4cehx	0.00809296534966685	0.5406996645670973	5626.951086798489	0.0
did:plc:45dqaaqhlgoiknw74nlwmhie	0.00410245038278832	0.7967011611552972	786.9246665320402	0.0
did:plc:45e2nj6zz4bvxz4mt6oa5xb5	0.00587905935269217	0.5099348806943143	2829.081169752269	0.0
did:plc:45izbo7gfkewxd3cltygdvpq	0.00465966733603051	0.8637647197050563	1309.9300120320663	0.0
did:plc:45q2srepy6hwjyxaltn36ujg	0.0162347799578112	0.14178286780132793	8972.52325558457	0.0
did:plc:45rkfkyocap4hvdwfouq7od2	0.00213702888235195	2.3387608795711707	397.700965887382	0.0
did:plc:45s4u2oix45ukyx2xl6z3mjc	0.0064743543711622	0.597384779604083	2104.98311863619	0.0
did:plc:45sinlhz2vln2pun5cm6yvtz	0.00284575981803537	0.8480973362642792	4802.59916057967	0.0
did:plc:45vipy2akjyweypv3xrro3bd	0.00335773425941477	0.8059948360789345	604.5203865334297	0.0
did:plc:45yecnfays4kgamnautujesn	0.0116718160041534	-0.604988120967437	27653.5263128687	0.0
did:plc:4624eblxpmeelqfovaju2iik	0.00632648828219152	0.9534466153747444	2569.4087320077215	0.0
did:plc:46acn2n7oddwskgaytcd2xvx	0.00326181501895285	0.956099526805625	1449.0205651302172	0.0
did:plc:46egwly2zpkila2ffdyk3ghf	0.0137259795569986	0.520596139874031	5674.50959223765	0.0
did:plc:46kepfon4tnx7lzwbut6ukln	0.0063594778534111	0.21940522394035	5661.4098897645	0.0
did:plc:46nscpciy44u2bsiwhrqxlwv	0.00536957798473488	0.6314331471654099	2080.7417962060354	0.0
did:plc:46nvcet4ylrkyz46yqq62qqg	0.00808003078123683	0.6522921794287402	2909.1280930499743	0.0
did:plc:46qg2rxu3s4silghcfx3lkei	0.00311860442454461	-0.688378642743124	34044.9442365858	0.0
did:plc:46stihdrdr7bh5giew6odtha	0.0269886364331474	0.5406677431799614	1796.0982428438317	3322.0
did:plc:46ur47yd5hc5unm6qcujs4dt	0.00456434917365805	1.285926779446873	706.6880571154226	0.0
did:plc:46wcqnqsp2w3pywu2uekple2	0.00233818684244655	1.3272811121643122	287.7957271786747	0.0
did:plc:46xbknbohwdkm256r6tt4frz	0.00284181620796449	0.7213050883593682	1729.9033355889242	0.0
did:plc:46zpyr6ghhuixhook2tioz4r	0.0111353712187853	0.4996394587128793	3158.6893065148984	0.0
did:plc:472qdker2je53vb5ziownkfe	0.005307916215425	0.7645101178790051	1013.3278809799975	0.0
did:plc:47cewldyuzhcrh3dwsjjmhwx	0.00629009938535294	0.5741834878565222	4840.149468735081	0.0
did:plc:47hb4ku6xnafvanvwud6idum	0.00216723146033577	0.2617937430734557	8569.355703502995	0.0
did:plc:47hhewaetrpiceo2h4ow7qjg	0.013068651802884	0.38492035845339645	4111.773482508863	0.0
did:plc:47kche5px6ixtxyayei2z5y3	0.00649252604721821	-0.221238526089718	15378.1444353538	0.0
did:plc:47kclegz5rajlkydpiw2c4p7	0.00227973715978262	2.176556504388805	507.8856602864506	0.0
did:plc:47m26qnp3l6oi2fmrjpo6hns	0.00483558994276618	0.887881612360526	1427.4179702595939	0.0
did:plc:4aclf55uza3b5l5wxecfmsfu	0.00215947740654763	1.4292634711618752	370.77578528603016	0.0
did:plc:4ag3et2k7jzuj5ym3chekcob	0.00784242203630822	0.6013658656673947	4532.474343131584	0.0
did:plc:4ahidnyia4xz3lrclchfcfoo	0.0043765553945372	0.3370278887708047	7637.2102663778605	0.0
did:plc:4anqdqcchoguctmfcqdkpmlj	0.00393572633415443	0.6529705851570218	1670.9896145851208	0.0
did:plc:4aov4q7tek6f5zlkdqrrxspc	0.0102685624114095	0.5758050844055759	3361.713179774693	0.0
did:plc:4aquscxr3c4ryjhwdpm33exs	0.0074466561703203	0.591846320452529	2401.89506631219	0.0
did:plc:4avvlhd4z4gpta37bhd2z34q	0.007056317401147	0.6844293913403903	2871.622623495884	0.0
did:plc:4bhkovja7j6vz27qt4z2z2a7	0.00657318142136728	0.772783190484868	3396.80716649697	0.0
did:plc:4bkxbkkrixg2vqu255aiamfe	0.00393833689688822	3.1599503974951126	284.39553577456013	90.0
did:plc:4blngf33zywwvk2gyfco2log	0.00592562321423291	0.5151610754597793	4367.422706138556	0.0
did:plc:4bydkr2rn2lt24pvtzlamdos	0.00844704353841809	0.8881509105113167	1541.119981822841	0.0
did:plc:4c24okimjfieru7ayvi5y6ar	0.00340929481474843	0.7351029647441744	2221.5443033104248	0.0
did:plc:4c7aarto75kgt3hozjljwqnm	0.00458167330770834	0.8281376159636328	1989.8667697770823	0.0
did:plc:4carartw3thvkryyizfvdioo	0.0025844101709049	1.2403967690910787	2748.3044676374116	0.0
did:plc:4cimi3vothjehwhwt3wz3aeo	0.0077519379846856	0.6167966970808808	4441.451729316343	0.0
did:plc:4ckpjmu6t6pabbsn6bioq6bz	0.0126427406470296	0.730365167523758	2498.094464676721	0.0
did:plc:4cn7wvnvykzbjp6tf2efcu2h	0.00854700855053635	0.16301419994166433	10472.09170640712	0.0
did:plc:4cs4d6nwicc5onsfnqrooo3d	0.00401187253363194	0.831629267501551	772.3167487483811	0.0
did:plc:4cxzg2rteowmdrnxt2rhhc4e	0.0106112054421281	1.0062830630135156	1666.589362470864	0.0
did:plc:4cyfi3wrwpcglcgyyejbed73	0.0077519379854435	0.563244673417655	2138.46542725591	0.0
did:plc:4d2wxxzunxuagu7pzucvmi2b	0.017589239574333	0.15401572477529	15234.7946036583	0.0
did:plc:4d5rqdbj5yyc2lsizfoxj7zv	0.00628823929478223	0.853873501929019	4470.86485007653	0.0
did:plc:4d7jlw7kabdncjwmtcqhsmxz	0.00922663982609282	0.692873774620354	2086.99342140109	0.0
did:plc:4dl2og3pe6xffcjidtp7corc	0.00491290754876828	0.646932656371314	2282.05849763053	0.0
did:plc:4doj4sijtt43o3l6ns7rnbox	0.00415110004277698	0.6124394449970998	1835.4965172325315	0.0
did:plc:4du4mx3xu6p6i3qiwhvcwip5	0.00871459695321818	0.376239182742694	8553.99470658749	0.0
did:plc:4dwxu4q6s5squ5n5opm5za7k	0.00456866433848728	0.6448048421141604	1352.0686281480396	0.0
did:plc:4dzm45a7fsisquio377bxtvp	0.00577053632275009	0.8979795970379175	3604.0160173673744	0.0
did:plc:4e2mtml2mwdaz4e6rlpxwucr	0.00409130060319326	0.6965265734073733	4599.4077273468965	0.0
did:plc:4egv5reautg2jfzwff5yslv4	0.00891316849074513	0.806481022438278	3216.4244995931	0.0
did:plc:4eltfgiadieqby5w62v4a7rl	0.0041923670007714	0.5797878583085692	1509.6851981263387	0.0
did:plc:4esa3okhta2soybbzyiedk3r	0.0118320610753247	-0.204108147611523	18406.5949776023	0.0
did:plc:4eslwdwjt2lz5v375jozcpkt	0.0024398005728764	0.8135255636522569	865.9620629816561	0.0
did:plc:4etaruq5i76m7xroc3lifoh3	0.00255827174535589	2.098568438685791	245.6311993974539	0.0
did:plc:4f4s44x27ugfigwajn5phkug	0.00637420323315864	0.6938254849930949	1305.6286109072337	0.0
did:plc:4f5s5fduwvenyqe65zn3yaph	0.00788954635557658	0.7317880752437752	1928.4679518094053	0.0
did:plc:4fhik2o5nfhzsvkgnqdqilha	0.00419041802413305	0.7045925896469295	559.6320437118044	0.0
did:plc:4fizy7rhrabgjsf4sxad6a47	0.00489814958869619	0.5322908020700843	3538.3799191457624	0.0
did:plc:4fl3ewoz3seywf4zcmsfqjkr	0.00362092234806032	0.8867207185856355	1427.6492789397425	0.0
did:plc:4fpdjsexplwjbcw5qmmwblxq	0.0211780278249483	0.271181564373749	5106.98217971474	0.0
did:plc:4fqidec6xxcuicwkmsgy5gmx	0.0034546576192004	0.601482526641638	3327.55388489523	0.0
did:plc:4fsfgt4cyhoopspwjhad7kj4	0.00591397849505351	-0.146965567873547	18935.3422303275	0.0
did:plc:4fszqjwcg47qdklam2tsbt3u	0.0138297872547543	0.3385241231861288	5511.207653077223	0.0
did:plc:4ft4frfrtdjnxewq43u65seo	0.00710846136330393	0.805853209466841	1017.9609573204209	0.0
did:plc:4fudnp253ahtqgdf3cilj4x4	0.00478179619736914	0.8748984667844867	1077.0761222244228	0.0
did:plc:4furqakg6byl3mqj22c5qyg2	0.00888565186038458	0.6028716537662271	3477.4210667313414	0.0
did:plc:4fvepktwmf6auco4hmdmbgll	0.00374895862433783	0.8120205394599471	2264.2137035046817	0.0
did:plc:4fzzdquseeg6dgykn35jn36r	0.00385653683024433	0.8391218753675923	881.4328086084098	0.0
did:plc:4g2k77tyzqzlh7ycwnzmxhn7	0.00528526900676145	0.6210360274750292	3072.956867519674	0.0
did:plc:4g5bwii7kmcgjjwjbrrkcxoc	0.00577166350642556	0.8642282597515986	1264.8187312338482	0.0
did:plc:4gb4ontvelbqwgv6sumjxj4h	0.0124659135233852	0.563983593749119	2611.0325701107	0.0
did:plc:4gfhlbxsm24opovzjirbf62c	0.00440643788148277	1.2197363088353557	731.1437421328842	0.0
did:plc:4gg2ntelwl3sjq4xhls2uenb	0.00660211267759582	-0.398752245173007	23795.5352660884	0.0
did:plc:4ggbfhlem6cawsuddbb7r5d5	0.0108518719908652	0.5880987909614622	4379.713400976091	0.0
did:plc:4gi63cu6otoz5nyruikn7fyc	0.00412714502958219	0.7902785525946953	987.5689241338896	0.0
did:plc:4gl2id3kpbuadgrh6xk2rnmf	0.00472164269328759	0.3512535406672086	3300.4983829557455	0.0
did:plc:4gmqattvuopfblk4fhyi5k54	0.00276649467577493	1.4585456615247432	265.30309389419006	0.0
did:plc:4gox2oignoyafa6jjtihdom2	0.00810810811224419	0.48397901654530573	6971.461520595039	0.0
did:plc:4grdqy2rosd7ypsgeykgak5r	0.00419826652245474	1.1420740344941418	4218.528178831503	0.0
did:plc:4gvidevxxr3xghrba5oq2kbi	0.0046439628491948	-0.194771999991066	18229.9067695474	0.0
did:plc:4gwdyczlpd5t7erttikngzqf	0.00330310155647936	1.0452124000362377	725.8198141633604	0.0
did:plc:4h6e5eou5mdqnvt4iw56qjiu	0.00463047031141949	0.9967222773741639	2387.168657865527	0.0
did:plc:4h7u2ujzepumyq3gpzb2vqmz	0.00264667713974618	0.598547105865912	1651.85517132235	0.0
did:plc:4hdlocrkbal7xzo5gsjkzcaa	0.00683633968240627	0.8339627534609163	1477.6383122674001	0.0
did:plc:4hqprhkdu7gndnxl25piihx3	0.00318441942091903	0.5225674798956356	3978.0362639481523	0.0
did:plc:4hu7b4jfu2y42vx4r4323xij	0.00401003739449534	0.7333029777396772	771.1702498201795	0.0
did:plc:4hvhn7vqn3b5anb4v3dtdx7w	0.0036873878287218	0.5193748842533905	1970.8463579375625	0.0
did:plc:4hwxr3ue6xr2mmfwh3pe2phx	0.00398135999643816	0.7698138755357796	1724.9123971489735	0.0
did:plc:4i3k4n6slvcqfubull7kbpym	0.00347198888972348	0.8421987503478932	789.0787927909911	0.0
did:plc:4i4zu44dzpjpkwudiuzsuuux	0.00945864359285856	0.396750803957666	6286.907398593784	0.0
did:plc:4i5wcdtr3cqtwyn2kawibsbp	0.00948660714543308	0.7314912531057125	3491.270634696659	0.0
did:plc:4ifzoxkaputpxxd5xnay2x6z	0.00605240105321005	0.5671700056410383	2858.172778416047	0.0
did:plc:4iggmwk5pwo575m33duezh2f	0.00420042004224837	0.6227772114195023	1333.8787412327092	0.0
did:plc:4imtgw6i75j45cjiv6ox3od2	0.00388808722173028	0.761225789503218	2074.86773757013	0.0
did:plc:4iodul7do2ig53nx3v7nlyux	0.0056760420201413	0.8566350642589812	1501.6407278851198	0.0
did:plc:4iqr3mnabraa3hnxpa45j3nn	0.00697111965370518	0.36308003787798077	2779.6338878059883	0.0
did:plc:4issuxaapikybpmx2imffh5h	0.00476687025257904	1.0166733520703084	1686.0170629117813	0.0
did:plc:4j65w6z2n52ceowurwdgm42c	0.0048429010158596	0.4449389277551598	3668.472052119533	0.0
did:plc:4jetvyumv6g7r3sj5bheia76	0.00420693102323535	0.7202318694485339	1447.9036417867085	0.0
did:plc:4jffapni46vw4sw3vjno4qvb	0.00290339609376645	1.5306810729757154	224.5327540332955	0.0
did:plc:4jlfdsfcyngg65k2xxiegz7m	0.00497017892717086	1.1021132629651704	1246.0745963345792	0.0
did:plc:4jqqq7haibu3xv56bqxaicyi	0.00336021505376422	1.688686761576306	266.4868541146048	0.0
did:plc:4jtbrb6yelxexrgshbbqycb6	0.0053555489443478	-0.206427130226032	20445.6555888971	0.0
did:plc:4jurc4mo6cmzxdhepfprrk3x	0.00748704166392921	0.437901560748511	4241.73703058111	0.0
did:plc:4jv4fmvyon57cdney3zgn47j	0.00332307357077057	0.627317620320988	1679.89688251274	0.0
did:plc:4k7adsciids3g4dvupv4udbn	0.00489190468691344	0.394665455539384	8561.34434881936	0.0
did:plc:4k7isgzndcebqnupyoglkj33	0.00251204757515393	0.97458917853061	765.2023579945912	0.0
did:plc:4k7pytli4gyxufsy4rhi5pxe	0.00509242756360504	0.9409639959580184	1061.8653431394105	0.0
did:plc:4kdkshx5jfcf3wvolhwdyo3z	0.0036162005789796	0.6834154942959493	1079.7768041671031	0.0
did:plc:4kglpvjfavwqnyqhmh6u72pq	0.00630396053349619	0.7603907120860364	3081.8114080445685	0.0
did:plc:4kilsgcklivyyrhana6ssk5x	0.00346714708225944	1.2043290840260459	527.6050231014949	0.0
did:plc:4kpe2s43byzrlsixfxczlupc	0.00923368321643195	0.5721037366397532	1808.714271972691	0.0
did:plc:4kt4fvnxjajgew7hhpdxrgpl	0.00257513081117522	1.473336183636753	370.0254259835165	0.0
did:plc:4ktfm42mb2iayemgslbpl5sv	0.00399976472000621	0.8569096234918401	956.5975041244826	0.0
did:plc:4kuipwfm4ejrjrhjm3a4mmxg	0.00883256528737308	0.6256010455888172	3226.048072406051	0.0
did:plc:4kvqdm2nrb5xg62kjxxwzv5k	0.00403972395247189	1.3009726871793006	791.068263975215	0.0
did:plc:4kwoykknk4mhcpxabhbfsqhq	0.00665483584888528	0.60331124577725	2160.0014764157163	0.0
did:plc:4l2owovwnzahs2oyri4zfxwf	0.0117736422399158	0.404539747223337	6544.61436598302	0.0
did:plc:4l35vdqw4p2vixtjeosqfdm4	0.00553831172835622	0.604218756300023	2295.75171697565	0.0
did:plc:4l6wqyxj2lw2fqkzjfd2ja5b	0.00233082706798037	3.626565514970278	217.59393089821666	60.0
did:plc:4lkxlt4pzps2qw3alczmbwo5	0.0026392752694858	2.010349843243666	368.20143024093437	0.0
did:plc:4lmk4zwywf6qyir64tbzy4gc	0.0129078523022879	0.7455491837206281	3424.2953045036884	0.0
did:plc:4lrvekgdmvsv7sookg3o6owu	0.00835148874742851	0.8725113932317123	2636.1045160910558	0.0
did:plc:4lsnn4o5n34iw3pxyv643lxe	0.00326982076548626	0.7994209424629823	966.7634257339323	0.0
did:plc:4ltcuufmvmfz2vr2belpnmu4	0.00414633635710151	1.0152557780925304	443.3843544845691	0.0
did:plc:4lxoxb3q3kmt2itlznozlseu	0.00463962883059377	0.515515555965886	1364.07570605582	0.0
did:plc:4m2xlzs3l4twq5pxul7rqmi3	0.00611189468929806	0.8817440427972275	2429.878880473179	0.0
did:plc:4m4h7bzayvwkvr57jparxzhr	0.00646269633672082	0.818986422219733	1745.1356159703912	0.0
did:plc:4mkbuwq4waajntx5zk3ko5vj	0.00792291221000234	0.5320718338982746	3685.12320618977	0.0
did:plc:4mksbx5sab3femmi4qdemtdf	0.00332559938138438	1.4838427478173477	396.9677825981285	0.0
did:plc:4mujmzryn2f3u6ugfzfewnkn	0.00635456885629728	0.6659979420409661	2163.1455235211947	0.0
did:plc:4mwnlbi4tyvymoyabtg5f5xn	0.00235492843594462	0.4161779459317468	241.33329057857514	0.0
did:plc:4mxdrqmnq23gjrgcnutf266x	0.0118308192908599	0.8897407411207905	2925.7855143571132	0.0
did:plc:4naa2nwxyk4rs4g3uqt2b5xo	0.00647323128638023	0.505511055295978	2288.15231297664	0.0
did:plc:4naglec72y4ncij3ohrl6amp	0.0102835774485555	-0.0770970765337511	10882.5120918737	0.0
did:plc:4nbuhzp3bdpk5ldke34syspg	0.00450039877049933	1.2680810974369405	632.7639137990245	0.0
did:plc:4nmjwfgsu7ccsjqs5cc2hkw3	0.00429975429979975	0.563433038962536	4267.56090370334	0.0
did:plc:4nommf4wyn3qkruzpmrtinml	0.0103379721769399	0.5244723368815569	3615.3713736378477	0.0
did:plc:4nqhpkysukyxybsuuuafouga	0.00832729906246931	0.2925669995843051	4157.597085712377	0.0
did:plc:4nst6333yfqqhvuh5agpr3jm	0.00475852991882444	1.4894811242530437	794.0111597107111	0.0
did:plc:4nuvgkt5p7ij5o7nq3vz5kq4	0.00538292145885448	-0.171690039965282	18210.2545469603	0.0
did:plc:4nxwvdjosrwnsu36luxy34gb	0.00293366139884302	4.051407226426623	48.61688671711948	12.0
did:plc:4o6firlvecrpnnwpn7eg44mt	0.00830909846665822	1.0795802485595114	1198.6921273337414	0.0
did:plc:4og7e27dqgz42guftlkon2do	0.00573630904600755	0.622904999759953	2295.18850268503	0.0
did:plc:4p57rjijzfwbfy3mle4jhppi	0.00751285093442813	0.288154274670741	7657.0714298017	0.0
did:plc:4pckwo62wzvzolsx5if3qrhm	0.00631095811995191	-0.361330593568894	21205.0215330816	0.0
did:plc:4pctwbhw2zkpf22xbkb7hzm4	0.00697739324718563	0.6992968699024996	1706.8718139900484	0.0
did:plc:4pdqeriecpi2u4lvpvn3ztug	0.00822774395656541	0.353066964281021	5256.32312941043	0.0
did:plc:4pjwd3ofvmr4iio77weh4u7s	0.00274172911720014	-0.10693987906133	11154.6488505097	0.0
did:plc:4pknjif4te2fhxdj5wtxbxvh	0.00629953261709669	-0.386824536932244	20749.5724515887	0.0
did:plc:4prdi55toppp7fte6hs5nghn	0.00290907398372253	0.7709715319290847	1486.3601748905107	0.0
did:plc:4prxnd7ewgs5ujiijzz3ornl	0.0151792246576513	-0.0520831375642536	6136.00166217681	0.0
did:plc:4ptvfpsaloxps3wffaw54hhx	0.00357548479407484	1.3561962803834078	699.1633021516009	0.0
did:plc:4pueqfx3yx4jzcccc6tyr7j2	0.00270042435259193	0.8915378378781756	692.5469615644205	0.0
did:plc:4q2cv6gywrk2jw2lohgt7rae	0.00637323242553309	0.43040341441360197	3367.015757899025	0.0
did:plc:4q4idixjnrt5wx6wl4oqjvgg	0.00967238689790553	-0.166551783088179	22006.8898370522	0.0
did:plc:4qbnrr52c5vbih7w32wtr4f4	0.00224114746757413	2.3506418210480233	275.7485559280413	0.0
did:plc:4qcm32bzs624bxosolucqde5	0.00448484123761886	1.1720387041483031	1092.2969110881722	0.0
did:plc:4qj6a7ojqqgk54x3n6xkqobl	0.00350919651508991	0.6385678028883243	2860.1208850620446	0.0
did:plc:4qsa2mbj5hg6xvhd4zfuixy5	0.00570024570264913	0.8020292079071126	1253.2315093342927	0.0
did:plc:4qtwfxg4zueteuaqhxwpp3zo	0.00320860894472691	1.2143102516008777	741.7659593386983	0.0
did:plc:4r5tnpplse3g2gqfrldl43hl	0.00733356250828196	0.547154170732678	4672.93857019596	0.0
did:plc:4rcj2y4kaf354dx2ptdgi342	0.00496894410010895	0.7340555530967987	3208.389027201366	0.0
did:plc:4rey46v25dswgzrcdgst3cdj	0.0046714763532601	0.5788608385160888	1037.461821934153	0.0
did:plc:4rf34f26cp3yvzoamsxgotte	0.00337219105254687	0.8842554062193232	1112.246613751074	0.0
did:plc:4rfckjknz6lo2t2m6bm7xbwv	0.00636016718326116	0.600093793047607	2858.56670729958	0.0
did:plc:4rfmuryjlomfzo7xdfikodnk	0.00783732260572658	0.4526111117303641	6639.239004904172	0.0
did:plc:4riotamgz63eusczmck52vqp	0.00770609319478669	0.37493723151317	7129.12866848505	0.0
did:plc:4rjcg3aave6l7mrf4qogf4tb	0.00377442273704348	0.35924925527017076	6213.207457261621	0.0
did:plc:4rmqjg6arhnrzinu7msscfpw	0.00414060435229464	0.807175047738608	985.4193253981537	0.0
did:plc:4rn2yn6fe3bgzn2rfura64xr	0.00758663113074762	0.315136446403863	6706.85873153533	0.0
did:plc:4rpyl37ds46m5r72qngxakak	0.0065762984849829	0.8225621359783171	1815.1149427801547	0.0
did:plc:4rtm3r3ktjyjiut4a2k4ptky	0.00633122292743925	0.9836080024931331	1432.0641089006763	0.0
did:plc:4ru5cl6ygmijbhrqgwbt6ibk	0.00881470367656187	0.303216025588732	3778.54272721684	0.0
did:plc:4ruk53xkywk4iwlcmny4i2gb	0.00403151914999298	0.7540319347257098	1513.628395023376	0.0
did:plc:4s4wlvwkbr7nc4s6kcyipz5s	0.00581135449489062	0.637336857717546	2307.1067345525935	0.0
did:plc:4s5jgxgvoaebrplmwbdvhtzv	0.00459025246392272	0.9568911127915057	3344.5702189242566	0.0
did:plc:4s6yddaeom2i5a2tytwvlkq5	0.00590014013049265	0.6690423024030924	2462.987236159364	0.0
did:plc:4sehz2k7yfrosxwutkzsswb7	0.0108081948788361	0.632072110911645	2367.4605664057735	0.0
did:plc:4sf3o4cel3mc4gt25bbtctf6	0.00668857076543813	0.19742737586629	8069.7146518558575	0.0
did:plc:4sk5hlvxt2gh43t2zargvwv6	0.00396624800861126	0.475743191214805	2922.98347754562	0.0
did:plc:4sqihhmybne3nkdrwqdanivd	0.0057585385249673	1.0223351153430449	1412.8100181383427	0.0
did:plc:4ssnbqayduvscd3ig6zdhkei	0.00631750560599818	0.6974440768184884	3063.9615602326703	0.0
did:plc:4t5nfenka5adeagf2q43pqj6	0.00522968197942328	0.5896088178278406	4792.415346047095	0.0
did:plc:4taxg3xp7cj3s4hghdvyoull	0.00493792325130848	1.4255026580869654	748.5857651717654	0.0
did:plc:4tcstj2gqmfhn7yz4si4ai57	0.00453386228489907	0.7383493922241042	1497.5966484632256	0.0
did:plc:4tflfagzaggud62db5vgfuvj	0.00805729632948762	0.628904811160211	3672.65297180386	0.0
did:plc:4tfs6bud6mbqt2gapntihrve	0.00638231631552892	-0.23609771242462	14741.5598860775	0.0
did:plc:4tnfc6m6guvwrbbd2ly4yqhk	0.0111147433881833	-0.552100906859889	30664.9261341752	0.0
did:plc:4tun3oa2qookpicau4ykgmas	0.00644237652277471	0.7085934330989306	1135.5209697583446	0.0
did:plc:4turscyol4o2txp2wkz6ihsi	0.00293357546987029	1.736414467255653	230.59549511220774	0.0
did:plc:4txgcbpliy224zehdlzu3crw	0.00930626058894276	0.418360329868727	3233.88557040223	0.0
did:plc:4ute2qahnwjuulmiyqlh4mly	0.005882352943361	0.5970911490943576	5244.520959890163	0.0
did:plc:4uvzon6c6r7suvcin4ddl4b6	0.00867835834455379	0.62959359568891	3398.9140114699885	0.0
did:plc:4uwihynrcgu2h4aoe54f2axw	0.00257156391694318	1.3983022731370875	745.1049670433333	0.0
did:plc:4v5pidkctp2mwrww7sfgujzw	0.0120388349577424	0.623953744442445	3673.84468722464	0.0
did:plc:4vdbvfco4ca4shpt3s3zafb7	0.006266394646148	0.37618305987667694	5290.238401933082	0.0
did:plc:4vij2dhed2mxktezdsbhngpr	0.00526760746630662	0.390594987149805	4043.69046135845	0.0
did:plc:4vzlfowdjb7sqm44z67mvzjv	0.0081232018995267	0.42703729619839303	3795.1136917621875	0.0
did:plc:4w5w2dprfoupeib3bmqktfiz	0.00615508128911872	0.4019399397561558	3826.2460496232484	0.0
did:plc:4wadzw7fp4r5fwj2c7d476ap	0.00768386388603433	0.9983245246955631	1363.6228617558575	0.0
did:plc:4wbob6c26x2k3y337kbdkshh	0.0129421915697182	-0.402493559070945	24837.2170406524	0.0
did:plc:4wfhbvu7qeavrtm3o765eb2q	0.00241134295732674	0.7386987738386227	2067.668943501515	0.0
did:plc:4wfl3nq4hkhgzctsli33qy36	0.00636843740463721	0.8222239229915166	1680.1296100390757	0.0
did:plc:4wjl3fm6w6epdewb4ewfcvmw	0.008804108587232	-0.534906078388637	28141.9861036548	0.0
did:plc:4wlph7cx5cggwidxms3adzkz	0.00338278931798414	0.6134988209915183	5400.297192522027	0.0
did:plc:4wmkptuvtfspuo3g6s6hi6mo	0.00401114676715586	0.6093840162961298	2358.916264835557	0.0
did:plc:4wu72n3yfgzkjnr4bvodmaio	0.00543019186956482	-0.254301079277763	15344.6565264381	0.0
did:plc:4wuarahzbvgg6zwhvpwlzdb2	0.00203263836461683	-0.711443508092123	31271.3433642116	0.0
did:plc:4wwyzw2nyrnmtcpdqxz6h6lt	0.00560621194109265	0.734933038838152	895.9548519520075	0.0
did:plc:4x6tsacy2rhxtq2axuwwv7pv	0.00501963324363377	0.67018262860244	1629.80742895997	0.0
did:plc:4xi66e4mpedr6klvc4gwsjwl	0.00208872921723366	0.700542368197676	1810.5550942358	0.0
did:plc:4yhyn6hwl2bcs2ika4dwjl3l	0.00503524672779077	1.1541259430494633	840.3336352354981	0.0
did:plc:4yikmpsgxeskvm6wd3ibdca7	0.00517439632365552	0.81594750402486	1016.1173844859535	0.0
did:plc:4yxyge4xs4rk6cw2kytbvazp	0.00383892196964571	-0.12499584276231	12567.9931480052	0.0
did:plc:4z7a5jnqxgsri43pzsixffwz	0.00565069981793254	0.50055548723195	3480.6923972945856	0.0
did:plc:4zdi7o24stkmeoddmy2rxkuu	0.00365777731666711	0.438415651378715	2129.06902025134	0.0
did:plc:4zgm544vuwmu7verp3etjgbk	0.00581693755572447	-0.615736375512342	31082.5078853023	0.0
did:plc:4zijjolpbadn23m74q2cbcxx	0.0101075970024541	0.639432014874159	4964.86279509037	0.0
did:plc:4zrl3nqndg5cqbnhcuk7w7kh	0.00280627904940726	0.8601614966103981	1430.0070414895217	0.0
did:plc:4zzefs3rjfmglngc43z4bqvt	0.00594958509683412	-0.262400972402666	18709.7624069858	0.0
did:plc:4zzklek2g6oqjm4nzafskisy	0.00283705439759991	1.0209909512147457	836.3582364421846	0.0
did:plc:52btxy4ydkkqgn5rhaf3tta3	0.00471807206709321	0.6685131041103182	1840.8008543362685	0.0
did:plc:52dkfycalwc6mx74hvj3kap5	0.00327608297258302	0.6798974311826795	1057.6036660088935	0.0
did:plc:52driyeaqfps45tfeaowdcjp	0.00624035429290843	0.8658696236993814	1345.836047295101	0.0
did:plc:52e73k5nuk3ayr42vi36ruuj	0.00475346439013655	0.6343699035946507	1183.0069433793633	0.0
did:plc:52j66yuifamesazu33elhotr	0.0020842544053595	-0.272862672752522	19369.3364498549	0.0
did:plc:52lfdjccfrhy3vhloncffawi	0.00212551739568252	2.3684834027801935	238.79764301055576	0.0
did:plc:52olzijegadcoafjk56j5er4	0.00255364308696968	1.2997713558754476	577.8938595041723	0.0
did:plc:52oxsmatw57mtq5v5gcegmmw	0.00556642094229492	0.29861647037269234	5570.229046138016	0.0
did:plc:52p4wmtfkrnpru2depams45w	0.00311582913724178	1.5363579641885496	366.43477501040786	0.0
did:plc:52pwqefxmeo5wbiy7bwx77hw	0.00315692395064826	0.9017347314372474	781.3650951181605	0.0
did:plc:52wccfrsabrjoizxrnvi57si	0.00426042604283803	0.7860875927338946	1752.7571329120701	0.0
did:plc:52x4hgh43acag3ecs2qi57tr	0.00301191671409233	1.3829876012618856	372.14210592064074	0.0
did:plc:53367e6xuggkoieba4nfufzw	0.0078194816846859	-0.74834193897525	34050.7653344252	0.0
did:plc:53a7i2uiy6iaspgbd5fxnnd6	0.00600176522712147	0.9614595950001851	2226.8474995222177	0.0
did:plc:53cbdomfzkbngflwagqwo2on	0.0112561909126929	0.62340047484701	4553.687637357074	0.0
did:plc:53dl34jgq7hondii2xnnu5vz	0.00320784979771329	1.3337793808660277	958.3750711405036	0.0
did:plc:53dnptmtcpjm7y4iiwgijkos	0.0041344598240924	0.482053012922704	3207.86278421487	0.0
did:plc:53ij25dylrebyvnwfp5iogte	0.0065450218183199	0.712000822969528	2827.59117600733	0.0
did:plc:53ilhntpel6ragn46lcubkmk	0.00414771875469508	1.0532312194052262	1299.018918949852	0.0
did:plc:53jp6abjo4fvacrc7ngftqli	0.00393015050719971	0.7126045918001699	1330.1435787953685	0.0
did:plc:53o4shmhjdeflinmqyq34wgh	0.00386291600665513	0.32195640574178086	5157.252044523914	0.0
did:plc:53ry353u3ldocirmn6w4cvqe	0.00660544546633494	0.22678921534977972	12958.086643892344	0.0
did:plc:53srzfvwge7awnlyg72vntby	0.00251366120223453	1.8245681212675076	421.85651393579553	0.0
did:plc:53verixueu3wcygykliiqkdi	0.00487087583939362	0.7033670878433983	1378.8848754148491	0.0
did:plc:53vyvmy7hb4n2z2rv5ljytdq	0.00767161502929798	0.4799481759722183	1907.731274808802	0.0
did:plc:53wxfuqck223xmtoc6togw4t	0.00790785628776798	0.6479839328786525	2036.6376991455247	0.0
did:plc:53x2aemv2hqmdexrmbskkczn	0.00235884949018462	2.1911667552520693	480.57526279967686	0.0
did:plc:543q3p2drzss3a4wrbo2dpmv	0.00421979425675862	0.5517143639957575	1056.7407989383485	0.0
did:plc:546epanfib3wouhjjjvpn4c4	0.00598042769327007	0.3764135163215196	5321.461273076526	0.0
did:plc:546kjo2ufjoahse3hbwp5qc2	0.0100356102407195	0.409572420382313	8938.38811511784	0.0
did:plc:547ap2oipxp2bulk6gpjnstr	0.00486734763908565	0.8903293947448536	1044.72634042655	0.0
did:plc:54a3i7pg35lvehka4hswggyd	0.00263574064333	1.7236070506912142	365.9047352069602	0.0
did:plc:54dcbcrnhj2qxa2tc2kv4she	0.00449582530606505	1.0173885442393302	615.6855283125948	0.0
did:plc:54e5yjwti3paq4wmvgvwbhcp	0.00638631160551021	0.6312390652855994	2500.9220112527883	0.0
did:plc:54ez2zazxkzryeheqzmgivei	0.0067796610183698	0.552234265105547	3037.31965005775	0.0
did:plc:54fsrhhs2337rhhkr7cgtzm6	0.00891049008006561	0.7125675585055159	2915.221817249384	0.0
did:plc:54lboxkg2pbthbsetdtqeujq	0.00286772613231444	0.1370957440218887	10938.726962324792	0.0
did:plc:54lvxus5zpnvtmtukgcga24s	0.00523623474505378	0.48651163906014316	843.377365585419	0.0
did:plc:54ngeazz7mz5a4vjfb4hedte	0.00562023283871937	0.7176104681800167	1450.5892116159807	0.0
did:plc:54nnvxm2pilyzclz5k24otoq	0.00803166104487997	0.9382009628197863	1420.919288497615	0.0
did:plc:54pmhcjgdxyjfkjkezqn7hdl	0.00442711078421604	0.8950023862354219	737.4483538045109	0.0
did:plc:54zkmqqahmjzrfemhomn6byx	0.00503549111275588	0.7230437744185232	1503.7294160684773	0.0
did:plc:555k4skhpltmoe4vfqm76sy2	0.00313607853843548	1.0423140622796336	368.15949157584214	0.0
did:plc:55awuhju5qcfi2tp6x4qst4j	0.00680898049459323	-0.318366840633624	19370.8834611478	0.0
did:plc:55bzyexdsyiwnzpz6agjqqtv	0.00584382476592624	0.7694745106353813	681.4384119885322	0.0
did:plc:55eicdyhdhrz7y7edeszwf3w	0.0062370062461516	0.4063841186524407	5092.31538965464	0.0
did:plc:55esn4kvz3xisk6o4nhipr4v	0.00644329897072948	0.4701963220999533	2391.3182630147808	0.0
did:plc:55oqseribxte4zfh5oh4ff5p	0.00334689591859231	1.1521342976085998	397.76775594216934	0.0
did:plc:55p7tyj4f7kz3bcoeteqbg4p	0.00219104800394615	0.5935349597594581	3481.8287226873817	0.0
did:plc:55td2fapuesxxvzipi7o2ovo	0.00302699658596441	0.616144159755514	3170.39067309341	0.0
did:plc:565x2hozoxcez4zoigtqhudb	0.00662251655781656	-0.411198024884069	18339.4522167985	0.0
did:plc:56dpyygrzgsh64descyrxw3b	0.00607164541789206	0.6657555266151215	4108.515516917145	0.0
did:plc:56ezrzxuzktvqmgz2p6qeqnm	0.00389883035243021	0.4867343861838977	582.2661760133144	0.0
did:plc:56fa3ia6zou6kj3tdr6rfhqo	0.013299556704739	0.06608695370717031	10736.468102909172	0.0
did:plc:56pkfet77kawunusvohcfsgi	0.00343671892797031	0.9646054581350315	1023.2867073120754	0.0
did:plc:574jqawyclriqd5oxtf45lr2	0.00834355828600235	0.466757989287814	4378.85822331283	0.0
did:plc:577xk4pzzdmsm776h5jcb32y	0.00512914453262831	0.5059446559722289	4856.296889897546	0.0
did:plc:57sj6vganntyyy7divo3a3tk	0.00574545454780099	0.640828690252426	2993.90587269561	0.0
did:plc:57uluwibuuny5bjwgbk7b7ci	0.00367180539468372	0.701196139915879	1070.138659267	0.0
did:plc:5axkh5dswpzndtwtjl3lljrh	0.00519839442058752	0.768998146486428	1385.11788319067	0.0
did:plc:5b3ft7hxkaixeavf4qcw4mjc	0.00293628808879121	1.4907601183334624	333.75533508377805	0.0
did:plc:5b4mo7bct4vjar2rncogztbl	0.00629991127062964	0.43919537796364205	4426.971484261441	0.0
did:plc:5b63zizldgknmxoxe4nnspku	0.00746924429352445	0.6087147648271481	2085.0434824454123	0.0
did:plc:5b6m6bmr3bhkkhd2ceg6dud4	0.00778265176639002	0.380726691420124	1137.2232483451144	0.0
did:plc:5bexzywwx7ha4hmnw7lkrx5x	0.00500375281532564	0.653432517558206	6470.12126364491	0.0
did:plc:5bey7i3fgdk7b2gbefs4gv3e	0.00748129676337848	0.6646257869565673	1751.3552401073432	0.0
did:plc:5blkr2tifldcxdc7xta7xi2t	0.00657420749435475	0.449870139620466	2328.36898967295	0.0
did:plc:5blxpk26zizqfbremgjyont4	0.00472783031007545	-0.0220078030285005	14489.2815371871	0.0
did:plc:5bmgxw3asosfrcycpmw5rm44	0.00865324103209675	0.435043705138245	3901.25886599044	0.0
did:plc:5bossztax4eia5banqyzfb5x	0.00715975594691491	0.5512254328048116	1562.7243879673356	0.0
did:plc:5bpbycec3yjxcjdy6nntlodd	0.00426411257280506	0.8451359329087915	970.3035187172039	0.0
did:plc:5bqephxrvig7w3sga7mixtsu	0.0045333596146452	0.6094918176701044	5955.236981783652	0.0
did:plc:5buczvgtyolflz2ynpqvrbez	0.0051567871659817	0.662653094617217	1857.32387280339	0.0
did:plc:5ccrc3n7ehibpsccefsujfry	0.00424145243907214	0.6069089419876622	2192.800742356437	0.0
did:plc:5cmrnt4wk7mgk3yybs7gzogm	0.0141718335002017	-0.153408896680342	16886.7267366784	0.0
did:plc:5cp5kziwazhj2mnobeqxcits	0.00528449027816918	0.513987547577756	2831.46826186976	0.0
did:plc:5d27a3ajitt3lcsgwohlsmvs	0.0047833427126007	0.140378721686412	5536.91264152261	0.0
did:plc:5d4lmqo2f4ape7n7csh2uymm	0.00337275919471512	0.8787476901911719	1748.0626564788402	0.0
did:plc:5dcxmkiolcsctkzpfb7tpq5m	0.0128865979637571	-0.0586822451728479	12108.1543548201	0.0
did:plc:5ddjzcazocqtz73kdljyyh3y	0.013548236415399	0.354662266947653	3287.94353450717	0.0
did:plc:5did2pamqmhp6fdpijorqtz2	0.00532006178195557	-0.294112471344389	23528.2659327861	0.0
did:plc:5dk2brzstdudh2rkdcr65c4v	0.00596266369504175	0.596019923106031	1876.68849257933	0.0
did:plc:5dlyigvccm364dlqtwtlxleh	0.00894749235061219	0.6502900951373579	4869.6325025128235	0.0
did:plc:5dnxqkrgimpaveaozohmymfm	0.0041269196944598	0.7494009916934162	2628.3569594524643	0.0
did:plc:5dplfndn2q6glmqipr3oxft7	0.0109626584450061	0.521130220193637	4732.3161220747925	0.0
did:plc:5dsmlvkl7tt64pot3tbpxclz	0.0134265734492122	0.601972466853213	4856.83000031587	0.0
did:plc:5dtfwito3i77da32ipqm3irt	0.00607054963283039	0.369273774368988	3459.00286229588	0.0
did:plc:5e7acxlergqjgqelzedjpvri	0.00523187890548497	0.779593131726933	1075.5892371875677	0.0
did:plc:5ec4agvkntukrtfmyif6oith	0.00266666666686829	1.1882965079157617	682.6518349814224	0.0
did:plc:5ecljxvemhc3maviglqwxogx	0.00866807610994199	0.281782452402156	6074.91672246913	0.0
did:plc:5ecmmxognumrg456ssxo23ik	0.00756835938009256	-0.412702657430064	27502.3795728409	0.0
did:plc:5ehq4c7tlq7ya2uedl2zdloz	0.0102996254782186	0.22422967070746833	4620.8783085495015	0.0
did:plc:5esvysnhta3wlio6pkj5h6zx	0.00567231474123404	0.32763181936926217	4590.703111377695	0.0
did:plc:5f3cl5iwplqweegltcapcc4t	0.0068241469830201	0.503937598570306	3471.32443365364	0.0
did:plc:5f3m2vp6f7eabolb54ifz62s	0.00313688015467955	0.8624848408222094	834.8385818027311	0.0
did:plc:5f5upoflpxmcwcmu3hs7q7mc	0.00901559454491363	0.730367210285383	1884.92265676101	0.0
did:plc:5f6jdzjhtc7d6kzwt2n6vaat	0.00755792343467646	0.575556050470677	3804.12834985208	0.0
did:plc:5fb5yuyz7a2x5au3rx3jpfqw	0.00760608487291094	1.0220339461273877	1091.284174715645	0.0
did:plc:5fg7uzo2bqhbnqe52if5drch	0.00295930279914934	0.8853798969737076	730.4762535701875	0.0
did:plc:5fi6h2pag6wffy6uvvgazr5e	0.00572776280560303	0.567800708973158	5133.54686753709	0.0
did:plc:5flzsq6chucxpymu2td47yrb	0.00526393831860173	0.519878572714926	4182.69040726835	0.0
did:plc:5fnpyokjc7oeahehearhekn2	0.00789022298905321	0.508877647790634	4624.41063039622	0.0
did:plc:5fw6sd4uiv2ezmfgahuurdbt	0.00205039658996181	-0.381277695947872	21832.5719574206	0.0
did:plc:5fxh5jlny26wt6is6yfsoc5k	0.00327288810271515	1.9804523747452107	193.763869309045	0.0
did:plc:5fzy3cduilqm3d26fpg5i6my	0.004484614324167	0.7683895360967862	626.4299504830526	0.0
did:plc:5g5emzafsphrue22wo6rcn2y	0.00665921106290694	0.422803647276212	1898.2743863663854	0.0
did:plc:5gjrumfxxivkric3bzf4lvx4	0.00652631579744505	0.746465001040201	3133.40312377146	0.0
did:plc:5gkhl5bqr67nl6gclxkjos66	0.00904704463505878	-0.683984973778983	38626.4501930314	0.0
did:plc:5gn5h3lrqxi6dppq36si4daw	0.00705135738755827	0.7915829453764147	959.7299469335783	0.0
did:plc:5gnxfk4plh6765gc5kfbtwcr	0.00569210866801188	0.7489927171086115	3432.4880210316373	0.0
did:plc:5gtlaarppkkhgrqdysur4q5q	0.00221559887117311	1.576684665748133	343.3503565251199	0.0
did:plc:5gy33x6yvhbe47lhrtkzpde4	0.00738089912881063	2.047458588724639	1302.1836624288703	636.0
did:plc:5h5hthgrc7kfiuauwrqx53bl	0.00670367654907653	0.40276945145557	3363.26197921059	0.0
did:plc:5hajgozsjahpjgjcipu5dqs3	0.00301580017059483	2.312777332681306	214.04115753196143	0.0
did:plc:5hcphcc5ocxkpwlmel36a62o	0.0051839052087188	0.8142194249319034	1269.088672737088	0.0
did:plc:5heg7wf4i2bwykeaxn6yi72j	0.00425775292346757	0.8125963365961321	738.3084374679597	0.0
did:plc:5hjosvutkjfudlaougquxlz3	0.00729335494350172	0.8408500931333043	1501.259393858863	0.0
did:plc:5hphh6chun2xikrkl4ptl724	0.00827328529879443	0.654331707690576	3416.87035317633	0.0
did:plc:5hwkohbef2cl7mjjl4vc7fva	0.00454610029929584	1.3327957057342008	472.68453337336035	0.0
did:plc:5i5sltqq276e2f53go6mj7wo	0.00710953121651594	0.5798155535364855	4857.468686286327	0.0
did:plc:5i7st4xna4pimv52r3pcjhwh	0.0131819846449434	0.8528909632759653	2987.0607913509825	0.0
did:plc:5ijwnvltivx2unqsepyqf4gp	0.00662780484061755	0.8301574290629583	1269.9957663542054	0.0
did:plc:5iolkraur4grovkjconew6wt	0.00341530054645179	1.6438568707376249	624.5598065213322	0.0
did:plc:5ip66pwlywudmckkz3txxxcs	0.00535866520579256	1.2733801639072706	1231.06542309147	0.0
did:plc:5irfozv4u3mmzyafsphhubck	0.00400981996867504	1.6561610190671279	414.34366477370145	0.0
did:plc:5irq4bzxk6srn23dsyswisd6	0.00317386366956863	1.3807490905271633	367.5690144628632	0.0
did:plc:5iy2am5mgrcdn66rrrmvqgw6	0.00382221786674487	0.7014016197071674	1142.3491710143958	0.0
did:plc:5jfz7yz33ymbfgveuffa5aba	0.00307544449847962	0.8817922634327525	1019.6319488858412	0.0
did:plc:5jjj3otaogcbz2euhmrm2bfs	0.0045126353800413	0.3672011424438671	6494.083892788605	0.0
did:plc:5jlk3bup7jysiog4y64oty3p	0.00521861777213791	0.5632542993761198	6335.671202255482	0.0
did:plc:5jotthnaxi2oykgzwzbvhaj6	0.00386797318236732	0.8326955693681699	600.1975303083799	0.0
did:plc:5jqjsokdvbmhviv4ugvsaq6r	0.00433970034004466	0.7077019901529015	594.1639250739008	0.0
did:plc:5jsan3ebfchkb7udoh5zt4i5	0.00707200587828092	0.645614814044192	1804.19553324343	0.0
did:plc:5jtlnuoybbyryz4txip3a3tr	0.00246761258487591	1.6673128668962494	220.46231285744875	0.0
did:plc:5k4ljtcmxsukiqupgovpdw7c	0.0068027210898415	0.7573110276154912	3594.7969757083974	0.0
did:plc:5kjtapyh5kqknmtbzvawlalh	0.0114335971929175	0.44157428405217314	4967.668351469254	0.0
did:plc:5kpy2q2h6gn7zeq44vn66gfy	0.0161182001473907	0.325149750333755	4634.45106142486	0.0
did:plc:5kviy4skdavjjaocdonkei6y	0.00442988760442075	0.5614821119511775	621.2073616450482	0.0
did:plc:5kydynj3pme74rk5ynru3m6d	0.00453490059594423	0.6781281287084475	859.4723248404028	0.0
did:plc:5l2logxpzwcyumprmsnmcb3r	0.00741115041375153	0.6096160772852429	3399.609870254987	0.0
did:plc:5l5oqoluiygqxgb6mecpkfuv	0.00592718035776559	0.6697753261691891	3562.169087237335	0.0
did:plc:5l5zlahhuc3pvb5nkthym4ox	0.00285253627698281	1.8842024570657796	279.01189897134293	0.0
did:plc:5lgwp4slhs7knfexb2pmzrti	0.0108912409963793	0.6003067200489852	2094.1494071860056	0.0
did:plc:5lk5ubmt6srbvsufhxp2av3j	0.00656489757334492	0.721443863085159	1959.10633902425	0.0
did:plc:5lktscfkgkg7kek57czn74pc	0.00511668538691503	1.0063258575086067	1229.0246387327031	0.0
did:plc:5lnitqbbubkabysizyvh6od3	0.00958987961889806	0.5046962146823661	7699.274421819082	0.0
did:plc:5lo4s5fvxjxvy6j6j42xbgtl	0.0036817169933456	0.7371589944924866	1517.6752706199295	0.0
did:plc:5lstbbbvu6h5yzmksjtodqvb	0.00355898272451184	0.7717353707657736	1975.0906985682236	0.0
did:plc:5lytx5oveushe4xpd4dnqn56	0.0022228897566866	2.4824605567933284	140.76780210138105	0.0
did:plc:5m2d4qp2phyzqp27vfpcsysh	0.00951315054438892	0.5696791970150786	3545.8594656671557	0.0
did:plc:5m3yiyxd5rdqq5w36sy3k7eh	0.0040481680772067	0.29470753215182	4530.61827772092	0.0
did:plc:5m4xk4f4tuezjnaw3oiknqfl	0.00641123492764805	0.9398879739786989	2132.458889837045	0.0
did:plc:5mh3aa2joqedq3pukxekkg7b	0.00360962115884195	0.5689252696405244	2469.9118779295245	0.0
did:plc:5mnnd4jmfwz2iazeumo3sdjb	0.00398910293860103	0.8279764189379062	438.96807794104154	0.0
did:plc:5mqxnepnizesippyzpk33sxl	0.0023676156378717	0.3326859643822803	10708.445122038582	0.0
did:plc:5mrvwpwtpd5h7wvozn5hl56w	0.00350647348994548	0.7776179332927734	577.2648611131691	0.0
did:plc:5n6ohdgwfytiuqostnrb7ssd	0.0262112788685772	0.253963416993387	12942.3067987587	0.0
did:plc:5ndkgdgr4ez7pvjgljzmll2r	0.00307986152573366	0.9092128927081791	706.2994680142093	0.0
did:plc:5nia3gqtr44pefvrqvgmypa5	0.00349340424465679	0.792385478952252	2164.7255470023206	0.0
did:plc:5nkgil53wff5b3yku55if3a7	0.00845612436437055	0.7151066925731844	891.1674594059114	0.0
did:plc:5nlcrgrgu7t2j7lkfbqeofmd	0.00445284037344016	0.8472204585325603	1208.4995908501028	0.0
did:plc:5nlnqrrr5453eg7gioes3vbq	0.00770618134602584	1.0270768994929058	2718.36907271016	0.0
did:plc:5nlz5usgiz4csvib2ho5g4d4	0.00908193484992678	0.541474825784097	3251.78142255465	0.0
did:plc:5nq5ts3m4lwnkglptm72acqi	0.00572956455546023	0.555564745493734	3728.52876508857	0.0
did:plc:5nrdo2hb26z4c5aqvo2equ6w	0.00341936907171627	-0.78445134622824	39265.3764238572	0.0
did:plc:5nv3tbmqwdtlnx2ixtryspwb	0.00353595335822152	0.833733339147142	931.7324060090249	0.0
did:plc:5o2acmsdiufwhubmd34kwyii	0.00234593837541108	1.5618127566092033	362.06415958561365	0.0
did:plc:5o3a2y2vcfade6uljs6i5bs2	0.00373993095547002	0.952198907784353	1283.5417800168595	0.0
did:plc:5o6alvilmcam7y6am5tedh6u	0.00862553909962531	0.9204693108609091	3219.776342106874	0.0
did:plc:5o6k7jvowuyaquloafzn3cfw	0.00787888151231179	0.700946454629063	1413.66443800345	0.0
did:plc:5oa323qr4ompmiuaoikoo7xo	0.00607453620293371	0.32434414630277036	6062.508036573317	0.0
did:plc:5oghj2hn3p5juy5qmyjc3btf	0.00709316601356126	0.35943537364548456	7339.994791921108	0.0
did:plc:5oqd4uv7a44vos6kppnr7qn2	0.00421595513920421	0.722025227869362	1576.81498704787	0.0
did:plc:5os3mz5zydkruc3i2jdtch6d	0.00481317289504146	0.6990862151897042	1415.1854472347834	0.0
did:plc:5otru4lu3y4arcq342icbt66	0.00490333426806205	-0.239399186790457	21720.0128900696	0.0
did:plc:5oxmmejbvv3tieufrfrdurjs	0.00440602717716093	0.6651069918969074	917.7256734692645	0.0
did:plc:5oyqmlcgei3c7dpr7gfs5er7	0.00802021534156294	0.475750400280295	3178.3330662547	0.0
did:plc:5p3b2jsyngianwftdzm2fvml	0.00501408063811662	0.7165240286098363	2261.8427982063513	0.0
did:plc:5pfmoauh5p4sywxxxgo2skba	0.0059649122827958	0.679398266368536	2699.20233011646	0.0
did:plc:5phj7fir3fmdcseokddcabrj	0.00974608875257663	1.6811860939824326	818.5630920360271	0.0
did:plc:5pjqovgypv3weuv5sknjxyrw	0.020183486271792	0.150017884766921	9095.28243061588	0.0
did:plc:5purybjxovwh56turoxf3xfc	0.00268694260252931	0.9435857869549008	853.7113815321226	0.0
did:plc:5pvoejsm5jmxp242pph7tks6	0.00986378582638875	0.577515884333469	4006.96866521863	0.0
did:plc:5q27fpj4tqh7ljo2u4crtero	0.0033801352058861	1.2415774884497395	578.4431769299855	0.0
did:plc:5q6ntevrjefzdgzgzmuw2esw	0.0106973873778239	0.392468665675695	5954.20667016567	0.0
did:plc:5qdtely673aduc65k3nws64q	0.00548856548910477	0.66900177828151	2694.73297841246	0.0
did:plc:5qevs3uodwuvimcazjsvpzgw	0.00266267265788274	2.383045971247664	128.68448244737385	54.0
did:plc:5qf7zstydefozd7v44kb5zkb	0.00595466769323063	1.1016857258914148	1433.1397779220913	0.0
did:plc:5qfwjkbwyrkgx4a45unwmay3	0.00535385645030557	0.111005906057142	13124.4440021183	0.0
did:plc:5qi3n7oix4a5kkni55l4xxgg	0.00771264874875022	0.6979769001047175	3037.8751852477517	0.0
did:plc:5qikmb3ydf4567sshkjtmnpr	0.00270531400985442	0.645722029155682	2464.36691436491	0.0
did:plc:5qwi3qlql6ssbxbbbk7qnjkm	0.00599895670524025	0.8018403426672367	1063.5917914774504	0.0
did:plc:5qxzjczd3fuqtb36qosuuqqr	0.00539456393998327	0.5288117604678234	3676.7891677836187	0.0
did:plc:5qyxveb46rayfck7lwlsesl3	0.00747463962087791	0.33220361806186416	4672.441251746786	0.0
did:plc:5qz3j6weqeklnxvh62asf7rt	0.00330155432736478	0.6203346452107191	598.0044581208062	0.0
did:plc:5r3hmamfhd7ozrrlehmgkwq3	0.00333420038317808	0.7330092954298605	870.4425391547189	0.0
did:plc:5r3tj4s4grgohrzpfrc4iofo	0.0198830409426309	0.368551252932977	6128.106289802146	0.0
did:plc:5r7ukjgitetqtrbhocdyscde	0.00421422882954887	0.6363580413735441	1638.9687114701258	0.0
did:plc:5rghgs4bfadepdq6b7c2ankw	0.00562708631428152	0.45461303678586	4685.72471780516	0.0
did:plc:5rhhrhp35bcyqieoniuqsw6u	0.00389354098916112	0.8168490899124777	989.4342913878955	0.0
did:plc:5rqgu4bzyuqx5cubf6jw2x2d	0.00265610905102108	0.2935963403043549	7121.704973301217	0.0
did:plc:5rtg6yo7ved67ik6dac7wsw4	0.00504540867879977	0.8223564940729019	6485.22564414381	0.0
did:plc:5rutlc4whm524uv7f5m7urbw	0.00568571708665703	0.47407594195777614	5147.364398496481	0.0
did:plc:5rvt4bmoabhpfwjagakdzi24	0.00635751683044702	0.608458320452161	1769.00529060123	0.0
did:plc:5rwv4xset3oqh4jsaepw5dt7	0.00432107807347897	1.1768241326739428	936.8413002038875	0.0
did:plc:5rzmrysdhv5egnwli2sos636	0.00670640834722074	-0.383119420593983	23622.8537565107	0.0
did:plc:5s2dizud72zkkkgaaqngdeaw	0.0086617583403311	0.41302414923542285	2441.1200633980843	0.0
did:plc:5s5gmrhbwpquxgcjlxhha5q4	0.0173025732137586	-0.136658419168279	13509.9856977563	0.0
did:plc:5s5qnraguueewexrf3b7z2lm	0.00927123761621746	0.833450614474343	2216.491195143089	0.0
did:plc:5s645pe33qsbzom24skis7b3	0.00323969084104028	1.4377403787815792	545.56471165577	0.0
did:plc:5saf4zetbpcyh4f6coz4q7vb	0.0176348548216718	-0.108101737265062	16274.4228713221	0.0
did:plc:5sgjfqxlwfl3tfwrmc4n6q7a	0.0062077272398892	0.1905043680773333	5085.854113793627	0.0
did:plc:5sknuvm3ffzl66tcwqhf5npp	0.00499926481471459	0.110682775518952	16211.2917401318	0.0
did:plc:5slninfe5hsipkc2dkpw34e7	0.00319451364262934	0.8300786830084895	1171.3397174441664	0.0
did:plc:5smntwnus3h6wkwxsonzxfdt	0.00262325437873266	2.6787090144313646	163.5925471560716	0.0
did:plc:5smofeebkwkdhtlqowppadfn	0.00768180266789366	0.8862278703717642	1961.3958537911753	0.0
did:plc:5smvrfqltwr2tnoz3uxc4ukg	0.0104199558038352	0.05355199371826052	8211.870146170952	0.0
did:plc:5sqdrfesb4lbg7rjdnzyp2i5	0.0126362735435904	0.08720156318817801	8375.673762354672	0.0
did:plc:5sqdt47s2uzoxpwiutidbxdw	0.00372011598010064	1.0208720454588844	1044.5514665322949	0.0
did:plc:5svfn4yzi3nuam6xfvrndnya	0.00345817339325905	0.6235561142215531	2434.9259790160518	0.0
did:plc:5swurcqxykib7v3g42tjc45c	0.00376565720662061	1.1418964551616715	885.6812723061576	0.0
did:plc:5sydq5nb725z7t2xpjr7lv3e	0.0116468039072694	0.549806013959813	4428.46717659006	0.0
did:plc:5symo2h5ttydqnlcgn7bnciy	0.0122900450646801	0.783340429562471	5571.793282643162	0.0
did:plc:5t2srudtfik2i7reugd3227a	0.00395214119459909	0.8374734276205991	858.8343936613268	0.0
did:plc:5t3hwtsnt56t7rgxgdh2b4jd	0.021080368935645	0.492703780819699	6731.84349236642	0.0
did:plc:5t7azzn6p2ynh4u3d6g6jvlz	0.00930738548445034	0.6025781126845003	3177.721446970274	0.0
did:plc:5ta2uqyhjhwz6e4jwojwvak6	0.00479505027150224	-0.0980399333850356	21539.4569436363	0.0
did:plc:5tc4t2gmdokhknrned3s3xne	0.00435454417777164	-0.32557071126189	25104.7087853976	0.0
did:plc:5thmqlf7wcqvfmgnly755ibh	0.00515443789619271	0.7147634165392415	1618.247311132174	0.0
did:plc:5to735n5opwthiuwk5rqmady	0.00502548131440859	0.7472385621463435	2278.8305901151352	0.0
did:plc:5tqnkcuxmnh3z2tz5snv3dgc	0.0070329670329772	0.5741879032017	4696.40230001148	0.0
did:plc:5tvka4qrb3ggdf632ivmljvv	0.00404608421368775	0.19683764196027	541.15518514055	0.0
did:plc:5u2wb25o4ivfo7siwgvhfymi	0.00571270105389473	0.8096974238604224	1306.3304547997063	0.0
did:plc:5u3rn6pm7nsjaajqxtc4vr2l	0.00487736900857649	1.0509801943268988	2807.9685112402726	0.0
did:plc:5u6f3qmam3opr667zwa7bbz2	0.00680045336496511	0.5745207745708379	1096.6256308913262	0.0
did:plc:5u6gkvb5afyoyfdy5dqcglgv	0.00214670181364799	0.7900710920198607	455.54725896456443	0.0
did:plc:5ue4awdhrq7pvj2eql7ufaax	0.00851970181114904	0.5346724281077875	4094.8035655301514	0.0
did:plc:5ujaiiybqq5hyey3kafiutea	0.00828777995234909	0.6392873737732228	2176.3433288536617	0.0
did:plc:5unzsuu3jkozr2sq4v2el23t	0.00388733547178072	1.0295815808666273	1071.4941013805233	0.0
did:plc:5uo5oahzs442dy5z2ri6rljw	0.00365125027698597	1.6133574150643073	323.7330157421612	0.0
did:plc:5uqnplhpspduaxhcyanwm2b3	0.0193487495988882	0.230410433387669	4801.18281683498	0.0
did:plc:5uu74muvrkzhtezrtuaypxbo	0.0214776632578383	0.7037695296076315	2744.311767176857	0.0
did:plc:5uwosoys5wbobj4pih7ewjq6	0.00320701025351159	1.0252527533869307	923.5557075071964	0.0
did:plc:5vkeevx5bdenwyu7esenihhq	0.00300978179150726	1.529454906545065	346.93204476712083	0.0
did:plc:5vu7lgokbc7tgizmqe3weyq7	0.0038684033077252	0.8172026717265745	1172.3492592842226	0.0
did:plc:5w4fgclfutmwymmwwp5ngsdz	0.00490847735018008	-0.334193843788622	18770.0989289243	0.0
did:plc:5wi2gkji4uemb4q2uc4tmwgq	0.0139400315825589	0.399954950579456	4101.99720480787	0.0
did:plc:5wlvhacjy7owpbznyf63cdle	0.0020371479928295	1.9701022373418304	271.29144898260034	0.0
did:plc:5x23lphexynrrkqlnikuj55z	0.0108288213330941	0.405177643677956	4383.03344863077	0.0
did:plc:5x3xpc2mbu3ojblkqlb4jvxw	0.00549019607843224	-0.193349990903211	15726.5625940426	0.0
did:plc:5xg76vkcb5oewi5alerz4hc7	0.00459847196701129	0.7715976238456295	569.2313075142768	0.0
did:plc:5xohikakghta6heyrtxgpja7	0.0116197183168524	0.8101069480730377	3779.2346586842277	0.0
did:plc:5xysp2owutuscojhsl6ffcj5	0.00557643350760563	0.0890600414957887	10543.3584404016	0.0
did:plc:5y2ea24wbmo74vwlz3bmbu5x	0.0100655430819356	0.42937363596273476	1656.8896373772693	0.0
did:plc:5yfyvgebhrvwm25thvq5wz7m	0.00351328191987539	1.2696479861268108	696.604856681482	0.0
did:plc:5yp4bp7n2sirxat56qrlgqud	0.0041592695917318	0.5811100685234847	2322.8256717276813	0.0
did:plc:5ysgjhapoi26ft6cophixoxb	0.00331730769240902	1.4050671069413319	736.3389928265229	0.0
did:plc:5yu7wbivp3ooqlk74okrjbwf	0.00459707950335962	0.7298086036463526	2332.6975096591927	0.0
did:plc:5yug6p4yqxdcyle52btipwbc	0.00498250821945811	0.8471647328380464	828.9183064416999	0.0
did:plc:5yuybb57trli5f2bi5wespb6	0.00211509117562317	1.3727158332403835	380.1474959782673	0.0
did:plc:5yyq2zb6uv6bt4fl6sov6cdq	0.0141304348020238	0.19620609453008186	4577.778938824605	0.0
did:plc:5yzi3gisum7j5sdpsnavjqmb	0.00295726748498926	1.9728682738751293	474.6717214861635	0.0
did:plc:5z7djrwekyyzw3rfdprzuboa	0.00280269058313176	0.0658287062984141	19935.1775622478	0.0
did:plc:5z7r6v6iuj3txbvyuheywxf3	0.00448708030426185	0.6596552574802846	905.184507443852	0.0
did:plc:5zd6hnwqf2x22pmchtqvnqqd	0.0137386729237875	0.193923928494988	7597.78714425898	0.0
did:plc:5zdqigb266tey4k3bizaylkr	0.00566256896767661	0.4649835100328421	1200.2081998696747	0.0
did:plc:5zeugn36uiabjrjxk23igl6k	0.0027434842251499	0.637837469485393	1648.53920393695	0.0
did:plc:5zjpn5q2te5ye6gvlcfsz6xc	0.00545914262783239	0.842170619412643	1316.5593330998988	0.0
did:plc:5zngi6urpjzmmz7tcbizswji	0.0083025830296808	0.8307952409270505	1802.893482852302	0.0
did:plc:5znplek7uvkye4giz7fy7xet	0.00487025948181407	0.9514239569319666	944.3403201646483	0.0
did:plc:5zozjum7ztmjygfrssep25ob	0.00627333831397042	0.6984497199959194	2134.5500190276257	0.0
did:plc:5zshz3tqxkwskvwdmf54g526	0.00201224025950304	1.0582000886641643	528.6677969198462	0.0
did:plc:5zvbn6ftjwoc4gk5vfau7xjd	0.00791382721922276	-0.335930165371504	24381.5740888076	0.0
did:plc:5zyt5csayy2dkvikkapodwk3	0.00789928413185102	0.7705646613707511	2064.964884934667	0.0
did:plc:622hbh4plntc6llu6jehch3x	0.00531495027160452	0.7271161449983052	1308.8658776667778	0.0
did:plc:625fqqtmshwrzvx35hz7sgnc	0.00455774020975864	0.8786582211685134	1144.2165778584192	0.0
did:plc:626ln3owambizikniis2h3vr	0.00244349419675468	1.2633515154260488	429.6246606803584	0.0
did:plc:62am7fnjmmbjc3a7uf2typoh	0.00753860792435136	0.49123708134908706	1863.271604633769	0.0
did:plc:62cwhduyhqtlv2k7mj6qjnkk	0.00787815126501561	-0.0128783479524222	18038.0224352371	0.0
did:plc:62g562ncukhdq3n2nh6y473p	0.00832789027161417	-0.12916629035391	13554.2184296746	0.0
did:plc:62qrz3ayevouidmwltftalxv	0.00427046263368404	1.2745422306661225	744.1259160717253	0.0
did:plc:62snaptvuorllzziz7timhcm	0.00218805781086717	0.7694795885026213	3139.5716073446574	0.0
did:plc:62v5a5jgjbwddqygpvxkg6mu	0.00640239749521909	0.5888470527643224	1753.3903541066556	0.0
did:plc:62yyz3epee33hwweka7i6vxu	0.00693468278644525	0.674316565608744	1462.24375840636	0.0
did:plc:63brwxubtacki6oq2m5yvtlm	0.00934579440599678	0.602087430965206	1556.83939934075	0.0
did:plc:63ccwdeswd2zpikyb6utp6g3	0.00694904037193392	0.6342934933794853	2045.6149617712003	0.0
did:plc:63csryd4uahm7atpozy7jiut	0.00344901918561804	0.14183987992170796	15585.10353292368	0.0
did:plc:63fdlvnklnvoykeot522eunh	0.00216162511252452	0.9005220819458944	693.9264030402744	0.0
did:plc:63jl2kbrry5ocbpy4jwhoi4r	0.00288518936143578	2.2121806938267725	105.61042712878694	0.0
did:plc:63my4yjxvgufoeuoh7ved23k	0.0089455652842084	0.6412783254762083	2340.7217568418	0.0
did:plc:63qv6jgdfjms2eflhu3it4ko	0.0101431981012201	0.34337888181385373	6353.120499067809	0.0
did:plc:63qzp63fz5q45anhnxhoxhl5	0.00885739594143767	0.7231954078932675	3012.5213861578436	0.0
did:plc:63tlschoqosw5pzzjvgbsnhl	0.00325834585294712	0.8399869488289702	560.6977751212066	0.0
did:plc:63wlx76nqd2moegwgtlt34mp	0.00476920456563755	1.0492577492416364	802.979022358478	0.0
did:plc:643dr3zj6xiokvsejqfcf3fm	0.00368753762829974	1.554618825174802	326.82086525271626	0.0
did:plc:643ibgmrcdkbmo7hzmeu3d46	0.00646067415894722	0.7539969381829031	1742.5682062413216	0.0
did:plc:643v7wgplurjg4jabk3f3wc7	0.00620966760199971	0.6387926755546037	1891.712746076705	0.0
did:plc:647bc3cgr7j26j2ubjmgkmst	0.00598035027973681	0.6782210246520232	820.3898062980624	0.0
did:plc:64cgbj5k6iqrh4kyjdjb5dfv	0.00456265695280961	1.0154883880781673	740.0391897029383	0.0
did:plc:64cingv63oqtzq5q6wwyp4qp	0.00299590559571378	1.3918322148094222	461.2052106552428	0.0
did:plc:64pfa6aeyiv7mnoi5aiitlqy	0.01023778072358	-0.118878834622498	13645.6197389303	0.0
did:plc:64qpx3oehhoszwuwehlaxhet	0.00787789266822432	0.5165917736920675	6735.910202015088	0.0
did:plc:657kftv2m7vu3q46guqltamn	0.0059114874584908	0.5681286468850729	3714.791119209543	0.0
did:plc:657rweawrx2aags4ju2joe73	0.00675087108157844	3.246309228747162	409.0349628221424	126.0
did:plc:65axsw3ggtb32e3e73m55pb7	0.00624809509477871	1.1541569740219721	578.600210914087	0.0
did:plc:65d7yjp4wdojd6fhvo54zglp	0.0048232883736866	0.9019424963297954	1136.6249396217936	0.0
did:plc:65gzblptx5g46cgwt4yle3zx	0.00507991574842133	0.7775442817875885	1349.9239409651766	0.0
did:plc:65iwcvdzddkucnej3ono3b5y	0.008038057747028	-0.113583779621505	13375.3054878869	0.0
did:plc:65jkvxmsve6xzeo6yhs53pj4	0.00816356018321672	0.618212380388074	2053.03479126155	0.0
did:plc:65lymkauwg7nw7dh5gthkrkm	0.0049559471372998	0.5835193950957956	1209.6106892787247	0.0
did:plc:65utbp54mhy42aw2kzdbuhb5	0.0102149111273142	0.7469665001370932	2244.3412204860656	0.0
did:plc:65vy3r2sw5epycnx3k5qghoa	0.0070022562890217	0.5132382307459834	1355.8651908934019	0.0
did:plc:65wtjjd3l2egkpkhbzvj64zr	0.00578196400491295	0.6973300142276513	2549.1769164841767	0.0
did:plc:663wjbmv6qudojh2wvofts3t	0.0029166009776072	2.101394269700162	440.1193129358806	0.0
did:plc:6665k52re2jhe25opeuk2ytx	0.00444077248889463	0.8811179467446307	616.7126958344759	0.0
did:plc:66harbcoygkevy3kvnlg2oyi	0.00459164932136513	1.0304282021568258	1667.695342280692	0.0
did:plc:66krx33frcd4uvwb4aztqjpa	0.0110515740201883	0.5686389595792636	4774.238379396053	0.0
did:plc:66kv7zwla5l6epo2k3rvly33	0.00610324659006898	0.324546582913018	4427.576745047	0.0
did:plc:66mywoe5kmpfuxaokuo4ivbq	0.00707376930975232	1.0142416773394696	1493.1071141970094	0.0
did:plc:66pn7uccnojdt4av7hgqar42	0.00835987261523644	0.509522405703263	3847.2844602857	0.0
did:plc:66tl4tfejmil5qzhs3jzeef2	0.0157639450310893	0.32277128863586657	6798.034737302958	0.0
did:plc:67a7ecu56kvfkuy73brkou5e	0.00481818866621002	0.9846042650168871	1732.3124240903671	0.0
did:plc:67gr7akuok2qk4otz7zycdgm	0.00278633230696519	2.327988068711018	357.73351132354463	0.0
did:plc:67h4h3y6oxe5ithx4u4dgeli	0.0066886390074264	0.8262080148818668	2123.9293042764652	0.0
did:plc:67s7qfwyskbbu6zdwfiyd4sy	0.00371790403195781	-0.286325524414513	24675.4296656706	0.0
did:plc:67sjetcan5vcnon4p36wrjrv	0.00603821837240928	0.6565743998782247	921.6213447068998	0.0
did:plc:67wdhrsgstmiyixg5bs6nptl	0.00781738587078449	0.5599294190302938	1751.9324571140871	0.0
did:plc:6a4jsuauqfbblp3m5hjiodw2	0.00668764752311715	0.8314918801290961	3405.7921497055418	0.0
did:plc:6a5ddqibagk6buuzjaooskui	0.00690250215837743	1.3091039257394244	2496.7763283729896	0.0
did:plc:6abjeq3brmxmqf6fgjraphrj	0.0113773256595137	0.26013424908363086	3319.310487476134	0.0
did:plc:6ad33vzuolwszi5lerty2ter	0.00483164729054309	1.8786704866145512	930.7538531997428	0.0
did:plc:6aepvofmpvkzd7utablrr6bj	0.0121141070792447	0.532987032084806	4164.66141164641	0.0
did:plc:6ahicaqskmqouvnrots54c22	0.00450450450548985	0.9385936653803411	1337.2336445771984	0.0
did:plc:6aifpf2xnhxtzqhgergp4732	0.00455643769511775	0.8327330101468785	770.7162878737876	0.0
did:plc:6ajjglrtalchmc5t7o533jc6	0.00367187184771141	0.8870801497615328	1178.927698696672	0.0
did:plc:6ajjh5c5wjafluljzfosatf6	0.00350455248281843	0.391253306100373	2961.93903888685	0.0
did:plc:6alrk4ht2oypre6zznmx3evp	0.0081889164008909	-0.106890370054914	16812.5690044816	0.0
did:plc:6aqpwq37crv3w5iec6x74gf4	0.00419319770175191	0.8374184528246557	1409.6869185794449	0.0
did:plc:6asljeluo7xl2p3xanrly3dc	0.00336223093921442	0.480662326514085	2543.40504701498	0.0
did:plc:6azqvvt5mtck7axo6uspiuph	0.00330983123359476	0.6719651176728928	937.6643935710192	0.0
did:plc:6b77l3ndzv2o7alhbdfc66zq	0.00662721893643314	0.6234714897450027	574.294076171728	0.0
did:plc:6bbjc2mqsh556ej326w7ckx2	0.00325527669862685	1.3755686151311153	330.67801941662816	0.0
did:plc:6bcjyug6eeql5d5zqcwc3ec7	0.00510380622904653	0.502229624946297	3852.78670822397	0.0
did:plc:6bco3c42en2jrgwhdiwhqp2j	0.0102739726031449	-0.348673312099664	25000.9755947461	0.0
did:plc:6bijydauv4qdwp57c4oijbrh	0.00332773378179922	0.6960854719130256	720.3437351791209	0.0
did:plc:6bipjyijficrch64bbbmedwg	0.00641641204881943	0.6399209289940087	800.8673248316223	0.0
did:plc:6blv4fwqrb7xpwetjwerof5o	0.0080757449220365	0.45342914176568166	3649.1695482595105	0.0
did:plc:6bodipwfzp6tqjmezafzhyg5	0.0265060244632841	-0.127507159765664	14450.7582126505	0.0
did:plc:6bsmq2qo4rpi4w7woet4y2g5	0.00481772924441879	1.7531629401690303	504.4688013006023	0.0
did:plc:6btcayru3q5shdvudx2zk3kq	0.00543204908974012	0.806045586551336	1382.69852574275	0.0
did:plc:6bw4x7zszluecbkdfga2evw3	0.00480404551281939	1.439261100922489	845.6288853884579	0.0
did:plc:6byifmqcwvgqiitwz5wyysvz	0.00572038006640537	0.8579114713649191	1442.6158993576992	0.0
did:plc:6bzgcjmcscq376j4t5b4zed2	0.0102347983245153	-0.157577286871933	19894.0831096595	0.0
did:plc:6c42wnioe7vzoh3zbtaljzaf	0.00232132494091393	-0.17952727145292	13414.381439337	0.0
did:plc:6cbpeath3tv7xxgq4dybpxa3	0.0078855675819789	0.6872331346457711	4745.457647493805	0.0
did:plc:6cgz4ltjt6p7bgnxkpil7h77	0.00697188008496797	0.497583626867044	2793.26830954857	0.0
did:plc:6cpczazx3tkrcoaqddxscxsz	0.00555555555607531	-0.0824280215875348	18441.6139986424	0.0
did:plc:6cwpvftutxbx23soo6pmbrqe	0.00636356666583205	0.20214813066373963	5317.559910600629	0.0
did:plc:6cwu6tswj5nxngauwe53wa6k	0.00814475226386552	0.4490931591381528	1715.1189407614622	0.0
did:plc:6cymgclntf7wbygqqmxhaxtu	0.0041298551939422	0.2617552650643778	4399.844513184866	0.0
did:plc:6d3b6q4h3lziepzr4qzdvlm6	0.00733675715445703	0.418011673552722	4795.582745980843	0.0
did:plc:6d5ggu7ojabdws3g672pwx4k	0.00475713570438923	0.262883483151783	4941.99306123796	0.0
did:plc:6dalyv5y3bkxp5qgdvxaxjm5	0.00821508588578393	0.5745510526102123	2649.505524941016	0.0
did:plc:6daqsidtm7hl45eohryisabi	0.00584318521761181	0.24031176674669907	8614.276434364054	0.0
did:plc:6dflu5spsv6g7vrnltvrq3qp	0.00553408292392717	0.694457368009826	1980.5286346833475	0.0
did:plc:6dhexdzchg7jnf2rbfnntjn3	0.00494580225108056	0.608089798730178	1321.11742512771	0.0
did:plc:6dia7xsxhcm7lnp2l4bpphao	0.00701042339395977	0.9589348900217228	1487.7798263069717	0.0
did:plc:6diz4smpvtik24ti4znipcxl	0.00454100880353221	1.313674394786068	781.5924826425661	0.0
did:plc:6dkxvjaauxiagfjhvdgodfsa	0.00799915798423187	0.6112915002363323	2558.6648469768165	0.0
did:plc:6dmgofmo7gkp2fxcguvlvqax	0.00595327807125777	0.9027988961101742	1062.619286498528	0.0
did:plc:6dncjiyu42adb2irwodoskfz	0.00453339230525639	0.5401922584017115	1322.103301066382	0.0
did:plc:6dqvhnacvfzzdtbal5rlltgg	0.00595689375277954	0.4920211923623568	3731.9814708755985	0.0
did:plc:6e5g7fg3fpsgxqc5jawccrao	0.00559353635800669	0.13148492668158238	13065.629358136797	0.0
did:plc:6e5va6cf722ozz4au6jmczwp	0.00917183706786383	-0.0730140872016269	8415.95165738892	0.0
did:plc:6e62gdtc6plwfclhz6p5wgq3	0.0070014304010479	0.6628761580541155	1371.508948584996	0.0
did:plc:6eka4va3jwapabx5ha5yqs3q	0.00570082092061492	0.647534532290462	1534.08608655273	0.0
did:plc:6el7br6iw3veesvijkcvjnot	0.00410428618094405	0.369471427027556	4516.44174580242	0.0
did:plc:6eok4rdnrssj6t2g2ismyztq	0.00533251294731488	0.8275832442210794	1009.6609812329643	0.0
did:plc:6epvmhyld6qmvbxx7nmugmxh	0.00660841471627181	0.6783870795162134	1732.1489907593818	0.0
did:plc:6eriwp4ouqo5k7a67mb2smsp	0.00981161696611068	0.742777911376804	2861.56981001527	0.0
did:plc:6et6f36zfljy7gvwm2jgj4zp	0.00558979504135864	1.2357057429307376	1007.6149365206753	0.0
did:plc:6f6lmwprn5462hjqpfznwbh4	0.00818115414722816	0.537095477152565	2576.34895259592	0.0
did:plc:6f7eg6zqwvy4ohcvw5gmvusn	0.00796212610723133	0.587078792480585	3539.95250610849	0.0
did:plc:6fbkbpwmrhfbq6nz7yth5lvc	0.00811808120141562	-0.362590808803327	16362.3502479908	0.0
did:plc:6fckt4v67zw55okfb6avdyqy	0.00335251319616063	1.0261506909345275	357.71876577702636	0.0
did:plc:6fctqy74eb6roitxcerts5z5	0.00593232404769459	0.488156441494279	2230.91180392993	0.0
did:plc:6fddttw5vvnad6q2257aqxde	0.00649091272380969	0.6828427981043528	2649.5286157964697	0.0
did:plc:6fjet6bqz46l4hcx3n62snwm	0.00726596823366307	0.6021306007182062	3628.2500482517667	0.0
did:plc:6fmbpoffeaafbrxa5m52tqzh	0.00380276739240018	0.8451940450287428	1061.4613463884166	0.0
did:plc:6fpjuugv24lwkbd4urcezczi	0.00497434121534844	0.7439890904123372	916.2009915191865	0.0
did:plc:6fscrdshlgsplrxz7sgyfohh	0.00388276553137316	1.933946754776361	643.2459292043533	0.0
did:plc:6fxj6bkm5dgysyajkllszf3g	0.0050271465922992	1.0068090545451431	970.0240376528619	0.0
did:plc:6fxtwa6s657o6bwjsntkbnd5	0.0113421550470567	0.4922467325696388	4399.512124289903	0.0
did:plc:6fyiimkexnme3tiqsyq6hwyh	0.0025583800555315	0.5331405212947843	2562.3245544968954	0.0
did:plc:6g7zdmpa3hlrhuzr5gdql46v	0.0027494108407171	1.577031054260751	481.6807651331679	0.0
did:plc:6gf3eunenozumhqugqhvewbe	0.00571524626225993	0.6789717018681665	1885.0687385730198	0.0
did:plc:6gldna7qtrr5gotsk2xbwdaz	0.00384476751203514	1.895843185088301	327.6813783055308	0.0
did:plc:6gpom2lnifuf2fvtn3zqk7hf	0.00729346240665551	0.5377202590107873	1975.6697403494188	0.0
did:plc:6gwadzu24aekvbc3gsszexbg	0.00485060147536864	0.7693363785490402	2752.7587563463703	0.0
did:plc:6gyzlbjdlpo63t7hkvwhupae	0.00910852714634226	0.221065201807895	7515.05809648021	0.0
did:plc:6h3ch74hdhz5m6phmmrbrf5t	0.007637655422361	0.814031352348161	1719.6932756728368	0.0
did:plc:6h6eeauswdpyztewcrstvqkr	0.00576289791438055	-0.269874710645041	17804.0612501719	0.0
did:plc:6hdansfq3tm5bxabme7faubt	0.0221621622877459	0.38072715811003244	5962.540445109834	0.0
did:plc:6hg35ebaq2cgm4wsmmgxfdtg	0.00417795844649936	0.9468342224747147	1221.0749095882716	0.0
did:plc:6hg4wflvnw4m3dxupipx7yah	0.00555298472981248	0.460502637064346	2026.3077460314	0.0
did:plc:6hj4nksjyrmp7bzvzgpwd7bg	0.00712843055842627	0.8862316731218601	2678.943614839057	0.0
did:plc:6hwfensjm4u6apznkorudjtq	0.0036787564770514	1.090333835837477	697.1716574537654	0.0
did:plc:6hzqm6jpognmy5e56uuxjf4e	0.00744655297195906	0.283587243248074	9301.33630036334	0.0
did:plc:6i3gbudbnjue2znf272uqr3n	0.00309955588465528	0.43756401481448987	5308.860428743644	0.0
did:plc:6i74exxwaxsr3e2qjbeh2sae	0.00644711622240456	0.7762169375022757	846.9882581176365	0.0
did:plc:6ibprzr4li6xj6nsyhgrnr27	0.00774593338972089	1.0977027668454438	1041.7818152809862	0.0
did:plc:6ic7j7va2cd7t7vkjo5nkxw2	0.00286182947687583	0.609058045186726	3010.62778144928	0.0
did:plc:6id2n6cfru5jmo6aj3zhhyro	0.00315038965357621	1.2380449636753381	882.9451057469597	0.0
did:plc:6ih4smhoulkn4orsi6capvxe	0.00511325868042565	0.7708413916099588	1241.1391493230076	0.0
did:plc:6ikpdfe66ujhoighwt56rxzw	0.00820902993691072	0.7516505628329888	1491.1021080098853	0.0
did:plc:6in53p3o3be7p62xe6oywzen	0.00456253354898828	0.6296461996009974	1736.0977084417866	0.0
did:plc:6iq26oa5mxl7rck7nzuy5wt3	0.00274569974969353	-0.336254691369133	23654.8311753217	0.0
did:plc:6irylomud4saesa5cgv3qnd4	0.00258352563459595	0.8532253932332992	406.5216927014572	0.0
did:plc:6j5clynklcsoj7g5tccjalyn	0.00977121068861723	0.451859715181334	3368.17408542689	0.0
did:plc:6j5oxbl7263bom2moyz6ba55	0.00866035183018332	0.28039945893271306	5222.569473045868	0.0
did:plc:6je2o7zwfllqr2e3xqw5cn24	0.00897117770871737	0.10186485213687	7836.53786265943	0.0
did:plc:6jfdfee5amtptkdmidxiq6nw	0.00317843748025058	0.8263250124581524	869.5968894797403	0.0
did:plc:6js3cpd357it3s457dtzusju	0.00680591410472643	0.575462842469542	2154.9365610612035	0.0
did:plc:6jvxd5gr4xe4ostmx2tnfxix	0.00691031941166032	0.9270817210309652	525.2529686393476	0.0
did:plc:6k5pubu7epokeqozixkkthih	0.00339220530263699	0.6783939475703371	2329.8752807763285	0.0
did:plc:6km7ytztlxuyxpbox3ecemre	0.00319116822631878	1.0443021860429051	1348.2963226185927	0.0
did:plc:6knjxcff33qc5soffyqn575a	0.00224105795693596	1.1068951247267236	310.5121622587492	0.0
did:plc:6kntswpfnwv6fdwsl5wus356	0.00824946378877984	0.57825902945632	3285.83822918961	0.0
did:plc:6krmnit23yenso73tuaczy46	0.00648038049947062	0.500045950700691	2118.67623506881	0.0
did:plc:6kwwsscedqbyesde633ldoaw	0.00656699734682094	0.21719798163828	8507.12497172366	0.0
did:plc:6kxr4qav3px75uo2s6kyauav	0.00481159420692557	0.83062571443116	2151.40358251082	0.0
did:plc:6kxt6lidzyafk7m3tdb3xh4g	0.00625978090803003	0.8396256168436047	1354.7678873385205	0.0
did:plc:6kza3anf2hvprp5so26rvlrq	0.0183710961861899	-0.484870904655861	27322.7766389703	0.0
did:plc:6l6bisg76yevz4p5dmyu74s2	0.00447473854099203	0.48162139440914303	2932.317792186152	0.0
did:plc:6lak3fevjfy572zaiqgutqi4	0.0110436223488652	0.6861754019456547	3883.809257672116	0.0
did:plc:6lka6ke23sm5kgd4l6efp4vj	0.00849657777087952	-0.48515228466602	21623.1788999436	0.0
did:plc:6lnpkxgqe6vqb75vvrdg7s54	0.00384954971023193	0.8954766333269218	1197.0179525917831	0.0
did:plc:6lnt35gzgqbb4qd54b4kne4j	0.00266860747230208	1.68066226472826	154.902704685029	0.0
did:plc:6lnyiooduegenan3pid4rvja	0.00581395349063559	0.8319612702325867	1073.8581307321822	0.0
did:plc:6lrdj6ez6rqctw5624xwdbrw	0.00989415555667564	0.3247330814430062	5859.313023168072	0.0
did:plc:6lrututskqik36v5q5eheqfe	0.00424434087887553	1.3394335047274852	1014.4268272778878	0.0
did:plc:6lrxtktleu46lahf7kynk2v2	0.0104443989447209	0.645037926191196	2620.1898436895794	0.0
did:plc:6ltn44gyrbjj7hj75bke273h	0.00274473924995519	1.206786609513607	575.7771322284942	0.0
did:plc:6lv3anooocalgnxgaac5ozbr	0.00363801728096244	0.9751362779599451	531.975583943255	0.0
did:plc:6lxlvethewizxnnzm5not6gx	0.00516061695530666	0.4541441483122308	3461.1537575455836	0.0
did:plc:6lz2fdx6wyigngbrtqjytkwl	0.00570894748007552	0.336826712383543	2718.94967685496	0.0
did:plc:6mcx2uxls4rzakjkl26av6rw	0.00978154549593119	-0.244690576765966	17732.4548261082	0.0
did:plc:6mdmndqemrall7aldsxet3ze	0.0047758601983709	0.7565322323804082	1677.8321498422818	0.0
did:plc:6mdqggws57lziwyedppexgea	0.00507149983440729	0.7755388854093688	2254.9438291019396	0.0
did:plc:6mjvcdlncygguwx5r2tx7kke	0.00572821450571957	1.2782364270889173	635.389447478963	0.0
did:plc:6ml4nxrk45cy23jay5hc2npp	0.004535449877574	0.9221738447599419	799.9355082444912	0.0
did:plc:6mt4fa3qndxqeelmu65dx6uu	0.00463692038585364	0.8277851360759332	1865.2044168708342	0.0
did:plc:6mxufvanepdxm7dc2e22xxfj	0.0033314584865668	1.3477214650903973	467.46311592895216	0.0
did:plc:6mz3dig7lf4gjmg6q3nvcm3z	0.00913343729404415	0.6558285027353791	3250.575864093784	0.0
did:plc:6n4eack3d4gxrarx5za7ez3u	0.00479080166162737	2.08517873525176	266.05508439466473	0.0
did:plc:6n4uatvzarog4bj66xsrpyav	0.0086363151892877	0.59332856951537	1944.90692265719	0.0
did:plc:6nemrfeq3yx5gmc2lo24psue	0.00374759083481055	0.6034347398012924	1640.719163941672	0.0
did:plc:6ngklzyn35hnld2avszuoom2	0.0023330103011502	2.016308811856143	256.34774492375277	0.0
did:plc:6nk3uf6gforzfabj23mop34c	0.0170247264437794	-0.371610606190308	15183.9561230696	0.0
did:plc:6nkjade4lks3mz6k3ir7scnd	0.00835195859688896	0.200212002596833	5578.30684189746	0.0
did:plc:6nrkd3p3dyyuyqnbrb7ejobx	0.0153217569709029	0.488794364359155	7028.15090503357	0.0
did:plc:6ntopx63mscyrl3eaf5ynlgt	0.0051491622396079	0.4646556355131272	4650.910970218294	0.0
did:plc:6nzd5jihqaz7ijpeqjtwrqxo	0.00399042298512228	0.851478446022511	2911.8072845654	0.0
did:plc:6nzvwq5cnah4w3uaytkw6flq	0.00852197070928486	0.4958914432175125	3238.2104730622273	0.0
did:plc:6o4h5miysvhasiz3cqhdabgb	0.00593276203245168	0.628400453549784	2399.87404907441	0.0
did:plc:6o72e74zh7pnqupeoac5b5e7	0.00304154302737102	1.9879752225230323	246.4408056728528	0.0
did:plc:6of5pxkrj2obn3b7lxociavw	0.00733449141204438	1.3000698918659621	520.0363213967868	0.0
did:plc:6oglu4lnjamfmxnrj24t54os	0.00539241164298071	0.8348961980300161	1782.5804479960632	0.0
did:plc:6olafwjuglrkyd26rry2ve4r	0.00966806316516594	0.453770926512014	3311.3628209302	0.0
did:plc:6olaxtxpwbwwg7r6aoz3kwou	0.00616838375410618	0.6872316484044498	1557.891959492531	0.0
did:plc:6om5upsgtcuufo4rtinb36ui	0.010966415361305	0.92252239900568	4935.72735989469	0.0
did:plc:6op3zgbtqauxc4v7qp4goa6h	0.00420038297731578	0.542724033415289	4584.34024672823	0.0
did:plc:6ouc7hhh27vnpg4hofequizq	0.00450405860245411	0.6715378902285843	2518.487397929979	0.0
did:plc:6p2urrktvmilm6oozzczicra	0.003788135020291	0.514135701194488	5614.92961228537	0.0
did:plc:6p2vzteqrsqsolfp7vjh7inv	0.00911398246714288	0.290372369469346	4221.81842563176	0.0
did:plc:6phse2aawxj75hhngbk7bfb2	0.00373134328393377	0.4733834751347918	1920.227607836805	0.0
did:plc:6pkd6zks5rragdfr6qukn3oa	0.00204985668384398	1.1124410456520897	824.832220278397	0.0
did:plc:6pt4ozuhry454kz7ps3fm42x	0.00524068323043438	0.7148223742776111	2441.640463575228	0.0
did:plc:6pub6jhcmmgjqxoacwsuuglv	0.0031291124434613	0.9343392945867209	577.1000896952844	0.0
did:plc:6pvcwjitkqw4j6ve5tny4tnh	0.0209497207001302	-0.853622024968293	38764.7293211399	0.0
did:plc:6pych5ca6kyd5sppw6fyxi7t	0.00493379965100835	0.7510955191108949	2629.6990763114804	0.0
did:plc:6q6526i2emea7yvnenyfm43x	0.0021898309724982	3.324215921076503	222.7224667121257	67.0
did:plc:6qazipnwiuiwomgxz4bis3pz	0.00492307692322713	1.5858253701232294	763.0928911848719	0.0
did:plc:6qbod3sywwktwoqtqzfy376x	0.00205418609825128	1.0379869740296241	1035.2751584250473	0.0
did:plc:6qiitynmo4q4zbtba7jjfj74	0.00383865647055761	0.6248285711114749	1882.0089268310965	0.0
did:plc:6ql4rma7dmxzbdddpb43c37j	0.00237294838866612	2.0472399843775566	279.92729608947093	0.0
did:plc:6qnwsorb53edlo6xchf2oqbm	0.00683193441481764	-0.323521402903336	19282.0219530975	0.0
did:plc:6qoclj542rgc5isaal4u5w4y	0.00580628134299573	0.7209954809078967	1371.245267187224	0.0
did:plc:6qsffpbz7g3gcziqxjox6zgt	0.0056664203010561	0.5495113970206286	1885.295409491464	0.0
did:plc:6restwmuicdxfsi6oqqezab2	0.00337158405348061	2.011474272408674	222.52042448982152	0.0
did:plc:6rgwdhrivvhckdj47it7meoe	0.00857438018275894	0.7657600622530779	1980.3599498633503	0.0
did:plc:6rovpt2lqrye6kwvmdhb722n	0.00407428784849012	0.7600588785310635	1630.681814307181	0.0
did:plc:6rrv5rqcejwokjwr6occqlrb	0.00464266686980445	0.6405700156733797	2430.3671624457033	0.0
did:plc:6rrzty2ae2w3l3wt5elgzxti	0.0100512042588771	0.452124664422497	2291.40980546993	0.0
did:plc:6ry3oyxghzqvnp7mufphddv5	0.00503428105742112	0.4677200772468987	2855.5055893524186	0.0
did:plc:6s2u57xjhdyx6wad22wvkwfg	0.0064524624786223	0.7764773635118335	2345.3820630512673	0.0
did:plc:6s3nndrfx7evzpdpteyrtczy	0.00726235248351133	0.746881942024951	3798.7325593874025	0.0
did:plc:6s5o4kpnnwd4vuotyewdz7oi	0.00406203840499739	0.673611069858951	2243.07490106902	0.0
did:plc:6s5powjdlevqjtytctodde6c	0.00754041791910779	0.5445481671231257	1412.773894580819	0.0
did:plc:6s764f5xv3pqjtplmkiusvks	0.00281478701461902	1.5513219877158693	753.3288922798864	0.0
did:plc:6selz7iaeyufutgnwyjb7beh	0.01674152721226	-0.0663177790266585	12007.964601001	0.0
did:plc:6si533cfxdj42azjnupo4xjx	0.00203132648068531	2.1655547301330653	223.08814164468538	0.0
did:plc:6sizb3vfvg5iiqqdxcq4dct7	0.00477975632631246	0.9050624325943477	860.5063846898357	0.0
did:plc:6sjdegawfrjrubzgo65u6ajm	0.0076855511686736	0.6050577376420432	3459.1732811713	0.0
did:plc:6sk4rqavkvpx3wwx35vgvuwh	0.00588730025449183	0.6910851991763987	1832.6733223108613	0.0
did:plc:6srbpsedtw63wrj4vwaarpny	0.00410345685179181	0.9538642595889404	896.2726110136994	0.0
did:plc:6sy4fdoekyznh65uv4xce5oo	0.00453974693421818	1.4574892880326227	335.0279491380901	0.0
did:plc:6t2j2pufpmuzwovkllnd2qul	0.00458996328122403	1.0532395633052734	1059.36468888622	0.0
did:plc:6tesot6m6f7woqqfglyunjw2	0.00366238686629554	0.7657674304124199	1674.3793810362279	0.0
did:plc:6tnl3bkks7nvancmejwtaxw3	0.0039767513003807	0.7020635194392169	760.5516400971359	0.0
did:plc:6tp7aqglxpux4sh5lmvvkijj	0.00962578412532927	0.541121952438475	2802.1400124009	0.0
did:plc:6tq2rbt7sqlyxlsw27fnu3wg	0.00516351118825697	0.5324973393854032	6148.586451650332	0.0
did:plc:6trrqcvrpocdlgmvh6amf53v	0.00440147468317344	0.7203961294358224	1247.45097322834	0.0
did:plc:6tvnouf3sshoati2bntayxbm	0.00470893886584361	0.9082852544781307	797.8873830389584	0.0
did:plc:6u63tll52s3j6pcis6syun5j	0.00386329866276749	1.289865981243695	781.3424513426945	0.0
did:plc:6uasc2jjvzjuksl3dg6lxtx4	0.00632008155119651	0.5842396027915804	1661.7811549498913	0.0
did:plc:6ub4qu4ai5c5aavfdtjtvkro	0.00840978593642605	0.6812263535696285	4183.193567136896	0.0
did:plc:6ucspa3clj3i37y65giomy27	0.00336256065388109	1.5953833837939804	472.5601162193181	0.0
did:plc:6ufx6slso6wmexvbtmmur4rt	0.00553454478421731	1.0619113481600286	1449.566129406992	0.0
did:plc:6ugoimntwi6yiaqob3jlepok	0.00840118910995799	0.8894728516217906	1408.0439133497077	0.0
did:plc:6ugpm44x2m62wphohluvfubt	0.00705683101367847	0.7155877390686205	2369.3131568487615	0.0
did:plc:6uhsnsvswrkamrixwietsm5v	0.00694911454962594	0.582615857186282	3052.442176718046	0.0
did:plc:6uhumzqehtivvexy37xcn2pz	0.0124740125022586	0.142115635500008	13575.287730035	0.0
did:plc:6ukxxn35l4movwkp7pzqd3jy	0.00751496625154071	0.505381574499045	4598.476732940863	0.0
did:plc:6un6qoah66l5xlgbg7xpbe6z	0.00690355330083728	0.7803715493468741	3651.853498904883	0.0
did:plc:6uzrwsfvhei6gvffklwzr2c6	0.00730618320144374	0.479429609301586	6777.17281092112	0.0
did:plc:6v3bolwq4elr2ph4ystvgvzx	0.00627655465610104	0.471106780660001	2775.43048340377	0.0
did:plc:6v6s5qefg3ysbyyhl6bqyg47	0.00524475524537449	0.640084567606371	3383.75914235477	0.0
did:plc:6v6yhvjyhnbwuaclg3bzg3ig	0.00587515300096868	0.7277989868247896	1536.4902336546093	0.0
did:plc:6vhmk36z65qkocm7ljakzbsj	0.00411276452579705	0.7071850785461332	2090.300233557884	0.0
did:plc:6vl7qouj4xaiclencxlzvi22	0.00571539281455114	0.7852700318414186	1936.829078612732	0.0
did:plc:6vmlbelqd6qb54usezo4jmva	0.00452291902332678	0.5263508854112209	3265.97853208371	0.0
did:plc:6vv45l65jflwabfm2c3u5q6k	0.00394049847335404	-0.260805901848709	18892.1453848499	0.0
did:plc:6w3bbsa5rzrrm2eqj7zewt27	0.00593017695095981	1.1751488693156367	1471.871356804454	0.0
did:plc:6w5gsenkndgliqktiawj336x	0.00361010830363863	-0.316925222392532	25699.8517884581	0.0
did:plc:6wdlaw3dksskqkdbwo7k3ark	0.00282670145700597	-0.908044532591206	33394.3430761826	0.0
did:plc:6wdspm2m2cs2lnymamvb4p24	0.00815586769776526	0.7151136799384197	4477.295344010816	0.0
did:plc:6wni6mwdbxshfmlssgxmxxmd	0.00589658300791396	0.19853423577000487	11001.776951264479	0.0
did:plc:6wocioi7wclgyr6xbkzu3mxl	0.00275216068756463	0.693679032345347	1783.20210476244	0.0
did:plc:6wofoqkzly4x2yyexlv5n3wr	0.00585034013827544	0.6944217453721991	4496.313232537388	0.0
did:plc:6ws7fiarv4x22i5vaxohbs5a	0.00573705179518558	0.8121556202827934	1552.104529852033	0.0
did:plc:6wxcdqzqx7zgyfysyv7y4r5w	0.00458083346939712	0.6045216413711193	2104.6307896988496	0.0
did:plc:6wycfd5tqmindvzliistucfv	0.00736422215514122	0.6836967359655552	2528.2285911451663	0.0
did:plc:6x4cekig6ezkw2hmrj62fajw	0.0028198541353007	0.9215268316417546	358.31451243568176	0.0
did:plc:6x4dizgsf2i4ahwyiwj3rf4w	0.0125391849532005	0.378317078175186	3527.32641071427	0.0
did:plc:6x4rk3pk3dt3ddcfsrc2rsme	0.00272786885264658	1.0529502272261675	986.9511149967641	0.0
did:plc:6x7zqldbl3qvjsj2fgwjgwuz	0.0100642997032583	0.698260507996346	3750.68768118393	0.0
did:plc:6xbbuplcpp3cwh4vl4ikbsth	0.00624229346668258	0.485793846820266	1145.3538478342	0.0
did:plc:6xd6hboppdcpnmqit6mg4kxb	0.00257339425454863	1.502149094458801	616.4342688753908	0.0
did:plc:6xtjq6zq7y75mid67mvzc5su	0.00378958765710688	0.0538970151974468	12937.5792619327	0.0
did:plc:6y5cknc7og4wmgtvgrnjnj2t	0.00556997620644256	0.671468126606726	1238.7370514193	0.0
did:plc:6ydnluna4l4a3ewos45m3vfg	0.00270221581716321	0.3385984658259892	10304.331314975994	0.0
did:plc:6yeesqefymkchfnn2fx5m7a7	0.0295748616319192	-0.238596865615402	14501.5674017208	0.0
did:plc:6yeq3cipdtx6rxohe6yvum65	0.00681023375807362	0.7624785722127118	2699.0605918993188	0.0
did:plc:6yh7jo7c2yuoo4mozwwq7z6e	0.010141987831721	0.4456588073286747	4647.375004807215	0.0
did:plc:6ypkzowow3uv4qb65ta3ulmp	0.00444400060021811	0.31834957679159487	4009.934319891542	0.0
did:plc:6yrgtp2iujar4fyu7hblkauv	0.00515295272435704	0.8076754249239678	1651.258866440503	0.0
did:plc:6ysowqsjwrqecxrfdgxet7qm	0.00561885437852619	-0.346571424300483	22552.0239384255	0.0
did:plc:6ytqimprceqyctd2o3jndk2l	0.0057795875477081	1.027446634678406	1403.1748559176654	0.0
did:plc:6yxm7v3gwhxwjmqw7lj3vs6j	0.00490706319778454	0.8402243581777694	3617.144605084878	0.0
did:plc:6z56a4v5almglkvwxv7c2a57	0.00723250372378048	0.7068686640850876	3528.5913115116196	0.0
did:plc:6zhrqkxcvwcnl2znh7duhiqi	0.00652355306082392	0.7640827667032715	1742.5387381284852	0.0
did:plc:6zmz2cnocs7rquw2dxuuvrqw	0.0029294491015701	1.7651865656674224	508.9762244023009	0.0
did:plc:6zssltktcjm5mtxtvwxrx6mz	0.00272652573410883	0.9189583413597687	2098.6357658305656	0.0
did:plc:6zyhtjl4vdxhgqy55jjp5s2m	0.0169172932896008	0.20329111549644538	7327.4777312936	0.0
did:plc:727khvwpnmwfqzj7kzvoycpp	0.00270587174187191	1.4754125907210238	627.7265502902287	0.0
did:plc:72bfgu5xpscxrbe5jbc7aqgi	0.0039050582708525	0.9737298460102679	1592.2464571923344	0.0
did:plc:72bnxiuq6nibwcjdr3ak2srn	0.00376640039740288	0.8157057744954656	947.5290026776489	0.0
did:plc:72d2vuqw7vy5ynuguvdb66zy	0.00274265187756598	0.6312564694674596	2310.9169515286003	0.0
did:plc:72ibcdq3wu4tvmkau4rmeih7	0.00412197854996259	0.60337213957549	1941.833341551584	0.0
did:plc:72imtrly6tsyoxduyo5623ib	0.0124432154905818	0.241035020923065	5685.49028742843	0.0
did:plc:72jwu3bb5avx6ez3dfzvttn3	0.0026776301920607	1.3776087853913372	388.1165692906601	0.0
did:plc:72q7hffodz54y2coe4mpzupr	0.00713012478328227	0.181949407157772	6472.19383710806	0.0
did:plc:72rsk52d55cu2qfuve47ezsi	0.00456210686484491	1.1751789258381946	1504.172579077399	0.0
did:plc:72rvpf2rwja2vhhadrtxp35r	0.0160723254777754	0.645023382486619	4308.88229494098	0.0
did:plc:72utg6ckzvvki2uw7yowi6hm	0.00370420716409246	1.0467549394439561	633.3608054781231	0.0
did:plc:72yktfktlp3cbzosbyl5opjl	0.0172894590601921	0.6692869810259389	4665.486878243386	0.0
did:plc:734mjl3megxsivzuhwv4tmtx	0.00750507099913823	0.6823366741053324	2704.727473753684	0.0
did:plc:737vkpayb7uxlx4fjphrfcgr	0.00527108433735428	0.9046568441878554	1340.6260603322085	0.0
did:plc:73cpuy5i7fxmi5adcv5p54xu	0.00677807643007655	0.609078707462426	4396.05960948544	0.0
did:plc:73hrwtfddcqxuvgnzmo3b7ox	0.00355173380730757	0.7498094384127348	1772.73967528254	0.0
did:plc:73jtg4pyyh5gbeaimdlbse5f	0.00670540903141963	-0.490368854312155	26052.2584628049	0.0
did:plc:73s4gplrwrg5rj35hfzgmchk	0.00709891150147266	0.3840970629899414	8583.379275810346	0.0
did:plc:74gjibmljvxzinxcd6lf2ktx	0.00303572818570238	1.4820869930956966	775.5296685708365	0.0
did:plc:74k5ui4wgxqdvhbljbl4cpjz	0.00716698245445072	0.5150625964012829	3461.8660220139514	0.0
did:plc:74lafo4kfzzm46y63bpbd5qr	0.00496894410010895	0.5598640389408005	2637.8221750624098	0.0
did:plc:74lqtzlqfqg35g4dyys7ges3	0.00223783502479139	1.5506093458593386	1069.1541277496872	0.0
did:plc:74oncedchis43thi2ui7q4zi	0.00276859186359507	1.6687727775870562	256.24546112500815	0.0
did:plc:754ivvxr7a5ksbg6xf2dglc6	0.00589741600278842	0.5897964642027465	2167.7921798849916	0.0
did:plc:75bmlrvmd6zi5rieit4jrqcr	0.00845125786528498	0.30620190930802293	6650.5166666154455	0.0
did:plc:75ctgiwr6scp4q2xzuwyzxzv	0.00212758015759963	0.9702979292291682	387.24065969884566	0.0
did:plc:75d5js6amejyb2zwkb5oof7p	0.00414829332026987	0.5158834445337717	871.1513283162323	0.0
did:plc:75iyspzztyuuc76e5agdica5	0.00852272727628548	0.6223510214119203	3896.9119587563805	0.0
did:plc:75qxmxhpq7hba4ruadmbjxao	0.00403150547004759	0.6167699341795689	2015.8132737884164	0.0
did:plc:75toc4p3jylvpoa7umhxx3tz	0.00622568094304804	0.8406574568620399	2017.9274800087626	0.0
did:plc:75ynuq2d4oxcnfwajegvq7m7	0.0150000000811251	0.5054825241092792	2323.478493351998	0.0
did:plc:76ahqapcojnivrabrjtohb7v	0.00549725137484954	0.9454338217501826	812.5145372120744	0.0
did:plc:76lss2pxkwqjwel523u7itie	0.00578423460009291	0.5778973212283821	3428.3652509626395	0.0
did:plc:76rfztarbomqg3asqc3mlknv	0.0157713159192837	-0.791296254718746	39214.1743192841	0.0
did:plc:76s4uoyoetzn6dtf4xl7e2x3	0.00205372545807535	1.1555133098669093	233.97152426233552	0.0
did:plc:775bn67cbpeoevf4mvo2xiki	0.0059925093653608	-0.332766322248425	22757.5320748883	0.0
did:plc:77aze6zegihuenovevaiqd6p	0.00987510892805511	0.5465868904801011	4280.388329532711	0.0
did:plc:77iooaxpfk7i6mihhgt7zust	0.00365463682084099	0.351411033547946	6903.24290957073	0.0
did:plc:77leth6komwshtl7grpb3dbr	0.0110897846103086	0.7199685619099325	2788.890091278845	0.0
did:plc:77nld7fmdxxhzcuy7vz5ei3k	0.00515239477568996	0.419352829962941	2077.35350566696	0.0
did:plc:77og2k7ddnnd73grocld2l5h	0.00325708415815104	0.8480574370181828	314.1902394708175	0.0
did:plc:77y2qmm33qp5h5lisgvxymgk	0.00297577235994268	0.6074911197234887	750.2095746931798	0.0
did:plc:7a3neafwhyvx4gj7u7p2dio2	0.00538238599453929	0.6448498278173244	1311.4192013927275	0.0
did:plc:7a3q4hf7vfi5ebacojntczr5	0.00807000486564402	0.626368023247884	3262.00680306487	0.0
did:plc:7acg4g6wpjzzejghgfikxzxz	0.00517346317776064	0.9401403420119373	3421.8904777917396	0.0
did:plc:7akgspzxzbkb3mo5ecgxy4yy	0.00376946731509133	3.2394389853141803	310.9861425901613	96.0
did:plc:7amcp37jebi4vrzyvzrxmhca	0.00923550538793671	0.2951693776664947	9723.9008249005	0.0
did:plc:7apch5sywg3b2foabnoflmny	0.00258809476412958	1.5037064895243812	445.8672809725261	0.0
did:plc:7azczoxqqpzmpjoivoh3r4jd	0.00608614232406743	1.071487174552129	844.0699092239646	0.0
did:plc:7b7bvheqy6f4bekxa5iojns6	0.00387373911740758	0.721507853954337	2403.39188613577	0.0
did:plc:7bdbzpnjtl4qfztjdle3p4b6	0.00731605351283409	0.47506470825472913	2451.9960853474113	0.0
did:plc:7bg2ks5ijepz2edeyfo7nwka	0.00288227401496644	0.9910347858305188	1614.3618924406733	0.0
did:plc:7bhnverbeia2bboiiigvrlij	0.013725490217267	0.18287565926939583	8039.962294497998	0.0
did:plc:7biy3njymrrqdwi5x6yvwpvd	0.00854981913914616	0.5570874793805444	2214.587660810822	0.0
did:plc:7bnqylesbbvgqjuiyfjvp2nt	0.00600652136810492	0.45871996603846	4376.98646467005	0.0
did:plc:7bpaihh4ltaycuimyjlmn6t4	0.00728438228552558	0.6654981382697671	3758.172473327025	0.0
did:plc:7bw2wgq36njm2kvknop4im2s	0.00759448958469364	0.4196555099814287	7897.238636150832	0.0
did:plc:7c3o52deapf5ymc5ysupub5s	0.00465328467242494	0.7336062049694997	1252.732397627339	0.0
did:plc:7cbbn6y3bmncg26j4vvbtnsh	0.00864924549475426	0.756641837878648	2810.26560250585	0.0
did:plc:7cbt5wfhank3ixb2nz4elrh6	0.00409134157971288	0.9028166421071346	2837.103164879114	0.0
did:plc:7cc73rs7xbeo6qxgqz56wlc6	0.00873600873931131	-1.14269364147419	48475.3496586183	0.0
did:plc:7cczztlgn2j5tmg4vdm4j56h	0.00644329897735872	0.516432048180077	4920.4951462398	0.0
did:plc:7cffkosuv6pkahh6lv4ltqxy	0.00841053145177745	0.5300247790489906	2017.0298509445436	0.0
did:plc:7ck6ie5lzup5e564qbqlc5dt	0.00609352232280002	0.7733989669229716	1659.7949340651635	0.0
did:plc:7clo25z7oqwayzccmnrxcpwu	0.00334597367883365	0.9144242014212703	4300.405417341362	0.0
did:plc:7cpnobjjkry456niw3dsa65m	0.00465944908955507	-0.472477966692325	23831.2163698246	0.0
did:plc:7cqup4u63ffowdvwjjrmjsvk	0.00339345653103162	0.7248764635506199	1542.5195657092697	0.0
did:plc:7criv2pvv2olylnu7eygzdvn	0.00696677384911109	0.6565341030472912	1967.2288455355526	0.0
did:plc:7crxkzpmdd453ojocu4zjyoy	0.00409724119119501	0.7893400762496421	752.8634639284465	0.0
did:plc:7ctscdgbubid46t2i6l5xfh4	0.00439293392012189	0.6962242221643967	2121.338893767186	0.0
did:plc:7d47kluqa3yjgsp5qhojwlik	0.00740740740849427	0.6132058824300808	2453.7540401736237	0.0
did:plc:7dcti3fdt4y4lvbwus2gyqpy	0.00235918608086196	2.179121316078165	361.3832601562204	0.0
did:plc:7ddftkomtzz7a3jqlrxwmtbj	0.00411637264030934	0.8408205779501836	508.4723545476268	0.0
did:plc:7djuzq4fit3g4dw2ntu7x3ph	0.00453055716310422	0.8866611530018699	3181.1367519767045	0.0
did:plc:7dw42vs6btvwqse4ml4vqhy5	0.00660716355781273	0.5686838084857917	1758.8929900169628	0.0
did:plc:7dwvl7ijrbdbij2r6q5ksihu	0.0030203369355007	-0.149333174599851	17262.9793886398	0.0
did:plc:7e2l3cehajmerhpjo4vw6wf5	0.00278000177937775	1.2098957207924572	671.6899660795532	0.0
did:plc:7e3tef5gk6ybigq5uzgxnu3a	0.00958370769941333	0.41842608937063097	3607.076082329487	0.0
did:plc:7e4im44vzqgd73j4jyqymj5f	0.00783254558190383	0.7916551637515076	3117.5272061428004	0.0
did:plc:7e4rkob4mjvvr7bhw6ypwula	0.00785066294943018	0.4490783408246021	5789.933358534533	0.0
did:plc:7e5uwuqifdpat72e2jnpslqv	0.00415800415825607	0.8166682033814465	1882.8763731301838	0.0
did:plc:7e6uizpfwoecq4ugm2izhvqj	0.00567051754100719	0.6610389137468666	988.5913188667993	0.0
did:plc:7ea6aguki7p63eoh3yma6gxy	0.00529653383356201	0.8964299185365708	558.4070188969486	0.0
did:plc:7eakscmd6wxhxez2dzbxrgfw	0.0208568207742198	0.0489798130171862	12773.0261988644	0.0
did:plc:7ehxftljm4wbw754a2k6y2yo	0.00551138417111438	0.644530735991563	2049.46342517265	0.0
did:plc:7eievlhkyj2phbz5nwyr5ca6	0.00976070530149294	0.48735024076587646	6685.065645915802	0.0
did:plc:7enixxetsgl7woe55c2ayqks	0.00564880568157868	0.632397434333145	7431.80071413163	0.0
did:plc:7enllrpbravxibbjrl72lo4b	0.0115830115900717	0.512080721690154	2564.24327384156	0.0
did:plc:7epvkdszry4ww7ooorwgsbvo	0.0070782540319194	0.8638843328980808	1099.2105483136	0.0
did:plc:7etubdayfdeiug5xk4g3ruqc	0.00492762550061175	1.4694812699530848	663.7833140553317	0.0
did:plc:7evuw2la7h6sdabfhywvhxew	0.00306626192022283	0.7342578263371944	2006.4862761943714	0.0
did:plc:7faua6ai5q4pwutvikxaes2t	0.00678562453586042	0.7341925079078123	2769.9224504952094	0.0
did:plc:7fio57gm7pyy4znin543aqrz	0.00569870151256131	0.759014644897029	930.6748211878272	0.0
did:plc:7fu66lb66s7zd3aqojdxjzm7	0.00630914826675064	0.588883954904711	1970.19606082846	0.0
did:plc:7fuxlfdpzok4n6svb5qqtdle	0.0043951585648598	0.545796976281917	3946.1826130394747	0.0
did:plc:7g3rwn6ljfgeixxvugnnxdcy	0.00618788674479488	0.48758769907879895	2863.490292571867	0.0
did:plc:7g4b2uzanlwyj7xxpppfe3h6	0.00644252063621218	0.346984536456347	5978.94638829904	0.0
did:plc:7g57glajrmqgw4zwxvf6hwlf	0.00358509567008584	0.563724463420219	3423.016702117	0.0
did:plc:7g5gh76nxpzxn5tk6rmq3ohr	0.00621246635099167	0.592852278357407	3759.75842881005	0.0
did:plc:7g6v3bcbu7vavt72ewrcshki	0.00615114235508509	0.707554931491737	2662.67320306221	0.0
did:plc:7gaqzf3s3ghq6jerrc2fd2id	0.00588346935120586	0.7144743457403174	6027.005568723649	0.0
did:plc:7gi7gsq426h7whoolwmexwuc	0.00714411712945384	0.6672505086773948	2152.0141128674804	0.0
did:plc:7gnlogflii4kgsxztiijkyl6	0.00367744325133353	0.741538320710148	1141.8387752671922	0.0
did:plc:7gsp4pt45nfz3wueeognk6t3	0.00205123312512477	-0.11618177008879	16598.5796126504	0.0
did:plc:7gxatpypmsn5mjbdsradyt32	0.00740544829518982	0.5632486175878719	2669.431291856326	0.0
did:plc:7gyt7nd3kkuakmanckayk2px	0.00353977919740399	0.878681468396307	481.01107075437227	0.0
did:plc:7h5cqredsbw2a3yh6xwvr2bo	0.00662800331552301	0.496166796485166	5082.60327296097	0.0
did:plc:7hgeishfibo7d3d3h6kgz3pl	0.00542448768783287	0.7376642174432814	1222.3333822713403	0.0
did:plc:7hiej5atjsxvmsvirloz7zom	0.017383348633972	0.014602607138501221	8585.965196348536	0.0
did:plc:7hio5iggfd5zx2jeuunrhitu	0.0113727055142441	0.4141835240612178	2993.894677887422	0.0
did:plc:7hmzqfes6xrrvvovetj7dr3v	0.00320512820569232	0.9263812781742806	496.9257495216581	0.0
did:plc:7hpczpaur3kmlzqz75t3v3bc	0.00549351585283311	0.593354307390062	1595.93878958321	0.0
did:plc:7hrn3hj5akeqhbdxff7esrcp	0.00498312168534037	-0.178194714878588	17891.9118017924	0.0
did:plc:7hstq3i2crby2rstkpczxhwy	0.0069364161862968	0.8376139862675046	1942.5966846123645	0.0
did:plc:7i2yuegpflozrker3gcpwmqn	0.0052688462577926	0.8468615696936661	2238.3133623499816	0.0
did:plc:7idbjoygbfzixohbnz3a2uco	0.00766801985153482	0.62814054222187	4369.5514431926	0.0
did:plc:7idogaj5ttrfhkd26octjltu	0.00391016643302944	0.6052066445353961	2350.489175431151	0.0
did:plc:7idrhmxobdqbw357ccb4alyq	0.00670186840114621	0.8255889990178915	2306.1093949661667	0.0
did:plc:7ifmq4suafsfuorjkuj2urh3	0.0059665871142641	-0.364575586319248	23184.6933073731	0.0
did:plc:7ihpedjembpduuvv4oluryz6	0.0041564792178561	0.8747704155781425	656.9089651823314	0.0
did:plc:7ik2kgdlb2esvytsjzns3v62	0.00263056092864387	1.9437030478895385	353.0948647107919	0.0
did:plc:7in3d6djc6fezttxws72ot7l	0.00425188374619861	0.6589038514970238	2732.2762192234854	0.0
did:plc:7ind3pd5b6u7sfxdlnang6qo	0.00774900775375006	0.3588930374796474	5467.407277742255	0.0
did:plc:7izmnta2u4d7ckftrgfqx76c	0.0065207265968476	0.709067829870648	2451.46953578923	0.0
did:plc:7j5p5gssumwcpx7gblhjkro5	0.00898017249348105	0.6357577036731521	2086.4229168169377	0.0
did:plc:7j7j3zpmluhwschjzwodteqd	0.00326727370123105	0.7125188370645184	1272.2054149432417	0.0
did:plc:7jdil57y4j2vewdvn2jwshqg	0.00635792778822488	0.6961530959135599	1686.143026184238	0.0
did:plc:7jen3m6ctd5a5c7shfta2kd7	0.00462333424077934	0.5581471120681217	1946.7410151656018	0.0
did:plc:7jlwq6vdrxn2beek2v3rfdu6	0.00450704225450478	1.4296921580383015	1289.2994220263513	0.0
did:plc:7jmdeb6cy7padobqhsthimh2	0.0035427210483439	0.8367059497709266	1456.1728636058854	0.0
did:plc:7jptqjpmztem6zhabvef23gx	0.00756336877043387	0.564382326762961	4332.60372947202	0.0
did:plc:7jrwzqmff5qxb3l3y22mruvd	0.00255168614260483	1.4528023306454496	367.51027225104167	0.0
did:plc:7jvxyin56hut4tsi7bq3ywom	0.0054671968196312	0.9969904829258768	1597.780453372188	0.0
did:plc:7k66ckasrgcssskyfazma526	0.00475624256920536	0.7936208643435382	178.17916341258066	0.0
did:plc:7k6ijwyigcm2nkll65f4od4c	0.00464730888482096	0.6211594997392118	1568.692024363957	0.0
did:plc:7k7aa6gflyzsg2k4244we7kp	0.0076511094110617	0.7918653887514896	2127.625785652136	0.0
did:plc:7kaq2tan32kflwbearjjotc6	0.00739934711664899	0.309706628801303	8149.44087066682	0.0
did:plc:7kczvtue5sjagsa6yhcf2whv	0.00757456210070881	0.484374049597373	5117.97205663763	0.0
did:plc:7kdox6yu327vutzjnhdq4akj	0.00389488430838879	0.572939039895828	473.114817059336	0.0
did:plc:7khruilavd27kvrri75dqcmh	0.00618388934280471	0.7621766882646908	4493.271178821693	0.0
did:plc:7kpavo2tcz33j2qnjaq6apxb	0.0075662042926127	0.967928077225111	1750.8211404325466	0.0
did:plc:7lfzdxmjdfjqrcdbnhlq6bxr	0.0076634599755546	0.5266206447982223	5152.995456143227	0.0
did:plc:7ln5tbdelmvl25tmbqividan	0.00290843619633403	0.9055498008817008	404.91210769925175	0.0
did:plc:7lov52mwad7k32xfxcyopyfv	0.00353348835130312	0.6123969460470962	1161.119668820135	0.0
did:plc:7lprbst3ceqwvxqfkv2i3ynl	0.00301685891761644	2.033192150625835	85.39407032628507	42.0
did:plc:7lprxzjnqesusp6skp6c4zog	0.00466344533182222	0.702541662470998	2678.7144462832	0.0
did:plc:7ltvfa3rxitt2up6bqdgb22w	0.0124153498928631	0.637223049692077	2263.07789782655	0.0
did:plc:7lx2rgql5vzutabdypbjjpxf	0.00509102129040338	-0.402288277058835	27872.3686735965	0.0
did:plc:7lyftms2rfqcocufq443pxfq	0.0123900879298869	0.4098105555048846	6958.488661939399	0.0
did:plc:7m53ae3z3h4lcrztrmox55o2	0.00288335517696462	-0.304013017837501	19548.288155992	0.0
did:plc:7m72n7bw6kbydqat55i4nxqq	0.00712377560229159	0.7674727355998945	1761.1293792678018	0.0
did:plc:7mf6x5d7su5qtuydgmrhdq75	0.00917252147045449	0.303869396295377	5894.50142560434	0.0
did:plc:7mkaw2jfxnmztfc36rb3d3fa	0.00547454592021604	0.6731068130744217	2269.851315073755	0.0
did:plc:7mldkrmd6fqpsm2qjjzmxtgj	0.00463809772757992	0.7605265242089008	2168.976104120006	0.0
did:plc:7mmgyiw4mtumivki63do7c62	0.0027743526510552	-0.349557537771104	22926.540476153	0.0
did:plc:7mpq4unbmbffivgxvkdzexa6	0.00942803268386763	0.6517610111130293	5381.541557781088	0.0
did:plc:7mugny2nfbaaod7tv2yexzdq	0.00432444419826068	1.357873914236993	599.5232807225973	0.0
did:plc:7n4h7zi4iq6fbhderfzy2kp4	0.00945945946205774	0.4214443781949052	4346.611482660502	0.0
did:plc:7nfukytuhy7xn2jglhgnoohc	0.00876211782579349	0.6490190654412856	5079.138154540219	0.0
did:plc:7ni7ly6x3rlm6ryzcit5lag6	0.00211141789841331	1.232662205244841	514.8146030612676	0.0
did:plc:7niw6rrm2k6trwyao5gijopl	0.00228504861335553	0.8122440952489752	1727.0963699491801	0.0
did:plc:7nlxbzicsyuo2amewkmipcqy	0.00226706804927467	0.806194487201782	896.8846180385964	0.0
did:plc:7no7sxryvshlmamc5zmhoqfn	0.00387269398707596	0.8124696761363449	1622.602046794804	0.0
did:plc:7nqanlxcwpw5mww5u4ux6c4i	0.00398718870657715	1.022400867880654	1585.865992566915	0.0
did:plc:7o5quapumbnrqxfdtg6q2oam	0.00612281649752245	0.285685279012704	13849.8336193445	0.0
did:plc:7o6g4sco7tjuofqcpcszohcz	0.00298004664491725	1.7223480760848142	792.383069084577	0.0
did:plc:7obt2ccswwno6et3ohrmlflh	0.00455927051766689	-0.360856602372163	26805.2922113371	0.0
did:plc:7ogynvn5okeakevjsj5desno	0.00345454545499205	1.8374777576631065	494.2029334061847	0.0
did:plc:7ohfo7gpajlhov6cjrua2qq6	0.00501355013621179	0.8957475584476466	1013.2753978413125	0.0
did:plc:7ohrbqsmh3x22bzaeec6ewt5	0.00952380952635526	0.409497751458438	4260.64462156554	0.0
did:plc:7oklmobcpnpoz63xkjc6s56m	0.00348352026992946	0.7399321098174328	1929.1332009495097	0.0
did:plc:7olj3mdzo22cz7r3pjottugc	0.00376695128110495	0.875435800341189	999.3094756001832	0.0
did:plc:7orupv2alwsda6l7nkxhcz2x	0.00315613484432064	0.8187837305797762	727.454528692389	0.0
did:plc:7owshe7wt4zdilztayjz5dwu	0.00263609141866851	1.159182716320421	506.7164108041747	0.0
did:plc:7p2cbc35plovhgomrzrkvuf5	0.0114799875964551	0.167937911348788	12604.7191261612	0.0
did:plc:7p4dwqjf7ankkvk2j32ro3kn	0.00332482536280884	0.6360297437070992	1785.59341495425	0.0
did:plc:7p5ypb5tpkxfyu54j22bpu2n	0.00671610466075934	0.6738828109361786	2811.5485922746325	0.0
did:plc:7p6qm6u53i55xmxgn7khtlo4	0.00326174035794453	0.66074017131593	1158.1042911448997	0.0
did:plc:7p6w4wuijxq7f2bdtcnpk2gf	0.0029673590505888	1.6006441840521346	428.87349968754154	0.0
did:plc:7pjydfb77dv6ewok3oyq45pi	0.0077879491780554	0.132680552083468	5108.14979491199	0.0
did:plc:7pl44qukwz6pf4hlvn2detdp	0.00347463516374647	1.479795998690299	468.2374488731602	0.0
did:plc:7pojnh7xgryqfr23yrg26oje	0.00375108584098407	1.0284481220804267	735.4031785328442	0.0
did:plc:7pt7ajahdk2quxox36lmw5uv	0.00357467827903522	0.7061572785572472	3251.3916494054574	0.0
did:plc:7pw3r5c4lskfvs7m5d2eroza	0.00653775322442194	0.5648690089359341	2738.679593122385	0.0
did:plc:7pwlpsndfg2sscijxz4ffx2i	0.00538252508418429	0.8061791183604712	1689.8194492394202	0.0
did:plc:7qdcmmqykyvadjgefdxne2ki	0.00579242804297544	0.48093412716415745	2578.3418532014803	0.0
did:plc:7qhlkccxrda5246pk7vkhyzg	0.0324543610947306	-0.331290615027088	21560.3118661881	0.0
did:plc:7qmncokp3bb6pvd5nzqiq7xw	0.00363284088195142	2.1609404282392135	313.2839344459847	0.0
did:plc:7qrwkznbbfcqx4ve3btgegds	0.008196721315478	0.06767466363534276	8874.20685542557	0.0
did:plc:7qsn56f5yim6fe4zpvy4ksla	0.0061671292032494	0.5952567255739296	6438.004027494704	0.0
did:plc:7qx3ik5pepjpnx46dncqwo5f	0.00630613415044086	0.7732228971364399	3740.8347815972684	0.0
did:plc:7rpkgdwcdsvjoq6vcoxg4beb	0.0050580526531876	0.747859993688636	4226.446880927	0.0
did:plc:7rqhm7hzic6eurj47kvvkyc2	0.00843253970091097	0.6524006231232757	2958.3707859382666	0.0
did:plc:7ryqa44p2nohrkt64tgrmtvc	0.0380710661136143	-0.484727103156818	25080.5886216532	0.0
did:plc:7s2kbagphs3urbbnfgqxtf3h	0.00645638577728547	0.7101138012107668	1132.9579158222905	0.0
did:plc:7s2nftzuiyp3px3s2zqwy2zt	0.00247972859908032	0.8996065054556065	413.4268605648727	0.0
did:plc:7sanlinwo5zokl3dcu6wv65p	0.00859598854214946	0.5162645276855518	2325.6511698584227	0.0
did:plc:7sbljg3b2cdoxbwlxrxzq64b	0.0040878896272455	1.6293147296614914	332.9231399184924	0.0
did:plc:7sfnpes33z7yw3b76zvywkkn	0.00359363643744589	1.0134388241465642	1558.245938796457	0.0
did:plc:7sg3njvm5hkmexbxytyzht4l	0.00716729108980206	0.605862058890384	3520.51968318283	0.0
did:plc:7ssbsfbkkbnnxtm4asgjw2ck	0.00587234042772777	0.5947163516084847	3109.7999208927986	0.0
did:plc:7sse3pwo45do6h3we2eue4mn	0.0143391521382787	0.73948354879601	3117.96785590588	0.0
did:plc:7syvbtrf5b2477iwzxa6kvox	0.0101715197551548	0.3758371377974283	4835.509484802234	0.0
did:plc:7t2pldc67626t7ta6zspqg3e	0.00404929577470254	0.467005329014225	1340.59698602215	0.0
did:plc:7t545q3zitlf2wjdxty7sm3n	0.00426985482516814	1.0110480543134843	2126.579080428741	0.0
did:plc:7t7q2qusxhlqkhdgvvzpkusn	0.00626370184815315	0.7312876013166935	1509.2921397935593	0.0
did:plc:7tjtvvp7woty4z6z4staqcml	0.00875401227202782	0.7501028089647581	3245.082522819059	0.0
did:plc:7tqz3jndshksd27uc24blqhj	0.00290314067051554	2.397696515089464	197.08906891432693	0.0
did:plc:7tt7ovglturojnj75cw53znu	0.0101219231759962	-0.215623084618122	15551.6805528136	0.0
did:plc:7ttcnm4e26sogsm3akny4xf5	0.00878309572626372	0.4427281724462209	4104.1364060900005	0.0
did:plc:7tvperqvsmjgfdvixmoesimt	0.00513212983454264	0.68804852985664	1671.24738140099	0.0
did:plc:7txiysvt6fgmczxqsp5yadz4	0.019126819165908	0.455318476954053	6620.20599875301	0.0
did:plc:7udx5ioigo6s42l7kifhvpmr	0.00813679245692241	0.15299658916829	6762.51636513507	0.0
did:plc:7uiy7gsqqwshhoyznorb5pvy	0.00599301683462471	0.7604224251793024	1048.69181368237	0.0
did:plc:7ujkjl2capt5h4qj3kzyutxi	0.00777873812050455	1.3148396813967247	642.2972128613155	0.0
did:plc:7ukszp5hndvib4ykjjuttcmo	0.00362247895084558	0.19862061112784987	12038.231968030052	0.0
did:plc:7uocbuxnul7on2eejlyq3ne5	0.00237834454707753	1.0918059600213916	345.3867029651207	0.0
did:plc:7uprlzm754uywhf7bwcmkknz	0.00371308017056167	0.7685369638536037	2705.3749906160556	0.0
did:plc:7uvcqt45oqlutlrtgx7bpodq	0.0030289679481466	1.1941825947699665	525.1339397937738	0.0
did:plc:7uzvbqgzvet4bsehzrpxghqi	0.00426932313462701	0.7646050810947964	1111.8492150327809	0.0
did:plc:7v3qmkfansyb4blikq4gmdcd	0.0170610897634096	-0.0719965753420723	13285.4439518907	0.0
did:plc:7v3qr3rs6y7qwwipl2sl7ni4	0.00726517903592153	0.509219515179079	2822.06731466668	0.0
did:plc:7v4fldq3ddtzsuminas435by	0.00639378173553967	0.47265104789785417	1771.2204877200572	0.0
did:plc:7v64izpajyjqnyve6bx2u62q	0.00539265251152281	-0.147092500060947	21692.437001804	0.0
did:plc:7vdim7m7nzqifalnniraxvqv	0.0099086846819785	0.533290454008692	4801.34729113968	0.0
did:plc:7vgt5zw2oljib4ul5bticvwv	0.00551111111164371	0.44968701451368365	3324.244928420949	0.0
did:plc:7vmdeinssrz6bulqnbeua3u7	0.00503341859959622	0.806294206362287	1577.56029012721	0.0
did:plc:7vmesxg2htk5pd5pslqnxms3	0.00322908988803923	0.561325746818271	1382.56147640241	0.0
did:plc:7voxnpwgyx2vhfo6cw6tji3t	0.00372201544365735	1.120751106428406	1375.1860759285823	0.0
did:plc:7vrvkcb3pfjz5koeqipkkzuj	0.00511688572355312	0.8793413579746081	1606.925467336941	0.0
did:plc:7vxznou4wdhsjr5ygoc3wijq	0.00583179865172074	0.5889337784962221	922.5084108109617	0.0
did:plc:7w3epm3rleikym3zyqucyx5b	0.00692273336444218	-0.034348912682318	16307.3740301052	0.0
did:plc:7w5g7ty2yrs6rjfih2ttbvlt	0.00333867521369508	0.528392091555085	4986.28724911622	0.0
did:plc:7wfblgauzr2btbdnrclh2yvj	0.00230135152104902	1.9047599300984461	236.43560360416149	0.0
did:plc:7wws6i2ckkhjf33aloswg6dm	0.0112739571666215	0.35573164540372687	3877.5389290240632	0.0
did:plc:7x6ffpekue5y3pzgxfsjv63p	0.00427153082452191	1.279868804642407	638.9255501466088	0.0
did:plc:7x7ycfngiayvbugi7uzdfruk	0.00479326604656521	0.5873346864509243	971.2289888585137	0.0
did:plc:7xc4lh5m5yklmhw4fcjkaaj4	0.0113817891448226	0.543480518160583	2448.65883612524	0.0
did:plc:7xej6hvs2giolza2ikn3czyq	0.00613685179695024	0.5699981662062881	4520.281436983363	0.0
did:plc:7xhz25nuuvwezxpwaxj432tc	0.00427126264541742	0.537116624098303	1935.7849544399755	0.0
did:plc:7xitbtnb3v6eoe24cp6yshis	0.00604838709878178	-0.429523366301388	24850.251357945	0.0
did:plc:7xizhxeo2gwjwokqty77rja5	0.00834276018175445	0.45530224974473843	3545.122439579899	0.0
did:plc:7xlhl4bluwnlxiekjc4y6fcy	0.0048199223464967	1.0392889476668072	1172.6771209355038	0.0
did:plc:7xuayhlqsocvbjndfbg5pm7m	0.00418320283195381	1.3658864323172013	507.5456279906197	0.0
did:plc:7xyzj3wq3onpylavw5nptp6e	0.00581395349063559	0.8832609329800797	1204.6851278720846	0.0
did:plc:7y77b5czc74374mwukeo7vlh	0.00398051496201391	0.6031367710113096	862.3809375370229	0.0
did:plc:7yjpbvkrufbi6bjeoqp7dlkk	0.00369036112856002	-0.304274727394515	19709.1124795347	0.0
did:plc:7ynftsegxxog5hsnkpa5vedx	0.00693533270985491	0.513327889194322	5725.91628353044	0.0
did:plc:7yoredhvdx7rza3noajfg6cf	0.00739542408139335	0.600219077489608	4133.34090683108	0.0
did:plc:7yuwwa5ye35xkd5p4ywj2vya	0.00451437296785124	0.8515635677668266	1311.0421738079424	0.0
did:plc:7z7fygdnco22z5pepvfbihly	0.00586383556614693	0.534280072158879	2433.72367629965	0.0
did:plc:7zc3njy7dhotg5gleozmxqnp	0.0053307008890395	0.7431012525372503	987.2989544057397	0.0
did:plc:7zcvsimdyslorjfzs5zpcgir	0.00506896145300342	1.2049270725962165	1076.5555183759927	0.0
did:plc:7zirbg4645hu4lu7zscbcgxw	0.0074589756393345	-0.554969348037449	34313.9556366813	0.0
did:plc:7znlkqnofonpbeqoxsfi477z	0.00469249911213861	0.216403122852739	6609.08298060775	0.0
did:plc:7zvrm7ci3cwldpa4u4nk2llg	0.00507743082068861	0.8193086663046033	2152.181815512867	0.0
did:plc:a26uatrvkbwvcr4rd7xntgq5	0.00530752419666341	0.6366396914190573	1565.2796363102307	0.0
did:plc:a2awwvbxcihcb44o4i2uiip2	0.0084638171997161	0.5625123296511937	2887.189117928101	0.0
did:plc:a2bkx7dxzabdqodqb5t7jwpr	0.00399562384084033	0.3804499085777	4479.57705084737	0.0
did:plc:a2ejwlabqqmx3zqyhvg2ir25	0.00631399317582374	-0.16380599021347	10705.923366367	0.0
did:plc:a2h7fsprggtjr5x7fkfjn2uu	0.00831499144121663	0.7190906521629693	3047.4152595471883	0.0
did:plc:a2jdcjdavec3pszfnz26p7yz	0.00481886240506984	0.7162279881641813	1972.2694406137036	0.0
did:plc:a2l3jzljht3cw7ksczrcjvuw	0.00293035300546502	1.5865533534444114	214.18142921850327	0.0
did:plc:a2vmlriesuutyx4tixckl3kz	0.00833796554021057	0.664447198846823	2914.65754809643	0.0
did:plc:a33sh7nzsxstfy22v4q7mae3	0.0120658135295852	-0.487178718436131	26785.4510340792	0.0
did:plc:a3b7azcjwacwvj7yt2arfoj2	0.00694343989717005	0.70741385967229	2915.03658096127	0.0
did:plc:a3le3koc4mihkbgyoysvutzn	0.00370114488784583	0.9476088850237265	1608.761012695551	0.0
did:plc:a3tkt6nxq3gzuivf7pljoujb	0.004377294550638	0.6961748318553277	2238.515168916167	0.0
did:plc:a3whmvmj43ivf2su2rylsiw2	0.00502895458771998	-0.0533757503961073	16648.6165792395	0.0
did:plc:a3x3rlkpiruslgkbrtegezlu	0.00784853143914511	0.6908911517627092	1378.9765784593583	0.0
did:plc:a43yoiyjqdp6waz7gym3czac	0.00247055698225289	0.6852103423908633	581.725850261594	0.0
did:plc:a445sa7lwrevrsen6bc3lq4b	0.00640548190247665	1.16410698399448	637.6342319040659	0.0
did:plc:a4f445bvewgu3o6wf4qxtgvr	0.0120788302668721	0.4247266984201795	3170.079582474811	0.0
did:plc:a4ihe2yflksan4ctifuxkxef	0.00313754441010033	1.0773395192970778	931.5385843560557	0.0
did:plc:a4mayzjvdcinqohxco3x6ook	0.00628025644559595	0.9637744799564791	2157.9709505441006	0.0
did:plc:a4qyubne5t2mazpxmc6rvu4p	0.00453887011202015	1.2545721357109973	1080.1870698804235	0.0
did:plc:a4ydaqj4p6vreivlcny325uw	0.00875608061481558	0.494826935054163	3412.11430049741	0.0
did:plc:a57ew5heuekgs263t6awskhx	0.00418645019680563	0.4778855542462546	4377.365040039841	0.0
did:plc:a5a7fvsc5nneewt43awdlxmc	0.00256742275410875	0.7308852110741382	817.2248343210299	0.0
did:plc:a5aqslmmhq2auufl2xo2fwcd	0.00260567458024029	0.7020261453359656	794.4793882403891	0.0
did:plc:a5g7fvhrizzzpn4are3y6sfy	0.0108286252440514	0.129866575115229	8090.41798932116	0.0
did:plc:a5hqgfgd52re2itwinf4jiti	0.00410286044522057	1.1147513920587035	526.6679870368365	0.0
did:plc:a5lelem6lxm2gjialumii4on	0.00428265524648274	1.0706921963728904	1259.36877189575	0.0
did:plc:a5lokunxj3i57kvbnwaowawe	0.00444382724724294	0.758473301174655	1249.77630440144	0.0
did:plc:a5me2jqix7zmoybefks4augd	0.00610790634738487	1.0695372730985506	821.8928209540246	0.0
did:plc:a5rx5gfqazmi3bzmmhiig4v3	0.00567869573230526	0.6278830838929548	1726.2704692437258	0.0
did:plc:a5smy5c5r4renhtqxw5mzd44	0.00345785736382902	0.47892435727976046	2523.727326931032	0.0
did:plc:a5xkb26itv2cjdbiwiknvgug	0.004795950087407	0.8453386944877066	992.2787250918836	0.0
did:plc:a6b5du5mt32syylvxiyc5tp7	0.00400703674746121	-0.195381547298193	17633.4116101518	0.0
did:plc:a6jhwq7v5rtibtb5kt5sefeq	0.00320428176563696	0.7506022023432236	580.4153711430415	0.0
did:plc:a6mjmwb5qufh7himrkvp4bpt	0.00923411190967943	0.9489821638907959	2261.9294518235884	0.0
did:plc:a6ntrksjlgeiagmoodkcnk6x	0.00263870564564982	1.9537238120169278	316.41086573314533	0.0
did:plc:a6qhvwxwkvez2lseo2mfc4sy	0.00888303997682034	0.6282959928410582	4500.460775667851	0.0
did:plc:a6tb6uucf6jow65ppar4ihgx	0.00926714956644135	0.744876829929358	1593.0334831605085	0.0
did:plc:a6yeyimuz46u2f5reqkklxjc	0.00482198295872336	0.6334344041180395	1293.0759909103103	0.0
did:plc:a72b5bohcr7u7hrfvwx2yeor	0.0048977853499963	0.38440483091703	4545.55262296992	0.0
did:plc:a76fgyr7lt6kx3uzzur2ixbf	0.00616979269685561	0.5201910339043286	4221.4896672215245	0.0
did:plc:a77badqt2wsywffk4acutjmx	0.00585937500221064	0.27059353105307	3884.64562018804	0.0
did:plc:a7n4o6fulbx67npgp7ew3lco	0.00348670692991681	0.42601322875745246	4963.19288744355	0.0
did:plc:a7nbhafx6a2q6wc2ma4wf2c4	0.00511444621781421	0.5011069472729197	5357.271392305223	0.0
did:plc:a7uadumjwjxknqd7uctdtdiu	0.0077519379846856	0.696302775961011	2392.273021860591	0.0
did:plc:a7xm7fcnwhlj6qwimflwzvnn	0.00445084990059018	0.7781415840571863	1177.3618079387188	0.0
did:plc:a7xo7d3kw2kg6xfgzbgx3crg	0.00435139970133239	0.672343237643926	1925.354683177955	0.0
did:plc:aa2lepsnrslapf7qd2kudg2i	0.00306263584284893	1.4212638710131342	502.1911585864965	0.0
did:plc:aa7ezwc2e2mlmvi2lvvnasym	0.00371891892069556	1.3196973419349287	347.0470484843761	0.0
did:plc:aabwp7uos7b7pt733kjy7z2f	0.0117857143192195	0.0944974924819067	7434.13816154847	0.0
did:plc:aae7x2jtt5pio7eu5crwg7np	0.00661194711208598	0.5046380987304137	4417.632007956262	0.0
did:plc:aajlbapytq3pe7jrrbulm6ey	0.00356313555969785	0.7684429663143143	1792.8637167784734	0.0
did:plc:aajn6xu7u2bwnqxjus6nivnj	0.010493179442874	0.5800749385398434	3776.0109125846798	0.0
did:plc:aak5adq2xbg7xuaqarwmwmr4	0.0132869345377558	-0.536510879175981	24198.2014470968	0.0
did:plc:aapmpjikkcu3zrn3enaa2h4h	0.00351245872152889	1.1795167830459679	358.67463635864743	0.0
did:plc:aarxiv4yotkqws5nszurwhbz	0.00515392115958887	0.6520361586470044	4628.760107907685	0.0
did:plc:aatufmsprt5hule76dpx5lev	0.00931520644783725	-0.337058208022281	19651.0534454314	0.0
did:plc:aauruvnd43ua7iv4rjxjxhzy	0.00234878403664353	0.743323962190898	1635.85714750698	0.0
did:plc:aawuxp2g4doffuw34ho4z2nb	0.00472260886941501	0.5883671341775621	2717.959907185651	0.0
did:plc:ab5x3hexounqcfkpn2dqrmwd	0.00204885736810163	1.3197205699609285	262.0741357814511	0.0
did:plc:abbxc4k6z4xzkjpenhc6lqah	0.00387448078498271	0.824811172359354	860.858555657508	0.0
did:plc:abc2knntjvxlekqcsv6zbqbp	0.00477297760388557	0.8419696111697244	2150.734057875477	0.0
did:plc:abjyxpx7jwi7dwlfcsril5kg	0.00241772339276261	1.6715387360283473	355.9106277455775	0.0
did:plc:abqvrdxrmt6epg7opa225gil	0.0048172135104102	0.8687034119652008	1386.2699502982734	0.0
did:plc:abv33zfa4ivjwus3obbr25gt	0.00714668572570647	0.841000205085791	2643.50373588459	0.0
did:plc:abv6jexpctjbo7a754in4dun	0.00214731383202381	1.2729582932524406	597.2337769538958	0.0
did:plc:ac3nlkmze5r3n24kzd2o5xpu	0.0025032001137917	1.3681360587091294	534.8781463932653	0.0
did:plc:acezgxgug52noqsfynwwt75l	0.00675545261561245	0.5878837608027004	4317.298449045231	0.0
did:plc:acimnrfhp6d2z5s56m7xaerw	0.00528052805341184	0.354771458269938	6451.2303009926	0.0
did:plc:acpbg4lkb3bs4ubec4dgtlck	0.00882301041435762	0.580988657262437	3287.14750534191	0.0
did:plc:acsfmpxlo532ethjgk5iad5h	0.0101701545185608	0.460919864805961	4428.6599043896	0.0
did:plc:acuqgkc4vxaxts5zf2zptd7f	0.0023399014778448	0.9711461903489669	3972.346424416589	0.0
did:plc:ad2nk5m2lbeebk4ovvuumsi6	0.00897934751594826	-0.268989950608911	20603.2723520144	0.0
did:plc:ad47ibh2e2sv62e5gcz5glpy	0.00551142810838985	0.7372811595322074	4030.04606442095	0.0
did:plc:adhaodx6jbahemr4pixbxkpq	0.00542339455251289	0.701488380005779	2417.317234892	0.0
did:plc:adntyw7eesgmjgtccdeemiqs	0.00419180043063254	-0.30477971130261	17081.5446044516	0.0
did:plc:adozrdwbzo67xzu7pl23wkyq	0.00406580582039563	0.5933318401608916	601.8374970374871	0.0
did:plc:adtxhnx5krzdnist4wwdrpba	0.00939505041511796	0.0950445628986039	9202.59101624281	0.0
did:plc:adue64amv3tl4uwfzuewk64x	0.0036809815954588	0.8929553166722616	2054.296729404746	0.0
did:plc:adv3ig33ke7ijxihzppdybh3	0.00343777625033062	0.656103489365594	3419.39565746655	0.0
did:plc:adw4pcwub6pcgkeshd7nee7q	0.00886627907292584	0.388772819483174	5154.94688754142	0.0
did:plc:adxv4siit7c4yxl2gdonnopi	0.0114226375982245	0.4422019234721206	4039.0654264248233	0.0
did:plc:aemnh2sk2ztn2tw6lxm53xw3	0.0222790359161654	0.6636044414206119	2568.5326006004348	0.0
did:plc:aermtfwammxaz42nyi6rw3pp	0.00300243053914625	0.9143080472635139	454.68221258069036	0.0
did:plc:aeylciskqd56ult6yc6otdwx	0.00546658949183151	0.8416181300321943	1557.2672776344957	0.0
did:plc:af235jxh3pxi5qvddv5mpwfw	0.00761727313081641	0.458165488888866	2050.114542920615	0.0
did:plc:afhr3m4qwfqjf6kkczena53a	0.0101583507723571	-0.116945823150762	17706.6435911673	0.0
did:plc:afmaociz5vxopehw22uhhcux	0.00335644217139612	0.6576716460701134	994.4168138973199	0.0
did:plc:afncdaff7hn2abm5cd2pht7i	0.00571282401330144	0.756343394763582	2860.78653452572	0.0
did:plc:afs3zbk4l2eqfd7jrl6gwxo3	0.00540765391026259	0.0945468952108066	11785.5438374919	0.0
did:plc:afvjqgrsikgamlhicihlglau	0.00614937865844083	0.6133203753486747	1693.6869160540098	0.0
did:plc:agazjjporumukt6kv5aylsxg	0.00274036955859388	3.52947883456066	141.1791533824264	40.0
did:plc:aghqbwpvbqdnufi2rzz7ehen	0.00636579572618476	0.5849370997330228	3266.0587262239956	0.0
did:plc:agog3aqallmoccow2737wimi	0.00771010023611797	0.640428166460199	2768.03525026846	0.0
did:plc:agoquurwgbtdc2llfejlsia5	0.00337662337710281	0.8300595840031657	2551.334408504835	0.0
did:plc:agtgxqkthng7wju22hizep3s	0.00767398783235131	0.7032521723723322	2959.1371101227587	0.0
did:plc:agzj5ykthlszajr5fb4js6cu	0.0066853569132786	0.435578742382058	8568.53384363583	0.0
did:plc:ah6b5z6tzoktzyrjijmqqptv	0.00480215136462124	0.7900358953746747	1202.2976515155603	0.0
did:plc:ahcborosqrfchi3iiyhoixch	0.00501403931077842	0.8051936307022999	804.3684152583781	0.0
did:plc:ahhznviie5u7s764svavdpnn	0.00579757260739784	0.9230369863870859	902.2274661350343	0.0
did:plc:ahjzi4zm55lghdctbsze37de	0.008966148218973	0.4887665663959211	1465.2147119100362	0.0
did:plc:ahoqpi2dwsq7s7iddowxdzwh	0.00460705647575371	0.9335759652393865	548.1216707084603	0.0
did:plc:ahre4s4zyp2katc3e3bkudsz	0.00687010704721877	0.547403612334157	2346.0858797225364	0.0
did:plc:ahvjj3yjv26wnkvxydfrw7js	0.00309844835528508	0.9047173671041676	744.9929084577207	0.0
did:plc:ahzjbb2plqkzzk24omcpcs3z	0.0052315502730361	0.7315125418326524	996.6878809738605	0.0
did:plc:ai6aov3o6xql2rohuapzl4x7	0.00765483646977807	0.712116848831352	1861.11201504955	0.0
did:plc:ai7hl7rg67huts7ffe2dh3v7	0.00527704485500282	0.5605639885791157	3983.565054377265	0.0
did:plc:aict2inosjfqgxp3k5rfyds4	0.00535185607214396	0.5792738364122118	4579.525710022286	0.0
did:plc:aidzivlkdw3k5lz4cejwq6zm	0.00420982924200022	0.37256740031963026	573.7087321816404	0.0
did:plc:aimlozyn4feqfc25gwdrc7js	0.00488107228712715	0.724573735442969	3737.39236522658	0.0
did:plc:aiqgpq3ztqufpszq4zcyxbja	0.0221483943672357	0.3779819197835988	7231.552024036291	0.0
did:plc:aittyvj6p7eighg6tvskpfdp	0.00311032118839359	0.6618415358165679	2128.651429042284	0.0
did:plc:aiwdikara4nttlpz3k43gsuq	0.0025285481242195	0.8576434534574883	484.5356024521536	0.0
did:plc:ajemdhbinxz76n6k6t3qzndb	0.00730460190486529	0.34998383360089397	5052.5684106390945	0.0
did:plc:ajfgszqwuuxp5nm645wzku7c	0.0048156508661156	0.7678069445214372	955.0356753109847	0.0
did:plc:ajfpwzcujagwzki6pn3ujad7	0.00374656313295749	0.4609059880143341	2297.264111335708	0.0
did:plc:ajhjfeczug4kpwwara6qsfw7	0.0032783814162818	0.7051845203642308	458.5652794443223	0.0
did:plc:ajhknhmlajx5bnwzu6rtnczd	0.00237430167627068	1.7965249020750913	353.48492385485235	0.0
did:plc:aji4gre355tfomqdvziaqcg5	0.00726602320904708	0.465670952377482	2756.21314677233	0.0
did:plc:ajjoct4bt547q2fquwsxsd4h	0.009065679928948	0.6371962660364819	4743.966175184938	0.0
did:plc:ajjsrdefr7wa3ymdrtylfhf5	0.00580684596804209	0.661374962302195	2449.970745448888	0.0
did:plc:ajnubqlskbnoujddnugm6vwo	0.00591224018690869	0.583678216041706	3034.11697312521	0.0
did:plc:ajothkkni7pondhzh4aqct4s	0.0188014101469141	0.22641125231185014	6408.48300353392	0.0
did:plc:ajuwbq25lu6uvoqdp7f76zlr	0.00565941752560894	0.7678698889373646	1552.37719053793	0.0
did:plc:ajzxzt4krqrsfdnhvwvz6c63	0.0080763582966561	-0.139715271459792	12347.1170152615	0.0
did:plc:ak72fn6re6fahaj3y6swks7w	0.00614439324308138	0.5081961620953336	4218.965205043808	0.0
did:plc:akbqqhei3mpbsgh5k7xz7zcf	0.00545888775216885	0.5384283796593697	1513.7106220228304	0.0
did:plc:akbrkyh27otkhukkmhay7x7b	0.00372093023257233	0.7277310788658145	1664.1418393148567	0.0
did:plc:akcfxeadpt4m2onenrh52ugy	0.00257948746710031	1.2449981324944586	431.7212278385631	0.0
did:plc:akcl6oy3mjbskuni6smf7uiw	0.00424808836047375	0.7870432868479882	1174.0112724649211	0.0
did:plc:akfao7in6q54r3x57d3pnazw	0.00516450737157241	0.7253023685284269	1519.907337909282	0.0
did:plc:akihprxm4sifs4qbogmhn2pc	0.00555102040868431	-0.40843443825024	27566.8366791537	0.0
did:plc:akjgs7x7lfh2s5g3hlqvr5il	0.0050867472102294	0.843747426931921	2418.8274174529	0.0
did:plc:akoioeibtf2bgmxb52ch47e6	0.00309462581192037	0.7723056329155028	457.9738798160517	0.0
did:plc:akp63d7tj3p5dlr2c4eatkfy	0.00424731509033975	0.8328520878893398	1514.7850647462246	0.0
did:plc:akpytdypx473rr42lfueedzo	0.00501167833324358	0.628075677065236	2660.75653672319	0.0
did:plc:aktvrqfkq7al4yiw2q2uu5qk	0.00648758779852424	0.8262609239831543	1272.8645901008533	0.0
did:plc:akv4c57tjkz76ymot6dylpc7	0.00723327305722576	0.398380295072799	3474.68334180144	0.0
did:plc:akyoejzrflvdn7eoj6uj4dko	0.00330959061813214	1.7563463913421267	390.65164813170475	0.0
did:plc:al63hho6wwpm5xsgt4zmokom	0.00535244488854363	0.776880077414909	1135.683246627166	0.0
did:plc:al6zoldghfnkkvd3fn4j4are	0.00274059910789672	1.882437553632597	425.6875103996894	0.0
did:plc:alct2hnabkm4ufppizsu6luj	0.00618369546905833	0.6647969657661078	2037.9217077519827	0.0
did:plc:aliob2bjrjpm6be652xsrkhu	0.00390768103559647	0.8916716767154508	1042.7370213817508	0.0
did:plc:alipfzuqgrxmpoods4x2bwj6	0.0101876675707119	0.167825518150647	2462.17348292054	0.0
did:plc:alkedv2m5hyl6bb6jt3z465k	0.00384042042529457	0.885179203970478	669.4972905070712	0.0
did:plc:alv5bgh7w5a7rltliaj6hjeq	0.00312292987615153	1.8587770641701775	617.9414357080817	0.0
did:plc:am5lt3235ehp5akxvpwiuo63	0.00369126033368223	0.7802594051114604	864.967671686066	0.0
did:plc:am64dtboemnrl4wy4masyv4a	0.00533228558657894	0.8972965299794237	983.0848105258741	0.0
did:plc:amdc7syva4pkdoocy7ejomry	0.00255872825766097	0.7502925320226713	1583.9292203651833	0.0
did:plc:amhpepxbysqn74smua7i66ot	0.00501626898118649	0.14993514164450739	10249.386672449924	0.0
did:plc:amiu5gp7k2mcqkrllzxac5cm	0.00272695490054903	0.8460532731930657	1228.367090644838	0.0
did:plc:amplkecp6q7devjjvinv3poo	0.00244305795690526	1.8809841821254585	363.1133381808428	0.0
did:plc:amrapibar7cgsp6sgdn36pii	0.00836881515571939	0.423625591795467	4482.04092101463	0.0
did:plc:amroz3qn2znhvk3zt4prrlff	0.00641025641193974	1.0075134842393771	1238.7078391000737	0.0
did:plc:amukbxu55fht4fpjs6dne4er	0.00456846524356628	-0.138680341760365	15044.7880437602	0.0
did:plc:amzpaswurb2zabprr3rqaalv	0.0143224385056061	0.0867683114523874	9233.01602322176	0.0
did:plc:an5uybpxfjiqnxhb4daytucx	0.00251181483278059	1.0611898322559283	785.2924688157344	0.0
did:plc:ana5mghlgphmxjuh54ohiawa	0.00652282991265061	0.159995014273073	7291.88012170522	0.0
did:plc:andrqfq2j4th2wb3fyg24b45	0.00473872538042541	0.7775541801270288	687.1862435427674	0.0
did:plc:anl7ylngnjnaz3sxxn5n524q	0.00452924191910292	0.43843798713963	4101.39503117903	0.0
did:plc:ano5djmhfwrgc4vtn5kn5ywz	0.00485739750523877	0.5772257200747459	1894.2453404520609	0.0
did:plc:ano7dj24fizyubjxtlzqskgv	0.00300466513800502	-0.231554897826117	19572.2498729239	0.0
did:plc:anoqmgkphn2cuwgoezj7uux3	0.00273792019488193	0.8397476519387963	2955.416512179181	0.0
did:plc:anp5wa44rtievacibcgvr55r	0.00646779303226139	-0.0757138068913197	12673.5568501922	0.0
did:plc:anwrvdyllngkzvxlbhqrkf6z	0.0104166666763841	0.7831990369707966	1995.3393844705802	0.0
did:plc:anyesr57bwobytddoohv6ehe	0.0090339233044318	0.8590289703689185	1520.7989881999	0.0
did:plc:ao722rdxs2enzxhyczhwayav	0.00806803314855078	0.6429713378885149	5473.561731501273	0.0
did:plc:aobqooyzkbe75nu3lfplqwsf	0.00447534859737308	0.598467421287882	1349.59022922289	0.0
did:plc:aoce4ev4ramygswhngarxe4x	0.00706142589882276	0.5935708603196954	1954.4268291361411	0.0
did:plc:aoeqkyajlu5mntuyox7ebrtf	0.00560949298863847	1.1845165892996505	995.1583546513987	0.0
did:plc:aoi5nzanvwzjknxm5rmuu3rl	0.00991159926121958	0.3793696450837547	4949.560162384808	0.0
did:plc:aoiyyqzfh6nqk2i2jrqyl555	0.0098461538576679	-0.313417155644745	21898.959936727	0.0
did:plc:aos5edwuruo4jgk222orw2u7	0.00446474568222962	0.7607651798193515	1169.687449955834	0.0
did:plc:aos7fulgqhfa5h5xvz7p6l7b	0.00285109156080159	2.11515560352765	546.1873745510378	0.0
did:plc:aoufpqylw5vuaz25nxboq75w	0.00229357798171698	1.6622251799672312	267.56300581955173	0.0
did:plc:aowpx3dlhxvgpdhjcvrjhmoo	0.00451679683921937	0.49232297554448	4323.69082612337	0.0
did:plc:ap4k6ale2i3nywqfmmzya5gm	0.0118712902283624	-0.691831629352517	24677.8996923803	0.0
did:plc:ap5hslapkugz3rvzq7k3hwor	0.00376476697397469	0.9431506249637059	727.042896075556	0.0
did:plc:ap7cvofyri4rqkwdtzjtgdiw	0.00415491912771947	0.25385267996394	6215.4862523862	0.0
did:plc:apeqry2abrv7dowscbvwnrs5	0.00555474345866269	-0.0268415307971515	11770.4742219284	0.0
did:plc:aphb7x6dn25x6ttg57ttjxtr	0.0165864099048104	-0.561989520172446	33672.2841509806	0.0
did:plc:apiwsx3vnntzxfwvatimbo5j	0.00763855030561883	0.789645677706633	4009.6369122202314	0.0
did:plc:apw7jx7s3xvttch7j4xjtcqo	0.00425747592503418	1.3866793554124115	556.3873930903545	0.0
did:plc:apyvwqd3zdk4bkas7vxvxnsl	0.00456059287802274	0.6565628015921774	696.660600942322	0.0
did:plc:apzi532jlpn6zo77hv2ny4wp	0.00566902876247293	0.7174546889766217	2375.260245387788	0.0
did:plc:aq2ctzswkbyxo2rl24bjve3r	0.00395757479822234	1.32384912215648	208.5818118495198	0.0
did:plc:aq3dcvavgrjuwlzuwuwi2z7w	0.00657894736997701	0.720451956362101	2096.35459730629	0.0
did:plc:aqdzdkzx7ittw6lkjlygbi3e	0.00427089688857857	0.6664116813960504	1588.0533617775768	0.0
did:plc:aqiyjaifbsskrbejvgxinat3	0.00712219007467143	0.3926108148146856	3282.1759132449165	0.0
did:plc:aqjqisckf5c63ou4ln5sopud	0.0087704213274253	0.548259842081733	3070.29529753296	0.0
did:plc:aqmizfmtkofxcbi36w6jgzzc	0.00647058823535957	0.636858504529253	3731.85855521927	0.0
did:plc:aqopeofp3wtnjpldr6oa7tvk	0.00331239291843418	0.663473917032991	2002.00677339801	0.0
did:plc:arai3ddwjqgga3nuygxwrnig	0.0167305682006443	-0.371816505785717	17628.0493885407	0.0
did:plc:arcgdrftfn27sy52d3xqbidn	0.00517777010713604	-0.220939552331383	22597.3163914819	0.0
did:plc:arlmecsux3tnz5ifroinlq5z	0.00553325377073337	0.5328812465447739	3302.4491124969486	0.0
did:plc:aroocmusuu54kmqaorsqmtkl	0.00691403549338759	-0.184242814024304	22485.9010715649	0.0
did:plc:arq2olqug7nzensy3zanbj66	0.0206458443931693	-0.21995181678354	17177.2925536299	0.0
did:plc:art3w75jdgsygrtcuksz56lb	0.0124407582995336	0.142180242039868	10635.9133379826	0.0
did:plc:arweytxvx43yornhrrius47n	0.00315157281334364	1.353336316130404	1032.3597102145386	0.0
did:plc:as2xgmt7544gfrfw3z5oyio6	0.024577573056726	0.0719835291536095	14792.2019639264	0.0
did:plc:as3665uuxfinztdjfeeiluuf	0.00619060075171838	0.6722333980877724	1953.8787547743905	0.0
did:plc:as4rbvckng4gwj75r3yo56vy	0.00360673256784993	1.027479975273847	1554.5808674275213	0.0
did:plc:asag36ayrq5poxyicoefwhvx	0.00339898901912055	0.8734974440521178	3632.4194338515626	0.0
did:plc:ashreeiwlcyhqjwwlgcyp3rm	0.00575590872278992	0.7420721001525133	1060.8295935925216	0.0
did:plc:ashzzep5n6daypbovawcib7c	0.00502135248087977	0.848149762568234	1173.1964346416596	0.0
did:plc:aslyaytlciwmmtc7eshw2vrn	0.00500588928222141	0.9775783517225944	1287.428485061101	0.0
did:plc:aswdtqxiibennng4wdny6sr2	0.00327083975265975	0.7986793242461896	721.7607146533055	0.0
did:plc:asx5zdyyguek2kk6sjweq3ya	0.00661779678426111	0.7711921058847871	2011.8912185108156	0.0
did:plc:asxumdrxjtp2fgi4zhj7bstb	0.00591122016722034	0.31419638063653055	2162.219282388578	0.0
did:plc:at2pdiok7kjo7btm3ckskzbe	0.00399680255823812	1.9493157650880077	301.3267774996448	0.0
did:plc:at6nlu43i6x2qugm3y2s37rr	0.00317243095308988	0.8972707227329242	1260.5742630444613	0.0
did:plc:atciqgbttscazpjxuyzl6lpf	0.0035542918077662	0.8822254408227803	1188.0362399189687	0.0
did:plc:atdbnc54qirckppafzt3s2o5	0.00714137859777779	0.53626378793953	2438.64254555113	0.0
did:plc:atfb6n576jpwvruofcpcqd45	0.00905413215476611	0.747259921362885	2598.55155461517	0.0
did:plc:atjgsloxf5lkpupsyyvuwkvr	0.0104949652626564	0.45162756120628156	2320.75352052604	0.0
did:plc:atka4swrkyxrwz3qbhi5zchz	0.00882723833863576	0.0262765216315821	9177.94312417953	0.0
did:plc:atozvln7lkr5iet6bc4d47uu	0.0172275641560792	0.16378730107588538	10945.343502030018	0.0
did:plc:atqiwb7tejg64affarrl7zuc	0.0064056939518649	0.8177333063852031	1896.0647410698991	0.0
did:plc:atr2y75eggyvfsbzsuqolykt	0.00469138073791665	0.9596175391810414	2800.6566514884075	0.0
did:plc:att56l25ih7y4p5thp4ouclq	0.00500424088281795	0.8273512692196331	1828.9751818033058	0.0
did:plc:atuyoru4iy3m5zed2djf4j5t	0.0114000712578519	-0.231879059547298	20944.1390564963	0.0
did:plc:atvkuljkbujil3hfi53wdb6a	0.00343452249103749	-0.4529053923206	24451.5934142447	0.0
did:plc:au27wxfys4qqf2426ww4dt54	0.00367518845437506	1.2145530650391427	348.20790161409775	0.0
did:plc:au2tppis3mqhabkhhng4wyde	0.00420371867445539	0.581373248862234	1646.36759010455	0.0
did:plc:au72p5ewzbuxue7tn5q4sji5	0.00521014241119108	0.520259087142989	6999.17891453919	0.0
did:plc:augck47fceaktmqltypi3w3n	0.00479369970911687	1.1394722484194328	1143.9920478772249	0.0
did:plc:augfschyuftjrqcgou3dvnel	0.00451930977911847	1.2104756526745664	1130.3504641004233	0.0
did:plc:aullvdpatzygblf5crmcoij2	0.00879593432692557	0.7275073132541563	2028.8425552873682	0.0
did:plc:aum3p6hn6f6wpn73lnre64jy	0.0160544217819365	0.4608759998257514	3625.238118810235	0.0
did:plc:autzu62d4yfjv3onffne4e2m	0.00481133227580859	0.7479991857119385	685.1250317695932	0.0
did:plc:auxwh6eb57vwqt62d5do4ljp	0.0083782166554775	0.7024917443132153	4105.796404041548	0.0
did:plc:auy2qp35r5bkipvygsyynxca	0.00621278799046066	1.226177610370489	1106.2088080583433	0.0
did:plc:auyogbrxqnby7njduom2slhq	0.00394707989211645	1.6321833431420771	209.21767639057808	0.0
did:plc:av3hvk4p4xcayccca2i5pmbn	0.00251443141981707	0.9451875860474254	309.1714994899005	0.0
did:plc:av5cgoymgy6ytm6dniawblka	0.00378412469760227	1.3007431877924367	1151.929132793403	0.0
did:plc:av7o76db73x6jjklqfaxycol	0.00718501411461236	0.8263623188518939	3226.1374554757367	0.0
did:plc:avjlcd7pw356fuscglujvjrf	0.00516214427596429	-0.0453264698051655	12772.738425286	0.0
did:plc:avoxjprmxbquutueh73xev2i	0.00399850056370972	1.8639139047890099	558.7530447765535	0.0
did:plc:avp6mte5pxd3tvyzc5a627zb	0.0072284908333282	0.2057417865728528	10290.273788279723	0.0
did:plc:avzveb33enaacyo7rmdmn3xz	0.0022594766891286	1.3962863771986604	346.2162600472104	0.0
did:plc:aw2q4rvkk5gsqdy6roakei6w	0.00389020019263371	0.3624807281083641	4311.979808661852	0.0
did:plc:awjnyjz3bsugkfxwgmtw5j37	0.00256339199117781	0.8712760300448271	664.5979023132119	0.0
did:plc:awk2s475hupoqpiyajqwm7eu	0.00623009829894169	0.6304390060401933	2463.420946328201	0.0
did:plc:awwys5jv7cu72dwkff4kg2q3	0.004283326368621	1.8506897239123772	555.0022596093202	0.0
did:plc:awycn3r4572ffn2gl74l7urs	0.00264443269161735	1.1177576510283143	250.8488011885949	0.0
did:plc:axcdvkvt6iixa66e3kx3mrgj	0.00219954249517606	1.2312686570338476	534.0043707823265	0.0
did:plc:axgkqovonsljegc4wfsdx7mg	0.00660988941299962	0.7305905389416649	2107.3294305554996	0.0
did:plc:axija7jcuilbkeit2aag5qjl	0.00744153083455851	0.5099403699882249	3567.9437079602562	0.0
did:plc:axipxz7cz7oycx4ywlp7f4g5	0.00556111667224851	0.9233244408539568	1335.811058708158	0.0
did:plc:axlloy7ujysr666k65bqi4ol	0.00554190411512605	0.6525277907093198	1462.8311351260968	0.0
did:plc:axpg2s5qmdfwy37po2j7wmqo	0.0042658593644822	0.7485778016246563	1962.3891892325355	0.0
did:plc:axrerdnr77fej6tcibksozku	0.00363758196563202	1.124980870169403	681.7836390830224	0.0
did:plc:axsdy6cvtkutshokdceug3iu	0.00671976107545364	0.5700304624234039	1860.3260740359844	0.0
did:plc:axv7hfjmgtvjmgmdph6iro3g	0.00700402732214337	0.6033622614700157	2872.460047274434	0.0
did:plc:axvutrywkmiqnt4iqrmph2nu	0.0054361104330009	0.18282652317335243	5710.683411774431	0.0
did:plc:ay5rwjpobhhuigrsurp2r4up	0.00395316253031829	0.5296011834596038	3838.952905582536	0.0
did:plc:ayagznj66cdicwhci2vfxitv	0.00297980120483288	0.862345910163057	416.67492556546136	0.0
did:plc:aye3wlrc244373x3qmcf76ju	0.00590482806745984	0.7594285648568414	2377.6982132782086	0.0
did:plc:ayi2ylh7gvsloqjgsfboibma	0.00691931019933437	0.23885708190633	5507.14603687476	0.0
did:plc:ayjkseoemdsax7xvx7y7pjas	0.00667668169068848	0.669572864949033	5454.203757104644	0.0
did:plc:aynd25cypug7kx7ennsj6g4p	0.00811093668649698	0.5197229892405296	5679.622522002254	0.0
did:plc:ayxecpauzkpnci4vgm7zkkf5	0.0037923561863077	0.8036681820624543	2008.3395972758105	0.0
did:plc:ayyvtinc7vkuzxuxpjj4lo5f	0.00717376452432013	0.5097052199862612	2977.6138559114856	0.0
did:plc:az2n4uy35hw26wczpefbn63a	0.0032675855518619	1.9239992983241057	299.2457058193204	0.0
did:plc:azanefhny47dz7pxsmoadfve	0.00907441016628438	0.523700599661425	2675.90542575397	0.0
did:plc:azi27f6jdow5l62hutaofpon	0.00544316429339532	0.9299251980072667	1326.7220328612286	0.0
did:plc:azk3oxmll7cbs7eefd46jkc3	0.00371241183200532	2.3565850308686014	424.80191025972624	0.0
did:plc:azlvxre3xhhzvuj5hcjkil6n	0.00681375730185349	0.6296207170819541	3443.0192384078914	0.0
did:plc:azoxkyltdioeyjsuo43cnxem	0.00247039387347473	0.619378418965868	1035.7132813545875	0.0
did:plc:azti6bn5jv4fwcyt4dm4rrtk	0.00402833726934284	0.7031940767017882	1622.6946250277867	0.0
did:plc:aztzjo6qmc3jzjyr7qck33xl	0.00656694637150257	0.20099349234818836	14237.685143262817	0.0
did:plc:azyda7k3fpdqto6pxrfpjfwk	0.00242349363244411	1.2337672893366771	415.2775731985137	0.0
did:plc:b22eievglqsjqxdiqjezciy3	0.00589558606996892	0.7291770912988769	1338.1736833038765	0.0
did:plc:b22xqm233xk3waqorrsexgzk	0.00363594390296082	0.9946650610561774	783.1658982287497	0.0
did:plc:b2a6zsmv2i7222fx2io7qlal	0.00714613853421133	0.737933146083179	1388.7873471299472	0.0
did:plc:b2d4lpfei34zymv3pqkmbbag	0.00703346568374827	0.695004110188945	1544.1129234143768	0.0
did:plc:b2dtwx44cqcrmhyg3yy7o7cr	0.00209733799417258	2.6507634853778215	144.1659348081512	0.0
did:plc:b2ef4dhem3ogfoj3o2xc2ivy	0.00294918967517389	0.250108112204205	4045.3179661633	0.0
did:plc:b2hmvysi75fsznde5ad2y7cp	0.00635962663699346	0.3832628783447838	3908.092883819544	0.0
did:plc:b2mh5wjd6s4x74dscbggtht5	0.0035831028417364	0.6934642776929577	3816.386868626534	0.0
did:plc:b2oczglerg5qhbo2nbkav5mm	0.00218959761664556	0.600870482168991	3872.61925110703	0.0
did:plc:b2x5zfw63wewud24bewfdxym	0.00442930153425725	0.28455178252534336	9757.004156805642	0.0
did:plc:b2yzethqlfhbohwtfbehz23c	0.00343376698792905	0.9634009235604252	876.4953089460377	0.0
did:plc:b33k6bpwlxre6xy3i3yoca5y	0.00373148682474095	0.299560784014932	3665.85972969451	0.0
did:plc:b34xdrf7yns3f525ahvp7qr6	0.00568884491762436	0.5588328398900736	3604.3283116165544	0.0
did:plc:b3f7expj6qf5dgzg22uttmwr	0.00685027261426649	0.7246510844901242	2220.9973711261528	0.0
did:plc:b3gwxxituuiwagn4ue4qugqs	0.00501202886999738	1.059877867353416	1078.205019671677	0.0
did:plc:b3ihsjgucnrx6r7aus4zutbz	0.0059737156532197	0.610214115728084	1543.26772073823	0.0
did:plc:b3k45rgpmibdzuqgyrcu77zc	0.00520553604690499	0.6520667350353286	1983.033429320892	0.0
did:plc:b3k4sjz3d6lxrugk7yrnjn4v	0.00837477100310566	0.5028993743359305	5369.6361319731095	0.0
did:plc:b3tbk4xtman5jp7rcobrzcgy	0.00413393964473763	1.5772897476027432	766.2896498702124	0.0
did:plc:b42vopkfmvuh6bsdgnhnguai	0.00513013601986507	0.6701333816090927	1137.1992867829324	0.0
did:plc:b47yoqenfbt7gjxb4cgbe7hj	0.00265530443394529	1.9054542582816971	507.5977753053831	0.0
did:plc:b4ds3ci5jworfo6r5rvcvszm	0.00341597303031416	0.6020693926673377	600.9057253239893	0.0
did:plc:b4fjokden33m6ngbaoa4r3dw	0.00772710139943061	1.0786450307309365	1297.9882575049699	0.0
did:plc:b4mvdv6m43o7fduniiagiujf	0.00860993263517163	0.404948430454677	1829.34701307059	0.0
did:plc:b4o42oamjuqny34e5igtayu7	0.00298995825355337	0.9289340338888807	2906.076316481491	0.0
did:plc:b4stvstdfdw43st6u3et3eeo	0.0048799280852765	-0.518920685190883	28641.2801435382	0.0
did:plc:b4tdg7puv53pj2yj4p4qapgv	0.00693430657066999	0.8956496684203521	2194.831195637691	0.0
did:plc:b4z6dgydt2cklgclxfxcusqs	0.00205096333135665	1.8513572315026918	359.4929860011176	0.0
did:plc:b5ky66s7q4r2z3xn532gid2m	0.0227405248975773	0.3383543691208952	6663.567491561459	0.0
did:plc:b5lzn7x33qnonyu52kfcw7v7	0.00911048534331084	0.159958598823169	1760.53140709742	0.0
did:plc:b5p4fhiroju7i3inoh6qw6eb	0.00351384869789373	-0.342162208559272	24248.581871498	0.0
did:plc:b5plihmktfxqljdrpqdkx5fd	0.00704613013448014	0.5676667955010465	2405.5635317960846	0.0
did:plc:b5s3fcr3e4s4rvd3s2v7uwsz	0.00637924991271459	0.9809065223820128	1001.3079489961176	0.0
did:plc:b5so7qqqo3bjcy34u2ud4yya	0.00224044119464454	0.483759923651203	1510.70073468014	0.0
did:plc:b5vbgntfozdqcr7d53oclqb5	0.00780762024198726	1.8659551968224213	399.9362151938596	0.0
did:plc:b5yj27hxo5g7ppa5dwtbmqj7	0.00358855924715469	0.7077414197276	1621.05385319631	0.0
did:plc:b62owfzpn4uch4wqu4vd5c4o	0.00605060506251141	1.008689813868519	1958.7586076310163	0.0
did:plc:b63qaqkwkamqansdnggs4xtz	0.0105091770372893	0.35317633213439076	4503.687061618597	0.0
did:plc:b67qrw75xrd5d4iovmfimjw4	0.00260621300226128	0.9129229803016622	435.95763838700134	0.0
did:plc:b6c6cyh6ugjnswuldyg2surp	0.00480807757112534	0.9854466277431452	1155.1885180009763	0.0
did:plc:b6fg7x36of5mw4fya3oudlk5	0.00413052457687832	0.413891394402827	6924.072113581	0.0
did:plc:b6ljywyze2efltvazhjcpuaj	0.00853096741525233	1.02719794076189	2240.825315206661	0.0
did:plc:b6so6bv55yaipde553qos4jp	0.00307526945931569	0.8117986610772951	1564.4364563323825	0.0
did:plc:b6tsmbjsx7m7mnn6wgmqatsp	0.00372826365405096	0.8318510849811058	1267.650292444236	0.0
did:plc:b6utx5peudlirconvuofl44h	0.00412371134046459	1.4646714583050904	503.23617365859	0.0
did:plc:b6zmyjlah5z35eejktq2bdhl	0.00417913074105393	0.6397951487089366	1793.1125995812167	0.0
did:plc:b72hyaujhcdjojxiccb7g7r6	0.00522552255288144	1.1518742239686184	1596.6694458314646	0.0
did:plc:b737rrrtlxnqtvv4znpvfmt4	0.00670640834722074	-0.250819100635726	16016.8306647303	0.0
did:plc:b74nogkpsqhuesjnleahoxsu	0.0112273539245703	0.5568153344603856	3554.5604588623246	0.0
did:plc:b772pgpcpjgdkxn2q5qcodig	0.0058154364150557	0.5253780623688635	1350.786477382736	0.0
did:plc:b7crm65s3imlpkla3o27c2ix	0.00766188828963272	0.7102460318535465	2733.6877714375555	0.0
did:plc:b7ii2vnlgosggdhnbzkpkiej	0.00743243243781165	0.37168592739583267	7957.182700526859	0.0
did:plc:b7r6vp5k4mh47xaylgl2dgyi	0.00905305088111193	0.49780180252912304	4510.408475979577	0.0
did:plc:ba23todzwngi2awq2pm6n6h6	0.00517552853929039	0.5709570741701039	1181.8806999766498	0.0
did:plc:ba2z4dygktckcq6fxkcw6auj	0.00676684247217351	0.273649400642884	5074.75628782496	0.0
did:plc:baedu3wp4jy744g3admdl7qn	0.00496774193621448	0.7044019973009503	1176.9335631188644	0.0
did:plc:bah22o5f3oz7tc4ra4sg7xqd	0.00541018571514155	0.6088757220823792	1138.39449795311	0.0
did:plc:bai437nb2kbjzdewq3jbtloz	0.0107719928274555	-0.200053835660611	11760.3760295323	0.0
did:plc:balfhlfiyjn5edidlu4tyspv	0.00590179414758297	0.614601965459735	4524.56638736577	0.0
did:plc:balsgq54yljneocwjmioqpoh	0.00234028668518035	1.4646418095379343	317.1844279352796	0.0
did:plc:bas5lz2nfoazqx53mnoh56p2	0.00424990525712473	0.6685132198346692	1004.3522792618804	0.0
did:plc:bax6bvykutlx7nrw52uzfzob	0.00216034565538474	2.1606257212272895	231.57887019639816	0.0
did:plc:bbd2fz7qsdswfseaodpvospl	0.0027819029891532	0.8982874977025713	1139.7532990003933	0.0
did:plc:bbehvxrackqhp6cljf55hc6r	0.00403957613750382	1.695130321886628	279.548260772699	0.0
did:plc:bbi665nmu4dry6auzq57ldiu	0.00739620104241033	0.377970504944502	6588.78819066307	0.0
did:plc:bbrowadjkrnopjbzcuacsq4z	0.00392554134487463	1.7483639720837987	719.4987746758902	0.0
did:plc:bbwe35joo3jxkpvffv4dmnk2	0.00402911359528662	1.9269343624579034	466.275968131931	0.0
did:plc:bbx7rhhwf2nzodgp7ltkrn5r	0.00213946892276821	0.8001399671098445	831.2495999854385	0.0
did:plc:bc33imuvle246t2363prrgc2	0.00332786727124917	0.553970545121638	3527.10101815764	0.0
did:plc:bc3isjeszrj4tj2rs43nzpjy	0.00707814269560614	0.578902588632084	3804.12765687881	0.0
did:plc:bc4zz2vhpn3ck4p6tnj3wojt	0.00492500559662727	0.9250543086778824	1243.847331051101	0.0
did:plc:bc5imktszt7xov33xwoztvvm	0.00273830952490668	1.0915292114803143	501.23203402709976	0.0
did:plc:bc6pbqbr7dxap5imofrbzl4j	0.0256073539100184	0.23124018993793977	7422.9635498586995	0.0
did:plc:bcdo3yu74cnxv37ehtmt35e3	0.00486374841839542	0.9490111132097235	1045.1990794026563	0.0
did:plc:bcfzj7i7kvlmnybiyzjxq3cm	0.00343357146858383	0.5899567047177509	4070.405809287948	0.0
did:plc:bcksg76yoazrd2vq3manipuy	0.00536491547785301	0.8026408967198186	1498.7584835635255	0.0
did:plc:bcnt77fpd4v3duwilunwm4rn	0.00743774927776169	0.8179583257737745	1574.486664257718	0.0
did:plc:bcoehduhixyjmwig6sreiqqp	0.004534657742274	0.5667893606252637	2652.8190478635433	0.0
did:plc:bcpi25hrmmcivu464toahlai	0.00451467268642596	0.6136101960445379	1188.58611947692	0.0
did:plc:bcwpgm75l4vsqbewrgjpzwfl	0.00256341924599441	0.9429022977530541	516.348245126351	0.0
did:plc:bcxkjmdva3as5ds7ti64cxz3	0.00779524490526849	0.3620404294631848	4306.093882520406	0.0
did:plc:bd3ylysn5egmj6cfvgsyvvzs	0.00718390805193866	1.2145270948947051	744.1806220767289	0.0
did:plc:bd6pp3iedzk3ebvcdfwax7on	0.00328250993130546	0.6269035895392745	1367.233999879266	0.0
did:plc:bdeav6pcjbindiaxe3hanntv	0.00947995666563664	0.765453316803735	1488.5967318327969	0.0
did:plc:bdemtan24wprr53ksr3pbpcs	0.0085345037797077	-0.466126066592303	7409.08635167142	0.0
did:plc:bdiaiwhdl7fvdxj6nq6xnae7	0.00700817620685823	1.0057246232269699	2764.1556218409482	0.0
did:plc:bdivyb6s5xpqqxib6xdpdxpo	0.0051265270512746	0.41514176318187207	5009.557281555799	0.0
did:plc:bdmxwjsuwk7n73my6vn6qqck	0.00501910255520651	0.6223244464071276	3424.564962728003	0.0
did:plc:bdoowpn4sv2eahn5hewqu6rb	0.00907441016628438	0.6877114080082163	2629.853071607447	0.0
did:plc:bdqv72lur32l37xfk3aq75to	0.00538227987912601	0.223672104487926	5426.22735440801	0.0
did:plc:bdrlvpmnqv325shkiwyuuouu	0.0069992553996519	0.8337902978168623	3313.293626818377	0.0
did:plc:bdrzbuy7f5gdw5v5yyke7r2b	0.00624721106830821	0.5721330765454596	3431.9365187380195	0.0
did:plc:bdvqjeoma5byugyrvtixvyby	0.00879676441172769	0.58421195546142	2549.49248464496	0.0
did:plc:be3ldxtzo6cav7yzu2z6ifrt	0.00386155606438956	0.498625191025157	5375.86299671114	0.0
did:plc:be62opwg3x4exevdj2nxmr64	0.00533594201668435	0.6954829325522588	1562.1621752007568	0.0
did:plc:befk6abp73spd4rb2kq45rsb	0.0145772595636222	1.0688852858028506	2992.4920388389905	0.0
did:plc:befwx23wdk6ipcsyexx2urj6	0.00523426528850762	0.8803010848850861	1287.8247801189123	0.0
did:plc:beitdwswt34zuxnhlkrivwhb	0.00303202577224592	1.700747880466514	496.56961182940194	0.0
did:plc:bemuqswzftdeiz6kdwmyaddl	0.00321451532263483	1.32975068854623	597.4371308648265	0.0
did:plc:bemxmmarzwb7ardgzbyej2n3	0.00649953574906086	0.440723118006592	3116.23360539018	0.0
did:plc:beoxgckl6pmybned3o7xra2k	0.00444182390039962	0.8135796440194764	1505.7101005876225	0.0
did:plc:bepnevxykilw2kjvdqaypiaf	0.00430903376367574	0.648402333045401	2392.5068021934317	0.0
did:plc:bewgr6xys3euxuztrh6r6i77	0.00302522113722378	0.6877734403295995	750.8741843737671	0.0
did:plc:bexfywb75kcu426cv6razuei	0.00536559192292302	0.5754903811244197	1887.2449374987057	0.0
did:plc:bf4eggu543teyojzk3hjocvc	0.00385367878137009	1.2720664905258887	980.0977732054333	0.0
did:plc:bf5rbnek7g3kmba77cxc7wul	0.00293092317639215	0.7159826857101306	758.8870319209186	0.0
did:plc:bf6euo4oxq556ivwge3homme	0.00958732805585081	0.5997890387084494	3443.3853713442822	0.0
did:plc:bf6nmtyymsckshuqjlys6sn5	0.0082841898536982	0.590937537871752	2666.44708690612	0.0
did:plc:bf7qkvmwuvyhxfv7e3aio6nd	0.00294692334810804	0.5146542203940049	2899.2658866361307	0.0
did:plc:bfemuj76hcwza4r4o6c3ajal	0.0033934252390723	2.1779614042835136	392.11861788050624	0.0
did:plc:bff4snble37ogzs33wqvkmfp	0.00272970363236424	0.8323444821760431	498.34711238834774	0.0
did:plc:bflnqk57uauelgcm3pboeatd	0.00678507284116976	0.647547222562771	3441.89438175558	0.0
did:plc:bfow3k4do43n4kur5tqowmjp	0.00389941110964963	1.198471057664948	955.7458671996408	0.0
did:plc:bg7ixo4df7nmxuge3z3ixawh	0.0101621098496622	0.4685199183549981	6573.680708259232	0.0
did:plc:bga76ksourfnnkmtydbr4mrf	0.00779962650140928	0.3738351569671761	2678.6654501524667	0.0
did:plc:bgc4y25sgluszxhivtlunsbb	0.00251448292868174	0.9191795276876774	398.2632542386617	0.0
did:plc:bgfhix6sbmvwpinhn5og5jgc	0.0044971381857818	1.0366919765880362	1377.4211852666813	0.0
did:plc:bgidwoh42aesxqeqi43zge37	0.0130606210004844	-0.100448444121825	12988.9601634578	0.0
did:plc:bgncrecbivzjcgqzln3gzw67	0.00520046972048111	0.8894276573868121	2223.6332615063843	0.0
did:plc:bgpds4zglxy3uojxxlzalybh	0.00392845736216523	0.9051426404477406	748.0655937791452	0.0
did:plc:bgphh4s727p74dindftr66ko	0.00786423841513158	0.021311396295085598	10282.48405679854	0.0
did:plc:bgrwrmnnp2qzbj2onm5wwpzo	0.00222528146075032	0.7220450019171032	1800.476180662238	0.0
did:plc:bgupmoy4t6ojf5waaewxilrn	0.00695461200717175	0.7628842639973141	4625.644595421085	0.0
did:plc:bh6m6fievr4yckulvdmsyrsy	0.00937818552550786	-0.192014617937445	13834.8363716787	0.0
did:plc:bh7ynfkobqz2nor4md6hv24u	0.00599739243848237	0.3016231961274673	5679.467627746953	0.0
did:plc:bhhkdh3mb3cbqs67kpoyznwj	0.00644451431195991	0.7765444757763541	4157.5858704933835	0.0
did:plc:bhlzp6o6bn6nnvs3v6t2fw24	0.00374201046077841	0.8388354613049939	580.152044004358	0.0
did:plc:bhofpaw5u3zjll5p67rnuxfs	0.00713012478328227	0.6785221520215028	1705.457959471371	0.0
did:plc:bhomkua24sbsuedbogr7u2bl	0.00553114108250887	0.5717242132640694	1104.546921299777	0.0
did:plc:bhqewakdr6pmj773y4odet3l	0.00346676938620129	0.7893661515856555	1304.837455956297	0.0
did:plc:bhr6ttm4p2adc6e6gttlmtql	0.00283291541450556	0.8965784610536134	948.2285763815221	0.0
did:plc:bhrgiuhn7w4s2edimjy7zdco	0.00551085638761523	0.712249808695823	1655.49843641492	0.0
did:plc:bhy36hqmxhnhvnwhocus2iv6	0.00315510144394308	1.0517998880887074	731.5363231306982	0.0
did:plc:bhyoym5kp6b7va2gfwjuanxb	0.00393472977670593	1.4095868117546069	919.3426665826829	0.0
did:plc:bigmamss66p5b2kkjuuidozp	0.00423728813678176	0.916802040326751	720.5030161075301	0.0
did:plc:bigpiegndfmdlgeade4s6zjf	0.00446910155748964	0.6667569787672584	1024.4086792896642	0.0
did:plc:bij4iptwywl6jizo2bb3dorf	0.0033774275260535	0.6796475056313562	5286.499717006706	0.0
did:plc:bijy477nukqrl5fh2bhot76k	0.00200138441639112	0.7251034404732591	1148.8191627291	0.0
did:plc:biutw4trgljawr2cfrrtgava	0.00520629962570967	0.8150062860967121	1877.0064913497538	0.0
did:plc:biwfimq7rv4r7rgrd2kmdhbu	0.00487298290539218	0.7557678078458945	2941.2196935056336	0.0
did:plc:bixeumbzmxqp5jnj7v4z4gp2	0.00313009455506119	1.431249525474443	533.6124131923452	0.0
did:plc:bj4k4tecrze4lbr3yxejvtng	0.00572201415135621	0.459949147634916	5254.63767120204	0.0
did:plc:bj5btfez7iknj46u2npyztye	0.00459729777246461	0.8571990711888274	711.7939304287067	0.0
did:plc:bjcivrcazlvzua56osbesvvl	0.00324049070298688	1.6432084963188582	419.8544216037632	0.0
did:plc:bjhtwagnvq4spbwb52od2bgw	0.00256146755223385	1.0809260675454313	454.8983490214074	0.0
did:plc:bjklybovq3gol23mgkut2dho	0.00319325584377233	1.0995193356818063	2021.0016882386449	0.0
did:plc:bjrxxsdzrkojb3omx3r7bnhm	0.00355192705337048	1.460856955796855	683.8980900830131	0.0
did:plc:bjsh5ruuvm5m5aj63ac5gkiz	0.00322848043290118	0.8903360474110605	859.2686577736108	0.0
did:plc:bjumbp5kr4fd4broqf3avofz	0.00413880236155118	0.62872412162558	595.6123356206082	0.0
did:plc:bjvpy4qr7l3c6zglakkkodez	0.00568407889549992	0.8356503846238225	1253.4170605314723	0.0
did:plc:bjz67y2okreonavpj7gmnywv	0.00525394045595746	0.8826699040747625	1616.9094804247852	0.0
did:plc:bjzvxbyswj7hksattbx3dkzk	0.00595965770381115	0.7017369015232475	3301.8324776080904	0.0
did:plc:bk26jsjpo775qfvpzujjutao	0.00521350546239824	1.109935110253664	1203.4037076615937	0.0
did:plc:bk5dfswaqmyspxonlourdzsk	0.00812127776827831	0.27910706498133825	4662.10836746109	0.0
did:plc:bk5dyujkwd7ucsig3prilzq7	0.00860802015881718	-0.312783689410019	19901.6313698328	0.0
did:plc:bka7k4uh4akyjfsbhcqxwowg	0.0176190476690697	0.405681467773121	5405.13503796013	0.0
did:plc:bkda2wwpbpgb2nasmbau3o6b	0.00301687564829328	-0.571468005760508	27265.1802302782	0.0
did:plc:bknyephvxnrgwjybaw4x4qme	0.00552217974402237	0.5900835876898614	2161.4351896196863	0.0
did:plc:bkrkqlnsawefdg2rpcpevivd	0.00461694571374987	0.9753898621807416	1150.5898365295175	0.0
did:plc:bkvrl3irin5bvyvbidw56sta	0.00405910050359972	0.8942815364243115	1190.3773657573365	0.0
did:plc:bkyw6a4vsn2c2fzlnqt7pbd6	0.00677200903077088	0.7613859574160486	3135.2476693132035	0.0
did:plc:bl32v7vp54kiryg5rgv2khzj	0.00603195305060591	0.6618177598839582	1867.6254740396137	0.0
did:plc:bl3yoaunb4thtgxxd4biyxwf	0.00205706108586456	0.9360765826729618	524.5081606007319	0.0
did:plc:blario56nt3znfznpfpmqouf	0.00778783414111527	-0.208145662970726	15983.7469832653	0.0
did:plc:blb7ooo4nzmn7avefnooz5cw	0.00581395349063559	0.537686547355164	3231.671523269309	0.0
did:plc:blbtihirbzrmffpzvfnbfwh4	0.00528069180667398	0.6169173856727336	1281.8533722119726	0.0
did:plc:bleritw3gsdas3hlyxrv6chn	0.0206013363341703	-0.21508806543557	15614.9649023543	0.0
did:plc:blhnlfviiqjs4wtqslykent6	0.00668247467274947	0.368510068358664	4306.1385222283	0.0
did:plc:blltfat74c3ga73h5l4wbvot	0.00263810478573076	1.1758252975292958	364.71613852587325	0.0
did:plc:blpf5ijddqacljelagy6lonq	0.00435549674737912	0.653038551081561	2994.76723565187	0.0
did:plc:blzwzsyevkjqlzbxauya7ezj	0.00320570256666593	0.7398119500740499	1062.475105095065	0.0
did:plc:bmcs4zxktuiffoactuaocuqb	0.00438265617810227	0.6390313365987804	1835.381005774648	0.0
did:plc:bmkom3xr2bnyz5hms2xbxnbt	0.00344082579864371	0.8565602476102768	895.3374772206021	0.0
did:plc:bmo4biptkpmvrfxakvu3mypx	0.00616591928440497	0.670081735565915	2733.77287749049	0.0
did:plc:bmsgr3qal4nil2z46ni4n3in	0.00562448304433851	-0.366641932188735	22398.3099254331	0.0
did:plc:bmsjyohotrxftsjwgppp445u	0.00512470105976939	1.016667231574633	435.4486868721535	0.0
did:plc:bmtypvtitp6urxvc4a6szuys	0.00290725158377813	0.769347835931445	299.0370149843956	0.0
did:plc:bmvk3suczvuw6mszso6on6ss	0.00638288696259032	0.459026344844573	1938.495197869568	0.0
did:plc:bmvxyselkmn65fyv3pnei3zt	0.00455934925746472	0.8877149906771467	1255.0584267570591	0.0
did:plc:bmyzbpd3ylqekauojwpkav5f	0.00431139672989133	1.28530600594687	834.9145618408813	0.0
did:plc:bmz64ckhhyqzatea55imjbdu	0.00594059406152611	0.435240167096876	7039.97729422292	0.0
did:plc:bn7u646g3bqymuscebkkwztr	0.00274437583523257	0.9427734854766315	1424.6626521516066	0.0
did:plc:bnkdqysk2pbe4uy7sbcsgvw6	0.00478021407127786	1.0968271798334235	676.6968291530306	0.0
did:plc:bnpnu4sfgxfhswfyfnzhkct5	0.00473997833237078	0.7985565258916646	511.81972119009185	0.0
did:plc:boacqvbgkzi22b4x6cnu4kzg	0.0110139293894923	0.534542255976331	6770.93437030867	0.0
did:plc:bocmx2ei44lhsbk4cg6x5dbd	0.00263296471848276	1.9650334713657813	486.0027331197898	0.0
did:plc:boeuklw4ud7wydgb5phrhjfr	0.00456068503445574	0.900800242531071	1778.8443071268712	0.0
did:plc:bofk3435ttxjl6zsy47oklv5	0.00950940134251847	0.527560073617172	4100.87006776746	0.0
did:plc:bojchrz2lmkla7chkkmle76a	0.00479769710620196	0.9318597620728207	1356.0895066194298	0.0
did:plc:bok7fmhro4ot7fznx5777odb	0.00631163708968936	0.5733010806363183	1864.4288973453647	0.0
did:plc:bp2nbcl6gmrctyafzp72jz5q	0.00496818617697027	0.9307803985520324	1348.5247145758133	0.0
did:plc:bp3clzqcthsrhda2qrrabrna	0.0130020896265333	0.572276343789797	2984.31373861335	0.0
did:plc:bpl6qfikdtekkas6coy7ogca	0.0069396252615598	0.698964703088402	3772.96548696239	0.0
did:plc:bpotnohnlgcj3fbmp7ugx4en	0.00315674682949593	2.261047108322842	313.3178655815179	0.0
did:plc:bpqxonfbpxbxq6xw3sdcg2wo	0.0042440885911278	0.9050620597682035	715.6895675191286	0.0
did:plc:bpwqcmyyvgfm2h5qzlxkqbez	0.00374661363802091	1.1682599791232327	1371.8179716223829	0.0
did:plc:bq6qg5amvf7izbp3qmygsg3j	0.00483344219543836	-0.292534892591299	20236.8917198944	0.0
did:plc:bqdabhfu6vy5fntigdlksgpn	0.0106456044411132	0.52811397267036	4547.99004580754	0.0
did:plc:bqiwprvyjxzsdgs7bf6vokaq	0.00700507614341876	0.698505749324338	1660.75150925721	0.0
did:plc:bqklfkumqugekmwgwlr2m2n4	0.00847579372589049	0.42387769442248713	4044.203128415544	0.0
did:plc:bqokpyzt5hj7gorm5rjd77es	0.00200697423548869	0.767103824166032	2776.82395164454	0.0
did:plc:bqslpcvatosdm7cstgyi7jt6	0.00394812464109105	0.5934785872220901	904.994400758748	0.0
did:plc:bqtostscrgt6qcdsaloscxml	0.0228658537728705	-0.0976056301433076	19201.0381079848	0.0
did:plc:bqvcoxdpr4lp3qmq5cng2w4i	0.00275911979573464	1.0579543875502093	476.232096961133	0.0
did:plc:bqvofawvjm6tebzl6xvtyi2n	0.00526583998946936	0.7889557409288596	1774.1713053882686	0.0
did:plc:bqx2b5dhyilj35hdlh6lmun4	0.00509784574972966	-0.110056296513921	17652.9380844078	0.0
did:plc:bqxgpjwdeginkw7iqfp4bamg	0.00787272429515555	0.5637994016444403	2165.5144085367688	0.0
did:plc:bqynkiwtp5kdwlypn2v2qo3y	0.00531132538055996	0.7484380832596451	1904.8678790595823	0.0
did:plc:br24bglztmnuqijer4ivkbxr	0.0041952707859049	-0.759251210933706	34161.6712917137	0.0
did:plc:br3ck2zob5bxpc6mkdq4ac6y	0.0078105931215451	-0.261964178825315	25119.0807553446	0.0
did:plc:brc33mzj6k2sk3nvuklfv5be	0.00472842655401796	0.8001029548741613	1781.0363976486558	0.0
did:plc:brjsrxjr35twi2shfav7o4pf	0.00588523786387819	0.594101411051611	3319.4969203251258	0.0
did:plc:brl5vbplh4qfgrib7u5kbggj	0.00541047467909116	0.36653222509277533	4733.941589901673	0.0
did:plc:brq7wx7gqfxtsjnv2runyath	0.00591641490647689	0.39782202806609485	4980.669513985375	0.0
did:plc:bs2lgp3cwsnpyrxymfzwibii	0.00662983425566372	0.6992143697250809	1698.3596110138558	0.0
did:plc:bsayhe7swzns22yjod64boxv	0.00276321670951403	1.106336347660903	591.6545669719823	0.0
did:plc:bscdbyzabnr6ga4h3y6tfnyd	0.00341972642234713	0.567501722869534	3773.2879032642	0.0
did:plc:bsdk3jhvaruhfdnqlrc2lx2y	0.00548331505615733	0.8122925556723167	4479.9243063100275	0.0
did:plc:bsl4rbejij3xq46kys3tgwc7	0.0195091252360093	0.404507070596487	4862.7680319427	0.0
did:plc:bsqlbaoo2rzkjfnjj5o3i7rd	0.00531608275452467	0.6508208169715827	1542.670246849679	0.0
did:plc:bszczvjhcpb2x744yd4wwjm3	0.00287551730183543	1.2169371704833691	392.0317801187309	0.0
did:plc:btaxgfxzyzwm6oixsqmplrrv	0.00328463998627444	-0.0631224224054558	16416.7794609202	0.0
did:plc:btp56jwv2ycuw4b5q5jb75yr	0.00687898089307922	0.6776288466358954	1581.4818306005598	0.0
did:plc:btpc3vlatdfbeztazjhgia4f	0.00857092881231399	0.9982294492094479	1746.0522593210032	0.0
did:plc:btry3agfgwv4gergfby3f25u	0.00588796944839081	1.5982354415824185	344.2502101782621	0.0
did:plc:btz2odnqydzpguphhnffxhiw	0.00400156452288427	0.8047934851715164	873.6773045606018	0.0
did:plc:bu2zr6q5afq7t33vj4mwg5nz	0.0137093615397012	-0.190653809174529	13721.8951099836	0.0
did:plc:bu6vh7oc7uaxcmavtxgcbzup	0.00442997438190806	0.7408463777637937	642.4542559547091	0.0
did:plc:buh7ha655onegpogoods2wwi	0.00231099372736674	2.3753710390366267	164.75269513797573	0.0
did:plc:bun6bmd2q66kdjyod6zydtcb	0.0055477782967837	0.628782411086507	1292.79618121239	0.0
did:plc:bup3mgwbkxpn2kny3vi7t46t	0.0152671756494521	0.45280938845609753	6501.8311065471535	0.0
did:plc:bussn2zx2x5wg2jujh3464y2	0.00312883176199219	1.0174953356624696	460.2975873150851	0.0
did:plc:buyk6yuwv37mxwmutkcni4pi	0.00260436614328363	1.6423665058964194	385.1528710009644	0.0
did:plc:bv3xjezsx5pz66dgdwxsjss6	0.0126394052098908	-0.440821014755163	28087.4958540643	0.0
did:plc:bv6n7ajg6lsevko6xkjnlg2s	0.00443155265494434	0.7710989152956115	897.599232548829	0.0
did:plc:bvfvtn7lhhps7jmhvxmrohxn	0.00374049081340031	0.623353973041024	458.4972545785656	0.0
did:plc:bvh63m7gxvyuaozzcoac432p	0.0113883771636847	0.7644476163224787	2539.513701099756	0.0
did:plc:bvhieeoc22tmukgfq7i226va	0.00636675881884165	0.6698299960284378	1449.5388327031362	0.0
did:plc:bvj2mwshvjezeywoejrhb4nd	0.00581655481210382	0.7157672630196755	4232.387765885107	0.0
did:plc:bvln5ajveyy4aa72hnd2eo7c	0.00770428653871661	0.5088232962576772	2868.8110366043225	0.0
did:plc:bvmogcevsf6bywiuluyxcuvi	0.00309032690458697	0.5197383200232425	3577.255256111366	0.0
did:plc:bvnpehg77r7mc6aamree4r2l	0.00392496686746364	0.6907699850322889	2891.481384813573	0.0
did:plc:bvwbo5otmpvtilsacn6roxcy	0.00312786084836125	1.291583659667801	384.88029349418076	0.0
did:plc:bvwhga2te7hcvbdbwy4kzz3d	0.00456119604791177	0.17442376511393295	8346.28975488235	0.0
did:plc:bw37hoseowaib4ab6kfpi3up	0.00598196983946751	0.5986994133786119	1525.9728089805362	0.0
did:plc:bw5utrbed5sdk4quzok2djxv	0.00467667955839269	-0.134742561704899	12408.7694844473	0.0
did:plc:bw7deu5dfb6s2l42kjwmua34	0.0039557882490407	2.038441646407584	309.19799402402117	0.0
did:plc:bwcfoesked326y7qprp45wb6	0.00351484896379747	0.300396300428577	6047.22159964636	0.0
did:plc:bwd25sfs6d4locwcipghbi66	0.0052546284934704	1.0156232559604357	929.2655800179381	0.0
did:plc:bwmp67elhtxcjniq6d7mshcn	0.00948766603673067	0.6054808316341865	2751.1189657513546	0.0
did:plc:bwmynjq4jvi6a27b6lwbfns6	0.00572628364428678	-0.33487034923218	19613.4753496105	0.0
did:plc:bwri5etslrdnbu6jpqrznf36	0.00312711731913996	0.9203112929286089	527.5573648809865	0.0
did:plc:bwza3wupxi5zc57damwisd4n	0.0064172682872462	0.5087680880080727	3830.7440704237483	0.0
did:plc:bxctbztsfl7zmi4637dhfqi2	0.00590405904275065	-0.41044322222585	25662.4262956651	0.0
did:plc:bxgqoyyoz5ndgurltbrxjdta	0.0141388175001003	0.4960934905461177	5114.029531236719	0.0
did:plc:bxh5yc42zlz6fbau77eriyjp	0.00605183528683507	0.6863779580646433	2623.3770808017957	0.0
did:plc:bxjvvbg3syyiwdg3kqesk76i	0.00492462915215261	0.5301996722957361	3096.4955619106167	0.0
did:plc:bxyhqirp4osmlbspr3vjocxo	0.0419806247887423	0.31987567477751655	5993.636778851955	0.0
did:plc:by376lwxdkm3mhf33agl4k3o	0.0100303550326652	0.0964291379120107	5816.53890949242	0.0
did:plc:by4a2kxd5h5mhp4v7x6cxd5j	0.00215024036623635	0.3072422828148251	2533.8153223582776	0.0
did:plc:bybdxprpfbwxod6j22nxcd7h	0.0144104803676479	0.367254150450404	6654.75148779557	0.0
did:plc:byc4qi3yyxi5o3y3utcg7btd	0.00974529347810051	-0.0479617716585196	11575.660071994	0.0
did:plc:bycy3lmceps5jmerjixi25tp	0.00349129305616511	1.0562078963633832	991.0240766564339	0.0
did:plc:byemjqauiys22yxrztbsbjvk	0.00583971003042502	0.9955833224007595	856.0480108677066	0.0
did:plc:byezmrfe6choo3wlzz5mbqvw	0.00234773276099452	2.3618480320521815	303.00372211526775	0.0
did:plc:bymjf7bo5eoikssywmp3nbpq	0.00297928358636791	0.9061544199478695	4216.159465400097	0.0
did:plc:byq6snw5ia2bya43dnhms35f	0.00765148710846914	0.478794492451117	3026.24311448057	0.0
did:plc:bz6nci5cyry3jpiiqha3yesi	0.00508232304856621	0.6297532624613787	2132.224488267737	0.0
did:plc:bzhlpi2un6yvrghnbqzdcy3v	0.00414261776332945	0.8047425559829677	1437.6387008330437	0.0
did:plc:bzr5counbcohk3sh2s27t4yu	0.00281864430100777	-0.159252897054716	18513.9234989496	0.0
did:plc:bzzi3yykwg2c5d7zdwvjf4wb	0.00478116954779204	0.9000831532352727	849.4469460392677	0.0
did:plc:c25e6vi7ojpyitmoi3xpuvpf	0.00628523294418303	0.7102925461169699	926.1038963245477	0.0
did:plc:c2f5oybx4nltr5ngm62crttr	0.00318923978241431	0.9588201681689175	1561.6460490079078	0.0
did:plc:c2uzgrgfsk2p5wpvbctcoqyc	0.00625383201397595	0.8276808906506566	1832.0204627050175	0.0
did:plc:c2xl6zaxo623jzbjb43urymd	0.00444586712294915	0.6869598435330565	1058.2530346464061	0.0
did:plc:c37scchrohj5stahjwz5wjze	0.00214622978975112	1.6286958372688813	239.9937534532723	0.0
did:plc:c3enyzriljjenchquygea3sg	0.00625951615812794	0.7830407990882298	1435.4698383323382	0.0
did:plc:c3izjztytjxm4zu25q2srvx4	0.0132962276052545	0.640689675589384	6407.36836373004	0.0
did:plc:c3kecbnekxdjysxuhwo43352	0.00868306802072981	0.5747706647090193	5426.6037959956375	0.0
did:plc:c3lxquskmtu3r7qtlnswa4k2	0.00641025641193974	0.6962781434451143	3347.75202139098	0.0
did:plc:c3pl25mk3272o22ospgs7k5c	0.00475508077140202	0.526819923624268	1666.59781572614	0.0
did:plc:c3popyirkhwhg4ozmaz4w63g	0.0033744919093691	0.47622699517638073	6997.602138528539	0.0
did:plc:c3sbbxgfvnnuxc44sfqfknpq	0.00604086065497114	0.742073991083891	1630.6035140377	0.0
did:plc:c3v4ymbadcks2s6mc33pm74f	0.00968494749366877	0.5139712456815007	3412.2686997226965	0.0
did:plc:c3ztxsvy7oa4gk5or35fkqfm	0.00813743219215636	0.49253392778617	4982.33081807104	0.0
did:plc:c3zu2acos73emyy4at3wimmo	0.00789473684228458	-0.156067679746672	17465.4608443808	0.0
did:plc:c46d4lhyukrkhvejeso66wt7	0.00493157440587591	1.0715011126509513	1174.314724867266	0.0
did:plc:c46jw5nvu6nnbjj6cayoag4y	0.00266098988844143	1.6730553283747325	362.9040923159802	0.0
did:plc:c4awiool6pxqwkfz2sui3suw	0.00954938824484097	-0.529119055362984	24289.1091869195	0.0
did:plc:c4azbpqsfkhlysqknkpkpskc	0.00597792765382764	0.396645143646219	3849.13076147675	0.0
did:plc:c4bt74n6vemex7aepk2gzwps	0.00430013163690996	1.0455873079704086	750.9898124572433	0.0
did:plc:c4hp7jhbezaw63qnu4k6gqze	0.0284629983987374	-0.577738961755991	28570.4400591555	0.0
did:plc:c4kr7ic5tnxtv2wchycblrpf	0.0137469157771698	0.579994542595031	4066.72436772914	0.0
did:plc:c4s6cmtzbpjn2ogo7kzy772l	0.00612265381951771	0.7054492173166638	1001.2128681285183	0.0
did:plc:c4sz2tvosvxcsb2oq2jj4ruz	0.00671508839395246	1.1060926225931593	668.5121683848768	0.0
did:plc:c4teizcoifpz3557tbil4d6t	0.00495785820893061	0.261559663689553	8176.74370367493	0.0
did:plc:c4xnmk46bgiphftdciv3kmmw	0.0947630924698939	-0.0799313191074368	14546.9463863497	0.0
did:plc:c4z4cejr3mvpun6zliyqyzhk	0.00577397512172772	0.6422572796208292	1222.4015399701893	0.0
did:plc:c52anvy4motnuriqd5lnnvob	0.00382272424626317	0.8102778468908571	633.1127194196551	0.0
did:plc:c5gskysxvxa6ihwm2ueogysx	0.00529237124108262	0.7858216267037346	1550.3969648399716	0.0
did:plc:c5hxvskpzmnnpaighcvaumob	0.00801749271564907	0.4303226881843906	2536.8716806379616	0.0
did:plc:c5i5agu663dc6vh5hfpq7jhf	0.00286918989063159	1.4544341109025603	267.44652557965907	0.0
did:plc:c5mxp2ghszxcju442jfl6qca	0.00217081188366021	2.4502130924317482	188.83894338132794	0.0
did:plc:c5oxqjw5jo3zeunoz5fzmn3z	0.00852595680182001	0.407164397002386	4785.16090799694	0.0
did:plc:c5psnkddpxf57usqn2dqbwmw	0.0108742931794815	0.3668655586343044	5549.253064668199	0.0
did:plc:c5tc4mctij3hzvx467ewtfzw	0.00330562901408054	-0.400493703052919	23007.2939902063	0.0
did:plc:c63xdgtudewseow5akwozcir	0.00215125729045294	1.8681090546818864	434.9710608437125	0.0
did:plc:c66tbgoedxpwd7fbmdhdnprw	0.00475661962981784	-0.609794439276387	34095.6629565305	0.0
did:plc:c6abhvielegx4im5wpahrk4y	0.00310644322878724	0.6319675164303845	1546.3189713723928	0.0
did:plc:c6fza7lwtakxcjchavr3mie7	0.00903954802557823	-0.0561393099911408	17079.5261617175	0.0
did:plc:c6gapb6vmriojv44ind2ncrn	0.00688738521160096	0.8444360616640637	1870.192722299808	0.0
did:plc:c6i2ngibut4ofgjsuoiequze	0.00546737213414793	0.308389258807075	9114.95456685391	0.0
did:plc:c6stn3jfwvyldtd2lfgeoksy	0.0310786108308496	-0.286872725254201	19171.2376569971	0.0
did:plc:c6vh76talnf54grjllkcdgwt	0.00686184812579795	0.8783596667439446	3439.650024954387	0.0
did:plc:c6yohjddzomxiljayux6pitn	0.0110597225096221	1.0235299303662786	1853.8590943613722	0.0
did:plc:c74ag6xuizww74iunzr2yt7v	0.00762388818795464	0.9564184966083108	3358.820059578585	0.0
did:plc:c7kso6n6ek66tgnukczlytve	0.00528707912127954	0.9172358996609525	2540.729271916605	0.0
did:plc:c7o6vqlstsyg3dc6ylukcsgz	0.00771789753844883	0.5854476571416022	3386.785792766903	0.0
did:plc:c7pjwgswkmmdkz2io3bno5ii	0.00509700756397711	0.9759828740989634	526.666860368806	0.0
did:plc:c7q75f7h42jsvo5al53dfpaa	0.00701480904259082	0.349114668923071	5797.05511059329	0.0
did:plc:c7qoodyhlk7nsmmy4gnmyrja	0.00360714285753339	0.839903276532533	1548.540498480017	0.0
did:plc:c7w4lg54csixmwfnjkpc7eha	0.00297921813704061	-0.285911776523228	19287.2850368812	0.0
did:plc:ca5pnpikr4f3iqsw7ugwefd7	0.00747647849990767	0.40562193737079094	3070.7419566198187	0.0
did:plc:cacesnuqvmbyni2q5admb2rl	0.00314537606771081	0.6367662980328551	1020.3052061130256	0.0
did:plc:cadegsbud2c2gehjyxnyujq7	0.00309939285868426	0.3805628513800292	5072.066463543042	0.0
did:plc:cahyojllvvi4boftp4zmivsz	0.00357330530781146	0.7829228331476825	320.19171613452346	0.0
did:plc:calnkanibss4sglt42fgbq7b	0.0020037240932848	1.729588344768167	318.88758442897404	0.0
did:plc:caojgmscg5o2q46yeauuepkk	0.00367298578206437	1.9786758899970913	402.53485934213086	0.0
did:plc:caqquqzuxozvx2oshx5cgjot	0.00545883741571498	2.1431439101725243	567.1671560955912	0.0
did:plc:car2zppojrbukdtlqpvumwkd	0.00521364615273302	0.474288408442761	5016.3490478994	0.0
did:plc:cavafdcooyzjfkngvez26iwq	0.00527167822069185	0.7309720453247425	1348.7922666208406	0.0
did:plc:cbgc6n7al6vlohoejnlq3upr	0.0033065138323519	1.2706749662783678	677.1647089746074	0.0
did:plc:cblrpgze2dl7bwtdo4d2mrl4	0.00684282556196665	0.506247340289827	5369.19608519764	0.0
did:plc:cbr5fc2flub7ehfd5wz5qi25	0.0120672601447184	0.4351223724754968	4377.482874444119	0.0
did:plc:cbsm4vmfxpowdlkcbzc5kvp5	0.00454525396150752	0.941153142049837	631.0219104559854	0.0
did:plc:cbypzo6jl2s3t3u2cvq63tyo	0.00975050187592424	-0.2941282017387	23318.1563963781	0.0
did:plc:cc22nqc5ue7b2dvpwkuak5zq	0.00263839811563853	0.6686308314197968	509.514137050275	0.0
did:plc:ccanlxzsfwvcri6vhifusvfp	0.00818046604269793	-0.372410380927737	23040.7940021924	0.0
did:plc:ccib5exuz3gtqszm6i7vppf6	0.00819423369141141	0.7178511129088271	2731.168604843481	0.0
did:plc:ccj3wmbypuxcpvbchuqvs6gl	0.00904367904619829	0.30231955663460985	8246.264061552522	0.0
did:plc:cckboadlhbj6id4es74zyjk3	0.00467631156013637	0.7229961580241653	1310.54883056698	0.0
did:plc:ccmwot4enzrkyaj6jjuscxdt	0.0086617583403311	0.0747326536257659	9518.10514477557	0.0
did:plc:ccodxfsem7cwkaompqbctzza	0.00573012939238404	0.9661968851700642	3820.019624681432	0.0
did:plc:ccoidmksybepsrcxvem7egj7	0.00424570912399417	0.5248429256270871	2730.841858498012	0.0
did:plc:ccscygoww4uf76s5eyu7pqut	0.0034422147360602	1.219121339666959	780.4552098569757	0.0
did:plc:ccssguy4p4kphiima3t44clv	0.00290972204512594	0.4955290652898026	2467.483613507506	0.0
did:plc:ccug7ikxyn6fflrim3dykb6z	0.00356000180293934	0.932642235917267	711.6278820059445	0.0
did:plc:ccwx342xwefgxlecsklczaay	0.005102572116248	0.6532478099396406	1920.0695124054027	0.0
did:plc:ccxuwvz7pn5bi6zdhjslz3jt	0.00503191888917421	0.952965792598771	1508.3368495843063	0.0
did:plc:cd2qoku533bg75mv75sxxjab	0.00831702544414351	-0.322670698697757	14501.9373756559	0.0
did:plc:cdcfyozrsgcfpdrwp5qe6jq2	0.00828672053422294	0.8439423151646757	1901.5784860874696	0.0
did:plc:cdjvitalhgobnpp7s43sw7fj	0.00340539390116322	1.0714826187008433	419.0792338493618	0.0
did:plc:cdjxigxbnp2cbkuexlx2h5e6	0.00547074454282568	0.64377444761731	1346.85242151046	0.0
did:plc:cdm3sjr2rgwgx7unqxk4gk57	0.00210915977963163	1.3457618853575195	290.07969636549393	0.0
did:plc:cdnmxpdf6ojfm643dwucxnq4	0.00549738219948953	0.6100316929446986	4040.6846361719404	0.0
did:plc:cdqx2uebomsocm25e3voqii2	0.027327070946549	0.513146536862601	7882.09302505103	0.0
did:plc:cdvn42qwviu23u4fqofshjzc	0.00430663221383511	1.2441687540565174	1178.9790352243517	0.0
did:plc:ce2s6mknucovum326mvupb4o	0.00395256917025488	-0.2922476628666	18424.3029106215	0.0
did:plc:ce6u3rq53z757l3vzl4ew3ij	0.0062534485947886	-1.1794662297222	49490.4029991437	0.0
did:plc:ceaiw7uszwxotpbd6tjpvg6y	0.00554096011516448	0.7740661809240965	1121.3080946309738	0.0
did:plc:cebxrxvtkrr3ngrmrkuqqzw2	0.00429660429683208	0.9521659323933259	4347.8028181896	0.0
did:plc:cebystlqbrx2tux6kj4ql2qc	0.0159958720463988	-0.196648542881764	21130.8922758807	0.0
did:plc:cegw352ouspl5nhkiyuvrny6	0.00369843087529568	0.6315382602603079	547.7907221417681	0.0
did:plc:cehnw3kecg6prvju5hr45nm4	0.00361579825738746	1.8974546386791251	399.9994420886966	0.0
did:plc:cesohahwhutxfurcebsffdma	0.0044639024819127	0.402816912094483	5042.830255366295	0.0
did:plc:cexf2j3klvh5xfymqh4uyxhx	0.0247311828860494	0.276483880112319	4577.00488052799	0.0
did:plc:cezhx3telcn256fvilsy7323	0.00569025235080488	0.717343125978853	2461.31566394306	0.0
did:plc:cf2clne6xyhfpw5rld6r344o	0.00879963898981589	0.579496261248071	4947.46807402512	0.0
did:plc:cf6giw5iuu76s5bvfamnopke	0.00204209708438021	0.9162645770669589	552.5475444317959	0.0
did:plc:cfa2aswwhsy7xgot7ghbar2i	0.00309338684069126	0.7947755877206254	1355.282985982939	0.0
did:plc:cffc5d5z52extegkpb4trlku	0.00238279621141195	1.103898879702642	465.70532261289316	0.0
did:plc:cfkppweczotkbgg7hgdynchu	0.0042195788460855	0.6643106893189414	1423.0694749592978	0.0
did:plc:cfkxqq5ac5zs26yclfq3fpcg	0.00652452522587615	0.8395843328944105	1623.6735945402627	0.0
did:plc:cfob5tqtfqug6rhlgv7uvoys	0.00800781250429445	0.678333398472593	2191.1262890921794	0.0
did:plc:cfoge2nfp6j4737wbtspnijx	0.00998773437234004	0.681260779679321	3424.24130707093	0.0
did:plc:cfqqphruzvrnhlqb37kvrlv4	0.00645657186944102	0.5363878698707732	4838.318171719113	0.0
did:plc:cfrjwfksgilcuoinojux6bzz	0.008280430586272	0.9136977114931034	2476.1785127968324	0.0
did:plc:cfrlt4ah6qvue5ktyb34jce7	0.00288312264375906	2.0566251706328877	421.11824452640917	0.0
did:plc:cfu4kiedlduclgt7bpszgehm	0.0050008065824227	0.5599024473432623	1058.5131717723584	0.0
did:plc:cfu5spznu6dnz2pgxh3bxwwa	0.00699893955590314	-0.555126953896481	30751.091380112	0.0
did:plc:cfuwsvjtkqihpb4rkuza2qve	0.00569827183799681	-0.286024962103072	10206.6039615331	0.0
did:plc:cfzsbgser4tctccrntpv7gn6	0.00623113621057737	0.382651462937251	4646.69578053016	0.0
did:plc:cg65aezanmcwdrdvldca5ixw	0.00507066566041229	0.7374087351851384	1355.7003276290973	0.0
did:plc:cg6zgsg7bfw56zzagsovkobk	0.0089389579409987	0.5721755398686222	1601.89774740017	0.0
did:plc:cgbvlc2n3ej52ffomsgxsjo4	0.0115562403769091	0.4977908903625036	3471.227321966321	0.0
did:plc:cgd774sx6p7toothvqivdugq	0.00215238915203954	1.7555814103181762	247.95572111359516	0.0
did:plc:cgdnmlcezmblme56pnoi36z2	0.00691598360789497	0.4638538502580565	4764.185635440516	0.0
did:plc:cgfhwl7o5mmhpoi23nzhpluw	0.00852514919366598	0.9489356120479323	3174.319062177883	0.0
did:plc:cgtqmakukuczhknfqtnpgr66	0.0042216358839531	-0.191915577396325	23027.7442177086	0.0
did:plc:cgy7nctv2jka47miujjdhmmf	0.00796812749439918	0.718590329966103	2296.4160575984	0.0
did:plc:chah5snk3l3on3txwjxcslqh	0.00590274524717248	0.6660424285330098	2262.7623827159964	0.0
did:plc:chcditvehvwxe5iwyxsnhk66	0.00839469808914419	0.8224759167975142	1380.0929449656815	0.0
did:plc:chdgxpkh3fna5se77xamc7vn	0.00861912538903196	0.8209594636567924	1268.7568335905125	0.0
did:plc:chho3m5xsenp7nrjf2rwfz5q	0.00885058810146342	0.7542819313821776	1812.5378744202353	0.0
did:plc:chl3ze7gwguranppbmyhlj6f	0.00549375085893631	0.8269048898979541	1005.1546656715699	0.0
did:plc:chodldt5c2n2wvxghllos3jh	0.0122605364044177	0.440794716723615	5414.99672651336	0.0
did:plc:chqx5nqra7xnwdffa4eghcnu	0.00315334684770071	0.9170983271985493	930.7317341031753	0.0
did:plc:chssnfhjzdalfymeumjjqqfw	0.00573582432225355	0.8152016650429542	1320.7330229201636	0.0
did:plc:chu7wos6nmmvh2r3eoucnqta	0.00470234632624692	0.5270940040807028	1518.4388504457067	0.0
did:plc:chvbsafzpjb7gf27lizwplzs	0.0139442231277747	0.13409523006783	8325.56377922606	0.0
did:plc:chwzimryvi37x56ll3jd5g6v	0.00314042171389325	1.0044063266536543	1141.1224105570477	0.0
did:plc:chyv7ipo3mpxvk5cjkc74fss	0.00355342533715815	1.2483533849699435	764.7076939454417	0.0
did:plc:ci2nz4j3jkilmfsaktsnvz35	0.00560591603104004	0.0932840536967504	7745.74211325689	0.0
did:plc:cidqxp5c7itvqbnoglkdm4gf	0.00627286983974842	0.6689749864408733	1239.7523113801858	0.0
did:plc:cifpyslfwgxyyipg37gi3bly	0.00735589140140427	0.9057599725889047	1748.9832778556083	0.0
did:plc:cisyakr2b2pib7gwevevce55	0.00406714486435918	0.8085752154189622	943.2326160750714	0.0
did:plc:cixf3xeup5rgsq47donqzd5j	0.00610607118129465	-0.199183136986526	19695.5055831548	0.0
did:plc:cj4fz7jzyq5nuqm5zbkdidtw	0.00500667556813665	0.5560185544754763	3248.2240242958055	0.0
did:plc:cj76mstpuskqihv7hzju4x2p	0.00457071159800272	-0.110284170540452	11487.2135500072	0.0
did:plc:cjf5cyja7mbog73soxw7y5lt	0.0080844374620663	1.0844734971520793	1300.5516030487734	0.0
did:plc:cjl4loae3ea3x7vlgjx6ah7m	0.00659340659495224	0.6201871174410784	2446.8646734800004	0.0
did:plc:cjlbvea5pws5gxmhprbkrimn	0.0048026934701371	0.6794314948801459	1779.4689863759402	0.0
did:plc:cjs2fmbc4negp2z7wysiupsr	0.00382390430466961	0.12875361973400556	9873.480660639421	0.0
did:plc:cjzpdqytxm4fmcdixm7uwomz	0.0101723650853173	0.7339355071294912	4060.6237802149326	0.0
did:plc:ckexagqmozbpafsfnajishc6	0.00419380744202282	0.9415348739933256	1012.7118986620218	0.0
did:plc:ckfl2h4o3ymh4ddz3mpx57ie	0.00371702637925277	0.584863158153745	4215.78859758832	0.0
did:plc:ckfqi7vwk6posruptzrsb2xx	0.00372999639067815	-0.50045047157551	28249.8422122505	0.0
did:plc:cknhhqophmqz5kluiwqg7eet	0.00311507817660451	0.9476994702714758	490.41834540877045	0.0
did:plc:ckxnjpar23v5u7qdncviarwk	0.00448604581042714	0.6884232562112776	1612.581196348962	0.0
did:plc:ckzpmz2opxzusbsadzla25sa	0.00418749155772319	-0.391720658314911	19891.4134135125	0.0
did:plc:cl7y63zotz24hnlcdzytmhdx	0.00263272096051759	0.7285098969396803	2224.416313574978	0.0
did:plc:clagavzrbqk4sk5trzt5mkok	0.0136760198109333	0.135347387774331	6860.07191656672	0.0
did:plc:clk2kdwzjxdjyshkpbg7dsni	0.00687134503606003	0.9292342838387087	1872.4541249589136	0.0
did:plc:clm62pchnv4yhym5ijbyszuy	0.0055710306407716	0.9559876368428735	1148.3071238338116	0.0
did:plc:clmv4wiyg36tkoi6a4ik7he6	0.00439641712654424	0.9990403074362622	872.7581659625715	0.0
did:plc:cloyrsycxcuqcq4rz7ncmswo	0.00581308690046097	0.6496015766195674	1082.494751501233	0.0
did:plc:clre25kqxsn3ab7cutk33b3k	0.0025977881689743	0.5596412016273209	3672.204348901938	0.0
did:plc:clt7hyhbw2a5cgbtx43z4rgf	0.00915940316433479	0.432387389916625	3449.96961940214	0.0
did:plc:clxfp36pbviedqlxhqlqi6aq	0.0132533922608387	0.580296476224531	5402.66815744352	0.0
did:plc:cm2bkfenxevjdwyefpkxupng	0.00576479631285298	-0.340439428398726	18243.9002150136	0.0
did:plc:cmcn333czyoozryv52he7ud3	0.00692567567700761	0.173411178846872	10854.3346887557	0.0
did:plc:cmkkmmrdzfhmmggwtjbmza2n	0.00387327440690789	0.723440218837995	1025.4115736733029	0.0
did:plc:cml4i2xjtc5gjucc4j6u7dk3	0.00491824220821367	0.6177273397032573	1894.0975332045791	0.0
did:plc:cmn2cpchz5hp4wj6e2ps5kmn	0.00902798676194364	0.194532628371063	9544.66678635501	0.0
did:plc:cmnmbukgngwhexohhfituqxv	0.00683303625173758	0.788628535397526	1769.3283667636736	0.0
did:plc:cmoxv6st4ybte3v6343m3sgr	0.00634361233653925	0.459312756297462	3401.29984853455	0.0
did:plc:cms5j3hlmolrlt6usshgb2ss	0.00555784273415434	0.43019347705284056	2398.930149746116	0.0
did:plc:cmuzddbeqlmcufpnubzsnizj	0.00337243824450747	0.6693118903423789	1066.558711811305	0.0
did:plc:cmvp2dfgs7qrfjo5n27limmf	0.00501655463098906	0.7106756217136344	775.0732872639043	0.0
did:plc:cmyxzlm5acu3tbji4wwzwyed	0.00240258277654112	-0.272956896479917	25584.5442669882	0.0
did:plc:cn54gi4w3anugyfn4czrrdw3	0.00661293655867177	0.8062818328957908	1616.0651862608943	0.0
did:plc:cnbk2v3v3n3x3kjlhkefzaij	0.00993698498453971	0.114669108154121	7699.50419764683	0.0
did:plc:cnbtsu43x45kiurmfufmkbcy	0.00679117147736247	0.430750956146374	1466.57581972022	0.0
did:plc:cncq7jossmwpcvyxn3cntdx6	0.00209390862953026	1.20052171128666	572.2684526416809	0.0
did:plc:cniuwb6elqaq5gboeue5xdbs	0.00451482947934202	0.584213439577874	4399.66656471785	0.0
did:plc:cnuxft6qv7lpbrg4onvclvtg	0.00503812636515538	0.25311489640117796	8716.02582743495	0.0
did:plc:cnwxb5t7byqcsuf7iegiy7ul	0.0084507042290026	0.48523820995666156	2180.462956469784	0.0
did:plc:cnymaqck2b6u4wjyf4qle3zu	0.00601503759602651	0.7081763019800934	2254.9121683307685	0.0
did:plc:cnzzm3ygmofd3fhxs4ap2bj4	0.00438619123900703	0.596234864927716	2191.28009020019	0.0
did:plc:co3k2pz6th2kgyx7elxp6xhp	0.00293036885451482	1.803830034852675	323.2072705147418	0.0
did:plc:co4pp24cx4gvjexckxgasemf	0.00747545708895728	0.8497364109061136	1420.3019637356233	0.0
did:plc:co7zahgsaufnfgnup6nueyde	0.00595238095246525	-0.238400338357606	20725.9530049544	0.0
did:plc:cof6jptcue25njhy6grk7mgk	0.00273218711597281	0.9398798108228452	376.7337255911796	0.0
did:plc:cogtv3hfctb6jcnyln46d4fc	0.00715595509643003	0.5890240365596874	1241.8956092272372	0.0
did:plc:coidzjrfo4f3zrlrva26sgh6	0.00411587779035015	0.635853627227904	1633.94921481383	0.0
did:plc:cooxdm77jhutyvn46wnroaxb	0.00889077054910741	0.09540885306642877	8627.299424223695	0.0
did:plc:cor42dn36djn6kugm6skzt6d	0.0135501355233787	0.435359632854005	3610.07223330398	0.0
did:plc:cp26qeakby32blgpf3wuvzbx	0.00523380523692122	0.6720333524716084	2597.552773347905	0.0
did:plc:cp3qth45nb57i2ph4obtzgmn	0.00337997318728285	0.7924411275443713	504.93677844269763	0.0
did:plc:cpbec4pyuhussdtkhzj67ij7	0.00558743582009612	0.693856381469062	1497.547941549253	0.0
did:plc:cpdyzaablgfswy6njam6liqa	0.00319241559458071	0.32017939368680975	11907.411300048052	0.0
did:plc:cpegbjaxrjozs5d5gwrtj5wt	0.00373632239159657	0.392132741111608	3395.18596777002	0.0
did:plc:cpfe4j5w2hboxry5awyoqlj3	0.00656777261949522	0.6759288544042051	3569.939934767842	0.0
did:plc:cphfmzpqi364us74o7ev6pkr	0.00402322977917606	0.7346513252994491	1536.5238022436847	0.0
did:plc:cplguu62kq5x4lssptdcy3y3	0.0049546950833713	0.5665781078820052	1419.9300380390162	0.0
did:plc:cpq4sq7wchagoalkd2oxt2du	0.00663523660008452	0.674708252184031	2923.36448339559	0.0
did:plc:cqfwfmqmpb6s47h5cjwitlls	0.00408743557872651	0.6176473713856265	664.7995385986013	0.0
did:plc:cqznylcbrcxl37le6a5u6wt5	0.00427369063736033	0.619983378242562	2027.15546742616	0.0
did:plc:cr43jd5l44wdsfoykxm3rjfw	0.0059737156532197	0.5277554947321923	5279.930522947318	0.0
did:plc:cr5dulxrun5jg3kllmr4yzcq	0.00716253443646483	0.4249873722273831	5033.1518094536505	0.0
did:plc:crcetsm2zlxmiupmc44h3do7	0.00277816089706978	0.9996851784570464	585.3228389248516	0.0
did:plc:crdyqyinej4zretgkh4eh3ns	0.00478509783898026	0.7091520112554182	1337.150443299617	0.0
did:plc:crgf37vi5u6wjw55fkiafqnr	0.00856011243483899	0.326737362039003	3140.73054504512	0.0
did:plc:crnqz2d2nprmo5gdkcjdwi2c	0.00501649257904891	0.5087335081651857	3991.0334608406465	0.0
did:plc:crpbufpg57gfse3pectumwqj	0.00264668843802002	0.8447109451713386	1046.7822156683214	0.0
did:plc:crrqem7xnzv7ry37eb3ieizx	0.00243151240076749	2.04981155033612	240.63965613980997	0.0
did:plc:crsein25b3hibbmkky2renvc	0.00473186119958575	0.7993091652607556	1035.397894559615	0.0
did:plc:crvajpeyzwy6fm2iw2lbshle	0.00666953528548596	0.5340024129213801	9500.207079398726	0.0
did:plc:cscubwymokwyyxht4xsgt2dp	0.005690014425872	0.5054450807193581	2781.2887231920804	0.0
did:plc:csjqdoqdmjrddxnyyq42butr	0.00266133596677365	0.6072865046111561	983.0776818470991	0.0
did:plc:csnjindxt7wnhyfatpmxfxo3	0.00912670007447638	0.2028503101647827	6460.276285575199	0.0
did:plc:csof7qze52vivsby2h277lep	0.00415383179319905	0.7022146845793403	1511.8327859715941	0.0
did:plc:csvjynkjgvc7j6pualilmefp	0.00696498425853669	0.5638001305626402	3415.1802295920747	0.0
did:plc:ct7tz4toimuko45g2ue6iwfq	0.00214297959891627	0.615099980021673	2678.24556486744	0.0
did:plc:ctalg53rsvnou54b7wddjhau	0.00261939409996213	1.0063814914664695	978.8606270543502	0.0
did:plc:ctbilqe52gp5a4lbrsktjox6	0.00412788952292346	0.638030246684844	3581.1721179314754	0.0
did:plc:ctjky3qt4unf5w73vpqcgzdm	0.00265594172125447	2.009096642681747	345.8126891894668	0.0
did:plc:ctk4lykcdk2nad63h6bt62lq	0.00782092772845217	0.65916236745883	1582.03614699197	0.0
did:plc:ctmx6njy65buuqb37citth7n	0.00718919866855773	0.47946461227700704	4102.968670494683	0.0
did:plc:ctphcgyhnllfluywokibtrgb	0.0040372765081834	0.5813415583353434	1386.7119509777808	0.0
did:plc:ctruzs7j4xdrh3aok446fmvz	0.00623772669698842	0.6746040590512531	2423.9137704656605	0.0
did:plc:ctuxgh6kbx2tozuhq25scwr2	0.00519076044704447	-0.348236908485661	19950.0870641061	0.0
did:plc:ctx76jbolnzbh2xgkylotasf	0.00826666667056792	0.370117486553455	7376.09838807441	0.0
did:plc:ctyusg5idq73pxxi65jpnt5b	0.00325085786537794	1.109796728632136	391.6863320858151	0.0
did:plc:cu5ejb55cbun4swdkzpfw5kn	0.00604574231650293	0.8045956741551744	1156.7036844688664	0.0
did:plc:cuec66dn53jz57lvo2uy6zxn	0.00461627236098339	0.47626184291023527	2740.349084319033	0.0
did:plc:cuj4y7mrrddsck22632gnf2u	0.00507643495886104	0.6216822377451666	1682.2057927807637	0.0
did:plc:cuki3biqwe7awqx2h4i6y3wk	0.00349863500233878	0.537772216489642	2019.88169431486	0.0
did:plc:cuo4ngldjuigrrn5yvjh5ei3	0.00654783557815176	0.550572559174984	5921.93739247758	0.0
did:plc:cuopodakbgdsgpsbs6bc4eni	0.00407465825580942	0.8666749289118806	2300.403469793606	0.0
did:plc:cuqxzyq7s2p7yfykwlhw766z	0.00753295669066427	0.5262073269040839	9505.090472312624	0.0
did:plc:cuxk3tmblkwmktzmuyqvtohj	0.0105087573072114	0.6926177203164796	2217.6576138495466	0.0
did:plc:cv2pe376yvhnm6nvdb62krrm	0.00501803355880792	0.7362123910362628	1555.6910156065362	0.0
did:plc:cv6srdgfkwctmgmomnemaupi	0.0037276829525191	1.580691112808674	607.4288140740072	0.0
did:plc:cvbe5y74l5rgoqcm3demqojh	0.00537015726946772	0.612329111552141	4210.76379330203	0.0
did:plc:cvddr2ryit342r3mvugvkdoj	0.00565155961555243	0.9040032835102029	1579.2423423396267	0.0
did:plc:cvdlzcroarc4syrlrco2kqbn	0.0137299771378726	0.438211158942088	5587.25412287195	0.0
did:plc:cveessk2gcz57ijdx24uv74w	0.00930593253471877	0.7490110461285094	2175.891683878822	0.0
did:plc:cvglnak5hdsdcuaxfwwjhsdd	0.00400062145604377	0.6838397966371038	1511.6605357596986	0.0
did:plc:cviomgkfk5b425zdkppeopiu	0.00225208317700832	1.7549736316783708	273.7010272312618	0.0
did:plc:cvn55bnaowzzdihewj7xymvl	0.00648189539724673	0.7538039834773838	1129.1732274481158	0.0
did:plc:cvukfqrcjbmv2irbu44wq3ev	0.00633215005451495	0.6146216360553782	1984.5081165736422	0.0
did:plc:cvw3wioho4j4hf6ulokti6rx	0.00458255764091769	-0.236880355045647	21474.7318950841	0.0
did:plc:cw5dhevu3csjszzkqjewgrdf	0.00593686649502893	0.650493412973309	3175.0683246299	0.0
did:plc:cw5y6lsbb25ysxjw3zmgtwq3	0.00379958936281243	0.5719566763422448	865.9229355332856	0.0
did:plc:cw76dczw6yuj6klhmfaaugwd	0.00357355568831149	0.6926159567953725	930.3489784286852	0.0
did:plc:cwhqd6szepily4njwbwg3iqj	0.00355992541149344	0.718581824625636	1368.91998840454	0.0
did:plc:cwhxoql7cjle5pltrnbh735h	0.00748584992310228	0.9810152334645298	2605.444041453409	0.0
did:plc:cwno4r4s5zezhc4clin5w6gh	0.00202476809342583	2.1197060330567914	287.3401178148085	0.0
did:plc:cwnvrxzv2bilityaymrvdlwa	0.00375110326739631	-0.38837983261065	22573.5529820198	0.0
did:plc:cwppdzjnd4mqfpcrt5xnici4	0.00608397600882736	0.7799834198953055	2593.8178960158984	0.0
did:plc:cwvy3x3xbgsswtgnfgz6xvsk	0.00688644688780191	0.48414702983975255	3630.295399864186	0.0
did:plc:cwxzr4s3jdz37mgu3ulzwfyo	0.0048840504071523	0.8465162234077542	744.9617863191627	0.0
did:plc:cx4efkj3zz57y7qj3owdpcrc	0.00232774674121707	0.9948760412628691	3344.6579212600245	0.0
did:plc:cx6mik6vnbeebolh6gjhj746	0.00311724297189472	1.4855432662651746	600.8408411267974	0.0
did:plc:cxanel5peelmfhglvurh7ouz	0.00653934755146031	0.43023838603439407	1841.5665141469462	0.0
did:plc:cxh7kakoq7w7flaxf6dnttd3	0.00721601490346095	-0.369855258728507	19443.133568887	0.0
did:plc:cxhrh5kqyuzdq33qg6t3xe43	0.00340099677014132	0.8062777805768542	758.700330160207	0.0
did:plc:cxllifse2o3yjdz5beq36lmx	0.00317398119133889	0.31520217984151955	4744.561104964629	0.0
did:plc:cxpau2uai37myq6hnjmtkcs4	0.00600392564574314	0.384464116070213	4803.25405923442	0.0
did:plc:cxqrkvbhxil3d442ciaqkxmh	0.00811541929682865	0.5743309527147199	5678.454029565698	0.0
did:plc:cy3uu34kmgtv53nin6qdzsev	0.0209790210086356	0.256759892549671	4106.82796289381	0.0
did:plc:cy64agnlfzu5gzpv6n4scghu	0.00921658986456131	0.453950704442153	6159.54680189374	0.0
did:plc:cy736v5arbqqsttdojr2y7lc	0.00406199893132358	0.6782991347948265	4376.010211211055	0.0
did:plc:cyaofftr4dbv5h4dgyildhfi	0.00590580245306632	0.8211571865748499	1007.1095388354026	0.0
did:plc:cyedb4cy3cnxtzt4e37xflt3	0.00362071803109158	0.7638309768264712	849.4967738212366	0.0
did:plc:cykt2y74nh2kgi7xwgnte55h	0.00988467874839587	0.482124400840181	4872.52627242832	0.0
did:plc:cykyb35njf3drtm2o5oblh3y	0.00783162017101477	0.600329601404875	2553.68912444851	0.0
did:plc:cyozfa2jkoccojjjiuu4oqrp	0.0024094652426207	1.4383780450158206	740.138163239629	0.0
did:plc:cyq2pqi4twwa6uphix3icmvc	0.00927070457630859	-0.370645291149652	24038.3764983244	0.0
did:plc:cyt5rwg56xmo6ez5mrf6e6k7	0.00535945296675978	0.555435713383717	2144.88473949841	0.0
did:plc:cywcrledaxcdqvmwy5zzvr6u	0.00400450506961575	0.8293508413419062	1603.9924113826596	0.0
did:plc:cyzgg23puqpxfr4wa2vhcbfs	0.0059796318809909	0.8243289098400254	2881.8187374589575	0.0
did:plc:cz3p35o2uexpt6l5sngcnu2j	0.00288117567452685	0.8196310927936961	654.3799019511076	0.0
did:plc:cz44njcakuppkrsl5u7v7in5	0.00616764788526754	0.74306937474633	2669.3049396213	0.0
did:plc:cz5fov5arxkkf76fqzcilqb3	0.00527231507367068	0.6166495119955605	1828.8528897376677	0.0
did:plc:cz74nhzefo7e427zgbhbogkd	0.00428755180814694	-0.324741315469874	19951.042388491	0.0
did:plc:czi7sauzifbpgj3zwdkuxzfy	0.00397807637935511	-0.514285325416072	23198.8848266176	0.0
did:plc:czkr5to3alo3kbo7tn3q3fkd	0.00455295045624865	0.8919217143153269	666.3924643876079	0.0
did:plc:czq4d35xwt2xp6gquvgb3oku	0.00978535354708446	-0.0557641450881429	14138.427961522	0.0
did:plc:czr765lewbjqsyro7desuvcp	0.00488931142274169	-0.787208165547985	29164.4030338671	0.0
did:plc:d22voa6zv772x3l4niuuj6cy	0.00371408312971708	0.6725238402992815	2066.5662456287346	0.0
did:plc:d2amwicjv6ljhdyxosgwjrua	0.0059219110731031	1.4551675851634003	608.374207568225	0.0
did:plc:d2obmg4fa4iozikpr3burbtw	0.0066006600663147	0.361948958547278	4586.61112370576	0.0
did:plc:d2p3dogetrs7x2subdfj5ur2	0.00450560155967921	0.85643354434799	3373.68008490935	0.0
did:plc:d2qi7hny22y6dnb3ci6xpra6	0.00958994709244028	0.9209730760839142	1950.863615282106	0.0
did:plc:d2tu3shep5oe7454eequbfhr	0.00560882938353366	-0.481374174198235	25626.2862561519	0.0
did:plc:d2zcqfzlj3wfdzpf7yfo43mt	0.00923007654489595	0.9327683750002524	2507.6694659938926	0.0
did:plc:d3bvouc6ugmkw72f5p5pjt75	0.00532553255384642	0.6197030651604182	2687.216009499246	0.0
did:plc:d3pme4oslhhkeio52gzztauq	0.00407256571666984	0.5480547402609556	5481.273097663109	0.0
did:plc:d3yq7grq2gtobcbq5zzcfru4	0.00294384058044689	1.0753223942402819	1771.476073129614	0.0
did:plc:d43pcy3kiiqs4fzyfkjogsow	0.00704798048377882	0.5523167786572664	2112.3712948511197	0.0
did:plc:d47xpcq4klqzj3d7b2ubocne	0.00693787448886822	0.7652548228601	2475.33933058586	0.0
did:plc:d4ghpt3ogl2igedhpclwq5m5	0.00332491687717868	1.0529466614365108	750.9811094680612	0.0
did:plc:d4jinhq5xgrhzaeb6jyeiv3q	0.00466804979341462	0.747974336770611	3657.86004011378	0.0
did:plc:d4nwwbz657k5mjgh4jbohf24	0.00412429780300308	0.5907819902570034	4065.7048108003005	0.0
did:plc:d56idxm2oyqwwn2uxnegm2yo	0.00340500048689575	0.8690187163076998	784.6077048134665	0.0
did:plc:d5ged6fhbjlcfqbt2h3j5phx	0.0028640441685527	0.8913552139567763	420.7729191382326	0.0
did:plc:d5ijwhu527c3moh2ce7ybzih	0.00816326530628454	0.286229935266559	6317.104622965643	0.0
did:plc:d5od3ojc2qzszefzmfeisd5w	0.00716845878256213	0.282123507312286	7037.02067673853	0.0
did:plc:d5pq45mv2bls6yqxiwawtzn2	0.00697571743955425	0.7243053256171298	1634.390034754538	0.0
did:plc:d5wsmxwtkm4fg64by5uemq33	0.00695773178075336	0.733358017273637	2218.08166711763	0.0
did:plc:d63vcdunubaccb2ww2fyfemd	0.00313177547639548	1.1451144087936265	452.7063658597624	0.0
did:plc:d65okiyhvgzl3m6pfnvxumbu	0.00924072077900864	0.610492546692085	1986.04357508243	0.0
did:plc:d66yz44t6yjhhbjeq56gsaxg	0.00711137820635769	0.767837185510201	1735.4028056161249	0.0
did:plc:d67mbkul3cohl6t2vlar42b7	0.0100775193798621	-0.233299728446956	16826.7438553401	0.0
did:plc:d6dbpryvpfljih7la67t3gqd	0.00352698952687113	0.7343103898824747	541.1936655123984	0.0
did:plc:d6klf2y2hwgp3rrn57zzxkcn	0.00613197686764937	0.6446732457294363	1854.33085246264	0.0
did:plc:d6u2oszul3jrrul2l3cmmvg2	0.00537077169797127	-0.219088419847426	11609.9514902046	0.0
did:plc:d6ucr2pvpybppcwmueuvovdm	0.00805822719423204	0.5467940598140928	2837.2284031011736	0.0
did:plc:d737rvkd5hg4nnymupkg77p7	0.00505050505119976	2.0994901231788665	275.53469449301224	0.0
did:plc:d74ib42pmw6rdrvhy7nalld2	0.00712853642358634	-0.28746933558382	20638.85387041	0.0
did:plc:d7i5qjcdpqtrwe6bh6aqe2cc	0.00423131170782276	2.184440387675184	305.168669396237	0.0
did:plc:d7lmxlblzcxbrnqblapea2sf	0.00587965791300003	0.6484802530229286	2476.8930758382226	0.0
did:plc:d7pzot4bj4tg5bzejmqsva6l	0.00334528076473432	1.7987053282647691	507.9036056070085	0.0
did:plc:d7ravy5wyymzoy5kqomk36mb	0.0138333845887866	0.7740976175183794	3675.0268470742185	0.0
did:plc:d7udxldsbxsjin2ta6xauwak	0.00647249191755896	0.696650882030787	2708.99835838032	0.0
did:plc:d7vfwnvyqkeaenpwcbrsbord	0.0094857947900854	0.5761784815515486	784.1066193098569	0.0
did:plc:d7wmlb2vckyzj5q2ow62nybb	0.00397261948446049	0.7198259356659632	639.4244622070605	0.0
did:plc:d7xn7v6oy4nj2nouc2jmjfno	0.0144356955562647	0.396234106181175	4203.16443797531	0.0
did:plc:d7ztwdzlcpvnf6lsve4gj6bp	0.00500125031615703	0.6909683620887124	1745.0312447737203	0.0
did:plc:da4xqpnr5lylona7jwd2n2uj	0.00895208004519544	0.618796054505279	3299.0793549941	0.0
did:plc:da7rqtgp4zhwghgnndan7bnd	0.00496031746398719	1.0504519214229897	1429.243260160832	0.0
did:plc:dacn33mmzupazqh6m5rojd7a	0.00389564396181343	0.8407504504102518	2335.8931602968105	0.0
did:plc:dadanbhxbr3nh6uddih7kl5c	0.00491307634240346	0.6695400939169508	3255.7866487548636	0.0
did:plc:dafup6pzea275g4bcvczrddf	0.00359292194416611	1.2421483351819556	2885.2771216667975	0.0
did:plc:dahhirvxyp3d5kfnx3vafuxm	0.00420168067348865	0.7604367783698744	1444.126636207158	0.0
did:plc:daiqwwx4uov2zjiy6kborccg	0.00998773437234004	0.9848498578332614	1473.8486446377926	0.0
did:plc:dajatldjs3dmy3wwecezzqjc	0.00355706414380633	0.805308507533811	916.1883851457858	0.0
did:plc:dapwgbn64xbu6lfi4w4j2gdd	0.00251187680887318	2.0866875102963953	306.52093395298397	0.0
did:plc:dapxnt4c2ti4nhtlsjrhrpkw	0.00619537559501874	1.062230188023154	1022.4326580815062	0.0
did:plc:dawt6oxjt46stcu5a2vjjqhb	0.0161206448388594	0.4470008703264988	5542.519718092058	0.0
did:plc:daz3sydp6pg5xhrelowpkwb4	0.00578112396035599	0.3879260549616065	2730.5729781142973	0.0
did:plc:dazsq3t2lcpu62zje5c4lty3	0.00550999487708801	1.512858929142503	711.4047191740751	0.0
did:plc:dazx4xcqr4s55okxigax4i3p	0.00507537307848152	0.6149775972782023	1191.2792751985412	0.0
did:plc:db4jbif3tfozi64rkfkw66rw	0.00887220610829875	0.7366433473483662	2265.3873241997107	0.0
did:plc:dba673maiiu635uftq5qv263	0.00452446036481413	0.9634957861764177	420.8568863703289	0.0
did:plc:dbptwo3oa2iema535pfja7tt	0.0046465784295077	0.6158796781149839	1178.8192501472918	0.0
did:plc:dby7okac2vuxyy2qop3ii5v7	0.00657354150327988	0.7174455738870477	4812.713718311076	0.0
did:plc:dc42fen36izp7sfgmyhwbpiz	0.00625098493317869	0.7396360856057257	1163.8041536890096	0.0
did:plc:dcanzq6pvfwzrhekojosb2pi	0.00820164033206096	0.405607502906586	1660.00451353653	0.0
did:plc:dcbsfhyjgfnn573nmy5i5sud	0.00491290754876828	0.6320549961899748	4412.79063193513	0.0
did:plc:dcien42d7jdg35plehftwmdt	0.00468587296165077	0.7744772070004136	1139.3259790490997	0.0
did:plc:dcm3rz54r5oqn2qhv7fwenmz	0.00335122772475749	0.6856420234999142	489.7429200519952	0.0
did:plc:dcnxrisa6ilchqegq3dsxwnl	0.00494737789045827	0.8839376854821492	1505.1499457493712	0.0
did:plc:dcrapctiqofqf7wkhqwsmcpf	0.00302492437702585	1.272105282288425	441.83505945881467	0.0
did:plc:dcvjfscy47ifcgekky4ysvgy	0.00555284354457715	0.5855456810398285	1526.2773575042738	0.0
did:plc:dcvjutnh2bgqq3kp5pgu7rqv	0.00639777468875867	0.358106563255424	6003.41497709451	0.0
did:plc:dczh54eiicu2nv57mlf6zlyr	0.0032016881629627	0.513659812973289	1684.01462811173	0.0
did:plc:dd4qeqewgfsjegsfkyqh2gak	0.00870801492869253	-0.148401192158999	14867.6949776893	0.0
did:plc:dd4v4hn62pyly65tlqtljlux	0.00779461463455108	0.43299752775706385	1955.844202900267	0.0
did:plc:ddjnuf45si6yixaiyfj6bujt	0.00241615927322151	0.18831992339708	9700.814390412	0.0
did:plc:ddyoeq2m4dqucoeafjmnpex7	0.00351099624560923	0.9073595591861746	1746.2762534091858	0.0
did:plc:ddzrco4ivhiefgdkabnbbojn	0.0118276541832465	0.546410695628145	5259.53513868663	0.0
did:plc:de7ozof5iwnerlx4onotmoxm	0.00248727170821054	0.757089406036644	695.3316035626702	0.0
did:plc:decbom3hnzzua7p4gwjjgwwr	0.00356909465681538	0.766715186131065	2296.88203688705	0.0
did:plc:decovb5dmvplazwtsjgkp2fy	0.00366119137183545	0.8315052639626509	1303.9368319670875	0.0
did:plc:deliiu7jphff5shuuf46iazr	0.0113728675947874	0.308575438096888	5407.16171637187	0.0
did:plc:df2xn5q3w7cevkrrhprpyhk6	0.00336792281094683	0.7425448881616397	858.6577515360049	0.0
did:plc:df3kbiiuvcnf62uajugdul5z	0.00591436006624152	0.7467396875949871	1145.2874509605087	0.0
did:plc:df64dldbepqteuzklxqg3uw2	0.00497512437883676	0.9023264305851196	2762.998079969933	0.0
did:plc:df6j66o33dao5v7m6dipnf6o	0.00512686372025559	0.463506156296078	1650.65679024503	0.0
did:plc:dfdcp2ffi7lomynga2btxxrc	0.0053413236066306	0.9290188708991235	1822.1440251168594	0.0
did:plc:dfe6p5ss5hni6pieyprslpae	0.0067483573092013	0.8044382908278581	1613.5527699773988	0.0
did:plc:dfjwgfy4omodkvyd2a64gi77	0.0069930069932657	0.49202597357288946	4878.353016438657	0.0
did:plc:dflgxbqvn3f7udrfgfx222eu	0.00692779110178367	0.534844121184049	2966.57739328226	0.0
did:plc:dfs5vhlblqq24hiy3hcqlckm	0.00229453483527619	0.7040553839386838	1226.8397630442541	0.0
did:plc:dg677yapslvgkdvjmiesgx4p	0.00638388424060362	0.840944835920815	2189.04910891102	0.0
did:plc:dgbnwmx6fwvun2yhpjsppj5u	0.00436715277257884	0.06845490634545215	8220.5625278342	0.0
did:plc:dgc7ifpmieeiswded4fy7ks2	0.00213386229082947	2.092420509498279	232.39748767972634	0.0
did:plc:dghjxsi3gvr2z3k2iue7dgwj	0.00696974497200201	0.455850115240595	1797.26005048142	0.0
did:plc:dgipkohmulva3zngsvy6ctnb	0.00383176717459267	0.8987079362699385	1064.2454349858342	0.0
did:plc:dgjrcmckzmslsybtlxhss32r	0.00477774933961658	0.9533951788868004	1421.6202199064144	0.0
did:plc:dgnzih3qemmgyfdb2qxua3wb	0.00495577920465589	0.645415065574494	2751.58994792555	0.0
did:plc:dgzbkso2k6b5da2tcfs7uuxf	0.00378193235369827	1.1158736128048437	1474.9756266356771	0.0
did:plc:dh6ivnxth77e7lj6vbw4saxw	0.00354458228972355	1.0869420046251725	591.484201777972	0.0
did:plc:dh6psagwb6m773im3klejnuu	0.0058235878987507	0.6868919060950267	740.256726845191	0.0
did:plc:dhbkxtyqw5t75yqconklzubw	0.0085518814174328	0.636371689099115	3397.74044406629	0.0
did:plc:dhepmghv3mewtcxbn5jfilo3	0.00661599099252072	0.8563956253815127	1217.9309068184336	0.0
did:plc:dhh4lo6p62ojv2di72dpuofs	0.00433263048461011	0.8338475004275699	770.8098603364053	0.0
did:plc:dhhj3bnuocpobv37mookoqsw	0.00508762012504342	0.7656311816987568	1468.3660600464564	0.0
did:plc:dhj6sq364gnczsmfanxlfdch	0.00396301188932769	0.552394694359213	3358.76444551943	0.0
did:plc:dhmkwumtw4w72iwv7a5srojv	0.00606585788760535	-0.345336107920581	22989.7646831492	0.0
did:plc:dhnmjookolztpymwash265h4	0.00233474390779	3.465926404987131	72.78445450472975	21.0
did:plc:dhslp7awbcjvy5qowpfjfqyp	0.00501410216588254	0.6624678626036392	1243.625941237412	0.0
did:plc:dhyamlz7ymu47an2bgur7too	0.00743648007147241	0.5988545504472021	3404.5132088754435	0.0
did:plc:dhzaosd4qfykupacm7fiikku	0.00889814464280588	0.6265137071342718	2453.534123032206	0.0
did:plc:di55w7rxb6ssiis2wme5wygr	0.0075757575757982	0.45177952144870664	6851.564373110835	0.0
did:plc:digs6r5mjzwqunjhesioacvf	0.00219066048421225	1.7507632590275923	315.86903299450387	0.0
did:plc:dih4hgrdhn4rdisd5q7eulx7	0.00825277057689918	1.2925829180038104	727.9496866160463	0.0
did:plc:diizuazoxsrilpqsqmqzebip	0.00557491289250035	-0.796690095726288	41194.0399118874	0.0
did:plc:dik7xk6kgxfyxb6vqxfpigpe	0.00209776070365205	0.7246605136043293	446.6936179269139	0.0
did:plc:dixudfwgjgw3wnmhbhrdbwjc	0.00657391836266643	0.7988126224105575	4751.1016258519885	0.0
did:plc:diyz5m2uuqob3lhxlwemtrui	0.00419823878787512	0.9446361862233472	1117.5945845027204	0.0
did:plc:dj2uwrvbyy7nyco7qzc2yir3	0.00438252401026969	0.5529825389147683	751.7499061731108	0.0
did:plc:dj2zpew3hkeqf42i5l5k43uy	0.00843795019551465	0.8249344691592965	2669.260649291912	0.0
did:plc:dj4vqszviionjofdjqkagexc	0.00454142667276642	1.5248254860832584	304.17833865423717	0.0
did:plc:djethmqa6t4xig2czw6ztrux	0.0035595825584524	0.8882568564501575	605.3301091774399	0.0
did:plc:djfu2pe6igj6zwbbbttpckhb	0.00506265029812034	1.226468817120573	1295.47695805833	0.0
did:plc:djjzzowhddrdsbkuflfsnp3c	0.00297569153409047	0.8164824994568949	1046.435654012785	0.0
did:plc:djocio6w7mldtye5ur6kxazm	0.0108749382191144	0.41689763057063994	5659.496780592997	0.0
did:plc:djtkxvmhxh4reyeenuu7w6n5	0.00325163455877151	0.8481240496696099	456.9961602979215	0.0
did:plc:djvwf2kh4uywkzlrlxun2e7u	0.0053174083775572	0.650272539525871	806.6262318489619	0.0
did:plc:dk2cevuetiizaiuh7qq7mrhs	0.00495880988636208	1.1093062262223423	1311.711655919846	0.0
did:plc:dk644jtqur3mvxphdwuawi25	0.00343840366041084	0.810819237441464	317.73475550456584	0.0
did:plc:dkanfr5ivoi3hat7pz6fjiat	0.0058109370158605	1.0836565412448889	986.4288175703746	0.0
did:plc:dkblgjhvwm27p7a7jp6zl7qn	0.00765957446809297	0.695772153104589	2687.4251297554	0.0
did:plc:dkgxo2wgg7ilvgpqxtgbvrgj	0.0107436275630988	0.569491438947612	4796.5276148781	0.0
did:plc:dkh5fiswblyie5odai2e4nor	0.0068169900381041	0.8899055693121685	1297.7577310887928	0.0
did:plc:dkkwkim76zeobziul5eaxjm6	0.00423363949507186	0.7172941463574867	2975.795990984373	0.0
did:plc:dkm6sp3zwd7cfnlsroqzjnov	0.00336053768651639	2.223201528598525	238.26011250151754	0.0
did:plc:dktg6ipqtlpdsej7bm75nplk	0.00272958671061655	0.6166544490675889	1113.849860867327	0.0
did:plc:dkwwpb26zotraxk4ofnedzne	0.00354581987276234	1.5332006368705902	555.5817240362761	0.0
did:plc:dkx6dwfplzzvrcz3ausmebol	0.00441244774837899	0.7913680058642758	1644.411769625975	0.0
did:plc:dkybrlnuplx3sczl454xx56a	0.00390989729255466	0.5827685457127763	2072.0008586402882	0.0
did:plc:dkzvxz6xkjsypdcdvconz45v	0.0070564516191965	0.728801107293132	2957.0097145162945	0.0
did:plc:dl7fz7krolw7poscns3i7xy3	0.00512532472157979	0.7064185113836557	786.6274219787382	0.0
did:plc:dlfrrkrlunfgck3qmcfphj6v	0.00854503464556259	0.9998937304443587	2158.4099001556933	0.0
did:plc:dlt62qwctkovfofxthls35im	0.0109144543195032	0.4315683936368076	5528.445745952614	0.0
did:plc:dltnvb65cgcezw4s2dwhtwek	0.00762246385432838	0.5866918206859548	2951.221714825858	0.0
did:plc:dlu62cfbub3h3erfuvkonykh	0.00255317039318501	1.5833188221783523	332.66214253917445	0.0
did:plc:dlup7hoieciw5d562uvzkna5	0.00780955965837696	0.409165338768904	2611.90231704865	0.0
did:plc:dlywjtyjqvj65gikq7xo5scy	0.00276165248284959	1.7934244847517726	674.3273614140605	0.0
did:plc:dlzszahnndmufm4i75r4f3gt	0.00310067291211883	-0.342874143811325	18700.0162929372	0.0
did:plc:dmadfjoo6fiahcsy42m6t256	0.00557153127298109	-0.186683007636945	18449.4590211474	0.0
did:plc:dmag7vxhtmkjg3ro5sqnfzpq	0.00267560914701612	0.5944880506875405	1820.763583488923	0.0
did:plc:dmediypsqca42ffko3xbrvgj	0.00348655472331299	0.9691077204063622	464.5096239968559	0.0
did:plc:dmk4lmmpgbmdtikpcytkqpmt	0.00339772837635607	1.9557459412733718	539.0339268429949	0.0
did:plc:dmnu2tg5b2fmegeqyxdicy4s	0.011775643045677	0.4934014378041983	4878.099201740475	0.0
did:plc:dmtxlotnsjexux3uogp5utt6	0.00377011938745455	1.1339070549077124	847.2033528954895	0.0
did:plc:dn622g2727fm3imlawnv7mpl	0.00343118566572489	1.7530633915929532	420.01018721918786	0.0
did:plc:dn656t6vpuyaundgcm4lvfuf	0.00559815017697125	0.2840592745428957	8644.495371085146	0.0
did:plc:dnhfwplyegyabawrvwnrnazc	0.00974695407922513	0.7792392872641322	1665.1601133379331	0.0
did:plc:dnopvmeuiogmdgwqcxixstnp	0.0127602417993852	-0.446803315546944	19539.4137550826	0.0
did:plc:do56vd5jtieujcclfxfiwptq	0.00455877564406287	0.501560946647072	3557.17540789127	0.0
did:plc:do7dwrpnlphqkquqm7ztw6jq	0.00559530854949446	0.7798002068787131	975.2497837637169	0.0
did:plc:doa26czla5sgn3dwz4dwy7uc	0.00359679055651318	1.561153463463593	338.64853989005354	0.0
did:plc:doejxazmepuuz36aldleln6f	0.00595402935685506	0.727906233333745	1867.45719595485	0.0
did:plc:dofocpfnwun5cu3e6h6idpzu	0.00466529239537354	0.9877273303939693	773.0611044285063	0.0
did:plc:dog5e2brz7ybmwgrsd5vvyno	0.010670223452996	0.370731106616971	7320.71451834703	0.0
did:plc:dovbtipnnx6b7ypwjymyu2av	0.00638608910599755	0.25035018492920796	5068.67543092948	0.0
did:plc:dpflgjtajs5nrvk4bzuewfe7	0.00566037735851021	0.7252188360943885	2084.2515344822946	0.0
did:plc:dpg7nwkpz2vo2d5h6d77fwhs	0.00488195278188293	0.47161127472762	2745.54863228294	0.0
did:plc:dpleyifmscekeeqgworex7re	0.00906017579741467	0.570614710688121	2762.3212509122	0.0
did:plc:dpnbrqvgt2cdsxkljxe66go4	0.00523178808009413	0.7869880930844526	812.7521112084439	0.0
did:plc:dpqrtskoly4hdaz5twbetcsf	0.00400635719517016	1.0261288106769582	593.4668943667123	0.0
did:plc:dpsy7ct3xgqxxpouh22h2bfn	0.00536052133755651	0.6699793309599058	3442.9686031806123	0.0
did:plc:dpwspthejj6lqwdbvjaxc3c6	0.00567150635452774	0.672676461486449	1752.7774961087	0.0
did:plc:dq44zl2xo7rw4ozd6twglnnl	0.00399467376859388	0.9240416531820856	912.5956112357146	0.0
did:plc:dq4pnvquitwv7gxvdzcqg7qf	0.0102805740088249	-0.0523514173021723	11924.8633913905	0.0
did:plc:dqgvusbyydtsbgfgoffgbzoy	0.00462962963053574	0.9267368064466244	918.2068106578221	0.0
did:plc:dqpnf66q2f2cy5cusd6ii2cp	0.00595773863310767	0.340487179682521	2102.53110088887	0.0
did:plc:dqsos7o5ommivvjb43ac35ox	0.00402026885687674	0.708764960755568	1514.2665931597617	0.0
did:plc:dqtgxokructuiwo5izg7ak62	0.00711877107653473	0.586543707644791	2736.46283279756	0.0
did:plc:dqvwput4rp3djcyah5z6lz6v	0.00706260032228263	0.559282633097977	4883.45111658547	0.0
did:plc:dqw5pi24mwyjmkqdeptpik65	0.00363295441266373	-0.422893044390928	25943.3918736992	0.0
did:plc:dqwckrzxfjxtvaske6ip6lpo	0.00884955752530032	0.560863350036273	4939.48168525597	0.0
did:plc:dqxnasn4xnv5vdm7dgkx2sew	0.0100195503530552	0.326718023771312	6131.34252485771	0.0
did:plc:dqyytnivl6fznoghdpi2sqgr	0.00509743192672724	0.8645144643721534	1573.7188294105501	0.0
did:plc:dqzj5iz5gziq5rkbir24grkd	0.00966183574879617	0.442894184694508	4845.77428699258	0.0
did:plc:dr3ndwdp3kowt2lnnjvobgrv	0.0105882353033687	0.573000196444584	4104.760886934485	0.0
did:plc:dr52rrqmvedugn6el4gtetor	0.0070465069471066	0.42838617366408	5524.16778917593	0.0
did:plc:dr5hvdtpbo4l7long325nqxo	0.00771513353596275	0.806955815734023	2141.1130815093275	0.0
did:plc:dr5vzavw7jg2zimni4chq2yk	0.00802522213095025	0.5971806295149764	2662.764568609001	0.0
did:plc:drcwqxslpsad64iklvcelzgw	0.00322573104894067	1.032705781554624	555.6164807512422	0.0
did:plc:drglk3aone7b2qkxjuntyxmf	0.00203012344943824	0.707338800537547	1486.4004577612332	0.0
did:plc:drgxb7xu35igy2knaznpb3l2	0.00380600261016116	0.6683057155276138	1312.4344713469443	0.0
did:plc:drsxezudpe54tlmtivfqzpos	0.00806548694292879	0.6759549662730878	2403.759836166051	0.0
did:plc:drx3ixuk7e4zyt5z2qyqu263	0.00244757940184157	1.1733871915419263	437.40237822490707	0.0
did:plc:drybidy2vkajxsvsneuz42d5	0.00553114108250887	0.7682555641614622	2018.408526328547	0.0
did:plc:ds6euqlyx2pa4boqcbajpj2k	0.00413431481320383	0.517753639688802	8236.14631463237	0.0
did:plc:dsbpb3w7glnyddtbewg73g74	0.00210336538470269	0.855374451028688	381.0949377957056	0.0
did:plc:dsc7xd7kb5a7h6vckwcuki4m	0.00205383201817911	3.0834987411837527	98.67195971788009	32.0
did:plc:dsfpua6xnwjlxli2rgkakdxc	0.0259562842311499	0.0945209017732219	10556.9808887667	0.0
did:plc:dsfu5aij5dei3alh4d7rsihg	0.0027180837511453	1.844125882378891	323.4473375027788	0.0
did:plc:dsi2bxyprswsfiylmnyao4l6	0.00205616850561074	1.9893977507514462	213.24283161709874	0.0
did:plc:dsqcxzpmyfnofublz6grne65	0.00228140593172218	0.660646376478948	366.9282181596353	0.0
did:plc:dss3yeneknwlz6hgapqnu3kl	0.0105152471177528	0.317115517342765	7256.3867507721	0.0
did:plc:dsxrtfbjrpdgawyvqkttwlae	0.00227558066547849	1.5891959953003412	307.2879178589888	0.0
did:plc:dt5dyrtahffisoeo5q5rxxtz	0.00828729282155158	-0.23032831169789	20543.3156021626	0.0
did:plc:dtamxdrcojiio7thr7rm7ka6	0.00212530031425917	1.6990983347324624	651.1748951134655	0.0
did:plc:dtb27z4jswuvisfzxlq2qoo3	0.00731501769875235	0.3169503045092111	1716.5125917616078	0.0
did:plc:dtitjicojbarjijskij25qvr	0.00374901341786829	0.8535843744197708	1378.1454561189687	0.0
did:plc:dtksymacbzosqkiwc7hgcexd	0.0102857142958091	0.4956482429066605	4921.556808112399	0.0
did:plc:dtuvrbl5l5to2olyesnlccpr	0.00452121493257638	0.7705358880456025	2444.5248505297004	0.0
did:plc:dty4t7kili24pcmphqepjlnp	0.00561278394133846	0.4643739028293376	2552.7081046808894	0.0
did:plc:dtzmg54adbvxz46bnxd6ai67	0.00911265520049045	0.2561783544693	4892.68477009954	0.0
did:plc:du3eycrv3indqukd26p6mk5e	0.00594214230078933	0.7523793034224354	3043.9785607364574	0.0
did:plc:du44akvarvbcvyjn675d27lo	0.00326627218945547	0.846507016842457	2472.62057828064	0.0
did:plc:du4ro4qxwk5rv5g6easkkygd	0.0136759221101066	0.23101255246762	8017.50944341004	0.0
did:plc:du6acj33hb2p7kn3ndpfbhm4	0.00742407199208063	0.782955720749943	3082.52257128154	0.0
did:plc:du75uu77kiz4te4mxm6cz6je	0.00474774351834299	0.6215235671053471	1576.124124948132	0.0
did:plc:dufgbfs3e6renacimc37fsuf	0.00544605809183849	0.142188465602375	7548.67136917774	0.0
did:plc:dufkquylj2hyw6ptsnaesykh	0.00539245056977217	0.7473888156245292	3391.572915072762	0.0
did:plc:duhpq3rf6oe3kpeg6l7hktn3	0.0061075207746216	0.621091787194472	2235.98884687489	0.0
did:plc:dukuqyjse2bpofkclzsyz4uk	0.0028077907307367	1.685312263494859	312.0511837547574	0.0
did:plc:dumhxdd6zhhtf63s2u6shklj	0.00521920668121307	-0.55756903121148	25896.534423264	0.0
did:plc:dumom76juzt4p2vhkhn7dpe2	0.00671641791190929	0.6091426076965147	1245.1916885035519	0.0
did:plc:duogu6nnbl7imrbq6dja4rw7	0.00834028356967175	0.501362103143394	5572.14475585316	0.0
did:plc:dutvbtidkzyzyurmpiq4zbpx	0.00286303604978685	1.140527731603874	515.5822172886109	0.0
did:plc:dux2vh2wiybyg2qdvd44nemv	0.00393654292829875	0.7098706326541359	1319.1782516115338	0.0
did:plc:duz7q77cuiv6whm772dnnksj	0.00381983797203513	1.224324097719219	959.0463554075404	0.0
did:plc:dv6hnusaeqtfhhwoscifuxvl	0.00612915455772268	0.9128228412670375	1396.796762614999	0.0
did:plc:dvahwbpl2psip3srpvoqganj	0.00514579759928402	0.8764519915298551	519.4556674427826	0.0
did:plc:dvga6v5g2s5ml6cogn47ndoy	0.00898282695151729	-0.390288839950634	19848.3988202273	0.0
did:plc:dvggw4jvgvasgg3xp5txsdi3	0.00500855118566251	0.9014122989476417	1532.8441601933857	0.0
did:plc:dvhb2crft2bzinzhkedc2kcy	0.00652610441926511	0.548245791007779	4048.55710416087	0.0
did:plc:dvm524xyegmgdlvimop2olbr	0.00827586206897174	0.3429459034597177	4817.703782189705	0.0
did:plc:dvn6my7qdlrb2swkasubxtfx	0.00981710598256912	0.225853347507206	4478.73447833805	0.0
did:plc:dvon5mr2xscgl35uylfvlnwj	0.00669260701127766	1.0483337822648893	2071.116063020663	0.0
did:plc:dvrhd2c5w7quvs32k7aq2nbp	0.00822349893378201	0.5697398545740605	2619.392931788601	0.0
did:plc:dvu22kixdfguntdpokrgfymz	0.0101983002936438	0.813154420760216	2119.2068589335704	0.0
did:plc:dvxzho76ahcfi47dpwtg3cin	0.0101853398000117	0.3349988538624478	2697.7671046120513	0.0
did:plc:dwh7s6b4hspjezg2wi5rtp45	0.0094629156015421	0.8301827342749535	1563.6251373606522	0.0
did:plc:dwofp2a3ikpaol56sgrpgwrg	0.00600891645872552	-0.399491088981998	25126.3401784981	0.0
did:plc:dwpv5fjxhvdurw6xvclcaygc	0.00879120879444922	0.39811965561759916	5521.033039961424	0.0
did:plc:dwrztfvlepcioapim6fcna6f	0.00919819507398298	0.656276367739343	3274.74570063219	0.0
did:plc:dwtu5sv3oktvmtxrm4ok5rhu	0.00571140601616376	0.6373766502625066	1936.4659249752062	0.0
did:plc:dwwijg7u3exrhftrb2mvk75q	0.00725915875192714	0.4138435001395932	2604.1238957324613	0.0
did:plc:dwztyxc3gemor6hhgvm75hhf	0.00279635258375998	-0.334289459517591	17785.7544667137	0.0
did:plc:dx4ddnha5j2fprezgas22zvx	0.002555181037341	0.941188230912	344.7244177686047	0.0
did:plc:dx72jg3qinytdhga4nd5kgej	0.00390707497390595	1.7869371078027805	546.3059936410824	0.0
did:plc:dxbciivycittzwkg3majbkuf	0.00662072693031982	0.545998320109383	5159.78004689422	0.0
did:plc:dxngoldh3uvhiqaaohgofjju	0.00771208226702202	-0.34987314599112	29674.3199838186	0.0
did:plc:dxnqzabafn37wk5nijrzffnq	0.00314907607296827	0.7633181034365654	529.1683973856783	0.0
did:plc:dxta362dajxc7kb74ovqfzes	0.00249888021881956	1.1512141431561278	695.1091914977297	0.0
did:plc:dxukltaq5logyvwuzkajiucw	0.00970873787608972	0.572459571064947	5528.61563223629	0.0
did:plc:dxyotg4hopgsrcsgxwjploub	0.0191304348216754	-0.221115567533978	20554.4077519567	0.0
did:plc:dxz26fsddbtk5a5w6skp6qij	0.007128467380734	1.0523293332831616	1130.4862011558284	0.0
did:plc:dxzmhzvfsi3erwe2osac3eu3	0.00798747063516465	0.40952843285788876	2831.1110766493766	0.0
did:plc:dy3szg7zr7mkzc7slxiu46jp	0.00309219627321599	1.4283615257105025	458.2977278953671	0.0
did:plc:dy77ast3tasal3l447ltvz5b	0.00421041411312413	1.0411787403318375	1120.6509520590785	0.0
did:plc:dyarv4hy3ud62x2gg62t64hl	0.00323512420577105	1.4064798384259916	729.4705693358064	0.0
did:plc:dygyo3vxwgmlpsaj3x7xy3s6	0.00476568705338271	1.1046349151812311	2590.031825972208	0.0
did:plc:dyj6wwnnfrmepap6nz6a4ziy	0.00375459938459069	0.719136168249131	2186.30641037833	0.0
did:plc:dym3d2jzl35ngijfkkbxjxkx	0.00360289798323876	1.3002744949139255	449.46639700329393	0.0
did:plc:dysuuf3rxcti7o2hnpsi57wb	0.00482181455812172	0.7177454807929393	894.5352264885354	0.0
did:plc:dyvef5zjxarhih4gq2dxedrs	0.00955061827939166	0.652659902638292	2566.70842258637	0.0
did:plc:dywy5tosv3o44ixf7wlv2bjl	0.0030511388054604	0.343163379080714	5512.90781063766	0.0
did:plc:dz2msylp2r6uszd7cvfktsby	0.00504697569756706	1.133299170162685	837.0751501581461	0.0
did:plc:dzavuojzwnnr32vvsm2adrn7	0.0163424124639027	0.053248297719537846	8688.654295236503	0.0
did:plc:dze6ev7hmfekqgafrejdkup2	0.00325893738900696	0.8441028723504592	1290.8026525011662	0.0
did:plc:dzod2dukvporpeqoxxcavwrs	0.00209417818473528	2.3520461522558875	299.7166900662628	0.0
did:plc:dzpuqhtpr7esa3d7uelt2qrw	0.00460499843611572	0.6399496197893021	1339.9381721953305	0.0
did:plc:dztbiwnlois2sguiu4dy2h65	0.00453999198921139	0.472601311280166	2803.00633812131	0.0
did:plc:dzybezczgylaey4kxo3ri6ed	0.00940188037618108	0.6733578392310985	2875.502724484691	0.0
did:plc:dzzzegcxd6j5jqisvpt7dbsr	0.0031266750045886	0.5097089174133123	2636.8504665671494	0.0
did:plc:e2ck3wxeyx62he4ac3hu25ti	0.00233508464712779	1.4599563159287743	172.82501874603793	0.0
did:plc:e2ejwm5anbr67aykrc4gzzml	0.0109182530879418	0.13489502624696148	9027.071546325393	0.0
did:plc:e2gix3csxsznoffc5gvob4vx	0.00951831555933287	0.619363388761506	2757.10440474743	0.0
did:plc:e2hgumfw2i5qvfk6vllupvdc	0.00869262866766669	0.8506060102490691	1862.7662450513458	0.0
did:plc:e2mrqsfr3scn3ezoenwwe4pc	0.00357568534009138	0.598001581855167	1231.982980449469	0.0
did:plc:e2qp4pn3yp7feprdro7mshcz	0.00380514136575734	1.3710684469922436	492.06163914372905	0.0
did:plc:e2wjn35qudnquue7j6qy6e4u	0.00557941489813462	0.6330052131358789	1371.852966811604	0.0
did:plc:e34lm7sxfkst3cnmikn4xfw3	0.00233596830564382	0.483138147266344	2476.47810830343	0.0
did:plc:e34rhtwwn2p5vmltsleivfxd	0.00248098332582787	0.6897727153723868	890.3904858765142	0.0
did:plc:e34uiktv3jmeqyppcsnllvrf	0.0035680304475971	0.264059115188235	503.471539550974	0.0
did:plc:e3m42wpsvf4exrzhkey3lbxg	0.00835156095029305	0.9381005236493779	3140.954388166996	0.0
did:plc:e3plji6hdillc5amsf4jc5i2	0.00861862580868419	0.028752821099000646	12721.783051933016	0.0
did:plc:e3snnzh2goh6wrherdw4vkl5	0.00648939537990617	0.6135376415656494	2234.8868468427286	0.0
did:plc:e3ulj2z4doxdb4zzwimaq72l	0.0042014132028667	0.6874034820102608	3225.1460238419636	0.0
did:plc:e3wnlb7q7ze6v3ivtb7243k5	0.00911921708475212	0.9306461191638771	2217.315116782731	0.0
did:plc:e3zjb4ne6avmlsifau3nconz	0.00608620047396105	0.8089265760898388	1376.7028465033952	0.0
did:plc:e4gzsoadc37o3lwtfru4b2tm	0.00382428420502579	0.8362135921475068	1599.6312391938975	0.0
did:plc:e4njhu2ggf6ewarta2x7ic5q	0.00291145744149528	0.8383343895566931	547.5756447627932	0.0
did:plc:e4prq32hitill54fs5534f2n	0.00248571520810811	0.9121504559541109	1660.4813827257667	0.0
did:plc:e4u36bnwwyt7z5vbrcucuove	0.00826545280696958	0.5296336323303175	2803.0968111526076	0.0
did:plc:e4whdyieyiwlmg3fdunqq4c6	0.00485085433035416	0.594337008088444	1502.91815242664	0.0
did:plc:e53nuc7xkjebw4biddmzgua3	0.00624526873617056	-0.5855026423967	23740.5479674955	0.0
did:plc:e53r2nwkxf2u4n3ag4trxvl5	0.005867683734048	0.473248179756192	4382.16290387974	0.0
did:plc:e5a6vntbaohips7hn77ib6rp	0.0170394036230857	-0.173473925844264	17497.5821958567	0.0
did:plc:e5dcexnr6rcydupuni7qrkp3	0.0132875143418008	0.210796958392646	5251.8820258074	0.0
did:plc:e5eyphk27wdtqe4kqhl6hei5	0.00661512027491419	0.6712809315478336	1678.1061429621254	0.0
did:plc:e5gqowx26zqxyeguofwgslq7	0.00420483861163098	0.6945324164522688	625.0239830399084	0.0
did:plc:e5k7cs6ukbvu6hvnkpvvz3z4	0.00968054211278173	0.5544013385154711	1934.3264093116402	0.0
did:plc:e5krtubilkopvybcmm3hy3q4	0.00478040035935159	2.3861401704835483	247.30948090131554	0.0
did:plc:e5qbnmtztfqm5j5fugkwukbv	0.00607055779509281	0.7507632068645425	1248.5809327242243	0.0
did:plc:e5rst7ee4zy2hq3tpmj57w2s	0.00449410907423418	1.208421945419341	643.5281865723407	0.0
did:plc:e5ujxrgj7jjqs764poc4a7cr	0.00387172796933995	0.647346085054869	5108.756536681317	0.0
did:plc:e67gl3xybh74tyr7nomu27mw	0.00473733186786092	0.458301526880946	2901.46177745873	0.0
did:plc:e6bmxkj5a4lcofn7qrezci37	0.00652890466690676	1.0066761327323355	1298.1887411495186	0.0
did:plc:e6edrbrjg7r3u4g2uj2ggkni	0.0064741907277927	-0.757906609425625	26858.7536426081	0.0
did:plc:e6nsr7dp3k4lh6kgdsqz4zhu	0.00391510405964791	0.711445372908293	1517.40397532916	0.0
did:plc:e6rnkhctihi6krzpgjjhbrz6	0.00432157415749239	0.669012397442724	1039.1971638228886	0.0
did:plc:e6xanzxdcgksootehf5ox5rv	0.0078864353357274	0.293605063238849	7569.56673902207	0.0
did:plc:e73q2zu36wfk43tvjpa3lgpx	0.00597907324572627	1.2833377887881534	854.2441187315821	0.0
did:plc:e73x2agpxzjezxw3acygrvyr	0.00581567274564697	0.7324729165202223	1340.776701099898	0.0
did:plc:e766vguimbkbllauyllqtmko	0.00221023207444189	1.858227365877277	310.8501185187457	0.0
did:plc:e7emwramfdhtwplmtyjo5wyc	0.00397501419792586	0.8004651103985427	1553.4173098932342	0.0
did:plc:e7kunhqbuuujs2ylrxckehxp	0.00670690811682663	0.316918331513894	2656.80964901376	0.0
did:plc:e7lzowwltvxxqktnr2egomhr	0.00307108662283696	0.6343351401723568	1098.671315245394	0.0
did:plc:e7phyj2pzldfjfo5444wn5ax	0.0021347164885627	1.1837334002048865	430.1828243087855	0.0
did:plc:e7reu63qoymmljjwhi3awdta	0.00544759736839802	0.9841193471801812	944.4829665659787	0.0
did:plc:e7swnb2t7zk26ea4sfrkaxh4	0.00448205085342797	0.587345746397532	2281.258245914277	0.0
did:plc:e7ziq4it54kabyhqsj2obyzq	0.00230908791033961	0.6299667204719964	4931.967800318059	0.0
did:plc:ea65ivyhx4sbchsqmjchnsm7	0.00205141355224571	0.295752784046035	12869.4226327824	0.0
did:plc:eadipnwzqr3pyp2i3fyqx6xh	0.00411491274886942	1.378175985245437	529.4239639314812	0.0
did:plc:eaj4fravf3ihdhc43hwtov33	0.00647348952074621	0.7544708224152287	1595.3249443103816	0.0
did:plc:eam2ajzivcp7rhzod4kgnn6k	0.00359758447938643	0.91452950220742	769.6124178570396	0.0
did:plc:eam5x6wptxkkms2uptnqipul	0.00641254008678305	0.6523719819518444	1307.6848759604566	0.0
did:plc:eata2lkcvmh7csdbbvoo4eib	0.00246110686075561	1.0955293740486145	311.6561040618206	0.0
did:plc:eazmppcagbrq5ftbgm2vndfx	0.00900720576762342	0.5907663065080675	1683.2540370546458	0.0
did:plc:eb2fv7o4y6y6mc4nhmrne7yk	0.00578875248418622	0.5682745449326175	655.2246892868175	0.0
did:plc:eb5rduosbe33aiszp52ajd6q	0.00699463744591839	0.4461619745880935	4711.675366864902	0.0
did:plc:ebbdi6e3q6chbtzn7r7j6qj7	0.00252097678448595	0.9031719371377129	2380.896278878576	0.0
did:plc:ebgt5cvrpi7ajh7qic5updac	0.00661625709037642	0.763699668246229	2187.68729533419	0.0
did:plc:ebjgnw5qfuyqoou3zcisnay3	0.00650640367259054	0.37967738792444994	2734.480421139038	0.0
did:plc:ebknrob2jisharh7q5225rqs	0.00688497061320149	0.09270177026382326	11577.753493959133	0.0
did:plc:ebmypgqpj5c443exofm6mrn4	0.00532782429111984	0.9259222345201092	1543.4806175022852	0.0
did:plc:ebp3hlqehokbgu7uwvo7uhml	0.00285207471060771	0.7431669303029176	2150.9424052525164	0.0
did:plc:ebtokhj4diggjqo7tkzjyuhb	0.00460456723382526	0.5360253689164142	4341.544365419297	0.0
did:plc:ebtxkibpsgqxvkrwwllil6au	0.00378460207646118	1.086766074634918	2896.6025093036537	0.0
did:plc:eburc4fqf4wqr4bfmuuhbfxl	0.00436306415871813	0.9111731689035784	2621.431961815483	0.0
did:plc:ebwigij2h555z5ihq7ji7bhu	0.00623640319254752	0.38826620576996607	4269.105359402629	0.0
did:plc:ebyirfmcml2wmydrexhxu27t	0.00403200794023101	1.1469044056305662	1337.8393906249703	0.0
did:plc:ec3a5z3rtjso63lkrfvwcdiy	0.00410916896788079	0.9681148468239312	1518.027225235996	0.0
did:plc:ec6mey7n6gojqwapoisnxewm	0.00445133683798804	0.336334360455213	2538.84672319004	0.0
did:plc:eccazn3of2t5izv3baeh7elc	0.00241257947326182	0.688282843353154	1148.0955390227764	0.0
did:plc:eccmgtrscaznecu7z6lqyv32	0.00503195974783474	0.6609747806987932	739.4265948798537	0.0
did:plc:ecdet7gjsm523zbrki25d7ka	0.0141484250059934	0.0614696114748924	9027.62795972322	0.0
did:plc:ecgeqxvgh4qvops77wp44osl	0.00668693009266653	0.472497402749644	2089.54294444521	0.0
did:plc:ech4wjyndzl2b5nihabtenzj	0.00962399284042553	0.7016018900867113	4593.813641256668	0.0
did:plc:echlhg32p64qvqafu3wy3q7p	0.00641313410031504	0.47388245234867443	2827.864220602941	0.0
did:plc:ecjnmr3s3dekttfzzfczfea4	0.00263356674785698	0.8148449409432994	1277.766804994648	0.0
did:plc:eclax5vlyuse5yaauvuf36w7	0.0118639599327488	0.0819460749132742	10770.1600487499	0.0
did:plc:eclv3t5xhqmm7rjg2pelnubc	0.00675809978852764	0.5041906337322961	2272.168547171946	0.0
did:plc:eco6wsnrnk3abtoeklelujvm	0.0090976606161714	0.48311862851801063	5422.768707814879	0.0
did:plc:ecrv5lyb54nwsvzdgw3s5imj	0.0183150183595454	-0.800436807812963	34976.1719020132	0.0
did:plc:ecwgzkcbqpkzinv37c3mjifu	0.00968385075719178	0.5123664151022759	4774.695937701489	0.0
did:plc:ecwjmvf7olxrcbcxm2qw5ofv	0.00611427366839852	0.90655974831716	1794.0373477785613	0.0
did:plc:ecxbvvkzb433vgamzmnl7sep	0.0192941176851386	0.14782321726653674	5740.7235127367185	0.0
did:plc:ed6axietpzspy2cjrwf2mu6r	0.00739868841541729	1.0490053429827388	1282.8624509841475	0.0
did:plc:edag6hkvqouv4pqkxziiu6zs	0.0063975204641318	0.464938541991424	1073.060056157066	0.0
did:plc:edkwqytgbzui66pyaugaxzvi	0.00493695376683973	0.5789967480760807	2817.4332956426238	0.0
did:plc:edkzjdp2p7bwsa5og2wo6jr5	0.00264090624803618	3.630477556767366	159.7410124977641	44.0
did:plc:edlhbnew2fu4x3huxgrtybsp	0.00458316870895504	0.5271215910359959	1085.0283951843985	0.0
did:plc:edpolgrmoqtubydgexzflo5r	0.00617875785849206	0.496309185754357	1897.26307759311	0.0
did:plc:edt24sbrn3d2dapjf565jqm3	0.0068584297280583	0.5682327332578925	2559.0548920753986	0.0
did:plc:edt6ns5ccxpnmxmur2rom3wu	0.00211571111409894	0.385311229012854	4353.70994426951	0.0
did:plc:edtlxcgmirxnridulgkpvhsq	0.0184182015605751	0.5997819344293076	4485.254491032862	0.0
did:plc:eduubvqjgxzhuhsjqruqxtiq	0.0040472893812455	0.9487599080816004	1277.065770162124	0.0
did:plc:edxfgutszzsfvfzd5wmjycwf	0.00268602125976955	1.8161481154103671	389.93577213879206	0.0
did:plc:ee2k2wlvdenl3su4duxbpkwu	0.00666598297760027	0.6980978225615035	2251.558969862483	0.0
did:plc:ee57v3ydoilhvitbyc7e7vwx	0.00493512254704687	0.7249118351415804	1120.235919495846	0.0
did:plc:ee7shw4ldxt2fxiwupdxcd2q	0.00536898620965129	0.844787013283929	1423.0810393311203	0.0
did:plc:eeijbpytf7siumg3xryv66hb	0.00717251793249289	0.6116493840311575	3390.6596444100646	0.0
did:plc:eeo5fwwf25td6pf3qxrua74h	0.00444793302038583	0.6155424044271067	2217.896522249894	0.0
did:plc:eepfnff5jr4yi5ihbdopeaks	0.00367635506678613	0.6874668016825929	1051.1546650655278	0.0
did:plc:eesudf5tsqpk7mwoh5gvdx65	0.00305674428947207	1.7030645478014779	456.33214355857854	0.0
did:plc:ef47mow72p36mwgretwgca7u	0.00428425705565313	0.6771838793064043	2625.1595895931064	0.0
did:plc:efbyakwyladweif7qgtmtzzz	0.00534402137667039	0.9430557575351255	1364.358367405394	0.0
did:plc:efd7yehey5mlgrvae7isaopd	0.00322697544403528	0.6958821524403294	663.2775417910461	0.0
did:plc:efe757zohdysgfbbw2dswpr6	0.00223039506472963	0.9231917397830963	1557.9490271739464	0.0
did:plc:efgnkcciboi4l6lkej44gkfl	0.0140388769096471	0.403486220054931	4319.38286014873	0.0
did:plc:efrokemdan2ksfb3qrw4u3ma	0.00246446441467941	1.570922827186405	309.4617460710905	0.0
did:plc:efwfvjk6a2lbfqirzg74j57x	0.00665356117491617	1.0637740271609544	1380.617455528439	0.0
did:plc:efxeifo6jhyajnlqcf73jlav	0.00511221945471885	1.344969220283458	1333.411307174752	0.0
did:plc:eg6l2t4cposxn3g2znp6fxvr	0.00609404595436287	0.652874892708699	2085.29116661888	0.0
did:plc:egmacar2sjuuh47pqv4bpwrt	0.00227330133878944	1.7854466374730265	312.2387207459546	0.0
did:plc:egq5c4k67h2guykeny3kosu5	0.00393583397966497	0.8064274153497678	2525.825092309128	0.0
did:plc:egr6ra6kbkz3vrqu6phi3ind	0.00761787111884951	0.9143798081429113	2494.2946790479123	0.0
did:plc:egzwwi56bvtblqv26ga2dyqt	0.00530421216908509	0.9130782490527969	997.4351852443561	0.0
did:plc:eh3f7nfe3atynfp6wzjpgwgn	0.00964630226305168	0.47618216635521	3220.07172348619	0.0
did:plc:ehac2rqfohghqiu3lfmtgtsn	0.00210467794465071	2.141727910413084	275.98928819306883	0.0
did:plc:ehbwo2food7cefgi2wbkfhhe	0.00340055528063961	0.7999000167754932	762.5452508731624	0.0
did:plc:ehokgecygrvypnizmqfte5hg	0.00293526958148658	0.509984056398205	3147.35947014819	0.0
did:plc:ehrvf5w2zrg4rjdapsss2ju5	0.0089126559745886	0.6568910677024727	3250.629564947087	0.0
did:plc:eiavgi3e23lw3554ibfzsa7y	0.00286911760585304	0.4971919298882566	2763.454549747302	0.0
did:plc:eipj6xezntmojhwpkqzb7b2o	0.0147124387841567	0.7319725343680417	2776.8774829954286	0.0
did:plc:eirkgcc66ekfw63rtrr3bh6h	0.0138504156155613	0.590476763391228	3543.92773004914	0.0
did:plc:eiuc6w3cgmo4dumghhvtsd4g	0.00534759358580621	0.451713067835533	4848.07272474391	0.0
did:plc:ej35nbyff6lsh2ntmn72qskd	0.00534051098302088	0.8522352557153164	1188.9182210448769	0.0
did:plc:ej723hx7jpv4hceyhcl5mutc	0.00563002681015061	0.541615213967134	2042.89237303436	0.0
did:plc:ej7ytz4hctvo2ebijkeg4zhu	0.00519048085400657	0.7213607587393993	1830.7622834135734	0.0
did:plc:ejakqu6xo2x4xnc6ozvps7rt	0.00925196850449259	0.4467352935572008	5736.576557419964	0.0
did:plc:ejffcgz7haeks7wbqrrhtfgm	0.0179833012673354	0.5586744415815558	4114.499066739837	0.0
did:plc:ejwnustggdlgfuu3op26rm2w	0.00252837397465171	2.13281071879471	204.24143342076513	0.0
did:plc:ejyngub6laqusegntfphiuoi	0.00415661035155278	3.558340857180639	124.54193000132237	35.0
did:plc:ek6ks2zomgujxjbci6xh5pog	0.00394128063090192	0.9037593422972316	1697.658364683442	0.0
did:plc:ekda4pv3zxbpebmurojw5rxd	0.0045825150280134	1.0595623985179061	1243.3378001551325	0.0
did:plc:ekkyo72zl6paaditrdj6zyvi	0.00392483349221333	-0.845222604828797	36753.4255403088	0.0
did:plc:ekq34sjp5buqna4r3aese5r7	0.00516444686068974	0.617884852501655	1575.27150278576	0.0
did:plc:el5ijkifs66jhcbajoggb6fe	0.00415818809190895	0.7171383071100333	1375.8055236505072	0.0
did:plc:el6sstcrjr26gb5sf3z2x2pj	0.00368476049093373	0.9872605009240655	1649.2158743368614	0.0
did:plc:elcg2tmzqllxrwwslege22qq	0.00348107167321536	1.0332400664661248	367.5556774158768	0.0
did:plc:elf457oex4neahjpfte2qjxw	0.00470777843838741	0.8700891626483873	726.9666116409279	0.0
did:plc:elf54fuxqd2lwwdnsvtacrgb	0.00468205575000436	1.3940555457659618	939.1302119319427	0.0
did:plc:elgwigdgk34u6zai66lcf6wn	0.0064202334714121	0.2477066029194299	11159.92906721745	0.0
did:plc:elssyjgtppnwvykvhjm443y7	0.00472987176876963	0.7079829456666622	1945.1138648199612	0.0
did:plc:em47s6v3yr5z64ox7ejwf5m6	0.00576970292399597	0.5052291324304085	3025.7399153667197	0.0
did:plc:emlfx5qxpna67dwxhqvlok5d	0.00632440476365829	0.8607605018872287	965.6935395440219	0.0
did:plc:emmongoyicwleavstailng2p	0.00663288807153178	0.6257280775053687	2272.4506049407337	0.0
did:plc:emsq5wvj23i6mprmpxl4rgdd	0.00658436214022811	0.620764776579486	4581.686640359763	0.0
did:plc:emv75v6vwofga2gndqgodwdx	0.00528003017220771	0.7368082353831507	1878.37589423635	0.0
did:plc:emxtjo62xmgjyxnqnqdju5zw	0.00730868443793322	0.48166992692649824	3345.5105827947314	0.0
did:plc:emyps3b6qicvoesxfshrobia	0.00592607473094273	0.522240826738865	3788.26734638535	0.0
did:plc:en2g66plmtxkbhyro6dek3pi	0.00866269626759983	0.8201693799696571	4304.481676354246	0.0
did:plc:en3dmzofhqegicnlzdzytzbu	0.00922693267112985	0.531633288159951	3627.77793899304	0.0
did:plc:en4kvllqaynw5326ivq4t3y3	0.00762631077714051	-0.635774422520357	19778.172601258	0.0
did:plc:en7szddwixn4ar5xm4jfkzpy	0.00622761949428646	0.773691868209377	1762.31719917238	0.0
did:plc:enayj7vyjze2tj7n7t4oagsb	0.00336312097636307	-0.295735299725296	20723.8416291756	0.0
did:plc:enuqsz2cljioglw4jcz3tvp4	0.0128588517004205	0.4315558315017499	8094.322267440977	0.0
did:plc:enxbudi5rzqq5y2ixkwllkaj	0.00675822978124684	0.5865153598299497	2071.24595669154	0.0
did:plc:enzesnnn4aqnnqnyaogalt3e	0.0114198705821682	-0.351963697631352	22082.8521841763	0.0
did:plc:eo5zn4loaqu54ueaklol25sd	0.00323545071068005	1.0867829110953724	893.4729130287038	0.0
did:plc:eoayw7rayczgrokhbimq65sx	0.00568041491969253	0.4802007666193458	3430.126210009442	0.0
did:plc:eod4i5x3iky7rmod5hw6c6xr	0.0143291359134064	0.3811428912003354	8038.364210510238	0.0
did:plc:eoexnnvqxljn3ud2x5qwkgjn	0.00229177974797	1.470028320246969	699.1707586030378	0.0
did:plc:eofbsx7z4p5eq4ml2sujfeqo	0.0128953771545142	0.803115821799204	1781.30336968181	0.0
did:plc:eogz6k4edp3w53ix7e4qgam2	0.00551122337730506	0.6082936510596166	1315.5975178570175	0.0
did:plc:eoivrj5xvde63qvq2hlarqic	0.00705183719042359	-0.164071068110868	11403.4250108767	0.0
did:plc:eolz4azeydw3jgiqnskubp2d	0.00274950381489185	0.6516372540887794	1349.3260268023841	0.0
did:plc:eon2wvd4sc7rtgg54li2y47h	0.00421436658723378	0.8339756350358666	1093.2078248932557	0.0
did:plc:eotdswt4kfgfp4wu3kvpo3zt	0.00427533133840998	0.771188213227039	2093.43517945676	0.0
did:plc:eoyeaczckqischezwxjpag3p	0.00680615074503897	0.41935265282442147	2618.8388810770775	0.0
did:plc:ep6t2vosktotmdw76r6mbrzd	0.00705336427040186	0.6092750922902215	3150.429531546211	0.0
did:plc:epcy7hm6pv5io6bb7i4qnzlv	0.00304729400358626	0.8223824480724135	700.3592071420983	0.0
did:plc:ephohlnx6piif53bi6cwdbxu	0.0243346008552995	-0.0470583321684974	12078.6787376198	0.0
did:plc:epubovkxmnx3rmesbdrfdsto	0.00282508355897732	1.18012985399155	415.63090607192714	0.0
did:plc:epudjlrob5amendeypxguix5	0.00638026371927441	0.131730108261048	1869.15160008318	0.0
did:plc:eq2vrzxpnw7pq22z3dbfdayl	0.00454281337584788	0.6792875379489223	1933.7397644630796	0.0
did:plc:eq56wjspmvx6mt5yt5fdl2jh	0.00440068620975525	0.5199713022097894	2808.990158210603	0.0
did:plc:eq7fkyw5mmhvwzx6ggkqex6e	0.0099327138760013	0.4867838674931839	4514.439962375158	0.0
did:plc:eqe3rtkj444qevpttvj5pdp7	0.011758417965059	0.444883161525775	3783.57653979197	0.0
did:plc:eqkwxlcpt6uuwpqvxk7uog6x	0.00213485145000304	1.5153893823632607	497.0093117427564	0.0
did:plc:eql6ttghgmyxw3rbkhafno7o	0.0135859850057608	0.0669488999184717	10484.6988722826	0.0
did:plc:eql7cv747lm6w4mtfwutgdq3	0.00369075369111747	1.933959233651998	373.7041261868791	0.0
did:plc:eqwox3wi4dapcgrp2kq7ipi5	0.00716597318659204	0.873341031556149	2483.70504606857	0.0
did:plc:er2e4s56ohzin6cznywp5xu5	0.00454219459813959	0.2358596333948084	7158.5055832080025	0.0
did:plc:er3avmg7fzdqkh2iynuhguxj	0.00588121866782407	0.6504676782530416	1558.4302792563922	0.0
did:plc:er4bl536bbljt2uwlwv54far	0.00755840586860345	0.593575058864037	3087.11732033932	0.0
did:plc:er536hoddgahp7ehpuna4ppp	0.00200714665857742	0.8048016018456325	1192.945848940288	0.0
did:plc:er7wg376teha2aphfzwlld3e	0.0153609831180245	-0.194299965398565	20361.4317694698	0.0
did:plc:erbd6wwhpobt2l5m2tn7z24d	0.0143784786641941	1.876485684715778	648.5297122891548	0.0
did:plc:erhvzkontgmovof4helgs6fx	0.00551684088322546	-0.25538837893198	17811.4546203628	0.0
did:plc:erktnkhex3vs7w7kbxde76ls	0.00339844558101308	0.8139631058899723	1037.0912559354451	0.0
did:plc:erouyvcuef7qeengnvrzl5wg	0.00669833150798915	0.5879645826030117	3201.875533851895	0.0
did:plc:erphu3l42g2qitcsp2dtuuyh	0.00532268795801055	0.6132003278895367	7237.057538066388	0.0
did:plc:es2g7kr5pmttswoqw356sr5z	0.00228198583485092	0.7225950230666943	1386.7092864995363	0.0
did:plc:es2rs2yeht6dwi5zibtis567	0.00337577514450065	1.2175561592084285	704.0992196520164	0.0
did:plc:es3w4i6diq3m2d5q7julcez6	0.00574683544538271	0.3837860554315233	991.2111673824317	0.0
did:plc:esandrskr3fjpoql5slmvarn	0.013046815047146	-0.204993017442045	17590.0592453774	0.0
did:plc:eshm3ejvwf6h7hcbuvo2uw7m	0.00381927996243053	0.7767817038680167	893.0037257369397	0.0
did:plc:esm5y5a6zzuislfbttvncwqb	0.00988725065275111	0.627486097258386	3727.55223173899	0.0
did:plc:esq7iudtkxafr654rerjxcx7	0.00541475520850359	0.505032120937985	3302.52126671007	0.0
did:plc:esrrg7fezwdqxhqrt7anur7c	0.00315625103883237	1.0011829058332047	729.405846904513	0.0
did:plc:essf7yqtyyc3uojfwqpon7aw	0.0202764977286563	0.734564188263577	4593.3711328007275	0.0
did:plc:eswihqhp4n3wn2adgt3yjvd5	0.00713753062867943	-0.0315084629838401	8582.39442907087	0.0
did:plc:eswj2ajzsncfbm4h4gsqcpk7	0.00627199021137458	0.6968791696931451	4133.689832979689	0.0
did:plc:et4couoblupvb4uixhjxcdb2	0.00839682786875038	0.626998454414102	2650.5359730227	0.0
did:plc:et7rgbmx7aiqjnlxs2rluruc	0.00406024885423304	-0.0662461912583181	18407.4830402871	0.0
did:plc:etgyjs7m7spijpqildyvoy6e	0.00386299253186374	2.1029174913583315	303.30565506679085	0.0
did:plc:eth7eed6r3wshb7yjwscnp3x	0.0242718447557755	0.0408797517764022	12592.6249625897	0.0
did:plc:etiaxwfhhm26bbvfbdwpjyh5	0.00271647895510874	1.3240908058265444	618.1950332354597	0.0
did:plc:etibpdv7drsxadpm7fog2t6p	0.00421268359354725	0.7835152525918292	2090.1022069406713	0.0
did:plc:etkd5zkrme3z6zmp24edjisx	0.00462640879456325	0.7292303469082317	1275.8063289753236	0.0
did:plc:etll2v7fc5b3aiet6pza6cpn	0.00317979467623086	1.8282555246783394	423.68894299416183	0.0
did:plc:etpgyw4jgmc6r2yrmvbuikr4	0.00233636055349868	1.3787190958948243	293.7553487819071	0.0
did:plc:etwwez2zww5yxophkifji7kh	0.00325112392380809	1.0274353918337535	640.3336278327351	0.0
did:plc:etxq2p2d5bawhuo7gqvk2htp	0.00568720379195324	-0.325736511565948	17498.2488186433	0.0
did:plc:etzxpmjhukmzgytxejztmbsk	0.00698940553292538	0.559084561387088	2584.95764040585	0.0
did:plc:eu3j7jo7fjed36c2ymxmmogy	0.00430065487267361	0.565342696204754	1925.98301351357	0.0
did:plc:euewh23lzn4ibb43t4hfseqr	0.00950161348204734	0.9641013749332022	1430.843480561387	0.0
did:plc:eunaxblk5ixfydhuji3ghwvi	0.0117883120207423	0.453625428688453	3192.58402044047	0.0
did:plc:eunbvjseq3spip3q7gqven43	0.0071842868453788	0.588698580900174	1834.7786101578195	0.0
did:plc:euqd5ec32qou74afad7gdjeu	0.0106870229008353	-0.234510719717367	20281.7474706923	0.0
did:plc:euue34vfq7crntl67tkarcuw	0.00482107693432404	0.635560252383397	2973.2535455287302	0.0
did:plc:euur44mkfugw2j6rblwano4g	0.00327293425681757	0.9078317774984244	575.8843357619438	0.0
did:plc:euxp4zx65m32xke2aefxnzlg	0.00892060660186904	0.9577012994555666	1407.4198522991933	0.0
did:plc:ev6hw7ukahzr7vpiv3goccfl	0.011411182966685	-0.0634850359286163	21018.8197065408	0.0
did:plc:evocldnrnj56nnl5nefsec2x	0.00446919691989385	0.6842351964792066	3345.78847340841	0.0
did:plc:evt4rbuagq24dkzuaizp47xo	0.00432936943037631	0.8634234312793495	1095.9464300718294	0.0
did:plc:evtmalknkybqut6v6obq5xnu	0.00650048876016681	0.633695793396485	1469.99548286883	0.0
did:plc:evuqzifxdmtvxp5wptykhdxm	0.00490583953233055	0.738403110912767	1816.119691288808	0.0
did:plc:evuw37tqpg7hnpxaxvahlwui	0.007010592091507	0.430485979963851	2959.95135634703	0.0
did:plc:ew4w27zta6xfu7rlz545usvr	0.00354081869064166	0.6948254260415314	1650.530484660141	0.0
did:plc:ewf4mlayfuqqyoyf6v7lwcyi	0.00651752686438043	0.6733031766873983	1105.9798888702528	0.0
did:plc:ewgfvda6gys2rnz55aqlvdkt	0.0074595055466674	0.6496152801249355	7108.402394610416	0.0
did:plc:ewghazwn54ye6gcfulhovmrd	0.0196488294674905	0.5373852336023975	4165.690568509795	0.0
did:plc:ewnxotjtp75obwacjyyd566e	0.00701861458779135	0.90162027423399	1454.545505834509	0.0
did:plc:ewsmiapacaaal5ds6427wkqm	0.00342535787366916	0.7413775544093739	2600.3597946367395	0.0
did:plc:ewttxtffuyjsqsqsvcsi6bje	0.00508083140945812	-0.0963538783012855	22170.9747681463	0.0
did:plc:ewvuayhgrspiegklmitirdyi	0.00655552416093991	0.7640579655521935	1771.9045345114666	0.0
did:plc:ex3i2axhpd4o6iasjp2p75q4	0.0058264336115711	0.7139167375771311	1104.7033315940832	0.0
did:plc:ex3whcxvmdvjmlzl3ty3oz6y	0.0106644791264809	0.9356988570688032	2944.7916119129727	0.0
did:plc:exco26ybfpm62627cctdukye	0.0042091417299368	0.8132724926856825	2300.096332173165	0.0
did:plc:exio44ml7eqgtnttothimyck	0.00379759827601817	-0.0773490539285416	18190.8614939469	0.0
did:plc:exju4cznzojf5cmnmais3ut6	0.00377870933493114	1.2881725118842964	996.2216050719559	0.0
did:plc:exkglwhtw7o6h444ameffxib	0.00424906030420693	0.229223799557055	2967.02342606995	0.0
did:plc:exkwti3p75fr75vko3typ65c	0.00281962590794086	1.0410728409601322	348.41694936114055	0.0
did:plc:exqgkuimdztlhteyrmjml2cx	0.00353034961891196	-0.2471246133906	24014.0390045262	0.0
did:plc:ext5xywynhd7a3mtsnomyn5t	0.0063088679668926	0.8996499152718621	1415.1670157581937	0.0
did:plc:exxcmxruzrcz2mzu3uf2t2hw	0.00333839150229605	1.2993022508881569	884.3206038284213	0.0
did:plc:exyl5ld53kwcml63xieqeuzh	0.00463426853797748	0.8654433420327833	1407.5216934506	0.0
did:plc:ey2iyqt76o7macvwzyblxss7	0.00812693498862735	0.8105132562547399	1570.5183171781875	0.0
did:plc:ey5c7x4pf2hsivddldhvezcr	0.00745378652888674	0.5523139273009633	1122.0592509324642	0.0
did:plc:eycfiy7fydny2v7dyob32rq4	0.00919988848676528	-0.0938922398909203	18143.802125988	0.0
did:plc:eyd4vmu67htatdhq6bol2i6j	0.00231294090467901	2.2885733740556033	205.2698268769383	0.0
did:plc:eyfkhq73qagbq4b6ziccoc27	0.00576739402186246	0.6410433417007467	1086.508269676337	0.0
did:plc:eyijmaom7f4rvctco2ccmre7	0.00581166272882255	0.654796325474073	4158.08686404273	0.0
did:plc:eyj7qz6q7k6etpk57oe7fbqo	0.00330945150882929	0.6764927886818104	563.5839609354682	0.0
did:plc:eyk3yykbksjm7tt67bgmmbkj	0.00324324324335197	1.7839055476312313	273.9453285488989	0.0
did:plc:eyqvpnfojyjrmrgrroympg44	0.00455235204951241	0.8864478366945097	1270.2258470068275	0.0
did:plc:eytoggu6l3d7eg2bdjjrmprd	0.00911507786086226	0.6958122078835112	2435.2574996112025	0.0
did:plc:ezlbbevz2fzoqbieheubp5g2	0.00545544718190159	0.320532306743014	7550.29225215856	0.0
did:plc:ezmlo76vg772ub7cqz36agxi	0.0104501607813282	0.3089265215398411	3758.72084013976	0.0
did:plc:ezmtzposooeawgpadgc4va3k	0.00956244568049666	0.8396174334371658	2288.8082093249213	0.0
did:plc:ezofq5nelzpnuk4k2npr2uvm	0.0079078174468464	0.7357205869174668	2405.096337180563	0.0
did:plc:ezti3byytphcqilho337nl6t	0.00856714500243195	-0.327075378289371	19862.4616111943	0.0
did:plc:ezun3rblpf56rv6cce4zemwx	0.00545171339618907	1.0282025968897197	2038.0045703432138	0.0
did:plc:f26dr4o4zqnplbeiinigc74b	0.00673632115104229	0.6733563115693361	2065.479605142543	0.0
did:plc:f2aebiemzjahy7ak3buypsla	0.00538579284597059	0.7654136346076389	2037.0452422975206	0.0
did:plc:f2d3c6qheywxfjztwnjiaxj7	0.00481120819140643	0.716972575556143	1001.4476884854976	0.0
did:plc:f2dg5s35igudfeatlxrb2zjc	0.00875099443447091	0.7116348703240951	3365.652958604883	0.0
did:plc:f2gblllrr44fcclevm3vwp6d	0.00315661094781903	-0.140604182659825	16077.1512835863	0.0
did:plc:f2gknoz4xvk5ky67g6ma4gzy	0.00793280448411957	0.5423357506693852	3884.0635145013794	0.0
did:plc:f2jzsjxpeph6755kysqivlzb	0.00564791133894277	0.7508734737669271	2079.770206131133	0.0
did:plc:f2ms6g75robhb67yibky4lqs	0.0133765707346004	0.0655429839639595	13059.1787881327	0.0
did:plc:f2mwdprlazmmbdnp24ruykor	0.00791359213363472	0.8454708208192744	1503.3137321391876	0.0
did:plc:f2qcaxtdytc2iryr6xutngw7	0.00580006823611514	0.754774557818198	1765.43481788563	0.0
did:plc:f35buumdyv4hkuzsbxsz2xqg	0.00316270352585227	0.23903580810869215	9221.814483048805	0.0
did:plc:f35sxvbkekhcbo4phb7yuahi	0.00497217947273051	1.0247583318641251	1928.44502992666	0.0
did:plc:f36hir2xrdsjhbwpacfnpayy	0.00629085975974272	0.577996409225439	2792.95667396798	0.0
did:plc:f36p4gvphk6q7uv4ixlmdgyw	0.00726260364455986	0.7412762422459807	1350.4061621713072	0.0
did:plc:f3cv24ws5767qpijhwhuorh5	0.0257575758375439	-0.288487869501819	23512.1241617881	0.0
did:plc:f3hooe4jvrf7sypv6g3j6o3i	0.00680467015397277	0.186835938860555	4391.27997712354	0.0
did:plc:f3hzfujbgmjsww25dvj7treb	0.00543992431686689	0.8233751020978041	1293.340341525256	0.0
did:plc:f3ratbt5pejberbjba4je2km	0.00606382978922616	-0.314673162639241	14376.6262291663	0.0
did:plc:f3ug4x4hxzao4sthtcfmgopy	0.0039280283846734	2.1346547273434293	444.5241663917055	0.0
did:plc:f3xazd63twdwytuka5acqlka	0.00554553056695895	0.6832340886763643	1682.5926608775649	0.0
did:plc:f3yn6kabpu4mpax42sukp4a6	0.0055333369862271	0.7055259395352831	1727.3662160005824	0.0
did:plc:f43mqwykq2bno2u7pdiq3w4p	0.00623013350293418	0.6850265540249854	1708.6069835773653	0.0
did:plc:f45fpjdtpeg6ddunlfzgavy2	0.00630372493013778	0.569548986404961	3385.38153701641	0.0
did:plc:f464onyg3myjh5qzgfjl4dfz	0.0126262626317094	0.166195911030004	8445.93055157652	0.0
did:plc:f46ykt5mi5mjo76c6r2sirmz	0.00334479234424073	0.654163090054317	2179.16070000124	0.0
did:plc:f47wkpkl6lqbigzgniij5nzu	0.0029745042494344	0.6738281461405425	3659.9183558480477	0.0
did:plc:f4abgslzvfloyl22f5l5jcmr	0.00580075662088458	0.8161837004463008	1866.022368740909	0.0
did:plc:f4eg7exeeepwhlw2vbxfz2pl	0.00263291999341537	1.637810668698674	414.9023827151122	0.0
did:plc:f4fk56bbtfx5fiuna5cnumdu	0.00341568407263688	0.42141705928201467	3355.941970034648	0.0
did:plc:f4gryaxqlhgn26rtihbxcorn	0.00721518987459449	0.599917038525334	1088.145553915334	0.0
did:plc:f4hj2xdjfrffdqc3pl2wxlvg	0.012863070565173	0.523472726892723	6012.98044257535	0.0
did:plc:f4lf3k4s6r7loctu2s4eugpk	0.0021413276232086	-0.348125959539037	24634.4762837346	0.0
did:plc:f4qwb7s2umf3rjuzn2durpp7	0.00522928399097078	0.8993990813467134	2498.685666946684	0.0
did:plc:f4y4ga3rqvr377j3va3vbuxa	0.00769732551038382	0.6402449968656696	2284.5945168946714	0.0
did:plc:f4yk6vhb4qh3igoixipodixr	0.00314960629933176	1.3890004305934076	1643.9672651406222	0.0
did:plc:f4z6gsuxeolmhzis5ofmcmte	0.00225420495932034	2.002616762117089	164.31295424885263	0.0
did:plc:f54cq2i2edsh3vjz3fdg255m	0.00374702979519216	1.0181407068238668	766.8348594057243	0.0
did:plc:f5clc3un6xe2mgccsfibw2n5	0.00336562978082099	0.8969080102718802	584.1466359215319	0.0
did:plc:f5dpdbkxgrwqkaplhafxfpc2	0.00492682219971118	1.0174234010099952	577.3968171984999	0.0
did:plc:f5f4febaw3tjjrulpkeuibyp	0.00378477905241932	2.0840134467112046	213.02031830913154	0.0
did:plc:f5qtivzun52r3ca5ria4opy6	0.00506329113992988	0.5998552245999696	2182.81029913034	0.0
did:plc:f62k35vzbiw2spvmq4czvilh	0.00326866301149371	1.908852629938979	485.5472412406226	0.0
did:plc:f67xykqbiffnftmgsshx2gcx	0.00957243140008195	0.6780074346684509	2582.48770341172	0.0
did:plc:f6bzn2gdjfnhx2dgbby2rqz4	0.00221623648955482	1.8096977141368673	329.5279768873103	0.0
did:plc:f6mbnh3ok5hrpfrbailzsime	0.00493226814940948	0.588006753964281	1970.6648969445557	0.0
did:plc:f6mmvcixf3fal4hmujzbdxtv	0.00663227708181023	0.8239283133615102	1443.5342757094777	0.0
did:plc:f6tra3hwdyxpghfr2hphbsmu	0.00632452047868448	0.707393388461272	1613.01357820835	0.0
did:plc:f6tvsivqiwrqawak7xwiha4q	0.0049742405407881	0.428229947103722	4588.15429640842	0.0
did:plc:f6vzq5ful3a3x2mq4hc5qkvi	0.00539097396986665	0.7805564630117583	1094.675221438672	0.0
did:plc:f6x5wcevwki3jg5zko3uzk6q	0.00678104021298823	0.47080870150558	3024.28632483269	0.0
did:plc:f6yekxxpke7gyas3d7qeipty	0.00396996811712682	0.7023913395477928	773.2899998330458	0.0
did:plc:f76ssxtxpnvp3h4wmvtreuuf	0.00577933450318057	0.17343484214810176	16245.10973171722	0.0
did:plc:f7ejerqzqh645ljrx75dyn3t	0.00335946248609966	0.9254511243560025	651.7370503826156	0.0
did:plc:f7hx3cnoynbkf5hyu63osfnz	0.00464137040067745	0.8769811516532152	912.1727938202705	0.0
did:plc:f7iotyuslqkkftrmr6upuolu	0.00498113207619633	-0.169442793433207	23105.6864450777	0.0
did:plc:f7jczhenqnv3sfox4u3rlfha	0.00394604678007045	0.9831622072404921	839.4472766178958	0.0
did:plc:f7ntixz63rhgvs4rw2octj5s	0.00518548065480938	1.0024451895915196	2688.16182807482	0.0
did:plc:f7oxgcbrecukadhzcspeb5in	0.00701565030322061	0.6177252193014628	4014.1977351676305	0.0
did:plc:f7rcts6weirrtndiekiuuiy7	0.00280462068216663	0.6663113919706833	636.5698468818466	0.0
did:plc:f7wcoo6gfhvuqgipopuozuas	0.00506307389000012	0.9347006770028402	639.4734977585737	0.0
did:plc:f7witdlf54ywnt5ikkggp33j	0.00454959053780745	0.8240338974723814	1265.7967233182271	0.0
did:plc:f7xa7nn6luetikeexpdd4ip5	0.00535820599383282	0.9728314044123972	1282.344677368942	0.0
did:plc:fa4hl6oeko3nbhj34t73auhr	0.00436083796515993	0.697448671661971	923.3731661751652	0.0
did:plc:fa4o5w33vsf4d7xcdajxctgg	0.00276910801885857	0.732287991642703	1904.80783869912	0.0
did:plc:fa55u3pnvcvao23rssf7s776	0.00334230048106418	2.1654606795527442	316.933299935681	0.0
did:plc:fa7dqb6qpcotk5sjj6cupeaf	0.00446896551825092	0.44496294373562767	3898.961102484466	0.0
did:plc:faflqcxfrg3h4ojw5yxs727h	0.00447362724683936	0.7343193110727124	983.8605292854312	0.0
did:plc:fagl4krjnwz5jeykfwl2dvpc	0.00823680824075232	0.539347790623035	4043.44551524112	0.0
did:plc:faijealz6vwlhf5bo2w2bxof	0.0032017075774878	0.9571634292417904	1864.148452579531	0.0
did:plc:faikyucyq4izystp5woeavcw	0.00461780310564893	1.277560283798782	643.6522772723703	0.0
did:plc:faohladt6vjnmwnid6dt6aux	0.0162187947337716	0.32831884360787655	3602.3020800974004	0.0
did:plc:faqszkzz5dll72nnm7hrxatc	0.0138364780081031	-0.0940472265673184	15868.918883572	0.0
did:plc:faqzg6s3fpsrojs3r36sbwgm	0.0113181264223349	0.418643365586478	3311.6031216643	0.0
did:plc:fb3lffsecfq7ziolz2wpx5sm	0.00594488739895425	0.5911958420006116	2762.365438839939	0.0
did:plc:fbada5niw5nxrve2dul2trrw	0.00527458889294497	0.612367362401514	2884.44413492357	0.0
did:plc:fbbzwd4v6ybl3wy52kdsjhre	0.00414150797342149	0.7953653523826864	1525.807599726771	0.0
did:plc:fbehjiqgqcxeird2lw5lved5	0.0021995175252633	3.130949179387975	172.2022048663386	55.0
did:plc:fbjctr3ksmvvysq76olqxm5g	0.0047203828763538	0.765519753323582	1224.5317396877863	0.0
did:plc:fbjfiv4lxv3pcs3clfug3fzi	0.00237115368892731	1.548213377282663	457.60199323520504	0.0
did:plc:fbjrytlawkcfjfgag3grqcq3	0.00221126041851248	1.7149773647784143	456.185710082887	0.0
did:plc:fbmdmmi6lr7izarpsusweztq	0.00670672069449574	1.1958216235583958	772.2155320360969	0.0
did:plc:fbxelj6fvkh5imndtx7kqdm7	0.00877662421389568	0.6859051576309957	2054.4451861322555	0.0
did:plc:fby4xn45d33evosu4ptdxdyq	0.00437280288112125	0.8814383652354396	749.6988713133162	0.0
did:plc:fc2luxknrraq5ezxwjvu5w6d	0.00980645162455828	-0.0224278702126346	11665.5000091605	0.0
did:plc:fci722oun4dzqfpgjaj7cqia	0.00395070464089865	0.7501731096223434	1119.6193499537476	0.0
did:plc:fcmpecm2jd2sk37gbqpk5jwx	0.0084033613482507	0.576076237533913	3079.98119294856	0.0
did:plc:fcndq3zbt7d3iriv6znd2rc3	0.00346401275680724	0.9681245127924073	369.41515766408816	0.0
did:plc:fco5v7gbavydvttxr2lxbftg	0.0065655277935085	0.3907321623182377	2832.142060701844	0.0
did:plc:fcopyrac2yslgpvutprrz4c3	0.00646900269705523	0.20412786959872797	6495.195083585447	0.0
did:plc:fcqrgbtacjwi2yddktvgtnns	0.00280841353906461	1.0298500424784862	421.16992357717976	0.0
did:plc:fcvqqt22ilc36ohpqlx5knnn	0.00543890715967405	0.7708403420459682	2206.1718692248146	0.0
did:plc:fczd42err2fd3u3xvvf3oril	0.00972222223418414	-0.0729348297488839	12263.1313313064	0.0
did:plc:fd3t2vy3iue44ieju76ykwyb	0.00436646554483413	0.432750504205208	6350.51896863388	0.0
did:plc:fd6cvkw75hqkuxvj66byn52l	0.0110619469107639	0.323197408541413	9359.11927351001	0.0
did:plc:fd7jigxcinr5ztiu2v55irio	0.00709651257121258	0.368135747913403	5091.27916788922	0.0
did:plc:fd7ykrpefej3wwxt4mw55rye	0.00561938061988263	0.8041365379802433	1971.6912014461138	0.0
did:plc:fdf3bc23wdo5s4wzwgz5yjre	0.00538673224484749	0.7515112889908601	1659.9730072165544	0.0
did:plc:fdgydfrtkh6zj5gcxugwodjj	0.00307890801408567	0.6318837095083969	2426.85765782759	0.0
did:plc:fdjwl5ylyhrn3k2eewjmjlrx	0.00228359445766862	0.6087611529425547	305.0132065836527	0.0
did:plc:fdlftbc6i7s3b6ab6gbemsui	0.00953874297914422	0.22954529834205106	4586.255774160368	0.0
did:plc:fdnhj4kbckscsfamsfvdxfqi	0.00940975192736185	-0.0869125016843666	20592.0884500551	0.0
did:plc:fdofdbctwei7yt53a2g6jwsg	0.0133982947852675	-0.517152698196685	21784.9785128454	0.0
did:plc:fdonywhz7wo3bj5zqpnmnkom	0.00726392251931287	0.49906307132216243	3068.009144920773	0.0
did:plc:fdsjfof2oov63dyifmtghd4c	0.00482577531837679	0.7079571426401867	469.04808225416417	0.0
did:plc:fdwrurmxsf5skp4ygitlp526	0.00350156207452715	0.7862685370960912	684.9134834995427	0.0
did:plc:fe4l6fwemhchpjnlh677gp7o	0.00352246763179891	2.227002947025356	318.67585245583746	0.0
did:plc:fe7gmo57covc344ei4cjtrg7	0.0100125156467452	0.666924777963368	3595.66493783741	0.0
did:plc:fejwlv3gn2daboy5jfmga6w7	0.00722440242620662	0.6758932182178059	1913.5477769600489	0.0
did:plc:fek6wag7j4cwjqtb6tt3twrt	0.00201072386061012	2.6349074159440042	287.2029245199104	0.0
did:plc:feo7b3mvutojuhxykoym6uqu	0.00725513906261836	0.433087911879259	3778.95624493837	0.0
did:plc:feokjobxk5lysfgxygn4e7nv	0.00265160646048286	1.2677665378894147	373.32449490406066	0.0
did:plc:feqybl64gbeme742rj43lew6	0.00910273082216323	0.279372424866678	7472.94308468803	0.0
did:plc:ff4z6zfffe4oi7xrstl2wbpn	0.0120481928024412	0.347684197946167	4046.71713274334	0.0
did:plc:ff7jev2dwnlnvulixarr5yc4	0.00525180530869137	0.514431875842919	3986.33893160774	0.0
did:plc:ffakbpvnaxrqvnatr6wn4ful	0.00797342193126091	0.105426319806328	8110.5427627039	0.0
did:plc:ffarx4rghdzayuqzboepksdp	0.0127726232339217	0.14314394031290378	4455.941849890943	0.0
did:plc:ffonis4oege46utlggl7gqih	0.00936170212819576	0.64347653949272	3868.59457174201	0.0
did:plc:ffrdhb75b5iwkzxwglybotad	0.00443081118031385	0.4693154882511237	3842.139404421052	0.0
did:plc:fftphivrxuwu2ac5rdgqj5vu	0.00354609929119189	-0.120652597398986	21533.9350358506	0.0
did:plc:fftt6yilbc6kbyox5y22ojwq	0.00341634451183513	1.1825954801242844	2106.5607752266906	0.0
did:plc:fg44rrziwcq2pqo3cz67bjtz	0.00286684895202035	0.7936363598932871	977.470727838225	0.0
did:plc:fgbdskalzxxc3cxi7dejwec5	0.00427001871155011	1.0395323147023146	890.9387642124763	0.0
did:plc:fgd3bfo3vbnew72ffexcdvoz	0.00210218978110937	1.724692165057195	651.875847192022	0.0
did:plc:fggg4epwj7adouwlpg724kkz	0.00376592330649499	0.6530210099615193	1511.2805203780736	0.0
did:plc:fgh637zbtxfu35z3xykaaks5	0.0160692212740083	0.765715164172991	4161.97458599293	0.0
did:plc:fgjsfpi7bb2gmsd5psbulog2	0.00628610262530841	0.8679659737844471	2174.570413526971	0.0
did:plc:fgknxjqpbgdalvzozvjgupjn	0.00595136881693595	0.802514633704278	2003.8356666218156	0.0
did:plc:fgpwdo63sba5esa2tjrcupuy	0.00484576291221685	0.6374231041789755	1760.8595814745722	0.0
did:plc:fgqfc3ambq2y3xfimyg7ewk3	0.00374753451711229	0.21496154499362344	11758.507690866962	0.0
did:plc:fgtl47qe5xapwuy5bxp5i6oi	0.00945179584381446	0.9374388267882728	572.9510912966481	0.0
did:plc:fgxhgpfx4qirj4dddawbkjvj	0.0103456977136794	0.5301216315042113	2860.996971825194	0.0
did:plc:fh65kuiiglrnellhsmh4n3le	0.00600513059906671	0.66191768134775	2077.31397761566	0.0
did:plc:fhfgew4yrux4o6onxlxm7u3r	0.00356373705301545	0.7986620239081365	735.5091629101554	0.0
did:plc:fhkrad57p4eim3xxolwdnalv	0.00538250844060028	0.4912611253656187	1035.4865383812023	0.0
did:plc:fhnhhdrdkko6ugwnpvdxllrp	0.00319800531205464	1.8385585916631852	250.48034934181374	0.0
did:plc:fhtunhmkuceltatbhgjnsxh5	0.0126672614007433	0.6704222891206975	1920.1769204611908	0.0
did:plc:fhtwyybd3576bsupkbrxvaxr	0.00408130601819248	1.192284807123688	457.4705180696665	0.0
did:plc:fi33qaf6w5pkobhh3ijo5eya	0.00535406505846538	0.0179599444226979	1066.287345827	0.0
did:plc:fia7lalcycmkfw2nt7wxry6n	0.00226568990264362	-0.489578210923809	31396.9874359065	0.0
did:plc:fidrlzmtuu77kobcyop5bbsl	0.00273681858821064	1.78547969132394	343.3966329920278	0.0
did:plc:figwaqjzjhrtby56c3ylj42c	0.00317869673436208	1.178465670617825	621.758914501142	0.0
did:plc:fihnnj7sbsk3vqilozs2rqcu	0.00215897939164041	0.7111267238975859	984.970300676514	0.0
did:plc:fj6poiyp34tdx26l3oncdhbv	0.00413774693031445	3.5864853550138576	147.04589955556816	41.0
did:plc:fjag5zh7qosjiaavwe72orlp	0.00485865724459807	0.7781460011156499	983.050921056284	0.0
did:plc:fjfjzy4to3ro4pqa5yx5dwl6	0.00480109739450078	0.6151197935763372	4354.1559313143225	0.0
did:plc:fjipfaymkm3xngywcax24dmk	0.00479755760784904	0.5596276025504053	2485.553238655408	0.0
did:plc:fjjkqutci3cw57gkzmdci56d	0.0055819145992683	0.16404711656835436	9090.194433903716	0.0
did:plc:fjxclnizfcjdxsmpzi36dkee	0.00890625000311585	0.671091599389429	2496.81230256973	0.0
did:plc:fjxkpcrgwgsemitv7v3hcsiq	0.00506781934783312	0.579598067611063	6134.21733370885	0.0
did:plc:fjynhmrrgr6iwtdtfourbzs4	0.00463886440689401	0.8770764958865108	1271.4094617768758	0.0
did:plc:fk4dhgyts3kvsnrupwushveg	0.00383820490270395	0.7598314844317082	2139.827939615196	0.0
did:plc:fk5o5a3y2rncuf4vhm74ru4g	0.00592986402421547	0.611160176982612	4370.88194758329	0.0
did:plc:fk7qgo6a43beqztghuma3ieg	0.00331616036014171	0.39599452896771303	1147.2684185100713	0.0
did:plc:fkasq7xtzrmlvz46c5trkrn3	0.00687818948982616	0.9487280894536259	2113.327681257225	0.0
did:plc:fkbhyw265nzrvn2v63uwvhjn	0.00389846406531832	0.8302667381240494	596.8848384546005	0.0
did:plc:fkc2mx44zv3hd4o5wwdbnfh2	0.00375465484908163	0.8284033417747397	858.4705195536845	0.0
did:plc:fkiw4zphsxslstac3yrt7rhb	0.0041781491690632	0.3733517538063	6146.18917711198	0.0
did:plc:fktb44f2uzryx3dyzfeix26z	0.00424142172460947	0.7838163553543847	1360.181969065612	0.0
did:plc:fkyhgxjatjxnueqhirdnlhaf	0.00744099523847295	0.7630828906574719	1266.3281762513127	0.0
did:plc:fkz42ofursnmh3vnflbuofey	0.00408466394361059	0.4212369436406426	4702.626271698122	0.0
did:plc:fl34omekub3n3l57a3kppuoj	0.00257594167683727	1.159736751035031	659.3082431612665	0.0
did:plc:fl5ymzr6m37gnnnij7dptsl5	0.00228310502289764	2.043221317223997	539.491090806176	0.0
did:plc:flallcprjnuvvwctlcchhmk6	0.00231446234462516	1.2321794127784589	256.4954784582488	0.0
did:plc:flaqvfl6y6yc2bnhtnc732sa	0.00477099236657752	0.7189811414808499	3599.3697716071238	0.0
did:plc:flczgiu3a2jqmqlk54qnbf4c	0.00368986563319545	0.553275858143995	710.056155479013	0.0
did:plc:flfa7b6kgjqp3bbh223tmpjk	0.00588284033692588	0.9852882454276932	1022.4952848120115	0.0
did:plc:flkhijdamzlpckkavrmmg34z	0.00695671378223276	0.648605167729774	2097.40989185784	0.0
did:plc:flo45yzoqrs47mze27iw27ef	0.00233367277670829	0.9915300053435523	337.85785869895494	0.0
did:plc:flpvdyyvdvcfhz3ert4owlaa	0.00636528968735225	0.352081032896015	6632.44702398403	0.0
did:plc:fm2xmf5kbroffsiytqz3bovg	0.0035592540609645	1.653272076373959	326.96370885219267	0.0
did:plc:fm5am5siavlxj2zpgjkhfn6a	0.00446859903482622	0.599620443295922	2681.58039925453	0.0
did:plc:fmajfheauzdh56ny6f3lvohp	0.00433696937858906	1.2859326343776516	1672.784891915666	0.0
did:plc:fmskbxv6ldcnfxanujlwsl6k	0.00417341472555117	0.7863894446769584	974.1593077772764	0.0
did:plc:fmtx3y74sxno3ppxsmpq5h7n	0.00436821481360381	0.8300722857576726	2277.991745186992	0.0
did:plc:fmu6pmzd4f4b65iv34nqpfsb	0.00384855919597077	1.3568142548342288	576.0976233612621	0.0
did:plc:fmxillcegxo5if43wfohavlj	0.00830238147643112	0.28067200527771163	7981.1984738483325	0.0
did:plc:fn3b2woyizhnyuxbdi2ehpxc	0.00246002460050722	0.159610010727354	10391.5872917246	0.0
did:plc:fn3od3l2hdan74vl63bewf6d	0.00230173676533782	2.2487603057500434	338.03608589779145	0.0
did:plc:fnd7lf6myy4bkihpngvzknav	0.00262543757314074	0.6567315910250912	3199.1198071623403	0.0
did:plc:fnldf2wbrkxgz5ra2ngxy76c	0.00900900901201893	0.4303883881150161	6587.971729575426	0.0
did:plc:fnptyulaxc6npzevp7lel2xo	0.00334889385031149	1.8704498659142217	343.0731517862152	0.0
did:plc:fnupdwnw7zynss6y3c2t4fjp	0.00860860861206081	0.596719126762957	1907.1670545375	0.0
did:plc:fnwblwlhuufwqydnlvup4ben	0.00337481544026087	2.0728250890393314	235.5992362257495	0.0
did:plc:fnwhbqudq6igoki5vzoybb72	0.00484496124109866	1.0597059110539864	2176.746157375407	0.0
did:plc:fnxvda6t2fbkg3nbht5q4ji7	0.0147874307008548	0.404812209871799	7918.21664234718	0.0
did:plc:fo2rceajohgsmrzxhx6rtzjm	0.00871924046059749	0.14788116431441997	6144.597663180758	0.0
did:plc:fo2yhsehujlcmc7ehlecdsls	0.00369384279617009	0.9315579844614714	552.8779798695712	0.0
did:plc:fo6jgzuemngj6vivckbqog6r	0.00925536390685559	0.416277351778854	5401.17516068024	0.0
did:plc:fo6s35kpjuqlxglo6gwquyia	0.00465395586337481	0.8198418915531598	2298.5818709490095	0.0
did:plc:fo6wpgp6wp3ptllfxvth7svj	0.0025840607571637	0.8073635441589071	2269.4137161299377	0.0
did:plc:fo7exadksbuudxjfgjox4ors	0.00425358349866168	0.621093045289557	3226.48752766256	0.0
did:plc:fo7ymgmfo5jfd3cft2aavnkg	0.00621118013348474	0.7745739289379352	2642.3651212118443	0.0
did:plc:fogu7fthq2vl5z6hr3cf6sly	0.00471041644449501	1.0673431963326312	2462.141553399566	0.0
did:plc:foored363cvma3kokissee4c	0.00383928872156946	0.332839599272758	2890.73864212707	0.0
did:plc:fp4robdabnsyec3efs34gvaj	0.00264291126862006	1.0619800487899584	500.04654875776976	0.0
did:plc:fp4rp6a3odjrow2o2ll3k7ez	0.00870053325915871	0.8811129609077769	2492.1273824126597	0.0
did:plc:fp5ywvlyaqdoyceqqodzyicv	0.00288078628535562	0.684701778472546	2153.4270786786	0.0
did:plc:fpazz6exop6aj4ya5elm5ec3	0.00514538710129059	0.21697403487311123	7073.188180364317	0.0
did:plc:fpc3ytwvclsw2ua4zrp4xahx	0.00785725978065179	0.534456369031056	3492.37315493137	0.0
did:plc:fpgiwa7er62hqhdtwkhm3x7q	0.00435445242782585	0.30184647921179625	8101.1730084137025	0.0
did:plc:fpjz54vtq6izlpdembrskc7h	0.00371352785181581	0.6888386950091425	1037.8423377227334	0.0
did:plc:fpklv6qsht5qoorw3nuw65lp	0.00223245154825733	1.2741616362799497	567.0356611582336	0.0
did:plc:fpnypyvmrxqezbn6io5a6v7e	0.00461722389504723	0.761619154905024	1285.8091875224331	0.0
did:plc:fprw4enoc5y6xzjr7mqd22v5	0.00507008649039726	0.6400197049884467	6131.73015818115	0.0
did:plc:fpstbg56y5gy6shc24zb7st5	0.00801557311775952	0.5894777562727876	1767.8687749345763	0.0
did:plc:fptlmgc6oh7d4vphfp6r6zsh	0.00562130177514873	1.7158435444098412	781.4951935914268	0.0
did:plc:fq2csufmeoqjufpq2cacfoy4	0.00728383459218396	1.1176425558375511	1642.3189719977663	0.0
did:plc:fq2zbdyamnvsiow3ta4n5444	0.00426273977934595	0.45418734112830744	2150.8095293993047	0.0
did:plc:fq3jpeiipg5hicfa5am5ad3k	0.00693374422320706	0.7441673663083606	3472.6313779392635	0.0
did:plc:fq4xeiwyfofgzukvnaryaisn	0.00617732558327853	0.2801744018904432	4700.246910045316	0.0
did:plc:fq6fcnpa7jwmlzkcruwebutc	0.00686459585376009	1.0617979249699554	2013.8027222033456	0.0
did:plc:fqakww3dtujnhlvkzql34ioc	0.00234208169733264	-0.149109711014986	21818.7112866353	0.0
did:plc:fqavs4z7lwqsladhbrxiqsav	0.00804743752731802	0.8654028447760105	1318.547451754701	0.0
did:plc:fqhsq2n6tjfcjherqvhqmcsf	0.00463403041915443	1.0592421426250962	739.5005287167086	0.0
did:plc:fqi3tvrn5vozehy3hrr4qknj	0.00825029465338676	0.6645217377966178	2252.835435050914	0.0
did:plc:fqihw7jvart3el5jbw3gqd5y	0.00366365152364814	0.694624469531033	971.6936692968886	0.0
did:plc:fqj6zzfgpnxvswxxnxkjmxpl	0.00393008584164827	-0.776125638352368	31655.2828187419	0.0
did:plc:fqjuzirtpk66v44p25opjrsh	0.00681965793601346	0.4341135679878723	3758.179379761769	0.0
did:plc:fqmj5o5xodmyhqfcdyionrth	0.00235845083478303	0.640339196516444	1606.02458262823	0.0
did:plc:fqnnmgqhu3ood54cq4q3jnqn	0.00601228597773384	0.214458131229717	5665.60795681793	0.0
did:plc:fqrvvswe4fenntwv3qabvg2x	0.0100218659001294	0.340996409465234	4438.68283637828	0.0
did:plc:fr4gmvmvmia6o57xage2ympl	0.00907297830386539	0.470435501069933	2917.01021572682	0.0
did:plc:frgakne2e4jc2fhtncx7rfb5	0.00649159043998177	-0.0624264312988128	8328.82578827299	0.0
did:plc:frjereyx4geal6mtkmyv3gib	0.00645161290487666	0.633568950329122	2185.79425455677	0.0
did:plc:frjtmhqz7ibfukb3alwhwpkk	0.00300429184552121	3.0631035878230413	150.3384578768679	0.0
did:plc:frkhfzozqt54lqxrozypol34	0.0104066985743388	0.5198503105748237	2009.489971609627	0.0
did:plc:frl3eg5itsf53u2w3lmgokiq	0.00276652900863932	0.865665119230311	851.7658406370429	0.0
did:plc:frqfpsooh6ng27hazaosgxhm	0.00375554796893469	0.21998479211299826	13145.240012837448	0.0
did:plc:frueuaceiwn3d7talxsfpc7e	0.00626828249239913	0.6267284336923478	1422.8224560308897	0.0
did:plc:fs2uuvwf737yni6cjlvlthxn	0.00806845966189945	0.520849940181943	3558.53736078969	0.0
did:plc:fs54qxzrb7qxbnx7eeff47qd	0.00356696442222074	0.9459430691691663	1134.611640617817	0.0
did:plc:fs5gve5zf4sb4naat5urx7xu	0.00356183013348906	0.14926967772712446	4434.286177613511	0.0
did:plc:fsnyzudx745ch4ipqbsqykpa	0.00498075617007051	0.7135691796742394	1313.6196431830956	0.0
did:plc:fsoep3del6h3prkxitno6eli	0.00389041984145034	1.009321725122956	491.60965737933	0.0
did:plc:fsrer357rax3zo4s5ap6d2t3	0.00360831155911747	0.7032616190107945	1727.3015841675608	0.0
did:plc:fssvqsc3slukjh567ng67inu	0.00837851158580634	0.6371773187351202	2337.2393411858748	0.0
did:plc:fst6q5ldrm5cgkcv667gubru	0.00486604076102552	0.6917814060010805	1564.6342749248665	0.0
did:plc:fswifooci4bz6eu5lg73uykm	0.0103901195941876	0.45105071611379	2616.82522256316	0.0
did:plc:ft4bhdq5rpt4ly62kutfeswj	0.0135363790407036	-0.0902385754658749	16005.2520981594	0.0
did:plc:ftexkgxwulabzbg2eowwpfvp	0.00664819944749078	0.2566269240330574	7120.842841990498	0.0
did:plc:ftf47wqqem3k7357mbz4meka	0.00728675525189228	0.6273978501751414	2115.9734768250873	0.0
did:plc:ftkn4sl6obzr5pok2kuk555i	0.00694183865576859	0.636645509177827	2970.91964757856	0.0
did:plc:ftlombje7xp4ofsl4hh4exut	0.00284795590278188	-0.222041607970975	23369.1316908983	0.0
did:plc:ftpqfflionsjihn6iritbcvm	0.0053880545689529	0.5158527898641696	5848.245380260648	0.0
did:plc:ftqgtxtnf7lnspcl434bjdlz	0.00678502770694705	0.9397256690848007	1283.2200464968805	0.0
did:plc:fttb6kx6irhzofpnfoskrnpe	0.00440004756914059	0.5088108777253055	1633.532434540142	0.0
did:plc:ftzly7vn6q7fsjjwame3jpw7	0.00668576886490119	0.131891315615479	8995.80077745575	0.0
did:plc:ftzzfedunlgtmcxr3vdtlnv4	0.00656968559518063	-0.266337005077256	18315.6509597755	0.0
did:plc:fu4tpvv5vceqhxwuhhi4vdeu	0.00244565217396628	0.8872006673348094	3502.3913653241834	0.0
did:plc:fubxcjk3g23epd44psjagpqh	0.00224192397846669	0.6614170748934484	2985.159685499678	0.0
did:plc:fueqsgz5uomp457tdjpyxuse	0.00333265714212904	0.8758142728836718	754.8170612799177	0.0
did:plc:fuh3ukt4lvqsfwp7mhsxeh2e	0.00527300561380872	-0.376386508282797	22726.3169294515	0.0
did:plc:furvm6gg33kn7vl4znwsdaar	0.00222931160396567	3.2984520322930186	102.25201300108358	31.0
did:plc:fuvk2bbw3uumpz2oitvl7r3r	0.00286382232628582	0.2223939136746763	7880.556409338563	0.0
did:plc:fv2bdsmvdrctchy6wsglb3tm	0.00251406680259	1.3520569618237468	334.2207452181786	0.0
did:plc:fv63ybt4wxnjoefaooqzsrj6	0.00479264863233574	0.9421795411472361	643.8983195591933	0.0
did:plc:fvb5ozaqlx35xdvskpsyo2jl	0.00498102466865637	0.7428896425302486	1030.7475340986134	0.0
did:plc:fviv2zguyifba6pnlqen4rdt	0.00301315200130408	0.25944097426520113	6197.280791526688	0.0
did:plc:fvjf3jtm2eumhyrwkfgouhlo	0.00889431461770817	0.608739951967584	3105.5169553182	0.0
did:plc:fvnck2klz5dedjfvsriodk4z	0.00488052872471627	0.5854923136989604	5090.1161799309675	0.0
did:plc:fvp5njarcglyuubcpu4b6mkq	0.00242959143202583	0.883492220721586	3862.01782468409	0.0
did:plc:fvrpom5ztg2tehxqflrcsuy6	0.00924005280309042	0.56148632971917	2806.64873675604	0.0
did:plc:fvspe3c4sxjjy5lqs6ew5e3q	0.00314752766790294	0.2883693878118719	5969.79547358102	0.0
did:plc:fvzqyfif6djzqun5tdj54aev	0.0048269828340742	0.6534429007092017	722.0909431940745	0.0
did:plc:fw24d7xoupg3odbuybfiqu5j	0.00978048251555206	0.585598112770683	3545.47350362192	0.0
did:plc:fw2wshrumoxlct4rwrnxgnrr	0.00416205148885586	0.40125587675571267	2416.6416686212506	0.0
did:plc:fw54bretcmizoti3u7q3pwin	0.00373239834904786	0.7711891225715284	659.341560864492	0.0
did:plc:fw6m6gdrsbqizffikrid7p76	0.00533807829474931	-0.246303017922395	26575.4016046299	0.0
did:plc:fw7eon3etdgx7fcjx437it44	0.00366820015034136	0.6080771402410519	575.9147370722044	0.0
did:plc:fwbqxgi6blcsse2jzo6pvt4k	0.00300910735219294	0.8488651756928604	815.5579268700691	0.0
did:plc:fwji47dzq7rnhjcetmgwlghi	0.0044770822537407	0.8808449034356367	780.6405177903915	0.0
did:plc:fwjjbffqbi6qi3bepmhigwab	0.073529412194058	0.4172309291664271	2837.587549260871	6801.0
did:plc:fwx62ilstd3drxtzxkhxz2oj	0.00505757021483143	0.8213368480297281	1590.9259326868516	0.0
did:plc:fwxdsgc5nqxmb4lw3uqrbrvn	0.00382007449177964	0.5926520482223724	1417.665030312472	0.0
did:plc:fx7d4klzrwwe2fm7ljddxuxy	0.00471862985055777	1.0184924814715233	1288.3919352665184	0.0
did:plc:fxe7lb6nv3tdx5obets2jntg	0.00590390879694868	0.5259661492273554	1876.320559590781	0.0
did:plc:fxmfsylx3guoimjitmueoud2	0.0043783783794533	0.6680757631095438	2356.0535652141157	0.0
did:plc:fxnckdlwflfpddtj6y2z4vvu	0.00373102925913826	0.8065145774624146	1365.8800737820739	0.0
did:plc:fxq34ibmeqmrvmuqobsm4h7e	0.00510843373829461	1.1059468340541707	765.7646426886516	0.0
did:plc:fxuc5dizmnsnyi7nsy4wi62e	0.00654864309926668	0.549806890310021	1386.3813356077062	0.0
did:plc:fxz7tlggadomdq53wp6hf7bc	0.00228567215357504	0.597124658120509	1435.96757775727	0.0
did:plc:fy6kbvccfocqjzk72lrdj3kd	0.00548190412261998	0.6543379086064305	1037.7628719406048	0.0
did:plc:fyabgh4kftxilbecxraqflg5	0.00349243306213136	0.8261077762414737	1714.18384733705	0.0
did:plc:fyfunyr2ziiuehpphrcryxie	0.0221752905160681	0.687120978202466	3301.9307639473	0.0
did:plc:fyht5uw4p3tik2qjmra3siv3	0.00395484665176975	0.757300147508708	855.7524047671146	0.0
did:plc:fyn53dtysgwgi5caxyw5t6xu	0.00723159651423337	-0.576921859630356	26419.8790515234	0.0
did:plc:fysbs63mz5q2cg5iy3s5i6sy	0.0026967881696943	0.8409143423400397	1130.9172448466766	0.0
did:plc:fyvldknbssebca5hvvmswnxn	0.0245358091110951	0.24976981649125524	8721.400622427955	0.0
did:plc:fyxup3moaom35xzxnomsryyx	0.00545736744660088	0.7382626911741051	952.4976760902092	0.0
did:plc:fyzocrrlfg2l32swfqwiksln	0.00437967829379571	0.600175655051122	3627.9207616571	0.0
did:plc:fzdn2norof65qwb4x5phdah7	0.00460829493179457	0.742686749115796	1521.2854902703639	0.0
did:plc:fzirjy2wjqv3hbmwvukx7uze	0.0105969622133963	0.620100243925225	2992.1651962247	0.0
did:plc:fziwrl3xd7wfb4om5xpgvhys	0.0114592222430595	0.566389078818356	2162.12525366737	0.0
did:plc:fzjv2zodxdee3o4a2q5tjgl6	0.00647968157026013	0.650767080044759	2941.30834115191	0.0
did:plc:fzkhzmneorak3ehssrk3ujay	0.00282861896855319	1.1518277234740881	444.98426919934946	0.0
did:plc:fzkwjo4nhsaateswlszjts3e	0.00481772924441879	1.0235555428165426	2790.8738287697306	0.0
did:plc:fzmdabpr74duu3ngue6g23th	0.00563123050046076	0.8272191113428713	893.1898738065187	0.0
did:plc:fzmgjt3rthfk5febdb3pkioq	0.00516328331927261	0.5299455539759496	1894.5921387817773	0.0
did:plc:g22dvzip2i7sp2zefqchv5fe	0.00756429652552443	0.770739795117229	3924.91699588469	0.0
did:plc:g22wrkiovld7mymdemad34t3	0.00640169227512592	0.5558552218325734	1700.0087409269374	0.0
did:plc:g24e7lzn42fzsn7fw4eee2rm	0.00265517541589173	0.621348922415053	3378.7733484206287	0.0
did:plc:g2hs6hq4d4muw7aot2xnwpu3	0.00376367614913893	0.6216720911979507	833.3236141636511	0.0
did:plc:g2jo3g46bbzrnhtdt5rwbc23	0.00875420875749066	0.530142366305457	2930.30381181798	0.0
did:plc:g2onvg6ufpz7ionjpieaoaoz	0.00503499938667693	0.6966238009629377	2790.5464214754948	0.0
did:plc:g2rrwgyff66vfakwaznu4wfx	0.0119047619112634	0.127742881488481	14922.1716591624	0.0
did:plc:g2tozwrqcgl6qxodyrpnwumm	0.0106108403097963	0.6535702645478649	6276.259144155201	0.0
did:plc:g2w75drwc7hycmwyvxqv2ffd	0.00673959758488369	0.8006963291783199	1863.4534357919388	0.0
did:plc:g2zgfkzgtkj43cxusczlhuea	0.00300775684674211	2.309441755703074	286.5391914913046	0.0
did:plc:g34kbfyu27m5h4mnerxrloh7	0.0150150150311913	-0.532237699841083	21076.5128009827	0.0
did:plc:g36fjajwdaaom5lctc3fwmqd	0.00979872882524207	0.9231184331775425	2051.762725522371	0.0
did:plc:g3aoxeybetkb6hzdpy7xe7qi	0.00424272323631929	0.8800120997335427	865.5618767673084	0.0
did:plc:g3chfgy4vz2jbthbvke3qn2j	0.00421702460679719	0.6769941457567847	1449.324051076509	0.0
did:plc:g3cjfhvb4r74c5iiwwiqw4rf	0.00773860705549246	0.614855056857975	2259.98746387995	0.0
did:plc:g3dx2s32aqrldxs424tjwta4	0.00599093264455362	0.6174143119214708	3215.915303721864	0.0
did:plc:g3fbuqxch32qspmyj4xbfd2e	0.00639519708495817	0.6931990138478845	2430.8234503368003	0.0
did:plc:g3lol3wgtbe4dmyjwra3526w	0.00612765957639793	-0.184842755921717	16534.4969104163	0.0
did:plc:g3o5nbuwu2drwwsrojmleoy2	0.00869565217726206	0.6203961392585777	2688.7128631187975	0.0
did:plc:g3pk2kjul7jnxsddxkbhso4g	0.00922832141415612	0.7700560641424621	1990.2868065700427	0.0
did:plc:g3q3pxpiqe5rrm76r3s6yrtk	0.0048588192160366	0.8110645595167311	989.4374192918052	0.0
did:plc:g3tektebqp44ijcgkdmu7v3b	0.00573636151020136	0.685662608493181	2733.04424683343	0.0
did:plc:g3v3ecbx2yimmp3nroztwdby	0.00660481208505856	0.8742917897223599	1713.9665190378169	0.0
did:plc:g3xxj22i7jf3qcg36mommjk6	0.00374026767120554	0.731328615060433	1143.96741594242	0.0
did:plc:g46clm4beuprfjfveep4qbqo	0.00282179911087418	0.5016597381830397	2997.5537728876584	0.0
did:plc:g47or32264dthkcovclgby54	0.00541673947286606	0.6497056573025335	1663.7551753222203	0.0
did:plc:g4ezv6eibii57f2gncy3x5mk	0.00591307775912276	0.38044379933142725	3614.112287796232	0.0
did:plc:g4i3m3k4watkmht57ldznwl4	0.0123906705541664	0.183342295624159	11941.4738617832	0.0
did:plc:g4meb4ck3ee2bthkroozclal	0.00876826722664811	0.49146521430538986	1667.3394470670305	0.0
did:plc:g4o3xcvgdrdo2lblryv23wdp	0.00597668501302895	0.7374899097013335	1166.6843498041442	0.0
did:plc:g4qbgxkyi7nl2azrn2voauqu	0.00232599749539293	1.5387861931697908	1244.8789968138547	0.0
did:plc:g4rrn2rj6r7o4sfw7zli5vk2	0.00773026315885016	0.6969379855033271	927.2581780052035	0.0
did:plc:g4s3pmotmofvb4lijygl5kxs	0.00841968912286219	0.5851753693148266	3629.1091834959016	0.0
did:plc:g4wmjyhqkefmosqfbg6ca2uo	0.0133155792509073	-0.373257332915664	14199.4149854335	0.0
did:plc:g4x2wnr6zui43zoiltxhrniv	0.00342393115823266	0.7894929533786104	1718.5718180932713	0.0
did:plc:g53rbazcs472aupd7jncc57j	0.00464700625648113	0.8184191030478979	957.6977635009172	0.0
did:plc:g546d7c4helryoxdeayy4azd	0.00733790448806643	0.8888467422713434	1400.7868661375765	0.0
did:plc:g54k6knibkr466lmeo4oa7zw	0.00414250207150585	0.8733680361997369	3935.452380437007	0.0
did:plc:g55apizquxdqbinmju6htq5x	0.0126582278535068	0.5137881249178308	6817.435216122224	0.0
did:plc:g55vyipf2i5b2zlqk25oeak3	0.00332571191022589	1.9068984081908829	682.5860189881784	0.0
did:plc:g57xg7ro6ite6favofid7xdy	0.00511845568879896	1.243710260694244	643.9917852208276	0.0
did:plc:g5aixa72u6p6viuy3rfdanoc	0.00810989738910519	0.494767940987813	2185.23898950653	0.0
did:plc:g5b54bqbxqt6vsxfpfeswynw	0.00486792753973263	0.8219699113884239	1863.9678849014165	0.0
did:plc:g5on47h6zsp2w4ritadc2vny	0.0100139729965038	0.35451873295365854	4485.061846377285	0.0
did:plc:g5vgrgujrudk5hzrjqqia2ka	0.00425342813634465	0.5932806071535299	2802.612970391477	0.0
did:plc:g5vtrixvhptl6b2ujt4vbppq	0.00515307669055945	0.8992773445407398	3337.6343183040135	0.0
did:plc:g5xjehacv4jrooxmrwath6gz	0.00267253576482486	1.0739011889093095	422.15127251591025	0.0
did:plc:g652wptxluwyvop6aajvcf3g	0.0128051220749256	-0.0597518300731979	14002.4844692329	0.0
did:plc:g65hdjfavdgvdpbwpphairtx	0.00936199722875555	0.40178395150320123	3947.8183806268853	0.0
did:plc:g6c6u4pixowoktmsaz2ry7qi	0.00746401280076123	0.9033462104548227	1549.778112086731	0.0
did:plc:g6lzzorhsvogajnyquothgtu	0.010798042863453	0.4198244591514	2019.53476011223	0.0
did:plc:g6rngysfaueb6ge4dbhdftmp	0.00241611784447625	0.852458695635922	493.3735250062174	0.0
did:plc:g6ywr6t562mys4gc545mwtsz	0.00393777031973846	1.5689850215400902	438.7183826354663	0.0
did:plc:g76aeduchzgscutobg6el3mv	0.00369719937328523	0.8647286187915333	1783.4026969992785	0.0
did:plc:g77rg34qmta2hlnfr37k4owq	0.0047749963834029	1.0542140574571641	1377.7636084397238	0.0
did:plc:g7k2dbb7772kwomerjdnl5mg	0.00371235505309195	0.9984304893427564	666.0020956187109	0.0
did:plc:g7kmod2yvtcjkrlzv7qbhdot	0.00344050302572218	0.427562890294139	5430.26141270629	0.0
did:plc:g7l2mwu7ybui2et7nwt4bgfz	0.00203522504902117	0.568531863005848	3465.201023120076	0.0
did:plc:g7rtn7wcqf5k7mdinxkmeich	0.00361464315051108	0.5594126293776507	1839.4846399534663	0.0
did:plc:g7ta6sketppodz5xqeivl2s3	0.00716519020443262	0.603437150821892	5163.15293005575	0.0
did:plc:g7vgenxvg2o5cjrzqf6iz53g	0.00657606313176408	-0.0900500403044248	23237.3464761564	0.0
did:plc:g7vp3kqwnurqoacxsugfkqvd	0.00648265722277251	0.7389393251537271	1078.2695089716406	0.0
did:plc:g7xqteopt2apn6etri4mce3l	0.00621985275635063	0.44140941492956276	3091.722602006258	0.0
did:plc:ga6nutr2sffq77q4tjwdpfix	0.0091219163985522	0.578738516686378	2031.6569861626454	0.0
did:plc:gaegrqjrsp3us2cer6swn5rr	0.00543936259919058	0.8283109577939479	1465.4424175093477	0.0
did:plc:gaif2ba5q3ov64ttu5oaprw7	0.0032632764850917	0.8880351818600007	1641.5742692448716	0.0
did:plc:gaqa77qvkp5qf2lbumajjtj7	0.00964371819157557	0.9025431670039269	2502.767560122292	0.0
did:plc:garrrkolsq3mfrvgxurqrbme	0.0119942427698302	0.240063632905331	5577.24023710159	0.0
did:plc:gas365srdw2xv2dqrk7pgr7l	0.021613276727349	0.221153750690974	5864.4555391749	0.0
did:plc:gavwbbf27xxpdhooydriwg75	0.00395695938939441	0.9398129031849033	485.51339733319503	0.0
did:plc:gaztdpbzwve26hq3wapxwvll	0.00437828371385958	1.1017246319500005	1181.7383782778716	0.0
did:plc:gb3t6u2jr57zojnazffmb2ma	0.00493583415671747	0.0525601508998574	19133.0894609707	0.0
did:plc:gbfv7pw53fhc3fwpyoclrynd	0.00571375910292993	0.700803068598908	1706.68701513086	0.0
did:plc:gbhfnurubkxyuaxiamned57l	0.00322125414172353	0.8531965582587144	1348.5138890254555	0.0
did:plc:gbkiwylpt4v72snqubqk7pjy	0.0126867540540552	0.2011535040660351	3015.4511178105636	0.0
did:plc:gbr66qcjlixleyljkocdxfgb	0.00496389891769984	0.40758638502757555	7652.739932162112	0.0
did:plc:gbud3onrtw2ttjyndgfce6k4	0.00717299578083028	0.599017967509839	6665.24964056304	0.0
did:plc:gc2px3txbrux26bwv5tvfbaf	0.00915492958033239	0.7901272907731112	2044.9976468263196	0.0
did:plc:gc4456i6zl3mikfo3k4hmqsl	0.00274966756086714	1.02638556469313	760.0478665121149	0.0
did:plc:gc4pfcyofnohnmhez24brfxj	0.00731869594257761	0.4544385683115469	4408.762830062612	0.0
did:plc:gc5u5tl47u3zzou32xue26wn	0.0140947753104524	0.5749405231151308	4126.727536632445	0.0
did:plc:gc6m4h6x634g2vq6fwekbwfb	0.00865551067852591	-0.562005511846515	30181.995858188	0.0
did:plc:gc7332epzqjhtbanl73xczm2	0.00326991676586104	-0.322791773541564	13176.7736288941	0.0
did:plc:gccfnqqizz4urhchsaie6jft	0.00302568470137681	0.8545386037219129	1114.7785097724197	0.0
did:plc:gcj5vboecky54qy6urk5zfvy	0.00320226041923252	1.06487795925512	1204.3063595786473	0.0
did:plc:gclkr5wtpx6ahcuj4wyul25o	0.00750891684396135	0.7537697655785371	1615.32168928615	0.0
did:plc:gcnizlui72j7acqiiafbywdn	0.00598483841143591	0.716682204707033	1883.9852406668967	0.0
did:plc:gcq3kasubyxbhc4pkm2o7pc2	0.00528815551396305	0.8581092683289108	552.6031058230427	0.0
did:plc:gcuehfmreer6a3tqs2q7hxf4	0.00335303239877356	0.5668964557075625	2988.4885725173494	0.0
did:plc:gcvagqzrcvx7uki7ljtxy7y5	0.00827343008662593	0.6282000242416884	3456.7371272503415	0.0
did:plc:gcvwb4npwykr7y7bgdxleyjk	0.00201356970892807	2.150268784934689	310.8160558787923	0.0
did:plc:gdbg7jez5hmdwuzmkr7uf34y	0.00612848689964672	0.4895971847426205	2477.275529740006	0.0
did:plc:gdbhptgdeaxkr5x7ynmdlzsb	0.00400000000001135	0.70256835279805	1445.23583883119	0.0
did:plc:gdlj2wmebqsfzoznmhll2efj	0.00228258388502441	-0.0900808183943501	20628.3785405245	0.0
did:plc:gdoxa7ytxmozevswqj7sysj4	0.00927452596922423	0.8095936310770718	1971.8232474473355	0.0
did:plc:gdqusy67menmjamljmm45iab	0.00227736395156217	0.458334578509627	7650.77182148841	0.0
did:plc:ge6kpsrenj5twbiiq3n24nui	0.00566825775705222	0.441725761778178	1805.08905260521	0.0
did:plc:ge7tb5h2q6hkdg5eyik3ykrb	0.00894266177235878	0.7156653979654498	4627.980985694201	0.0
did:plc:geaimbpoks2jwsqm5xd5civz	0.0035969816632288	0.613293538951051	2659.16415894882	0.0
did:plc:geavrrpyngrf42xc7thqkhmg	0.00702541106256105	1.3163262841761745	1189.4804296560521	0.0
did:plc:gednjndroayuqz544ovmdnen	0.00639910188213007	0.491038001464823	2044.02795041572	0.0
did:plc:gejfvkdz3fouhiie6na5ngr2	0.00925390399352224	-0.67803018974324	35849.5933632523	0.0
did:plc:gejlfw52vbsjh4x54cbg5xpv	0.00764754780210864	0.510281378301052	5741.78020740101	0.0
did:plc:gerg5admga2sgbasakd3p2g3	0.0118955262542539	0.5883413260838626	2658.384571363677	0.0
did:plc:geymjsnxpjzdf4lspk4te2qa	0.00445462644877312	-0.105479400723369	19239.2368321374	0.0
did:plc:gf4inpwipxsa7ayqlrdeshfj	0.00502433663126004	-0.318455769690149	23279.0023448743	0.0
did:plc:gfcn23lbronvruwqfserpbtw	0.00238156539678858	2.248347309200031	225.96444619578767	0.0
did:plc:gfo4ngp3qxezcgwtsebwceyq	0.00521010307006216	0.7455594282044198	1629.9262229219898	0.0
did:plc:gfph7tms4v652p5e2cojninw	0.0141914191610796	0.3360846967751794	6082.493086493113	0.0
did:plc:gftwdtuctd2jg5hiiyzgplp6	0.00503881247516511	1.094643107689447	2289.1845794330766	0.0
did:plc:gfvjxniv5ylppk263f44p3zs	0.00720826027782153	0.622668728975831	2112.724252593336	0.0
did:plc:gfx5uigxu3iujn3zmprue3am	0.00533863708029133	0.7099392325535826	1951.8953871516437	0.0
did:plc:gfyupvq6ei46e3h2w3qi42l2	0.00397594046428579	0.557675910172665	1603.96414548362	0.0
did:plc:gg2hafwuxxlkc3ksneo3h4uk	0.00267602283559425	1.025278886504435	1266.3438743088293	0.0
did:plc:ggpljdebdrzyrzcjsujozps2	0.00456668396565685	1.2339447135551744	426.084044819167	0.0
did:plc:ggro2hs77corytwqntf75nx3	0.00297409407543422	0.9182159244976853	1111.0977669829047	0.0
did:plc:gh254rimuujtpiuvrsk4vgyo	0.00256941666992372	0.7852233123954396	606.847516343334	0.0
did:plc:ghe2eo474nllqk6h6phpc7sx	0.00287603021993882	0.65744057452967	3570.59447564026	0.0
did:plc:ghiuyaojjnlq5xqrah74kwq2	0.00713337757255183	0.5724655864859383	7109.479776076942	0.0
did:plc:ghkwo6in3nijjhcfxfnssozo	0.00909090910555363	0.5202909329290656	2072.2213070602115	0.0
did:plc:ghqft2gzg4rqvkdit3pz7aqu	0.00658025922388802	1.126143548055926	1727.7184449553756	0.0
did:plc:ghsuuunuxt6s2jsccoib6nj7	0.0138346931742903	0.173508179436377	6031.14314431267	0.0
did:plc:ghutv2yorapw735cguoeujyk	0.00780031201712924	-0.402979428145258	25347.0492599582	0.0
did:plc:gi2dyworyicvyo3utruloab5	0.00401518469877663	0.728459869584167	2899.03152831673	0.0
did:plc:gi4535hjluxt4bizf4z3cc7b	0.00799680128380053	-0.38284737112045	21358.0582074056	0.0
did:plc:gigshqgxt557zncffrutujqq	0.0221439357071726	0.645234081973598	4661.694303608611	0.0
did:plc:gikonqwkjuepp4bhx75i7jso	0.00509023600524253	0.688125457013256	2345.94747530403	0.0
did:plc:ginbwpemitsttph4oebpfrrd	0.00389671731117906	0.7974681796758084	1307.6819931615487	0.0
did:plc:ginj2d4irehgjntpgjnn3hmb	0.00487226758354402	0.9024562974058522	1302.6134365232556	0.0
did:plc:giraleyqnfouzn4rnsovzrkx	0.00854271357137235	-0.367255835846136	19170.1380752987	0.0
did:plc:gisxevxz5edej44ub2vnma25	0.0117424242491999	0.526904211096268	4495.91888048639	0.0
did:plc:giw3jh5dym5mjohjioasunx3	0.00713481036449431	0.5208851810548875	2549.3049006919764	0.0
did:plc:giwyjrqn4q6nh5mjbnqarkvk	0.00532435075578002	0.7101637862019923	2320.327824742629	0.0
did:plc:gizyvvxlt6yvark5woz54ped	0.00386389131405534	2.0813048207929987	427.60307700991035	0.0
did:plc:gj7rwgh4vp7g5b2btefqvilc	0.00333448677265245	0.8216093086467453	1441.392759933672	0.0
did:plc:gjepdm3shiihrdurgf7pmekk	0.00250479104331998	0.6751933150412055	1407.714042442565	0.0
did:plc:gjg4hgnyn4xejijnkzmsvvkc	0.00520566023965397	0.6963267935386572	2418.9717340508696	0.0
did:plc:gjhcfy5bnzqvubvkkfj65j7z	0.00396766772922329	0.6665482061582924	764.6055330562815	0.0
did:plc:gjhzviq56mqibunnlieizuet	0.00852791878527756	0.558003452910655	5000.89399897217	0.0
did:plc:gjxiv6o6wztou6sunuwrw4tz	0.00514165792300832	1.104915203160105	1223.4502695705341	0.0
did:plc:gjy7hmgwb2m6l3azf2enooso	0.00399924720081091	0.320936191474335	1220.85070061681	0.0
did:plc:gjypigwdtwlrnm7qk6yrktag	0.0060267529051605	1.3824646631564521	1587.0386777280964	0.0
did:plc:gk72wgau447kljwevhggsjpf	0.0209125475584153	-0.100395004012397	15524.7195900467	0.0
did:plc:gka6ct3owwwdr3ixoy57f77w	0.00320160403607466	0.9615279734589276	1180.604359991001	0.0
did:plc:gka7k5qoq6b2ps25iybo7tcw	0.0044313146243743	-0.39186462232894	24674.3070756525	0.0
did:plc:gkgmyrpksprsczcwq26thra3	0.00202905469924218	0.739416469021218	1633.9187627676697	0.0
did:plc:gkhekbzwjzyfsjmget7viaw7	0.00278155120012455	1.487744431145125	758.1502341816466	0.0
did:plc:gkowkubdnn4tpgsrbzpmkx3s	0.00481858044700239	0.570640723404405	2225.97307116464	0.0
did:plc:gkqj66owm75zkoor3yep2znm	0.0194805195175155	0.224419591947689	9106.88689636744	0.0
did:plc:gkyoorxg3ater5jtiadf2l6f	0.00784396862869654	-0.426684256824284	22883.0085769586	0.0
did:plc:gkys6kdgln2ygy552yofb2ca	0.00713596914297178	0.8543967897236217	3549.2930645482197	0.0
did:plc:gl2ciy43ytsthu2jqf6pgo3m	0.00510708402044087	1.0841265561030904	857.2093942192886	0.0
did:plc:gl3kqyxptbcenf47767ctbi3	0.00657619417863691	0.419354267036726	2645.05720175702	0.0
did:plc:gl4j44gyf3tbpyhvboe4gxf7	0.00636409311679969	-0.0518803246293064	14538.7757836766	0.0
did:plc:gl6m6v5o5dgmvbzle7i5ixde	0.00435540069708259	-0.121154522100425	21321.1832358051	0.0
did:plc:glgmaawu5f2oowiac7jrjnyy	0.00996015937367141	1.2368940384488338	1248.832889765851	0.0
did:plc:glgyk3g44u27o7pam7dkxwto	0.00264421517118891	0.9987897557535581	378.83229555225444	0.0
did:plc:gln6njo6vvhfjhwxx3ym2oxp	0.00344452501857972	1.078356843606577	1052.000350333233	0.0
did:plc:gln6uzii2mpqy552k2fln5vd	0.0172001911670059	0.2645133015842822	8210.660496238166	0.0
did:plc:glnkigl5tcvxbni2yqr4t7oj	0.00600109110953006	0.1952514440664906	4169.317751112333	0.0
did:plc:gm2ttzzlod5jtzd55v7hnl27	0.0049643469634544	0.3055619016474126	7594.164650621623	0.0
did:plc:gma5nawbcgv6ksw65skjbtuh	0.00299050076242474	1.4772739434470576	1142.097042481848	0.0
did:plc:gmazp2jirqjmt7pqnm2xaljg	0.00741505537934517	0.6246272692957239	1178.7964697523441	0.0
did:plc:gmc3ggcjfojqt6goi3fblqsh	0.00515818431924996	0.613995289149385	2471.6346747889	0.0
did:plc:gmhfvw5elzfle6bkozqi3gkg	0.0083907701565616	0.52107159089975	2585.52725541262	0.0
did:plc:gmsyzpdtw4dri2wtjbioh4pu	0.00529344073948904	1.032154905908286	1343.457839794515	0.0
did:plc:gmtqrem5jomoqefyeuqgbwgf	0.00535877663340583	-0.187072152550984	16248.6890012379	0.0
did:plc:gmw5drmjyn2556uspf672jlk	0.00501504513611601	0.719353907333004	2123.52472694673	0.0
did:plc:gmwp3zoefbj5fxniuigmx6ov	0.00523199779767741	0.862942300645668	2902.9827741612476	0.0
did:plc:gmxx7erczea6grqjayvkrxn3	0.00651094653045733	0.6054170382845644	2245.028645823298	0.0
did:plc:gn2lolcx6pcalq2tlzgkt3j4	0.00583412173040128	0.5263114716110054	3088.941298827558	0.0
did:plc:gn5j7wbb2epln35jfcf5avra	0.00508674234379389	0.8246318451357857	1083.502253611626	0.0
did:plc:gn5mnjgj4y5sea7p2ogo7b4t	0.00789793439086863	0.8210113469672333	1853.8760282561461	0.0
did:plc:gn67hlk6gg2yo67zool6lv5w	0.0135312091011212	0.498045428892567	4710.43334077973	0.0
did:plc:gngj2udozahxjke2xjl75zhl	0.00647661223523251	0.687047853421847	1641.041420101152	0.0
did:plc:gnr3znkyltegbhtz2sdpklq7	0.004297269969894	-0.479413058533751	28558.1453257414	0.0
did:plc:gnusuuts43esku4mes2zi7vh	0.00557620817895258	1.0367086558422351	1045.4939519653105	0.0
did:plc:gnv5uii4lue7desd5m4dg32u	0.00565770862849741	0.407268070917783	4904.34907241378	0.0
did:plc:gofxxeml3gn6bw4kd4uad4ll	0.00834248079413553	-0.278084565686816	16093.4417648157	0.0
did:plc:goh6rw4ippbuaramc2o5fesk	0.0058612066292795	0.8789296172985857	1016.8853797257451	0.0
did:plc:gohd5veqtav575mlvcvqbieu	0.00571366968759546	0.949539453198661	1727.1827936740356	0.0
did:plc:gonlnhg75efx2vjraaontdh7	0.00853124279470035	0.777227907464967	2169.3709164186553	0.0
did:plc:gop2aosk4p7ru4cgqkbij7sc	0.00787126115547664	0.72476022502249	1400.7481449489424	0.0
did:plc:goredgquanfgbcvrdg2orbeh	0.00549505445153145	0.7524825465588986	1714.4710875572616	0.0
did:plc:gov252iu4x4rvkbjxolvzula	0.00636205899536021	0.8843905351264381	933.7278890360562	0.0
did:plc:gowhn6bcfmgmqhxjjvcw3a2n	0.00687669918575234	0.8222259842476195	1685.3684878153756	0.0
did:plc:gpc726caqkhqnd32rngurr34	0.00600456347028823	1.5415546275423382	760.2791321615447	0.0
did:plc:gpco7j43r2swihxj6kizehv6	0.0035698898262173	1.0109236619522186	2060.8990692560114	0.0
did:plc:gpfxljzm4iz4eaih4jucce2j	0.00376678676718263	0.629221370813889	962.6897457814031	0.0
did:plc:gpssvzlrlgs46nhifhigvl7n	0.010293557005878	0.224355311675128	5646.50983814745	0.0
did:plc:gpu5szddqhsd4f4ns3glch54	0.00372762342369809	0.981170603034563	1109.345160827453	0.0
did:plc:gpvr6wssupc6kwfbwzwanqau	0.00357190104519231	0.497658129840094	1701.207021558021	0.0
did:plc:gq422lgd4chesua7xcs6sq7a	0.00610877172367269	0.624337715440736	1704.5200256405	0.0
did:plc:gq4k6fy54eqftkrqv7mgn2fw	0.0020052917421177	1.9178627231552907	259.79083742578905	0.0
did:plc:gq55g45qie75e5gvephvm2t5	0.00440472390785393	0.9328626094307838	1015.1261304198965	0.0
did:plc:gq5mjmuc7mwi6uhwssnkglqf	0.00865907966692477	-0.19918181861471	18902.8292649517	0.0
did:plc:gq7lwteayw4nuv3g56ilk62y	0.00594336324649429	0.42713350686228985	4199.727987619086	0.0
did:plc:gqad2wwr3hmcoajx3weqljkc	0.00636739891926008	0.7356244896314411	2782.397166425267	0.0
did:plc:gqdj2tcfaev7mnocqkohtyek	0.00561619158681209	0.9029332366744598	1080.6877802763286	0.0
did:plc:gqepwrb3k3dnmjjfjuipbe3c	0.00345025876985602	1.4184393442841394	532.9252476637189	0.0
did:plc:gqgrravdjtnws6o64w6txw2d	0.0101048377016934	0.292588524813117	4541.62936947772	0.0
did:plc:gqh4krchlohvv726h6m6mdzl	0.00208617656390398	0.0679762432013459	477.00147391985	0.0
did:plc:gqkdwbjrb2ntg4qc4ngtoslm	0.00980392158029157	0.6091267596746845	4412.307275761647	0.0
did:plc:gqkx3q2az66wkejjrimjg7um	0.00271260997086543	-0.443792030437619	25095.7826408698	0.0
did:plc:gqm77pnpa5eh3w247b4ogb3i	0.00253957504448971	2.379553446165718	197.68618253915744	0.0
did:plc:gqr3xsg4xmehamohayobgjtz	0.00337622627095845	1.6992447174266476	353.14645232954325	0.0
did:plc:gqrnejyqranblkt6n3qduwyh	0.00411184210656666	0.6743002431636097	1906.6976199535934	0.0
did:plc:gqsffrgpqbl6xzhtotmrc7s7	0.00685099095378659	0.487604722886362	5703.93978520426	0.0
did:plc:gquu63lzthq2tu3cbyhqym4c	0.00509023600524253	0.977693705239567	2586.29680458761	0.0
did:plc:gqvkpfuglo5vnyti2xyykxoi	0.00476694915337104	0.5381181842835538	3217.9990912209505	0.0
did:plc:gr5gama7ylxkv3araxlxafqc	0.0426742536399325	-0.499311469976086	23138.6001391401	0.0
did:plc:grbw4shalvwjwpvuyvmnjz5g	0.004156275977986	0.618708822273835	1212.72054203199	0.0
did:plc:grdd4eti5xqcfngpylpy5cvz	0.00639097744530778	0.594687526138122	2146.39427265308	0.0
did:plc:greni4d3awjwbf7j6lhykno3	0.00524567232095464	0.511770168088634	8435.96624429766	0.0
did:plc:grgqb3l7olu3d4isfzecaqgz	0.00784581272389805	0.303287938241599	5387.40312911934	0.0
did:plc:grgwbntllwj4owwa2b2igpjj	0.0242468773919829	-0.110207416434527	18989.3281077155	0.0
did:plc:grln4joagljby7hvjxyqlowl	0.00531815053791134	0.563654636553211	1282.66811690492	0.0
did:plc:grsu4w7axpziybl6czzht5kc	0.00396006930150546	1.6685638422161204	399.14818041467765	0.0
did:plc:grvmw76lbkxa35spw7egkbcy	0.0142438207143878	0.387306508049876	3891.3894258335	0.0
did:plc:gs52qrjetiuuqchapc2l3qhm	0.00555961960499514	0.58512479088698	2268.22583080604	0.0
did:plc:gsdsnpjg75uto2opwoco4eax	0.00940757691593944	0.599035772008276	3429.49751647313	0.0
did:plc:gsezzyyh3ndimeqghheyof6h	0.0173323285627651	-0.392056305135824	19038.4777689375	0.0
did:plc:gshqpwaac6l3poetgjld67i5	0.00367489958160103	0.965302830146192	1437.5840770950306	0.0
did:plc:gsie2yp7hlkgbzjtlsjrv73p	0.00804997140805077	0.732103035294918	1018.2600368896576	0.0
did:plc:gskfsrc57etbn7tkloxvwjtx	0.00342966378095826	1.0390286840143266	921.5195188350923	0.0
did:plc:gskw53x2dghtapbhvzk2tkn2	0.00400372439506882	0.761434470608642	1274.23930264925	0.0
did:plc:gsni3wrqtqy5mgg3urj5oz5e	0.0027376595805972	1.5180222860091472	291.9841613541942	0.0
did:plc:gsvbe22mpc7ztcu3n2zncxpn	0.00595962832635474	0.5054345104037758	1955.4274053007384	0.0
did:plc:gsvudcxmowojfvmhb2o5cpyh	0.00744934446303011	0.816192125626766	1389.5093046309066	0.0
did:plc:gsx5z2nuemismosbkr35w2us	0.00883489786245539	0.5054465365261793	2820.2789582874884	0.0
did:plc:gt2wrhfvoo7mgupkmi53bekj	0.0115990058065338	-0.114852592849499	12399.0991223065	0.0
did:plc:gt4fag2u2757uijhiqakpjuy	0.00217097506980859	1.2536525150836957	228.015235909207	0.0
did:plc:gt74gj3h5tue5daeyvdacsz4	0.00828481863352173	0.57211233168043	4317.54759181756	0.0
did:plc:gtfwbfkjsgyuhthw6ypob4h3	0.00507823222687042	0.7238845326921981	837.3579994076647	0.0
did:plc:gtqr7h7262ngyxuircuee5f4	0.00675349735402717	0.8390396078314463	2076.8275509652794	0.0
did:plc:gttdp263yjovyzjz65xtqrlu	0.00789127576073605	-0.0554159508132196	18772.8840825182	0.0
did:plc:gttxmzy7sk66ywsy3s24rxxm	0.00679259328325857	0.5420656830546319	944.2705244154776	0.0
did:plc:guj2wk2cutw2j4urkgwup6hg	0.00382879252007327	0.9521364661233384	1207.4669006114639	0.0
did:plc:guj7eblge3tpdo5ahfn4jr45	0.00521754128819759	0.6230597157594536	1475.7146453399728	0.0
did:plc:gulq5sibtbeumszyut536nf7	0.00751879699767586	0.48465728201146396	3782.4472531534243	0.0
did:plc:gv3pxhyytw6rihwvunu4l6jy	0.00233800592711173	0.9577221138677552	354.85538219149754	0.0
did:plc:gv4np2qzgacse35xogmcpaln	0.00619335347618868	1.139542144161235	681.5405646801034	0.0
did:plc:gvda6fem6r7selm4gzjjww4a	0.00337094527813077	0.7548384440521255	418.71045191410735	0.0
did:plc:gvdajszimoixxyam3olcs4hb	0.00600400267049858	0.4638927773132631	4691.907604515274	0.0
did:plc:gvlu46ji6tptij2vwuq6xblj	0.00478594374958939	0.261528406654302	5172.54302027029	0.0
did:plc:gvqbumupyilicmrjpy3lwzgl	0.0025048563542053	2.391028104051876	274.869064654835	0.0
did:plc:gvvt6zcu5vf6ujlairobnse7	0.00405143561876777	0.600752431081713	786.51640511753	0.0
did:plc:gwae5kfylw2i67yif5asr5mg	0.00868698376866814	0.2277312011447483	6941.186365321459	0.0
did:plc:gwaqbaa6zasuramv6ftph7kl	0.00492206726900415	0.5783677141895885	1290.4440896996512	0.0
did:plc:gwefpwbi2mge4mqpjrwv3fow	0.00578289019024455	0.6979151258532206	1689.499935442544	0.0
did:plc:gwp6bu7iye2o73q5smpdawyz	0.00354110670291793	0.967128744095819	1224.9730663237704	0.0
did:plc:gwqsdx3vtxwxdtfprqq5xlml	0.0124542124598887	0.670683807592613	3042.61481875056	0.0
did:plc:gwr2ztdxijtghsubxi6gmurc	0.00325395225627717	0.6189339600413705	929.4824044493803	0.0
did:plc:gwvqpq3lowvl3cdbkmduncqq	0.00286420185050933	0.679180862476844	1485.93560700048	0.0
did:plc:gww5ru6ox5vjqaz2cw4l4jlp	0.0052052969107694	0.9016250278781452	1030.0748111398475	0.0
did:plc:gwypa65g2pfrhjvs6dbaeiyz	0.00776397515999426	0.5690358007556646	1854.3682513353544	0.0
did:plc:gx75vslwa3g2hgmefgezt3mz	0.00824278758056151	0.7665997013660999	2426.7174137089437	0.0
did:plc:gxatr25f6fz3k2ipgl7pzrfc	0.00497044599750532	0.6903686364380074	3173.0147924408357	0.0
did:plc:gximqbhag44mbxiovozwdmsc	0.00721030043036373	1.0053300319874945	1454.9801502066464	0.0
did:plc:gxirbg25py5t2vbotu5lahf2	0.00715535061338677	0.5879829524000454	1978.6090820857135	0.0
did:plc:gxktbywjacnkuoq57dgmtxi2	0.00514061082617987	0.661849848453868	2253.97112320724	0.0
did:plc:gxkwjxetxjddhb4z4cydnn4q	0.00431994600089902	0.455331621442773	4496.39373303187	0.0
did:plc:gxmggi4dqegoi65tf3fhcn7f	0.00471741744605025	0.7997781541767629	773.8570938032885	0.0
did:plc:gxmusbotfuesnxbb72va4yiz	0.00507855895957848	0.32166120292041495	5048.268892903415	0.0
did:plc:gxqadmtlldtjl2vzxdrlpxc2	0.0062211519183594	-0.367745619482739	19849.7757295401	0.0
did:plc:gxsodk3gduxtrtuzbvmoizqx	0.00359784129561653	2.221688544160468	181.66875410265993	0.0
did:plc:gxthpawdrbgxgnsgfxweqden	0.0163751395733142	0.5383110821433259	2380.928902386029	0.0
did:plc:gxywxzx7jcddphxa7pu4njh6	0.004156275977986	0.631169033857291	2440.8885747315803	0.0
did:plc:gxz673j6q3dzzbsfupatl3wc	0.00276464817640377	-0.379116512841395	28189.5460943926	0.0
did:plc:gymjkpa5ddg6ywj5krkpfjad	0.0128755365063657	-0.229260142679482	27072.3696948609	0.0
did:plc:gypawdq4gamtqs2jrrdltqqr	0.004273382524946	0.5740609392148012	1666.2061938537208	0.0
did:plc:gypqja6wndo5353kmj5skuvp	0.00342723970160244	0.804526975784527	3453.321474256665	0.0
did:plc:gyqkvhoomr7jwt6h6okde2bo	0.00643224699995069	0.584760604618239	1343.69171429903	0.0
did:plc:gyryiaywyufqxzbe36pn4jfv	0.00310986610970524	0.8967386511648193	668.6901714628967	0.0
did:plc:gysznvcwwqbzjitwktuxnswi	0.0046677039350913	0.7580672786468517	884.9958402739068	0.0
did:plc:gyvqfdv5h7iblcedo52evnyw	0.00625223294215144	0.3174993678838925	3356.945960262141	0.0
did:plc:gyyekljuqg6epjviaievgu7a	0.0046598322462168	0.7216526043229172	2195.9106307508446	0.0
did:plc:gyyg2aqdgi76sukyvjzhkm2s	0.00550422646013754	0.384433027080625	3367.34396966136	0.0
did:plc:gz3de3ozlfz26lduf2jqrdwj	0.00895813047773017	0.6896899599792403	2273.978413360917	0.0
did:plc:gz5bvvkqyabubqt6egdzpumn	0.00275655666711062	-0.132737769648045	20183.0212816898	0.0
did:plc:gz6zd3llg46njxuz5tm72wkr	0.00474492070652801	0.5043042531561318	1608.0145442458938	0.0
did:plc:gz74kjpyrzh7kv6wfmso4fqm	0.00671496731017427	0.5749822927236398	1998.329383667463	0.0
did:plc:gz7gibexcmbc6jjkwhypyv4v	0.00381070086031203	0.5367472786001592	3217.868106141822	0.0
did:plc:gzcr5zjmmixlz74xgpsz5shk	0.00902737334052533	-0.190371180810147	20030.1208655144	0.0
did:plc:gzdyl5t7qxg6yxcp6fjuufpt	0.0174165457702221	0.7630151703698881	3457.472937271377	0.0
did:plc:gzeu3wbysbfgagvhhi66bkpw	0.00580500769565779	0.684860618071755	1785.8996800146267	0.0
did:plc:gzhlywnrdelu6hm7nfof5aci	0.00314670783126598	1.6087525996514238	248.80081418168328	0.0
did:plc:gzja5of2d5khpvn22nketgfg	0.00286713012073673	1.5990506507960152	372.4932705203064	0.0
did:plc:gzkn4emxwyrpbajcupeuk7iq	0.0109974424568936	1.3181516288301551	987.5250948859912	0.0
did:plc:gzptourgclczol3wbqstsdct	0.00808047493821586	0.470903999056861	5430.46468552892	0.0
did:plc:gzrjpfofq64cqgudmgmgiqbm	0.0076236519201919	0.3802728353607399	5138.492753036531	0.0
did:plc:gzyyjwj2wmm523uix23ej4o2	0.0055528011904065	0.657120725400247	3659.81778054968	0.0
did:plc:h24qcepfueae646oaswezqbv	0.00590931018063971	0.723023499093899	2822.49543470543	0.0
did:plc:h2hn76h6kbvg6m3knyjdvlp3	0.00214835735156712	1.8696044542775767	249.2065985248014	0.0
did:plc:h2indmt2ohe5xrjerkajzgyq	0.00571533923542255	0.6304700497731541	4868.231971207363	0.0
did:plc:h32ctviaxagshok5hejnzwl5	0.00360549838542826	0.6151523367366907	2498.1362507108656	0.0
did:plc:h35zkw3tsjybkeqcl4jcx42b	0.00292465173570033	-0.439557524639974	25662.1614508024	0.0
did:plc:h36ieem5x46q47eu4ckfl2gy	0.00543776275181414	0.562131604428009	1381.41360971419	0.0
did:plc:h3hwkyuueettoddg4zgpi5au	0.0162187210508286	0.3070015884660596	6157.959682552287	0.0
did:plc:h3k3353c6uthensuseizwsbt	0.00276561419699909	0.9879587382223091	523.5073805929115	0.0
did:plc:h3ogy4c4ljm7iumhga2uplae	0.00537473872855328	0.623981313940204	1940.45840593135	0.0
did:plc:h3vtkt3ls34ilm4uhs2fst7t	0.00659242761847285	0.7070442214691283	2152.4495142791093	0.0
did:plc:h46cz27qirsqagwh4wordtjk	0.00419685631730543	0.7440978822918167	1505.828933627095	0.0
did:plc:h4ejiovx5xeh5qa3vs2uehmn	0.00481985781499568	0.4745885754035144	2815.8893609604715	0.0
did:plc:h4i4yr73nxsjny6bihotyzb4	0.0184563758824368	0.8313633918762715	2388.931423624984	0.0
did:plc:h4oe5ydbclpkhkocdjnaaaww	0.00547045951914429	0.99361770348934	1965.7218743902988	0.0
did:plc:h4pouudj2zd4x4xcztka5pvg	0.00493874062188538	0.528482881121263	1867.36866025491	0.0
did:plc:h53xrzucooe3vrdd2c5epetm	0.00362567368975234	1.6323705994147057	878.178098127789	0.0
did:plc:h57fphphvn5rwiojtfcgwjiu	0.00275236470788893	0.9225584017689364	346.24935097199665	0.0
did:plc:h5cyfgzmibjc7c5n5ph5czqr	0.00489962572379708	0.6719234205310621	1542.9416443034374	0.0
did:plc:h5fjyucpr7df2ikocrny2pzg	0.00461946232578916	0.6411520832738045	1050.259071357004	0.0
did:plc:h5myao2o5xx4nmvdiz5gbiao	0.00560766721296649	0.567873455237872	2148.48789677251	0.0
did:plc:h5xmz5i45s5z4kgbqi22cfo5	0.0053908355800844	0.48581584214489854	5983.762979837646	0.0
did:plc:h5yshb47uc5xo2klgilg4tpl	0.00429199285835242	0.7036818038064895	1377.1486253924113	0.0
did:plc:h5ysxingolyonyh6hohjgrka	0.00807061791087783	0.6033297190014505	5945.429165820662	0.0
did:plc:h63rjxhq524pzv3req57u5u7	0.00442429835534638	0.7934358312902245	686.1280603208596	0.0
did:plc:h6gry36pmnd375qpn7dv3nqc	0.00373728285729508	0.7228784987507862	1967.2348343809829	0.0
did:plc:h6hqzmb3vt7r7p3jfah5skxu	0.00336635772887064	0.5784425368751903	1370.8733142444064	0.0
did:plc:h6l6lmoou2ycxhrl56kguor6	0.00743990843725912	0.678276567011771	2060.78197212187	0.0
did:plc:h6p26wahxestttuyjtbh3t45	0.00789889415929406	0.530164286617444	7816.89021216554	0.0
did:plc:h6pazhkya232tnl45cptvchh	0.00872115459157302	0.4495002340780487	2954.876505956427	0.0
did:plc:h6wcyjfaevaxjuletmbfgkmt	0.00587749104819975	0.7534302504736612	2378.6362970530895	0.0
did:plc:h6zdzm6vde4koldce6dsu4yp	0.00866634569428363	0.9610929374580034	2485.0207101880565	0.0
did:plc:h7433saoe7h42vf4hoyacddg	0.00668791799635514	0.8648580294538004	1169.2496049401288	0.0
did:plc:h74chp5xxtfvathzc2uvh7xn	0.0112320916982894	0.437769309170751	1650.42179564272	0.0
did:plc:h7csmo6h473w7hfftfpyg52u	0.00559962669206131	0.7252433196641898	1854.804998658027	0.0
did:plc:h7irpe77lwe76iz4kpebyr7e	0.0131023761985217	0.5497043075224023	2444.4443734555844	0.0
did:plc:h7l7xwrslzyisspcf2ebgaiw	0.00300638857586132	0.9287083805459172	650.5954296272984	0.0
did:plc:h7nly7gfic4zj7pfmukftzmy	0.00644814616624728	0.9416665564142541	2036.3656145296923	0.0
did:plc:h7qqicb64fhosb6o7t5hvgwu	0.00466708151924124	-0.522735410674704	25201.7144858082	0.0
did:plc:h7ttz4bmm74hxbvnm7ydk3lv	0.00262972702693536	1.5198192460117206	436.8139464242424	0.0
did:plc:h7u65pstgm2moeoaij3kkcgv	0.00413894476274969	0.648317985949134	1910.94703584015	0.0
did:plc:haag3flccbrapuijrrhocvhj	0.00669507000129195	0.7385242328498414	2145.7518260650354	0.0
did:plc:haevkbf2qagpqtf35vs43xcm	0.00399955560521667	0.6098841718109459	1434.9446770224358	0.0
did:plc:hafrf3ayoyd7q2kmdpxymqk7	0.00399742101869807	3.037951071793606	173.16321109223554	57.0
did:plc:hajtgcjguyp3e4nfz4thwta3	0.00528032303213327	0.6453417477175069	5565.317225503311	0.0
did:plc:hanga5tdt4u2fbphchnsydaa	0.00750847731831169	0.5748311518540676	1264.144358904024	0.0
did:plc:harz2zklekdjahsd3me5i5iz	0.00397358406118062	0.3990725804797774	4515.774978342045	0.0
did:plc:hb3eljig2befjourxizwo37o	0.00816411974123306	0.6239898919248653	3333.632818844891	0.0
did:plc:hbdydfgnmwpdhm2ex4bk3j2g	0.00560707354145288	0.7676102485445366	2055.013874434526	0.0
did:plc:hbf5u67tf5dcpy46mnzkmote	0.00316143054744044	0.8742991172256481	1892.4777115555364	0.0
did:plc:hbi6yhtkh2vgxonxpffaje76	0.00720720720838792	0.32986769759496487	6029.339250668775	0.0
did:plc:hbiqatp622lhilou2q3gmp4u	0.00354125778691406	1.2488056574612199	905.3129190557167	0.0
did:plc:hbj76oofrtpr5lyj4ltj6yzu	0.00248362766525113	1.1326287117258111	321.7728664830504	0.0
did:plc:hbmrmt55pt55bppnt2wllbxv	0.00222541940817763	1.8539793681522816	180.57788560455273	0.0
did:plc:hbngj5gxrg3bnose7dedvc2e	0.0157946693130051	-0.315260371664544	21586.2086962679	0.0
did:plc:hcabaaj5jg3dgzb4u7q65utg	0.00429776192021669	0.649488165600834	3573.87819619459	0.0
did:plc:hcambak7oufajensccb4ygvl	0.00371761314098012	0.9322798137531416	931.2674403307167	0.0
did:plc:hcbyb6nx2bt57mveylpawfhh	0.00223835040393666	3.8260194800922376	84.17242856202922	22.0
did:plc:hcdbyaxaui22rbfc6fhb6brf	0.0107663077985384	0.3330176253835831	10795.401282967368	0.0
did:plc:hchydycurnarxmn2xf2eukid	0.00324331067228315	1.0773491606733006	2368.6591505877973	0.0
did:plc:hcom3jcugrlvgypwwe5pzcbs	0.00220796533948181	1.1250444213437332	2054.6115323839635	0.0
did:plc:hcqliwnspfpq2hrh7xl4rf2x	0.00685082873065822	0.6588112069935211	2292.9082132389703	0.0
did:plc:hctbvo2rczhrm64afprwqpkd	0.0137411347728892	0.24623756646649844	5274.659155125652	0.0
did:plc:hcv5hlvoxvz7hxrrrghn62uw	0.0127366609559623	0.21663077747192475	7552.978126348632	0.0
did:plc:hcycymknioy4xm6njzzotjnf	0.00640000000845758	0.7957623649791623	2759.245242751053	0.0
did:plc:hcyznj2mtmgsi2hg52kyuyey	0.00530084627605752	0.6965537396435858	1587.6263492727246	0.0
did:plc:hd4mcdr2d4js3env3avgbikk	0.0103044496587516	-0.169507226080847	14181.3168946663	0.0
did:plc:hd6or5chts4vzlp5p5temw6z	0.00270354119595596	1.8878204052605079	240.99551514341832	0.0
did:plc:hdaycih2fvzx3olivstldujp	0.00505780346889975	0.8038743722192815	1107.4738058307014	0.0
did:plc:hdgc57nlyhkhw2n5ur5femqp	0.00878552973199603	0.7325181842224212	3968.4852533837384	0.0
did:plc:hdgzmuixks77o26i2ve6iz2p	0.00359572400396615	1.5894580615269391	674.1650607821199	0.0
did:plc:hdhoaan3xa3jiuq4fg4mefid	0.00743370687323396	0.5529394279311126	2562.72656960813	0.0
did:plc:hdjjzuerjwkya4re4kfqvveq	0.0042829223670644	0.7369246382213606	1506.7771084549986	0.0
did:plc:hdkjjpws2smynnxve5w654ao	0.0061381074187997	1.161495387787891	871.0160174046362	0.0
did:plc:hdzpibokql3jcmkns7wmns37	0.00616126440050512	0.8105758459657758	1122.6474090877196	0.0
did:plc:he235n4rmx5yzmzgutglhmkq	0.00884508466327731	0.4006829081268085	6957.941680776754	0.0
did:plc:he2bftf4t46jt4edr74unet4	0.00249213288584471	0.7941989504727617	1398.3661869743696	0.0
did:plc:he4a2f5ducnmhaekrkgtdyvd	0.00424761277694525	0.6510793312581654	1196.5049463991493	0.0
did:plc:he7i35czjn2hjsw6veg4225x	0.00988979938971713	-0.301684705543253	24253.641441982	0.0
did:plc:heg7o25n3syyncqnthturtuv	0.00852525766992479	0.17961390987960524	7818.677472101019	0.0
did:plc:hejsmhkmaktsded236mte5pk	0.00449027108032307	0.9004002421474887	1139.5374135195864	0.0
did:plc:hepy4ex7uipm4c6kgky4lijp	0.00652771415515145	0.57894844799184	3993.93133972817	0.0
did:plc:herijje4npdt6ss7momjakqx	0.0126755738535697	0.2800875003309971	8697.240122267773	0.0
did:plc:heroidycl2tcdy2aaqjnodvn	0.0107991360778322	0.027791740838519763	11174.98834011121	0.0
did:plc:hf5didpp2qjofsb5zwmdnsaf	0.00243733685568897	1.0540773563805903	485.8817089052749	0.0
did:plc:hf6sm6eidzpdonyvgy4ity25	0.00696774193574542	0.638650119564543	4134.56095968557	0.0
did:plc:hfet57hijcwtakuduf6landi	0.00771499887024708	0.299181752377891	4161.82276816131	0.0
did:plc:hff3owdsijtqi7grc6mahfkb	0.00817641229342811	0.556151985021807	4757.47050557617	0.0
did:plc:hffh2z2zjoag6fkxstkdck6l	0.00290506981615572	0.12907703899734566	6250.8391351681785	0.0
did:plc:hfft7ijvljrnqwo4au74x2hx	0.00832085205907555	0.7484901842130138	1902.7985719692394	0.0
did:plc:hfgcux5vaescpudyidw3xz6z	0.00461526627613847	0.8730797984933791	707.9564770400905	0.0
did:plc:hfiidzxhi2izvb2zmalkfdqs	0.00928652321905489	-0.563093336912584	22196.0900451358	0.0
did:plc:hfn7incpnnpdpgsu3y6lifrv	0.00328009684105931	0.5944942761885205	1059.5241270551217	0.0
did:plc:hfqo6z4ukuy3jutkkqkr5bt3	0.00367672563338925	1.050722302427499	592.5276216395825	0.0
did:plc:hfvqoygr5hquix7ioumniaif	0.00932090547296962	0.35410438338613986	5385.675350220311	0.0
did:plc:hg2ujsff6pydh3x52ow743go	0.00600841177853547	1.9635075494724257	432.9521886108779	0.0
did:plc:hg7lkjof7bx5epxltycfzfkq	0.00642711072325924	0.6761986231977594	2757.559827225301	0.0
did:plc:hgcmbo6cvpexlg3pujjtggp4	0.00661795119413831	0.5063634849569535	2265.9033124408425	0.0
did:plc:hghvi4zfl563vvz43h4zzb5k	0.00564743848375385	0.6740869678181381	1632.5785815844663	0.0
did:plc:hgieggov3e6tvrkolxslg4jk	0.00399326625695718	0.8946297638236212	773.837720118127	0.0
did:plc:hgiz6hkgfeipb4hjnj4rdmvg	0.00228340197992516	0.6607779204317201	1288.5820350747717	0.0
did:plc:hgriuorqdcud5yldxomvv5ns	0.00509447943750504	0.531926374262144	1850.57242479045	0.0
did:plc:hgufwnpxkwsaarw3rtoxsj27	0.00380789185620159	0.8749652692473703	1386.6241395465863	0.0
did:plc:hgvwxvj3sld5a5saaiihkl3n	0.00516543347824185	0.8504102256057052	1863.6625355234764	0.0
did:plc:hgxowyweznjsqurxc4qxkmuw	0.00416204217661649	0.6288443211549404	1080.6704404958432	0.0
did:plc:hh6r73sndvq7ho5nmega4hdr	0.0030284675955315	0.8174780575789549	820.7754459837588	0.0
did:plc:hh6s3nrorsfowmz4k2wlypqu	0.00373517218740337	0.598965329522642	2730.66991349121	0.0
did:plc:hh7hmyk5ki3d6r2qlee4x6w6	0.00570261299073983	0.7222573634701304	2114.5183423771646	0.0
did:plc:hhees5h5plxpkvnu7626vpb2	0.00321835286362021	1.4506394657956057	1036.7796602520552	0.0
did:plc:hhfvhf2txs3v6htikcm53345	0.00477811231918904	0.8789469439208446	1924.2465096762273	0.0
did:plc:hhg3ukhaihaqstsknr4gkj3e	0.00584795321859804	0.6173080260388126	887.4549350896999	0.0
did:plc:hhj4ycizhxl6wwgq3grct4fp	0.00381455399093885	0.682912660248464	3553.09115803288	0.0
did:plc:hhkjepogavkkna2ghrewkuec	0.0074736505961556	0.567514967061049	2104.60421847515	0.0
did:plc:hhn24n2jpsdd2lq2iwxlcfxn	0.00576085429486644	2.3626284130319513	46.760022251793025	0.0
did:plc:hhsspfgoobgbpnickci2q7au	0.00982977704345878	0.4780782676662057	3784.6981894607807	0.0
did:plc:hhtrhnqyut6jmttbvd3ilplr	0.00219532083053426	3.394680089191055	190.10208499469908	56.0
did:plc:hhyzpvun2og6dfjfbafbs5hg	0.00498117799228322	0.7378321040944434	1203.4970811368987	0.0
did:plc:hibolm4jlxw4scugzbwrfabv	0.00895238096771939	0.34075463253518246	4515.377174550185	0.0
did:plc:hid4b22hbobgpsqkjab63pab	0.00366678125395203	-0.190896681443222	25668.2270085889	0.0
did:plc:hih6h3f3z3e4dfwrctx7g34u	0.00495005351483064	0.7242484767015025	1004.5817633884496	0.0
did:plc:hiivwltkkpgtpinonq5pcsum	0.0036372950823478	1.9475969323584699	328.6310229344449	0.0
did:plc:hiqlv3equf6vcwuuukqljmec	0.00903099829203033	0.413874367441343	5610.03221787933	0.0
did:plc:hir6ieabamcikjpvsjqm3ezy	0.00823233478556501	0.597476069247098	2724.70963635701	0.0
did:plc:hisyt2l5pqmqyg2jqrozdjbh	0.00873269435900391	-0.677808185029789	23447.2339443192	0.0
did:plc:hiux7jytujbrezlpe44z73gm	0.00853409863657768	0.43309742345626195	1656.8299950920248	0.0
did:plc:hivi5gca4px6nil2c5s2cho3	0.0034865983878822	-0.42510711253775	24223.860904254	0.0
did:plc:hiximgpnm5widljtuahudsp3	0.0074304889794966	-0.277058566658756	24959.16778292	0.0
did:plc:hiycr6xkixqfmzzx3fvqly62	0.007958115187622	0.7996932385775909	2566.752627002814	0.0
did:plc:hj64jrzsfp3dwi3izqu56xmj	0.00642398287105147	0.5237168974208805	1612.2255820831726	0.0
did:plc:hjcdvlujrck2wwqv3qw7p475	0.0110116999393978	0.491456530419678	4649.24695561189	0.0
did:plc:hjd4rwstinu7bddqd42w3ifl	0.00946372240007109	0.375565778486906	4762.57559661602	0.0
did:plc:hjdakj5ij7ay6z5lbevcc3cc	0.00598571152740476	1.056553439976698	403.4073838196208	0.0
did:plc:hjg4zjsmt672fupiepz7tvxg	0.0110555409334488	0.6544306160411693	2539.2804206501482	0.0
did:plc:hjgvnriw2soe5darzpcy3js6	0.00251660440021459	0.7494285585837007	1983.8472194896617	0.0
did:plc:hjqays4idmio63ofvnsw53um	0.00388019886174992	0.7661271457439788	1790.1442106811505	0.0
did:plc:hjshxq2b3fcfrzyuqkxkbfau	0.0036809815954588	1.5088183203550993	1769.7208446112595	0.0
did:plc:hjslxrdfzfzypzoqmg3shgj3	0.00680161062280196	0.852690418982665	1245.413248129226	0.0
did:plc:hjvqjip7u7flic5jnd4bq7hz	0.00682530899054279	0.5085363626648968	6279.857656304397	0.0
did:plc:hjwm7znw6jfwfq6f2bhmln5m	0.00292639832161223	0.787168588360198	3973.28184806685	0.0
did:plc:hjxgnxrdgp7ywzn2ddsmkpzj	0.00881305081631924	0.676051748259191	1183.7524824999819	0.0
did:plc:hjyxexovzav4m5j3auv3yfck	0.00243232640256498	1.7393886830698095	712.2745649813928	0.0
did:plc:hka45frcwnhf7zsks7gspown	0.00412078152779005	0.967944447256019	979.5579076753652	0.0
did:plc:hkdeogqkiyinmntxmmopr3rq	0.00653676932905357	0.9962461304512985	1102.0577261785158	0.0
did:plc:hkqw3om5zbc45tsaq6o6772v	0.00467718268613135	0.9094748990118122	834.3085309436808	0.0
did:plc:hkte6xia3nw7ye7c57qbmdwv	0.00887830229851148	0.6577434741776264	2440.930710842175	0.0
did:plc:hkw7n7r5t2htxhhnafqqpjc3	0.0031140768987571	0.3174265260284918	9306.368934358514	0.0
did:plc:hkx34wojxva3te22cwhu32ff	0.00515878049876953	0.7772903988012708	959.3917515506796	0.0
did:plc:hkyw4yk525hiw3jaddk3wzre	0.00295728596136732	0.7201962574601577	1381.0532535546868	0.0
did:plc:hkzyrr5ndakt2w5samczhg6b	0.00928321412540998	0.303583124918571	6397.07133382697	0.0
did:plc:hl2kvo7sv6srpzrjnbzplxc4	0.0121250797764142	-0.288754247192824	19583.2459473683	0.0
did:plc:hlarg4juss7g4wyekxvasc7n	0.00446004934624253	0.9042617195424903	1207.647119106976	0.0
did:plc:hlctvc5gqlkek5kpsx7u7x52	0.00322135296835772	1.4882464384687584	639.2778862171184	0.0
did:plc:hleqckmxi73f7bravwbyc5jj	0.0077027167738515	0.666579032168769	1503.267656635116	0.0
did:plc:hloziseykk2xasbbi33xxtz6	0.00404421677029322	-0.103357266775116	21780.495830899	0.0
did:plc:hlp6rhlhupr5fbswpshlnbiz	0.00502949995178014	1.0082110514783003	1381.551644547347	0.0
did:plc:hltqjh6nr7levyjzcegj3qgw	0.00586592178991266	0.604291020611337	3234.17820925568	0.0
did:plc:hlwbtdhl2qcvsyjl54r5xysb	0.00905542545183171	0.347093891274285	4647.11697839093	0.0
did:plc:hm4e5mbylpcauicnreize2b4	0.00723274989155548	0.337279749975821	4984.20340616255	0.0
did:plc:hm55opby5wnunvj4y3m2s3cf	0.0027663807037534	1.0822093061894658	1093.0500854301556	0.0
did:plc:hm7n4axjoupeutb32lb2yqqh	0.0114901256735389	0.462589489953875	3788.08819759868	0.0
did:plc:hmmzky3a7fisa3ny5ghcsazx	0.00692840646784305	0.543315863999769	4030.57377970788	0.0
did:plc:hn3h6awmlwmvzndbm626llb5	0.00506350128731666	0.6625980986570768	1891.1850265529513	0.0
did:plc:hn5pp5uxiosyc2522lrdp2fv	0.00745600954902019	0.7453734134148781	1513.4270308078787	0.0
did:plc:hnb4dpgt2ayr5jljd62mqfrs	0.00234241409202442	1.3544941282481742	300.007326267113	0.0
did:plc:hng753z3rg2ykky27ddchczk	0.00428237163945134	0.7918452162438111	1887.1167021369695	0.0
did:plc:hnjmgpa2okobtwk44vholtgg	0.00542951328347374	0.6034931914624958	1641.7839617164088	0.0
did:plc:hnjy6l4otki7gbekcov2cv2e	0.0171189979668585	0.300414562020035	6690.791428306634	0.0
did:plc:hnr52dvdt3xdkskfcq3scahg	0.00400129771846237	0.841302674956693	2332.31706049063	0.0
did:plc:hntc5b3lho7zurupbfozunik	0.00482467476922165	1.0162742732365204	1882.766434326564	0.0
did:plc:hntx5ms5mvpk67nmrk7tovwk	0.00271691498704362	-0.394763792259454	27232.8225398823	0.0
did:plc:hnzckeoup234q2nlz35rsesv	0.0118265440276566	0.37802027196443	4829.51532179825	0.0
did:plc:ho2egopi2cybw6ezkq4wp4mq	0.00671445422521747	0.4356120891521693	3973.9684238172435	0.0
did:plc:hog4bweadx64o7nks25vt5uz	0.0109058927085513	0.6489347449160161	2077.2788050426107	0.0
did:plc:hojvhacnqpotrucdka3ovssj	0.00400056148259697	0.6907546294973967	1435.6287608429384	0.0
did:plc:honslglm7euwuujvgigp5vwl	0.0034943786087567	1.355019437875887	384.54775805053686	0.0
did:plc:honvgzidyifkloaj3k3lqzzr	0.00514419329761711	1.508100279182391	484.6980895071369	0.0
did:plc:hoyd7xb2friwl7dhuzlhchbs	0.00317028985518921	1.8221253553357462	532.027316505617	0.0
did:plc:hozujqtxc6xlgxywealgehqe	0.00546351780104031	-0.514785719862767	27623.5403091011	0.0
did:plc:hp4ay7xvfssv5gdlyc32xeo5	0.00622700254924813	1.1733207734152318	800.0646182961	0.0
did:plc:hpjvz4emj64nsoivlryyqseo	0.00598137756882755	0.5749707441148064	1818.3993493900462	0.0
did:plc:hpmftisceoy4runolfcwadkr	0.00407518907435565	0.9422233555815703	645.2060268633963	0.0
did:plc:hpqq4ke7r4q4nbd3lifqxyfu	0.00505853447375592	0.507600644849664	1413.5070708020671	0.0
did:plc:hpzdtd6bcwizpci3jsskbw4h	0.00445572768352225	0.744198002656208	1699.28997128243	0.0
did:plc:hpzrn24orwmk7ctqfd27uvyy	0.005168301087316	0.580369086746727	1442.55763219703	0.0
did:plc:hq3xffz7wqpzsle2rdf5axu7	0.00636775994589066	0.692640612915152	1534.44518720894	0.0
did:plc:hq6jfgkuvc4qbm5mu5kqx5gb	0.00416676879336279	0.8959231273720093	1033.2208311501536	0.0
did:plc:hq7elb5bi5bjjznknek5u433	0.0104230533434482	0.5933975140322965	3983.8672795796806	0.0
did:plc:hqb5wc34optosm47udisb4ee	0.00381073356654103	1.7177082318658283	313.24494052200225	0.0
did:plc:hqbbtwhl3wybxqhgfqtz5tzf	0.00492680180255109	0.7840461271837624	3010.8763880419338	0.0
did:plc:hqddqzrfusm7d6dydzod35nk	0.0063224446789601	0.6444666903402909	2020.7636173487665	0.0
did:plc:hqjyr5ea336n76smlkgidx3z	0.00348284960465705	2.273245912364779	309.1644944610748	0.0
did:plc:hqkmunvlmxnsujtm74fbtgsb	0.00723393821084031	0.30481775946718925	5990.608117173809	0.0
did:plc:hqp4sby2esq5iaz54ddid2gj	0.00222163991241002	0.8391791641963825	433.8245194558213	0.0
did:plc:hqpus34ww6xat2poh2cedzxq	0.0040668775431468	0.5789792245318302	6114.768415113428	0.0
did:plc:hqstub4iqrz4ima2evzjoyzs	0.00306483172650163	1.865934299260483	614.0309478145182	0.0
did:plc:hqyqkhdibvy6ts2nygbqebg5	0.00375547673863171	-0.186334746439738	16199.9512520364	0.0
did:plc:hqyvtasrjby6nejg2kqipffd	0.00773629331119038	-0.184559669440164	16372.4579395845	0.0
did:plc:hqzknfpdkel6knu6astfxhfq	0.0090159711639069	0.518902369574137	4557.769157395358	0.0
did:plc:hr2rgupkoxplbfvck6uysct2	0.0066870462376293	0.6676917480462029	1483.3927130683787	0.0
did:plc:hr34eskpzczkrlycvtneljho	0.00663129973626707	0.8074045093005019	1650.3307473525829	0.0
did:plc:hr6db3n2uyiwdq4274nicgoh	0.00333932699727368	0.39732924476915593	6587.657247070602	0.0
did:plc:hr7l6yblgjgjk5qga63w66cu	0.00731602352716485	0.509171938164994	4299.92113850007	0.0
did:plc:hrw6uoi43ajvycborbg5yaeh	0.0078680203090975	0.926525355480371	2528.5792232664194	0.0
did:plc:hs6ceqymqty7zoiwji5xhtxs	0.00243240051959604	1.10680431407983	624.4231861577348	0.0
did:plc:hs6f6os4vplnbt4g7gm6wrjh	0.00602730012612045	-0.12674969371398	15256.6530197457	0.0
did:plc:hsbjnyso4o7svhjzebvqxta7	0.0115190784809008	-0.239518358760648	18224.6378428029	0.0
did:plc:hsdpmkmnoovktzpe5xuxxcnl	0.00597878495868493	1.2490449157733514	791.6800272201608	0.0
did:plc:hsevj2mpkfgrmmthuarg5iht	0.00623546819769586	0.5589410001686346	1447.822122662559	0.0
did:plc:hsh6t2lvzejmh5akwydsrcdu	0.00486644317153609	0.9691339083349173	1305.9911798129713	0.0
did:plc:hsjgakyrghmm3latflbrflkh	0.00677363833925272	0.361949138709951	2583.27968169268	0.0
did:plc:hslu5ivqje5nqia5cxfwqb5u	0.00936515083563606	0.206858545206221	4193.58785177332	0.0
did:plc:hsnho7rdgvdvs2xl5va5255j	0.00745312682494524	0.127466473133591	7661.16586576332	0.0
did:plc:hsnrkpyiifpacp43mg63v3ia	0.00225231337012742	1.3525906847512388	335.62617504551616	0.0
did:plc:hsvdzfvjvq4jbvvjluitkbtl	0.00663889612231568	0.8103076247037555	2124.2855224333343	0.0
did:plc:hswdvv6jfk7lksgsoovx2hqx	0.00714512543785856	1.1340166238016447	2467.4190930206073	0.0
did:plc:hsxhesunskd5dmqiigybl7et	0.00343689854320878	1.2389968430363192	1200.2594932366196	0.0
did:plc:ht2h6t3pqpcly4piwqdvumuc	0.00260607168987515	0.649417213792741	4022.04609652519	0.0
did:plc:htc4yvjdrd5cebq7x6ezlg6o	0.0029001564130846	1.4968774262195472	403.9042319925675	0.0
did:plc:htferatj7aij6ym5jing7uwx	0.00406736574542368	0.4323693036081632	2930.241312966792	0.0
did:plc:htgdmtsvwhiwgy3bzvgaj2pg	0.0066889632121821	0.4779630533472954	2274.8923284119687	0.0
did:plc:htv43ueqvlkqiubfbipsb45d	0.00919399327189341	-0.811798204448706	33363.7531304209	0.0
did:plc:htxdpgcovxi6t6iqasxzwsnb	0.00208536076743073	1.9018500049607985	246.5954033655107	0.0
did:plc:htywfsjbaksouuxni3d6qy7o	0.00524510792880149	0.6609254898847786	2414.375357974453	0.0
did:plc:htzfwu7qnh5426ib4iiyiqwy	0.00778027747000182	0.6502020078938684	1465.2617459238065	0.0
did:plc:hu3mtrawx7mrpch3ub3blqts	0.00776417950201666	0.362007178630335	3696.35979857029	0.0
did:plc:hua3zmqyfdvgfwenwtfqrfln	0.00723777883362892	0.568972819644477	2788.03025926459	0.0
did:plc:hud4w4zxbty76f6yzdx4l3wm	0.00536230861555097	0.6962218468685425	2928.367397415176	0.0
did:plc:huh4hyopwybx77cd7ljidv4h	0.00650598846826622	0.729693514827192	3433.19282554026	0.0
did:plc:huhbu2ibm3gvhlxtp3t7iurm	0.00244146738455335	1.6730015920955288	718.2991197269215	0.0
did:plc:hujyheez3ahk3tk3p2fbz5ex	0.00562640660215052	0.381002123507184	5010.71595673924	0.0
did:plc:huk4j5d3osqz2j4rsiotxk7m	0.00897968346676575	0.48585107431334595	2848.6934229581366	0.0
did:plc:hv2pivc5zcz6ynrpwzfas5n5	0.00840603706669092	0.6337905011693431	1302.3632553238217	0.0
did:plc:hv53ib5t2o4df7z4p4m6gsqj	0.00809815951003274	0.8033213989756154	2553.3443788407862	0.0
did:plc:hvcb657aph3yp6jbc52d2las	0.00353011867207785	0.5629794735856903	5087.008581409993	0.0
did:plc:hvdvtet55czpsb3apl76dhii	0.0163285502251766	0.47567521021888226	5614.644322771275	0.0
did:plc:hvege44veofbfsyyfqj3eb55	0.00688705234295246	0.512460529310794	4669.2459880421	0.0
did:plc:hvidya5wdqtg6cafhcdcb6mq	0.00447246091018875	0.8749883800628372	737.2011631476937	0.0
did:plc:hvjm3slenktjspwdycucgdr7	0.00833951076769936	0.267880444020646	6104.89648183464	0.0
did:plc:hvkgmrrlc3mo6kf4p4urs4yh	0.00511597359118267	0.6368296008143748	1518.8431131890932	0.0
did:plc:hvkvsybq2uven3f7yvveuyae	0.0068027210898415	0.869976744863891	1841.7179526525406	0.0
did:plc:hvow4eqfxh7epuspydicbndx	0.00879839115456479	0.515709081657337	2969.83430236364	0.0
did:plc:hvvod7og3fz4wibnp3xefdmm	0.00527932424710343	0.6325547590830182	4011.52583146016	0.0
did:plc:hvysua35qhane5iaq2klmt2w	0.00579601757730586	0.6433788295394958	1060.8154306495144	0.0
did:plc:hw23xyxrf2ggkybuesbopqig	0.00543297483146876	-0.0998070658970732	11752.8599223712	0.0
did:plc:hw26qxhsr5sqj4zwelzm2ck5	0.00535001813623759	0.7601519951514822	1449.575937753422	0.0
did:plc:hw27doyggpba2jp4mexvt267	0.00590229813100811	0.328642520878307	7008.99004797319	0.0
did:plc:hw43yv2jwzoxtj4hsh7ua65p	0.00410362694326749	0.8284011480492801	978.3409530344211	0.0
did:plc:hw4whw2epkghfiwifhnfx4x5	0.00294173467465898	1.1904730569993773	1448.2163423888671	0.0
did:plc:hw6sgmho6hy6miv2mddvt6oa	0.00316194665945233	0.923344485225817	947.5969452461821	0.0
did:plc:hw753x7fbyzmn5ouveyepbxx	0.00504902248645826	0.5930212216788798	500.1289550547039	0.0
did:plc:hwg7dsne5awihd4obkb2or66	0.00561293219628284	0.5173827825944746	1818.1700096717532	0.0
did:plc:hwg7ti7pgf73xatbj5yg6mw4	0.00621781183305359	0.8373231537894542	784.3397665683153	0.0
did:plc:hwjz4zsn2ojnpxijdmculwqq	0.00878809355132206	0.4284279677937389	3381.903723915285	0.0
did:plc:hwpe5qs5gujgcafvp6woeeyx	0.00640414226215405	0.450440727399047	5793.721177164	0.0
did:plc:hwvij6gaumheqclhsozbkbi4	0.00729809928736667	0.619157830202937	1366.674944313	0.0
did:plc:hx253pamkshfhbs5dslbxk7w	0.00917190777107155	-0.0478713811916177	13990.5234422465	0.0
did:plc:hxamyaurcjtpai67ienvweb4	0.00502911593506055	2.1420559271663016	287.29440210884536	0.0
did:plc:hxd3u7qqtbrjkjaq4zyww552	0.0127000254268119	0.14070261776443	7093.98916120855	0.0
did:plc:hxdg3h2ksp3dxqpfut2zhjbh	0.0185387132381345	-0.278859257796362	20998.7561622732	0.0
did:plc:hxfcawicfe5zcllp2qdnj6lq	0.00456819665093302	0.7558556165848765	712.2517366957522	0.0
did:plc:hxje2mbpurznsjbl7qqsc62w	0.00260868129531099	0.5314925136630448	1571.7094208284377	0.0
did:plc:hxl3hehnljt3efnhv6znfhjq	0.0059457964605999	1.1778388028247295	1435.9717579829864	0.0
did:plc:hxmiz6rwpxarzq5qbm2vxm4o	0.00479318302939646	0.7732061323029067	1922.5503383422854	0.0
did:plc:hxou64f7zidypdr3mwqlt4ua	0.0038577291384842	0.5712002156029942	1345.447609249163	0.0
did:plc:hxqhksy2jsnckigjdrbyfwx2	0.00651061851036428	0.451388690565936	2560.1585179771	0.0
did:plc:hxtykuzufhf5oiv3eahulrxg	0.00962395296189708	0.6632613874376132	2734.2886034510243	0.0
did:plc:hxugyisevhspfpxtcbetwl5l	0.00481605351250882	0.7957919838226296	3629.777783683231	0.0
did:plc:hxz454ig52tlslpa4qcg5iad	0.00844024308266482	0.388496798018544	4872.12687213119	0.0
did:plc:hyec6gihkha4xvloeizwugl5	0.00526383361211584	-0.448066538040053	22918.8668330238	0.0
did:plc:hyedalfameskrpxvmgquw6fs	0.0165700083451563	-0.696093092290956	27976.7110138926	0.0
did:plc:hyeqglffn32q72z2gqmhwal2	0.00799695354582007	-0.566835535951907	21673.058146915	0.0
did:plc:hyp76wdzoq5fwwuofrs2lc2v	0.00926612305687928	0.4078542122817339	4224.230485638253	0.0
did:plc:hyr6phulnrjcx44yt5rrcujt	0.00777624483098105	0.573791301864551	2600.94157246874	0.0
did:plc:hywnbj3pp4q2wypdkeidqx46	0.00845140442820835	1.0672592811230128	1455.6413162644246	0.0
did:plc:hz345i6qpfecznh5na6tz7ia	0.00347794908613112	0.9456379845771046	1134.6744833188777	0.0
did:plc:hz5gbs5w6chjm2vukqcmmfsg	0.00236776144809324	0.8099683344565537	456.12988601656673	0.0
did:plc:hzasjxog43d7x6msqqsie43t	0.00254968129007154	0.6657222193101058	7202.883902458143	0.0
did:plc:hzck6srhtcxen2d5bltri5pv	0.00533536585424632	0.491243683425117	2607.35905690088	0.0
did:plc:hzi3m7xeqxisag7eorof6zgo	0.00972883462174908	0.357852017996906	6238.96922927531	0.0
did:plc:hzmqhzexfkb47pafgwkukg7s	0.00511892450945686	0.7208742075245456	1171.4214967529108	0.0
did:plc:hzqxtzrdxg5vynzuzaxmkzdn	0.00663329161457886	0.5781650527499521	2740.1447537859685	0.0
did:plc:hzsg3kk34shdjbuc36ys4s32	0.00332640332642342	0.7575303628368729	1324.9751744372186	0.0
did:plc:hzul4smcrlqh5ezqstkeukul	0.00370673048894689	0.9260348146805965	956.2238782261824	0.0
did:plc:i25maa6vszqwtsf523mn3jud	0.00763491237698808	0.413857983383742	3350.9947216465	0.0
did:plc:i267mggw4boz3tm4yysmhyep	0.00608066502660598	0.8395957291055317	1562.4212218292341	0.0
did:plc:i2dklbglzwnjmh6vntokcmli	0.006898281702088	0.499840910451002	2642.51377210866	0.0
did:plc:i2hkfhtsgx4omzl6rdqjpvdy	0.00380098712236086	0.7008703808427	3389.75776074253	0.0
did:plc:i2jnfns7bofuw7jziwudqnj7	0.0046723373675996	0.8609143462290151	1345.9344492348291	0.0
did:plc:i2lbcwvpmgshwm2cprrn3qd7	0.00421140043917692	0.519616397374286	2954.97559011497	0.0
did:plc:i2mrbiczcapz7l64mueg72ie	0.013922036599128	0.6119357220261556	4589.926578283431	0.0
did:plc:i2raeckbqvedtmc72a7csrcl	0.00526784990741059	0.9418593545839914	1569.6356121819613	0.0
did:plc:i2sejcto2ms2y5e4s3622eho	0.00685453160838106	0.7875341562705799	3645.8980191613277	0.0
did:plc:i32h4jvvytmo42lxxxzsjx7e	0.00399955560521667	1.8076460935641843	392.477939792672	0.0
did:plc:i35k7og7mvin6yjwzw3v4n3m	0.00742340397354585	0.15508400896364027	7455.430048704908	0.0
did:plc:i3doaycsreu7wdqim6qeypyc	0.00621258330694528	0.546299802764669	2716.71204070911	0.0
did:plc:i3gk3i3thcd5mozif6dmpnd7	0.00518087620445505	0.482775635573955	5523.9693855179	0.0
did:plc:i3gkzqysoktt6c7bc54zek6p	0.00785175879488132	1.0067894768344938	2561.1862768164115	0.0
did:plc:i3gpifa73qggzg7msmpxuc4m	0.00379161295382331	1.0053285697584806	904.4802738813238	0.0
did:plc:i3jfzorrl3fkra3vk4yzilkh	0.00895036615441233	0.32728035440295916	7506.015193998093	0.0
did:plc:i3khzb27e7rgnseokpwnuron	0.00717623498116949	0.695250634977954	4054.58730466747	0.0
did:plc:i3l64jceufl7zcbk3r2sfiyc	0.00495776716929918	0.8417510230553041	3652.9272828498174	0.0
did:plc:i3nxnozt2prptrneskoksp6c	0.00630391506339332	0.5040456095736487	2645.441654495374	0.0
did:plc:i3ot5elk7z44rzefrg2tusp6	0.00413812785413692	0.7010389141629425	1025.3361809504509	0.0
did:plc:i3tnj2uiexqgfzj5jjmelmc5	0.00982493748925972	0.7812909027575844	1839.0858448590882	0.0
did:plc:i3u6d4rr3wjr662chzahqegz	0.00746169221051226	0.7089114175849126	2470.023888373657	0.0
did:plc:i42ynq3woagbafuufvznqoqr	0.0024216332571517	-0.409775306471022	25352.5471153575	0.0
did:plc:i44u346wtl3panpokhzjwrue	0.00570486815655574	0.5967735445000587	2546.0271372769457	0.0
did:plc:i45nszv7mueezgjckm67m23t	0.00639782861743579	-0.113090392038786	19852.2543836314	0.0
did:plc:i4bfh2tyxihe2ksplmtcoopk	0.00458546355440379	0.8193267821955978	962.0801254229539	0.0
did:plc:i4c7vgfl5nkxo6t4zvclcbng	0.00716759281654035	0.52872966822855	1767.50692305235	0.0
did:plc:i4cqcrsupfpm52rubgwnm4xz	0.00552595224008986	0.5221781912790875	2775.1432970611663	0.0
did:plc:i4davkxx5iwikvvb4eo53am2	0.00761235544344655	1.023269447738991	1903.8151091566763	0.0
did:plc:i4iit4l62yifkesdrdx4cslx	0.00261742560078768	0.8778099611658582	941.9524127400081	0.0
did:plc:i4ngul4y7iytgut2epc6owno	0.00688693941268538	0.6579155788015869	1958.2799764529457	0.0
did:plc:i4y7uqs6ambnzzbo4ktqzkeq	0.00255494585279924	0.7699099128694382	1983.800451376946	0.0
did:plc:i52wdrj6tyoausk5uniuuryr	0.00636649536108045	0.4703783650693988	2569.40738666274	0.0
did:plc:i54psv2yo6usm6fuiymw4aqj	0.00425833924792752	0.5930346955843204	4205.7930995649485	0.0
did:plc:i57kw324fyujz3l5nsqwc6vf	0.00205376019338964	2.173852300029722	531.6152171079906	0.0
did:plc:i5brjgqaiuyt2gqoaqanzwmc	0.00729064039522901	-0.0285518294695819	13237.6907186476	0.0
did:plc:i5goe7hocckmcuupaklx3i3q	0.00618672666104212	0.914689436441145	1438.9744675266356	0.0
did:plc:i5jl6mg2krxof6lgydyi2hxp	0.00556758428755625	0.8884850493816278	1705.443380147482	0.0
did:plc:i5tegvlo6dfipoclkbkq4dlt	0.00558330884564858	0.546784640935922	2716.5600429869423	0.0
did:plc:i62pv2ku5ctgjxstsgrxsi5a	0.00992555832389389	0.383814571876133	5305.88681568903	0.0
did:plc:i66qlkh4tsrgfxyeln7lcrau	0.00275185111652614	1.0245046366433002	1299.4919583938513	0.0
did:plc:i6c4h7vnkhj4iott3xbvkxs5	0.00452872912635849	0.3562201749331434	4543.687783323022	0.0
did:plc:i6ihrotubantfnmdgpqv4kca	0.0128818550127593	0.279164988195344	7086.73779119505	0.0
did:plc:i6jlvqztwdqpayy34wa6a7o3	0.0041463940754644	0.5557700474651344	1364.3601476418594	0.0
did:plc:i6mutxagaowcohown47ucpgc	0.00910539494942069	0.7844876905367071	1784.4004407876598	0.0
did:plc:i6mxzh373nksuy5wbitpyi5r	0.00418330481104779	0.9441908011718667	1129.6750508208459	0.0
did:plc:i6oimnk5et72lv4657az2mtl	0.00687082842559918	0.852838378960436	1648.6769001050527	0.0
did:plc:i6omvljc63ugeu452wcel7md	0.00202276117116227	1.0325485628663775	1132.052944811005	0.0
did:plc:i6qqku7vyeimu7kzcqcc6vyb	0.0082296829899394	0.7518445783418406	1398.17721214503	0.0
did:plc:i6qzq5oo3b42xtfj2rgyhmuf	0.00233835646951449	1.3326457900674593	762.8009236106461	0.0
did:plc:i6y2go56qbkcg7u3oawlkamv	0.00645890521721117	0.07086773505004236	11389.65432890946	0.0
did:plc:i72677y7ijk2sslhbsojcbwb	0.00265293734142218	0.603187796010119	2081.4369084601803	0.0
did:plc:i72wxbeuvarbl7pai6js25jg	0.00673623764707827	0.5081428618443655	2191.2771870358315	0.0
did:plc:i73akt3u34kmun4pu4hjlp4k	0.00991697418100983	0.35637426388015	4347.01311738804	0.0
did:plc:i76jn3kavyutmmpsexpqus3y	0.00571882446624	0.786431134142725	2774.12826063246	0.0
did:plc:i76yjwcsp3vixc4h2vvsmvln	0.0071261552177901	0.6071832300373259	2609.4808627809743	0.0
did:plc:i7efhjluoyw63riwkvyuqlu2	0.00559179869534889	0.9660148621030487	1676.0255360203548	0.0
did:plc:i7hfxozxtrfu7nmjgddsluza	0.00684006840206702	0.7432088496980619	1534.9951303723212	0.0
did:plc:i7lv3abpcflafgtnc3nf5vlb	0.00479041916249297	0.8056528630084527	1774.5619484147544	0.0
did:plc:i7n2tdwviflxtb4j4xevf4dw	0.00389061805277686	1.1912353434649827	993.0411946634667	0.0
did:plc:i7shzfdxlxy7xyuxgbu3q3qs	0.00875218804766859	1.076359825537231	1543.5161423735738	0.0
did:plc:i7w2prxwzpgks4y62nzrj34j	0.00317841079471851	1.6700680035585023	475.2107555143643	0.0
did:plc:i7y5u2srrzx6xfbcunbhlb3n	0.00628465804245279	0.6286295350451	3725.41472323313	0.0
did:plc:ia2t5d3ftizmicbuwpi3cnzp	0.0128454651874017	0.36721567805832744	8052.5546557297785	0.0
did:plc:iartakf3kxhi7wnnx7ycaid7	0.00600732600937552	0.5879234283175965	3635.5360415367663	0.0
did:plc:iausulfwokn6dkeong3po5po	0.00376825247325683	0.8203035629193218	1223.433749909675	0.0
did:plc:iaymdppmsqqrucsy3izd543c	0.00472319859487695	0.671297782164757	2616.167039417	0.0
did:plc:iazdcnk4adwhjrijvcnxf2d3	0.00385445575116611	0.11190712983555094	11044.042573652585	0.0
did:plc:ib6skwgcz6guufdbxy4szbgq	0.00236563909248252	0.9659682533197598	5313.3536739083565	0.0
did:plc:ib7dxubyif2ryyuc5mmwzzic	0.00876270592686153	0.8373593020350252	2150.167711308655	0.0
did:plc:ibekjilpy3owwxd52veohup7	0.00225935880962055	1.6430864885471348	356.1870867708013	0.0
did:plc:ibgtfvic56rzivplphuxy3to	0.0042892156865035	-0.27757281297436	23321.7225549704	0.0
did:plc:ibizd34wyaou4ignwme6aped	0.00768136558097199	0.336225690967176	5928.46978980595	0.0
did:plc:ibl4s4jqnkwj4ktw6vnn3c6v	0.00508317929827822	0.13390653772828107	8756.70610789748	0.0
did:plc:ibnlktpphi5tsxmnuj3shdsu	0.00943970767618351	1.237541647353479	1637.5718876795231	0.0
did:plc:ibqocdaffs6k5ftxguhimsov	0.00316174291080311	1.1527331915753507	354.4822803700962	0.0
did:plc:ic4adsyc5i4hhphapgze6y6n	0.00655324511814666	0.9101138165521063	1865.5544987046076	0.0
did:plc:icaecb72cdffyoeo44fzhz7x	0.00447794611558242	1.055015781653175	766.0653139424596	0.0
did:plc:iceymnyetgds3xblq22wcupf	0.00668201054421217	0.6724921325532092	1565.8475572532818	0.0
did:plc:icge76nkdzesuiudubpn4j4u	0.0112800392425654	0.392430478015239	2557.39423939622	0.0
did:plc:icgmvzwjuuc35dy7h6pzzokj	0.0210355987348777	0.21764587063673208	5219.244648439319	0.0
did:plc:icllsd2gwakiflckd46uj52s	0.00424235831634692	1.0122746997621694	1503.4235814346978	0.0
did:plc:icytqrphu7kq2nqa2hqsdt5f	0.00583819850098403	0.5471047510957682	2367.5432828599232	0.0
did:plc:id5wv7wdwrr42wykqq2jcqwn	0.0077845051325656	0.8110432756928541	826.3580808478663	0.0
did:plc:iddgibddbpqowf53iac2o7gk	0.00558541469120584	1.011512311119719	1265.543085999053	0.0
did:plc:iddtcrvnur4ogmpvy4kb4bgz	0.00512536362390345	0.704104787621441	6553.51906278425	0.0
did:plc:ide3mdwolg2x5yl4ilvoeizl	0.00319353472165743	1.4504423570230744	373.16009574052674	0.0
did:plc:idjsxyqczlcz7sonbgsfib3p	0.00246087591807426	0.9858136362072077	1973.8067033632062	0.0
did:plc:ido2vgqx7czogojw5uvqhnf7	0.00331987438323254	-0.256862186880514	19740.3285263654	0.0
did:plc:idte4eyyglr4bomi2nkutdcu	0.0148514851652324	0.41536788597600766	5936.414253753723	0.0
did:plc:iduhx2qsa372hrbhfmukince	0.00343517251907432	1.005763042213451	670.5186651926512	0.0
did:plc:iduknlvtwewdgwi2pby2ydwe	0.00626869924526692	0.8284160731090624	1026.7341640066315	0.0
did:plc:ie3ccfga3ow7y3pmu3pk3d2k	0.00249837290844969	0.7876080628007309	1489.877311661185	0.0
did:plc:ie4zz3umv36hgfw6rclztnih	0.00953449243102845	-0.22881024428601	17349.8615289828	0.0
did:plc:iei5jewzewdkwnharj5dcpdb	0.00557812405519531	0.6615325088865914	1085.1022169547502	0.0
did:plc:ieik6xcd2komgzjznawtgpae	0.00534971270073083	0.655133091199912	1883.54389398602	0.0
did:plc:iel3xrktyltqerxqtsowmts2	0.00476932521545118	0.962336822306502	1418.1993894286272	0.0
did:plc:ieluhsllcmpkuopalzjxljcm	0.00252175935565302	0.8707763760792602	588.5280713991518	0.0
did:plc:iemcoyoikvppj7xchovuwxhu	0.00621210987386696	0.8561322121670583	871.0857417734344	0.0
did:plc:if3tgewaicvore6icsvadu7d	0.00526159039076512	0.9971718080785076	944.4290081376136	0.0
did:plc:if3ufrvbrjuoz3bshc3veq7s	0.00484295004921909	-0.304295114555798	17866.9560342792	0.0
did:plc:ifb7ygsvvtu2nfkiiykeb2yd	0.0217186025885894	0.18093507721942895	4454.695878245024	0.0
did:plc:ifbbyqk4lza42drb3qdb66o6	0.00594181123009317	0.588303077378646	1729.02674201997	0.0
did:plc:ifck2aqlo4is7uto2zm7yr6i	0.00425844346572603	0.420245837810238	4479.34327739493	0.0
did:plc:ifi6xqgbojwquosnkvzx3gna	0.00430374904383795	1.6758932899915067	567.2129195519069	0.0
did:plc:ifndzk6bor6kmwv6ojqnqisb	0.00857588357937567	0.6268159115188991	2645.968348070916	0.0
did:plc:ig6ergnl7ljfyu4yfdajmzyd	0.00561612157301694	-0.127607263318381	17991.4576186554	0.0
did:plc:igc3n7od6t3bizm4cybxt3yt	0.011971830992308	0.513895268775985	5917.32712630564	0.0
did:plc:igft6ak4w4dpt3dgpwifimwj	0.00444073162173242	0.7160344899519423	947.432168707038	0.0
did:plc:igga5wpluorm2z7vqhf3gmb5	0.00736512612889077	0.7845278312011199	2159.3204190765705	0.0
did:plc:igi6yrmkniva46takqlvykmq	0.00621332413025899	0.8766177794107557	1748.36100278688	0.0
did:plc:igindqq6bta2kxm4oqfuc6t6	0.00414304404735458	0.7542975356271617	1039.1562267629229	0.0
did:plc:igjla6ddcuyoyus3yz26x6iq	0.00846136718243867	0.447848814789222	3690.03004167097	0.0
did:plc:igq6b2qq5eggvgy3dolpkg7g	0.00778787317359387	0.664183678761443	3346.02453102177	0.0
did:plc:igvkdeoufdee3gpkg4o2peye	0.00412979351058172	0.7860728204352275	1237.217170290048	0.0
did:plc:igzd7dx7eahct5buf66yufk2	0.00822622109948864	0.24049776388778266	8519.71938635599	0.0
did:plc:ih553rqs4lrrxunjbktojq27	0.00626901447584904	0.5342722334668742	2145.491974299449	0.0
did:plc:ih5gpdqrkr3cnl3abrrrp3ld	0.00434502043472213	0.596592276181691	1977.97879875093	0.0
did:plc:ihdlhskuzjznqxhsddkesxor	0.013243378334438	0.503727449934472	5205.048865226286	0.0
did:plc:iheflilfrhy7ksrqkd2xnphp	0.0146938775682827	0.893595512553192	5673.17340348337	0.0
did:plc:ihltl6jndijo6ql5sktufwrk	0.0151886331011627	-0.12780609509126	19582.2165877354	0.0
did:plc:ihpzmdk7mvuq4eobhz22ffxw	0.00865493757433887	0.430764852686981	5317.14446597543	0.0
did:plc:ihvzbdqrfrqspkikug3rptsh	0.0107255520593722	0.523458185863744	5871.57970388796	0.0
did:plc:ii4cm7rsilo4kvsikx4vkors	0.00424338319931606	0.66080993956055	2682.73125787613	0.0
did:plc:ii663ac7uqkc2exuorbvrbuv	0.0113350126019937	0.2586606977759422	7798.662529148198	0.0
did:plc:iiakdlrptwyhanv3ft2ofyzo	0.00589970501518228	0.6500240495398175	2414.5020452153126	0.0
did:plc:iihqpbo242vft5tnxkqhr742	0.00938266339961353	0.7522101883363564	1454.2254473170824	0.0
did:plc:iile2wlfkczh7wkbmotsssgx	0.00397380234157599	0.7110811638596263	2671.8063748723603	0.0
did:plc:iilvxwmpivr24uloyqoz6ivw	0.00338812325443354	1.1939900386672389	669.9124860839894	0.0
did:plc:iiyw7mqkf2x3asfzqmapb654	0.0083963056441363	0.7185629834144736	3591.3481325668827	0.0
did:plc:iizjnpy2uqoo7pbaeshx2emj	0.00223649087374559	1.0133803477277066	816.6448802683393	0.0
did:plc:ij3o6bsgs32rxvzkbrmt2s4g	0.00252897787149141	1.9251292036771013	416.90892685023397	0.0
did:plc:ij6fnvnvxqqbvg7lycrjazoh	0.00463857750379988	0.281371333681375	11354.7271254198	0.0
did:plc:ijc4yb24tysgjiaiib2ldgyk	0.00516476322171534	0.5124738549876668	1725.157207660486	0.0
did:plc:ijgkhvxpubqao7yiwtbzpyrm	0.00575539568392007	0.40694741215371666	1816.6359440117888	0.0
did:plc:ijkerhts4gbemsneo7owrazh	0.0042404050021843	0.573569309410332	2213.11504971089	0.0
did:plc:ijqkqqfqwqc22rjl3dli6wnx	0.00403825717349557	1.1348856349138445	1055.4380993445843	0.0
did:plc:ijukbhzjzq3sggq466xcng6i	0.00503738685906985	0.8874581578605621	639.7816681836222	0.0
did:plc:ijzzglblfrszkaosrwxmplsv	0.0060835041003333	0.3582211705223268	2452.020134754781	0.0
did:plc:ik2ymjjlh62e5tza3sv2jn3a	0.00807876799206344	0.7568188110350873	3154.879997830483	0.0
did:plc:ika35pwclu7wz246tap7v7yz	0.00832059774369844	0.193887350185849	5039.62520153188	0.0
did:plc:ikba5wv6rncerapjek32ro2r	0.0071680376028206	0.9253439781560489	1417.1585898461622	0.0
did:plc:ikfp5yim6wepvzr7eeouqxfj	0.00397169266349052	0.6612657149310507	1427.9511261382222	0.0
did:plc:ikh4vgrd3zwxjje5naabwms5	0.00573807380973636	0.494855786084704	5092.29933150903	0.0
did:plc:ikhrpn3k4jgnxmqtzxh4s2yb	0.00465157885338553	0.7528017292613648	2083.2537022303536	0.0
did:plc:ikixb22xa76u4oyoevanmr6b	0.00484049884108796	0.6757345877958661	919.8327390095279	0.0
did:plc:ikkzzavuvkfdaqiglgwchjmk	0.00331073206917707	0.5073462267616	2194.72360064035	0.0
did:plc:ikmc7fb6ecelslfncvwtzaw7	0.00785062593284282	0.6785231017031712	1625.3436725391769	0.0
did:plc:iknetf6i4t4hcd7ikjz36dmq	0.00472720110318362	0.494485126891207	5296.30122237503	0.0
did:plc:iky4l3crktsyx7d4rkkqbowh	0.00499628654450297	0.708747319233308	1522.408570895708	0.0
did:plc:il4ihlt2ux3abinygb3mvrwy	0.00584504415096486	0.9244496645604774	2002.2469777493038	0.0
did:plc:il7345tnmrhnzaufvgk5qfcx	0.00272919683654686	0.7520596382312985	2808.0032567703583	0.0
did:plc:ilahr4yadzmzl4rcjhwb5cso	0.00436611255779745	0.7701909233087457	891.1976488553462	0.0
did:plc:ilbfprvgjl7fwjlnbaoyvvs4	0.00359798512840686	0.7864310262009282	454.29598606951595	0.0
did:plc:ilc2jutsgvjrbhlz3usr7cai	0.00249551587017065	1.2666881686062095	468.02710288817866	0.0
did:plc:ile5rplvhvby7n4g7z2qbbo3	0.00300102474029386	1.0075810639159741	1361.5892925646817	0.0
did:plc:ilk7hlhno55a5var2axy55z7	0.00603424081032951	1.0798229924524947	890.0867958316395	0.0
did:plc:illgazoz7ckpafqyx2v4g7py	0.00760578468632414	0.40673130393131485	3558.092449429736	0.0
did:plc:ilti6muqbmohe6oivgm7xunw	0.00671950379194881	0.37094990441086356	6033.234646919819	0.0
did:plc:ilusqgfrrzijbeml2og6m56f	0.00603928856055142	0.406751067651263	2931.74568870924	0.0
did:plc:ilv5v34yldlhupx5oyji67sj	0.00358109878631957	0.429253372570413	7551.05221374659	0.0
did:plc:im3653dmbcjvmsdzup6rzthn	0.0060985797847482	0.7494043560567825	1950.1091860144877	0.0
did:plc:imau5fyex2peygwbhyg5jn5c	0.00922233300380189	0.6128702498534978	3499.37870840132	0.0
did:plc:imbk7krjfwymgt2q4mj2khfd	0.00741449414124158	0.7706839716047799	3298.4669298283907	0.0
did:plc:imdp64ujcclu2l5unap7lctw	0.0048015364924879	0.5042026149039249	4488.507590507384	0.0
did:plc:imgrjfjxr2zsyb2mvityxyyp	0.0114247311901543	0.42434483794930744	6478.063543198101	0.0
did:plc:imhicn4pmr36bajviy75puqx	0.00303724928380117	0.2872401812565992	6396.364517606105	0.0
did:plc:imjkp7h5mws3qywu4ohbdhuq	0.00603182142017121	0.8240715935996206	886.5862805348096	0.0
did:plc:imkkyzdu3xzwxdj3mrlrob3p	0.00691343800179838	0.443566189042307	3485.98467188887	0.0
did:plc:imwd757kk3bw4rwtk6ome2ig	0.00485025791132565	0.470144221453819	2175.31170645762	0.0
did:plc:imwg2nrxe2woxxb2gxuz7bjb	0.00808216871944821	0.7785214456516214	1488.8771618044348	0.0
did:plc:imwhkm2ppavzcu7wmzfwkbij	0.00840978593642605	0.5978839685433242	4335.843930425308	0.0
did:plc:inihhhimv6v6qsrfszfyny5m	0.00446026679862586	0.911181701986148	731.6521781210218	0.0
did:plc:inixcrs3pf5ck2oofyyoouwk	0.00283163884485795	0.6645765167238439	2298.6225867417415	0.0
did:plc:io3q6wvxdokmt7j2pefm56d2	0.00259813611978401	3.1280831673337177	71.9459128486755	23.0
did:plc:io7odhwg4oil4bmnequuvoia	0.00393804148100136	0.6753948843195562	1958.9000866484232	0.0
did:plc:iodga37z5fx7tdcxv7qva4ju	0.0057148487559566	0.7186485333284849	2048.25899205933	0.0
did:plc:ioesqtdrefo6bzpd5ij3qjsq	0.00725453408495996	0.84641737926533	1787.9136841588122	0.0
did:plc:iohbateayghxus42enyazewi	0.00377824042115362	1.3197719936031473	524.1988223426508	0.0
did:plc:iokw5s6enlazonyetojw3b67	0.00764737122107971	0.319427682098353	4193.0087032745	0.0
did:plc:iop5gsopu4fu7kx6c5jtwapy	0.00374465835534144	0.8004450904752477	2145.8101387697775	0.0
did:plc:ioxnnxouc7oh7xofkznmmun6	0.00952380952635526	0.7972727911428035	1822.4988877886797	0.0
did:plc:ioxy4jhed2kij6dr57qr2onv	0.00284818113071648	1.554732891408213	555.2551320222341	0.0
did:plc:ip7cvxnx332exabuytdeqi7p	0.00756938604377844	1.0317293826731868	1416.0245182166955	0.0
did:plc:ipby3dzsbdvqio2va2kj7fed	0.00722543352718329	0.6534070443328608	3162.8150687854295	0.0
did:plc:ipmlc2vc2qdj6jgtrb2jlsz2	0.00538415003081976	0.7327555302514652	2499.7204142288274	0.0
did:plc:iprdhvdbkioant2ipkqyvkyo	0.00647198105794345	0.396960619586438	7965.11836537873	0.0
did:plc:iqbvdeyvwbp3vao5ihblgzds	0.00709013209137275	0.39195559899039256	3998.9649746407345	0.0
did:plc:iqekwvetwwath4wmwyac6j32	0.00347384594873206	1.130777285453326	723.5086046961684	0.0
did:plc:iqelqsuimny7bk4lw4tpeiei	0.00663521085231663	0.8776033204498187	2701.262040651962	0.0
did:plc:iqmpxeruup2ss44l6gqlu6hr	0.00997652582380959	0.582216742048361	3422.6556359592	0.0
did:plc:iqphcfff77fmkb2tcmznqzcm	0.0181451613361134	-0.480258143848394	19278.4512970541	0.0
did:plc:iqth6ll6decaaqotlpqm7l5z	0.00753904146988068	0.6834500736429714	2483.7976805450817	0.0
did:plc:iqv5aimcv7qfsn5d7frt3w6a	0.00494571773294805	0.420835712144244	3199.74055996382	0.0
did:plc:iqxvfvzdyi336jvmxoumpp3f	0.0111620795185954	0.2728963040103542	5128.493544694338	0.0
did:plc:ir3rnn4gmwk3i6julogyhsi2	0.00278572504144452	-0.337091102200763	23462.6737704738	0.0
did:plc:ir5wi7szideu2ji6an5ka4vs	0.00693533270985491	0.293518745745014	6545.11499331634	0.0
did:plc:ir5ztj2ouibziire57p2p2bt	0.0070791448405499	0.634638624376572	2318.696697603004	0.0
did:plc:ircojvmjd7xljfzl67tfxzoz	0.00393567211809706	0.9754070541910053	887.1088106200826	0.0
did:plc:irdgvvfdzks6iuzea7vfuzno	0.0078864353357274	0.2141886135093926	7292.817184729245	0.0
did:plc:irfliv4ubdbu5ul4b4nc3aec	0.00356884407322155	1.1001594982626395	621.731834524344	0.0
did:plc:irqadwjjuosfet7nr3xnt53i	0.00471698113224663	-0.360390920053038	22493.4548584229	0.0
did:plc:irtoxengi7u6empf2vpy4w73	0.00346234697707263	-0.163163732260651	12716.8543157237	0.0
did:plc:irwosxo2wwd47qguntxz6432	0.0115176151833332	0.668320612399868	6539.00869765736	0.0
did:plc:is5v4nlquet5cpqwgs5exjux	0.00380589914400352	0.6935624448972215	929.688899743765	0.0
did:plc:isdubedrykoyzsnvisnnozy7	0.00289116816977119	-0.0491646193402506	15137.2222081794	0.0
did:plc:isi3ejdhmke2dmgkgoticnne	0.0126920507735654	-0.621498896029839	23522.7513649862	0.0
did:plc:isliyiq3gjuxpwysdpdgj5t3	0.00329699149536387	1.3890696514374254	426.14479220299773	0.0
did:plc:ismyc4dhcnp3d3il5673s7es	0.00555758387343275	0.7812864998371675	935.6945720619071	0.0
did:plc:iszsveukhgzoaig6zbeipe3i	0.00473878872021505	0.9740127306562195	2741.018483335018	0.0
did:plc:it6aljupram2ijn4o2d7qevq	0.00591100651520602	0.6075355261780018	1848.4009299074278	0.0
did:plc:itcajl3dcdex6mb2fahdliwe	0.00557862372868213	0.5987672720327721	1179.5937590071946	0.0
did:plc:itde7tmta57jq4fcmu3n6vb3	0.00684175678796331	0.5592157061794627	4732.351804427858	0.0
did:plc:iteqmon4awn3gy3kvlpkd2qu	0.00572578149416922	0.7895448472987648	2084.412279750233	0.0
did:plc:itevruh77gyerwbajmyn4wwe	0.00938763720658701	-0.138016648694756	9705.4799193238	0.0
did:plc:itg2ta7w52wbyvp6qitnjhvb	0.00976333672976753	0.511724344726216	1775.41324744245	0.0
did:plc:itg7osmgvvytvo7ofgsu4a6j	0.00929211015648406	0.52841381313365	3384.10325267282	0.0
did:plc:itliunb7o3ppybacjhby4kwr	0.00627437680355986	1.0331365779378103	1786.1344857561244	0.0
did:plc:itmn4fk3nagdrt622u7f53fh	0.00606645526188196	0.69346239446917	1117.725544926016	0.0
did:plc:itq6iizoodd436si4kusy47k	0.00517821696793473	0.5950103064571797	3232.2492532809565	0.0
did:plc:itxocqmgbyvhij2dntl6cqdr	0.00556474658101857	0.5914944564924084	5264.952055347067	0.0
did:plc:itxp2g4nfzjjo4e2uvabapzd	0.00318334644824472	0.7145504388127301	2647.0345533996447	0.0
did:plc:itzqgmwg37oy24bqoz6oiqu7	0.00872554204456255	0.3983303273987477	7792.751292477015	0.0
did:plc:iubjl4nrvklzgk65vzivnopb	0.00848017621506608	0.541997365102358	2360.2118607354587	0.0
did:plc:iubjszsb2xp5yrgo65mn4hau	0.0113259668885956	-0.337829071460337	21232.6213651991	0.0
did:plc:iudqcu3ocuvdnwbrbyefeyzj	0.00429226898241804	0.651450199854507	2128.67671877376	0.0
did:plc:iuhcfmi7azv7vd7t67mxrdi6	0.00595637584102934	0.6575343343805232	2147.2900033301485	0.0
did:plc:iuhhxvswn7mk2zvgokarrofi	0.0119873817353079	0.251577735339442	7239.38133752132	0.0
did:plc:iuhlrwmr6mm3vyze72miqrdg	0.00462265099076056	1.755250913352342	592.5390842612238	0.0
did:plc:iurilm3cuyl72k2bwe27wswx	0.00389209502111132	0.507498222525267	2265.31311003514	0.0
did:plc:iuwjrn6oqkldcrw4unyyaqx2	0.0043081275720255	0.8936626971128517	1424.5573437737314	0.0
did:plc:iuy7wrhz3g3j7yflmmoe5dix	0.00629576404749054	0.6889362928538934	1534.4019641383143	0.0
did:plc:iv2opzzcinjgibxaobzdsbs4	0.00204045939495469	2.2650388361477396	423.1213846066082	0.0
did:plc:iv5vkiembaoovas4bbfal36g	0.0162271805401937	0.259979054780746	9597.65185155681	0.0
did:plc:iv7zfdiqr57xmiq7skr67634	0.00305448436498935	0.6478805479126035	1881.650197242207	0.0
did:plc:ivf2g6fn6iee3i4ndes2rjaj	0.00349718282537646	-0.510099685984779	26047.9872129074	0.0
did:plc:ivi7qxb245pr36bedlkzs3dx	0.011710239658248	-0.405481628235111	20466.1753210186	0.0
did:plc:ivk2st5qivhawk3nofrymjde	0.00455005055707276	0.650294844577267	2190.06419420182	0.0
did:plc:ivm4ozwyfbcbf2ibvbw7wmzi	0.00363846853589662	0.7141724618982135	701.0096000446216	0.0
did:plc:ivn4vk5o3ybdkoie3zeqr65u	0.00653594771400547	0.710082368832116	5400.77987126369	0.0
did:plc:ivn4xhafftaoizrtonzx6xio	0.00321543408362363	0.7366537798827386	948.9748149824017	0.0
did:plc:ivnbdaq65guz2grjx6ec6luq	0.00313102881191177	0.6725222268936007	640.4021028861868	0.0
did:plc:ivzophxqgati3bg3wuyvqlld	0.00599201065452883	-0.185594621878037	20630.0771537707	0.0
did:plc:iwb2fxm5a66qp3bx7zxim7d4	0.0044420244178336	0.5961180587891765	631.8651575279049	0.0
did:plc:iwcmupxb6jorbm7n64mzzc2r	0.00753261069779867	0.3899319699611663	2712.603395058879	0.0
did:plc:iwhukrylmhhnf55f6ltg2nhj	0.0046917857667137	0.8490551134692238	1019.4534713726189	0.0
did:plc:iwl3yxbegpmgysqrk2hwncgl	0.00290534612468076	0.7965067510359218	579.704272582341	0.0
did:plc:iwxxcb3647xuxw5hqtap5yso	0.00307783955533064	1.4776439473513636	406.29407924409804	0.0
did:plc:ixbzf5j4mkj7i6piqhlj6tjm	0.00423959934570267	0.6561475036745137	880.2361555327177	0.0
did:plc:ixmkp6x5ft23bgm53bdxnn2i	0.00687070580914234	0.7248887622314444	3489.537389637168	0.0
did:plc:ixmxruwqvrndsa3crt2wah64	0.00577986262585931	0.4936280597868937	3568.7496381286055	0.0
did:plc:ixowxhtrwe4zq7o77hj2gg35	0.00241994484782368	1.7007666858628452	368.59687367664867	0.0
did:plc:ixrx47fe63hj3imcnausupyl	0.00574382539005668	0.8200704615482233	2553.206860639866	0.0
did:plc:ixsyqegqoji2xdqdklu5kzym	0.0162802170822463	-0.260952112969887	23269.3482568512	0.0
did:plc:ixvx7ne5zytmgkcz552qfqx2	0.00263622851074005	1.7354372423038984	306.6657125744058	0.0
did:plc:ixynenrciuz6jsxyiq46q7f7	0.00563615489038372	0.6852133062379993	2542.9835042114833	0.0
did:plc:ixzqju7diim2tzt7wqpmcfsa	0.013856812953616	0.8298871651175111	3501.976956980122	0.0
did:plc:ixzqwwpi2onygaxqscazlmcv	0.00620725329227477	0.5318896433452145	2234.536655728553	0.0
did:plc:ixzvzf764iwweg3wyfafq4ax	0.00425491679297297	1.9013497527036511	272.09571346411644	0.0
did:plc:iy2uiow2bkglyzgjqj2hod63	0.00502130249897066	0.397873969257746	4970.0362008277	0.0
did:plc:iy5dxzp2f3or4jxc5yjqvaho	0.011599297047454	0.2275956743429906	8896.448614525063	0.0
did:plc:iy6a6cfdfkydmteguia7jalg	0.00642190718694006	1.122564551304169	2180.551947222096	0.0
did:plc:iybncnx6afgtn46blc3xegy2	0.00287597363706694	0.941037316606477	501.1030884320937	0.0
did:plc:iyec5mg7xg64zpiawpjcriqb	0.00638066793409108	0.6013092389317283	3429.3701228400414	0.0
did:plc:iyl3c7alwyylttw4ke7dhojj	0.00788412175000899	0.2710410162514716	5493.805591982917	0.0
did:plc:iymj2izjac7alnnl7or52vt7	0.00357764455657929	1.1238630058019954	293.49321830917154	0.0
did:plc:iyngz7wn4242vytetlzuo3mu	0.00834175935667793	1.1246331134583873	1272.678143625015	0.0
did:plc:iypcyur5rzx4u6q3xvtuugiz	0.00261378487435553	1.7420349461645126	501.16445232499643	0.0
did:plc:iyvvgm6kd5xo5kaltlrvocnd	0.00979083222120721	0.5092235451468302	4411.61199528775	0.0
did:plc:izettxijwpv2hzc5eueqitsm	0.0117050331711016	0.7562458251773195	2867.5820568631093	0.0
did:plc:izfrye2i7dvvepi42nz6zahd	0.00753325854018623	0.377542278431596	3146.1343558428	0.0
did:plc:izmoampwwevl5i3abnlfzycl	0.00539279988342168	1.455568112972642	498.3938076545058	0.0
did:plc:iznjfj7zwstoaemehcvzvd3n	0.00484554815342306	0.5102781596319806	2366.339016871598	0.0
did:plc:izqsf377ggxnaszitgvemb3e	0.00568412505123596	0.466790048011263	5221.68895332146	0.0
did:plc:iztvuuc5lqyf6vk2zdlbntzt	0.006892307692578	0.687530840137	3109.46073194354	0.0
did:plc:izuhpds2cpdubpdwddphqjir	0.00537737660898567	0.8337119926996576	2240.7867596833016	0.0
did:plc:izwvu3mbq6xwow7fa7ru5yji	0.0174860618450041	0.2545206362316	4582.65296295362	0.0
did:plc:izxrgd74aaftvtqk7tg4cs3t	0.0035454008276722	1.3876241460727803	612.301685519693	0.0
did:plc:izypxxcyf3e3axuvcvtfam22	0.00517177687541536	0.8559494548226831	1023.8039942373331	0.0
did:plc:j22jo3rt2jtdh2nbaemoprcf	0.00481584852047707	1.1377883188761106	539.1374314248148	0.0
did:plc:j2btvoz7xmwqhumz2jtno7pn	0.0100777425878079	-0.160291202700896	18344.1281176286	0.0
did:plc:j2grjun7nwvhecglwxx6wt3g	0.00355113636365276	1.5650292547785853	403.0900265262191	0.0
did:plc:j2mf3yf2wq52nwgwyw2ozxr2	0.00410884564721066	0.7127558332433964	1156.705430938715	0.0
did:plc:j2y6uom2kmta4oy2rbqkjxdh	0.00401048897143684	1.3198418985029325	960.4573570665387	0.0
did:plc:j34cb5ckkfpzaxclc2yon5rx	0.00618698441983945	0.5247723408181904	1966.875773606958	0.0
did:plc:j34o52wfqnrpxstgrslhvfk5	0.00858466057052075	0.8888328914840355	1709.4000807305995	0.0
did:plc:j3a762gtes2jdm4f2kd27gfr	0.00920660710859987	0.758876951945783	2540.5817915100815	0.0
did:plc:j3cynyhqc4fiyl6khk3to5b7	0.00423080385297085	0.7730827432363134	2018.1464809681515	0.0
did:plc:j3qupqfv2us76eqbyt2o5gx2	0.00576740983274036	0.689740395460537	2600.3393593908663	0.0
did:plc:j3ufbtivp5etmagde64tg725	0.00391504355486003	1.432524819089278	787.8252371639056	0.0
did:plc:j46kzv6oo4cqclrwdqpkrg6s	0.006012884755086	0.7150669705331906	1418.2071916432835	0.0
did:plc:j4akwoxt34uwiwjzfgtv5jlx	0.0041682455478059	0.8906833055952179	1337.8415144134547	0.0
did:plc:j4l3tr6wa7wyhp2ogacwnuuo	0.0063318463105687	0.493119671828281	1475.91729742384	0.0
did:plc:j4l7csuiwkigczfevuyz4p4g	0.0024430641822053	1.2235860567998949	521.8230407304648	0.0
did:plc:j4llwnrwkbds5iwg7gzngk4k	0.00636942675166101	0.5790329457145829	1294.5652056478662	0.0
did:plc:j4tcsajt3vjddw7sqorauav4	0.00245130810719729	0.7243161912052938	676.765304082432	0.0
did:plc:j53nweigw3ndqwnhns2373qf	0.00260890188952068	-0.654285021678764	32851.9712836955	0.0
did:plc:j5gp4ui54epq344c4wm6uqvo	0.0025003472705038	1.1654697347001086	687.5080163962848	0.0
did:plc:j5pfcdj7qxah27fcnnfkpohd	0.00264776221407712	-0.832880987524638	44644.9834503128	0.0
did:plc:j5tvmw662zrv6bfi2h3lrujh	0.00369134453534809	0.7714339085245296	1514.9481893099328	0.0
did:plc:j62n6mctpdb632jcvmls3vbx	0.00707762557202356	0.369842565299578	6666.32081074844	0.0
did:plc:j62tfw7wdhfk5lrhna52gzhn	0.0086712573356907	-0.47658202519209	27238.326068616	0.0
did:plc:j64laox6atslbxynq7r3ox36	0.00915287244688123	0.584962763722658	3672.51478237518	0.0
did:plc:j6dcm5qfhar6oc6n427labdu	0.00534681022544297	0.3739968081926906	3725.5099667180457	0.0
did:plc:j6nyptv22eigr2v27xga2kr3	0.00492153403362387	1.0411954147028675	1927.6224950748945	0.0
did:plc:j6ozsjzo7ks6q6oasb6b2bee	0.00282149351073343	2.0028583747888837	346.53104872405123	0.0
did:plc:j6vztxolpbocf223gqiwmwc7	0.0113041658020289	0.48674456612986616	2418.9160526696687	0.0
did:plc:j6yhpokdrklazgj4mdkdv5ua	0.00577594414517777	0.519376022151371	2852.76564000978	0.0
did:plc:j6yrrom2fxs6adl4eatafkrw	0.00883790899153055	0.5310135269309897	4198.660948833478	0.0
did:plc:j72uc4oprfnbdyjluybjjwfo	0.00371300073249807	0.60061349608919	3324.47032715037	0.0
did:plc:j7axb5ioeqhbaa3byaupxq23	0.00693000693133635	0.261466496986007	6230.83331405711	0.0
did:plc:j7el6dc5dgg3asdmogmblzgn	0.00388821385207154	1.4702709436160755	312.5439461890543	0.0
did:plc:j7itjdnxbprz7t5gy6pxfqky	0.0101394169940633	0.485496286148625	2541.68110041895	0.0
did:plc:j7jvr4zqw2uncieqfd7bj77o	0.0216736906821378	0.6832416390595971	4757.487941673306	0.0
did:plc:j7l7olcf4wkozvc4t3rlblgd	0.00738708315766959	0.403604744025704	2306.75399733217	0.0
did:plc:j7pbxrsmmeggpnush6vlp2yo	0.0071844419670602	0.6712611109227634	2564.941977382419	0.0
did:plc:j7qynjtrq2p27itdcpvqt5js	0.0140603566726567	0.37267357961414466	5794.286881232365	0.0
did:plc:j7uogfoni6ug7g436jkuyhrc	0.00438778535535189	0.5875799458923776	3707.344963881846	0.0
did:plc:j7urceld5guufyse5fljd4qq	0.0162079510831924	0.33070066798328035	6337.993172128727	0.0
did:plc:ja2l6misgzqek3q2bnt73axd	0.00256410256414828	1.030317867698278	731.4682887488077	0.0
did:plc:ja4b7fkmmim2ct3vdnvv4qx3	0.00702811245107327	0.457539625151881	4928.60509025273	0.0
did:plc:ja4ukekt3ghdtaf5ff6dzfrp	0.00857076673965775	0.3112175196017163	4813.830499259202	0.0
did:plc:jahkj5psscpviekl36j3yrft	0.00341921502574402	0.9955205217065892	518.4666772912307	0.0
did:plc:jahrb6frow7ld7fb3xftgbap	0.00388305895220596	0.43241985857867093	2617.583271146841	0.0
did:plc:jamymhnjtcpp2urhmd6rzu6a	0.00423728813678176	0.7666347510929843	925.5237338211955	0.0
did:plc:jaqgfsb7nynze5azista7be2	0.00381011624907278	0.687555224988062	1953.73756068234	0.0
did:plc:jaqzzve5zomhu3kiwhhk77pn	0.00367372539686256	0.7726113948815796	1426.6510994182565	0.0
did:plc:jas7pte6o33orx4ds35jvqvt	0.00631621842066833	-0.562764280370167	29446.4479270397	0.0
did:plc:jauncocld5nopf7c55vmt3j4	0.00380937572916454	0.557387122355326	2556.49220146536	0.0
did:plc:jb4o7ihiiq57zd73etrqmnf4	0.0131578947608995	0.33564519990092323	5524.496101001868	0.0
did:plc:jb7dzwqfk4ksewve54ftlk3c	0.00554388912274064	0.746666755982128	2371.30429475115	0.0
did:plc:jbbecdhitlhn5krvwg7jzwy7	0.00244308324191866	1.1006154327124902	514.4638761366531	0.0
did:plc:jbdrhadsthrumwfpejlllonb	0.00580827801867006	0.590455642135965	2100.04139666995	0.0
did:plc:jbfjei3jni4js7ruuthirrya	0.0044551761675271	0.7861792997669519	1186.5056910864996	0.0
did:plc:jbhj5ol5wizphulra3kmq6kp	0.00398247710104432	0.850875453084871	1061.063587617829	0.0
did:plc:jbirfe7p6rieftcr3wuxtlpc	0.00544312631120926	0.7755351435903067	2368.4098111195926	0.0
did:plc:jbnpm3x2r7mm4egktmwqwiib	0.00975456262036731	-0.295287786662101	27472.1835290852	0.0
did:plc:jbofez5apvhan7qpxory4v2r	0.00899769826625633	-0.236418339526389	14981.5618430016	0.0
did:plc:jbp45wyyawv7qzgqb5idtcul	0.00867760801534118	0.4918713036700492	3682.087493249559	0.0
did:plc:jbplpkzmjym56khuuqvs3rks	0.00848153215135342	-0.286129742144056	24917.1111545491	0.0
did:plc:jbzbvsknm3zltdgq3cqjs32p	0.00390680293323838	0.7579653437669474	957.2532239897862	0.0
did:plc:jc3y7huqsnrsst54fult3nkp	0.00338155728111711	0.7030453511625832	1923.121259061433	0.0
did:plc:jcafp4uwpvr2qfnf4b7lymgp	0.005293079788879	1.103392923970124	1191.644170976099	0.0
did:plc:jcdlhkfmbft2crle3g3amu77	0.00454161385739539	1.78638457417242	389.554976802417	0.0
did:plc:jcf23ciks7v2yt5hfy2hf64m	0.00276774149585025	0.7742174838901895	647.796733141376	0.0
did:plc:jcgsmdp3ljkdlwma6nxxj5xh	0.00359963654194614	0.9115239061283232	913.8446603871453	0.0
did:plc:jctkc2c7phkmisjjqrk522lf	0.0080686695320944	0.5641755658134656	2010.8870366440847	0.0
did:plc:jctuhjfkmzn6mjxtjurndopu	0.00490469982071369	0.6142184847855888	1005.0953787167803	0.0
did:plc:jcu4b2ljm5o3bur2hx3saz2i	0.00688112850643303	-0.202884821852354	16422.9643416323	0.0
did:plc:jd3lgn4tohmwnk6433tacbk3	0.00848821894111117	0.6206935538665925	3318.689527481694	0.0
did:plc:jd47aa542kmpp24xtvceouto	0.0076554428380558	0.6020281786103372	1572.5624601766415	0.0
did:plc:jd4fwyvnlhle6lotfco4t6wq	0.00474153960664372	1.2407219551579298	704.6680839391865	0.0
did:plc:jd77z4oerlmtynezch63jdw4	0.00878576256238143	0.552999371528825	3492.77023922843	0.0
did:plc:jdcqlm5z76kiezuh4vir26am	0.00327161043364983	0.7286053838922354	1033.033496568244	0.0
did:plc:jdcr5cy4hctn3oeemjkr4jmx	0.00604524181168315	0.590551668739382	4315.81890411064	0.0
did:plc:jddwmj6bmhssfqkizpu32jkk	0.00518056911243809	0.600705454647622	2589.19296956006	0.0
did:plc:jddxsafjzr5vat24bvqmdwvv	0.00517879161593335	0.736046383259496	2599.51605348451	0.0
did:plc:jdg6biuhuehykzfkws3pgfz5	0.00328719723193816	1.2075289555319264	330.9399905441237	0.0
did:plc:jdiq5ckqganfbvv6uwmz364o	0.0114434330372314	0.941355609090775	1886.4903774319885	0.0
did:plc:jdnumsskcbf4hlg3bqvk3fqm	0.00432480497981179	0.9665383723951176	850.7926657058088	0.0
did:plc:jdomeo3t6p4a5xniw4465jer	0.00485186332276308	0.901186403817714	1089.2746213151404	0.0
did:plc:jdrug6a25ri2rdfqamatnd2r	0.00272180307516148	1.3700619413524804	579.1013346962557	0.0
did:plc:jduf2x7dzxph3qa3li7e7ebm	0.00480192076911769	0.8625011752324261	1058.6467792687076	0.0
did:plc:jdvt4ekzm4mio5h7dbsdc63w	0.00604480265698335	0.8188655318835967	1332.589057062628	0.0
did:plc:jdwghlz7xad26vgx3p7wvnmv	0.00454464444936387	1.088594054555124	646.6867301157929	0.0
did:plc:je2hxks3wv2eptk4pfr3umhs	0.00664338642515435	0.5691356201845005	2357.2621522888444	0.0
did:plc:jecdvqsvsblh2ublfcsent4q	0.00538827258377166	0.6890416594613522	1728.6645868522928	0.0
did:plc:jeecf2cgis5o6kz7b262xio2	0.00297511253700805	0.8892677159236407	1595.6703112848106	0.0
did:plc:jegjnf45v2lggoljeyqu53bz	0.00519264721167612	0.9812419591471283	2128.805481701139	0.0
did:plc:jeieomdc3inf62oxorqdvm4z	0.00534340267941097	0.6666759331878319	1312.2789620331773	0.0
did:plc:jekasefze4w2oprkp67o2zyq	0.00625883303229638	0.04873869896914995	14113.691694677269	0.0
did:plc:jeqnh4x6dumw4jmdoindfphp	0.00933125973359897	0.279768182458232	11936.5926655977	0.0
did:plc:jet34vqnklnvf77xper2tppg	0.00643611911789731	0.705711092918195	2573.21555702941	0.0
did:plc:jexyewwbljbwmono2a66nalo	0.00633691252411752	1.803286159068323	519.0699560742148	0.0
did:plc:jey4l53nlpuiy2g5afrxxlbo	0.0034638679171441	0.7758788003219265	732.1947203963733	0.0
did:plc:jeya4thircvdfpmvk37r4k6t	0.00355946398700664	0.5037696917793243	2264.505712482007	0.0
did:plc:jez4f3lshti5yf2cqhga25zx	0.00588328828330925	0.6587034449352749	2375.3066597111047	0.0
did:plc:jfbzihvo3gv5pimjz4vbedqc	0.0111835974297263	-0.149424960996427	16043.5217554365	0.0
did:plc:jfd4pjbwn2w63ft3gj3ubq5j	0.00512820512886825	0.8204621475253112	2770.968010419648	0.0
did:plc:jfo3st2y4ifixrfvaziqdwma	0.0109766395011128	-0.355925874334398	20165.007791243	0.0
did:plc:jfol4wohoqvk3nmqk7hibe2o	0.0108695652259401	1.0653877771600464	1430.3881388479842	0.0
did:plc:jfzfcnm7wtf6l2pggvvwpofe	0.00392191040643717	1.646966403804859	705.7192299159994	0.0
did:plc:jg7pov3uc3plhoc3bjaz7oxu	0.00525344313810834	-0.394467584104207	22109.1473576564	0.0
did:plc:jgciqemb4cyyf4cbptyinxxz	0.00218851032089225	1.77679978869439	174.35490190843603	0.0
did:plc:jgeiqsvopk3s6elikkg7grzz	0.00954793452895423	0.558748836448044	5868.59776709704	0.0
did:plc:jger236q4valixmplwg3bexd	0.00453055716310422	0.390919951245387	1289.33703931632	0.0
did:plc:jgi6hguyzrfbsxmfdeyxenxn	0.00707236842230274	0.253534657294124	7966.66535446621	0.0
did:plc:jgiqnnnyimjf5viaezjr6h43	0.00553505535107913	0.7085778312093763	1865.0388720013761	0.0
did:plc:jgmzbhbeoewiyb3m5gzc4mwp	0.00743657043406659	0.434306456492481	6164.03202748572	0.0
did:plc:jgscgawee3m2vdxigntl332s	0.0115128912310221	0.9448652432795809	1761.6616811217305	0.0
did:plc:jgt3ftbbskw6tjpk2a4auyva	0.00574291300332712	0.6430376906330882	1891.1080166420463	0.0
did:plc:jh3auahjetgz32ri7fcwhnyw	0.0068041675540312	-0.652727620795772	31483.9541488963	0.0
did:plc:jh46ay4rybzsbzy3mm47tbx3	0.00318415000896002	0.8623822093264064	457.25753859943575	0.0
did:plc:jhdrtcd63rmaokdcu7l5gbyd	0.00370924708827386	1.3614699336058544	591.4776923084161	0.0
did:plc:jhnhmrz4fe4adnustt3ojner	0.00546110252501949	0.8711190762883196	1382.863755436118	0.0
did:plc:jhrbdowtokmputu3w4gulf3q	0.00795412504712142	0.8056294206962784	3281.1410102870695	0.0
did:plc:jhtwcchucrq3yuhfcwhhu2bc	0.00341766986375495	0.8774331170656868	806.8016806626877	0.0
did:plc:jhzjfbyk2p7bt4zww24guscb	0.00627657420709906	0.6967668315889083	2410.7406282825405	0.0
did:plc:jicazc4lxvrykfekp7clrxhz	0.00281690140862008	2.630085362753643	198.7500050481127	0.0
did:plc:jihjctxip2vxsb5fuopk2dda	0.00581167046484375	0.593336021705843	2636.59505202737	0.0
did:plc:jihjhwotoytfuvuzxdids7dx	0.00420534793327511	0.8208035808855694	1466.7720683726116	0.0
did:plc:jihugokfzcmepbgirhjomh7q	0.00519062108529994	0.504201366202335	4905.63614131272	0.0
did:plc:jiiojj6hvkkbkwzxyoc22ssi	0.0134228188146041	-0.665445890886218	19216.8981778832	0.0
did:plc:jijymd5gvy4huxx645iuq6ii	0.00744514107118223	0.583658507591002	3925.71168784798	0.0
did:plc:jiqvk3dyj4j32hdkjwugofy5	0.00270460180060905	0.6948339625972226	762.9576994736858	0.0
did:plc:jir6o4a4rfcpxc4lqcabn363	0.00663507109156384	0.8362238965192799	1442.400045804386	0.0
did:plc:jirufupixwv46qe5xwk45kmu	0.0114347357139196	0.0766287815340556	10327.757028460568	0.0
did:plc:jj5hobdtirmme7jnndxm3uqc	0.00482805353289937	0.9163576939975072	908.2777328782049	0.0
did:plc:jj5iunxncqk25fswgr2qnnlq	0.00390320062481814	0.7456397798506601	4402.4445033440525	0.0
did:plc:jj5jvkds2j5say6sdin33s6j	0.00379946251672166	0.5120953250148067	706.8982774711868	0.0
did:plc:jj5rig4zoeycn25ej5jvh4x3	0.0034202650706351	0.8491625409452124	605.1742330102336	0.0
did:plc:jjasx7knr55b6tazqoo356wl	0.0067555555569916	0.7843860070033859	2187.75398632388	0.0
did:plc:jjfapsiurdnoelh5pzbjtde3	0.0171031534486001	-0.0174253144719521	14083.3470732044	0.0
did:plc:jjggvtixlgu36kxuh6ivngvc	0.00364287847156421	1.5687760962074002	406.18749710224654	0.0
did:plc:jjjc67xxgb6igftse4ii5lfo	0.00266552020656476	4.180012857112242	75.24023142802037	18.0
did:plc:jjvnfqstsmryz77juzkfdqlc	0.00787711697970028	0.7456264185071796	2752.25120220236	0.0
did:plc:jjyhgp2xad7wmwbxiabrsopx	0.00750968992769434	0.9013695816149776	2102.8984565042274	0.0
did:plc:jjytb7uo6odoyaqet6dxlwwm	0.00672931894796658	0.30659890057199907	4986.259318203725	0.0
did:plc:jjzkdschtnahvaxbrjpvs7mn	0.00710020978510199	-0.186044250822351	13056.9893519193	0.0
did:plc:jk244psvwxkkq7tajq463i6v	0.00493726502769558	0.8411864394725471	1293.8563695501539	0.0
did:plc:jk2a3bicyi5dq3xoe2llpveg	0.00521014241119108	0.8767596640279602	1833.1919928886605	0.0
did:plc:jkl45wkasao52f7qpond4muz	0.00809476801995136	0.478054895848913	4374.06141373959	0.0
did:plc:jknayw4yszeouxedsxoixptd	0.00340408490234976	1.1602731765215588	1414.79711605892	0.0
did:plc:jkobrlwulbrpyi6pjdtxzr5a	0.0061833171696759	-0.0843482214804813	12149.0026620587	0.0
did:plc:jkt3v7yocmnrppge5stgsxgp	0.00376047220140959	0.8962044740261643	955.4773199901654	0.0
did:plc:jl2iobq2j4gjrloeh5g3sana	0.00427553444296143	2.225165956480771	313.7114233895504	0.0
did:plc:jl2jmowogmddur3dcrg7nocf	0.00243868450395563	-0.641399460738369	32372.9860024203	0.0
did:plc:jl6dseekztlyuzppil4coju6	0.00965250965495447	0.0698372037864914	11779.0046924146	0.0
did:plc:jl6l7arx3akwq7l4eqapqryl	0.00348539662974705	0.21256138843848	5856.62521292643	0.0
did:plc:jlauwndsxtpgabwhbqvsuxtj	0.0114247311901543	0.40880690610993	4985.84788851571	0.0
did:plc:jlaxq3nhsz5bhdlyrg6ujrvc	0.0143884892123105	0.539304353804606	4639.248836723166	0.0
did:plc:jlcljvwsreazb2qxww42j55f	0.00638335082367064	0.7097468697525494	1661.4675190629728	0.0
did:plc:jlenf65p6egvl37u4vceg4eo	0.00770821583486176	0.403395648078675	2370.28269351219	0.0
did:plc:jlg7cgoeuepaoegcokao33eb	0.00281400599875336	0.8100364334132902	563.1862765187257	0.0
did:plc:jlqlkpazwa65jgtulpvmvszu	0.00308378404035884	1.1740044269076728	841.8949910095561	0.0
did:plc:jlvzvgqglgncjgixczsvodmr	0.00216909511018398	1.8072313834839686	294.99810152523986	0.0
did:plc:jm677mwrqixfv7gfobpwzhon	0.00939401958455318	0.6632497738388431	2425.1393383846535	0.0
did:plc:jmadk6ikpllvapznsaaf4xlq	0.0036279683381145	0.641860841887828	3313.3640929115	0.0
did:plc:jmaixcxs2gb7z3ahzapyq5w4	0.0060069079461857	1.38476298232618	644.8851947295938	0.0
did:plc:jmatqun3dvnc6wnbfv76bizp	0.00329534532483227	0.8538384328346651	1133.2195956587673	0.0
did:plc:jmazf7qkc6k7ogr4eitxrpf3	0.00622665006410481	0.6656451024476615	3533.4364543366714	0.0
did:plc:jmc6jcs4bpf7evek2m7yrm4o	0.00263782643122959	1.2417682115957274	320.2512740416424	0.0
did:plc:jmn7eqshbqdxzbsizc6ew4sb	0.00734294261737922	0.6835133689644991	2836.234396921891	0.0
did:plc:jmshwzghsevrnn5hfzauu6wy	0.00891410048933125	-0.222309405136621	18822.6116985284	0.0
did:plc:jmws5cfoxr36afzbm6e5fshu	0.00294879814151017	0.552333370234992	3942.97789371842	0.0
did:plc:jmwy7ec3npeulnotmonncdst	0.006982156711928	0.40339511622479557	4512.850737630234	0.0
did:plc:jn6zex7pfe2udrvlotdybkse	0.00441419900785363	0.9134200160860885	1279.0176352225492	0.0
did:plc:jnh4fiudahv3ymptm22vhlje	0.00460866110540825	0.8572382860242787	1949.2009690016419	0.0
did:plc:jnj7475sbm3pzeal46jobcrl	0.015880017712816	0.354225048076389	6964.03317928404	0.0
did:plc:jnjlyfnlwxbieupqbmw4dxoi	0.00391036246082469	0.9922558832994656	1033.2565565189338	0.0
did:plc:jnljrzh2rxtsz6yu57f7l5p5	0.00481730594517624	0.7524388646814932	1856.3840689957317	0.0
did:plc:jnpce3zjfzcp3fu2vor2z4do	0.0038461538464741	0.752592963355843	794.9504977712379	0.0
did:plc:jnt4c7dtnslwxzohvixl3elv	0.00755965037128087	0.5235154685998047	3250.6909122815287	0.0
did:plc:jnt6gwqpomsri2t2y3vahucg	0.00516717325551963	0.9445914931657459	2523.1146366918865	0.0
did:plc:jnyj7wx26vxi7rromgz26duo	0.00361197110462008	1.2683909243905194	491.47463418614905	0.0
did:plc:jnzbdoifh77lg2cdvjyba5xg	0.0118534482824486	0.7141125722557156	3709.5140922501814	0.0
did:plc:jo7vi7r3sohxeer7hsf6nuba	0.00600892755154997	0.9629001292539715	876.0779761847492	0.0
did:plc:joammmucuhqgjb7yybh3n5pu	0.00544987146805067	1.355293840297565	568.6821326354453	0.0
did:plc:joayytkqtpvso6kjmv3xnux6	0.00783517121758714	0.578872792157867	3429.34143740056	0.0
did:plc:joc5odyx322wixrmaqku6os3	0.00332939533894671	-0.478519667314652	29057.9527227103	0.0
did:plc:jod6f32oedw4qpeznwu7qg4o	0.0053339798769369	0.8001606529049519	2272.971751032332	0.0
did:plc:jolg2mif6wf5wbyvb6khazwc	0.0039589774541455	0.9335041368995527	624.7868620629356	0.0
did:plc:jom5ichnjl2g5yaded6j425i	0.0074320050654687	0.6569445477057205	3602.44119487313	0.0
did:plc:jotbqhwbi4n5ijck5w7qm7r7	0.00354695687264038	1.751831832210105	401.8439862060059	0.0
did:plc:jozdz52lzpgfquihzjahdo5n	0.00601116359156894	0.8958412048608282	1440.2670298141234	0.0
did:plc:jp63azhhbjm7hzse6bx6oq43	0.00377273635988456	0.474310043033832	847.7607454370765	0.0
did:plc:jp7xg2p7tkufjvieho5s7bzr	0.00703157314342025	0.6684526303237761	1225.3997912603506	0.0
did:plc:jpe37bosxnokger22uh3px6g	0.00292094600976188	2.451676823632317	169.49771567899217	0.0
did:plc:jpg6unruvmkxyhgqol355sns	0.00274551214379516	1.195501008700405	575.4663323283022	0.0
did:plc:jpibiralv3hyuudpfcsp75u4	0.00511526395096091	0.7399227208410368	2160.662176946635	0.0
did:plc:jpk3yccni4rvxwl4xyj3qhq2	0.00402554136729923	1.2463863690062864	930.1148435707569	0.0
did:plc:jplwc6ozcungiw3cd2hdsias	0.00268316195392521	0.7520235314943554	994.4322012276102	0.0
did:plc:jpp3dccvjyjwucxkacqujcai	0.00321816361965858	0.7360150383255722	431.888424353891	0.0
did:plc:jprqnqu7p32ep6k2cd3xdzi7	0.00432666306115871	1.010392580556394	1208.1755705759606	0.0
did:plc:jpxvf6w6z2vpuwuuc7qfgx7f	0.00471828265633765	0.625949551704695	654.8402785312369	0.0
did:plc:jqa7ew6he77osqzppxwvfifa	0.00651789659903755	0.5256429752165824	2994.9129939140516	0.0
did:plc:jqbslgd763zwen5kqzstkbga	0.00262409796653634	0.7953676881012937	3828.747216127149	0.0
did:plc:jqlurwg72gd7a77inw77pggg	0.00669811320902082	0.5499412813404356	2477.394321895237	0.0
did:plc:jqpmq733llx2gciklg2jtxlq	0.00592281238272801	1.7040385938568203	226.63713298295713	133.0
did:plc:jqsakeeaq2ujwwsewduo3imq	0.00232348973173729	0.8403854475770655	1414.524333119752	0.0
did:plc:jqxufbk3cuvbii5prxcls2mk	0.00827602286592538	0.860501164726379	1871.824777863761	0.0
did:plc:jqygg565di6shry6swq6ccsc	0.00435806831588356	0.9307732130762884	688.9833471159985	0.0
did:plc:jrimcg7opquz5jtrqzf2gaic	0.00470878668825176	0.9191033443436077	1076.4115054016077	0.0
did:plc:jrmlua22i56pb4rjp5ief5sz	0.00559019565735801	0.6653229739465301	1742.4699766894853	0.0
did:plc:jrpboyte7g2qca36bcbbnly7	0.00723170378964652	0.7771748488137346	1794.4090892643821	0.0
did:plc:jrq7uwepqfkdffi5ui2wvqvi	0.00502781343603022	0.47231431967236337	575.8548933301473	0.0
did:plc:jsckgnlyqskbbpk7zgs26rd4	0.0121753246814011	-0.0557830746859271	13283.639706953	0.0
did:plc:jsdw63kg5j3563gkmemdrxzs	0.00322451862554449	0.45284746706869355	2622.8099396278712	0.0
did:plc:jsixmxr7bhkknzf5efnzhdm3	0.0060703667016883	0.8007525898842864	2014.0966060645317	0.0
did:plc:jsmviry2utkfwgbffv77equu	0.00529522704252804	0.702474198947538	2535.45560462461	0.0
did:plc:jstl7zm6wat4tt7yaqoefnot	0.00580334936390765	0.5860088448014263	2614.8748289453238	0.0
did:plc:jstw57juj7ce4fj3ueblhqne	0.00528745504381634	0.7321648495380105	914.1761416205761	0.0
did:plc:jswpxb2bspqcby552c7kduz6	0.00516638808756518	-0.23619121246143	2705.40012454759	0.0
did:plc:jt3timfz3vdblvstiwwfyqnj	0.0087054198292293	-0.285541771472774	17353.6292102246	0.0
did:plc:jt74nxow5nvrzy5g6de2hdbw	0.00312359497397403	0.9596643029394581	578.8322916921894	0.0
did:plc:jt7hbtm5m6dkcnwoyzwcvpjc	0.0021960695985891	1.9990186952265605	369.55109198536496	0.0
did:plc:jtk6mjcracpjzjhl7khanq2e	0.00550986185685312	0.6938447614450715	2556.307111352645	0.0
did:plc:jtkda57l6tin3m7j5hwzpv6s	0.00419737263722005	0.8265282595352587	1004.0964895676075	0.0
did:plc:jtkhmsqk6bxzicimxfpyxgna	0.00781686209283795	0.4080290796492973	3420.1555937025296	0.0
did:plc:jtsgoushgdlapq7z6o5wibam	0.00271550154007836	1.6372401545913546	374.1700269759419	0.0
did:plc:jtvomih6zjzmw7bg7zbjifcz	0.00465370928093565	0.7036387861487017	2133.3253633526633	0.0
did:plc:jty5sfdpodlrahjpo75hvdhm	0.00557656560528275	0.7616962450150163	1174.3304324592816	0.0
did:plc:jubwexftvhnke3ftfl6rdhf6	0.0148574894042048	-0.0939436273863362	13523.7245002322	0.0
did:plc:jucas2capf2yyxt44tczp4we	0.00490918017069973	0.6206756095564733	1531.0230045202763	0.0
did:plc:juhjimwsxlpecu3pyr6tfyze	0.00345363495087509	-0.383601373009193	20458.4754811926	0.0
did:plc:jukrhnjpznxphef6qflrzqbw	0.00629559308661858	0.5954668877183381	2264.841845188174	0.0
did:plc:juo52vphsiwaakoy7ydnrdnh	0.00413540103386051	0.8289400296194632	1271.1357934268538	0.0
did:plc:juv5o6vqrhoboord6ev67fb2	0.00590099442900225	0.3793720788784228	4410.091299265901	0.0
did:plc:jv3g37tg7f47wcvd45m2ha5p	0.00270218474530637	1.0138778837499245	716.2910711518745	0.0
did:plc:jvawax5q5zdqjdwuiyfy2tl4	0.00521110284015081	1.1261107162014818	1508.1659354191368	0.0
did:plc:jvhf36loasspmffobuyfpopz	0.00347902097945788	0.611081809591083	437.04771120240923	0.0
did:plc:jvjlboaaf623mjo6w3hpseto	0.00425027181994489	1.2064018783735468	1651.3167797684912	0.0
did:plc:jvml6z4ivpq4w3ag6izz6eqx	0.00734423122505131	0.8547352915386146	2297.6620679959356	0.0
did:plc:jvr325ahztbeau7sumxjiiop	0.00613045610786146	0.4137166194250958	4424.029523482553	0.0
did:plc:jvr3vjdk3lujgomkhvl67i6m	0.00400868548527435	0.980785814910007	1749.4699955548565	0.0
did:plc:jvt2qr3e7erkyilqy6nbsi2q	0.00561528453107904	0.9199563348978418	1411.447960824738	0.0
did:plc:jvurfoyjrwnncjdjldztsxqz	0.00423216445005721	-0.698892690107336	31573.9293902941	0.0
did:plc:jvv7fhuouco3hnrxl6pqganr	0.00630063006477996	0.7474156022957136	1602.0261213749957	0.0
did:plc:jvxctnaihzm2h7hhpelhxewf	0.00567908364665036	0.47954298110925	4919.995054027	0.0
did:plc:jvzto7xcdbthjsd5ntatdfqk	0.00494044993457625	0.6873237455641441	1310.828949272781	0.0
did:plc:jw3r342sek5r3sqp6e6gfxpu	0.00355812991352288	-0.218301421704661	17680.1758211593	0.0
did:plc:jw63q7azk7o6ucacucfetpxz	0.00360698311970958	0.4032149697754457	4939.370588040374	0.0
did:plc:jw6g5f4bflnhzmanjtsd2als	0.00743667209461002	0.434909117058247	6732.73156944901	0.0
did:plc:jw6hvjpnepq5yrfasv6wzq7v	0.00803023146387101	-0.324628051480812	21335.6575682671	0.0
did:plc:jwfvgswvwqyizv3zu6c4l47o	0.00324329802879164	0.7627102643418263	857.7623642266652	0.0
did:plc:jwlgol37ixl5p2arhw4hnio2	0.00307485346465704	2.1970714866301817	184.91332064256386	0.0
did:plc:jwllmycvxft5gmxrhmixawgr	0.00467081850621997	1.1470733835915352	997.7362406044194	0.0
did:plc:jwlplkujospek3tyxsavjx42	0.00563181978226564	1.4957065362378756	828.2515671407427	0.0
did:plc:jwpy5d7vh22l2e4wple3rvg4	0.00575228244468324	0.6729592364695243	446.0326309903039	0.0
did:plc:jwujusqjvkudxyqfcnkosqgy	0.00453653751935557	0.35340758183276	9338.14338613499	0.0
did:plc:jx4bs3n2nh5av2u6szyivie3	0.0022293513131567	1.067449753547454	504.4707030337408	0.0
did:plc:jx6bbp6ji6mlxawkxgf4fqub	0.00426609418551439	0.7744915062726597	967.63949337884	0.0
did:plc:jx7624glb47636xoa4aad7r3	0.00462920524428339	0.9433372922414552	821.4767689686579	0.0
did:plc:jx7z3mipswzrpxxtguhvdgrp	0.00307293417263198	0.8638595126671946	1202.6613311049023	0.0
did:plc:jxlbppqmpae23smw3fg5s6rh	0.00620860927337773	0.64005550493733	2624.73382342457	0.0
did:plc:jxqrcwweeelly73tczzyisyn	0.00584577114472387	1.13599895025926	847.9575586454363	0.0
did:plc:jxqridi7d7wq53hl2l64ntu4	0.00575373993329132	0.7303789099994059	2085.985766310525	0.0
did:plc:jxsyr4qmaka75wldfshv3krb	0.00928641251496591	0.517772178325128	4464.49337547884	0.0
did:plc:jxyfwikxf6rrdotcfzldr2hh	0.00751408892192335	0.849784891547156	3368.79781500837	0.0
did:plc:jy2hn4ksraoyb2yff37hjpka	0.010201268276133	-0.182139971692987	20343.5806880857	0.0
did:plc:jy42py4sxrfhhihtnmnaexca	0.00404960769452784	-0.715742828433231	30817.432793238	0.0
did:plc:jy4ccf6y5boeoj6nf3nkgyla	0.00695908899329918	0.26624554810215	11247.2367909095	0.0
did:plc:jy5jhlr4opmzumbziawfo5hc	0.00370703212797064	1.7880113657304308	676.2383303103172	0.0
did:plc:jy5uujllighm6bzvgai3tux4	0.00786627335753103	0.449210791954856	6376.893036726771	0.0
did:plc:jyblerznzbhx4c3nrqws4kc3	0.0102811582140529	0.741339437901829	2317.5236235317125	0.0
did:plc:jyfzgrw4raietzndf4xcs5ci	0.00308767224800285	0.7039103140835701	692.097334134384	0.0
did:plc:jyig55vyeqeqmj7a76ob2e3a	0.00441188056514054	0.7730529020669116	4303.30006706543	0.0
did:plc:jyncnfpjhe2hjbulhfuqlwwf	0.00299769242395681	0.9060779163789836	804.1565120103015	0.0
did:plc:jynfuqe7rt7ribkz6moatxym	0.0030221380717931	0.9164973797754403	1573.596539772945	0.0
did:plc:jywcdfi3uha4uey4sjxv6ckc	0.0024996429082056	3.5706965122978667	85.6967162951488	24.0
did:plc:jz5xur5pkppqs6maakbmayma	0.00711053652353115	0.389551514930777	8439.18426984825	0.0
did:plc:jzdzqj5az6tka6ad2i3wgvog	0.00753410711165845	0.614678118654976	2366.1487734651	0.0
did:plc:jzi3hvrtefo434iginxynywk	0.0050830069051037	0.526393886424339	2506.74489163255	0.0
did:plc:jzitidnx2kjhi4tdwv34w2bo	0.00559353635800669	0.6863958124266678	3113.3473626760265	0.0
did:plc:jzpadntl3amy6ms6q427ekil	0.00564307547663013	0.585939478153894	1454.41439306526	0.0
did:plc:jzqijbrsfnpvtzg5tyh5duwm	0.0106353967912388	0.9631175587538234	2271.888366005489	0.0
did:plc:jzraicrjflovhylsa73xice2	0.00819061802337124	0.5038134150827416	2739.2925042861775	0.0
did:plc:jzvwhj2c4rpzhcoh76njbqpq	0.0128351397863336	0.506569082822614	4251.90534480518	0.0
did:plc:jzw2s5iful75o53lnaeg77hi	0.00807102502437127	-0.369258529764487	22308.1686460651	0.0
did:plc:k24n7is4ubyvegvt7qvdyi5a	0.00475753754525647	1.0456356614197817	1368.6514811544762	0.0
did:plc:k2bxa6vdl4sns5ttjpqy6f5v	0.00889328063554064	0.6339256012974818	2313.417975766027	0.0
did:plc:k2gi4ijpsbe5fmsrdczhcxfc	0.0087124879026519	0.70859045004044	2856.57645804593	0.0
did:plc:k2kjo3xipag53zisosm2llzi	0.00361412288056612	1.8672577687632141	210.4501616885953	0.0
did:plc:k2mwfhyxxttqcxyuvje6hoay	0.00349104532725653	0.7225367626510015	980.9746196331084	0.0
did:plc:k2o2dhwh27vnsnxofs6fc7cs	0.00478670984500359	1.212044282333021	1401.0860340547918	0.0
did:plc:k2qohmusmzooc4jzfexhcas2	0.0137240356295039	-0.0612600489743706	11554.195944983	0.0
did:plc:k2v67n3oc72njzamecv5g7in	0.00419940395581195	0.8866402461397898	1507.6136912326085	0.0
did:plc:k2xiunhf4cfyp5wjoj5ft5f2	0.00496562261341299	0.5118657799504832	1475.7139265509502	0.0
did:plc:k2z22uyou6rd542wp3vlu4g7	0.00796900941221622	0.527983162791108	2892.54596944291	0.0
did:plc:k2zndexkhjudhoa4my3luloz	0.00345410968605229	0.5363164045839031	2497.076318126862	0.0
did:plc:k35q7wdsfnhzhx5ejdngg4mt	0.0039736553241096	0.6711342920854861	824.3086068896417	0.0
did:plc:k3bb3d63nh6oiga2mv65qik6	0.00516514883849028	-0.234811981635531	14835.2519560801	0.0
did:plc:k3kqs3qvbswpyygbrpnfqc6s	0.00732278851899287	0.7370702555490328	1215.7299702579217	0.0
did:plc:k3lb4lxdtlihl6sk4iaygy6s	0.00463489287366204	1.0700679402525393	516.8425214973084	0.0
did:plc:k3onpjqakhjy2ggcrg5ujzpw	0.00968750000241831	0.5902595081897312	9088.966236369968	0.0
did:plc:k3qrtzwjjww2thho4cnezt2f	0.00627615063658862	0.16209401428077985	6824.124941168852	0.0
did:plc:k3vpkqkirnqp252y332z3zwg	0.00337084478604441	1.0052148913580479	1767.4038189011246	0.0
did:plc:k46fbf6zllhr5cczfgcn63w4	0.00669812757035779	0.7414977371073237	1620.0099121786598	0.0
did:plc:k47pijpeqqsw24ndtgnkc37e	0.00284367282812217	0.9544020771116458	422.0891345729023	0.0
did:plc:k4cp7wlzxrsglet3oti7qy2q	0.0190531178224547	0.5066132351422356	5752.133592084564	0.0
did:plc:k4i6twtg3zjsv2hwjdnxhxju	0.00547354453746768	0.48472112588097316	2650.4681904736567	0.0
did:plc:k4jnodlhm6qgfwkchbhislqf	0.00804828974266016	0.7564708885763184	6430.74080169634	0.0
did:plc:k4pqjw2g4nt6g2r4s7bbwulv	0.00316809541569658	1.4630874420620728	903.7069002753619	0.0
did:plc:k4wfvsnq2cvso55fp6toxhkz	0.00583979328388697	0.6095701987203	1547.8879453362	0.0
did:plc:k4xzuvdcj7ymumpn5pedabgp	0.00844798455591085	0.1743718408726845	9518.603736249033	0.0
did:plc:k4ygxco5hestlipl4dfvlenl	0.00372786579718401	0.9348500870902695	1971.8514390826972	0.0
did:plc:k524f4j25mbisfo6zaek5j47	0.00665044606801032	-0.105072115399419	16424.5995367351	0.0
did:plc:k52kvz4buyolozeevqkbs6uf	0.00712922984240246	0.374638658913819	4338.05029680815	0.0
did:plc:k55a72g5thquqvfncxcbi757	0.00299850074976424	0.9820557088919979	408.4794000713741	0.0
did:plc:k5hzmxwr55qasigxi5ymgppx	0.00322470318073438	1.9359675301500279	226.59566506000985	0.0
did:plc:k5m74bdz7nrcjsk5qtvwigio	0.0052464807029198	0.8275351124648784	1394.5406627206294	0.0
did:plc:k5nhe2cypeis5o2nzwvsdefw	0.0104313504466653	0.6964761083280142	1153.3956210791262	0.0
did:plc:k5nk3lfbe7odj5md536vqe6r	0.00392927308477919	1.2920498835954963	577.7313529571696	0.0
did:plc:k5romrv547iiifovvssafmqo	0.006812188691702	0.56498210426996	1591.28596630207	0.0
did:plc:k5uxkz2jfyxhbskggomydz64	0.00245642212674719	1.586705694222846	342.7810378367623	0.0
did:plc:k5vlnh6fwl4ng7ulr6xdhdap	0.00574606117009361	1.0956943391438079	1063.3451983372736	0.0
did:plc:k5wrnlkelfp7vxgnuhy4bd4v	0.00421986196068847	0.7025519335634617	1465.0388814073242	0.0
did:plc:k5xau2qrbfr5pbjxjs7dmvpb	0.00224924766550598	0.7580295023963433	1407.7036337161608	0.0
did:plc:k5z24i43liuapgduwt5ob2y4	0.00653486183437833	0.5416419910669902	1804.7605241804606	0.0
did:plc:k67koluloutqsxsx2vhvnq45	0.00267555775108449	-0.10627809388712	10171.772750337	0.0
did:plc:k6a3nn3ympkukgaebcuf6a6t	0.0023993601706325	0.35037613787820415	3345.5301825977676	0.0
did:plc:k6cdawfgfxsoowmazgfof2co	0.00628565902895988	0.5197527050211388	1343.2846371717064	0.0
did:plc:k6mhxj4jl4hol635stqhkwib	0.00448845495353575	1.0709074498592537	882.4099117545265	0.0
did:plc:k6njhfwib4m7zcqmvpmkgfyl	0.00749879051786791	0.6595198737141039	2173.3940388445344	0.0
did:plc:k6q7svjux67e4em5kmklqdae	0.00559320918653275	0.9101448645026405	1423.3863390428817	0.0
did:plc:k6rsbrkazjwxhxjxuf4s3etb	0.00964984835954535	-0.211036243637849	18085.2955202796	0.0
did:plc:k6rz5agvja65gocjadb74rlt	0.00494247285765342	0.5029708226111668	2906.763683990894	0.0
did:plc:k6wqn6ipgztf2o5ttvyrnzav	0.00407363885651585	0.9222620885266744	2148.9472384636724	0.0
did:plc:k6xp6bclpylzy4uevh3ozwef	0.00615148020183038	0.6915825299360183	4058.0470245633364	0.0
did:plc:k73ufiqriehhk3urv3kwfuwj	0.00713132400552482	1.3744311049996378	377.66491475621234	0.0
did:plc:k75zuhq54tw6uy4xxeaznhi3	0.00350289369521907	1.2644753354636493	1204.0251680277677	0.0
did:plc:k7bbuoua4cb6w4xqaaj24f3y	0.00272081218293023	0.507520418613329	5219.06223456104	0.0
did:plc:k7dd35e4pwbxfivspl6lu6k7	0.00242371512030837	2.0749021977229556	342.77018361232956	0.0
did:plc:k7gifqp6syk2pmcfco5ukzms	0.00712643678283084	-0.484280943754479	21111.2939243082	0.0
did:plc:kaa2h7d4ckqi3reirbp6ykbx	0.00447882736256627	0.67922253052373	3956.56932622281	0.0
did:plc:kadrnis4nltjvxwxzny7wysx	0.00359284907175978	0.6657661268888672	502.0138345544957	0.0
did:plc:kaecoetporxcnet47dokose3	0.00393013100466643	0.9798705641503705	1272.2008577801512	0.0
did:plc:kalos4salc6iovmsmhcklaxk	0.00942507069065711	0.372530000247308	3287.69267642243	0.0
did:plc:kanosty2o5tdg6nnhd3gfv7s	0.00895915680054723	0.451073078744823	2105.20591178026	0.0
did:plc:kaoknz545idylxml7oggjp3t	0.00554779640027367	0.5715516523466151	1098.401535120252	0.0
did:plc:kaybftvz6nue2vanvt5oj5hk	0.0162162162290526	-0.276120054086395	12882.315620821	0.0
did:plc:kb3a7eis2u73ulbuxfq3nddk	0.00649290418490466	0.7028539809513188	1834.2878654519666	0.0
did:plc:kb3tsm7in2ndn62ab3tfzadv	0.00424235831634692	0.8297593541747541	5225.744950253745	0.0
did:plc:kb734p6x4aqeinm4smcbyztq	0.0100638193443259	0.8995268839698319	2135.923926861329	0.0
did:plc:kbblulnxjtqrkqmabje3fsff	0.00559661333152161	0.5209267748072245	2588.0058628117285	0.0
did:plc:kbfiomqpalztiepll2crji54	0.00548018445553076	0.3269144241845634	3823.600419170588	0.0
did:plc:kbod3ixvygpnodbvgaooxhew	0.00795947902029262	0.6285708341201528	3753.7907583081783	0.0
did:plc:kbzc5r3k3xuldutf3us42lkw	0.00414237496189952	0.44419611199507	5609.62879271886	0.0
did:plc:kcf4nqzckpikyhtmhr2dc2xh	0.00925772855019576	0.8153806651415606	2116.247871959674	0.0
did:plc:kcfy3cwcfbnueo2mwz35aiik	0.0117004680529658	0.32110455849475966	5619.001342942084	0.0
did:plc:kckbzb77atvxinakimiex5oa	0.00249757180523915	0.14692038671425645	14360.086734692168	0.0
did:plc:kcnre2tmpdfxiel6rxovtuw6	0.00799376097136738	0.7795433853599523	1719.1343937069478	0.0
did:plc:kcpd7l5tuyb73qhfc236uzt5	0.00882423086416274	-0.347697801283906	19280.6893998514	0.0
did:plc:kct66ht672nfwcxxircefa5s	0.00466618808415808	0.686905409022344	3809.85899921836	0.0
did:plc:kd2kgwfduyaixm4bt26vdcfo	0.00693937180556067	0.7060038094858078	1739.1516568290238	0.0
did:plc:kd4lyfqe5r34bxoykea6bani	0.00877385391859211	0.6832153192867556	4890.691391401432	0.0
did:plc:kdbqm2e5xkmsvt3ticrudct5	0.00308261405684757	1.9330385411129125	299.09984645101997	0.0
did:plc:kdkdedjic27iskmooufg2hxl	0.0140845070618596	0.238698127313326	6642.52239335596	0.0
did:plc:kdkvmb7u5anlir5j25zq6dav	0.00631670660162932	0.8959392279526428	1714.5697140856134	0.0
did:plc:kdmnzohmknybeltnbgltc7nz	0.00948148149438215	0.6183409802219973	4588.273299833028	0.0
did:plc:kdszuuzx6emfnwxk657oreiv	0.0148906468290567	-0.500676137712556	24058.9222750893	0.0
did:plc:kdubslwzblp2z5ixo5bbyf6x	0.00690814040333972	0.7040111518852555	2199.277801387553	0.0
did:plc:kduzknppmsqyf526kjfamrsu	0.00545776001284777	0.8626340740720492	1333.7493673219492	0.0
did:plc:kdxjhdszdrd63r4t6pnseltd	0.0077079107553262	0.5916858743118156	3561.340251243673	0.0
did:plc:kdzcefk6jvnujkadvugxqqip	0.00943396226677044	-0.133100243039759	16512.4149092285	0.0
did:plc:ke3hddzg6q4tkhcvxofdbkfj	0.00336978199621867	1.3420440250039767	440.39922908843494	0.0
did:plc:ke4mjbw3jnskgjwyh3xnatom	0.0051942655314917	0.7178084136242361	1701.3334355424251	0.0
did:plc:ke5ihvuamy4avzrpmkekr35t	0.00681395829037188	0.5884433602779507	2539.4390418049675	0.0
did:plc:keec2nzhcdqohk7grxcahz35	0.00449353039999658	0.756193454226493	1294.7534719442478	0.0
did:plc:keoexywsm4qs5kedta5uflka	0.00667613637107828	0.7032924105779182	3989.637621693655	0.0
did:plc:kep6rssgiumm7amjdxufni5p	0.0052569102939844	-0.0555254000566662	13069.0038614842	0.0
did:plc:kercsf5mbdg42htmjitvjgkt	0.0182767624110503	-0.264727361624359	12974.8764360454	0.0
did:plc:keu3wvfkfxl7chspowbx55fm	0.00585903843061013	3.162785265126211	148.6509074609319	47.0
did:plc:kf5ba2pzfw5z5m6phlkh34yo	0.00515463917591054	0.181745224998013	6483.65308975977	0.0
did:plc:kfelul2szqtdis5dgo2olwxu	0.0293637849353996	-0.30873769672967	20222.8494199416	0.0
did:plc:kfk7xcznc7kvmlijfvxa2ygr	0.00707092350671478	0.564671466992673	2478.9190321723977	0.0
did:plc:kfpbqft5tx2qljfkyrczlrwv	0.00528650422373141	0.7674100395330961	1542.357446152604	0.0
did:plc:kfq6parfbiuds243feinqyfo	0.00688167625443921	0.7420086846560576	1766.2050574148702	0.0
did:plc:kgaoenaqpxlulmdtjlcx6rfx	0.00465805632017108	0.6996700983786793	3678.2886334872524	0.0
did:plc:kggb3ma4si7fewzhp2k75mrw	0.00448703323546364	1.0619654700979544	1116.123068777378	0.0
did:plc:kgha7yyevudb2sk6guzyukil	0.00493709945481526	0.737638276470979	1990.16744916458	0.0
did:plc:kgkkilqrsolwjm77q2ogtfnn	0.00459210297535928	0.5825530180653856	1767.2576750401106	0.0
did:plc:kgmxjrmi76meel5li3ct2fso	0.0025096202108179	0.9500227737590546	657.1849827728993	0.0
did:plc:kgqzppmvxunp6dehak34nbia	0.00688655310030385	0.495375778775297	5429.44979224579	0.0
did:plc:kgxobshwavnaa6osa3esv7of	0.00236773350757057	0.7245108443440896	501.86470171921735	0.0
did:plc:kgzy7d6l3qe4shbd6qca42ux	0.00723196528773516	-0.230358085250653	18347.2428387857	0.0
did:plc:kh224tnp2ydshyfp6mpcdyyp	0.00412192211762506	0.8382178456615458	1921.1245807748955	0.0
did:plc:kh2nnvn5qcm7s5fvmjyoer5u	0.00282046294512105	0.5038132090789519	5113.286587531642	0.0
did:plc:kh536nekzgak7wvthloz4vbh	0.0108254397921453	0.606837092008159	3223.45259350201	0.0
did:plc:khd43hjt6cvlxgstsiszhurz	0.00306768070569599	1.6556770795043414	359.4687084394431	0.0
did:plc:khekaoi6y2sjb4r3ij53xrh3	0.00223548716980191	1.4559297670004223	306.0996531246884	0.0
did:plc:khf4wlkqajwa255jndmz5p62	0.00698812019696362	1.0162398522775875	1516.5324782337257	0.0
did:plc:khre4zf5gidf6xkadd64gx4h	0.00318787856069381	0.9477616953033217	365.26146891462037	0.0
did:plc:khrjo54bwqu3kpnmdiu2237e	0.00344044588223858	0.6288718336142654	2211.7172318550533	0.0
did:plc:khtv6ali5rd4ad4ipmtzqjsb	0.00414037854894694	0.8485480883310346	736.062775517835	0.0
did:plc:khvsymj4t3rvhzhsbvwhlnnw	0.00251516496528018	2.9874443516177793	367.4556552489869	123.0
did:plc:khvyenjezbekahuz7wwaw4tu	0.0095625149439444	0.310728205485453	7982.5094680096	0.0
did:plc:khwgn5b6c77u6xpkxtkjm63j	0.011898859699124	0.7418798781184477	2498.517342763743	0.0
did:plc:khywbqsjxaygrvdlkc5irp6k	0.003366915487908	1.0876536056702593	419.6799636864652	0.0
did:plc:khzhatochnxp3yaslgjmdvne	0.00837463681797123	0.7807604734991578	1625.2432998244592	0.0
did:plc:kicw2lu4bghnb7j2pcrcrif5	0.00289980014906319	1.5747179092626202	274.79313737431124	0.0
did:plc:kig76tch6ek5cvnbkxcnbdv6	0.00675675675676824	0.9907935575447766	1303.3091414990429	0.0
did:plc:kil67tmmee6ipitf2eyd7ou7	0.00516123704594529	0.6418828092998882	1206.0420506945572	0.0
did:plc:kinpsbkqd2vfnttvkxdwlrt2	0.00341364143681872	1.0941425260918132	786.6939401089952	0.0
did:plc:kivlxje6votswgqcejoa7wn6	0.00434331647889272	0.7698291280700639	2150.760876820703	0.0
did:plc:kiz4ksq4qrncd6pggw25knsf	0.0102844931315089	0.535232623054053	2954.82201977097	0.0
did:plc:kjbt5s63aj4h5vhnvg2l22az	0.00307749122927814	2.1337289676438287	265.0442395740292	0.0
did:plc:kjghyvccm4j7sd6hs3b4eka2	0.0110333692223813	0.17899987629695588	5318.218766830161	0.0
did:plc:kjiakoy625524iwzmhtycqih	0.00477430555638033	0.5261879889388328	3757.4284236980584	0.0
did:plc:kjiyu4j2syawckr6tyillup3	0.00497461929006763	0.694182128479466	1056.231480878565	0.0
did:plc:kjlk5u3k6u3wsfx3s3wiqdoh	0.009280089991504	0.45178302211200577	4075.999884763716	0.0
did:plc:kjvqoiicjw6gwwwgycowdmaa	0.00401840912241197	0.8293642958167091	1001.9129583918298	0.0
did:plc:kjwpmxve4hcc6wbssv47gxda	0.00793310463563555	-0.0725477109786701	12951.080547992	0.0
did:plc:kk3cuyj4nqlthe2fzxgysbfa	0.00373418686182905	1.7876709059193672	491.8193881046105	0.0
did:plc:kkamriuuchxejiswtbvcsisr	0.00672744976687873	0.9675825523698472	1304.9126084779698	0.0
did:plc:kkfpjrerzd2sp2yxdsh45svf	0.00943970767618351	-0.0587162822213015	16110.321561	0.0
did:plc:kkhbaopwzo27d6xugplpsqc2	0.00275349790304122	1.1408309606083766	874.79729620871	0.0
did:plc:kkpm7o46qybc6waonufwbp46	0.00844748858812956	0.36454578128088394	3946.1240350271937	0.0
did:plc:kks646ucuphsudrjdciubpja	0.00509668715402602	-0.195899703552942	16693.2487122383	0.0
did:plc:kkswbubl22bpbhylg4izg7zh	0.00414530725928852	0.7588922335401549	1223.6220543832544	0.0
did:plc:kl3ljzauzbybbec4ozs2kluk	0.00312491358105187	0.5867685229176628	2310.969939278761	0.0
did:plc:klcnyr7czbr5zzvoepujtbfw	0.0048020954606473	0.25052367593938674	13029.47620621568	0.0
did:plc:klj5idtbvf3ukkipz2bbzin3	0.00508177030466402	1.2196668186807023	1553.6891675449178	0.0
did:plc:klo2f5uziolkvya53ldojhdj	0.00229267135748525	1.6523450603372074	433.1175126141064	0.0
did:plc:klv5vntzlgimmbk2t4qkbtfv	0.00418351038851459	0.4889621353841743	3205.75701598185	0.0
did:plc:klz4uexdlnh6bt7s64pkcxkp	0.00653363942168263	0.9672799012587313	2841.37258546055	0.0
did:plc:kmey3s5xqpfw5vlhjaxjjzfv	0.0182926829715199	-0.0963181817409738	12882.5003547948	0.0
did:plc:kmhzggjievaeql2mbaglzptf	0.00721858786492425	0.5236830352062912	5095.079291733376	0.0
did:plc:kmi7poqw3bqgfhf66mhotona	0.00250684561712266	0.839703632047835	1133.880769432786	0.0
did:plc:kmu5k42inc3jjbl35k4hb6m4	0.0078151166731496	0.46653630000624	2773.6776386783777	0.0
did:plc:kmvfaxklarix4tlfrnnje6lb	0.00739339752516463	0.6851277558553027	4873.093460808459	0.0
did:plc:kmwb2itc2dfsjfj3jkiy7ylu	0.00725066587771043	0.3988378896865	6286.15057559661	0.0
did:plc:kni4cuv7r3p74okng3sppgoj	0.00913343729404415	0.423523020587651	2966.14990233647	0.0
did:plc:knux3hcn3gkhtwufuqs3oet5	0.00450204638570732	0.9654178926793093	1392.3950900837146	0.0
did:plc:ko6ex2bd5ue53xuex7js77vk	0.0040655571097222	0.9464351546019273	1803.1848505581506	0.0
did:plc:ko6f7f2ujtmfmdme425sxvx5	0.00763691905361377	0.3233606405379045	11840.14260004125	0.0
did:plc:koddlr3n4e2vtlhqcbt4ejx4	0.00511338372676948	0.306081958547945	9076.35069062446	0.0
did:plc:kodewlmnoj5ikhljjszhsknq	0.00225904363842293	0.7857112419471873	539.820883248955	0.0
did:plc:kodomgyytflpivqafnesw3lp	0.00442530092150296	0.7666192098405104	624.3988683385185	0.0
did:plc:koqyxyyhthcmclkraydoiqas	0.00686329067100348	0.7496751499783949	2295.8136780638706	0.0
did:plc:kotcbmwkn223v5twudx2hb4m	0.00420372852467395	0.8936336191097449	1873.137377219552	0.0
did:plc:koy4kqzpdbtt5z3ewemei2wn	0.00441785550035546	-0.245518264229121	11607.0556806307	0.0
did:plc:kp7n5h2ypc4a7dp625ilveqw	0.00709807169176054	0.7285756566408684	2702.0481688013347	0.0
did:plc:kpbegs52vuwwlyzbpcocsr6l	0.00207311174081446	1.6045668666595434	249.29285785498766	0.0
did:plc:kpfxx6z3df6xy6rulvhgjeyj	0.00688238316035682	0.7266211110199327	2956.505528999289	0.0
did:plc:kphbzqs46mblsgx7y4c4vy4q	0.00611828688006146	0.490830349235352	2762.11949006999	0.0
did:plc:kphdcpch6l5auytlxjp7gmfv	0.00426861590831309	0.7954622640473409	424.6167585971437	0.0
did:plc:kplaxvtmoxrkfehn4tc4z26j	0.00341352405768066	1.1970345759016814	2594.2358131387714	0.0
did:plc:kplp5xg2ljselcn67kxrw4t4	0.00963503649880857	0.000893826334567423	17420.2961169318	0.0
did:plc:kpsskkam6oktwrhhlfk7we2m	0.00455622380266465	0.624060192777025	1751.20795022834	0.0
did:plc:kptgcxuf5xgfjvpuookgseom	0.00636267232409716	0.6056956613059252	2758.6933150762115	0.0
did:plc:kpvoyzmzgg27welxl22a3lsw	0.0175023652355149	0.2483028097836815	6503.986646449498	0.0
did:plc:kpwmglpzeqigpgepjx6ejvsu	0.00324811399843178	0.9072578286392591	1989.7869828652367	0.0
did:plc:kpxvczb37srwbcxfez4rgdjw	0.00402671380873759	0.7220180171687515	1397.4250118264472	0.0
did:plc:kpzyrhomurtwis4zudwxpbsu	0.00567595459285022	0.5041704517622712	8162.78107298623	0.0
did:plc:kq37qhafi74hkhspzbigtdu2	0.00695094238869871	-0.169715907301808	13879.5425542755	0.0
did:plc:kq5fwo2ah5tvxt33eel6553j	0.00411244436959189	0.5182315873534301	3770.360545694454	0.0
did:plc:kq7xkzjm5mobwwjn7aqdmspo	0.00554295792443366	0.7475204588211702	780.9356036585725	0.0
did:plc:kqcnfskj2mkx5qcukjd6ko3z	0.00547414039161012	0.7495697114355272	683.9720243939971	0.0
did:plc:kqebxgckxlkgf5vj24p4pohc	0.00203598348111804	1.0806157027332306	655.3856880547024	0.0
did:plc:kqgmw7kgarkwtzvgqpcqdw2g	0.00361616267529974	0.5810432406164674	1482.587737003892	0.0
did:plc:kqgp4kvd5fpi3fyufzqisspp	0.00259240675720346	2.0570173242598373	381.19091985010135	0.0
did:plc:kqlls3ner46dhk7oy5f3a3co	0.00579057423423603	0.6357097856338996	2888.1747271536624	0.0
did:plc:kqumgd3s5tngpnupblenem5i	0.00517207081823117	0.954688713318753	1568.5358074930664	0.0
did:plc:kquu7pgorfysxhs6qqnmlkzh	0.0118150937889579	0.6766000049931513	1593.8128353640898	0.0
did:plc:kqw6qin6mavujlel57s2ffdq	0.00307754309478831	0.630932207102016	1418.28501910656	0.0
did:plc:kra2h3oodpjktfs4wrayymeb	0.00361406198671657	1.2628665438177193	647.7473104972408	0.0
did:plc:krioy2l2n6kjroirawy4otps	0.00712713552160699	0.6158785042271807	1977.9718039786685	0.0
did:plc:krleomgw2kq7zswcajo2kymm	0.00319829424318394	0.666129329751955	2425.9693693960794	0.0
did:plc:krmheqgux4rbfsxu6jhugoth	0.00301720623025949	1.6713888023916352	452.8537291708404	0.0
did:plc:krvweuwe3utntltaggp7t3pt	0.00520583601679894	0.6420971385796981	1420.1882330347846	0.0
did:plc:krxzty7uh3yhkrhy4stitplx	0.00804985718418035	0.3830397969044465	5264.259466049761	0.0
did:plc:kryzatjyqhelu3dcsrj4p746	0.00453765023301601	1.9033617957914974	545.9148380826836	0.0
did:plc:ks2irwavlcsdq4x4qwhxuxfu	0.00273043190487011	0.4025258266052	5668.07927262529	0.0
did:plc:ks52uggfz5e7bwlxvdpnll47	0.00402887359436856	0.653260822188829	1776.4397778723928	0.0
did:plc:ksgkcmrb6ehumulzpl56qdip	0.00764481035483734	0.929044503056235	1955.10294783632	0.0
did:plc:ksj3sfq754jtaxvnddjaz7j7	0.00541109274022986	0.525299114642369	1774.62222650343	0.0
did:plc:ksv7dscr7il2wuqvwnewfj6m	0.00244247881013533	1.3233511129841389	265.6179741899932	0.0
did:plc:kswch3o6tahdun3dqgbxho2f	0.00460016047089889	0.6939060805683371	1130.8637770174412	0.0
did:plc:ksydrnka4rjnqwzkca675a2z	0.00482625482705278	1.0004008973812444	1606.8576068469863	0.0
did:plc:kt3qsogg3gf6bhurnmsjoeeo	0.00362154821224631	1.0147107448458625	1933.157129791546	0.0
did:plc:kt6t5jwy3zsvcerhus6pwjlz	0.00648729855263281	0.8450218918325698	1104.0365774893241	0.0
did:plc:ktaom65e7cjtzhpiuqsovoao	0.00637139040352329	0.774707276988413	1282.0978540548479	0.0
did:plc:ktbvbvun6hduvlb3252qmxeb	0.00243689365033663	2.2153827679826104	191.40925487647667	0.0
did:plc:ktcwptpath5mivtqudmcwu42	0.00239284960242184	0.8400419642236672	2071.6609969539318	0.0
did:plc:ktinr6kcuhf2qofrjl64bdqy	0.00590153750798693	0.8239984686875838	2569.7994939960754	0.0
did:plc:ktkuapyq23bjvbqcdx7norol	0.00549831154480675	0.8180212035317886	687.0840157710263	0.0
did:plc:ktthn63ha7d3o5wcj6tezlmn	0.014798206294926	0.20324812987730534	6648.141039164024	0.0
did:plc:ku3fqik24pbywre2dlku2jve	0.00202856215516415	1.9907367341614475	286.2819485036716	0.0
did:plc:kucmtn2apq77nqp7dcjic7gy	0.0074673304346751	0.9218813381975679	1525.005116909737	0.0
did:plc:kud54zcic2m5vadb6ql3gm76	0.00227985574737598	0.5880890723933019	1180.2123012665659	0.0
did:plc:kumsvrk73koyna5hhyqagldr	0.0045056447131802	0.9394529540766684	911.8200725791528	0.0
did:plc:kunnhd43e62lelwy5q5epdm5	0.00286921176392803	0.6281249090235086	1973.8452223147299	0.0
did:plc:kurerabu4ure5madydycuzny	0.00329973602122133	1.9214141357121426	299.335422538968	0.0
did:plc:kuvjedysln7dj6rtgfzaojrn	0.00507835171281316	3.510737443446391	108.83286074683812	31.0
did:plc:kuvyo6zejhimuipluwam742c	0.0027938535224249	1.6899290500345718	346.24141980304717	0.0
did:plc:kuy3jrhvgfcnw6gdwudltrki	0.00346416134693143	1.0571306589063596	360.82304840658867	0.0
did:plc:kvbbmqudevchfxevp5xxoyxp	0.00612113402063405	0.9394063877079115	1831.3296792761619	0.0
did:plc:kvhc2edkpugyp7lkhxj443go	0.00822706707038744	0.43122599115143617	4748.720584447156	0.0
did:plc:kvlno5nlnnjbff3ffmt7tbzd	0.00615567911230841	-0.490888738286699	23661.1505257142	0.0
did:plc:kvo4zboies6f3v2unsm4kxxt	0.00831265509068512	0.6273428746204024	2045.750183139963	0.0
did:plc:kvrt2gkuvvwaov4ihsh3la2g	0.00262828535673811	2.089940099966801	192.0084916663232	0.0
did:plc:kvynvpn4c6qp3dqjpnt3qtin	0.00447782753242045	0.560443969871367	6175.31059496502	0.0
did:plc:kw2gj6zvaqt7ktwe4gz4ja6d	0.0051966798995903	0.6081735128084963	2247.542712686118	0.0
did:plc:kw45jcxsirife3dqnkn5rbfp	0.0113421550470567	0.1274842474575729	8615.735019417843	0.0
did:plc:kwbikixpklk6micsyvygjlcc	0.00428413488119577	0.413079172990174	11527.0576147403	0.0
did:plc:kwbsyiei4i7ykpdxhhszdrfl	0.00334781679616658	1.075252321479801	429.66798168220885	0.0
did:plc:kwerlwszh7yw4zzpnyel7bfe	0.00508746254162305	0.6639737136988426	2939.191494034938	0.0
did:plc:kwgtlfsw5ex2gou6bv5zi3ui	0.00999375391481949	0.5071643098616502	5612.000898110922	0.0
did:plc:kwodbbbbrglytdx6i2rs7kih	0.00206211335383946	-0.47021039859113	26290.9757166508	0.0
did:plc:kwrfsesctcgke6xyq6gd5euk	0.00909357583161508	-0.239427378281191	26188.7363996299	0.0
did:plc:kwslo6krxsfrxxvadwch5rru	0.010160489552955	0.503745427557997	3342.69553477297	0.0
did:plc:kwsmpuipnaoxncdvlqnueafp	0.00797355115176385	0.436838972556582	2725.18885351538	0.0
did:plc:kwtao7jeghzedoepjnyykllo	0.00590979782485995	1.3376190181466105	1269.1063296356933	0.0
did:plc:kx4gn7jrkfbpsq6x5ebqvpyi	0.00487626478195085	1.116163711024955	2731.2413511063123	0.0
did:plc:kx4xjbplncr3tdzv7yakpcfv	0.00371397677624885	1.0924965713027426	907.298005992254	0.0
did:plc:kxb4lzybk4a7isnkqnvlicct	0.00614218505157626	0.707792233277356	3099.6963739861	0.0
did:plc:kxik553fq33i7nzhgvbdlh7v	0.00276701715568562	0.674041217472265	1975.53217298428	0.0
did:plc:kxsqaxuzgrsbxhsqeeflgwta	0.00372315035834931	1.7764734860351499	330.2716405754608	0.0
did:plc:ky4xnokwvykgkahvkbyeizqz	0.00493628745339098	0.7145377227084863	1799.969353098601	0.0
did:plc:kybr4a7p6pexbaxjphzgv77w	0.00523159372520753	0.5620877517454955	6186.496238721934	0.0
did:plc:kydkn3rh6bo3ez3hjcprceau	0.0045973367162079	0.7043818024084462	2337.220910443224	0.0
did:plc:kyf4ib2qoezteetlud7rpzk2	0.00563365722605119	0.6052971988673299	1586.833554187036	0.0
did:plc:kyh6xoumyl5yyem3xd42mf63	0.0049893975309692	-0.377486467184665	20949.9059982327	0.0
did:plc:kyhe2j6ivz3hdbebl5b7o35u	0.00529941706712296	0.11763721028870995	10311.136773510392	0.0
did:plc:kyiwsdqplihd4i7nmr5whzgd	0.00610492845982135	0.6382075734725889	1417.3626600257583	0.0
did:plc:kyjqr7l4qzzkpdynfmxj2wno	0.00466309163063689	0.432121316389452	4903.50493494677	0.0
did:plc:kyph6qsd6uwljr56232kwwvp	0.00462641684106533	0.817740691641465	2511.32038037214	0.0
did:plc:kz53qczog4dprvy2yggaf57h	0.0116545662975642	0.8115906737461452	2102.8964360064433	0.0
did:plc:kz6sxefgzufh5fhuxjyrp377	0.00470794765486655	0.358224945874854	7002.19924621045	0.0
did:plc:kzaic5ix3etza5pxvmkz4tou	0.00664304694570935	0.425567091576271	4324.60055040605	0.0
did:plc:kzef43iy6ep5oe4ykl6hcem7	0.00526556776617959	0.0572933789410078	11301.396747013	0.0
did:plc:kzfjhysf7ailfun4zoyxnetm	0.00432257193052214	0.6681909873653331	1719.319084641231	0.0
did:plc:kzkq7csftrdwduf6glk2occs	0.00641805909208324	0.9205125015740964	1196.2162767856032	0.0
did:plc:kzmsz2gyfm3jrmcjsvbpter4	0.024147727369791	0.4122489545428233	5883.0732482115345	0.0
did:plc:kzoscszcqcdxyz3uzlrkewla	0.00504617728337766	0.8347342229134218	1718.9357657820665	0.0
did:plc:kzwsyuclcalgqgqf53u4fob5	0.00407324222494385	0.49888002886702	2491.640881470482	0.0
did:plc:kzxun7tg3xsz65ikfyyf2ip4	0.00262820512841633	-0.0648582770565194	14854.1320763726	0.0
did:plc:l22433vzfshbcmlucb4sniz5	0.00596014155546103	1.1466158076481876	1086.8720453382598	0.0
did:plc:l2auqw4ado5wcsqg3veykdsc	0.00245090386836971	1.0864071258996821	510.46211754130104	0.0
did:plc:l2h25hkgthn2wcdwhnl3tnax	0.0102281668080638	0.08435691333403024	14458.108356108634	0.0
did:plc:l2jrgkuhgzlc5owdgrw5uxw6	0.00544890071651152	0.8405273646140848	1153.4373517173628	0.0
did:plc:l2u34pyxepcombpqyxbhzgy3	0.0084586466201815	0.462576022973523	3229.65108478855	0.0
did:plc:l2vonzmmfkayd4gl53q6xpbw	0.00694766095546466	0.320715548647695	7355.94329265202	0.0
did:plc:l35hlosfh4rewc6xep7nkpvu	0.00475406838561235	0.8490643284933153	1261.85792698934	0.0
did:plc:l36npgpgdvrkcz5qjeskvi2m	0.00371057514093559	0.671276943170656	3110.16305667109	0.0
did:plc:l3eskoelwavu5mgkq5rmycks	0.00531045751693608	0.54936074123212	4256.20205375767	0.0
did:plc:l3jkvsdyvyko67exegia7ljd	0.00382946132276523	1.3517856843846756	897.1136645478618	0.0
did:plc:l3lx5tqglybfhug4jdnt52zp	0.00719895288550521	0.6743352357111857	1668.716138505316	0.0
did:plc:l3m6wruz3jnh5nsyx3ky62mv	0.00616088716965061	-0.40080336635322	20308.6582117985	0.0
did:plc:l3tg6lcg5mwlqjnf3bkqpj25	0.0116904372292188	0.38074543046929	3798.90489942055	0.0
did:plc:l3xzun7bhc46aiqyb4agvsjp	0.00576784427052365	0.386609725804152	7153.29560907291	0.0
did:plc:l4327rnlfih7pq5zijzwi7ky	0.00751648081352924	0.5807026078089403	1610.3537925357837	0.0
did:plc:l4aaiqzzzvkcr2jlmae5v7tv	0.00827991453379697	-0.179047341884533	23416.5788778802	0.0
did:plc:l4g77dqodtr3fscebx3npwed	0.00566150178833342	0.9832092549133281	2563.467849203239	0.0
did:plc:l4mtwyebf6xbnack4olvqbbp	0.00442423497707653	0.9971973551803814	1176.2441784065682	0.0
did:plc:l4sjnfvazs6m4eewnpvsxb6s	0.00588103923392874	0.6613126657578354	2183.7016333302586	0.0
did:plc:l53owthv4bwfrkfpknejitd6	0.00271678617575675	0.8257578786012243	2339.3134857215473	0.0
did:plc:l55emo2xktottr7rr67tawic	0.00242270419940884	0.814502687325304	558.2589967734983	0.0
did:plc:l5a5watk25bawksdw253eeuw	0.00378956754380382	2.082131972866262	431.9638483184294	0.0
did:plc:l5f6ibqktwsphc7sakhqcalv	0.00690194035816313	0.859464765501238	2425.70808471062	0.0
did:plc:l5p6nvjy244kuxvbusvzpcr7	0.00382800916598071	0.9485710834056016	734.4376942380907	0.0
did:plc:l5wruy3e752hm55lfdgcytk7	0.00765892264979409	0.9273777214458255	1784.6270080457	0.0
did:plc:l62qa4k2m27s6tehlk22i362	0.00968054211278173	0.2515213963963585	5332.5495397181985	0.0
did:plc:l62td6vdfzj5olhcfqcbytlk	0.00381228133704043	0.7646820040808413	941.4219406517378	0.0
did:plc:l664phxvt6vexdxlycpmtwhk	0.0085445741960921	-0.287505412252664	8252.60058231401	0.0
did:plc:l66nx7h243ylzohktdgpblfr	0.00667475728899997	0.6177921510548634	3907.0914301966754	0.0
did:plc:l67rvv2mmnsihf3pzt7k4zej	0.0045211131604862	0.7157509940281063	1495.1800451165257	0.0
did:plc:l6d72cok3lbod3ctwu233s7g	0.0040033295020469	0.6297975824703564	2268.1619337638867	0.0
did:plc:l6eem24tvt56rl2hykn7ypbw	0.00349387466320591	1.1694351615814653	429.4925758491915	0.0
did:plc:l6ib3yqh3v2n2ormrl44b7j2	0.00439955727746695	0.6828794178289181	813.3527514284513	0.0
did:plc:l6irzqhao6ij5y7xmptjj6sx	0.00659260163748811	0.490963524284951	4044.49097501789	0.0
did:plc:l6lh4smccbp2wl3ss4kw3n5x	0.00986912680825822	0.743824709296745	2246.59529905898	0.0
did:plc:l6mvelnsuj63e4wrp2iaajkm	0.00467676516932479	0.7134060137441254	869.7065692381259	0.0
did:plc:l6v5qjqt632dsf7a6khwtdkb	0.0305927344642005	-0.42594257186928	23230.7193632102	0.0
did:plc:l6xjoje7jntvswcc7q4os5ub	0.00289216955883747	1.5210092377364646	630.7349643844775	0.0
did:plc:l6yhcc6eijty6ofezfn7l6s6	0.00704429219970649	0.503139373538127	2869.33706303959	0.0
did:plc:l73xellgvdsitcmkfwcxew2c	0.00520930232874223	0.6380356505581848	3053.118124906554	0.0
did:plc:l75o3pcdretx7z5tbfq76h55	0.0119547657576316	0.5701630937978667	4690.042141819312	0.0
did:plc:l7faovwcgzfwkajihu3ntzmg	0.00297285954127325	1.346188120996213	513.3129816815689	0.0
did:plc:l7jeagbcti5ffeknlg76oaze	0.00501456612134613	0.6971365081971974	832.2581554544844	0.0
did:plc:l7jvw2sngsgnfjq4mtks76pn	0.00604320894596205	1.0069457435327491	2488.7641206089434	0.0
did:plc:l7n27pngjo2zo2svxb3a4lyc	0.00524187509422519	0.8538642624646806	4356.5507074552115	0.0
did:plc:l7ocywjgdwubifuqqth4fb5f	0.011383709519434	0.396989191572396	3170.08991069955	0.0
did:plc:l7xrodjpszvm4eat65g3x3m6	0.00783494385415604	0.6295496581767631	6766.866655077027	0.0
did:plc:l7y4oevmnekjn6b646sefwo4	0.00441386021722354	0.9018513084163015	982.1025112415903	0.0
did:plc:l7zwg5onozdwgpgujxqbsina	0.00494341095429958	0.7676810776468276	1407.7846660907933	0.0
did:plc:la56evmdlce2kgzcoetuakdk	0.00270954821247884	1.5861483870567832	249.11727144157547	0.0
did:plc:la7mnpd3ad2tvchayrbhzny5	0.0129380054161435	0.528592362361334	4071.6240227768	0.0
did:plc:lacjitce3prgpbga2bbufwdh	0.0138301959484856	0.8211330444196607	4635.354679986227	0.0
did:plc:lafcqzhri22gy5fa5cc64i5b	0.00814358001673216	0.849340050674627	1388.267370920494	0.0
did:plc:lag6rkgmmxdmtjqvdadc3iuq	0.00546448087486348	-0.174881962020307	17205.7759618909	0.0
did:plc:lagbkd7bzx4uuiaebxejmr7y	0.00519297345816119	0.8049825347165974	1616.9242400212006	0.0
did:plc:laiudsjotpdkifi27cf5rsx6	0.00317971264821345	0.8234282194485675	1451.1618504494143	0.0
did:plc:lawmik4vi5iehvg5rnvo2uho	0.00598115526631281	0.5877013409497092	1384.660744342807	0.0
did:plc:lb2jppe2h65amsmyeewcqjr4	0.00519645120469271	-0.0587270246528971	13900.927386701	0.0
did:plc:lb7nk3b2wjl26b3lwt4dfoqt	0.00892133009231329	0.5989463203612313	3687.6717688167323	0.0
did:plc:lbbdcqkgzaejhr3vibov7bhb	0.00214832613831066	0.8240103283511133	647.1847291104984	0.0
did:plc:lbbmiiwtid7ylk22mytr6dc4	0.0181074766815917	-0.126923337584178	16497.6370596233	0.0
did:plc:lbrsf63x4eu4gao2qf37n6sl	0.00512724900117335	0.561069684109023	5673.93797366459	0.0
did:plc:lbvb45qhptwbrckoi4447zsq	0.00338248506997635	1.5412515180108741	508.3028214977916	0.0
did:plc:lbvquajtpxrxbw453im4ueup	0.00214341726940325	0.5482336551640646	1508.2090355474857	0.0
did:plc:lc3c6ld5stskefiefedkgqsx	0.00789320952276754	0.6136264701350754	2156.0087875216814	0.0
did:plc:lc3wezw5ul4lo7zwpmb5wfei	0.00976788153684415	0.5196351484619008	2461.3700604013684	0.0
did:plc:lc7qwkacbbdozhmc4dxqv4o6	0.00672910793881933	0.565645914390967	4020.24797530101	0.0
did:plc:lceudlrpczwcasrehqfr7vcz	0.0145848916365069	0.349543951774773	4963.84807159446	0.0
did:plc:lco2djaempvai6cxgsfisvdk	0.0022800495662976	2.571643617805053	187.69806961853476	0.0
did:plc:lcpxzptu5djgifytfnigh3yc	0.00218449483564628	1.463978888166845	399.27087961360536	0.0
did:plc:lcyts3g5bze365ldmczsxrxe	0.00626304801850758	0.5214703857243427	4879.063402289045	0.0
did:plc:ld5beftqobz3fklkq7r4adyq	0.00625434329576788	0.486138361377521	4163.5523937488	0.0
did:plc:ld6sqgpdky45yxubivovn34g	0.00531316414849464	0.363126610586216	4545.64925219195	0.0
did:plc:ldccarmez63zznp4d6jnrdyn	0.00394773082013823	0.7781565262460546	945.1427884822946	0.0
did:plc:ldejbl6waeictyvea2ejfmbq	0.00803552548124422	0.4387358569910059	10262.247085807581	0.0
did:plc:ldsb4c3bkgramv3dtiz3obly	0.00751973931674226	0.8323398062591875	2038.798856613226	0.0
did:plc:ldz77dyx7pzrjwju6gbhpqgg	0.00556360475276319	0.7720105470570844	1373.9734890576462	0.0
did:plc:le45erwxrb56obvub37ordne	0.00446568966702854	0.9471041930608632	1064.8117983976526	0.0
did:plc:le6rojzdlcqqbun4mwlo64wr	0.00247230542506568	0.8624706390886755	483.3515465929888	0.0
did:plc:lees3pxzv4y4ohzjycw2tii4	0.00584237055362782	0.5534783998547813	1624.2172145237284	0.0
did:plc:lens7d52dmyc2hheuxa2onyd	0.00480889333080928	0.6982438236894286	1033.0421182894474	0.0
did:plc:leyqu5kgdnpbs7wdqtyj4eld	0.00339031955612517	1.5815615124083982	604.5911158407719	0.0
did:plc:lf6ha7vavy3cj7b7fd2wayfz	0.00456085483545468	0.9777312402486605	804.3335482939087	0.0
did:plc:lf7prdhix5sphyidqigpsagg	0.00224267009664682	1.52227448031739	359.5946234181449	0.0
did:plc:lfejfzlz6xz2x3wesbnyqqc2	0.00843328336199412	0.5085044391497959	2537.9488198793633	0.0
did:plc:lfjg3pzktnq376kntlmp4e4k	0.00408750283880914	0.4322691001019846	6162.077270803292	0.0
did:plc:lfjku2zgwhfmanllb3am5ces	0.0057817393422201	0.408968880936553	1797.7879720573	0.0
did:plc:lfjszs4b7qkezd3bnc6hjery	0.00518277935501743	0.5689096938298055	3170.022830924555	0.0
did:plc:lflj35yqbxq6vmvvv4vyep4r	0.0099569429605404	0.5568704616951706	7703.874857171268	0.0
did:plc:lfpfh26ng2ezynjzrpjmfo45	0.0043165820520726	0.8341891771986382	713.5992654403742	0.0
did:plc:lfpvze334lfo54732j7y4l7u	0.00638092945029826	0.347697762635745	5001.9610033325	0.0
did:plc:lfqvxpfnq32eobc6ke62hyo7	0.00436723760067125	0.8338115476442447	435.15279473999766	0.0
did:plc:lfwuzpfckc6ium4eb7hi2t3j	0.00478468899603463	1.148553196482151	1258.4455845854702	0.0
did:plc:lfxcx6pww22nce353fxrgicd	0.008117802533855	0.943901343119632	2389.78510793521	0.0
did:plc:lg6y22i5hsipd6lvg4tbumim	0.00496154800371032	1.0754026864384794	2067.2203388673324	0.0
did:plc:lg7kbpbjocwqohkdcueyhets	0.00259931719433302	1.521001345200861	185.26601638087777	0.0
did:plc:lgeliyy3qtjrcm2qvrv2isah	0.00596896140280602	0.582134364132303	2735.42274043872	0.0
did:plc:lggx3lmlmhchn6do7lt3glje	0.00435679889934375	0.8789333839687272	1086.925679953531	0.0
did:plc:lgmicsxxfi46pxwrai2xplij	0.00373014045625809	0.9730682441241059	1312.8392521761964	0.0
did:plc:lgqui7fqmkfvvhhxr7swzioy	0.0102543068190479	0.14814486911758923	9514.869831271071	0.0
did:plc:lgskcgqbtdzyz5futrjmidvl	0.00213812272832728	-0.252776759292255	27526.08931519	0.0
did:plc:lgve5yrf2xhn5lia4kg3oa6n	0.0078035782307563	-0.219849508749496	14175.8113325228	0.0
did:plc:lgzo2ia2zy64japvfqmbcqcd	0.00654378885532773	0.5209718096185929	4492.818242263864	0.0
did:plc:lh4fmbapg3dmne3dowqn2hto	0.00470127326237287	0.43209494279383104	4920.2618502487985	0.0
did:plc:lhhs4ii7c5247bejvfoas4n4	0.00503009072198242	0.6847536448430815	1857.9602396092328	0.0
did:plc:lhi6xaqo5durreflfjfykbjx	0.00251412640354922	0.9503690393752015	547.7106867419102	0.0
did:plc:lhmcwmycwaznpa5bitdvc2oe	0.00451616788199161	0.9053886911292979	1073.5939487509654	0.0
did:plc:lhnuutlqw3lcci7iwgb3zpd6	0.00913423353310175	0.611144919570357	2526.871587379211	0.0
did:plc:lhxdmyzogev6tbj575xowfbo	0.00345049220265383	0.9030110822130212	990.758664258275	0.0
did:plc:lhy5prjs3negghe4j3aufsim	0.0092798812202732	0.8113656225774262	2389.8378415353286	0.0
did:plc:li2ayfq4ywlszqofiomeapky	0.00405515004060591	0.6070490119168674	5197.5897142263	0.0
did:plc:li4fkcmqurfv6onjqo5h63kr	0.0046055661565888	0.46475331708061274	3489.410255048516	0.0
did:plc:liabyesgathfco5ma4dgauvg	0.0095011876510201	-0.23766009308909	14907.4054169581	0.0
did:plc:libcmnoo4kr6izapkdeh2vdy	0.00320539856601042	1.8875506107224171	463.14288883414355	0.0
did:plc:lijjuby7w2plcs2axyrhbmfi	0.00835997049799312	0.9463716897376551	2003.6407006925383	0.0
did:plc:lijznmdaxpsgir5nvn3auu5r	0.00607828835597729	1.1757500909805834	1197.5222459493743	0.0
did:plc:lipviu5dbckh5p2jqmn5v3ge	0.00272867025383843	1.8637528996767907	261.8401538744238	0.0
did:plc:liwvflw2n3cwnoepcv3oop2d	0.00532359875571559	0.7239630862910909	1506.928669251147	0.0
did:plc:liypiqy42ewi4zg3odjplk6s	0.00525958602029497	1.3558097622523138	841.5186974505378	0.0
did:plc:liyxiihi3dizx6qprf3gzdd6	0.00559342772293528	0.453170290696908	4486.26431733647	0.0
did:plc:ljcp6q5ykevf5yka2alkogvi	0.00562248996034053	0.515057958595156	2965.92300138403	0.0
did:plc:ljhd7ezejugxjjkelq6un6uk	0.0149309443822585	0.4092589695535555	8195.416932529153	0.0
did:plc:ljjt3f3kqiyidbc7kumfzb2z	0.00340251786368695	2.0556054808600224	357.42369612923954	0.0
did:plc:ljo5hyumkopbpdd7brvrv7rm	0.00381688849265694	0.8620958254018791	661.9969387785169	0.0
did:plc:ljvvzcrbeumc32lsgome3ovc	0.00276140010466583	1.2298369740931374	471.48452390128494	0.0
did:plc:ljxttcbmh647imt4duc6ujif	0.00377056672767322	-0.29872812081184	18774.580426557	0.0
did:plc:lk2mimtuageqz5rszxbriscj	0.00398367664233946	-0.368384673342708	17693.6270178324	0.0
did:plc:lk33cvnzprvg27z3ao27rfgd	0.00358241580350775	-0.0758820727557535	1535.20395671403	0.0
did:plc:lk4hjhizipgpymlgmwnqjyr4	0.00631170092424361	0.870109933018543	1540.1039060049277	0.0
did:plc:lk4pjh26bzdxud4gepgsmqc7	0.00628693574930206	0.5186874051625205	3498.9347618092247	0.0
did:plc:lk4wdwihhijj3ryck6essu2k	0.00540357987449245	0.9050664005007096	1871.544375181935	0.0
did:plc:lkaenxfhsbvuk25a4ghpvdse	0.00230164589401543	1.6367467120459531	345.0119353266001	0.0
did:plc:lkbswixyvy2irggra3563dfy	0.00305695926146969	1.7612953469783763	533.3416587050237	0.0
did:plc:lkcnhobbu3l6bbxhtyn7lw64	0.00650380710821003	1.3496393725876814	573.7710544834034	0.0
did:plc:lkdqsavlcogrdgqfj73vdvja	0.00527240773298656	0.8837154104673342	1192.614502958736	0.0
did:plc:lkf4ljazeyzbqzjcwbfvsyyn	0.00336845741934001	0.8791565499567903	2425.8616480391906	0.0
did:plc:lkhgndsi4k4ec72nmmfg4nt7	0.00484741654810476	0.7479389895174092	714.1904710434321	0.0
did:plc:lkuv45fduqd7rrez7hu4msk7	0.00498946668217122	1.1757510496514594	1394.9811591737193	0.0
did:plc:lkwykcie5ffigjndbeuoqj5h	0.00702370501077226	0.666059958306992	2860.44011953486	0.0
did:plc:lkyojgzc6oe56lx7l5m2rtfv	0.00459875833543445	0.8398675096136867	1860.7879481978532	0.0
did:plc:ll2yai4ag4hkfpn6ja7gauj3	0.00440120454124787	0.5817332382672243	2982.15442588034	0.0
did:plc:llavozdoqv7pzpmas6x5blks	0.00639534883890455	0.2423398579646285	7669.82330394942	0.0
did:plc:llcq3l6y65kdczrppmn5eags	0.00583090379233104	0.6288692417639201	1899.1198404062939	0.0
did:plc:llq3xazyilj7k5vmhk57w7tv	0.00262894002243505	0.865895986448013	507.9697005252041	0.0
did:plc:llzjo7limrhhzr54qei2wnze	0.003732320587046	1.1331363768447589	1126.4970286463813	0.0
did:plc:lm427mlobc7k3mihd5mvupjs	0.00702824559204445	0.5826623549190019	4359.7075250432945	0.0
did:plc:lm6ms32dncpxpifsxvo2ixjn	0.00947672023332158	0.5065657549583085	2364.5759208969025	0.0
did:plc:lmpqey7pr64bmmk3vglolqpz	0.00286686973676655	0.847996733801042	3641.50813316709	0.0
did:plc:lmtieqchvpjutjpqaed5tvyi	0.00556002143674571	0.8638539010746387	768.8297688403845	0.0
did:plc:lmysphkt3evy2zimyugcvz2x	0.00562976045931168	0.8244629709164818	1305.3321528800498	0.0
did:plc:lngauw5l75vccxee264s5ioo	0.00476009139458708	0.648101886438012	3404.07518804391	0.0
did:plc:lnit76z5chxitx2urand7yu3	0.00602058652369054	0.9638893525683719	3479.111630123721	0.0
did:plc:lnzzl65hipgwky763x3hu4ne	0.00769822941207376	1.105591425738931	566.4170853432316	0.0
did:plc:lo4eusl27l73dtu77rrpbsr3	0.00279102221205951	0.6693673710476029	3968.8572295210965	0.0
did:plc:lo4movx44ccasem47t73hiaw	0.00427817885727643	0.777502215834163	786.1011041397531	0.0
did:plc:locl2r56peqr63qbc62k7eih	0.00647445624847191	0.5939354813752028	4379.591330431974	0.0
did:plc:loetnua5b3so7zzp5ehp3ucg	0.00906790384099439	0.718347368836032	3554.35441770026	0.0
did:plc:lofqaq7cgiomydd3znh76j32	0.00648228176480794	0.501207957461141	2035.338621721	0.0
did:plc:logdxf6l7j6nne53nozha3kn	0.00215603289948107	1.4228762752590163	989.560430934466	0.0
did:plc:lok6hztno6hpzcn7idaihcvp	0.0108861726593881	0.456280066824444	3276.87742955422	0.0
did:plc:loth7z7ereh5wflsgsgrcccp	0.00346813836408302	0.7470330261768734	1561.0290206530808	0.0
did:plc:lovi6mhxh3awqm7q45tf3vyn	0.00848579214062343	0.409918070804627	2910.79114962212	0.0
did:plc:loxj7tnhcpi4tt3xxdvbpa3h	0.00574652596619424	0.7642256046961042	1851.485667138219	0.0
did:plc:lp6pifz3bqqlwwx3njtejhjw	0.0083157152962917	0.6484024596177183	2268.417744583434	0.0
did:plc:lp6wfrs3wtfklh6nfr6ksefh	0.00320512820569232	0.9518408237476055	2739.7332843952286	0.0
did:plc:lp7f63aqqduypmab5nz2bylk	0.00536254207371471	0.6293572701013026	1642.84766246656	0.0
did:plc:lpc4k5tawly7gvomvwpjyeob	0.00718276137867004	0.8023328349752714	2332.15786619555	0.0
did:plc:lpeeptzasdxkfiosv6t4clar	0.0073581770720798	0.4703467873867518	10489.734552986329	0.0
did:plc:lpjlp6leujvtdjxmi66s2jlq	0.00437898089279421	0.6482930254889059	1144.3301557444827	0.0
did:plc:lpjw7qgkflq23btxmq36mlkl	0.00349278663672618	0.8261009425767853	1177.445533738722	0.0
did:plc:lpogoljo22n5trxlbztmbyog	0.00504540867879977	0.6000253243244923	963.8320399116708	0.0
did:plc:lpu6rzfpsmqdpymsu65qtmba	0.0062734163998105	0.4868081856203608	3743.3508217177873	0.0
did:plc:lpyzqwmqqiymf2euwawlssul	0.00212925357841275	1.9129347652266144	308.54345765801406	0.0
did:plc:lq2l2lcoilqz7jymnuhh3f2r	0.00588938989819208	0.148275970953701	7220.29660020653	0.0
did:plc:lq5rarvigoibekqcsvpf5j33	0.00746268657247776	0.7016985948712912	1270.304794248226	0.0
did:plc:lq5veo2w32udrxz4z6vmhb27	0.00598996276716391	1.1589945538782096	1010.8462852334069	0.0
did:plc:lq7yyjymzguwxblk7zxs47hn	0.00359561467403173	0.5662994801672497	1251.7474579412633	0.0
did:plc:lqgvaux75tkl5357zq6pnamr	0.0122239747694109	0.42749204605663355	4609.999122766494	0.0
did:plc:lqh2pqtcxx7uem5rspan675k	0.00684872871162283	0.801952449801276	1379.8184126993085	0.0
did:plc:lqnjl3xzqs2cks754faa53xk	0.0090369952020782	0.0636882000105687	14719.7764769393	0.0
did:plc:lqodoj6iqiofkdrog3ymeqtk	0.00341707270817572	0.850361356439561	1788.1919106371863	0.0
did:plc:lqol2w44fmbk5dmofdt7jq22	0.00830847891308815	0.6155380874903443	3555.8126759575835	0.0
did:plc:lqooth3nsxbvqvzx27i2ab3e	0.00428273103856221	0.9609479043409502	720.8821252746957	0.0
did:plc:lqw33htxxraemavf3fgjrxar	0.00391226665054106	0.6012340891364906	1444.5920409831283	0.0
did:plc:lqxnwiw77xqssenhvtrnvpgl	0.00526154251194509	0.684987891270786	1787.29849736034	0.0
did:plc:lqyr6v4eombci2chv6eyyxrp	0.00929491435674284	0.5497753600898322	2563.4664437121683	0.0
did:plc:lrddwge34w2wabpqcg7q3wgq	0.00815896828935944	0.9825304736822221	1301.0974586514315	0.0
did:plc:lrdtqvgwgg7xvxope7kjl3qj	0.00268817204301082	2.3150521454101547	426.94521832082074	0.0
did:plc:lrsocvn6yvjrwv2ldn3kh4pa	0.00520471894834628	-0.50703698519478	27896.9699619712	0.0
did:plc:lrspef4gpxud6yzvjukwgutj	0.00334702571134152	1.2666404184014959	722.7950119270789	0.0
did:plc:lrun3td4xtoufgdwrfxpjtsm	0.00681901954254935	0.626508293948092	4094.78369554965	0.0
did:plc:lrxmcpcogrzcb7msvfxfhkrn	0.00233448616606983	0.9742870338602487	314.65453311400967	0.0
did:plc:lsapjqcojoq3sbgzj4tlrk42	0.00443069720886127	0.5645321104310841	1571.0655245667767	0.0
did:plc:lscpfebshbcahja27254skge	0.00920502092332291	0.46533118200853296	3408.8984450963035	0.0
did:plc:lsdrespyuaxesevkqi7ab5c7	0.00622234513458553	0.604955876075359	5062.09057990102	0.0
did:plc:lsiulpwsflbziffy5lkw3dir	0.00838457239054632	0.7510270864324853	4662.73025369339	0.0
did:plc:lstea226kzybcodc7mpydxtk	0.0109614782419709	0.25254895108461256	4395.829516930761	0.0
did:plc:lstishaajw2dhjixwbeuqdzc	0.00382912528451757	0.469075176035211	3304.23986225944	0.0
did:plc:lsuokamphbpjltawmnkasa6s	0.00260759049877239	0.9790472355126046	1272.125545764083	0.0
did:plc:lsv443h736w7wtwbsqagt2gp	0.00282809479504089	1.4359580157946634	496.61055585296145	0.0
did:plc:lswgqustmllga46jd47xuyya	0.00391182862471152	1.6315265348201475	393.6146481353231	0.0
did:plc:ltcpv3s5otysfvpbixqx67xy	0.00544924597698004	0.689523635973002	1982.06079780042	0.0
did:plc:ltcr7q6tsnxab7rb5x2snjow	0.00289158436306853	0.7497014090918708	2876.2016376945758	0.0
did:plc:ltg56e52m7mgcytnqiuvjbu2	0.00663716814310792	0.7571554825227557	1701.110839365318	0.0
did:plc:ltgjtkgrqhl2qfn4lakclvf4	0.0025038750447614	1.289855724917621	1336.4294634732137	0.0
did:plc:lthah7gqctdzl2tx6dn7jcsv	0.00312346992195115	0.9106790530661842	657.5811357245973	0.0
did:plc:ltjrnyaxxua6bstlgayvu4j7	0.00468415417646311	0.7498053401286727	884.1795164284156	0.0
did:plc:ltl4hukrhpx7wvld63764jfi	0.0055428027551284	0.534684067644203	2029.00744095334	0.0
did:plc:ltub5e7fbggl32f4w5bkitrl	0.0027141763520592	1.704684927922208	350.2734259798463	0.0
did:plc:ltxggegn222p3btndvjbx66v	0.00438090846314357	1.8133056610740665	833.1759358758194	0.0
did:plc:lu2xwmqctphnnzwr3hcao7lv	0.00479846449152519	1.4508972459588891	598.5703642369414	0.0
did:plc:lu4kmipdpapjmsklccmcbpvy	0.00364695855586476	0.5966436567234865	1339.9067348887834	0.0
did:plc:lu6b6fhzj5em6v2i4rc2owq6	0.00699067909583543	0.199230814523414	8620.34686832075	0.0
did:plc:lu6xu7ptivuqkrxv64vcjgq3	0.00917622523746698	-0.164770402289721	14471.5387507535	0.0
did:plc:lufqbouc3hjqnalsl53rmhge	0.00506627802136965	0.48208026655257863	3436.056946454023	0.0
did:plc:luib535j5se25aaclgpajjka	0.00657489213223485	0.9464242498468918	1980.9436734733029	0.0
did:plc:lupljnyixnqbqxqy7tfhlqxj	0.0111030654195565	0.6182382285551475	3434.65865610599	0.0
did:plc:luufjxp2xnjvyyon55vcndxm	0.00484101661349516	0.257785878861281	7233.41804830919	0.0
did:plc:luvouimcr35ajnnjbycho2zj	0.00375667303770152	1.3300046673607326	515.0054648781071	0.0
did:plc:lux3mkcuqhuy2zu6yk5bzfp3	0.00231182430141702	2.1655569627099718	295.58913824234884	0.0
did:plc:luzlb3u35eoxl5fysvg5b534	0.00669914738271535	0.7458952800021609	2239.4121572002446	0.0
did:plc:lv6qcz63edfke7tt7rolmeye	0.00814299901103416	0.690901785864499	2640.67206584661	0.0
did:plc:lv7lkax5eq3toilnretxfm6j	0.00474708171290156	-0.0451638832392986	8370.79312357977	0.0
did:plc:lvngiywf36erx5rco242wqo5	0.00481019240850243	0.6907112290446867	4616.2074056023175	0.0
did:plc:lvnv53efujbl2h3b76xibnr4	0.00288162584379151	0.2866355703934472	10015.87056217671	0.0
did:plc:lvq55a4m3o6a63jytqabwty6	0.00867410161427876	0.688387244436267	1740.63184494089	0.0
did:plc:lvsl3bmloemi2hikdoo27jht	0.00440034125201271	0.6123206341772005	712.3574549855009	0.0
did:plc:lvu7ubefdri3he2lkomhyeg3	0.00530002765291798	0.85692209658718	723.267538818784	0.0
did:plc:lvwwi4todcx5yh2l5kfjp2in	0.0110138379071148	0.45778103265822	4711.528313036759	0.0
did:plc:lw5dadzkguntwgkj2jxmulxk	0.00677148194984405	0.717791042213822	1616.71618744185	0.0
did:plc:lw7d55dyzjtxjbxw4qeqi5we	0.00737157337129411	0.190689022719191	9008.35816188405	0.0
did:plc:lwbax3iyavvonxvdkpdtwfwe	0.00697775839641765	0.9369757904295044	1586.0892831218193	0.0
did:plc:lwedbg45a4xr45sib73zdf5e	0.0108803165268221	0.5299137540890866	5590.642852604582	0.0
did:plc:lwqhvyoqdjmu2il5nfwp6imt	0.00289351851929647	1.3645196253164584	581.0890131262478	0.0
did:plc:lwz3xuwezmx2tld56m2pby7t	0.00518969219759179	0.351936457189425	5163.15750188768	0.0
did:plc:lxemmved4tdnuxhvixmkkszy	0.00456423561159309	0.6645715156232598	1966.0784847008879	0.0
did:plc:lxempo7u5sgdcip4fpdoaw4l	0.00672193591900215	0.6685600312571748	4839.642908339952	0.0
did:plc:lxiaavewx4jty46xltw7xejb	0.00487151382369601	0.616965102918066	4291.63918649566	0.0
did:plc:lxopqgweuk5bqvwgvzoikpex	0.00490331491788736	0.7539734907470537	2127.5087708955157	0.0
did:plc:lxqkuhiokzktwpatm3pyoqb6	0.0116829807457495	0.19451312093191084	9453.985755369555	0.0
did:plc:lxuhcwfqtxvmsyl6ves6xqon	0.0112141470856344	0.329537056922606	4279.24084762061	0.0
did:plc:lxz4ewnqxokxlb4evp3xekub	0.00284367890884919	1.2421004342475201	1495.9305675329808	0.0
did:plc:ly2u6u4fqx5qx3ymtn2unsik	0.00480840361080852	0.8980841307698542	1603.4762810473906	0.0
did:plc:lyem7m7diqqrz7t3kbnojx62	0.00379362670746616	0.6284169404744366	3203.7607892169153	0.0
did:plc:lyfkmbk4gmzfpfrrukz2vxlm	0.00816159967759081	0.730696160567129	2188.17898465741	0.0
did:plc:lykk2f6w7blgwtea5yrusqsa	0.00357148989516803	0.8344405874872314	579.410010595423	0.0
did:plc:lykz6p7i733ntl45gx7tzikr	0.00769779045387603	0.955493136222879	1647.9888027749234	0.0
did:plc:lyoj4s2zuozxyvelrtcee43h	0.00827472073206523	0.417815077295861	5129.04991107782	0.0
did:plc:lysh2w4nwbxtru4zrf3giu4y	0.0162954915933124	0.5194512096837679	6719.255525110269	0.0
did:plc:lz27ueuj5vnvleluwuswghrt	0.00610851599188716	0.21816860937762	11918.7513236055	0.0
did:plc:lz3clymtc3lps35fsnlx5kte	0.0057621440559272	0.616788424855828	1953.09618762201	0.0
did:plc:lz4br5nubm5yytiy6ltljl5e	0.00289397526982139	1.5010858995149052	444.9113875844147	0.0
did:plc:lz77ghsacctpxf3rffmnheds	0.00515316347045012	0.667284530981199	2475.31015870336	0.0
did:plc:lz7nbgb6vxyvlayt7ozxjm7f	0.00612950545037737	0.7114413539379147	1837.3261424818145	0.0
did:plc:lza3rhehkt7yz6txgoalwnf2	0.00283204449887769	0.8541095925929716	832.5587093952589	0.0
did:plc:lzcgomd2iutym2vgnajyr5s6	0.00479737406974341	0.592933959824363	1580.20962412454	0.0
did:plc:lzhoiqcmix7x4umnzrtxzd5h	0.00354115871358905	0.6513284425224426	1114.1181198723236	0.0
did:plc:lzivn5qnzmbmnvv7fqrddoxv	0.0040847587439367	0.7998953663127852	1122.8021418034027	0.0
did:plc:lzj2it3x5oaz5d36qaxk5zmw	0.00491929285240535	0.789908541112202	3402.51210077381	0.0
did:plc:lzoak66eupmphc3kssuht5bs	0.00258114978494894	1.6503139719725068	184.90018168850202	0.0
did:plc:lzrd2nzwgfcgwo6yezxnbd6r	0.00272975432229816	2.094261140385327	398.35129330478935	0.0
did:plc:lzwk4cixjcmvfwelhzn2m4vj	0.00772858266131681	0.6213232447532562	2620.4141436443456	0.0
did:plc:lzxz4eaydidmyn35t3754hng	0.00469657644382851	0.184024831621988	12811.6222308531	0.0
did:plc:m23cj4vapabl5i3osvylbl3c	0.00382304751534538	0.9187513487328555	1313.3326790648844	0.0
did:plc:m2clsuw2tupnkgbawofaibkx	0.00295566502465964	2.106395368237528	428.36198795397775	0.0
did:plc:m2jpfcxi4lq2n45vrqu7mhcm	0.0067596113237824	0.6435138399944733	2554.959936505651	0.0
did:plc:m2xisvojpecgbtvxtppzcjb5	0.00564971751461816	0.369912178294601	7094.12963021683	0.0
did:plc:m2yu36dsjmgbcpgzeml2iy5l	0.00303263377717902	1.0171274561639567	657.3462724570225	0.0
did:plc:m2yvrkwf2wpg7juszg4sorlv	0.00412454782134753	0.7046766354516792	1507.740622485099	0.0
did:plc:m3aet6aojx3ghx3bj4doqx3t	0.0134631317540203	0.570364247479483	3088.43600756715	0.0
did:plc:m3b36kxuzqbhf3kuvofgaxdv	0.00412573673875494	-0.016498805319473	12113.8309393717	0.0
did:plc:m3dm7gwq2warj7mdt3ewsgil	0.00206472106421836	1.284510510051147	624.3764384447554	0.0
did:plc:m3icea3v42zyi47vyttr4zzh	0.00222958722513978	1.65309402352855	425.0361006643515	0.0
did:plc:m3khsyl5d2bhbzz2tbcze7te	0.00551896029962234	-0.293790707966956	23620.2137118312	0.0
did:plc:m3r4syz5xkhel43awg4m536v	0.013722886254047	0.641676175219878	3856.95350156814	0.0
did:plc:m3swmgqwf7recu45bniv2idb	0.00332991803328758	1.1829171374704028	1892.7292963400328	0.0
did:plc:m3w5rx43zqemwt2lfw2gg5hc	0.00608297806165913	0.720628873802134	1485.84234691864	0.0
did:plc:m423m6p37covuxkfezsaxicf	0.00915534554332793	0.646446301004301	3231.786091016	0.0
did:plc:m43rg6eejsomamvhwtbnfwcg	0.00232178714865741	3.2723221517147594	88.3526980962985	27.0
did:plc:m4dzkohlnbc6utjyrt3wlli4	0.00933367902569013	0.0522911135013211	10121.928343667478	0.0
did:plc:m4grg77yaxkg7emsmety53u6	0.00411194059669168	0.8402793483707018	1317.0789515610184	0.0
did:plc:m4jonb4xlphq6xmesiuymdbe	0.00587361121159219	0.635159714123659	2340.33025180906	0.0
did:plc:m4jxvgpreufcq5vqu6eg5kgg	0.00715182617361672	0.5705087835353929	1629.4207154686696	0.0
did:plc:m4kiotd2zrdtjzayvuwvxyww	0.0050473836018497	0.2221074209652023	7283.750006725008	0.0
did:plc:m4olu6inc36vvxoek5dwi6vo	0.00506634499465674	0.5986172839220437	1076.4927867404472	0.0
did:plc:m4owyljps4xtvwkgp6r6soqu	0.00240335095791829	1.468006568430019	991.0804402541202	0.0
did:plc:m4pfmvt4gynk6rihvnoqvxha	0.00457334949083628	0.528037009116051	2265.58122303334	0.0
did:plc:m4premhasdjjxaku4pb6lvki	0.00311644159045277	1.3321054914369075	835.8398489000604	0.0
did:plc:m5jxqkjjepuzlp3ddwpgzbac	0.00555555555607531	0.8542171034831584	2333.6097758689148	0.0
did:plc:m5qvottes5pttp26ra4accoi	0.00340741888066433	1.1314786476267134	1974.9401936904942	0.0
did:plc:m5soh62ifdpq443v3rnjnfrm	0.00514275580842475	1.007228879265533	1319.6866267683276	0.0
did:plc:m63typzs2kgt4rzc33no72yq	0.00594688221920345	0.8411247031188175	1316.64859937786	0.0
did:plc:m67ywhslpevjtebxfe7rb6gq	0.0115070527111656	0.6345778329844692	6151.113358330548	0.0
did:plc:m6amvf2xpycplchvnyxsuquu	0.00377367560845424	0.6417458115561068	1285.2635766834549	0.0
did:plc:m6fcg7sgvk4yamk7itx4s7iq	0.00653732602436136	-0.317272497505324	24749.7639475077	0.0
did:plc:m6hisiucrybmjtjehsm7rnei	0.00502389413132723	1.4899489143486764	606.9132237100326	0.0
did:plc:m6lbo2wi2yzbwup547ogi5kj	0.00405233863907746	0.48204642166699013	708.2000180885215	0.0
did:plc:m6oxcqyppbuv22327q2xdzgf	0.0046172971053172	0.748702456358077	2026.6468777267605	0.0
did:plc:m6oyxizgb74kuzs6ovo52qqi	0.00675039246611755	0.8476773192111288	2735.633362664552	0.0
did:plc:m6tmmfyrrsq5p55hpyew2bzk	0.00610851599188716	0.888121799097544	2411.17732086698	0.0
did:plc:m6x2ssoyoowwbzkyh7mkvykq	0.00271469590204378	1.5952538712749358	677.9013080721813	0.0
did:plc:m6xlh2i6nr7fch2lyo7mcbhr	0.00361873054940063	0.5760290097966911	5220.70678294953	0.0
did:plc:m73sfjlbhq4cjyp35f3y5aap	0.00212471131648165	1.943735155157948	210.11815651957696	0.0
did:plc:m7fyge4gdjxgtshv5nvkn3u4	0.00402947271472443	0.9601267110525255	3837.063468634843	0.0
did:plc:m7wvfd25nfiuhfo5tkp4kd6x	0.00400514947818282	0.9455414704722777	1366.5440773742334	0.0
did:plc:ma2njkikj44wfhcs2xwnqqc4	0.013388587845593	0.39455963669597144	4835.355439322547	0.0
did:plc:ma45awjbmqf2vpts2eakziob	0.00933977455986578	0.5158765549594486	3191.5908249330637	0.0
did:plc:maayygsclou6xghu7qoyd6yo	0.0108769544612846	0.4978360465273776	4934.246599412025	0.0
did:plc:mafbdwwgjp6a7jfremguf5ro	0.00460758716110988	0.7764202925927195	1762.3080791239852	0.0
did:plc:magpbicqus2vh4v7yuhqbj43	0.0063717794827375	0.593663763227522	2247.2542414899503	0.0
did:plc:mak4a6t4ofbaqpcova5kujwb	0.00637791528014816	0.8919185386355976	1449.8734815067646	0.0
did:plc:maot3lbksogilqv2i7blxooo	0.00671140940329729	0.6653318601114877	1604.1146155724573	0.0
did:plc:matnlm4evwm7wpyz3bb5bcso	0.00305601167683232	0.9668533244598597	757.5201998929963	0.0
did:plc:mauvd6xbulap555xlmxuq6uj	0.0239477504623622	0.11226972547100475	14164.304841483137	0.0
did:plc:maz7esngowpk2tl5ijas5y2p	0.00430028259022595	-0.177558522128723	16289.295050867	0.0
did:plc:mb7gg563yojyqmi2xv3uqulh	0.00450066901856518	1.6865687285176971	527.1224428213667	0.0
did:plc:mb7squa5k2ys4tehhk2paoqt	0.00505145878590036	0.5995250139154799	1470.4830554865682	0.0
did:plc:mbggqx6ndo56sgfyi7fxyn2n	0.00333866265410102	0.695041163234533	541.743436555558	0.0
did:plc:mbgtmqrvty7ohqis5myimhbl	0.00581196581423166	0.6551246108590812	2671.370512488953	0.0
did:plc:mbifhh5leypvjoh35nqexjax	0.0058751268515224	0.6367172508857986	1935.557116655485	0.0
did:plc:mbmssnobu4dkt4cc3j3ap5ou	0.00456016475528851	-0.308507875487347	24749.7301928961	0.0
did:plc:mbqylqyif2gucfd2dy2lpxvw	0.00306350626131067	0.8449085338308289	1188.7115008711426	0.0
did:plc:mbvbu2vlqjxqoc6phfohdz44	0.00994365264624526	0.577652716333903	8322.64860826073	0.0
did:plc:mbxqyt5dxhg7wf75sg64gndb	0.00761316872928238	0.488706046435777	2747.0276116542022	0.0
did:plc:mc7g6z4vyx76ceorohk4wggd	0.00531303848422543	0.2201846330053945	8793.91628808318	0.0
did:plc:mcb4yq6ej5ywbhxwjv6hdyym	0.0167319331306878	0.39896959201319976	5209.459926323736	0.0
did:plc:mcjqv5q3jqid7ynp2yfie34e	0.00729749452801621	1.1144941489932627	2446.6384747879056	0.0
did:plc:md23aswekttnfst5zer7vl3f	0.00244084218372601	1.0656637851952442	516.8087646615131	0.0
did:plc:md2iksn7bqdc6jhx5qy5rhit	0.00288455878040084	1.0078461511583243	620.2439212122225	0.0
did:plc:mdmxyjwedfgvknj5azn2w45u	0.00596943648728504	-0.24889955303676	14856.7801448712	0.0
did:plc:mdqcxowx3laoftnxide2hmda	0.00437511889017762	0.8269200362991723	3671.305018903579	0.0
did:plc:mdseubxg5hxjn63m2cujceyz	0.00804394742022047	0.6625738686524167	4854.604277320335	0.0
did:plc:mdu6jzl43rjxv2y6ggafwrrg	0.00788332676839684	0.49062891331016095	5204.770663736614	0.0
did:plc:mdvusmky3zdu6se3b5b3hh6k	0.00643712575016513	0.527297166617069	3933.11882688634	0.0
did:plc:mdwfvb7hbh6fbatfapre2f7v	0.0029125221421336	0.6172484608964882	1131.1096996821927	0.0
did:plc:me3rjwng3rpo4i4jvcnrs6s6	0.00342274934376934	0.6610824823440185	1633.1199978473662	0.0
did:plc:me4eqe7dh2qgviesya6ja5gy	0.00395050374177726	0.7125780209409336	619.9210541531024	0.0
did:plc:me4h5sz53ak5xeeqai7d6vsa	0.00220430419405351	0.549387531833622	3906.13841465627	0.0
did:plc:me57itcjm2qadqdyym4i2ik2	0.00498899486499114	0.02853381096977389	16511.806101077138	0.0
did:plc:me7je3jw2oejgexjkqub6trk	0.00489339391897542	-0.185711486849758	15378.7121168801	0.0
did:plc:me7melzljxvyoaajeir64egu	0.0184544406432937	0.2487110421231	5910.32378083739	0.0
did:plc:meeqy5a45g5v6zl2xcfraol7	0.00783566285563971	0.7674113865247553	3294.510052382252	0.0
did:plc:meld53u4eu3vl6skgxp5g3ax	0.00251011016599513	0.26371010178699644	8331.103761860259	0.0
did:plc:metcvnykmwhrnhhiwt6wjq75	0.00359728609847682	1.3565745938253313	308.39614392472635	0.0
did:plc:meuzycdbjuehlueppvvwmpi4	0.0039198092047697	0.5912332568810891	672.5096584496945	0.0
did:plc:mfdky5g6pznlivjn6rdhp65l	0.00329625051514251	1.7849301576765617	558.4444980633026	0.0
did:plc:mfhkq2bnytekwrelfusszeux	0.0310310312596387	0.547675309392904	5077.15611303718	0.0
did:plc:mfkw2xnak674hs4ztygrhiyw	0.0153780435861791	-0.281205367671158	18635.7965280781	0.0
did:plc:mfsfz25biimn6l2mgkwlbgr4	0.00342395398251759	1.3848702708094882	475.45374775290725	0.0
did:plc:mfsknrcavfjzf2lfripsdfxr	0.00554917719107255	0.926341222264237	2318.3205495335037	0.0
did:plc:mftaaw3ctnnokl5lekg7unm2	0.00895856663240061	-0.177940585260104	13193.6811627699	0.0
did:plc:mfyhm55e457lnm7utnn4yuj6	0.00770686858243058	0.8498721134477065	1509.7915283689535	0.0
did:plc:mg3uwwxksjzmahswkbltugzl	0.00232749024596693	0.6369346381407578	936.4870004517951	0.0
did:plc:mgjjp53kd3ahmvuytdfjnxvu	0.00385908128999703	2.368046999819699	275.6632891494053	0.0
did:plc:mgmxn5q4pj7siwntfujmstxd	0.00624877953706567	-0.12798923872107	14673.5795388518	0.0
did:plc:mgonpluvxerlvhkda63oopip	0.00788709008336689	0.6182464488563888	2364.984517228493	0.0
did:plc:mgrnvbebnb4bm63fe36cfwzq	0.00645280236153193	0.7121014410785129	2206.4014629080016	0.0
did:plc:mgtvhemqvnmvqdssteem6trd	0.00438413361276162	0.8036078018983549	4018.650862065252	0.0
did:plc:mgwbnkjunk23gmokk3pkmltt	0.00418756996583378	0.8221355009603294	1381.0191305485325	0.0
did:plc:mh3irgjpy7iz5tf32clqt6zm	0.00405891221179861	0.8708814866138063	4402.635068201439	0.0
did:plc:mh5mt4ifqn6otuf52ddfa7nb	0.00444167381073801	0.678662208448622	1458.78952810692	0.0
did:plc:mh5qwlpl2xhdjwxdw74tupr4	0.00286036231272095	1.0215995447569348	797.3810320158057	0.0
did:plc:mhkuix6cnbwtucjd7hwdl5bw	0.00456033676351999	0.5159883402166281	5001.333725213459	0.0
did:plc:mhucad4nzjvuozx7krgbqdjt	0.0053429423465097	-0.292909138403906	16713.5242544814	0.0
did:plc:mhukqxzne6uwcnkwguacva6n	0.00294459258304569	0.8548506959660239	883.6209162770991	0.0
did:plc:mhyfas7r2ugr4o52uegg4ia3	0.00314207263578117	1.0947483242109355	417.21711867853116	0.0
did:plc:mi7pyomnwnczvdqp4dlwj4dp	0.00520422646333709	1.1760274316962132	2109.768456289763	0.0
did:plc:miab37ndfqv2zs7tsbzkqde6	0.00265892949959724	0.5886887156608358	460.9737112591575	0.0
did:plc:mibvcqzzsablinrv5eww3nya	0.00359244348103296	0.806151142366235	3524.1732971932884	0.0
did:plc:micbbomxnachoayse3x2rf77	0.00473125761086705	0.579605558377647	1926.85573497806	0.0
did:plc:midxgddyhhwoe7fkfdz2mtrj	0.00350894452958739	0.6428340234704116	474.8048010709491	0.0
did:plc:mieextl2bvpm2csymfg76k32	0.00376587476497464	0.8298007176828827	1462.6949199314918	0.0
did:plc:miihh4tqer5ujcsupeorgpbs	0.0113688040092871	0.468735330563284	6914.47317829803	0.0
did:plc:mir3m727qeojgw357uu22a3a	0.00357736041946292	0.5032534075199567	2501.4106453728245	0.0
did:plc:mixgr5dw7xpiev7g44ukdwbo	0.00274595951689479	-0.234634981894303	21556.4776785007	0.0
did:plc:miyqbcw3obezrcgyibqcykhg	0.0105572862675538	0.12600225809836105	6976.635452351525	0.0
did:plc:miyyzu43db63cwc4pbqnu2sm	0.00372559095616015	0.9782464445850905	1374.6090464849735	0.0
did:plc:mjaaokco5rf7sznptvztkmo4	0.0108006574748921	0.462523281708084	2317.50847694088	0.0
did:plc:mjcmviz5d5rvfxwlkfzkzman	0.00544579533996463	0.6124777770894472	2463.2476503494877	0.0
did:plc:mjfg7v45vo3qq3blcfjzmu6h	0.0108827085937656	0.36492838827	4597.72885583067	0.0
did:plc:mjlp5vmjqtroxv77z4m4c2ww	0.00636201412229023	0.3052558632276622	3916.8668790059464	0.0
did:plc:mjudptvkp7uerwyjcq2ume67	0.00408809178451964	1.1276304800870418	753.2509272137886	0.0
did:plc:mk6w3z42qu7cgdsdghu45ky6	0.00268682977867313	1.166312774387904	469.3918278336954	0.0
did:plc:mkeumrxhwjus26h7o4ilp2gr	0.00724011238499858	1.0054604703398495	1731.6951000709767	0.0
did:plc:mkgmsi2dmhkeuiq23ln2zk6h	0.00433568925691336	0.8185628028362283	1327.5736054956114	0.0
did:plc:mkgwvbbk35fc3orrn7asznfw	0.00943396226677044	-0.0728185312409668	15886.3694268431	0.0
did:plc:mkicewoh62rnyh4srrkwxip6	0.00729387868156401	0.7573320968383663	657.4651625404774	0.0
did:plc:mkkbvbqrttfcabggivlctb6f	0.00214747406029581	0.9077213802302132	1528.5957953719706	0.0
did:plc:mkmfn6iivvkcbokowxu3lqss	0.00356052899328554	1.9285081216437059	462.02524027433657	0.0
did:plc:mkpqmzatt4rf42nlgv523im4	0.0116959064670338	0.22842825289131025	6711.933273297872	0.0
did:plc:mkvem426sccxm6ald24ptivi	0.0147172734486284	0.2863386111731689	8413.995279715224	0.0
did:plc:ml5jii7tlq4x2iuf4mptxm25	0.00714104836788921	0.52137123248128	1436.53994896212	0.0
did:plc:mljts2edcuchfwreac5kor4x	0.00661455202208543	0.8516245601626726	1531.1708716887883	0.0
did:plc:mlldz2velup6mqqa3glpfdsv	0.0042509934389194	1.6377592988386684	500.60851055320984	0.0
did:plc:mllhz3jyxvsaqnnudtl6nbjo	0.0041596513828565	1.403407554495428	851.4805847367121	0.0
did:plc:mlnxlkuqyederm2jgf4hybzu	0.00805585392473317	0.5976374192615345	2107.784409222171	0.0
did:plc:mlqf37dazhnmiy3c5ra7kxmt	0.00561191452672896	0.6678821307426812	3271.2415904359336	0.0
did:plc:mltx2lvfxd5zy42um6kpgyyn	0.0024865481819765	1.087384523931277	1391.9481885207283	0.0
did:plc:mm2zh5drin42grahe5tzn2dq	0.0029885890238681	-0.309577248817383	20686.7846206072	0.0
did:plc:mm4q55vuxpjnin5m2sqyd3bu	0.0058527375730175	0.9820188016365674	1022.1423791042608	0.0
did:plc:mm6g5xyrdzx5lsk65s7hzrlo	0.0209318028657373	-0.15479937779222	20323.4177929915	0.0
did:plc:mmajey32quq2t63udxondwpm	0.0141906873805874	0.134269257020269	14782.3795590316	0.0
did:plc:mmidmuiq4taeneq66u6skvhz	0.00627600310453795	0.9474176301723816	1269.8795364441683	0.0
did:plc:mmq2bzdmpe6qjvzvva2czpv6	0.0051656031607823	1.0846766009816824	626.9433674566075	0.0
did:plc:mmrnfmycxbuzxxnkd6ew3rj4	0.00396233211576586	0.5861021003613108	948.9459240922058	0.0
did:plc:mmz2oqhieb2wdcuh6jkcq2mz	0.0042916749455892	0.841490936876766	1137.2282087769531	0.0
did:plc:mn4bj6w4gf2hnqspmxtx5i52	0.00627195183320829	1.0997169762853096	1302.614171458942	0.0
did:plc:mn7gk7m5pnjtgrx5dolgcxna	0.00610712222692277	0.550451627568213	2361.65017292827	0.0
did:plc:mncyhd3ryg6f7twa47mqtgry	0.00640524917981619	1.0557012595265463	1766.6399816017736	0.0
did:plc:mnhcg7w3iidbwpwl6hkca5oc	0.00390673446638481	1.655222381374643	661.8135061993642	0.0
did:plc:mnhkaldcumlb5tatpllo22b2	0.0140721196326747	-0.336048694070027	23353.6014222178	0.0
did:plc:mnhwmuqsv32nmxtvdienkmdv	0.00574762692910505	0.6589899259768298	1710.9027244639694	0.0
did:plc:mnjcinbm6rx2spv5dyzwk67l	0.00545915383170434	0.289014104072929	4208.91180738202	0.0
did:plc:mnrmjwrqbg3bggnbfta6qfbr	0.00851063830144581	0.8769075261238553	1360.1540483856031	0.0
did:plc:mo5slut5hxnws65aqvfppzrs	0.00206333285580309	0.9467497438186114	414.35125115744216	0.0
did:plc:modmlto6ec7j4k2znbhjtfqn	0.0177854274726112	-0.105448991259086	12670.5249036247	0.0
did:plc:mof5eajfqqk7jxfwm2yekoxg	0.00700881754593766	1.152954193395146	1275.2813526860657	0.0
did:plc:mojizn5kz4csjt47vmmtcpx5	0.00944969427720337	0.222206426043311	12355.7854509514	0.0
did:plc:mokfwnrg6p4ztc5454anpbzo	0.00265086153000547	0.5382795563858565	2426.221207174357	0.0
did:plc:moo6wdbapndqopkijevcn5wu	0.00527970336994427	1.0374941402609548	773.1745035258984	0.0
did:plc:mosmrkdoooguqvdjfbrt4q4n	0.00515641113797848	-0.191052807043065	23347.8275749755	0.0
did:plc:mox7yrw3rdufbc4ctzklrd3q	0.00577145056022138	0.404126618425406	2993.21907125032	0.0
did:plc:mp5j2mnursjnx5wdyjj5zpco	0.00661864901846382	-0.213197819464788	16107.1762048399	0.0
did:plc:mp6j6wwdbbsjlnotzr4y4dw6	0.00699463744591839	0.8895512213437398	2477.9853970386675	0.0
did:plc:mpf5v46eosbr733sj6eralch	0.00532201562980274	0.7048581888851646	1896.592461401888	0.0
did:plc:mpgtnqyamzcmwrchcmejvagj	0.0049734427814107	0.720871864797273	1673.3307399331306	0.0
did:plc:mphlqph6ml5eujjmwl33tcqy	0.00404265700283707	0.6955375975359711	1990.2618564114	0.0
did:plc:mpiupgiwdc3zqhf2oqhwfqlu	0.00532720238056717	0.18234339368591143	5112.068217498558	0.0
did:plc:mpqg6ogmgst6uzblz3fqjsgv	0.0130317187363456	0.3111312083889675	3945.386006195772	0.0
did:plc:mpqp37gteozuoerwjuq5woes	0.0110519852656459	0.9128615280474631	2566.9725786867884	0.0
did:plc:mpshozguarihfktl7at3npyr	0.00509848118996279	0.6923972447770194	1523.3509335191475	0.0
did:plc:mpsqalfgvumclhxr5xqcs2go	0.00284424114489803	1.3982808003156524	356.20551906325494	0.0
did:plc:mpwr5nq3ipbmu4t5wnraafem	0.00368621126634835	-0.302302370557129	24469.6029633624	0.0
did:plc:mq5fwi5o3rxiw7hdl3sw5mcw	0.00218555611603144	1.2635869129442292	779.3758734223002	0.0
did:plc:mqcyx7r47blsq4hvz23lt6mm	0.00454235748449438	1.1895043016535625	989.3647555038646	0.0
did:plc:mqjbjyyethzuiolialtxvscr	0.00438086723397425	0.6213725431555922	1724.968114672486	0.0
did:plc:mqplt3ok3pc5h4y3ce3wz4o5	0.0031785310494577	1.0517672544893113	446.9642959685635	0.0
did:plc:mqyp24a2jzhstmd7vp4idxz3	0.00588139193160891	-0.249741604381344	22887.8644481955	0.0
did:plc:mqzmkd4v3cthej6rsuqdw4n6	0.00483005367124318	0.6066947418865716	781.9219371720129	0.0
did:plc:mr5rd46adijbpnc7ebtuajkk	0.00467314676439262	0.867194430927125	587.0267734868326	0.0
did:plc:mrjfrta3m7ihypn4w4glzlkg	0.00435814761032329	0.6438356323026087	1571.5977042200411	0.0
did:plc:mrkm7ir5zvxhea5omtqg7si3	0.00269078834392982	2.147000724903174	305.34463568576996	0.0
did:plc:mrlay67xlh5olj4vfxewt36b	0.00895316804714401	0.369025119549908	4043.56831669885	0.0
did:plc:mrsdlykftzz4ty5jdgmgkzw5	0.00763213127762298	0.6831852494787131	1665.8597248214035	0.0
did:plc:mruvxvqnj2nfqrzywgdc4maf	0.00728422210119835	0.697959531707289	1515.37461832418	0.0
did:plc:msba3giudbmaf4peyfrdnqja	0.00366103154985077	0.5572466213041	4826.0849360531	0.0
did:plc:mslnhsxteljsqx6dwhsrmubx	0.0066118656198314	0.9685530051001521	2134.774941155253	0.0
did:plc:msnsiczqjrct7mlidqgewfza	0.00368867576576464	1.0400564315555112	2235.6119821588522	0.0
did:plc:mssi4g6a66jr6dzaetry535x	0.0071077091319039	0.586245000184731	2661.44648079185	0.0
did:plc:msuuydkpfk3f6vllbgeafywb	0.00393670981936084	1.1730679464715632	277.5611188134625	0.0
did:plc:mt3o27mevht5v2byisqg6dgk	0.0127579737388629	1.9462391881837482	1629.0022005097971	837.0
did:plc:mt7l6nxennpryzidf4ejjgos	0.00717021903665743	0.7063716045365281	1139.3958724293896	0.0
did:plc:mta7ttupv44axypnxroqhpx2	0.00436488203789867	0.8925969623505913	830.6950898179575	0.0
did:plc:mtm4yjoqpp2p6sfyu3ft7ipn	0.00378923285941878	0.8177338474763625	819.569794364646	0.0
did:plc:mtw2szzds5avjqwgqutd4u6u	0.00657711903814828	0.7835023096309167	1269.1542572789187	0.0
did:plc:mtxow5vc6pyss4mk25hzr2g4	0.00770598696392172	0.7752179932829644	3374.8667819483785	0.0
did:plc:mu44ry6m3jdxykwhuqex4qew	0.01161483701901	-0.722612565431743	34152.867659761	0.0
did:plc:mu4djzloo4njcuefstdefepa	0.00345836658694722	0.9447255001237637	1321.7501518568688	0.0
did:plc:muh2rrft3egkqq7lmsneyato	0.00471590477000523	0.8064184701928698	2147.4737261104415	0.0
did:plc:muqxpliay7y6upaa3ujti5kf	0.00769686205338946	-0.0469894352201423	15477.0276811267	0.0
did:plc:muwttcs6bhhlxcjkhde55mav	0.00979519146316475	0.47509759251514677	3987.7695261617687	0.0
did:plc:mv7et5q3fp54mtbnb2qxpojc	0.00327064595268154	0.135237943122382	9346.52308475949	0.0
did:plc:mvfhazcizcxs4onfw225sjxt	0.00220264317180916	1.7650131284642085	317.1700607963629	0.0
did:plc:mvglqyuukk32346l6dxlf2jf	0.00304964316044247	1.0904198815153372	734.8442364313657	0.0
did:plc:mvmfhonrfi2pwippivfcrvdw	0.00447277200145419	1.7639150597592221	466.8447049191575	0.0
did:plc:mvpfjj2diucnlurm5io4nrcs	0.00648348255797094	0.6826093815014433	2579.411285434643	0.0
did:plc:mvuu3jqxvicahrfjef7ckwap	0.00229553354764855	1.9076588136679766	988.5313570621433	0.0
did:plc:mvvi7p2tnoavluxn2a3cbivc	0.00258141651839318	0.8699981803636557	612.6452148537235	0.0
did:plc:mvxi35t6ph2qizxgvkuwo72j	0.00471055618701145	0.5887991657396902	3182.9605698449213	0.0
did:plc:mvy2qcmmp2d76x646hrlgaxa	0.00216862719334956	1.12551112011654	283.6586619935645	0.0
did:plc:mw3mu6sbgvfcl3cgetfnmxax	0.00508370584694269	0.8664985887130853	2286.273752784952	0.0
did:plc:mwf4dpyposqziymffm26gb4o	0.00538680233485188	0.6740017216037016	2780.038133937167	0.0
did:plc:mwjcqcvmpgjwz6r2swaoz33t	0.00566980588171094	1.0177821179224742	1387.9422201374177	0.0
did:plc:mwjjyqgdptuzu4xbvtkuhlyd	0.0110438190320181	-0.587217499030631	33362.6715078884	0.0
did:plc:mwl57df6m7c7jqyisphfz4ik	0.00635126377221921	0.7949425439563399	1896.4073040706082	0.0
did:plc:mwmwigs25uhy7u477ifdatcu	0.00487342629020198	0.175282708484467	13358.5254201723	0.0
did:plc:mwnw2flhk3hft62mrvvvgcel	0.00231709436373141	-0.128114314280929	16708.2436605056	0.0
did:plc:mwobujyiwwmiacgpucyhmfa6	0.00559504007309298	0.6989391444634967	2157.6301925043535	0.0
did:plc:mwraffpsburm75gfbxzk52do	0.0115735040701163	-0.0964585158687567	12261.3634313965	0.0
did:plc:mwxqd2woe2xnyevikvved3uj	0.00862301268222402	0.530219615703168	3828.35981077356	0.0
did:plc:mwxupf6cc4uqpepytlhbf5ut	0.00604708507216683	0.6678826504343852	1243.1377203160653	0.0
did:plc:mx4ajnfm2euevqq7kucxgrzn	0.00834610799220792	-0.13106721414067	12608.4980836258	0.0
did:plc:mxd2azr5ggygbczbjb4cx2rv	0.00529045643213837	0.8010373547772738	1883.919085424803	0.0
did:plc:mxecbg6ge3hziwcp7ag4nhzs	0.0035570148441044	1.5511183081629905	532.2613241408682	0.0
did:plc:mxqzttl7sfobdf4n2jr4ewzh	0.00641470180473111	0.8516373954584354	2593.408641233705	0.0
did:plc:mxvx62d4qjyocyfimzha7was	0.00752739400231825	0.8925219326860346	1336.8804234363363	0.0
did:plc:myd76sl7xc4chlpqo2p7yk6x	0.00512163892512154	-0.18391112719601	17091.6218625909	0.0
did:plc:myghwpbiyfaubzdrewqywxoo	0.00365448505020896	-0.219757815131035	21035.2670627589	0.0
did:plc:mym3xdfha35itjc6y7nnm3cm	0.00581848407935306	0.46901035005417196	2744.6763003352203	0.0
did:plc:mypkmz2ytnghjpkc3l6j6l5w	0.00343331267033268	0.849412411501611	2727.55495984661	0.0
did:plc:mypo2u7e56snsi6gtbglzqtg	0.00685178507169682	1.0759791292197929	1748.3659936987303	0.0
did:plc:myptox3ny5g2mdsaxzu276kk	0.00734290727254362	0.5976571975869334	1244.208134984241	0.0
did:plc:myrxhuhye3xy57sossymowod	0.0163642832357008	0.261928293293427	7653.37502559349	0.0
did:plc:myvkecujuz4h4iu6rjqxtv3t	0.00528445215396311	0.693247991393302	3425.04416151355	0.0
did:plc:myxkjecgmvvqiyidy5asj3c3	0.00571329640127876	0.7287782522059328	1359.3466706169172	0.0
did:plc:myydrrrhdcmxvnxqh3btp4cf	0.0128205128465247	0.199590808248629	6928.59729458268	0.0
did:plc:mz5ah6btpggujdx47ii3i4vt	0.0069494196942254	0.327297049057945	3397.15355365569	0.0
did:plc:mzi6x6oqev6e77trv7gjw5wb	0.0132514544514753	0.483734786900905	4339.56439312063	0.0
did:plc:mziv5vvgmwb67ylwh4pifsj6	0.00796971508704252	0.608500240540447	3056.11623276852	0.0
did:plc:mzj73y3gogmc6nk6g2w55ste	0.00573509331141715	0.7553383846350649	1574.1988402887896	0.0
did:plc:mzo2zqzjp5bl74v5f2nbfwhz	0.00554910311060031	0.9221485322030962	1909.2904578799553	0.0
did:plc:mzragqqkfdxox4yrchllsyvm	0.00434171881007885	0.715633722700039	2221.43763711676	0.0
did:plc:mztdz6z3eiccfvq4lrd4l4lo	0.014049586875624	-0.425344953278721	25925.9333562162	0.0
did:plc:n2orftryqml4jxts2w46yo7n	0.0049175289424604	0.9726380126097663	548.9253704411077	0.0
did:plc:n2pgnzkiwwjrfvau2fulrrjv	0.0131030375466962	0.5583424316853338	3027.634136342541	0.0
did:plc:n2spsii2ywzwdmwpfhsuhtcp	0.00294594196509031	1.7074780226096917	300.94204375846067	0.0
did:plc:n2swhyi3ror4x5ognhmmzt2u	0.00571352644405538	0.504699857891418	2230.9718318459	0.0
did:plc:n32z74slxmido3575vlguqkq	0.00660429279185165	0.5419894714819624	2352.6387095154932	0.0
did:plc:n35babwcvrn4qhwjg362fmb2	0.0073260073271311	0.8600516040799261	1391.5472891232519	0.0
did:plc:n3emfbiwsewn6srw3yj4vvxi	0.00841705133533472	-0.0232368094425245	18127.8233845995	0.0
did:plc:n3funzdseociqywkxnjqbgbx	0.00657894736997701	0.631312355077411	2517.1390436806	0.0
did:plc:n3gijms3w5tcbokkpd5edtjj	0.0129918337295225	0.4028259503538822	6749.775801206183	0.0
did:plc:n3jdbkjncnhc7x7kr2m6b6tk	0.00582442020769435	0.403399158765436	5545.66783859308	0.0
did:plc:n3m4zqpagdslrw47ur4sksog	0.00285866241207498	-0.230232088802106	12461.4756318468	0.0
did:plc:n43thy72w5jyn6jvottaqkv2	0.00562207184009101	0.7607320241650946	1213.6681317650923	0.0
did:plc:n47mw3vc5gmkzi6vwanzrwqx	0.0079491256005753	-0.330146071360384	27150.761947781	0.0
did:plc:n4e6vpcmnond26zactowajkb	0.00222459280846535	0.8683386382160236	564.2379194733119	0.0
did:plc:n4iuwlgvek44tayba4idoa2p	0.0134014039793718	-0.0150637821812506	13067.4861429466	0.0
did:plc:n4jmnwi36zxeizrnby37sesb	0.00538284082227928	0.9652012080672104	1055.707428394007	0.0
did:plc:n4kdwcs2c3ytgmjngmrld7lp	0.00395308427483816	1.3922698126525481	522.1914653483615	0.0
did:plc:n4kqgemw2dbxajcpvupcgc44	0.00604055803451945	0.8763976380874386	1405.7553723403184	0.0
did:plc:n4kr3ufri7wxmautksscyui4	0.00677099007064072	0.03796789856318707	8368.225510817343	0.0
did:plc:n4lbcjfl6kkdc3l3ve4s7hlp	0.00242428009764759	0.9966610822764028	529.256822931282	0.0
did:plc:n4ns27e6ydbhpe6vtl7nsgu3	0.00333307792516306	1.2085574213668657	596.612816471525	0.0
did:plc:n4ptmyw6pcuheihj6fld54p4	0.00450725522794562	0.9431145630534971	588.1448966781232	0.0
did:plc:n4vhhjownb6y63thbvxsbnck	0.00274773976263675	-0.430395844609353	28477.9939026713	0.0
did:plc:n4ypg7w4a4xyz56vnjxuyrhi	0.00494233937471247	1.4478336047008475	515.2721553551651	0.0
did:plc:n52pih7hza6lzfikccvpx2ym	0.00407048639763085	0.902639596680522	1441.9626766608083	0.0
did:plc:n53m65qa5yuj5gdmjoio2o5a	0.00906931549736705	-0.101191935409099	12827.1380273123	0.0
did:plc:n546z3bqm56g4rj3mwk2g4ds	0.00226903980612948	0.7021965560098062	660.4864253229583	0.0
did:plc:n57pa5zu3i62hjerr6uvjtsr	0.00237449615249538	1.010549889126466	397.0086776266393	0.0
did:plc:n57regv5vfrd6gumk6skk7cn	0.00779423226905353	0.448678156221544	5596.63580509824	0.0
did:plc:n5b5hdja3vvwwxz2hrbqttq7	0.0270916335348563	-0.512250063074753	24069.0468266467	0.0
did:plc:n5cjipod6zycvicalvpdwkau	0.00344112680918095	0.8968725670080125	602.9199654532439	0.0
did:plc:n5f7w4v7l65vjfaljp4727ng	0.00326107807406703	1.2011346522476611	608.799028481779	0.0
did:plc:n5mzna3ftjnx35577zsr62r4	0.00381698558618493	0.542685070200521	2957.01865852639	0.0
did:plc:n5opb5yxx2anwqq6ehwwlsuv	0.00379237288302836	0.6835019053467942	770.474145675874	0.0
did:plc:n5puo4laos7uyqctlmfolbvk	0.00318317738990981	-0.388619749740629	21744.6418499506	0.0
did:plc:n5s6nl4zc6wel6kj2baqehtt	0.00701802669730273	0.8894024849973737	1447.7585759351425	0.0
did:plc:n5xkwkqgvzeqjvkbr4uiq2e3	0.00675211719647946	0.587459534811304	2368.2136025825	0.0
did:plc:n6ccgulxw6p6hmgw6w74g7kf	0.00425612052754146	0.779360140412114	1309.0573903565155	0.0
did:plc:n6kl7vd6oniipgobzmlkxz2e	0.00272127355621323	2.0457653430333482	304.2580220564004	0.0
did:plc:n6pzlivrfkp65kpy5byiazsn	0.0127591706802973	-0.262546729728546	17799.3388365315	0.0
did:plc:n6vmdcchjtu7nbfg4fos7zyc	0.0107843137342441	0.421384795510912	3816.43947840993	0.0
did:plc:n6vrwkkedmymls5kdahvbdtl	0.00568145950430473	0.549588299204957	2685.9005270041	0.0
did:plc:n74pv7hesfo5pnm462m2c2zw	0.00501472578276835	0.630492592551488	3786.66152210053	0.0
did:plc:n756jw2dnc4bg6vnqvew2uxd	0.0038083086859804	0.7925455537798536	811.3118972709863	0.0
did:plc:n7dat42cl6435xgph4jte5qm	0.00479904019277346	0.795340760720376	2473.310065399683	0.0
did:plc:n7dsov235y4zrtshlhvgaqy2	0.00757976379847681	0.425762395991795	6177.06277307439	0.0
did:plc:n7etkpy7l3mi6sjzk7h4kmyl	0.00302649534554734	0.6257340106817936	851.8444290084151	0.0
did:plc:n7hg2wfbiptk2d6xjbjrbjyi	0.00257776250219308	2.5812662088673117	254.17443243599183	0.0
did:plc:n7ibpwyxwrlge3ncjgvkp4is	0.00412567438934085	0.16136679923293235	5295.665581201631	0.0
did:plc:n7izjq4a73et2dcqiy54vhbp	0.0173410405148977	0.20658887918501165	11680.530820917778	0.0
did:plc:n7lhfnxrnw5hqolk5wtcc2eo	0.00315168767794164	2.807399218841732	199.50285601730096	0.0
did:plc:n7smypt75e77eta5bheaos64	0.00406338886766641	1.2641741055865532	630.7780665401785	0.0
did:plc:n7vpbo7fnxyxh5tipjozionl	0.012583562726698	-0.269301848838233	25357.946868901	0.0
did:plc:n7zttrwglryfssyh2yycb5fr	0.00459971525590712	0.7859248577034823	873.938019963885	0.0
did:plc:nampyfcyxub6yd7mmssl5vgo	0.00431560947828025	1.0624979127550735	825.9751056809422	0.0
did:plc:naqk36yqbi2tarnim3eg7wyl	0.00388012878756505	0.9087325749372821	950.5645023553551	0.0
did:plc:natwbfyhibqmzde43552woo4	0.00627615063658862	1.379820601727756	1035.3506817050452	0.0
did:plc:naxmvvxmg2ihdqj4l77e6nu7	0.00510835913326114	1.1804831132126943	518.6546492319372	0.0
did:plc:nayq7szrhgj2objfdmuwdi3u	0.00740614625014991	0.7257607641281908	1095.431967008505	0.0
did:plc:nb22azmvkphsepw5ok2jmdll	0.00261825798590064	0.8455312662940987	1353.8391653705733	0.0
did:plc:nb4p554qvz4kqllwp6a6mrso	0.00465949820877377	0.34607892493951237	6359.132928008098	0.0
did:plc:nba5ufzddkc7r6cb4jdtqfn5	0.0198938992389791	-0.143456133837039	15104.7011217167	0.0
did:plc:nbgoxawrfaaupzd5bqfd5a4p	0.00271340242890835	1.5304389612520157	338.2247773644117	0.0
did:plc:nbqqarvppqmp6idvbz5wrjxe	0.00531561461853465	0.5169271416193263	2658.2648847776736	0.0
did:plc:nbxdc3ncwppczj2ta7vqq456	0.00748458176683791	0.7501567146976281	1294.1059692579354	0.0
did:plc:nbxdwkvxluvaeftf4ygmhddv	0.0117053018200147	-0.251831117964701	13527.678736754	0.0
did:plc:nbycyhcflju6jjw7zm7nkmbc	0.00515599056256787	0.4031680923415268	2948.123037270308	0.0
did:plc:nbzfbeslbp5yttydunsc43an	0.010554089719104	0.6629792875468441	4255.67053240214	0.0
did:plc:nc2rajkaspc2hi6nodng6i2k	0.0056298381426526	-0.109667713925572	14594.6091000131	0.0
did:plc:ncbrgm762g5hb4ecw6cwqgcu	0.0199063232196817	0.39426783957250117	5784.234647753512	0.0
did:plc:nccv75eeqsdhezp4pn7auqsa	0.00486182190456737	0.7336780997053755	1594.7751829569563	0.0
did:plc:nce65osfk663xzdndqd4bljs	0.0159965412884771	0.470286219890489	3447.67755389379	0.0
did:plc:nchtmuabteu4r65wma4c7cpt	0.00363539634725122	0.7149356722016464	1818.1636970116044	0.0
did:plc:ncoyptzc4z6vohuvvw2pzczm	0.00360172883023067	0.9239906388631596	818.6731038441752	0.0
did:plc:ncsf4gmpalvdhrpyzdiiwetx	0.00292677589664615	0.7528839796625391	1674.201355787044	0.0
did:plc:nctabzm4dbx2kmmlczo2jhih	0.0117200965252565	0.560837742937249	3437.14065418694	0.0
did:plc:ncxjwqi5mfaw4utwirs2vcek	0.00451793620771717	0.918481898786662	1747.1945391315844	0.0
did:plc:ncz3h7tzls53cevzpsy7mthk	0.00364362952522851	2.2565614360131474	336.07776255962483	0.0
did:plc:nd6u5atucbip7iahopy33sbk	0.00544084821483951	-0.637748027687991	21353.5263218048	0.0
did:plc:nddwypzvcxe5rfvpki4zp56v	0.00659250103014014	0.46814199104715	3807.29163768995	0.0
did:plc:ndfjm2f7n3ftufif3jqgs2qk	0.00668516649996868	0.8450355696424596	2196.135522795934	0.0
did:plc:ndkomawobmwtyu34yoq76svj	0.00721106996804686	-0.3974397412323	21428.2480525858	0.0
did:plc:ndq7zhsxyqmqarq4prrc6tej	0.00497589799481808	0.572994864481998	2104.42251899193	0.0
did:plc:ndwtrg3nilxu7hc6l7zqwlpn	0.00496418693782886	0.9314127456475406	1683.5127324069433	0.0
did:plc:ndxd4h47nhylsdfke4x4arlk	0.00396232057445486	1.228456302294508	776.4726192828446	0.0
did:plc:ndxiw6b3mzhawjccorysb6i3	0.00388131515668669	0.9547955630609319	759.846613277906	0.0
did:plc:ne2f5jsbq2sownj6jn7qcfj4	0.00455071058322219	0.6117913265620787	2015.3425625829768	0.0
did:plc:ne7y5uq6s72nxvmrdlgebz23	0.00533602538276235	0.591703200078089	2146.85822017445	0.0
did:plc:nea3dhlsbagnuozjyhibaxoq	0.00550739418717316	0.9833863562227276	1377.1279627782628	0.0
did:plc:nedlfzwfaizhrow6j2han5bh	0.0108264164648048	-0.195584766762265	23604.2481881728	0.0
did:plc:neds6reystkgeoxc2gadjsuv	0.00468319559316129	0.3989741573297908	3763.2016911402757	0.0
did:plc:nemqugppzvbgaqlfvmxkgdzm	0.0024126557537281	0.7722211957354702	1501.032360329266	0.0
did:plc:nes7nvkutfogooeqhuvy55te	0.0110352075751678	0.7232245588711235	2056.6450512153674	0.0
did:plc:nez6tnldvi3qjxonrjnlnyrn	0.00528380433914839	0.3645286391871235	6278.612654121376	0.0
did:plc:nf37hgymaxgja2nxaxgdmclz	0.00337368525549165	0.668010739998991	1803.48354546992	0.0
did:plc:nf3b5maaqpqs7ichvwmgzw6j	0.0135039090485482	0.475195043819273	4008.26149311765	0.0
did:plc:nfcdo4xadtiff6hpqdb62rsd	0.005467353591125	0.774784559467732	1642.9956162219896	0.0
did:plc:nfcgvbatogzshlwk4nwwdm6z	0.00574447012450019	0.659805230095359	2518.7018353352655	0.0
did:plc:nfisgojcjtz22emq67qq6ort	0.0098694683336227	0.298206852656244	8851.919183280488	0.0
did:plc:nfkf7t7injnnvwvswk4u43xr	0.00427896283054811	0.403434542373992	1939.85210169144	0.0
did:plc:nfrq2c4lbb5rneda3m6bhvzu	0.00263170961836414	0.358236400894738	6937.985679051	0.0
did:plc:nfsqo3x6xrmdxtmi72i57etp	0.00952380952635526	-0.366757273120897	21451.7228135362	0.0
did:plc:nfvw743svow24g5azhomdknt	0.00484405857979196	0.5994462747206324	1579.4149500650199	0.0
did:plc:ng5aalzeqx6x7v7xtzdbaa4c	0.00485956675805013	0.658267090936275	1246.9407498914427	0.0
did:plc:ngb5okv6wex2jgbaxfyon7bb	0.00904677846722638	0.48135667070798965	6417.348424695674	0.0
did:plc:ngclv2njyjp2wpb2wnt2drbh	0.00397762585485679	0.48992290985662523	914.3654515463683	0.0
did:plc:ngin66sdckpfptibm426mztn	0.00645909241635192	0.6870849135833069	3327.6236506088203	0.0
did:plc:ngjrh2fxdpphujlgllf2czm3	0.00967290314612285	0.7451609786964266	983.5143547508438	0.0
did:plc:ngmwhdwwnooby26v34zswczy	0.00563244287143508	0.4316825085683572	1586.3006005372572	0.0
did:plc:ngn2vftjuw5o2arsmjwewqrz	0.00722584301618995	0.9187206443570606	1865.4558159172564	0.0
did:plc:ngurzkioasqqpnqhhjci4sm4	0.00678813862121911	0.8993013535952281	2429.7794882982403	0.0
did:plc:ngvafaqfy52umnhrheoo6dcw	0.00727449078679301	0.4631446473176128	4102.415012347537	0.0
did:plc:ngxd5ith3vqehvjicqedkxr7	0.0038175046554961	1.388599837686516	994.0264974069037	0.0
did:plc:ngzpfsahikzom7kkwsqadsok	0.00528501321313803	0.6529329881906546	900.2282862926027	0.0
did:plc:nh4drc5v7yg3kxhnw4wifocp	0.00409272002898559	1.0486708210132454	288.03657437813075	0.0
did:plc:nh4edzfl24y3rjnrvoa2r4ph	0.00248538684591053	1.0789026986443104	563.3732165797004	0.0
did:plc:nhds2i7iyqek7ahr6vtcwk2n	0.00698361536525259	0.0522494251457873	10132.777056265	0.0
did:plc:nhpgr3sglokrlwn5k6dfhggj	0.0039230455390139	0.625659369136153	1815.47420648329	0.0
did:plc:nhrrlrq5cnj662qto2ykuwmk	0.00404726157065335	0.8759883029468916	1514.4271018653117	0.0
did:plc:ni3hjrcdgmkza4ixd2smodtd	0.00334853843141067	0.9364392638094414	644.1849294647686	0.0
did:plc:ni67faj2wwxfoizdomro5igu	0.0142103126459667	0.3046092407926303	4751.14384227245	0.0
did:plc:niaymc5waxcawdlexavvdutb	0.00798983112834766	1.0084301144717458	1340.7770063548417	0.0
did:plc:nibmxwjuvnmfgb26iuclctfh	0.00358380121850835	0.906382461146212	4595.74621192576	0.0
did:plc:nie3jpbario7r4y4rl7pbbsr	0.00480281765383301	0.6458821734661111	1392.102135636258	0.0
did:plc:nihlf75f6xb33uyuyig4sfkm	0.0131578947608995	0.20105970732925108	8186.693516779099	0.0
did:plc:nilpzbecixhdw7tiwoorqkzf	0.00432130147433534	0.7259936804886029	1174.7621087627974	0.0
did:plc:nixgpteq42hg5k2d3qy4mb6u	0.00275145215548669	0.6262146744842059	2644.260379450633	0.0
did:plc:niyqmigkr2gd2gflgqc2smkm	0.00405240707022366	0.7244093087743886	1024.4079854737467	0.0
did:plc:nj5727o4wwczbrbw6rfavm4w	0.0117476956510824	0.572202651066386	4123.55989937426	0.0
did:plc:njdytsc4o7ntx27tb4rqkrzy	0.0039325072034707	0.692121342035321	1476.0173963329203	0.0
did:plc:njf3qhasinwscelhey2zkjc3	0.00282814505793362	0.6517881604153445	571.2129744914512	0.0
did:plc:njf5hdjuswrsnusajmte3ibj	0.00980683507851847	-0.0702400972362651	14658.1324690047	0.0
did:plc:njf5jquid56tlozvarepdysx	0.00508296330986566	0.6768176318223332	1988.7424046993558	0.0
did:plc:njll2xghjmofzzykzobunnql	0.00347335998471069	1.379313704306985	806.6753729200293	0.0
did:plc:njv4ig447bltf2itsypfl5d3	0.00923002186337594	0.309621808851716	5034.61747801682	0.0
did:plc:njyeypn7ywn3ezoatd5qyxua	0.00590009178137011	0.870026313411313	2673.32779532865	0.0
did:plc:nk4cr44cekdvoxbgl2bo443p	0.00676997141710305	0.560755339666466	1697.03840520986	0.0
did:plc:nkblqgxj5jncc7wrqq7ykoy2	0.0124905374772392	0.508971172067116	6003.546734230618	0.0
did:plc:nkbzn2dx3abr5ssmenxgyxcr	0.00657116572636113	0.602386215889813	2804.21691106582	0.0
did:plc:nkggeiosv7cqakn7avyzj2z3	0.00248890635494871	0.9308889834221459	551.561503461715	0.0
did:plc:nkhpahvxfdxsbtaqbdtha33e	0.0120210368207393	0.334891991407306	7024.32435083942	0.0
did:plc:nkk75xgqzpnybyyrjflcqf7h	0.00626270841986253	0.9844068561522978	894.9030110795902	0.0
did:plc:nkm2bnkm5x5mki4aphlrdu5n	0.014143362359747	0.123665412440773	7431.90545685861	0.0
did:plc:nknu4ukq5eldt5ndivcxc7pe	0.00615456528703993	0.8392903920017319	1645.3996969030927	0.0
did:plc:nkp75j65hhkhgh4s5pdhsnjz	0.00290760284314267	0.5253161272615102	3079.3939697800106	0.0
did:plc:nkqoe3mrgjb2fkgraeyvxfxx	0.00341774758127291	1.3868623985019557	466.4559662347051	0.0
did:plc:nksih7rp5u5nsjpgmodmfuqn	0.00766188828963272	0.7667117806958155	3602.611150020513	0.0
did:plc:nkxpvllz4ss6m22dpvp6s6fx	0.00303760343566093	1.1341212237550458	303.27310969258485	0.0
did:plc:nlel2222zkhjaot4xll4zwlt	0.00430023455938458	0.8344062786634757	3400.7458109710406	0.0
did:plc:nlhlrjis3ts5vkkmtegugnkw	0.0052852479409127	0.6614799869496053	951.120557429268	0.0
did:plc:nljetle7i56ubgmxvlfyramm	0.00350958090010754	0.7801971465554607	1068.8886762873008	0.0
did:plc:nll5mqpre46wgjlcbfx4xcqy	0.0128150363103114	-0.224752320355137	23541.2150651503	0.0
did:plc:nlm3djmsixdcfhqq4irf3rpl	0.00576992427020723	0.548498312509956	3287.03092063837	0.0
did:plc:nlrnqafdgkxybkipwma3damo	0.00455619304853844	0.9549803624587025	791.8931809799344	0.0
did:plc:nltnycp33cllps5iaxqzce3c	0.00568828213927785	0.475569956364397	5461.70107321279	0.0
did:plc:nlvl6yyd7w4l6u6n6plyfgoh	0.00524421593892278	0.7841348658650024	881.3547827978401	0.0
did:plc:nlwk6mad2nz5ca3tg336gxxp	0.0156457173306565	0.581298060740173	3354.615047340428	0.0
did:plc:nlzkzxcq3hirqudxko56jiuz	0.00276614241699758	0.114817811061514	15875.4654717217	0.0
did:plc:nm45rbd4oicqaemgrmv7fgxs	0.00245626803217893	0.9843314663115166	405.3813040001603	0.0
did:plc:nm67lclla7y766ydb7gb3u7u	0.0067972810889745	1.1472354411147168	1149.7993353497307	0.0
did:plc:nmcnuriytrpiryo7h37rcnmz	0.00569199957885321	1.4858214347978866	855.8055338667144	0.0
did:plc:nmfgsvdml3qbuslpaqvzdrpl	0.00570342205371181	-0.246721900789757	18946.3506461865	0.0
did:plc:nmgf7o33ghh7eikmdflzimsd	0.00373611578628096	0.9180699731078684	1199.1605050808557	0.0
did:plc:nmkd3xscak5olqrfhnlxokgx	0.00521964063319401	0.589139804368205	2039.9502624737204	0.0
did:plc:nmkqcwsk2ifxcjmsjivnlxm6	0.0065106457872825	0.9146585278892398	3118.488225938347	0.0
did:plc:nmprldpn3543un3jefcbpzob	0.004906771345214	0.7876850645117556	2081.5292522394766	0.0
did:plc:nmwytikjtwaclogy76ph2x6w	0.00377722931814349	0.21154037002773607	1204.5738065074281	0.0
did:plc:nmzkqdtf37uyy3qvmsr2sufl	0.00730816078066924	0.468607713303666	2846.11749823715	0.0
did:plc:nn2nuid3jgp2d7seab6whfbu	0.00573861533001137	0.388965033944218	3174.94386788034	0.0
did:plc:nn3svrfbka2ezz2y4jpw7qr3	0.0055598992294191	0.7623651389575511	1368.7924495424331	0.0
did:plc:nn4l6erfvoaaunxqlz6szdes	0.00466941533047388	1.1053331880092132	1012.425615320212	0.0
did:plc:nn7dtxjspefdmybmium653kp	0.00742390497509591	0.191192868932979	5298.02882790383	0.0
did:plc:nna4h4r7c6qzoomzavhn2hr5	0.00402109618606553	0.46724909947657867	2071.300601875727	0.0
did:plc:nncx3fwjaya4iols45skw7y3	0.0189732143257613	0.1664486107760152	9257.622940090536	0.0
did:plc:nnicbo4ktb7bbvysbeklg632	0.00470389579147941	0.8534575966472059	1135.0308801609597	0.0
did:plc:nnsabmbfgkutsqplpblx4rfw	0.0041679691572783	0.5360711000646186	6076.861576327796	0.0
did:plc:nnu73mth44l5mxc67zbpawle	0.0025537028692066	0.6946315941565906	384.02492236308547	0.0
did:plc:nnxjsvbuspvrpcs7cdwphdx2	0.00822936023756251	1.4678992253855667	882.6161029452256	0.0
did:plc:nnyyjbst5mji2p55xxka2eek	0.00582863804382384	0.69956371739689	3878.80011776762	0.0
did:plc:no2q4yhjooue5upjchzk3xhw	0.0105916174931482	0.2955323520761165	2892.4491976849345	0.0
did:plc:no2yq5kd2o3wqrcb4myl2v3h	0.00701543395598139	-0.402997914195181	24555.2786769971	0.0
did:plc:no5v7647kqn2b2o4dqw7x37x	0.00904977375862534	1.0458074203786036	1886.8960488789849	0.0
did:plc:no6ggqbmzrppubrxjz273cuk	0.00346886551081905	1.0887464938260296	678.8867466464035	0.0
did:plc:no7klxbghdipumg44mep3mzl	0.00452716297806127	0.681544361860106	1304.9953521668	0.0
did:plc:nohqz4t5ennuau3nwxk4z2lq	0.0029465772730683	0.7704376176028631	2468.9347117604507	0.0
did:plc:nont2yyr6zgjd6bryhn7aw7b	0.00436558231343498	0.8595561630254448	644.2446467030906	0.0
did:plc:nopdwrh6rfimfqd6wdbaef6p	0.00664599025405655	0.4802979461724408	5110.962315390724	0.0
did:plc:nox5hqcpiukxspxtnrnekuvn	0.0042288557216322	0.8725724761639044	1271.3410637380641	0.0
did:plc:noyx3zntwmuobuqoulanmc6n	0.00376063683811435	0.8727847007745512	481.4778886684338	0.0
did:plc:np4zlgm7g3gogdhpryc5cbzp	0.00609249515566086	0.6390336122831002	2165.8560456803884	0.0
did:plc:np7jlx2ihf45wuhbehfwgmib	0.00303664214872666	1.6141838095279297	411.31470533386806	0.0
did:plc:npjlo3nj7rpeisck676njzf4	0.00508064516197254	0.765012020498507	1450.746577292672	0.0
did:plc:npkdzorwdvjbj6ggnjfy6hi3	0.00443635159845009	0.6713522763374027	1098.6205800434416	0.0
did:plc:npklnocpazwhq4g7a4hh2cyw	0.0066017679326128	1.4301156673968198	310.3350998251099	217.0
did:plc:npqk5noauhsh7ltycawc5bq5	0.005152979066676	0.49445349330109095	7373.6412503994015	0.0
did:plc:nqa3iwiecgu3wfksz3zlwqi4	0.0096967196324407	0.6532864516086301	2223.6563239755505	0.0
did:plc:nqatj54yejwrlozi6orv2neg	0.00297569153409047	0.7054922093587488	2988.254354859757	0.0
did:plc:nqf7ruisy67ozx5ym7sck6ih	0.0100218868903083	0.5558498967239462	1390.489820296619	0.0
did:plc:nqh6t3ahbqpzmrjsy7hsxooj	0.00505671077573937	0.638473539435569	1814.03681062854	0.0
did:plc:nqnemcqfmodd3aj2njn2zbdi	0.00770514961314588	0.6290259642547579	1424.1948167233259	0.0
did:plc:nqpj2knwcb3zhwh2gzuikncz	0.00396846393994916	1.1638283614095235	553.303602349886	0.0
did:plc:nqqrm63imsy3dgmk4gtitop6	0.00896990741045706	-0.266430811553122	25394.3735911848	0.0
did:plc:nqxdktr6qmcvg3uzf2twxnno	0.00555301993053721	0.5843732382515717	2426.986098180835	0.0
did:plc:nqy3jta2kp4odiur6rxfw74k	0.00215581771363619	-0.110726191023225	17866.5679502102	0.0
did:plc:nr5y5angnymheau4ltaep7y3	0.0061482568298378	0.495053786867488	2821.55317330654	0.0
did:plc:nr6wsuojyngkw5hpm3ar72em	0.00931677018905547	0.22933101962421834	11334.170361667528	0.0
did:plc:nrcqn4vucqgk2gqqw42eghox	0.00394157199313787	1.7732579097645589	271.33407615672155	0.0
did:plc:nre3gaohxhiissdpfkqu5a3d	0.00382615741294277	0.7226611396722504	604.3629256338587	0.0
did:plc:nre62rbmyeeou6zq4zd4moz2	0.00759878419956008	-0.111949131592644	16547.6066073523	0.0
did:plc:nrgk5je5lmjoul6d2x7dphwi	0.00499746505467557	0.7399504211762977	1094.615644498167	0.0
did:plc:nri23ckwpsqfedec24rfrsvc	0.00603383256316875	0.37903746512585945	2297.479083949257	0.0
did:plc:nricllspnh6jp37w7iqp5q6o	0.00528787340733617	0.522124076955277	1255.49917530791	0.0
did:plc:nrie2otgmkvz55ojx6i3agwk	0.0046319109105332	0.72059855162323	1435.77741565611	0.0
did:plc:nrokamqcsytf2hmq6uq2gdir	0.00400816758706262	1.0553913076137476	643.6960285411279	0.0
did:plc:ns5ccttp3cphmsbl4wvflu54	0.00582120582346076	0.42375631027020993	2892.8970087088233	0.0
did:plc:ns7cusnm66uwp3ro36xbuf2m	0.00586969282160798	1.3911494727510167	1210.1791126245255	0.0
did:plc:nsayfbwdrf4ahtbe7f4h2ikv	0.0269559503816949	-1.02896644244922	34135.9617282529	0.0
did:plc:nsgmzkymymfrqw55xchtj4kg	0.00326655052317971	0.8703816297841426	636.6512159521448	0.0
did:plc:nsgqu2s4u2jtiqt2qy5ogych	0.00906989151993323	0.33171541242441194	4626.105436991003	0.0
did:plc:nsj6nzcxmc63oinj3yucxxb4	0.00490196078507466	0.9912425268931214	1352.058051229895	0.0
did:plc:nsllijifdl7hv5stkj5osoeh	0.00678569075838369	0.5457152455462997	2415.951546162272	0.0
did:plc:nsmmcuzpfy6bkheqlgoubf2x	0.00949298813633555	0.5701196023394335	2221.4600700641313	0.0
did:plc:nt5z2hiihz4754pa56gle4ys	0.00713415695146267	-0.194985860566149	13780.3926451362	0.0
did:plc:ntai2umtsxgbqeypndfaxll4	0.00879376141023942	0.6779560737657567	3064.1238970810414	0.0
did:plc:ntd6st3odvqa5cxuufxzmcft	0.00364025695969441	0.7232598000198631	919.8494295081211	0.0
did:plc:ntdxbdcyvqvcnjly3faf4hdy	0.00561377245559336	0.846953248485323	4212.5489588234395	0.0
did:plc:ntefiyfh2nys36vnrmxbkhvm	0.00243668315762005	0.5860966792369993	3930.2751755790246	0.0
did:plc:ntjqkq7dnryedboki5u3ey5c	0.00280663830991265	0.8127686905836166	567.076116140755	0.0
did:plc:ntktk5djy6feugbh2edaulio	0.0033733376586061	0.7757721866219223	3267.1496173944515	0.0
did:plc:ntqqcb3pkx52jbrxjohqqsac	0.0109739369081692	0.43212907116521876	4432.394991852521	0.0
did:plc:ntslznb3fcuvyqcmrs3zfpmo	0.00348182283709735	0.6783576851444723	6139.051177495238	0.0
did:plc:ntt6vnffzeimblynfiigypeu	0.006634232640728	0.562923434184015	3811.2465291074664	0.0
did:plc:ntvpcekg4nwg75ir6c3fqlpr	0.00478188298002411	0.8532576712795218	920.624387349807	0.0
did:plc:ntvqkk7emtqltdg6453cqycy	0.003782495071297	0.450166451044184	1865.03106236952	0.0
did:plc:ntymjj4i7pmr43brh77lzctr	0.00311469402773316	1.0161360099391248	536.5882015164647	0.0
did:plc:nu3owgd7ukl3rl6xr7atpzm3	0.0115755627080384	0.60535545638879	3505.30754995472	0.0
did:plc:nu7stkicmf2hkfu5yps66gu4	0.00222304557244877	-0.795375366879813	39850.082693321	0.0
did:plc:nuej3zxjwwtxx44o4wmgokup	0.00336581045182404	-0.759697845271595	31361.7042499107	0.0
did:plc:nui45haxm5luyv6e7icmiocv	0.0046332046341086	1.3047473556861573	1194.3321777429298	0.0
did:plc:nuixjnsxikpx2rdquyqn5ffk	0.00652765186016083	1.0796418928329072	1092.3466270555182	0.0
did:plc:nulu2k3r2d46pqsvsrqdaiyw	0.00997506235521128	0.470547943122328	5744.36988644554	0.0
did:plc:num3tml5oiuhodm3dyz6jtdm	0.00672834314695412	0.193106344594544	13158.7276545618	0.0
did:plc:nuy5il3yn7c7loxqhkdoyzoj	0.00537464432558271	0.17360942121836676	13782.758005827667	0.0
did:plc:nv32a2vjaofo6qgg4whcgy6k	0.00562378055828803	0.8306136115202112	1137.5063869027258	0.0
did:plc:nv3ixh3sv3ns3l66sixp3d5w	0.0112023898509735	0.3050184638593868	6845.611183096076	0.0
did:plc:nva3pbe6iwiejgacksfqlsvd	0.00949173300930781	0.5983312686192371	2896.91011647667	0.0
did:plc:nvc4t6e2vx7jh2ftc4kggr6l	0.0141080378884517	0.8042014586435101	1813.591283157312	0.0
did:plc:nvo2n6zsfamq2xt3mkv2kioj	0.00739327450534623	2.2906427822703606	1069.7301793202582	467.0
did:plc:nvrou3oa6quj5aqev7wgf2wl	0.00445213950057527	1.0358883806236776	495.82585221317566	0.0
did:plc:nvzvi6xi2q3c4b2rc3is33i4	0.00347050074411897	-0.0464360376031752	8796.29932457913	0.0
did:plc:nw2uwltop7pzhke25a3savfi	0.00589322856699783	0.504335074287752	5073.85600604161	0.0
did:plc:nw3uqm4zz6soh6ciuzagw3hk	0.00830932861008973	0.9459064454774488	1862.0084167133227	0.0
did:plc:nwbs25ffkij36oudtzvo73lr	0.00901317310215063	0.13149775836676414	6772.546807292461	0.0
did:plc:nwo4mpo6dxqfjryt2xrwx3j4	0.00873362445745376	0.5811243744412689	2911.288472920616	0.0
did:plc:nwtsvuphj7pbyrn7byd5mbpm	0.00221084953942115	1.8969218130369379	530.5768683172469	0.0
did:plc:nx6l63tzk6jmwfpwwsr2c4mc	0.00543816679867825	0.5329028603133698	1828.1778738902383	0.0
did:plc:nxai3slkmoxhf6mmv35a2zp5	0.00305411747179191	1.252324706620684	694.6422717562883	0.0
did:plc:nxdckfvrsv4yhxahzsaubpsh	0.00668463612008104	0.4770225028889662	2944.443235522582	0.0
did:plc:nxrxv2s665f64txhi33lmfle	0.00441765220296942	0.7034059565461839	1689.6728054557886	0.0
did:plc:nxtwkifsmdgfiwz5vlip6q7m	0.00322475382470712	0.6107097981373261	914.8277638591592	0.0
did:plc:nxu3kd54wkrm75xn2sd3hhhb	0.0151148730509238	0.24623038887197793	6372.5870340351885	0.0
did:plc:ny5wbfi2ux7raht4rlcmluu6	0.00366668902638268	0.7421613754079938	1161.667185215508	0.0
did:plc:ny6kzvm7jki5uv2aleoccog3	0.00369703289418556	0.9102601287865573	1695.2647189373436	0.0
did:plc:ny7m556yvn5nirqyvyoeeets	0.00675675675676824	0.720449761236945	2011.25085337341	0.0
did:plc:nyelmioju2l7u5tdtkbfod7z	0.0141104294673507	0.2440540089678132	6562.145241019348	0.0
did:plc:nyhaf4ct5sxarmkwc5c2443f	0.00651177747567856	0.8009755431244008	1210.3166049749382	0.0
did:plc:nyhfuw5x5pw4jv7co5btjthz	0.00801526717985492	0.570969799395481	2744.38034122191	0.0
did:plc:nyhhbqvhhy4ttbpnwpc44uj3	0.00491567722982503	0.8798734415931586	1617.6862255672158	0.0
did:plc:nyj5a4riluqshrd674fqb3ms	0.0058249100565539	-0.134156403067664	20933.7783466817	0.0
did:plc:nymvjrvyirjdqrw63sloydbc	0.00772573636403233	0.7929141145807896	2254.6264445013544	0.0
did:plc:nyo2wnltrtqiyn7plije4snd	0.00605693519279247	0.9704391803565686	969.5450724295883	0.0
did:plc:nys3sc7xaqitrjkn4kl3qttp	0.00605844618874019	-0.17389490067326	23315.2412589942	0.0
did:plc:nyvd2hb6yvll25j5uaf3kj25	0.00556423882514999	0.6512338338872632	2778.8823868386553	0.0
did:plc:nyvrqt5fl3crxw7iavxhi7ls	0.0051727014857118	1.0583633122829026	1625.1122138497085	0.0
did:plc:nyygxi2lhqxss5ynubg434mm	0.00347928838749122	0.9243374161782023	2602.2834496739097	0.0
did:plc:nz5sm456chgee7vu7oabh4ua	0.00423875432549697	0.8495588533231232	1111.7405174685648	0.0
did:plc:nz6mo6xld4al5at6frbnce7e	0.00983929158254515	0.608574989465844	3843.24240124053	0.0
did:plc:nzcrj77edgem7zgkrxm63w4c	0.00659509202608433	0.9125104777173001	2088.2070473477875	0.0
did:plc:nzcrpcjyteprtmxuonke3kjv	0.00606154802810568	1.94783797129867	590.8389099785244	0.0
did:plc:nzdfhvnbdj7dykcfxgz2ximp	0.00613371498863436	0.7307311057561573	1946.817738838013	0.0
did:plc:nzf6vkaacgbdrvc6p2fskfq7	0.00871037988600414	0.4022453769457545	8262.927375709774	0.0
did:plc:nzgyphmqkikotn2gryscan7h	0.00765855604799289	0.5376873273873636	1674.9432094141453	0.0
did:plc:nziltmi7i6b5rhpz7kvun7ki	0.0126031164080615	0.49667934938215125	3341.4688263151716	0.0
did:plc:nzkzkmijkaiyyrobzasoj65k	0.0128245229913429	0.31852142194320476	7261.983065353869	0.0
did:plc:nzt4zxtfvfqfw3mkk2357pgq	0.00320405528202198	0.9270693200633088	417.35703058927817	0.0
did:plc:nzwz4a7b7yukfne2hmdht7sn	0.00686308492337943	0.6316026176860512	1139.3659988612621	0.0
did:plc:o25mpbaegkjnvlvve3mbaulp	0.0031556958087263	0.896530131350474	921.6899233700354	0.0
did:plc:o26lctes5jkgmrw3g665t3pj	0.00410763393349507	0.6838728887650012	1022.380293641369	0.0
did:plc:o2a6z6l4yl3svpdistembjf3	0.00255885363361818	1.615194946637416	343.0946679934049	0.0
did:plc:o2bk7ssoh3giznqk5udey5wz	0.00362467114917161	2.0846645962712054	257.0490414178106	0.0
did:plc:o2fmv4ucbk6wonppjlzvpips	0.00742407199208063	-0.57203138288275	24137.9720659544	0.0
did:plc:o2hxv53zmbujk3hbw6cknt5x	0.0082256169252294	0.1328237103759	10099.0564232961	0.0
did:plc:o2lttzfc5isw2txp3zjplq77	0.010204081642993	0.7283205205518076	2488.127411046487	0.0
did:plc:o2mgnfybs4epcdk7zi5dyvua	0.00646476003255912	0.582756724657303	2376.0232176636	0.0
did:plc:o2p4wp75xdsz63ag3ihreura	0.0146721687472796	0.9688184256957928	5021.4986159676355	0.0
did:plc:o2qwvcl22a6l6b44jbqxykhh	0.00600735228394673	0.6110404308977961	3674.9339545758603	0.0
did:plc:o2scarl2qbpxq44fnjr2s4r7	0.00206162929718756	0.9725494906665622	469.69807543472587	0.0
did:plc:o2w3c24jjwywpaqsfc36q4qd	0.00400057151049941	0.250694125546369	6868.24055145278	0.0
did:plc:o2x2dj6dnmemj54oxndtxmue	0.00788328039043031	0.02099618659180439	6492.405804435915	0.0
did:plc:o2x6nvlvjnxgqjj2f4uovtcf	0.0157101635140597	0.307151515782929	7999.78230364411	0.0
did:plc:o2zbts7lyuztn2uy5pqaikhi	0.00294432548194599	0.893649358164158	456.2647742576591	0.0
did:plc:o2zkxi5unglo5ju4fvfou4tx	0.00667090216159357	0.5909533609213232	4996.553554203084	0.0
did:plc:o32gwvphpc5k472kaugwtawh	0.0043930756770223	0.6274870794630872	2522.062459005084	0.0
did:plc:o35af5byr3qwxf5o5x2klvct	0.00514717709571763	0.66448402854392	4559.14192546496	0.0
did:plc:o3iig4h7hvqt4z7j5ivehnrp	0.00453184429974529	0.8778361365727173	1498.4031127266983	0.0
did:plc:o3ilbdu5g7car3g7a6br7uya	0.0043547480803834	0.5877735249082237	1839.0785211278007	0.0
did:plc:o3jsffboto7hhe3et6krlyrw	0.00222669594931583	1.8077368119424075	351.92400565470103	0.0
did:plc:o3mhmf4zcuz4ynidlvj2247l	0.00818234950723834	0.104938014528728	6203.44845722518	0.0
did:plc:o3vo5glx7hhclobetk5stpr5	0.00550924766583124	0.7938408673855061	678.0883045320114	0.0
did:plc:o3zicdsxkycugrphq527rise	0.00393427447380015	-0.382535672912322	25706.1907121836	0.0
did:plc:o44kuiswegv4gebtyamato3w	0.00440260092221647	0.6875202053203383	3280.540654520449	0.0
did:plc:o4dck76esdylgr3kvowqyf3c	0.0125880093931648	0.558101565116381	2491.66092243544	0.0
did:plc:o4de2uofsf6s5tq7psfoswmp	0.00913667724731654	0.8814002243830996	2852.6682379112253	0.0
did:plc:o4i3eexjkl3hl7x3qspbwt6k	0.00255258804065418	1.4744999614801897	586.0677755046659	0.0
did:plc:o5bfe2vozwd3tpl7pu5voxji	0.00979633927438791	-0.101143620782487	15279.0639390327	0.0
did:plc:o5eskoivtiftebzul6jh2e3p	0.0071125701010784	0.5206233020422003	3455.4629170406015	0.0
did:plc:o5fnqafgvsocld6jetjju6nu	0.0081543897838971	1.3088555023824018	1102.8035698100434	0.0
did:plc:o5hf2ifk7s67kqvi56x4segi	0.00643055955499321	0.536064702415166	3796.26474666334	0.0
did:plc:o5hijzfuuu5m2c4qw6jgqohw	0.00907840441635605	-0.112420621780415	15201.9590031368	0.0
did:plc:o5px5bkn7frd6ik76pj3zks6	0.00410609255485479	1.3305487446633764	1298.1052500170185	0.0
did:plc:o5vwy74s3riy7oot55f4xx4v	0.00514025554479116	-0.137850355407595	15526.9712700298	0.0
did:plc:o5z3hr2ae6ss72d4pwysj36o	0.00420388859719574	0.6990887021024202	1500.8830483462605	0.0
did:plc:o6f2g4vjxnpy7m2isstqxjbe	0.0156482861543772	0.2594007763642537	6701.863386716617	0.0
did:plc:o6iv3rqk3c2jykrpejs6yxmc	0.00421295550928504	0.6556602315184132	1452.5394582192632	0.0
did:plc:o6jh3ftwgnrjyp3owwowamjj	0.00690360521740213	0.6296460205984701	2191.154398230151	0.0
did:plc:o72qk7hnk7z44bcjnytojr7n	0.00419580419702919	0.6362970570513156	530.215925046005	0.0
did:plc:o72ypk5c474zqklkukaphuy3	0.00646779303226139	0.839092593792454	2016.2977216441323	0.0
did:plc:o7b6uhjg4hfs3alla5cjh4ej	0.00817307692711456	-0.457206952046862	25973.8797223026	0.0
did:plc:o7buthkvtc475go4fowd44oh	0.00888592691387862	0.505208015623475	2910.64795109139	0.0
did:plc:o7ctqaqr5uqivkb5yiehtdw5	0.00207250773436224	0.6329707232789892	944.129938090963	0.0
did:plc:o7de7co6xrcshewtbxx54yk5	0.00464216634519265	1.0662234604787297	1913.5651780401063	0.0
did:plc:o7jfnoou4y6k7uc2dtcrkxzi	0.0060439560459681	0.384841255076374	2081.83830074723	0.0
did:plc:o7k7tlsqxczoh246lrajkvpj	0.00275258336735883	1.4111076260621038	514.6846315197686	0.0
did:plc:o7ku2mezs5v7pwrnjclc3pjx	0.00362261146535354	0.712364213553887	1680.6521382262863	0.0
did:plc:o7uf4u4thdviatdi3jo2s2rs	0.00508170585958972	0.859856462284101	2310.5495691439273	0.0
did:plc:oa7kwtr4c3iiubyulop4x66z	0.0115153101354244	0.621437212432508	3354.69787561615	0.0
did:plc:oad6oh7t4odigvrc67n2n7pz	0.00383951473728294	0.5473548598775971	677.6581327939373	0.0
did:plc:oae4hvaaonqicu44nvuzhb2u	0.00457200914495978	0.8981696423429423	1026.5875301048768	0.0
did:plc:oaeic4k5lpoalayucoonko6f	0.00989639710427221	0.709866485479442	3598.30204564006	0.0
did:plc:oafm6j4lpimgj4s4vborrz7u	0.00459872422581731	1.7339145131763822	665.8854725834515	0.0
did:plc:oahia25r3na3anhf2nevgyeh	0.00564106696801974	0.7771677931283572	1434.9286002312228	0.0
did:plc:oajk3ynizheatljzbncnulv7	0.00319691166280939	0.8180138769344403	1381.8589818777957	0.0
did:plc:oauwyzwbqm2jwmou5u2yhnte	0.00673561028740368	0.6520937174757254	1993.9569092660922	0.0
did:plc:oaxb7k7up33tweico3fu4lwi	0.00475288844320257	0.9153745296643993	963.3215147657335	0.0
did:plc:oayrbxd7tfjdg346j7qtyqsh	0.00467514609919497	0.5662012721254036	3413.5434465198964	0.0
did:plc:oaznvqc2ozrj7dbkznzpnqu3	0.00655451169045277	0.645286588752002	3143.1251117282027	0.0
did:plc:ob3gfrh5gjfgkvzowy7iaixn	0.00388058157013617	0.7501923006694656	1859.2264889521102	0.0
did:plc:ob5sicsydwrvfrh67kssdu6i	0.0117709065691206	0.344684472171136	3878.60717086856	0.0
did:plc:obaxdc65mm6ksz36i2nbyqcy	0.00580853352683069	0.507630745241222	2878.82774858955	0.0
did:plc:obdek7zcfwc6orgygecu5kq5	0.00244363502241495	0.8535439541471316	401.7752899043245	0.0
did:plc:obgsyxrhmtadhn6h7vqydmay	0.00988904969780902	0.344518703179342	5984.85814564241	0.0
did:plc:obmgnydzrlxv4bdn4w66o6vk	0.0125709651312289	-0.126923989629677	16658.3460246836	0.0
did:plc:obojusv6ad7kzx7xz6brmymw	0.00586828950448257	0.5648273758918781	4849.2024058386405	0.0
did:plc:obqz565ywnzkfw3qum5umqvk	0.0034132225277323	0.8753903716709094	265.9536720814254	0.0
did:plc:obsw3rforhyafqr2qihqmywa	0.00393301192620607	0.573957003587518	1938.14317892604	0.0
did:plc:obvrfq6fa5ma45dcklmd6n26	0.00568803325360131	0.5901817515882908	1988.4974640417045	0.0
did:plc:oc3ywcnnk2nswukqdm74d3yk	0.00785443121282601	0.36524020533830004	5206.510166253485	0.0
did:plc:oc4fgu3bncuxzlx7iceuw7ap	0.0066396163792337	0.9143383685857128	1020.6013459039087	0.0
did:plc:oc5g6kf76tfuftb5v5iqbbht	0.00646393419360406	0.689453164510171	2165.64084624904	0.0
did:plc:ocd47o5fsxabzatnqrbmc6ek	0.005882352943361	0.50410962589074	1843.5265996124	0.0
did:plc:ocmtl5t5gydryop2x7xrm3tr	0.00419887393859735	0.7753337092392805	1081.7306052018942	0.0
did:plc:ocmv6unp3vqea5tktkqm2sq7	0.00727617842569639	0.807917639093743	4526.663322968386	0.0
did:plc:ocqhhdeh3whxqdftexzypzwe	0.00403127883849164	0.808112936344669	685.3383779799532	0.0
did:plc:ocs3x5gzbbqwyca4oj2rasnu	0.00592353258156795	0.636644284393105	4237.62389289239	0.0
did:plc:oczqcbxqdx6diyj2doptlf5e	0.00314784727875463	0.6924988763742086	1118.1119810433572	0.0
did:plc:od3bglkvrmeva22zvd4xmik6	0.00498730908318378	0.4456827940028993	2869.399509233545	0.0
did:plc:od4agmbsnaelt7lczcpfivm2	0.00328696521086449	0.6515764913321779	1347.0828011720569	0.0
did:plc:od6ot2yboi2wei6btzz57gmb	0.00422785936828562	0.506431477291084	8609.56631673509	0.0
did:plc:od7b4upw5fswta45iizhsim2	0.00343468861193385	0.8233161195317831	435.91434874979984	0.0
did:plc:odi6la7x6qqate52r6dnt5ma	0.00569879769277812	0.5955703928860201	1805.197009259364	0.0
did:plc:odjuj5vtqcnvlxhimqkbw4ku	0.00738089912881063	0.6346846179015081	3041.642739603547	0.0
did:plc:odry4xezigyub7mvbx6y3wma	0.00473783954601172	0.1364079363837659	7017.332104018003	0.0
did:plc:odwu6ciiouteevzlbep2omxf	0.00328905215507396	0.615214173606636	2648.85512896233	0.0
did:plc:odzoswkkuy7t4ahzas5av37c	0.00312207305663201	2.17325509516373	596.992743028677	0.0
did:plc:odzvgsr4ljqvj7zwnc4xu3h4	0.00722733245846384	0.5702233490023737	3142.3659171165264	0.0
did:plc:oe4ffxiekz5kq6qe55je5mxo	0.00253267973860966	-0.232381619004079	24935.661871082	0.0
did:plc:oe6zhgcitlxstpokgdoafytg	0.00487567040854826	-0.299231702254357	21814.8605853058	0.0
did:plc:oedownp5pgfwcz6ba6byr6wn	0.00771653543403143	0.4279208547527427	3711.9032661369515	0.0
did:plc:oefpmt6hda5f2xkcabpf4s52	0.00597496206581631	0.6194284919089256	2946.7736704480767	0.0
did:plc:oeftg2lvkrjw3ki3f5jmsjob	0.00547597775078083	0.7644016648895711	720.8677879237193	0.0
did:plc:oehgcxuzb5oc2l3vdy344qxk	0.0026544504861403	0.4024301535523058	5132.5370673080815	0.0
did:plc:oei2qbndmwgafqulcdu6jqk4	0.00355488280355747	0.7981002939623564	856.2904371531545	0.0
did:plc:oeiaqoyfkidfquyfed4adr42	0.00522778192993799	0.8084955050060153	6075.253095535457	0.0
did:plc:oejtvxxwik2hbwtrfvcz5lux	0.00413367897454361	0.9080060953436547	1548.837743161688	0.0
did:plc:oengogsfb6yvapuqyxhiipcl	0.00372948781707691	0.7675932753276669	1296.5037820935422	0.0
did:plc:oepsd2tivficjjqapcy54bxb	0.0100541376751579	0.249493562853394	10523.0458029485	0.0
did:plc:oetjq72c2zwqk7736eogaqxi	0.00446300028894918	1.2626817299623334	550.5405902151853	0.0
did:plc:oev5qnzcitezwrrvi33na3ig	0.00228548516446091	2.660466775921564	87.71808008550171	0.0
did:plc:of4hqh5tqpxsb4fsxwpx6nqq	0.00820021299654271	0.3828742241593593	3754.6841324182988	0.0
did:plc:ofcmtfi2sxtxqesc3cdi2mj4	0.00277212435978239	0.7557055700637673	932.8361898698748	0.0
did:plc:ofempsqqlcangdtvfnnnknqv	0.00642185238951784	0.664490801062589	2335.51877580153	0.0
did:plc:ofkplwc65jcyrvlu2jbwvmxx	0.0141221374047357	0.125563737846031	7495.12251126902	0.0
did:plc:ofusgjvbpe75elxtl77xfvwh	0.00359250705710577	0.163047120875092	12228.3826722585	0.0
did:plc:ofwpnsfcsujylm7bt7jmazi7	0.0122154358749783	0.262383197461427	7005.64886918174	0.0
did:plc:ofws2pofgtspyxdx5shr66cu	0.00742115027937393	0.5677496914233829	4109.076406470029	0.0
did:plc:ogaqtiwer4dt6mmi3yevj5em	0.00436487854255353	0.6115849086792894	3664.1408297619	0.0
did:plc:oghz27maxa7hivzvradj7iut	0.00268873524707118	1.0284311510197117	1376.3888927732742	0.0
did:plc:ogjdskjqdhmy5ortjr74mfe6	0.00961240310325088	0.614398780066119	4832.21929285801	0.0
did:plc:ogkxxb5oegly2woncuqnoq5l	0.00422355367866068	1.570623562534088	641.6070621471285	0.0
did:plc:ogodlxfy24zk7ptb2rtpcvgh	0.00251708018703162	1.4149401702051188	306.74298299144607	0.0
did:plc:ogvgiqmuamrx4zhwq7jdzc6p	0.0139176784331135	0.08988025340522322	9972.10656207868	0.0
did:plc:ogvqhoood3hggtdoylbm5cb3	0.00557575757627162	0.8072210280420489	1251.1789227477775	0.0
did:plc:ogzxpi2mm636smgh3mz2wck4	0.00283553875252883	2.4607793228042882	221.8225828442087	0.0
did:plc:oh4nv3frwiagq4erbq23wz24	0.00421920227664766	0.7477190447346528	1169.0106895110737	0.0
did:plc:ohbmrdwkd65dchus5y7yqgru	0.00767964893520748	0.338020346708111	6130.13946022058	0.0
did:plc:ohev4diycmowgnyysgmq22ww	0.0058314189808611	-0.140161290656571	21660.1927595387	0.0
did:plc:ohl5kxjb3seg7y3biciftkp2	0.00551053484656194	1.3207308615905304	1623.0516643728545	0.0
did:plc:ohlik4fsbbbanyyquvsmwmgw	0.00461928177710068	1.623673011185554	577.1755235763179	0.0
did:plc:ohnvprdodhqylell5lrzpbdo	0.00663843425273486	0.69631460310363	2542.647016016473	0.0
did:plc:ohul7v7l7zuhpweczqmx52ll	0.00659261266915977	0.7519938166622051	1825.7658765751328	0.0
did:plc:ohyrmrzrpexnwxvksgsoi2qr	0.00762662688054584	0.4515092766416712	3549.7969207941974	0.0
did:plc:oi2nit7aztfzhtoywxcdossa	0.00384545783728803	0.6542740842377627	2470.5260313320096	0.0
did:plc:oi2pc54rtzhepi42ydoh3nc6	0.0057578587013663	0.5728294516417951	5593.336624891414	0.0
did:plc:oic65gwehf5d4kcct3dxa3sq	0.00589836660833718	0.324661293720766	5316.90340879388	0.0
did:plc:oif5edwdhzupy3whporwjbiv	0.00498001441655633	0.7797258006362494	1123.4996670543374	0.0
did:plc:oij3mvvumfrjqp2w2jjoefml	0.0070089649551855	0.38610043285864526	4493.009080639041	0.0
did:plc:oinhv7kftnu2bbci3d73irue	0.00201880939486961	1.1329567987819178	1102.85877788612	0.0
did:plc:oip55subt66n3pbsj7ocejjm	0.00948166877628415	0.5070696178752143	5663.303083308841	0.0
did:plc:oirceerllbhdul6cnjlw7lud	0.00950828579446265	0.4239419983067824	4652.710434866721	0.0
did:plc:oirkvdnxk65yuwf3y7pv5ot4	0.00434954527503156	2.076619539981323	396.8216665464661	0.0
did:plc:oise3nu3jhtdd7pjks7pyqh5	0.00398842298489737	0.5749465278020486	766.12285176533	0.0
did:plc:oiwvfr6fhcoxfewsjiqjhoem	0.00460648278190299	0.7504889030352505	1107.8549169776868	0.0
did:plc:oixtd7cnvhwziheqa4is32xt	0.00270748566866879	0.8692879394176283	955.9539272491753	0.0
did:plc:oizhezl7r3f4sufgvap56zqr	0.00292202876623715	0.9560256941299115	404.85277702703127	0.0
did:plc:ojaqcml4cvqbqr36o5lxshcm	0.00404224801284855	-0.264628486396374	23656.5537981284	0.0
did:plc:ojav5e23iikr3whp7yutzewy	0.00591031736049842	0.858661507165866	2902.12739529563	0.0
did:plc:ojimqcenxhbbuuosk5cuhmtz	0.00878684807580764	-0.325713616148179	24901.8289863417	0.0
did:plc:ojk35pwsxn22hvre2kcyfsiq	0.0058318483741848	0.773423132700033	3095.4138553628395	0.0
did:plc:ojr7hzj3svmclwgjmuxhpa2u	0.00342661336425013	0.50568804849054	4893.400811220092	0.0
did:plc:ojxpsofiyzuun6vh56segv5a	0.00500417014535734	0.5120053032683866	2267.2840422694467	0.0
did:plc:ok3co3ohxvx65grmu2fq3eu5	0.00425946209102132	0.7353239117020187	924.4973811581417	0.0
did:plc:ok5ygyuf6czlfsbnjmb64rfg	0.0129904560165184	0.5459386566508404	3378.906620596642	0.0
did:plc:oka4zpuuecoubmgsdyeqe5jf	0.00441609421001819	0.724390516327826	738.5620422268897	0.0
did:plc:okdnmszqigqnx7x7rmjr4f5d	0.00259284041489858	-0.377483768245514	27446.5565682754	0.0
did:plc:okg7gvqoyfhkq5cacpw5n3gp	0.00678112826573944	0.498553034585514	6143.75181051068	0.0
did:plc:okilli5xygr7qysfnl223bc2	0.00332792900428157	0.6482781345956605	1271.0487561109812	0.0
did:plc:okvw24z6wbbdf7td4htz4gkn	0.00536642629606634	0.4965648898294116	6338.593958676593	0.0
did:plc:ol3ackzjhn4p7pembvs5obqr	0.0177215190365001	0.17738825200501127	8120.736980161702	0.0
did:plc:ol4d2cyausx4qlgfzmhil7ay	0.00634866163384014	0.982680101430923	1115.699226089969	0.0
did:plc:ol6f6w7fxz4ddeeq6nim7hea	0.00375704445870372	0.7987511323651583	1044.3811188946522	0.0
did:plc:olcblnteibvae6z5salratmx	0.00945829750904808	0.903754197895859	3146.84114262825	0.0
did:plc:olfz4xi5kbt35r5tshek6aod	0.00627657420709906	-0.233950456880847	23687.5594441771	0.0
did:plc:olldlvq3lhiifaolo7ozoccp	0.0027514942144016	0.7653658272141659	914.6548826430359	0.0
did:plc:olqc5c542lnafumhle3jkfpl	0.00482347424210706	0.7234869081938822	892.916542300723	0.0
did:plc:olrirot6s7b5gdzmcqzeccum	0.00554830287258448	0.33966859263854	4315.11072417995	0.0
did:plc:olrp6r67mf2cjv6hmelh4jix	0.00408247993383972	0.7275101277602026	533.775783524819	0.0
did:plc:om4ktm4o4qifqhsf47tv6gkf	0.00471264826887246	0.548704063893782	1746.5045233594044	0.0
did:plc:omiakfxz4htxwuf2t6ldom2y	0.00548866855793703	0.6795479959241615	1132.854789396894	0.0
did:plc:omkb4ov5w2bintbbbb47lile	0.0028603658046896	0.726643465957858	331.7984277366906	0.0
did:plc:omlk6ykbq6uiis5bw5f66ihu	0.00732942430815844	0.3660501448056928	3988.9268426936337	0.0
did:plc:omnjpgcrxbajev26yscagphn	0.00317821061427397	0.8279965750477547	891.5873787911935	0.0
did:plc:omo7qvkk7m5zjey2z5weobs6	0.00496849248740017	0.370700725416666	7216.81986774282	0.0
did:plc:omuxrvw27fqyaz4t7y3wizqt	0.00502952110563904	0.5716328493256064	1088.7621124180935	0.0
did:plc:omxd6tp55vsm3i4spj4qfzyk	0.00755584757410625	0.46567386522412	2551.31442072156	0.0
did:plc:omyr27fmzj3phbagch4sqyub	0.00202199464682547	1.2225073204809016	494.4768462774072	0.0
did:plc:onaqmlybn3vxgnnkdl7uqb43	0.00316962284748173	0.6224393311519274	2266.4957510907134	0.0
did:plc:onb4bk62zf2etfr46a2ps7km	0.00273048506282753	2.2507761599972698	175.25444581338851	0.0
did:plc:oniwbe3jx64aheok7sinf4aw	0.00776889425723252	0.7432405558024443	1931.1522138156233	0.0
did:plc:onr2ymtqi6mvgtgoydqyq5qy	0.00351638485752275	1.4756691971668499	624.240620469407	0.0
did:plc:onsgwtv4c7fx3tpwhyot32o4	0.00304702914671429	1.1669334563715572	618.9992970827625	0.0
did:plc:ony4esuq4hjmo2zy6skdxf4v	0.00342662980925781	0.5627965309200368	2056.3127156157857	0.0
did:plc:oo6oo3g6euzuqazf2vxhgh4m	0.00442239240747111	0.5675596708337401	1274.5107316323347	0.0
did:plc:ooblxe3olmd5n5cwhmz4p7ao	0.00665926748207696	1.0904340010545321	2802.7870757131072	0.0
did:plc:oobtf6lruoiz642dg2kn5usz	0.00509461426559647	0.688497729731321	2370.5318785608	0.0
did:plc:ooflwz2cxdwkckau7w7hjxhw	0.00654873277799884	0.8023647996257425	1596.6275240783532	0.0
did:plc:ooms66zq4ij7q5hxf5rhnatj	0.00535317018968085	0.9557297295900432	1566.2471173015604	0.0
did:plc:ooniwau4fpk74etynjlqbwmh	0.00400782924811506	-0.0333837417129069	13897.2462294984	0.0
did:plc:ooplzvnm3aaqfxizyfid6hff	0.00707964601894534	1.188164046676224	1911.430789251794	0.0
did:plc:oorx4j3gpiqryxehmb2qpjfd	0.0031214819364648	1.889177564262846	456.1141711040635	0.0
did:plc:oozeormuk3fm4ajocwyggpev	0.00625300625482118	0.952980999291776	1656.5452164403166	0.0
did:plc:oozvjlhtwco6ix2rg66vlrnk	0.00622733722397233	0.6996182124992751	1406.5523878287129	0.0
did:plc:op7kfugkjq32xoi2qcs4rmwz	0.005464035231341	0.529133010210891	3911.3084441488177	0.0
did:plc:op7odxvo5vaqldqxash3jyfo	0.00343437360057425	0.513055984954707	2534.47607581286	0.0
did:plc:opa7glupqxztu65ykpvcp534	0.00207000376373531	3.5257951435172923	155.13498631476085	44.0
did:plc:opaw4xz74kra2xnkxxtdoxhx	0.00788078521728806	0.616512699296747	2873.4718350886174	0.0
did:plc:opejwkh3y64br3u63225f4fb	0.00430031367016546	0.859273747199159	939.274523904329	0.0
did:plc:opo3ctyqgdcejzhchtvu3icn	0.00384662601824378	0.5934470604227069	1207.7811765573074	0.0
did:plc:oposjs2zi6j2msyy7bw4ofay	0.0046173643185276	0.6362225561481116	1574.935373393398	0.0
did:plc:opu42milfckej356g27okhcq	0.00415788574382999	0.5247729414047123	3571.7964719868382	0.0
did:plc:oq2uqdy5nddky5o3xwntadbm	0.00705218617897605	0.9355191384755642	1544.2957520472057	0.0
did:plc:oq5vqrwzp7rvalvrsxhfkzmj	0.0109072880600218	-0.360259595426622	19328.1879144054	0.0
did:plc:oq7o2vqmwjzhbeaqfeo5yax4	0.00768285187948259	0.467132656964675	4047.59932613065	0.0
did:plc:oqfekp4jg4tofxayuutcbqwh	0.00668408580083893	0.6367636705473853	925.9415249731294	0.0
did:plc:oqhfnacdbbcrdqohmmm2dtph	0.00639951241979338	0.690392049639623	2825.13392170995	0.0
did:plc:oqhfx7qkrujcnhhc3fe3ceuj	0.00386305105318673	-0.261320316211405	13559.1336235653	0.0
did:plc:oqhy4tofrf6kprpqs6ppfkk7	0.00443764345933298	0.802371462811987	1444.59092987712	0.0
did:plc:oqj2b4f77625mwutsdxusu5z	0.00219490781394762	1.7813340969239262	280.8741266250156	0.0
did:plc:oqkpdyki65mfphpltps3h3rf	0.00445387062586679	0.144556453240172	9987.55854903941	0.0
did:plc:oqod7vrh56g5nu3vdd7quvku	0.00588528226937305	0.8921469046284567	1137.177500275997	0.0
did:plc:oqpsn4k6tll2p2xq7t652uzs	0.00589857024003261	0.8012641630955516	1209.8466056131813	0.0
did:plc:oqqevzi2bjj4zbhhezyyrrfk	0.00845828527853489	0.3058729863471406	7001.894107675125	0.0
did:plc:oqt25ktm433v6xuaqmog7yyb	0.0105091079029701	0.9678373517507182	3739.5225811030496	0.0
did:plc:oqubmpmlkcljmyhrr3jhu4jx	0.00541072306991886	0.586289619755928	4103.12535813971	0.0
did:plc:or2sn5uwn73rralhj4l7t4vp	0.00548128342256819	0.764078860133061	1288.7266262484013	0.0
did:plc:or3hirtmt5ms32h5ifx6jpeb	0.00559552358164364	0.8665816121553938	1535.6775993104816	0.0
did:plc:oraqnnfzzulenigxlle5or2z	0.00233240538716616	1.6430135529304648	443.43763107527775	0.0
did:plc:ordc56yr72f4csxas3xpjwwq	0.00443341953875463	0.5215877543003009	3339.6928413964856	0.0
did:plc:oreezmsbbjaoik4johmeh4wu	0.00531783329270352	0.5778406190646402	6387.516377509999	0.0
did:plc:orevjzaw6mkwzm5ly3ha3tky	0.00517431504008883	0.7926197514089176	1266.4506588969934	0.0
did:plc:orf6dbzcvjkv5acjog6nexiz	0.00487081745100883	0.6853743288665758	1698.8271610077222	0.0
did:plc:ork47doptycflvobvpuzo3j7	0.00761841669926176	1.0474810237494632	1252.657628901901	0.0
did:plc:orlim6upjgpwsfd4d36ajqxu	0.00530790143761431	0.635864549017585	1453.66365289046	0.0
did:plc:orrhsmikowsnxrb2wkhsw6fq	0.00390133400459188	3.3517805861672354	237.9764216178737	71.0
did:plc:orv2q4vzlfb2jtrwr5j4sjwc	0.00369270124226607	0.5972324838022398	742.9917787208494	0.0
did:plc:orvfv3mjvrotcfwppcbyf6ee	0.00438249712082243	0.7441912658747718	608.3112544561533	0.0
did:plc:orwzbpq5yws6fxtmwthduk5n	0.00738154613576176	0.7206839193970874	1697.907107889337	0.0
did:plc:os5gmcmqw4feqvf3wgr2ifij	0.0097892815780018	0.650345770806956	931.9987529050798	0.0
did:plc:os7r36ezrlgcur3twtxxg2pr	0.0291828796523038	-1.04859267226135	36634.6821907947	0.0
did:plc:osf2fzryoclinc73jbka6c6h	0.00262241714539514	1.0315903168211538	311.9009556527771	0.0
did:plc:oskcg22dhp6eehvwwq5zksj6	0.00424675455392432	0.1978163653862539	700.6089583524006	0.0
did:plc:osn7ho3zwpasofmlkqcxowjw	0.00301576062796103	1.3882877599103367	369.3462995232168	0.0
did:plc:osnb6jfu3pbpunlwydqvkior	0.00337545044065694	1.362771348801613	452.3098743978024	0.0
did:plc:ossd7ojd2slcig3hjjhz275i	0.00486445124695301	0.399782661028575	2762.97437665182	0.0
did:plc:ossxv3undmwrz7rijxgh6tig	0.00335982955020802	0.566506512023782	2302.21350489261	0.0
did:plc:osuwow4kgfwndkiufrzcxgit	0.00348266185651887	0.6969797414371129	895.4333524712956	0.0
did:plc:osv3fxfoxvnu5cpvj7zceftz	0.0062985513349688	0.7963726814514299	1478.9392105046375	0.0
did:plc:osxeka76op2fepnhye7jwg2e	0.00483156623351572	0.4853004591413104	2676.4155137189773	0.0
did:plc:ot5gqq53r4ugdelynhr3a2dq	0.00357929515458505	0.9081225214121991	812.0986743125201	0.0
did:plc:otcsjmt2vlamox74h7ghe7bs	0.00215534629622739	0.973278633136541	622.9618550748812	0.0
did:plc:othyv5vjrfju4kvtiqktzgzy	0.00578105781288094	0.727048229450328	2209.878999534783	0.0
did:plc:oto55ii7tlpbvfjigw77ix7x	0.0168567179549986	0.131658105424285	9489.53456313282	0.0
did:plc:otwbqn44miynhowyfpl4tip2	0.00567295419333364	1.1970183684154285	1079.805091127491	0.0
did:plc:otysejpfamkc77tdr2p3yz7c	0.00424713227825252	0.6539680575681767	1253.236231921604	0.0
did:plc:otzqo32beeml3rng3qvrvzao	0.00445877349450981	0.9308873996441365	1496.89370890942	0.0
did:plc:ou5otpzrkgd4dxjvxwddprza	0.00457633515851568	0.7726525102969178	1413.8404127273811	0.0
did:plc:ouin4bz42el3pajcgqlpvyfz	0.00826873385402751	0.253844970298917	8857.52989369668	0.0
did:plc:ouje5ffyc44czp3tjv4s3cor	0.00743770919093853	0.670668458323905	3469.40986540158	0.0
did:plc:outieotukbyc3abjknqqutvk	0.00740312319368564	0.890499827760998	2012.8861042666958	0.0
did:plc:ouxz63n5coiq5322eajqyfqy	0.0025559758718187	0.6331485822042754	4984.214387969705	0.0
did:plc:ovjqyplpvj53hwk6eym7gebv	0.0021851782481883	2.3352411206593247	267.71034273739946	0.0
did:plc:ovkrbca2h3novk2xuqgxclmz	0.016174010051978	0.30170973583194	4962.42611909174	0.0
did:plc:ovl3ujypcq76woyb3s7aylov	0.00659688627122389	0.53388604410723	2724.44574930256	0.0
did:plc:ovmcdplxzv2t2vcvxnypbfn4	0.00544402858170286	1.0656421479766616	859.8403489410075	0.0
did:plc:ovomxyykzznoko56rxb5stov	0.00850038061764385	0.649263353941557	3436.73510792719	0.0
did:plc:ovonzx37wr7kvjkg46zmda2n	0.0045127696505803	0.7737405046037882	1619.3126827355077	0.0
did:plc:ovpf75hiyajnuezuqyuk5uno	0.00203437495327378	1.3573623947882534	271.8330855596657	0.0
did:plc:ovtvr7cwbvcxzrkj3aem5kee	0.002239314575088	1.7587080930605121	308.6845616708879	0.0
did:plc:ow4uywtz35blmfjref2t5w56	0.0054969543928191	0.643191125722018	2199.4359522151335	0.0
did:plc:owapfj22desj2dloifhw7uy5	0.00483748451201738	0.665305688756463	1936.30070744818	0.0
did:plc:ownfapwzmn52opmmvrjwrc5v	0.00574630764350984	0.503844558180323	1903.42328151546	0.0
did:plc:owpgysknvnzq73wbspwqlxut	0.00284934828752315	1.1895665241682356	1096.466783582815	0.0
did:plc:owtlx3adzbqrn24c74oytsai	0.0041336748954591	0.4840600414080446	4122.284769408983	0.0
did:plc:owx5ypse46rafgpejxo7cxg2	0.00912646675416433	0.75009831188258	3476.96481916745	0.0
did:plc:owxawyowrscldesk4wl2trcj	0.00401389887399273	0.9248490139582864	2570.611980471605	0.0
did:plc:ox5pdrmzgw6ky6hqbuw2gb3y	0.0069860279454092	0.8021320856173654	2104.9185317475894	0.0
did:plc:ox7q4ldstojbea2viap67njy	0.00210937254046365	1.6797962488864577	200.29854870340142	0.0
did:plc:ox7quaokwu62gkjbbzfqidv4	0.00650640367259054	0.5385721698580633	2357.284043997915	0.0
did:plc:oxbkvw6lln7amfpdlhniusom	0.00314486907785269	1.7040044143074657	385.94156529909674	0.0
did:plc:oxihskqrao2bv2klthqiyexu	0.00407175085313541	0.646536777809763	1717.01114746623	0.0
did:plc:oxkefazzm2oje66wsnnsl2jj	0.00358932683230772	0.7509644819044438	1438.480160797794	0.0
did:plc:oxp35w4oodoet54ba56gtyf3	0.00211579494728039	0.7447115243012783	1439.0704528457218	0.0
did:plc:oxsckhrrswkvuy76u3zp4tyx	0.00641711229980082	0.23250122255739666	7356.060197530935	0.0
did:plc:oxttlpd76u5bau6lrknazqoa	0.0034773184008711	0.8600607057138264	588.3196889911898	0.0
did:plc:oxwk7kp5ifyd4kxr2maviw5f	0.00339703645088005	0.8858882430245697	700.7082181554696	0.0
did:plc:oxzxwly7tl7rslhlt6ycns5u	0.00451297480275329	0.5065301640317855	2545.246040360623	0.0
did:plc:oy3cjg4gf6ovgq5uyvpioj3b	0.00359604435160794	1.1635438769088733	2272.810293880848	0.0
did:plc:oy43bvvt2i7upzhljnmpdo32	0.00719280719399507	0.653557078959622	1947.8321723131357	0.0
did:plc:oydgtkuancw5kbn4f3hzplkr	0.00458004984175632	0.7342702988220989	937.295310351006	0.0
did:plc:oygo2wkphyhtsura5uu423xr	0.00631354542649211	0.514130598946213	1392.3872235926156	0.0
did:plc:oyikphmrwy2ktlw3yjo7zgya	0.00876755292934856	0.463116096478806	2037.90254801526	0.0
did:plc:oypespryicd6r6t6ubbripro	0.00443824499215461	1.0714764955276688	1048.268174375147	0.0
did:plc:oz23fpq37yaudbsraenhpohw	0.0143478261055007	0.476734836093546	5292.62368176584	0.0
did:plc:oz5ag4ohjowelt2pkw7n5j4s	0.00862526539621344	1.4823251410562641	569.7244861299224	0.0
did:plc:ozadojulzxuky4t7uiqspf7k	0.00334080927026079	0.8923936067342724	513.391906318742	0.0
did:plc:ozcmpug5zyoczpxg5hjdowlp	0.00316667681638901	-0.341059365314757	16219.2991503025	0.0
did:plc:ozephmotvmtkxv2yy6lbhk5z	0.0082304526788504	0.470382777629873	2807.22171620569	0.0
did:plc:ozkz7wyrqoozg42nijrgwgis	0.00389093501401986	0.6365120962901482	1704.540470954302	0.0
did:plc:oznnpjngnpuz7u4fmokrblui	0.00504937996931831	0.5093050050604684	1521.6067393166645	0.0
did:plc:ozv4kyhfw2oskxwsj4xa5o5o	0.00342371952891456	0.9226620580610947	1010.2508020932426	0.0
did:plc:ozzgcuhf6xz3qtcizqrlrqe3	0.00358944509120717	1.7580317283150304	477.9647559064046	0.0
did:plc:p24rhg56lkluib3rl4m6tjmc	0.00812237715315981	0.2641510867850259	5797.360708342049	0.0
did:plc:p26vp7nrsbsrviroj4z2y4nt	0.00601891659705046	0.584218602328932	2858.42289077907	0.0
did:plc:p2elwvce7gbgirp5zl5kozxg	0.00339622641556522	0.9628725266739808	604.4630137947431	0.0
did:plc:p2jtnbwe5ydiijuml3wa4jah	0.00402993667270107	0.833432664143207	5798.68912226197	0.0
did:plc:p2q6cdfjakvi2qqv3gtb7bdp	0.0151699029283064	0.4522620423822297	4730.068450760059	0.0
did:plc:p2rhbnrdh2ubddqsfk2ssbj3	0.00544927536287003	0.8220753967964312	2080.7268618410026	0.0
did:plc:p2rvyfeli2qq5nxsnwwatgfa	0.00434250764548041	0.6069937299440423	1354.2930263816254	0.0
did:plc:p2wwjajj2wk4rm54bclwnxjn	0.00297908908636364	0.820791495408166	869.7787118330797	0.0
did:plc:p3bgvtdleqije6u73lt2lm7q	0.00730217737766172	0.6240206788799403	2383.992223938183	0.0
did:plc:p3ke3mvvrcxcud3fzxiud3e7	0.00213912216772634	0.680882027982159	4371.46226840476	0.0
did:plc:p3obpvlbscts6k263gogxbuq	0.00779816514226728	0.358545775938965	5658.83394100694	0.0
did:plc:p3ra6qxh3owrk2y6q5v7xlei	0.00786068448875991	0.520283553506505	2963.12382952447	0.0
did:plc:p3vpni6njg7jxoiphkamimtm	0.00406579190672738	1.8957148310753178	369.8661785937634	0.0
did:plc:p3ywr64snui3isisiyjct2qh	0.00453817405328562	0.8309833999362457	1071.613813692835	0.0
did:plc:p46q76c3dqy52ztypnmyjtvq	0.00436295642259306	1.1174141243888882	880.4950181131526	0.0
did:plc:p4c6l5pwdfbeaswksxnyar34	0.00438754968361592	0.7430363523534914	2131.3562397252163	0.0
did:plc:p4cho76ismuzgz4acdwlz7vf	0.00338347124058974	1.0922259989181966	475.34988411455714	0.0
did:plc:p4ex2wpk5idcwuqriuni3zle	0.00676965804690522	0.65603777705673	2984.62821561748	0.0
did:plc:p4patcp6ur33h2i6w3ll4yax	0.00458339034161024	0.9363117651600434	1115.0953677585705	0.0
did:plc:p4s3s727hegx7tx2cvyprtpg	0.00975840834910969	0.411902388170378	1749.05129042818	0.0
did:plc:p4vs2ujxdchdfrt2ia34fgpg	0.0104401805965592	0.236936365406819	7699.12090141177	0.0
did:plc:p4zzcz6gygewispv3fqwjpti	0.00663330618096606	0.444245372036977	5225.82304065095	0.0
did:plc:p5dbo6m4ma3x7zat7rb3xmqn	0.0040125799807604	0.7222946576870561	803.1714249616953	0.0
did:plc:p5dkg4lcrnzbtts6zefobkm3	0.00312635692635884	0.9995810257801943	296.1976781141966	0.0
did:plc:p5nf75qmxu453456xky6oqdn	0.0110706278043086	0.447871965307939	3449.55657930675	0.0
did:plc:p5prwsg56o5ei2l54unm2pbc	0.00483996877518608	0.6278912865221967	6567.141572581517	0.0
did:plc:p5uuqgrqay6vmkr4oh32kbiu	0.0122377622437459	0.497041082716165	4279.36350578795	0.0
did:plc:p5uyensvjvgodbdkpmxf2qnz	0.00416294974750047	0.178231695170994	7923.10097792575	0.0
did:plc:p5yvpt4pasu2lwhyuua2gd7r	0.0045901388518863	0.369425951878684	2838.46207208182	0.0
did:plc:p6c32no7iwqeenpayac7pokb	0.00714053878732277	0.595958962412269	1208.4035270025017	0.0
did:plc:p6iersqhyapjlh4ryvbo52dm	0.00620124025735583	0.470510982545709	3140.6537262488	0.0
did:plc:p6sfcmo2jnbojjkwmy5i4cux	0.0161697077714404	0.0885586405775086	5154.94724797554	0.0
did:plc:p6vuahwgzq6odzhpdp5mjkmi	0.00320153384276846	0.9497041590856216	527.7145662086622	0.0
did:plc:p72uj5vil3x4d6nm7zuodwuj	0.00389105058396658	0.9188238228377494	1937.6910337014065	0.0
did:plc:p72vvvpbl2oo3pywlnvr2yn3	0.00408674444690728	1.0715792003951299	1937.4143421670642	0.0
did:plc:p773dip2r4gw6axnsx7rul5v	0.00698732531816378	0.7346656022854329	3817.874719452042	0.0
did:plc:p7iwdqqnh2dcmnw33erayc5x	0.00560759574383028	0.7401555680370018	1957.5253034523123	0.0
did:plc:p7o6p4ksxxhl4f7q6ftkxvfv	0.00558939898311402	0.5388121046844249	3012.232853417599	0.0
did:plc:p7oyude3pyf6umqdcaftio3e	0.00283902716019173	1.971330653799791	222.54644633545615	0.0
did:plc:p7px4fl52ovw6xvd7s4lm4mw	0.00517565872084552	0.7123705435762205	2189.9668216511877	0.0
did:plc:pacesmfznydkdxcc3cbxrd6m	0.00246626019046046	0.7747800536350079	854.2502582735718	0.0
did:plc:pafzch57rofcwripz5okajqu	0.00401158903527124	2.204454386574461	339.54245972569663	0.0
did:plc:par6yfvtnx56ephldkivs44d	0.0107408427519069	-0.66608172382928	27147.5461361499	0.0
did:plc:pars64axnf7cvx54eu6fbg5e	0.00533247152034314	0.825524993841886	1847.3893631476376	0.0
did:plc:patm2eixqjflwtxpqucswfii	0.00688366604521547	0.446693458752526	2354.89488269815	0.0
did:plc:pbgjxue3c3mak2pqccwak6ce	0.0038706739529552	0.580422281523327	717.32127662497	0.0
did:plc:pbgm7pkzqa5hod6h2ueu5gw7	0.00470608368358624	0.561418933468059	2497.90853191752	0.0
did:plc:pbvyj5e5veilvuung77xvw56	0.00387737353270837	0.7183625763428637	1278.9015923723282	0.0
did:plc:pbxpiu2vts7cuuyc5gu4l3a5	0.00431944711099393	0.7792037151202088	2886.8827253268455	0.0
did:plc:pcbw2pxmafzs6qjtbmal5itp	0.00318408935102163	1.0147349526576543	718.6117000741899	0.0
did:plc:pcdecwjdqkxtlxsreswrtavh	0.00466497031471056	1.1345153027778787	1252.2627045879285	0.0
did:plc:pcdwauvutlshn3wn5nwgphrd	0.00677220756518968	0.648499524051388	2596.98770342861	0.0
did:plc:pcngsvtydkygeokpd652qpsq	0.00755594304493189	0.6644834194284871	2099.412070737756	0.0
did:plc:pcno6qq6mk6boswuywbaspgt	0.00217566097534172	1.0439236239921494	356.05953876980203	0.0
did:plc:pcp7osnobirqj2bukay5hryo	0.00466025255651039	1.6314684483071291	600.3489723546647	0.0
did:plc:pctitrs76tex2wf27iis7bea	0.00204195683957711	1.0700449531487215	366.45723003259917	0.0
did:plc:pdafjws5tauo2fdq7d63vpes	0.0106695118701936	-0.333353829793352	21210.5621398078	0.0
did:plc:pddyx54tznw4vak4wv4lwfb7	0.0312334568572726	0.4828309911665304	5173.4012237977995	0.0
did:plc:pdeogcum4wxpvkhor67l3gsj	0.00334689349122283	1.1242973657992246	502.5243178621179	0.0
did:plc:pdhwxzbeqjn5o6pivxuiuu37	0.00303448275875462	0.584941878726775	3112.49750844279	0.0
did:plc:pdm6sz5ixoc7mtzvdmuprykk	0.00622848713333031	0.5329023738232946	1517.7864272822167	0.0
did:plc:pdn4msxmk6asxqhe4cvpmjmu	0.00702897308544983	0.745357775029756	3116.4156887495897	0.0
did:plc:pds57bhdykdvazevosnscdhk	0.00336700336710011	1.9858209679000844	435.74974425842186	0.0
did:plc:pdwbsaygbwzfy55h2mllqp7b	0.00701978302514405	0.6312414825133617	2272.0925166460775	0.0
did:plc:pdzpev3r7pj2k3gq2inwpcot	0.0104534347095878	0.428593696466598	3770.75172926008	0.0
did:plc:pe7bqsdfntglf4k4mqhndda3	0.00658041490074855	0.6725679514807947	1423.3472917898196	0.0
did:plc:pebzcjerwphqjzqbuptkyyfb	0.00402970923021125	0.5502080237242509	1301.7786335857504	0.0
did:plc:pedw5hfdw6xg765l6jwcnctc	0.0051891301385613	0.513896970716305	2782.73305424671	0.0
did:plc:peef56johchr4shfizpgu2t7	0.00573493597533464	0.598912782576227	2237.23901458046	0.0
did:plc:pej32ljb2kcfzxlsq47x6ecf	0.0289608179984526	0.39858082494762187	6961.816952007866	0.0
did:plc:pej55lkuspnx56ggtlulrijm	0.0116878652526602	-0.516011602380964	21834.25571976	0.0
did:plc:pejmbadx72j6klhezpiybs7c	0.00652045050545161	0.733499195620484	1997.4726876807679	0.0
did:plc:peq6mwmdvompesh33iivi2m2	0.00390951414593652	0.510929771103651	521.4652208290171	0.0
did:plc:petftfv3b3v5npmctdr4iujw	0.0049138002839235	0.9411920399952632	1775.5587396497185	0.0
did:plc:petyxcfgvng4ns3ylzpw4emi	0.0103353238500966	0.322613565305253	5161.9782635891	0.0
did:plc:pezbounyys43nrguzeye25v2	0.00338292235591355	0.6122077458041562	2547.7516996082295	0.0
did:plc:pf2jn5jcaezz4cczrrme2t6i	0.00303730604173143	0.4985577057574155	3464.496800171801	0.0
did:plc:pf4dl5yccxhnteo5qm5h4t66	0.00458088335859003	0.6783906869547521	2033.780805672092	0.0
did:plc:pf5qpmwsvenxm47yhl7oag6u	0.00324708269924582	1.431575025011914	302.21917234298	0.0
did:plc:pf7jvtv45jsdefaconjf4d36	0.00611119392056244	0.5373152707924751	928.8410768928975	0.0
did:plc:pfdsl2yfpfitcwipplc2npgx	0.00631183896457546	0.874740166169979	1378.8620168241139	0.0
did:plc:pflr3he2aovkippezjnklitc	0.00505514705951629	0.8164014529745142	5505.82179095507	0.0
did:plc:pfmojj5tuimrsrmcmypmy27x	0.00360950688621826	1.223471991900863	772.8891658391643	0.0
did:plc:pfoexjfnwlg5exadlm6v5y2z	0.00881834215488594	-0.26005188463416	16935.0810967025	0.0
did:plc:pfprnsi3zbfoa3fjxxonj6pd	0.00706896551849331	0.5349717758457065	2408.6150606389497	0.0
did:plc:pfun3b4fcp2aqv6k7hjtnnxx	0.00645792563765379	0.2621314973288948	12230.27918083102	0.0
did:plc:pfxa34llqigag4pfl633iiv2	0.00758902510721073	0.4897578052353603	5666.626845360203	0.0
did:plc:pgjm6rc7r5dqgrffzflcdun6	0.00388505910502746	0.6349496297148316	1012.4988245369617	0.0
did:plc:pgo3c77gkp4e44aqgic5mh6k	0.00251111166918482	0.6850002690184209	969.9884556893654	0.0
did:plc:pgqc7winczumbuku26wpix5c	0.00444144057179986	0.519388392653433	6509.709786494057	0.0
did:plc:pgqtnk56kycfh6atg3yaww67	0.00676246830236144	0.4145263975824481	3435.1641209205677	0.0
did:plc:pgy2bz243upwcayjrgej2ahi	0.00653861871838128	0.678819325759393	2181.30088040267	0.0
did:plc:ph5uzntoensirfmxtqglowqk	0.00547032940951135	1.0155625125135974	1247.9458948449876	0.0
did:plc:phjnvuqkco7eqpatsbt6er2g	0.00209460638863802	2.0873223452241243	320.1305717505427	0.0
did:plc:phml3qfjxn5euwe23bxwnr4v	0.00286818214157795	0.645585547658468	1722.89167939313	0.0
did:plc:phr6lwcjc3nhgraggep7poao	0.0111750762015658	0.49914567879962884	3216.244298991651	0.0
did:plc:phuohvbqghohq3fdsiaqsacc	0.00652009097961253	-0.0664530505330345	13414.7205546864	0.0
did:plc:phvgq6wsb3a4foffwsawlqo5	0.00500892394567185	1.2123955344662383	638.7063953852439	0.0
did:plc:pi4knwkgoajl4azfzwzrmmrl	0.0113097409780348	-0.150202869340162	22831.3714544773	0.0
did:plc:pi7yl3ra456u46fokaikpdas	0.00913242009421316	0.5716265714311691	6921.564760943634	0.0
did:plc:pibaax3ulsz7kiwycotbhjsn	0.005806719205922	-0.312771372606724	18883.3887971882	0.0
did:plc:piceng3vpszfkajiepgo26lb	0.00549584758236417	0.730877749907529	2366.92103870152	0.0
did:plc:pii3ycq6lux5pyt7irchn4wg	0.00473077127603023	0.9278818076356374	918.1270513675605	0.0
did:plc:pinnrp7ya5nhrkz25xeoxm7b	0.0123505976153825	-0.24192501609507	22497.3541074283	0.0
did:plc:pislwppfdxoujz3mroqizixw	0.00445495045106021	0.4206291394332061	3653.045227990745	0.0
did:plc:pizrzhcmoqptjjhhshokbnyy	0.00646519320566984	0.5521790968234956	1242.6264178143117	0.0
did:plc:pj6m3ql65xzheqr2lz4ghzfa	0.00303643724763187	-0.406280543284994	21233.5035263592	0.0
did:plc:pjb45igivuxltb2mk37zxjy5	0.00710827238198726	0.5433302420343813	2964.7504446380367	0.0
did:plc:pjbndagstwjy7hukxfh46mjo	0.00398879483616713	0.8898875201918779	974.4628293952929	0.0
did:plc:pjfjyy2ptte5vn53shdrzlpj	0.00509461426559647	0.8550170311057428	1589.6912640489918	0.0
did:plc:pjjlhlu6j6o7ffjzkfko6ugd	0.00907965332526756	0.8114162562300931	1899.122646343682	0.0
did:plc:pjnejkhxs34klc7hg3si3cwi	0.0277372262799335	0.4953481013630306	5569.2818432317	0.0
did:plc:pjpbkfa23a6tynlj4rh44kq4	0.00412868413548207	0.8760244313976767	1284.0509475866877	0.0
did:plc:pjyboiualgumyfiinvqqbnec	0.00309328177876312	0.3205298933377562	11592.092684725423	0.0
did:plc:pjzmfaoiaipusogecvtcmuun	0.0461741428270313	0.25212751124776667	8190.3751391417645	0.0
did:plc:pk3j3wlcm7fxlryghmnuhrsl	0.00958849380992542	0.3008996194382446	5091.183199848559	0.0
did:plc:pk5f6fis3ar3pmvr4bhdbjzz	0.00754544415742021	0.5895245377732752	1765.9569653757208	0.0
did:plc:pkdrdgz3uuab5dhdhyeb2gmc	0.0130208333581603	-0.244990381342438	17695.472482591	0.0
did:plc:pkl44nr664ndbfzd23l534xc	0.00708855557962654	0.47952894184629963	2861.0165419163877	0.0
did:plc:pknce3k3m7mpab2hoxxr2se6	0.00825290250776761	0.591650779763855	3337.48095320188	0.0
did:plc:pkndcptpivq4gj3jntqz72km	0.00983975261204268	0.518218074645599	3545.9155599204414	0.0
did:plc:pktxxrmaquasmgs7vsykuefn	0.0172972973501669	0.056281160340937	16958.5233109519	0.0
did:plc:pkufrosc24silyqi2wctxpdi	0.00970216607701853	0.44369764226351116	4868.607332695829	0.0
did:plc:pl7bhqbidm6uq63xok5uyt42	0.0167770420005544	0.2505949558093061	4840.371092810889	0.0
did:plc:plo4tyd6tucskwcasyah4hi5	0.0047538625141277	0.7934949280001528	2269.9831305764133	0.0
did:plc:plxzqq3mujcmnfpa2yg26etz	0.00292178603611554	1.1527830626159459	609.151679051728	0.0
did:plc:plyuhhsw5a3ukmeqo2dkjxb2	0.00403109703454143	0.6352507089694172	1666.3558177817874	0.0
did:plc:pm2pqxqzglucsshxijecmzbz	0.00269670050780877	1.3694200123126106	504.21998571626915	0.0
did:plc:pmap5ujpkow4kcwszdgrw2k6	0.0124425209686353	0.07887562369778445	10003.154605239992	0.0
did:plc:pmc43ttpzsfzf7erzj3vccwz	0.00974169742886419	0.5301026787008041	1497.034261379902	0.0
did:plc:pmenavh5r67rwwzglm4ltznu	0.00367344841943701	0.8088592203734802	895.2707665602313	0.0
did:plc:pmiqc24ydlbt6nbnnbkegpkh	0.0073509756760655	0.39921925780177	2790.72679612705	0.0
did:plc:pmlxk4n6szimji7vj6tpsene	0.0072117826319555	0.6283963696147729	2120.0785995384354	0.0
did:plc:pmnev3j25ezoxukbhuurznxq	0.00718533201785104	0.689104014238401	2009.9594217236129	0.0
did:plc:pmoba6z4lrkk6gnxcxykrhan	0.00374164810725293	0.5503497359084839	6133.769199562789	0.0
did:plc:pmvjym27ltipq6nq7dzsdx6q	0.00683371298433205	1.0135299547452343	2167.2830885163503	0.0
did:plc:pmwkypufe4em5lw5is5g3c6s	0.0170285228310655	-0.102456807374665	11757.2803235769	0.0
did:plc:pn3jtfdrhkjgvaowzc4wx6ti	0.00395778364145416	0.8403193393753691	972.9203677097582	0.0
did:plc:pn56iwlmvswul5otnijwoweg	0.00552150961766444	0.9100042475613561	1017.0829856859046	0.0
did:plc:pn6oeaqzihwzizom3jqaai6r	0.00768359754611409	0.6173250406442504	2217.1395474892834	0.0
did:plc:pndzqpnmdb22v3554bt24zgj	0.00439676398277066	1.3287108852371659	941.6683783643102	0.0
did:plc:pnfh2p7rbqpgnn6niahezwxe	0.00407213496245592	0.775417243705881	1994.2873298295099	0.0
did:plc:pngceyoqrfxmpfargwbahh2g	0.005294740557833	0.524012089868389	7798.47287429129	0.0
did:plc:pnhdu6wbjxyfp423j6ikjyyr	0.00577909803093064	0.5922849866588038	1221.7900052055104	0.0
did:plc:pnpfv4piipgyc2wz7strxae2	0.00516960555214414	1.0560472507253627	1232.6136325979894	0.0
did:plc:pntti3bmixbxhklm254qgpb6	0.00258892790017555	0.341246969857501	5434.23709188665	0.0
did:plc:pnyj4st7slgypauls2z7ncbz	0.00349080754057662	0.29930221658174216	8414.648202405071	0.0
did:plc:po2l4yfmfh3dunlbmc3l6yin	0.00313152400847206	2.915580636290624	250.73993472099366	86.0
did:plc:po5twrvw5whunl4faceliaus	0.00397229578354517	1.2143564958046562	1028.4785396530394	0.0
did:plc:po7mgs4wrjncgmp5vfxcdwe4	0.00326013698855544	0.7394772323128956	503.57314296550703	0.0
did:plc:pogqm2lhjam5kuh63mnbcboj	0.00926923907395387	0.25695657807397	7375.53551124586	0.0
did:plc:poikios6ih6xbumvncs7pp4i	0.00845986986634899	-0.0217357876638514	14173.3008754447	0.0
did:plc:pomyvvorhladkxs5aonj3k3w	0.0115622479515982	0.488661592478049	3269.52588534311	0.0
did:plc:porj77r6m7rff5ncp3tlxq43	0.00313620071687003	1.5456119355107194	446.1326003785931	0.0
did:plc:potaa4abtjpwb7mdj7lsnyha	0.00445742854663091	0.862982907641261	689.0858924932222	0.0
did:plc:poynl3ifreszw634zwjuhhwx	0.00789277736500744	0.548654001911201	2456.1535968811077	0.0
did:plc:pp65vfarwu7sv2tbsbhqe3ko	0.00935529795933418	-0.182320176832518	17135.0129590101	0.0
did:plc:ppfl3kuiwlzxxojk4jeetkgc	0.00993377484564791	0.28857075953822836	11539.558500417474	0.0
did:plc:ppogxjar5zcwumy7fwegmsyf	0.00685443669130447	-0.0909091271553496	11446.7455369095	0.0
did:plc:ppxjrxkzl2tgk67epc5c4vtf	0.00766479305548908	-0.0712493754936984	22018.8079166819	0.0
did:plc:ppxxikbuibjteybjeixu3aev	0.00806965385851738	0.8387131569681304	1618.6263041668735	0.0
did:plc:pq2ihcxtnt76uknwy4nlqd2i	0.00543714658558293	0.8663965554822628	2715.381511602143	0.0
did:plc:pqajscqayg4fypk6equfdu2o	0.00397825222147942	0.8991459117385073	1870.8094340961345	0.0
did:plc:pqaqkw3tgj6csjgxhq5qqhds	0.0052862445175318	1.5779044285235801	988.8767370678788	0.0
did:plc:pqd27i2ydoiwzfujf2qm2ny6	0.00380855655871545	2.0658593635218416	362.0750909589004	0.0
did:plc:pqdenqpxoih7ayznxgmftssj	0.00226844133484101	1.6143486175248325	304.84705085177933	0.0
did:plc:pqjcb46uo5hjvfz5wmqvvjko	0.00378245037035952	0.5932083187224882	1018.5253758836637	0.0
did:plc:pqjvei75towl3howztyrbrnj	0.00207992211364554	0.5635223057068303	2952.711849649263	0.0
did:plc:pqne2ssouv764sodiqkixmom	0.0112299465318136	0.0306835220941002	13605.2736755693	0.0
did:plc:pqofvualus6hjcg3reylqdvd	0.00695797383933169	0.9122328012443586	1412.512567732919	0.0
did:plc:pqs2d5e62pzvmodv5zabzmr3	0.0042492917849382	1.0322166586682968	1613.5352854909127	0.0
did:plc:pqxfn2xqtd47l6gwdktgbzzf	0.0107153200205088	0.47848494933579233	4413.356109633925	0.0
did:plc:pqzj5lto6pgss4vmwkv6i6yr	0.00789607743339739	-0.346596228841914	22870.1124230138	0.0
did:plc:pr45fgxyzd3vsbfev3njsmgy	0.00331243345608689	0.9799089311989806	615.7191104870607	0.0
did:plc:pr5fglchkaioyu2kxo75oy2k	0.00455689315200869	0.6894451640539703	2840.4239271996994	0.0
did:plc:prar6vpnpiijhzn5snitugof	0.00431995540713595	1.6376636359164067	625.7670696409729	0.0
did:plc:prcki62uzdmgssiwj6nv67lr	0.00624154790570521	1.011443998349079	1470.0151163982337	0.0
did:plc:prctkvddcw3zb6cl3oe3porg	0.0044158775340436	0.7091027498418054	1458.272884388737	0.0
did:plc:prdcrcfbaaytayr6jca7hvgr	0.00332171416864715	0.8235372251491121	697.2882017878125	0.0
did:plc:prfroy7shdywu7c62yuygu5k	0.00751395449210903	0.50403538283736	2043.83984282783	0.0
did:plc:prg6wsmaanedmd7htc747jqi	0.00396187188669247	1.1288558817014256	701.2421819021006	0.0
did:plc:prjobc7vvmir63zxjtdihlhx	0.00274536719304583	2.3557672659949835	222.2208393967182	0.0
did:plc:prk2qvv257ho3fzetut57bae	0.00338794160306	0.753793337116608	1025.6936431078236	0.0
did:plc:prru7hnkmsidvzhy3ivskbsj	0.008050089449665	0.9589835743720584	895.6372390670489	0.0
did:plc:prvtjxdlpx5txpacya3zsd7y	0.00331621737280148	-0.0821593226523632	20714.1165517991	0.0
did:plc:prw6ms4hvvjtyzag53rzd6aq	0.00261780104733432	-0.0601737813957244	15153.6241634715	0.0
did:plc:przif52hpuyfddw52zp35lbn	0.00410136223948574	0.643925437526519	1740.9084517082	0.0
did:plc:pscldiwxynlqo46dd6og5ikc	0.00595238095280244	0.0689354392726303	7404.83617871668	0.0
did:plc:pscnslxqvtupsjws3dt35izp	0.00389634485898176	0.854387893238213	674.8115463880412	0.0
did:plc:pshkqby7ail2u4bolp3mrqny	0.0104042806280639	0.8469087814389907	2323.8096482063406	0.0
did:plc:pslrcgzvzheuxugogtbpflub	0.0109090909175468	-0.0598057574941296	12350.6498965583	0.0
did:plc:psm6u76hs4h4lrry77xoxr67	0.00342936820531451	0.622028962638067	1213.79933380158	0.0
did:plc:pssmcjocpck2lb365o5pr4sz	0.00291867161015376	1.023642968964935	1655.7935388255771	0.0
did:plc:psuqjnutvdhyf3a7uhf7uwro	0.00463208046675959	0.6616814851295999	1440.3140602186218	0.0
did:plc:psv6k3faerxv6doxvjbyrrwz	0.0106135986824848	0.5860267484103556	4347.883836898482	0.0
did:plc:psws73u33h4ddizgt5tujt4n	0.00317821735223386	0.8795048671828165	1125.4136347914373	0.0
did:plc:psxqvphhzccmqz7fwf3hu2b5	0.00404399870592261	0.7355386287921416	2168.0074415846393	0.0
did:plc:pt4zynjcivil34ohexc2ynrz	0.00513918629616202	0.198916302876413	7919.58784285346	0.0
did:plc:pt5ftto5462hyfarj3v7loz6	0.00445009536020898	0.9191502254855388	1535.879204974557	0.0
did:plc:pt6oa3h2kh5wbqhnpi4ivr4c	0.00370458891013672	1.6568582434507166	401.36501139029605	0.0
did:plc:ptap4po5xr7hehen4kqew4iv	0.00456423372119036	0.639214119402813	1905.06900005558	0.0
did:plc:ptb46jngr6p2wcdk6hibctsj	0.00646495991888906	0.55926102349455	2211.19982082118	0.0
did:plc:ptffmtig5m5hgxpw2nfvopel	0.0234432235493102	-0.429295026448652	27760.6465888384	0.0
did:plc:ptkcnabd4sokptvnhds5qedl	0.0069268457523027	0.616134473113371	2289.52204508778	0.0
did:plc:ptm2oh7rh7t2zxhducmnee5m	0.00583268042358737	0.386065259181054	5298.80122713813	0.0
did:plc:ptqrwjjgud3svskwc6r57c7x	0.00505020846860252	1.0600321872200966	721.3749859938276	0.0
did:plc:ptrlbvu4hz7ircwdfrftslka	0.00784156027400325	0.7478744208230234	1628.2234305834425	0.0
did:plc:pturiycmkweciyoxkx23kq2l	0.00277700638729191	0.51951589655952	3079.69084025177	0.0
did:plc:ptvsjlwegt4augxwc5nm5roq	0.00546322387989834	0.8510837865295462	1525.4321232433347	0.0
did:plc:pu5b7x7tlip3ivcp7nkvs5lb	0.0131201312255782	0.172059628979997	9799.49327612658	0.0
did:plc:pua5fqjws6k6fr2qaf4qy3we	0.00825542074765498	0.7565708941394212	1574.809108400434	0.0
did:plc:pubwpj2buyalcg4pkwa46ndm	0.00549334460227037	0.8473424510733688	1648.791444013548	0.0
did:plc:puueqll4kibmjedxhw4gnwba	0.00590372388953573	0.493895082731606	2042.11700341222	0.0
did:plc:puxupp6l464m3vyw53uhr2mv	0.00556612750020509	0.7336653208659896	899.9085687181223	0.0
did:plc:puysu447zuneyuxqqifhwwju	0.00449192667332598	1.162311310771963	2693.6902928610707	0.0
did:plc:pv45t75xetaakmeelouwjkhw	0.00683510313821018	0.714389930291227	4082.91146742483	0.0
did:plc:pvg7u3zkzra3docruazfbrl7	0.00424486148370379	1.1085060468769272	571.2074323479857	0.0
did:plc:pvgjw76mc2oajd25anmnadwy	0.0239808154468279	0.228558017350258	10759.8068129348	0.0
did:plc:pvm3makdbp4tmyhulvnbil5c	0.00221843003420288	1.1756629274440704	2031.272313870724	0.0
did:plc:pvrveyhykap6ebhh7bmmw3g2	0.00618025751261008	0.49017859340049885	5454.201921746522	0.0
did:plc:pvuzrzog2wsagpp622kof46r	0.00785169029899587	-0.674408582257279	33414.4951832856	0.0
did:plc:pvvhgmm6wxvqziqgwvn3h52j	0.00416001188700591	0.8104782331661504	1066.9991799374566	0.0
did:plc:pvwqklesnr74pejje7toiebk	0.0036145504887369	0.8320745121444262	2952.2112288238814	0.0
did:plc:pw5kqn7ltd5ktbhbo6jmh3li	0.0054762748451134	0.8726775979691227	812.3831875673703	0.0
did:plc:pwaguoninnz5ixbelnjm4hd7	0.00225449240773468	2.462916511246699	248.04074348591573	0.0
did:plc:pwhbstrdu6m6imzrlq2nkebo	0.0046610992434589	1.351305034905655	928.1282118848893	0.0
did:plc:pwng76sktwcf3dasr3sdio44	0.0133279483268618	0.234125014944471	8204.56581527531	0.0
did:plc:pwnukaivuob2nlbnttzoepjd	0.00513636692535065	0.520714697494818	3972.07289822916	0.0
did:plc:pwof7kvmnl6glo76xczk5y4o	0.00489236790683203	0.9003984710387597	1459.8774312710548	0.0
did:plc:pwojyb6tukauffz7vjiu5cyw	0.00602235498372607	0.6120682114275173	1433.020918379873	0.0
did:plc:pwqpiihjo4pqhnq6pta6bqmx	0.00418456940157139	0.414587640418051	2945.37143222558	0.0
did:plc:pwzp56bestaqsenwl3fwnaqi	0.00723922342992446	0.595305827887201	3175.27180345823	0.0
did:plc:pwzqgdewrrtv4fr6tzn22m2w	0.00818119839808661	0.838249671766784	1785.79310925447	0.0
did:plc:px54xqubzxamiko3iadivp2s	0.00798838054172621	0.38135963745476764	5402.38132516993	0.0
did:plc:px6td5chdn3f5jigicqtqo5q	0.00754147813486102	0.52701149861949	3297.83422001522	0.0
did:plc:pxaj43ekhjtfr7n5xk4wmnuc	0.00941915227892706	0.567793181059774	2328.83496920143	0.0
did:plc:pxb3d3u5bghduici7k3shkaf	0.0136479954549787	0.7019630371869803	2998.09176961923	0.0
did:plc:pxe3uvzvzhcrjavjsqb76ntv	0.00496114763970548	0.8981749703426304	1444.6698602305628	0.0
did:plc:pxhez7uvsybvobh3vqsymvmn	0.00234538945815258	2.0057313033129613	333.7268052788357	0.0
did:plc:pxjig2sqj2ywlmlhlo5urya5	0.00482979342529428	0.8793858702087487	1681.7174865446284	0.0
did:plc:pxmwr647wgm42mfgcapntogm	0.00564971751461816	0.5819143868920112	6356.635451370694	0.0
did:plc:pxqog3et4eppuanloxxupmki	0.00377090003564261	0.8401793420560605	676.5044791231601	0.0
did:plc:pxsz5t2e5tbc36vr4jiupvao	0.00415489446593306	1.4763740084095671	356.6609367720485	0.0
did:plc:pxvhwibir4hiv4j4p3luedws	0.00346502590717816	0.8999094280045016	1468.6589653152764	0.0
did:plc:py4o6c7zlu6bcdu6iecywpg7	0.00385078219045144	0.54440047812649	4160.8782732826	0.0
did:plc:py6445ozxssroh5a7kbyoqpf	0.0053553757494848	0.8402909415281017	1333.9042339998355	0.0
did:plc:pyaae45a2ukiahnpvyomtdk3	0.00664708611049336	0.1796872495163549	8841.856428075453	0.0
did:plc:pyiai2iipyz2gieoggesdrar	0.00675580577201998	0.433247729204851	4581.17460044987	0.0
did:plc:pyionbe6s7bwkyhdv6nmaiod	0.00638343525543299	0.546390499335207	1995.09142070649	0.0
did:plc:pyjjmhsln7gmg4qcviouenkx	0.0092872244062497	0.385308450214552	2977.71753947481	0.0
did:plc:pylxnqx3bmsjbggs2nuc6wyf	0.00411709664509326	0.8870444025594398	905.0062848041592	0.0
did:plc:pymzhxtcnshd3uh23jicklc6	0.00893255919364585	0.5306674147721523	3700.5931328166603	0.0
did:plc:pyql6adw3evl35bvev4lmw7y	0.00758202371612085	0.3180920804269213	6891.41398797717	0.0
did:plc:pysp6wzumbogm6lui5htbc6d	0.0105263157988895	0.30485138609946866	6291.583393505215	0.0
did:plc:pyyb26qoklmlfu7n6625bp4l	0.0227692307923901	-0.203195450592304	16765.2614474749	0.0
did:plc:pz7n4jlng6ejd7lem2og2sgq	0.00276484284069193	1.4913024933667804	542.0478513487417	0.0
did:plc:pz7o5kfwtqn6pnagkx5m2jaj	0.00910158544038186	0.23269613250533752	15597.820409787566	0.0
did:plc:pzan4vskw7sadafq4rhdvwoy	0.0071747664828539	0.5956788215088074	3791.6931573077745	0.0
did:plc:pzclcq2u4lliww2kmzoalqac	0.00664621677042492	0.606225174892229	4630.67838152298	0.0
did:plc:pzcxy3adt26vdbdokx7dmsf6	0.0154305624837922	0.426830890626918	7726.12923427	0.0
did:plc:pzgvqg4ihnaihkrpmxqz5pu6	0.0062811349378961	0.910395639577775	1366.2636176252176	0.0
did:plc:pzihy7kmlf4wmfavcvhhgunk	0.00416906267995084	0.5425324413508185	2688.7667483072296	0.0
did:plc:pziiv5ljv7ms6hjeiu5cnnuh	0.00459956710049144	0.6899436128794327	1990.8768080591115	0.0
did:plc:pztnzlvftghatwfeove3lztc	0.0057414373414922	0.6224649454656404	2143.6409265721545	0.0
did:plc:pzvfelm7okuybopuzkm4mzjx	0.00764685436711909	0.391408354079721	3154.22412443061	0.0
did:plc:q22ue3cwwdhaiotgi6avnq6k	0.00543135025949321	1.4126506834541575	417.1747492337595	0.0
did:plc:q23dydhsuh3oxmvd3wvs7w6g	0.00264433671241514	2.519694270082629	169.68365392351052	0.0
did:plc:q2ph5bfluiwjaey5pnq4bpdx	0.00673176057490848	0.4633227494213433	1696.2990174210222	0.0
did:plc:q2qpn7r6t57k42fviflcvlwv	0.00335671558300424	1.3918668979468332	349.0177341527513	0.0
did:plc:q2qsncasa6ebiohbrm4xcdfn	0.00961538461785799	0.8409148066141807	1295.6071746309135	0.0
did:plc:q34qroulhlxp35htrlrdyf3m	0.00390713906410905	0.8556921291243693	1168.233822089808	0.0
did:plc:q3k3pgufziphprgfkodgg3bj	0.00233920352978652	1.526559929162828	286.5735700740614	0.0
did:plc:q3mbbqy43rowufqa4hrj4r7e	0.00771376990084672	0.7924226488863393	2001.3611505184133	0.0
did:plc:q3soic5jop3yxukyl5qmacce	0.00400390296564873	0.7800764406846055	1545.2883067215578	0.0
did:plc:q4pz4cx4ytrgtze6sfm5k6hr	0.00260439274246905	-0.203950808840259	24672.1985624274	0.0
did:plc:q53oo376viczk6gpzfhjsncx	0.0121379310347281	0.584612939592299	3864.23356240587	0.0
did:plc:q562zfyrd44hmt5gwntijy4k	0.0155709342705575	0.2973872421757247	4980.139087694992	0.0
did:plc:q57wdqmqhht2d64jqp7wmgur	0.00393759286805419	0.4778223998134406	3774.642203936376	0.0
did:plc:q5dbb4faoest7gv7xbjbfbkh	0.00443397533704634	-0.134799558800414	12413.47635827	0.0
did:plc:q5ixuz77jsqionurfhlw6xxo	0.00441520214804793	1.1306128305985963	1552.9243793450598	0.0
did:plc:q5ky5bwo5odlt6m67pgf5m3d	0.00822680675311776	0.578595142609485	3015.11702181962	0.0
did:plc:q5pwljofphkp6p2vfvdec7rr	0.0107657932243183	0.378686314562926	5045.1905754116	0.0
did:plc:q5v7uvbgrdae4tsh5hcjlti6	0.00343535290488912	0.7797742427660682	743.665772006142	0.0
did:plc:q5y6rwg2nzcql2iwhr5dcxpc	0.00427238643322505	1.1937265703373838	487.83515228195114	0.0
did:plc:q5yui4e2davpisekueyv4zlo	0.00624916900257642	0.7465128474184406	4440.290993457775	0.0
did:plc:q64bsq4vjhkb3hv4kmrn6qsi	0.00970579315730662	-0.50755584932807	31461.0284745165	0.0
did:plc:q66o4dw76c5h4futxzjarnbw	0.0090405366025701	0.03173138043833107	15587.99588523948	0.0
did:plc:q6dp5llcwm7sy5mcx4rbrrct	0.00209434526786557	1.8526111505586615	268.97839133554857	0.0
did:plc:q6h4ml65iq6mj7gr4oyam25v	0.00688947522747674	0.3664189520364438	5592.848361374894	0.0
did:plc:q6klcr4ppykubnu6n32ceroc	0.00617083468847574	1.0020074977666107	1661.2663137908808	0.0
did:plc:q6o4wdnu3jvs2nv26zqlwfay	0.00507818797369783	0.9257462034290109	1708.0538319680022	0.0
did:plc:q6pitedc35hibg5kqwlistrt	0.00435821734873485	1.777230048213222	1242.2756900134589	0.0
did:plc:q6twzxyca4q5vpwnnldaqes5	0.00364523235115952	0.9573488362417701	725.6952326469467	0.0
did:plc:q6u22ibborfsxjket2pcelur	0.00625065111130757	0.6871277433161701	3442.0045266393377	0.0
did:plc:q6vk7qkicxryb4swasx6pes4	0.00405280222352407	1.7035700828344706	732.9925577311593	0.0
did:plc:q72rdymean2v7dwfs73gvldx	0.00408466394382344	1.9622800613773175	375.4661994432535	0.0
did:plc:q76zlh3afkzwyg37hm76pdqz	0.00841258230070135	-0.134338653643788	14171.7058620223	0.0
did:plc:q7ikl7xjzv2vjz5mf3mqs6h3	0.00298919291805258	0.603502745548488	7819.05798072652	0.0
did:plc:q7m6s6amkzx6kxgtfobdxhzw	0.00299974470327286	1.01822770786332	605.8555193982083	0.0
did:plc:q7npplf2bsfrwaaakhdnl7nc	0.00695500978179751	0.5860206424189773	3024.7443309425175	0.0
did:plc:q7rrl3kxgv5rabfkq34xh3tm	0.0038944723621172	1.9151740903473475	227.07248776348132	0.0
did:plc:q7xi227t7xc3otzunc6j3xd4	0.00585937500221064	0.658682707518611	2666.61654088004	0.0
did:plc:q7zsn5jgv7s62kso6t4tl4vm	0.00578268663851205	0.5950021799643613	1907.2499005979384	0.0
did:plc:qa5kzvpdokdwmrdf2x7yek3n	0.0150871228378745	0.262340404783571	4718.58893987799	0.0
did:plc:qanyj43x3am7bn3vsumsuxnd	0.00312957447894647	1.6830684486735303	468.90440884685887	0.0
did:plc:qau6gpakcaujckesep4rbxtn	0.00817117345193872	0.6045972351511025	1351.1067682109506	0.0
did:plc:qavlmdkl34huc6njhvdruizv	0.00437414567575103	1.062498481905001	424.71341073958615	0.0
did:plc:qaxumxdbhysby7fr4bi6gkm2	0.0118703882003343	0.1348570697728337	9877.193734952187	0.0
did:plc:qb5k4sfmidx67xqve3isqpl7	0.0047323405557034	0.6505224990208847	2015.9184665304988	0.0
did:plc:qbcnbuko6rynewjv2ispbvtr	0.00599388379411242	0.39975522245494605	3741.8632892056057	0.0
did:plc:qbkxp6qivd2w3zg5fc5cvs6q	0.00628798994100059	-0.375417869682027	25908.1593790695	0.0
did:plc:qboo4mroiramoz3pw5a3n4mb	0.00280135823446779	1.4484758669243454	246.06906773639463	0.0
did:plc:qbtctw2eimtgt5tva4phtjw6	0.002844474190744	0.8638671636062653	1475.607506994703	0.0
did:plc:qbtlvtgyokv67gt4k2llsscl	0.00384040964401706	-0.133545398415431	15535.0091894459	0.0
did:plc:qbutv3bpbdqlsbqf72ofd46x	0.00369669876210816	0.7030277405348971	1765.7271908525768	0.0
did:plc:qbwinv2ejll7v2izj4472a4q	0.00229621125150049	-0.277116650570642	19723.0520128721	0.0
did:plc:qbzolwc7eeiplcghrwhp4kmq	0.00209246711846269	1.4935479921840276	349.73696265043304	0.0
did:plc:qc6344zrcaejb6wkrcxtp3fv	0.00677350074485757	-0.542208409456473	24482.9781919882	0.0
did:plc:qcbkdqzpdf3pyeapwhwfmbhx	0.0104625550679972	-0.0839267781362378	14628.7420006246	0.0
did:plc:qcce534yely3zoad7mxk6z75	0.0043128716188014	0.8191669959519229	1591.408755395601	0.0
did:plc:qciv3mtdzrbf4zstx5legfvp	0.00699409387757516	0.192309547121616	9012.06151265101	0.0
did:plc:qcjosmdsyqug4shryhexbli3	0.0117474302834677	0.28041225270237097	4698.926781877711	0.0
did:plc:qcmnxia4cdunxtrryski3ekt	0.00376628490267508	0.6960647240811284	457.371363815784	0.0
did:plc:qcotyu6iysv62mykxl634chq	0.00725329261425228	0.8437495381845942	1894.9249283302806	0.0
did:plc:qcrhx6ikwbdaaonza5xl7eax	0.00913043478549955	0.05644298703803508	8326.969482861921	0.0
did:plc:qcrjdjnrx24hnrie4pkakale	0.00838677849411495	-0.202281315525132	14020.5188204315	0.0
did:plc:qcrpdkcfapeoom7d7d4adht2	0.00391099635510368	0.9674039842293917	706.792745124635	0.0
did:plc:qcsejlrwv3ew4qvysm3o7st4	0.00373557467849067	0.7859836670156284	1203.9057874041287	0.0
did:plc:qda3qxmvvcrcjodghynhtbnd	0.00270097377231668	0.9791704413590769	580.940179238328	0.0
did:plc:qdaarsnzkyhiizgmpy3mxiir	0.012086113565321	0.3764602889196324	3537.8451156123447	0.0
did:plc:qddavrrzsvutmipweslbhh3f	0.0137931034691537	0.7111922449189656	4241.702602879489	0.0
did:plc:qdpc2i7zffnxo3rq4bvlzxsy	0.0151318633966944	-0.0296556984184028	16459.8857008205	0.0
did:plc:qdqn7mwjtpxzxhjq2gq5zw3a	0.00252315364526306	1.0791872444100306	1000.8799940078972	0.0
did:plc:qducdf4didjrqrrhfyczkqtt	0.00386071720278146	0.7297181137567355	1003.0297126001366	0.0
did:plc:qdupjipmerycpcwf53swbjuv	0.00924164176441196	0.492769365605674	5325.33762985105	0.0
did:plc:qdyjzupgesuviblnjxkrww2g	0.00527441197446244	0.9559708642579977	1828.1344938838217	0.0
did:plc:qe42lbcitqaldgwy34mfjeeo	0.00691038787365203	1.4006953779461073	1064.1762409275593	0.0
did:plc:qe7nb2yirwiejxo2niuwmqvy	0.00610202587298061	0.6862070327457653	2016.2093378071945	0.0
did:plc:qe7uaqbfqdhln63nhzl4x4fn	0.00724099517383402	0.61305481267551	2985.87948002002	0.0
did:plc:qea2jhqtzxzpwf7jte4due5a	0.0040959625512523	0.15942816545031827	8945.939267725287	0.0
did:plc:qeakrrttp3zhv7pesnq7exfh	0.0034719245610912	0.6631020959067088	1784.3048343815117	0.0
did:plc:qeg3p5et2m4ljsv5c2lkosfr	0.0105633802910069	-0.306934687334337	23193.0618321424	0.0
did:plc:qegyxppcpvkmc5tj6eeqgp2m	0.00337292858238458	0.8250659152628839	2176.227026407303	0.0
did:plc:qejc5g3on7wkr5axbvnraaml	0.00576806314743095	0.5263130611532401	2000.5633944398608	0.0
did:plc:qenjl3z4zisypwhiuouizgqf	0.00517411300984378	0.5625541463522316	4072.045919417024	0.0
did:plc:qenruj4mxg2kjqrnoqcrmtrs	0.00675774937707735	0.432889265980367	4483.85049472918	0.0
did:plc:qepodifrfbb6thylw6zg3lga	0.0066767830060403	0.6327433543705344	2146.7686156255295	0.0
did:plc:qexk6qr7grr42dlys3yqpfwn	0.0108036110787084	0.237305061839784	5930.88881883008	0.0
did:plc:qf4gw3vf4tp5qwidnecchs6w	0.0111365870033752	0.567982017392287	3407.08596040916	0.0
did:plc:qfezf7qe6qa22comanx3pn3r	0.00546388373128787	0.357164741169286	5725.29027189286	0.0
did:plc:qfnop4h7e7izlyxf6jgfpjki	0.00274649821495971	2.0787158277737134	461.4671567952872	0.0
did:plc:qfplhhqfibbwvt5ug3z77rhn	0.0101010101116711	-0.520248040377421	24200.7390345396	0.0
did:plc:qfpzib737todsd46x5whome5	0.00579462761885284	0.6531721366728789	915.0876799866984	0.0
did:plc:qfrgryt62bvacoiedp3oqqni	0.00348904440101519	0.7481122674190411	616.9693309256731	0.0
did:plc:qfv5btrgwsb6pqxhqpwugq6n	0.00294187803147469	0.8179436059620846	925.987322475747	0.0
did:plc:qfyfp6s43tyzrm3fyde2u53p	0.00594509529849579	1.0405220233308154	1705.675980312161	0.0
did:plc:qg22zmhcfta4e4fojepgcoqe	0.00493811726480689	0.6768595487367997	2235.887660170146	0.0
did:plc:qg3nwmnc5azxocjum6aenvo2	0.0116661681193836	0.5038092876483231	5474.404776282382	0.0
did:plc:qg5354l3jcnd6kwr3z4g6yor	0.0111208662968527	-0.366164446368253	18007.4127716045	0.0
did:plc:qg62fysnwhubemjwsgq5yfbz	0.00582661032367259	0.684348174946516	1425.60012561829	0.0
did:plc:qg6aj2ryckff6areegodnkws	0.00461680517173562	1.3505772982279918	1287.418891989867	0.0
did:plc:qg6pildsg3qvl5fb3rytsi3k	0.00527517518366489	0.4599065743205565	3848.74640063144	0.0
did:plc:qgajzfykstrw536pk5265hd3	0.00748713149800817	0.728410752872588	3496.60406434366	0.0
did:plc:qgjytzphm3xrw5o4cc23azoc	0.002208443047652	1.2856139537295628	318.49389795820446	0.0
did:plc:qgsbfk27j3ahszrk5fcmqaxd	0.00745692980733164	0.469667748137542	3133.38875690096	0.0
did:plc:qgu7tye47inl6vs46xibcna2	0.0112897707910682	0.633195379854163	1995.15913152759	0.0
did:plc:qgu7wp3zenjpagbyq4rjzxa7	0.00234389085888677	1.144331107360505	458.6307228796746	0.0
did:plc:qh555yx4kea4prmkdueoxv5t	0.00417437502989643	0.6360494160154854	2544.951076034465	0.0
did:plc:qh7kqifmei3nydbw6n5dpocy	0.0055776892435414	0.5510547423256047	2846.2175246264514	0.0
did:plc:qhbrc54xxitl5uh46imwin4w	0.00543031100927848	0.747184696861466	2549.2340648443364	0.0
did:plc:qhex75u6kzlix5tb6jmvngx7	0.00957476768360419	0.42556988580855515	3011.225405201691	0.0
did:plc:qhfvxawtbdwq7rrtpxabixjc	0.00688073395174627	0.758021767992887	2449.8721899942398	0.0
did:plc:qhi2d62sgqjmqh6onqgfoolv	0.00489929232520422	1.3193150051802525	524.6413141892954	0.0
did:plc:qhrdfo26m6zznvafr3ffs5lp	0.00507536142793754	1.7370617956945573	755.393299307474	0.0
did:plc:qhuazlf22zcyeeotyrgjm2zj	0.00202836240076866	1.016276325522991	211.4290220170292	0.0
did:plc:qi5vum6zkdhcs24bnialp4vd	0.00791904971847574	0.22448824012177232	7619.914259306237	0.0
did:plc:qi6cbdzq5uttvjdjvufu5w6j	0.00657391836266643	0.651416158678006	2657.79267186907	0.0
did:plc:qi7qil3ncpt4a3uwfnmzfafo	0.0113034263587115	-0.177983260311714	10986.1419711313	0.0
did:plc:qibjhzdl7qmm3ff7bertwzoo	0.0060989913210577	0.854975326116987	1361.9382192146145	0.0
did:plc:qiiaotogrmhrbiuzbnbbopbf	0.00561849498069936	0.559602240858481	3962.85320971887	0.0
did:plc:qikyehnqxrgkbabqmsx4d7lx	0.00335003737654835	0.7376510986567687	1403.2420782413124	0.0
did:plc:qimqsqzxlw2vmoplhu5r3b27	0.00307125307127886	2.157974131443925	253.08296948150206	0.0
did:plc:qinopmppciwz6kadeq5w66nk	0.0082304526788504	0.5793637863524537	3802.1784437180568	0.0
did:plc:qiolngfymjbkr2kcl74u62qc	0.00404743307561274	0.50587713537859	5367.12619670167	0.0
did:plc:qipw75bznurw4irrspnly54m	0.00633158758731112	1.0252256786213043	1197.682541083849	0.0
did:plc:qiq6iytamx4owaqnrxzzedev	0.00328365748936957	1.4104490664062872	578.6359119433837	0.0
did:plc:qjbvrkglzjebuimfrtke6y5e	0.0143048726159405	-0.705418416354534	31808.5556854765	0.0
did:plc:qjg6vytt6kq4ftnsihxnfxsk	0.00661375661528791	0.4067464771093428	5972.811049617835	0.0
did:plc:qjp5iktkix22zxnxqqflrms5	0.0121032813402365	0.441616022864397	3249.93615809166	0.0
did:plc:qjtp2l4oow7cuw6ebrnrw34y	0.00465116279159101	0.5431352588755411	6328.701743634997	0.0
did:plc:qjukmjvx7vuc3rmt537vkk47	0.00580235720989285	-0.087815315824069	15066.8612351504	0.0
did:plc:qjzutue73lc6hktyepavryjy	0.00555884968922323	0.6898266105211673	1944.607484849222	0.0
did:plc:qjzzhkuq6fyldxefrwurxcdn	0.00385683431071555	1.097056434812905	1396.9282676577463	0.0
did:plc:qkdbhm2mwkf54q5zy5c6qpbv	0.00359555458745045	0.8809255560506435	2274.6738888231394	0.0
did:plc:qkewenetcxuu222xwvdesv3t	0.00641172430426608	0.8430589840623294	1814.9717755912443	0.0
did:plc:qkflyd7j3r3dbdp2z3qvwbvr	0.0103526366970558	1.0735475585428869	610.4533946989809	0.0
did:plc:qkib36ndoo6notzexh5igsw4	0.00536508098775283	0.7122489204044539	958.3190499318957	0.0
did:plc:qkjaez4pconjssrkey5kgpr5	0.00871794872127197	2.4638492343072587	1369.9001742748358	556.0
did:plc:qkjss3rqpqbpgickhucodpfm	0.00820189276445437	0.1794033846988	7684.16962151193	0.0
did:plc:qkm4ilbrbnawzjjlzxsxhe4i	0.00689536286982068	0.414166080930367	4477.92238360045	0.0
did:plc:qkpipd2j44cuk4pufb2ijnwo	0.00495410930403254	0.8871742086107898	1134.4675243942797	0.0
did:plc:qkt5zjqgapysp4bc4ynffna2	0.00326929286416804	1.4310776757799584	313.13328317531926	0.0
did:plc:qkv2jmwzupwlzsonhasad6b3	0.0110529377626374	-0.528223578072674	26387.1038560519	0.0
did:plc:ql42g4gk54xpgff63lhiwycb	0.00715990453581066	0.6541120108968459	1939.1917914667124	0.0
did:plc:ql4k3lvukywmpybcwxaxxcgt	0.00250014881843163	1.4886653458969774	1008.5785724749466	0.0
did:plc:ql4o7bi4qhjloe4nu7xkbbj3	0.00246323395253898	0.41306123640036	2559.22362927594	0.0
did:plc:qlfhr4dhdsdn4dv2t5wqibhd	0.00676400231108995	0.40268503725770866	1999.7731281012932	0.0
did:plc:qlpvjudntmota6oorxdp5exp	0.00987058566617726	0.5231248997374415	3761.3706730106446	0.0
did:plc:qls76iqdy4z3uwy7pgyga2y7	0.00405147759798494	0.4657378350261845	6672.7491260575	0.0
did:plc:qltnawbbyurunceajwpnrv3p	0.00254471694634903	1.7948184990532765	316.6738610280992	0.0
did:plc:qlxics55bonc5acsq5siqyds	0.00487742266795275	0.502946581677212	3263.84706538172	0.0
did:plc:qm53kmcis5atzu7fvtv7bwh3	0.00240653991004048	0.9580429501583707	984.3903509442404	0.0
did:plc:qmc2s5n2subejtcx2rzfyqjh	0.00378128764563035	0.6981102664505158	1289.1414738877095	0.0
did:plc:qmmag2og5lciojyoa46co6ne	0.00303951367794479	0.7302102733405973	414.26702264023385	0.0
did:plc:qmnbycd5lqbr4ynny5oqj5l6	0.0112966601254907	0.49705097383066704	3101.104868992119	0.0
did:plc:qmrpve6heg5iy74tbkfoz6wj	0.00752484347694954	0.6899220526717242	1087.7353033060376	0.0
did:plc:qmrvyz37lwpaslc4pcxr6zw2	0.0144865786290082	-0.277955240275887	18473.7158626355	0.0
did:plc:qn6qjvzmjfsnrrcbdip5w7mf	0.00266246671916633	0.7149476358376677	3026.229409379313	0.0
did:plc:qnajslqllgz5vzfu7regmkhf	0.00604642091092317	1.5783469241396924	205.18510013816	130.0
did:plc:qnet7j75k5tbtmvxe2nv7lax	0.00627450981290224	-0.723235367807149	34641.6125455759	0.0
did:plc:qnjqnno3fftf2wj4xfkxpt32	0.00594221199053111	0.8391647333707675	1303.9928565770224	0.0
did:plc:qnkxfeuovoq65brrfeiiag2h	0.00680628272391698	0.68808472464326	1840.88109894754	0.0
did:plc:qno7mesmrykwocfg45vskmhn	0.0106007067156246	0.29971250776494446	4166.447653752206	0.0
did:plc:qnzxnsphuvo5ewlrlx24jgzw	0.00701454234393492	0.6498029407661818	3709.192436161825	0.0
did:plc:qob3qcykh2pfoqd4yllhjvuo	0.00359992216423807	-0.158322760942356	17355.6697051879	0.0
did:plc:qoeixyranj7lh3ipqs76enls	0.00763464741909309	0.7291146713366854	2145.9863717508847	0.0
did:plc:qogvh4h46cqsteweylzd45bu	0.00219587176116484	0.153070504527336	15414.9107299097	0.0
did:plc:qolzf5ikww5indke3myy35iy	0.00857811281867001	0.20953290152117043	7533.0619697216225	0.0
did:plc:qomzhcaxni4d6dwhtvd5kb7g	0.0119507908675863	0.5177800602919137	1670.8735906576687	0.0
did:plc:qor2n3oyainnygvychl3zysb	0.00249687890162226	2.0552966356241233	335.6909176174153	0.0
did:plc:qotmufivzugzmhta4gs5qfuv	0.00524267646753293	0.674389674384394	1237.86350414368	0.0
did:plc:qouz6smplczwlwizp272xomz	0.0142142669314183	0.6193746502352397	3036.4908955471933	0.0
did:plc:qp4ecc57fffmlokjefgg7o7t	0.00286112644161706	0.5239285004004977	1353.5827990501803	0.0
did:plc:qp6dyy3eqes4lxepsqfgll6v	0.00338924133183742	1.2329200549995023	328.1615479798525	0.0
did:plc:qp6sutxncejhkqnloq4vmhqm	0.00955586926085432	0.7869198530142835	1370.840980643647	0.0
did:plc:qpdjl22sgfejceds2ibabye6	0.00444072932469257	0.9080218104552993	811.6065457358594	0.0
did:plc:qph3bndigxmitwqdvorzuad3	0.00233387940133214	1.4264407947224524	330.38692459427796	0.0
did:plc:qppvby4okbx6f2ziog6ciokp	0.00489175687004139	0.5501803950461244	6641.538392493985	0.0
did:plc:qq3okg3ne4rxpnewfc5ko3ek	0.00507727917637239	0.7474827272587178	2368.7410128669844	0.0
did:plc:qq74hyp2hpmmjokqb754gwqf	0.00272772952427057	1.7411913197490703	169.92332078273495	0.0
did:plc:qq7o5pxf3thyvbdbeujai2j2	0.00200536477930182	1.2326958243611048	246.86013299748382	0.0
did:plc:qq7rgk6au6muh4yvfxwz4vtc	0.00514864640490691	0.5646297480390265	1966.406018569248	0.0
did:plc:qqboortyrcspcfmeaktauslk	0.0042148198506835	-0.716007346651274	36692.3055328746	0.0
did:plc:qqbysn3dj2jpmky62tvcsio3	0.00349207009126724	0.7574042236123429	710.2941511718235	0.0
did:plc:qqfwvuk5jgehiz67pexv7yc4	0.00400657922511471	0.8094598288475794	1206.790489330869	0.0
did:plc:qqg3ibgocfnfir7ij56h64tn	0.0093692487896913	0.20111546938954702	6854.567449564743	0.0
did:plc:qqie4w4jnfdrdxnrc4nocvog	0.00229069681525836	-0.379632954386246	25794.4371623455	0.0
did:plc:qqigxjdikbfuk72gntxcqlh6	0.00475733742583336	0.30247267595219696	2829.9131186824748	0.0
did:plc:qqkeo4lcj4vvsv26moyitw44	0.00263949743989581	0.9350347521169694	767.8284123998111	0.0
did:plc:qqmczgbhs2bsk7zeaw6bjm53	0.00243336668794641	1.0275889556325737	1223.3790724574726	0.0
did:plc:qqplbnv5ymq4xoifsvrm6jz5	0.00974025975215505	0.9826393520079386	3850.933086794594	0.0
did:plc:qqqzgtzn7vgoorzwrdpokgfs	0.0104341972419202	0.4790724317146192	4704.218877457345	0.0
did:plc:qqsyhfl5sdkspecptkbmd36j	0.0126796280911343	-0.151654286438769	19577.5223134027	0.0
did:plc:qqt33ehaaeytvzudi2xvlugn	0.0062379325727476	0.421627714807849	2071.5458086928484	0.0
did:plc:qr3c7fwyt4teddvq5imd4wqx	0.00783162017101477	0.27969450353825415	6062.62711189856	0.0
did:plc:qr7iqeoffflogzfl72j6wfkc	0.00267085624529096	2.8028493016097746	250.47357383375004	0.0
did:plc:qrceheqy4l2dd2y3pgde5hzu	0.00465794794448213	0.7520796826826686	845.9827588819468	0.0
did:plc:qrcljl5dr4p2hgxfjlngt7vh	0.00391283669882073	0.498331993359062	1516.71370500089	0.0
did:plc:qrfxwgi2yfkxd3i6r7rgumdp	0.00921015908738208	0.5007354538370195	8084.910055780045	0.0
did:plc:qrgwusbyajfsv5h4ga6rn2tu	0.00548602777355564	0.6212696280071913	3312.559178693866	0.0
did:plc:qribzvciza2x5ooszuzarolo	0.00644111465349982	0.291391443289321	3557.45015933879	0.0
did:plc:qrjng34yntpng2gm7lgrwsoo	0.00807647931850856	0.90792610787248	2473.012398111711	0.0
did:plc:qrkj23xkpkoc64fl3nmcyl7w	0.0125566794614153	-0.177151442250694	12394.2854398506	0.0
did:plc:qrnsn7edvt6rekfeyjqzsasa	0.00540075141172365	0.44653299894102333	4436.182142256961	0.0
did:plc:qrokw5iubzl3j2xatjttwev3	0.00518967008589835	0.394759348301429	6606.09108956354	0.0
did:plc:qrpenjdjocyww2sbht6ikylg	0.00467388354579464	0.630197208639388	925.4187685270439	0.0
did:plc:qrriapz6kbmavprvwvl4mth5	0.0036038533512822	0.869926600366788	2300.800018947097	0.0
did:plc:qrrts3bjzdbov4erzffj2etz	0.00496993496207457	0.823652407054659	693.0228139693246	0.0
did:plc:qrs3cjvaxivyslxaorl3iur5	0.00803673938427091	0.6683025086624228	2621.046732727161	0.0
did:plc:qrxhuiamnqmyzdqdxudpldyb	0.00561718859760976	0.43126472778447894	2336.1281181320837	0.0
did:plc:qrzppnyxy4kahdtmvrcyns5e	0.00410577252070344	0.400238358478366	3868.73961147446	0.0
did:plc:qs3x2x34uhozfszsjgo5r65g	0.0177719982680961	-0.808658224328406	26396.7535886259	0.0
did:plc:qseuumabjxhbt5wvyrwt53bq	0.00680070964067409	1.190543435319272	1838.7887492640714	0.0
did:plc:qsg5z5vvxkw2wpwgjm64f76m	0.00304131740971431	2.1133217532431723	264.22561277580047	0.0
did:plc:qsgixduw4i2fyzbbs46f3srj	0.00256167511281525	1.8701682242923823	300.40362203630116	0.0
did:plc:qsiouhv5q7qpgv76zhqpbraw	0.00508259212266363	0.4074699343958457	6625.850535998316	0.0
did:plc:qsk2qovu2v25ptb37znyxz5b	0.00887136520768719	0.631372723357162	3618.847736649489	0.0
did:plc:qsrpl3lccbbpjqtmsu7ijzvb	0.00614226273225082	1.114479746640558	1149.375805023532	0.0
did:plc:qss73anasvazyioggyaam3zi	0.00607251294913754	0.518716788241751	7780.51612109049	0.0
did:plc:qsxotf3e23y6ptvxapg5gxye	0.00699300699430051	0.5004912407810378	3234.201544860805	0.0
did:plc:qsye35ttzuifj2p22lhncqbb	0.00941176470852051	-0.360231435518435	21960.0365885652	0.0
did:plc:qt6snarvlf5frwfafvc47hga	0.00207865635662196	2.010241581751441	438.2637537577112	0.0
did:plc:qtcl2molyfxog3osailim7hq	0.00271077781534401	0.923822816037021	591.5797908848505	0.0
did:plc:qtedrb345b2c44e3vaqma7rk	0.0050294695488372	0.766547588263574	1627.4129033853676	0.0
did:plc:qtitcywzvomnzrdrdii65rog	0.00338234770582103	0.9637741400811968	615.4006858270096	0.0
did:plc:qtmbxdz43c3ih7bgft6rvezd	0.0046467381370783	0.7078724567562067	1193.446432284977	0.0
did:plc:qtmfpfmqvji5tpfuish6xrki	0.00301254134071792	1.215391851790823	418.21281036850297	0.0
did:plc:qtqy5dllonydlgby63lmbo3j	0.00490877095565259	0.597452408584347	2006.599621008	0.0
did:plc:qtrb65jp4z26fo25t4ra3dz6	0.00524634136782312	0.4218848689516397	2650.6640021762664	0.0
did:plc:qttejugdkjsuoxma754hqjkl	0.00445654865069683	0.4897288868252502	4312.506417101461	0.0
did:plc:qtvbraackxefbnvgstn6z5re	0.00676900761656099	0.75690241203264	1484.11256356602	0.0
did:plc:qtxdgb74lhkpoqtnjd5w7tzp	0.00858021695122048	0.6607643530620277	1924.3255460301236	0.0
did:plc:qu27lzksslg3g74a355xvk24	0.00518027351908479	0.673832493574269	1337.60685211185	0.0
did:plc:qu33cirxjv2voprcdjukr5ht	0.00373698020202596	-0.242159267565335	16404.4930153905	0.0
did:plc:qu5o7orszxhilqwhd4m4qh2y	0.00200870438577314	3.33008565371677	273.06702360477516	82.0
did:plc:quanpy3kztql2dti3rp7fton	0.00214017178201217	0.515192426657874	704.1822155754095	0.0
did:plc:quawv2kovfs4kompthllp7ew	0.00349122882677586	0.9784049738785305	582.9259481861174	0.0
did:plc:qub25sxhcykwox2j4wvnlznm	0.005589714925049	0.8508578196311131	1460.8705242338015	0.0
did:plc:quejfreze6zp4qdnybmgbnoi	0.00328125520505778	0.7850398719618714	641.7622756428931	0.0
did:plc:quldxyqgusmofcxqhufm6sjn	0.00215796288311859	1.4483949097259834	214.72728925749618	0.0
did:plc:qup6qr4yefkqluilaxaoupzd	0.0112215453686582	0.31801675158957016	8391.20810818102	0.0
did:plc:quqpy6rq6hrksjwlptbdvpc4	0.00262426674920882	3.60634048485991	97.37119309121756	27.0
did:plc:qv2fk3xi3lx2kvukf7ors5rj	0.00534667126653778	-0.333590437594856	26820.402706635	0.0
did:plc:qvexl7xwl7fw2g54ziyneko5	0.0054860783393791	0.572360784321818	2380.67533461102	0.0
did:plc:qvixdn5caus7ugud6apnaqlx	0.00203490164643993	1.3313022195712545	719.0438775855002	0.0
did:plc:qvkg3efr6wtd5wujus6tee7h	0.00239296006592786	1.8345010617520996	212.79263439672104	0.0
did:plc:qvkkxtcstcgtnur5zqzhm5wk	0.00630202140344605	0.5274674839414182	3376.5251647737377	0.0
did:plc:qvlju7b6ilnvmv6uq2bmc2qt	0.00919681177474748	0.6335871659244455	3087.336634933856	0.0
did:plc:qvvq7rf6reny2xyjdxr3tq7h	0.00592404527876996	0.5540849557919858	4570.396979232693	0.0
did:plc:qvx3pxwe3kkazbsd6ymsol2k	0.00510826028975213	0.7327705452111393	1395.8427373814811	0.0
did:plc:qw7lukvvutumtjtmfbhoajcq	0.0104166666763841	-0.200244601683592	15478.2064157595	0.0
did:plc:qwajyqbyxrtdyzi2mpbphvah	0.00796217964685305	0.3269444800189266	5891.849994576004	0.0
did:plc:qwavpjkqiozrksv3uz5e45qk	0.00426676560639169	0.4241707649381673	5112.308199333218	0.0
did:plc:qwb7aulelog3wpb6o3nwx33e	0.00409461339720307	0.8844680029941209	787.5351205319841	0.0
did:plc:qwedl6gczm45u5b6ufjfgcx7	0.0082712985977739	0.515480134243116	4353.17197903832	0.0
did:plc:qwejiwp7z2dlq67hpmk4zbrt	0.0088018171499927	-0.203425145963409	17776.6345581706	0.0
did:plc:qwf4izoyeyesijdeyjlity7g	0.00394392596358773	0.7949275930671469	1319.6898356643856	0.0
did:plc:qwfovnhulqucle7bmwhkgx4m	0.00299725782808388	1.8070772612398354	384.4568431297171	0.0
did:plc:qwh2jhvps4nfrmcrbyevsigy	0.00458358557561209	1.016076603716889	744.1578279230785	0.0
did:plc:qwhro6e3wm7riewqhuu3s2vb	0.00578676179381398	0.7306302074498714	2000.0132971598057	0.0
did:plc:qwizmdusjctrabzsabn22r53	0.00323190022088057	0.8752862440540213	879.3403695708629	0.0
did:plc:qwnvns5offtxdal22mqd7re3	0.00742337164858939	0.4298316800842318	5875.859908634401	0.0
did:plc:qwqlloypxrnkqtcwbr6j2p7m	0.00916546068785526	0.46086114634554315	6285.102522503743	0.0
did:plc:qwqvjkkxpiisgamsbqr7ng2m	0.00701186623645023	-0.116049370926364	17976.9224680057	0.0
did:plc:qwyiqpdgxevt7ubs2l3ygfpx	0.00265017667865089	2.2031322493763765	300.4967421373614	0.0
did:plc:qwysr54rvwoe54oud72qlvj5	0.0117270788980604	0.361776983961729	6506.58744781933	0.0
did:plc:qx2zmeblku3khkpxv7cb2qfr	0.00705134571583088	0.6770386960511822	2397.0572322020093	0.0
did:plc:qx7qeguc3j3zm3fpmvzgnvvh	0.00618156128583992	-0.0871757171854461	18374.3090473691	0.0
did:plc:qxchasajlxnw3uznk7j72ulj	0.00637450200059237	0.5602272124871045	2046.9659654365284	0.0
did:plc:qxddxevtvd6ow6zttzo32rct	0.00302148363736025	1.0717396005295705	440.0255782263761	0.0
did:plc:qxgy625kgjacr4u2mgpwx2br	0.00806451613323619	0.360152246729211	8022.31561609534	0.0
did:plc:qxhxvgqxudnmeg3of7qhdwj4	0.0144274121011961	-0.419699522611714	26394.7896458265	0.0
did:plc:qxmnnep7wxekszmcqbv5eoi5	0.00288317973552265	0.6995584640980395	1828.5525825110947	0.0
did:plc:qxpqyhmf3adh7qrei2vt76zc	0.00568720379195324	1.1739164576310857	929.4118833325139	0.0
did:plc:qxsu47lhbysptwymnfy3hvkh	0.00830317224144819	0.5693831031378325	2189.5499365744777	0.0
did:plc:qxxepulgm2w74wj4c2tcr6np	0.00420238695583965	0.7273091117335041	2031.928640268437	0.0
did:plc:qxygenvss6qpgh4bz43mec3u	0.00392728350570957	0.6795257164628368	783.2264159642042	0.0
did:plc:qy3jt5rhlyibvnokmmkrc5y5	0.00306662949552963	-0.166391359027549	10454.4607737613	0.0
did:plc:qy5lyjxn6kxedljzp4pj3urb	0.00369223439769539	-0.34612907033924	22334.5940626173	0.0
did:plc:qy7hnj7g5idhid6gwc46wol5	0.01078167116779	0.197180659255495	8529.02834138685	0.0
did:plc:qybgqqpt33nz3oulpnkowe3d	0.00716524854576063	0.9918823399966862	2987.7533727488944	0.0
did:plc:qydc2kswumajuadc3ykjie3g	0.00626429352870172	0.6540162667816933	1981.741355656456	0.0
did:plc:qyi57dpzsst2n6s4dlxkakda	0.00987415295484854	0.485107491212212	3617.42193198885	0.0
did:plc:qyjxcutpgm7zpft5njvgl7jy	0.00724921630117247	0.669876390410753	4105.91071386864	0.0
did:plc:qyo32cesxht5yqhb3bbi5nd6	0.00627316795017412	0.8297930143516882	1458.8938257490918	0.0
did:plc:qywvvlhxgsrnhwvjnevunk2l	0.00706640340975377	0.6089639264543761	3101.8423851075277	0.0
did:plc:qyz4q5brtp6pumhref7scvru	0.0028132873728379	0.5947309465613098	1160.9799210925285	0.0
did:plc:qz7bw2qdqlpthbtu6yltjgnd	0.00516996252100642	1.1355922361509023	1124.6286547017928	0.0
did:plc:qzafte5sa6a6jous4qxuqe2p	0.00809296534966685	0.28006259604039324	4341.880074659329	0.0
did:plc:qzga27cpu222katomyvad6p7	0.00544163134435009	0.667959061579668	1429.03080059203	0.0
did:plc:qzi5ucqjs55uqylbercvdm4e	0.00529053084708801	0.7762298389347658	1174.0175488457126	0.0
did:plc:qzi6hpiwkuyfdsrrxi565kzf	0.00504813336533529	0.5822181170573157	4854.810895865909	0.0
did:plc:qzkkps73qu3yqldfnmk2pu6n	0.00659703134361424	0.377503682011212	3461.44725541626	0.0
did:plc:qzt4lco5hk6ej2ohjpuhuwdr	0.00551528521914189	0.9029605892388838	806.3838776986125	0.0
did:plc:qzuyfzsxqttv4h5mgwih3q6z	0.00596014155546103	0.523294748253601	1742.4902120759	0.0
did:plc:qzvhr7vzpzobf4yy6udjnplj	0.00664034458155588	0.119854993410219	11876.9664142752	0.0
did:plc:qzygl4mma6kscx5mnwmuhace	0.00433630450498286	-0.194062134406107	15380.4492410065	0.0
did:plc:r24zyegl6gmvnvpdfioaptgq	0.00897487036602822	1.3641355489042148	767.292899065441	0.0
did:plc:r2ak4asgcylruo5k6evxkwjj	0.00326719260509471	0.204107362229794	557.947902098815	0.0
did:plc:r2citgeme4dnrvz6sl6certa	0.0137589433173604	0.6419098065798872	3541.5876626096538	0.0
did:plc:r2fhik35uhd3h7nmlxpgn6w6	0.00491670522921142	0.7845892530749906	1035.4727443462325	0.0
did:plc:r2hdeeagvleq4llrzez3oso5	0.00316527244010732	1.512753533594246	287.3769006881961	0.0
did:plc:r2iyeu7xkkat2cfyakg6unry	0.00505197707249045	0.8881080238934858	1617.324563402939	0.0
did:plc:r2ood3hdiojcawx33i244567	0.00417402472331846	0.774681271207618	1707.82952733207	0.0
did:plc:r2qkism42zqtyuwmbvrmdirb	0.00693311583045536	0.71259481139678	2981.05792609565	0.0
did:plc:r2tq5pnsgp5g7zzeza72mbrx	0.00892657889173543	0.12750769510861093	9081.131265888713	0.0
did:plc:r2vhtwyo4xbypfg24vw5ucem	0.00778074556269133	0.560130689664294	2322.08792126728	0.0
did:plc:r35z3ekl6vpexvpoghfd3xtb	0.0140756959688958	0.5910699022375289	3790.903874609971	0.0
did:plc:r37kgdkk7xgl3ru5p4e436a5	0.00259067357517377	2.5553445948240707	150.2638682952001	0.0
did:plc:r3dcdodqgbd7jzmhccszmmrx	0.0194285714658653	0.27004554026625205	6789.522029744679	0.0
did:plc:r3ozcsdtvip44mzqff4gyuld	0.0105526242803812	0.6440879563400821	2856.6419212317724	0.0
did:plc:r3rqrnvwvh3neqmavfkjpfhd	0.00528825314321332	0.6129097164662428	2813.4336787644293	0.0
did:plc:r3ssau5b2cclcqipntl6kbht	0.00491201890270234	0.575723834715939	3135.79928192099	0.0
did:plc:r43zao6xp2phb56umqjotqwr	0.00325618234631877	-0.197584217497353	21239.6862476798	0.0
did:plc:r4bgonx3z525iey6qre4mecq	0.0102911646687133	0.41489708306696	3091.35610927441	0.0
did:plc:r4bp2jwpphoikih2fakfw74g	0.00336827525429123	0.9314732533148931	760.7572989149434	0.0
did:plc:r4bqnjbchrsfwtmpjmhtx4vo	0.00416233090555808	2.0958208638478264	286.0688804567446	0.0
did:plc:r4eyg2ohq47gd5lcpkfvoigp	0.00749197289144443	0.5147251846467906	2413.5476054592377	0.0
did:plc:r4h24appl4rnlnzwclnnygcf	0.00259333561681758	1.7767035904637518	260.7432167206557	0.0
did:plc:r4lt7jmocqukkczh4ozqrubo	0.00565652819237129	0.6632402246594127	1344.4919981941443	0.0
did:plc:r4ofxcnccslocsy5sdknd4nn	0.00861623298638285	0.4991326757240927	1599.2545575774968	0.0
did:plc:r4s4gdsyuvdum55y7eoihbph	0.0129813933612725	0.668518493009559	3175.7148629039	0.0
did:plc:r4xrzendbg7zgxi7ldacqwva	0.00410018966890072	0.7673792866917521	749.6778073157707	0.0
did:plc:r53fojnxghg6ymax7nihz5q3	0.0101302460308291	0.417441908210559	6780.47431907661	0.0
did:plc:r572xh7qiae33gdj2jsklzrs	0.00289557599986202	1.3751307526710668	420.6091950599796	0.0
did:plc:r5fto47twsladcfwozw7ibce	0.00321077931007304	0.7379518649049468	1015.7182620481178	0.0
did:plc:r5mbzndzng2deqwb5rkrnvui	0.00205094277217572	0.7200552946240137	400.6898401618236	0.0
did:plc:r5pxpfaucu5ou6d4lfezrkk2	0.00337078651733596	1.104890609811189	449.50274478887235	0.0
did:plc:r5z37pqp6tizdzytnfmpgsus	0.0151802656703018	0.1779290295035515	5990.085538615811	0.0
did:plc:r5zd6iermc2gboitypskz5ts	0.0041364239446874	0.858517357909481	3470.64761889882	0.0
did:plc:r66yaqubuqgatiy6sdwcyob4	0.0031679349885816	1.2067950060297736	509.4362555924124	0.0
did:plc:r67mjx4ggg4uu74tjgc6i43f	0.00999200640589927	-0.128594616725319	14493.6427843491	0.0
did:plc:r6bnnelhgrlampcuqt7drd2e	0.00490028490104663	0.1932866929081681	11285.830738886913	0.0
did:plc:r6coo7hwu65qinfxt7dbzw7h	0.00458799779869255	0.8343803744397553	1287.1219650010937	0.0
did:plc:r6jyitc7kbknt57kf7eayjrp	0.00685400960248603	0.702619158098299	2116.6791877505234	0.0
did:plc:r6lekbdwwiybonmiygzcimv2	0.00327343641186214	0.7227775372208675	2292.9222668264915	0.0
did:plc:r6nmrtup3g4xwdk4sgw2k2z5	0.00547690399971608	0.615932815131444	1554.26649531391	0.0
did:plc:r6pb42wntifs5mmw7e7zewzv	0.0050075112676134	0.3517264296395792	5622.225495063651	0.0
did:plc:r6ygu4wwodnnohqmcpsqudeo	0.00334448160584511	0.9200711810408401	792.8889826505442	0.0
did:plc:r7d7t7zreb4an77dyiugo6m4	0.00506573393179783	1.0766857257796543	1693.9579272586477	0.0
did:plc:r7qncldcdc47qpkvfh2szhey	0.00385565134546361	0.647658405226203	1105.5526472798613	0.0
did:plc:r7xwtr4dfnjjcor4i6qq74h3	0.0080489375410904	0.5749346132580748	5181.925526451228	0.0
did:plc:ra463mzw3g77ytlygtkgbmb3	0.00727832598616962	0.4113845177561627	3211.268211383094	0.0
did:plc:rabbki7smmq7pex3bs4lbk4f	0.00345125107860555	0.931717899185984	1591.27996959408	0.0
did:plc:rabdmq2mec62nrt3gxwu3eor	0.00777831794343429	1.6842183943526545	766.3535870449319	0.0
did:plc:raepnuzaf2yeq3orckysj4ll	0.00422665434012259	0.6580711802535695	3265.1698428673153	0.0
did:plc:rah4drqhlbrepgj4ypzsvyfm	0.00404803670221038	0.9476731902277931	1115.6455404818455	0.0
did:plc:ram5psxogayvcx4fky6n64rd	0.00640648011950666	0.8457118837222757	1044.3453230268285	0.0
did:plc:ramfjx6h5scuhvcdmal743y2	0.00400923338738873	1.6241775719017728	665.1710260565416	0.0
did:plc:ramqkocr2jnqomvjdljhvb6b	0.00895455564550407	0.169976416268539	8995.9898213499	0.0
did:plc:ranab4qtaz7id6twleeym7gg	0.0180940893103539	-0.313429527643785	20578.2568202185	0.0
did:plc:rarhjvba7ot4ozwxkuong6ir	0.00327563181908895	0.5801174485982711	1883.9541791705242	0.0
did:plc:ratqbqujhb7wybtlx4qzr2df	0.00552963539019369	3.5882120469369037	114.82278550198092	32.0
did:plc:rb4jieswcdblfsfgulwkxlp6	0.00613054453853005	-0.1413630689225	12340.0942796567	0.0
did:plc:rb5vbn6hgrtp56sulcgzymh5	0.00713775874497026	0.5422062208869909	1993.6627232856615	0.0
did:plc:rb6gukahjugjuml4ke2rsgm4	0.00224271118870754	2.1305087906011844	246.95621852683584	0.0
did:plc:rbdzaxsylcavq666525oichj	0.00538858530664091	1.2212862810952492	561.351200773424	0.0
did:plc:rbekuple4fzu66dldp33gdf2	0.00470874556987787	0.8635135132405087	929.405362407375	0.0
did:plc:rbnu5nu3hqrdsudfhpztwwdk	0.00390907774751759	0.83224349132737	1007.5132857993358	0.0
did:plc:rbnvxnw7mhuzhorfd7fdwe77	0.00497702909650685	0.7807171554969098	2182.481572705666	0.0
did:plc:rbtmq3dd5nwys4idmsinpw67	0.00486082260152858	0.508085926524968	1400.55676693081	0.0
did:plc:rbzviwlkyt3o3fng3ambe7dc	0.0056793359545692	0.7015748129579484	2447.4354532515194	0.0
did:plc:rc2ncpniusyd5utrdg4hep5y	0.00840743735213106	0.4395820371317334	2541.806153288374	0.0
did:plc:rc5yoi6wnj5ef6plmb5hz6wf	0.00484034981074718	0.8443134184088522	1236.8004532713903	0.0
did:plc:rcdo3oidsdwa5xco3ei7ddvc	0.00842105263526835	0.661150261301483	3747.30081563171	0.0
did:plc:rcjlhif4itomcemrmdskqxyi	0.00988569664406045	0.781617020607434	2294.18710432282	0.0
did:plc:rcjo2bqpncjrfpgc32rw6byu	0.00299309286276456	1.5087696024428765	501.98844479207713	0.0
did:plc:rcjwbeevbi6vkhrqk5lcv4lb	0.00836142953849626	0.560570312435891	2203.406388669032	0.0
did:plc:rcmojb4dnq7zdbnd2fusdhm7	0.0109618651026548	0.3303345548534625	4184.014946830141	0.0
did:plc:rcsurv76xidcxu7464zab5x5	0.00673057311995112	-0.290334330335552	25001.0510523695	0.0
did:plc:rcu6f7twiqhfqs6zf3hs227m	0.00819803890449896	0.6033373435966045	2715.4525293141664	0.0
did:plc:rd4glezltrgm5726uvhuqxib	0.00436643087961597	0.7981142290553019	932.0280876747541	0.0
did:plc:rd6ppfmt5ycieeefavjc6cob	0.00826972010567808	0.201177994439847	8270.93054493785	0.0
did:plc:rd7winmyrwwdegqvrfvpp6ho	0.00564419841577809	0.7752525262455566	2157.292552807018	0.0
did:plc:rdaapih4ytwb3hc4vfindyg3	0.00348344103436087	0.7476155394786432	3282.7505798093443	0.0
did:plc:rddwtjbr2plcu2jv6s4yt6ei	0.0122996645604966	-0.166634308716189	19170.731767376	0.0
did:plc:rdetioo7fgwpbateasfdg67g	0.00584495488149549	0.503059477556701	2981.114565294436	0.0
did:plc:rdkxtr2zh2okspvnqfuwbqch	0.0081914205687873	-0.100418789020912	10320.5229055041	0.0
did:plc:rdm5rwxykphaeo3ff45urwa4	0.00609851446481692	0.726635890872443	2660.90926624793	0.0
did:plc:rdmdd4ovrvw5xddpapnkgdjs	0.015050752553688	0.6168558697277942	2709.999855891487	0.0
did:plc:rdpjcfhptpwvi3rrdux7q5oy	0.00417246175268317	0.9674661633540474	1116.5001456543669	0.0
did:plc:re43otwsp2dsrcz47ir34h34	0.0108071597520282	0.5704398496827986	5248.205244593813	0.0
did:plc:re5b4yjt25tny2a3o43gtyqh	0.0119549929740708	-0.428581602709886	27853.0410258787	0.0
did:plc:re65d5z5s2fcfwiyc4ovbqyn	0.00234119894036077	3.9076309123510553	78.15261824702111	20.0
did:plc:reac6fhpg3kfecay5gxogj7f	0.00742857143395909	0.308903593004836	5278.038147181166	0.0
did:plc:reimsmq25jtuo34jhhxxdwxx	0.00361937759118024	0.6516707468918594	1087.6950516686716	0.0
did:plc:rejaczr6swtrg6b6bam7choa	0.00566652500403101	0.403164762471901	7822.77519272133	0.0
did:plc:rekapbikjifsssnfjt7atyuj	0.00422269141039692	0.9907562728453768	557.0748733511845	0.0
did:plc:renain52aigsycfhd4z3iwct	0.00220161787469605	1.2261695305581348	320.3318014533744	0.0
did:plc:retppsbsplsav5zm2rfwujkl	0.00498354489964223	0.9063646123906336	1693.637357723317	0.0
did:plc:rfejqlxulckd2gfblp7inxla	0.00638836877158395	0.7080283370227431	1872.2689049541837	0.0
did:plc:rfi7iwodli2ndxbrmwzlvsb2	0.00910470409769995	0.3623427658772934	9696.940087862848	0.0
did:plc:rflzxzl6c3wugwp7uhi3umge	0.00496547443629683	0.5183191310531392	3430.939239854592	0.0
did:plc:rfm77hdtyeorn6pl5q4gxjbt	0.0039608317749652	-0.425753640589174	24776.313645831	0.0
did:plc:rfnyig4ciqdietg47lgwftcj	0.00310980576066897	1.07752548384953	804.2474141201961	0.0
did:plc:rfozodyxt3lg4fnmnc3g3hhp	0.00731750847872901	0.4005282996361507	3586.3055094283504	0.0
did:plc:rfq7zsfun4ydg7mfmw43esme	0.0050528579114624	0.68996856017667	1278.0501592781616	0.0
did:plc:rft36jtwgglf3qqv6dsu2yx2	0.00343223464049652	0.8250841997123401	1110.1187298073676	0.0
did:plc:rfz5qhewsctszyui6xvyfyli	0.00343100890253333	1.8140453162485468	477.68911495954046	0.0
did:plc:rge4ug46ficrlupnyystgqje	0.00370027752088624	1.0994471440386269	1320.2435654487979	0.0
did:plc:rgh6rrnw456upnif677gnfgb	0.00704436450864633	0.5199056224688513	3901.2435177407656	0.0
did:plc:rglaypzknb6vhesdk34d3bcp	0.00662963626620621	0.9866887194663035	1962.894996268328	0.0
did:plc:rgmdbion4dfw2nxk6wd6ko4u	0.00599941469330735	0.8101386228022187	1141.3519796208202	0.0
did:plc:rgxqhocttfsubc4yinwkzsct	0.00339754479357265	1.0775685085907087	586.670977657728	0.0
did:plc:rgypnelhdhszeql2sj44hofw	0.00537186255498898	0.7958101181650828	1679.395781959714	0.0
did:plc:rgznzhivkirc7mxfigigkjpu	0.00715670195438933	0.5815131547224439	3281.8456451926695	0.0
did:plc:rh62n3svmdt2eu5k3gmgd4gu	0.0193726937645551	-0.261682247234565	15332.659894604	0.0
did:plc:rhfyu2rd5j2w7m3mxew4zlpc	0.00770308123345864	0.8052485203596688	1618.5603738379587	0.0
did:plc:rhjvq2fqzihf6qobmn63ukwz	0.00475866757391262	0.8757310194969815	842.0339371720618	0.0
did:plc:rhqysdggb2yrxvdpsvafvgud	0.00350890575579369	1.3310631484301099	415.23878660498644	0.0
did:plc:rhx75ucb5yj3tyec7ed2dwtk	0.00230261474703299	1.5300894371842728	237.12128076028702	0.0
did:plc:rhxdvop4bsejuv4hnoonxo57	0.00462891529175671	0.9340005111465036	1090.4811321568106	0.0
did:plc:ri3mvozos6kpjdrs2locqs5i	0.0043231559040333	-0.630767957614025	33397.5522245316	0.0
did:plc:ri5u3axevvzzfnzhadhxs4fy	0.00710879930768944	0.7594387755028609	1690.3856155039218	0.0
did:plc:ri6pm6w4ft67dmacps7rpebs	0.00736335315885232	0.408830101396096	3867.79342759414	0.0
did:plc:ri6qrw72xecygdo6qzr5tzbk	0.00334012219969186	1.71310109756439	290.09296978081136	0.0
did:plc:ricdac7culh2tq7gexcsseak	0.00215364120789599	0.8601579126420918	1351.1811493742946	0.0
did:plc:rie3xj52skwse7yrqbtuvs4w	0.00454403983834935	0.58899101576796	2689.52693939899	0.0
did:plc:rieg45qram7hmzghyvezdvlm	0.00484221757229473	0.7027923407264726	1500.0648417525028	0.0
did:plc:ril6ufvobpnarz5g3vvtqfyl	0.0086114101218557	0.525959048806551	3250.47846278367	0.0
did:plc:riopcscql2ye6emgibkyih26	0.00519930675973466	0.5557358532354801	1236.382680586256	0.0
did:plc:rir6czimvngdnxkekybah3qb	0.0058300539302434	0.578267680023048	1440.79944701522	0.0
did:plc:riv65aislkgepfcqchmtk35x	0.00311652568110427	0.506216567125457	2926.08648372699	0.0
did:plc:riyg5kswg2ph5t4hb2wxnwc6	0.00647548566305709	0.2987918261574279	8979.173401233971	0.0
did:plc:riyyeuy4exhlh3urqgkqud4c	0.00375957740480749	1.0248917431288787	657.0491117756005	0.0
did:plc:rj3hemheugecv6fm5yzn3ice	0.00284732449697275	1.0008974176481573	1583.6636788526114	0.0
did:plc:rjbatwj7vthikz5zdzakfgcg	0.00457239627528503	0.8886620222724751	2603.2158587769313	0.0
did:plc:rjct3kvwcu5pukrd4mauaddd	0.0156057495010581	0.07814123423805969	8494.07822681698	0.0
did:plc:rjeel4dzjpyw3iufidsvpku2	0.00323192580677459	0.16145376441532	5681.76345071445	0.0
did:plc:rjehdfh3svqpvq3yz5mmqpnc	0.00531871369014417	0.890350873353814	2275.13587869352	0.0
did:plc:rjn2ahtyorwb2oqky4llhaah	0.0063544122185985	0.8048649423968055	1950.3289166413488	0.0
did:plc:rjou76pd4hivl4roluudgjnd	0.00503571428641523	0.678270035208555	1510.92760663185	0.0
did:plc:rjyhnfmae2qov3yhlksee3ao	0.0028157860002979	1.0069615934161218	835.7293475756989	0.0
did:plc:rkv5fp74pt7nm2hoaqq6atbz	0.00295662901765115	0.8126058925552386	1198.314988844615	0.0
did:plc:rkwek5ovdh5dr2znk4hmgm7m	0.00390831619190046	0.8327251956637316	967.3509745700443	0.0
did:plc:rky4t4nqkzx5muzi5cu5cgyi	0.00336367233883863	0.5886670701945892	1324.0619434177515	0.0
did:plc:rldwau4vn3re6yri4mq23j3a	0.00373788108900765	0.5277664261500657	4588.906721142591	0.0
did:plc:rlhj22ktoceirsry7yvhpgtj	0.00209718670085543	1.8950563663104962	428.25323174925876	0.0
did:plc:rllznyqwy4zvdg3ysaspngtz	0.00276251967510229	1.5287892338318607	273.4853477250269	0.0
did:plc:rlockxf2lsy5avqfh3gs5dvk	0.00833776832028212	0.33551161847020616	6222.561573960398	0.0
did:plc:rlsmgludt5oq6m5pnh2x4ue7	0.00391181458481499	0.5637388715793182	1520.6473514585814	0.0
did:plc:rltsccmjq3sl7ywjg5mzt5em	0.00968083497443967	0.6488995174150035	3219.5550843804535	0.0
did:plc:rlyaziijbmtuchd3jiqu4qop	0.00491926398873627	0.7843838807032486	940.1010804481174	0.0
did:plc:rlzmr4wwp7kkpdgr4chx3dkl	0.00357325165941182	0.590517266486708	2237.0772735000014	0.0
did:plc:rm5ukmr2n2ntf4diwgayw4sk	0.00544730777299953	0.8271208770172578	1226.3915411846433	0.0
did:plc:rmav2vxhpym2ujk5ra4vsc63	0.00378151260537948	0.48367266965804795	4857.769014868614	0.0
did:plc:rmb3iudvsneijdwwiwlbcxdo	0.00367699052651832	0.7621948008353315	1791.2202622799068	0.0
did:plc:rmgr7qyfcnn3fgperd3uz2i4	0.00558715969169331	1.2244747139350594	1214.5106189662633	0.0
did:plc:rmjmuqg37w4e2b5jqzkdtajs	0.00296462891038742	0.8336303372881348	1272.3838860265168	0.0
did:plc:rmjr7irj7jw4ccoel7xughbf	0.00582029829254339	0.8502323448591355	1516.4773962538138	0.0
did:plc:rmjswbihj7ouzozma2cfn6lo	0.00494981438269938	-0.304650150929758	18566.7965974958	0.0
did:plc:rmnf4xutcomwqqrq7k6qj227	0.0137318255461996	0.45700618209867094	5321.051280248052	0.0
did:plc:rmnop6cvpg2jhah7wk56zamp	0.00442490268035488	0.7794016401483479	696.7356450146636	0.0
did:plc:rn2p5hrxbapbhllcutsjnfp2	0.00514808694612376	0.932149876190014	1157.0066726486955	0.0
did:plc:rn6q66xv3fvxun3jv5dwyrhz	0.0134370579960306	-0.141387914472914	15583.674029153	0.0
did:plc:rn73eqbs3j4acorf2fqolqkk	0.00267151294886016	0.7732872090520395	1287.4202833795168	0.0
did:plc:rn7y466zh4d6itihabpatyur	0.00468331846653038	0.49457005475413	3253.63988703847	0.0
did:plc:rnd5gwq5onhretncbjeh36sb	0.00299639882412919	1.406155684718998	458.5913398223501	0.0
did:plc:rne6dbaebpe42ukep3x2bor2	0.00513285024220718	0.5874952622534738	3508.5524441099287	0.0
did:plc:rnjt6vsoito3wbk4wznkfp6c	0.00244906152770532	1.3719919588484857	222.7530787934501	0.0
did:plc:rnjydjazwsiitwf4ojaopa5s	0.00553548537519046	0.7209555754987836	1290.9376302560652	0.0
did:plc:rnkplz4e4nxvx32yxbid3ff3	0.00614221592442959	0.885981786132151	2279.587168228647	0.0
did:plc:rnlhussh65neilnwfdqxcdpc	0.00586556753549462	0.55716500602656	3196.55269196919	0.0
did:plc:rnmksaqlhxdjq7cztimnn7qt	0.00978792822420403	-0.108092340230619	14893.9773328646	0.0
did:plc:rnnwril3uexgc2or3vxg4vb7	0.00234076629302676	4.295085111051086	55.836106443664114	13.0
did:plc:rnofmvg4brignaqg65vubfbr	0.00582493702995837	0.674032648989981	3263.43424626881	0.0
did:plc:rnq5keshwpys37bk5cc5gmzq	0.00526020480037539	0.732893697291871	1212.5031701230932	0.0
did:plc:rnv3uf3r3wpfqr2txpt5na6p	0.0154142582635726	0.3645688559826794	3543.100557482433	0.0
did:plc:rnwluzxftdaduwlw5tjx27og	0.00486061472870773	0.5221645292566952	4042.8665801709303	0.0
did:plc:rnxmkisju7rnmuh6qlqzkvcd	0.0102479338945048	-0.682604820541592	37140.9390100398	0.0
did:plc:ro2lrnxuupzeljgbj3tl3lcc	0.0132968322485734	-0.155918195633018	15868.5946512427	0.0
did:plc:ro3qmtg6hsmdlbdqvmjmmc2w	0.00305642990752567	0.477994420150728	5341.37185768801	0.0
did:plc:rob5hzvaxoormtgyil3wija4	0.00598469032914341	-0.0938144388951473	15362.8651000769	0.0
did:plc:rogpq66b2i2mxkk46lgmy5o6	0.00364317685059208	1.751133300679007	635.8540279243896	0.0
did:plc:rogqxhzq6vy54nbuy4n6rwyd	0.00512639208127193	0.7383374176286965	1201.8889781202085	0.0
did:plc:rohgucttlmbomsoisna6k6tn	0.00331775700944708	0.8735453639276229	1057.0977187397432	0.0
did:plc:ror5olo5vqx6wvm4u3e6sapn	0.00382460676610909	0.47981496420334	4288.88875859047	0.0
did:plc:rortfji6iyqgmtii4zi5dybb	0.00888599913319875	0.48255891244923627	5203.283000891486	0.0
did:plc:roslc3e4l6rnibsvxpebwow6	0.00514509158328668	0.7238999870427851	1490.2672236143167	0.0
did:plc:rouwhd2loscjryjh3lglwsjn	0.00450377123111227	0.604737254466476	1859.4957664583624	0.0
did:plc:rp2p34xisxii4chpltlbeeqw	0.002813928948464	1.6025576281678886	531.8314948491515	0.0
did:plc:rp5m7zlda4uqln3z5war742r	0.00263546956374988	1.7514869774770403	371.63470119892554	0.0
did:plc:rp7nc4mqotzyopshb4nqxidv	0.00582734315250247	0.6616865517476908	1204.2231691159782	0.0
did:plc:rpeujhxkodj3fkwleupyk6bd	0.00688231246377298	0.48499801798215286	4845.415780930245	0.0
did:plc:rpfllahi45wioufwph3ee3hl	0.00287222693344154	0.556475238390977	2410.13932174337	0.0
did:plc:rphwrtt76zs62dhwpihronzg	0.00653153153312195	0.5445729961667877	1819.6312075925355	0.0
did:plc:rphxoxwdysbv5ryopafvwozj	0.00571845041208385	0.471354454976468	2430.03169963609	0.0
did:plc:rpirr6l3pnohafxgwgia3um2	0.00786936848770586	0.2937326306091409	8871.854960212073	0.0
did:plc:rpnzg4dwrwpyakxpxd74hp5t	0.00504723696200059	0.7724626078065129	1105.4786337192686	0.0
did:plc:rpr54alvlatnm2cf64u4oh7v	0.0103626943103888	0.8433242331594615	3911.633162033373	0.0
did:plc:rpyertlojisnttrhcbocuxhv	0.0027381522259825	0.882182149693686	491.19927411713996	0.0
did:plc:rq3yx7imgz5dk3olm357226a	0.00470822281253174	0.8001276992675502	1675.435461818359	0.0
did:plc:rq4xfdnyoydju5fotcydedp2	0.00591992522413991	-0.212036542961974	16002.8126037873	0.0
did:plc:rq7mbkkgawcoicxjbhf3kov6	0.00466461064082381	0.7425881464597032	1011.821539570136	0.0
did:plc:rqbqpaaluty5v47jwciowpik	0.00382967083068682	0.598672866547595	2278.42695548896	0.0
did:plc:rqr4m57w3f3m7tekavkownn5	0.00643863179240542	0.607571203990047	2830.65727043677	0.0
did:plc:rqu3kqqqe6w22gljl6lxyxkb	0.00354859522593728	1.0114391114519747	456.92728695083815	0.0
did:plc:rr6das3wspt7nrltnwwtqm4p	0.00856164383912608	-0.486921201214907	21078.185929656	0.0
did:plc:rrausx2tvhm6ooe7nj4c7k2k	0.0051995974536988	-0.454682786639668	30785.1714860277	0.0
did:plc:rrbvdinc6e2r7quy2lrj4yxq	0.00983090838750186	0.37954061219422147	4455.647413457447	0.0
did:plc:rrrgcduex7fdv6ayvbawnvdt	0.0169491525985725	-0.529616630938492	23787.5054378244	0.0
did:plc:rs5gnsfz5vwok2qop6nyv6kl	0.00406899909604721	0.6710088957920655	1623.5493649599644	0.0
did:plc:rscvyttsmw6yboed7budv4ys	0.00267845185502672	2.127338224281582	253.4687680680705	0.0
did:plc:rsd4c6uo5f7h2pi727cndizm	0.00567214974719304	0.736157641498766	2500.65168888678	0.0
did:plc:rsdphmciy5uzdowhdnwkrppi	0.00513983371192084	1.6549721250330907	651.8747000889201	0.0
did:plc:rsfjhxhfd6gidre3vvg3hjze	0.00801895389529159	0.4625976906644666	3040.555970648232	0.0
did:plc:rsguvxyxafai7jcw2fp6vhtm	0.0093348891487322	0.3690232773455733	3608.0260507984726	0.0
did:plc:rsimaqpdzmu5qhggxz7ra3z3	0.00249046429245184	0.14040787102018	529.60448980674	0.0
did:plc:rskrp5ajhzcbqi4epwsrfju2	0.00454233801947261	0.6046458086783361	3004.9447518824327	0.0
did:plc:rsp3y7m6eg4vdh2syx3apx3k	0.00784388750808852	0.6961432016825451	4555.797020888724	0.0
did:plc:rsqupqsplvbeqmgmrcbat72m	0.00517930898903911	0.6600669966018486	2311.7001266171233	0.0
did:plc:rstyu7vjzlzvdr5fz2euugbo	0.00518485121744115	0.6155214056278867	3399.9649922241883	0.0
did:plc:rsui2pjb5phmtreh6ddhip3l	0.00827814569924919	0.5919500775030782	1758.384165506973	0.0
did:plc:rszqekggu6lenfdodxfaaksd	0.00403195699273567	1.6633712425041125	466.16994359690807	0.0
did:plc:rt5vglsb6kkjqqqzqbg6slpg	0.00370936068113495	0.5694424277969287	2312.0781088432855	0.0
did:plc:rtejhztpbxen4rovddwtkqck	0.010760953157046	1.0832186710477827	1408.4296901189946	0.0
did:plc:rtn5fulluugrej6fyh5n52oo	0.00728083209624157	0.6743495581838634	1548.6534747889348	0.0
did:plc:rto3bqf5glytb5qdd2cedg5l	0.00405322728690447	0.8194762703411254	1196.7214345514042	0.0
did:plc:rtsdd3futxkbggzyqcuslaqd	0.010340226827814	-0.211704623291646	18612.8781566874	0.0
did:plc:ru4ykzorzkyv64ajhk73wcu4	0.00635905389858398	0.7067764908096711	2225.5199318147916	0.0
did:plc:rudmwoc4j5vgy7r3pfhgddpe	0.00775721284703472	0.631390234819581	3067.40329371532	0.0
did:plc:ruemtu5yqs7wt234wkv5anag	0.00979462875431422	0.55224902656438	5447.77877224664	0.0
did:plc:ruggkhaieowoa3olygz7bsbf	0.00828608809807346	0.5808372389957129	5076.486186146483	0.0
did:plc:ruiqef7cxahotb7upkc4bdmw	0.0173525037707596	0.126892210026194	13265.6398435829	0.0
did:plc:rukw2ommuoauo5lhjp2x5cph	0.0027267006923503	1.6160031633648482	768.745814698939	0.0
did:plc:rulffzkimhwuif2f6o5fm4ej	0.00631618057021671	0.86900579046134	1384.5776709403467	0.0
did:plc:ruqqni6w776nt222zsspneuz	0.00724443252061511	0.660730185587196	4599.28416012556	0.0
did:plc:rur7lfho6zezlqbqse2vfrmw	0.00298429622775893	0.7253517389271553	1580.4665980942973	0.0
did:plc:ruvsgrzw7n275jkuvoct2dzy	0.00266646056363639	0.807867705480409	1074.17654078182	0.0
did:plc:ruwnqgsh3fpfqxonsetn6bkw	0.0052080673991519	0.595371683821166	1213.3947195728472	0.0
did:plc:rv22nwojrbuwdiz2rz6fo2pg	0.0060292039570705	0.7340371126650365	1318.441836289604	0.0
did:plc:rv74zcac4kj6szhnuwnfr4dj	0.00605971031828355	0.0648560641512787	14930.0684785415	0.0
did:plc:rv7rprksgfbuyozaxridkywf	0.00229092621939527	1.061498924077893	791.7676424804354	0.0
did:plc:rvc4prwilvrasle7vcphroxc	0.010288065845639	0.19435728607321417	5018.137414557442	0.0
did:plc:rvk4els7jlhnolg6irrlkrbh	0.00409909107242633	0.9094877502208565	619.9393813250166	0.0
did:plc:rvnqgzd5vvikaegejbex4ll7	0.00998789347349858	-0.356170440961591	22819.0580904127	0.0
did:plc:rvpt75s6ctuez26cah7e7dig	0.00910170162306094	0.494876898571701	2186.68803804242	0.0
did:plc:rvsdvxemurs7jrl2grpsaqa7	0.00506970849519529	1.3780872181626593	962.5698508599949	0.0
did:plc:rvstagzdzdwcrq3jf6lmszd3	0.00538483630154795	0.739659267851427	2267.85281822083	0.0
did:plc:rw4da24nmylecouj3quow7hp	0.00674114022294328	0.8098954157732071	2091.655392253945	0.0
did:plc:rwagsud3omjb3e3comhxoudg	0.00289199044463692	0.9450478049642361	649.1800261554768	0.0
did:plc:rwfcw46pldo5ovazmdujofhx	0.00517647058887975	0.84146965069414	1215.9249325547698	0.0
did:plc:rwfrgtgbyoynf4atinoblwew	0.00842842323725046	0.5106859299540886	3480.354918245873	0.0
did:plc:rwkqebx5pad5m5a5zggbpiht	0.00535246555120274	0.5188637416149038	2999.634396799523	0.0
did:plc:rwlypgeog55lvyfnaa6uscsz	0.0259026687598126	-0.421804788616636	18209.8318127442	0.0
did:plc:rwowv6tfclqekfiqwsykflwg	0.00903954802557823	0.562284084072105	4548.45637521622	0.0
did:plc:rwpyijdcfpaafkenerev5ob4	0.00575447570379187	1.4525938885603842	405.8525324034351	0.0
did:plc:rwrwrmbj4w2ew2kcedwdkisf	0.00796232877149222	0.439031019530428	2153.6727381059	0.0
did:plc:rwwzwhwvmri3fq23q6rak746	0.00530258805514478	0.3906845986636661	2569.455562797397	0.0
did:plc:rxhqe6s3hvcwaucqqmhkr5wh	0.01140017539472	0.470566072737822	6197.96898166069	0.0
did:plc:rxjrcdbpxjnwjqqyklimrdua	0.00242896684183266	2.454243500776251	305.2654468858455	0.0
did:plc:rxthz4q2bun7c3fn6iz4fg2b	0.00809212574334535	0.6542605957105478	2044.862065204808	0.0
did:plc:rxuxuo5dw3tchms3vn3fvgsg	0.00483091787519174	1.5033373048082876	963.2515694093889	0.0
did:plc:rxxxxdr6doqhgznin6sjidkg	0.00417348335619819	0.479407285781726	1770.77456414196	0.0
did:plc:rxzj7gxugfxvv4qqldiwwgb7	0.00532429816128851	-0.389761779883563	21649.4839341453	0.0
did:plc:ry2kwnwzseu6il52pu4acfhz	0.00340064507128653	0.824259602534425	1517.5443585040618	0.0
did:plc:ry7mefvxyf2r3ch2wcpgs7bh	0.00648414985753366	0.6989465172036523	3220.959674588786	0.0
did:plc:rybpngdg62kw5bqf2lll5l5q	0.0042591086847566	1.0567857363725357	555.0564766084302	0.0
did:plc:ryf2voaoetnpasyxtorqkf6s	0.00525269733167829	0.7225873694099306	1268.879734236207	0.0
did:plc:ryswtnn36fqkhr2gqjmmn5sc	0.0106237148750325	0.607420443662675	3842.89844837952	0.0
did:plc:ryvjm2fd7kif7nc7x7q3rkjb	0.00229753015514852	4.20109255189108	88.22294358971268	21.0
did:plc:rz3eisu5uujzlulj2dwferqa	0.00822122571398164	0.8983769322512597	2171.8244455166073	0.0
did:plc:rz7ixyyf27wa55xophug62uo	0.00508044030823792	0.9682250375881398	1221.6047573330309	0.0
did:plc:rzabdw5zsjkoufnl72jux7ji	0.010291595207333	-0.094177255059524	14960.0469656297	0.0
did:plc:rzcpkg6jiwzsrtcfsj4zb2lt	0.00504668180685135	0.7092258720401955	1822.3335580650044	0.0
did:plc:rzfcivdu6bdup4pszydjhnt7	0.0092632486025092	0.396014800648623	4986.95132814139	0.0
did:plc:rzjkfrotripujw5izuk4wyrz	0.00510112761835781	0.9023349294874845	1358.6819844629968	0.0
did:plc:rzjukvjac2oqb6zeh5yqudaf	0.0025916966974821	1.1514194999157217	452.4859288611699	0.0
did:plc:rzqc2lxrhzanl7gzd2adbjvi	0.00642357831264953	0.695878192826035	7146.33464477723	0.0
did:plc:rzt6ylt2fuxwykd63jwcbexj	0.00388717233161663	1.1058337129590523	2351.0499026820703	0.0
did:plc:s25marl2slqg7oejioh3ma7g	0.0044427216898585	0.708000176290439	1058.8162005993015	0.0
did:plc:s2aqekzxt63qctfzfwtpqprt	0.00573482184056124	0.59581070314178	2801.51796600933	0.0
did:plc:s2c5jako7ilow2d3inyu22jx	0.0105807665270229	0.259998554608284	6538.36722977865	0.0
did:plc:s2fujexu2t63a55mluw3ui54	0.00982042648718599	0.2791717990800126	5848.864511643997	0.0
did:plc:s2p44brpouuh6nxzra5umkvn	0.00341763499704412	1.0100584114397433	1608.2364433514447	0.0
did:plc:s2vumz5m7id57wpzwp6mqtgl	0.00349044340675926	0.6107277202180712	1290.606149144202	0.0
did:plc:s2wzy5qlbtejq3t3uc44y6d7	0.0077106664266975	0.1989200854074051	7909.60155285272	0.0
did:plc:s3g4mcyw3dubqqjnhlrisfkl	0.00262871305740436	2.6268258459793503	162.8632024507197	62.0
did:plc:s3hx6jpwhk7qfkwysloekfvj	0.0026091802614679	1.2847643041597354	636.7338050027223	0.0
did:plc:s3iokt3djul6x33royl27iwt	0.0125443141588133	0.08447754962917128	8608.35449648546	0.0
did:plc:s3myjvshe2y3aqcdtv7ats65	0.00472882490810423	0.5357465059329366	1622.8336316695372	0.0
did:plc:s3ozmn6447oobywswo3em7eb	0.00801508722729071	0.7980623267634671	2489.240638212579	0.0
did:plc:s3sgkde33vm6fadjbu2zkten	0.00378460925603012	0.9678157142808107	2593.2647479721327	0.0
did:plc:s3ukuz4dpczckpka7nbgkrgn	0.00468585005283324	0.766402969185342	2990.5737628088623	0.0
did:plc:s3zcpbsofyu2kq3c4rrch2tq	0.00500671633034681	-0.178979435496683	14765.9071972334	0.0
did:plc:s4e46kl7f5pmvq5z5a4hg5sd	0.00620604054650295	0.158068873688201	16042.5227067773	0.0
did:plc:s4fsyoebsvvajzxiqvlwjiaf	0.00846242111375057	0.6485001674843424	1999.3079400095353	0.0
did:plc:s4jz7tug7lawssphfalhb2qe	0.0551601433658417	0.422424243858229	11738.0853437188	0.0
did:plc:s4n4michd7zjt4f6qyddcyvb	0.00486187845319472	-0.216272779620141	5332.76051592346	0.0
did:plc:s4ovwwg6wvavgycojws6b7qt	0.00341504649243242	0.9710770101304941	1072.4795396667673	0.0
did:plc:s4sxvgste3bep56hj4v7ln6z	0.00215442351804573	0.8083258329322748	6065.293945267041	0.0
did:plc:s4tclsiflroad46gm6bjlyml	0.00974981605306699	1.0475344042654677	1631.295191499395	0.0
did:plc:s4uh5s3n3csg3tlaqpvp5ssh	0.00699006232233272	0.8426914351564494	1212.6203448458393	0.0
did:plc:s52zzpc7w4a34b7kdjajln5s	0.0100391356138426	0.64669019700329	4272.194699653724	0.0
did:plc:s53glzj7xdnhngirud6thkvt	0.00687782805565881	0.7689087034651303	1151.0607068081365	0.0
did:plc:s565mmnv4g5gu2gttwbeu2if	0.008804108587232	0.6371940203337213	2202.7724155265155	0.0
did:plc:s5btlqm3qoz3fikhhvlii3cv	0.0083798882689053	0.5402405947553912	3696.2795999555974	0.0
did:plc:s5c6wmfcfnkebnaj22w2ynb7	0.00727201257976554	0.53113267240704	1830.11221015697	0.0
did:plc:s5cw4u3jp3pfdf44dfmnx54y	0.0059328540539189	0.626178308220213	1888.53420231931	0.0
did:plc:s5lef7ievtqcyhmwchqar5vk	0.00342687783689394	1.5269431035661707	515.0377902128395	0.0
did:plc:s5pojsmyjdcmmmhvyk37xthu	0.00207900207902023	0.6793137232948061	1054.022861130696	0.0
did:plc:s5soys3nwlsuziw5mqritc5b	0.00646866523082321	0.4177747612492967	3390.290091659212	0.0
did:plc:s5vk55mvk676d6trmvs6vcgv	0.0070103092796344	0.6849243529425341	2148.505665816921	0.0
did:plc:s5xyxqwanjnemqas6zzeymxm	0.00374145271612736	1.0013308332933295	946.8812473906039	0.0
did:plc:s5yjisqds4aty4iygf5f2iub	0.00843023255887499	0.496253346953482	2367.84888492159	0.0
did:plc:s66agmg3rkyaye3t6pvdwo6t	0.00748765333863369	0.520512843138381	4703.07649691014	0.0
did:plc:s6747y22cwba62vmxvqgep5d	0.00542347228633012	0.3565233146098907	3413.82532847979	0.0
did:plc:s67jqlc2ivbrlnukomek5rq3	0.00377735807166402	1.5171575283842338	484.4960188349536	0.0
did:plc:s6e4dhd3k6i2njlxmgdv5bkw	0.0037276426938311	0.8674112455359753	1069.5725616305947	0.0
did:plc:s6gjgmtvkozofr7ie7ncxudy	0.00573314802181973	1.0470423835270102	3104.249592453083	0.0
did:plc:s6kacwzd2mjjhzvmanrhz2va	0.00917194162386913	0.201785830475118	6076.12700475364	0.0
did:plc:s6kishoqgp6xl7r66tbnis7g	0.00493526929478728	0.5556383693870948	3498.564999052705	0.0
did:plc:s6lutotfrlc6xm6xf25miycd	0.00511311385021848	0.674337820165963	1514.9619601277009	0.0
did:plc:s6vhyuqnexl5r6cp76d4c4nw	0.00758150113823836	0.464529976278156	2119.54199209026	0.0
did:plc:s6vrigqu3fddaeieav2dtbsw	0.0048722077715337	0.9050592418107163	637.3519272508239	0.0
did:plc:s6vriildr6fjmkgsb5cdb5do	0.00358016067102494	-0.132884915131758	17434.3511744788	0.0
did:plc:s6ynitfyslmmd2khrphrvizm	0.00843580211976949	0.64003441149559	3110.53296235797	0.0
did:plc:s6zi7unqvhz6r65yakhjtwpf	0.00785175879852721	0.6354592992701523	2461.740419422049	0.0
did:plc:s7532xc7pocdk5elprt2v2jq	0.00563772633862799	0.8380476615136799	1249.5250390070817	0.0
did:plc:s76isvqb6qyekooexcv4sgn4	0.0080755751984575	0.717269847166622	3169.02817407898	0.0
did:plc:s7h6srg3vlyy4kvpuqc3nbem	0.00382809309954912	0.9766569570336046	696.8444626925161	0.0
did:plc:s7nvzmtovnzc6miagxgn524u	0.00491986009223116	0.7107585891187709	862.041216728298	0.0
did:plc:s7xxegkkaonmiok6mgiu3yiu	0.00458175964430111	0.6353024257960068	1594.162643154065	0.0
did:plc:sa4sxgte3afoyapakopn4ka5	0.00313199105157542	0.6968553146143307	6039.6002913782495	0.0
did:plc:saaa3h4qxkl2ywtoahedlzvx	0.0027873485348815	0.712091617727556	2799.00298652476	0.0
did:plc:saawfaiesb5jmno7zle32hrx	0.00449662753034363	0.739959969626818	1849.2726636454356	0.0
did:plc:sabttkasuitfubtokwodnbp2	0.00697222539849346	0.7416709305634189	1986.9102449222582	0.0
did:plc:sac3clpfpiv4ctkhjckwhham	0.00236253477123664	1.7664952149917594	370.89404583431394	0.0
did:plc:sagprte2djvp3nzva6cnxsze	0.00464773564676057	1.5155092506857117	383.3316355327374	0.0
did:plc:sahhyp2ldgg2hlrcumndrwu3	0.0023726101470584	0.46779358036670504	3768.3228433521545	0.0
did:plc:sampdaxy5cztb52rarxe3teg	0.00736309250438329	0.242942696196528	7682.1612595716	0.0
did:plc:samyzvupsinlytdqa2d2nmjb	0.00366833899805102	0.45098626335961034	692.8701886999917	0.0
did:plc:sar3ewowd7n7kzhn4xhy7nrt	0.00673784596392288	0.8208918322025176	1436.3973971064868	0.0
did:plc:sasjssapg24zcfsxtyufosfr	0.00451165812557452	0.6770781426742775	902.6033537646434	0.0
did:plc:satl6ys6ofdgp7gzx2v5ly2f	0.0215311005058615	0.792898082873132	2960.73462144404	0.0
did:plc:sb2jfhud277v6vvmxpoohjed	0.00589496248877273	0.6674490365823597	982.7518277678307	0.0
did:plc:sbh242wrdayx5nsdx4zcjtce	0.00264634612952685	0.862250600216155	1685.678938326128	0.0
did:plc:sblakzn3apjn67qpmaxhtpf5	0.00556745182064486	0.9372005431466176	1311.030357148143	0.0
did:plc:sbx3dpzsrfr3m3qcxxayk2r7	0.00466519014272578	0.9034747924100729	1063.5194278674107	0.0
did:plc:sbxsos4v4v5k4ktvv4dp23o5	0.00556980579018226	0.6151612395734279	2475.9247737218616	0.0
did:plc:sc34rmtw2i327eqk26awlsog	0.00603290676619145	0.746342297925691	2553.7030572705	0.0
did:plc:sc3zkuhzriafvp4ewm24khyy	0.0028535555303532	1.1341978550584235	439.8121926156398	0.0
did:plc:sc5iqr5seczkk74rrg4hotz7	0.00214866434386763	1.4549404891117557	260.43968723082185	0.0
did:plc:sc6ahhbonrwgzutexp6i66u5	0.00556570858998356	0.6052765067099213	2795.5373917964134	0.0
did:plc:sc6mk5wrrrnzzk7pjjuo6kz7	0.00230193746409705	0.811394463100429	1354.0821785574774	0.0
did:plc:scqeimn3hwuibgx675gk52sn	0.00936843806861698	0.533335012522208	2542.31676015547	0.0
did:plc:scqot5ykwuuq4fe5l5ryne6q	0.00487804878126018	2.256731795656295	237.57678969536613	0.0
did:plc:scyo766yzb3gkmfqfcxfepbq	0.0150853513458435	0.7348459388396706	2951.1953685994904	0.0
did:plc:scyozezymlbicok26tl3jxni	0.00450958286456707	0.7046113099591857	483.3308460204115	0.0
did:plc:sczeg26isbiy3c4invtriswc	0.00654793085542857	0.4555944617624262	6111.844605386691	0.0
did:plc:sd4bluegalibhzdyzlvpufrd	0.00289173234245328	1.1062771100427664	337.37372398712654	0.0
did:plc:sdaunotktu3nwem76k5mj4pq	0.0128401100839789	0.3467016958011977	8519.02316291303	0.0
did:plc:sdiwjessd2huzz3q7ay7u37c	0.00806451613323619	1.2359918255626223	1198.3440527912624	0.0
did:plc:sdohwxy2fzweofaa336pimoe	0.00490911503326385	0.6088173509938015	3330.8260016318163	0.0
did:plc:sdqbuxsyemmo2yuyuw6hnjgl	0.00519132057926695	0.740358366593718	1619.713280844237	0.0
did:plc:se4oihvzujlmof42o2ztrpti	0.00505766977186299	0.621248098946985	2593.59799874012	0.0
did:plc:sedqavn57g5jqoytx3rjvznb	0.00511356089853052	0.6640343144750858	2590.535157614096	0.0
did:plc:ser5xww54j53ap7xj74ej4rp	0.00374128281139906	0.6036087183379212	1490.9747640163948	0.0
did:plc:sernutp4f72mv34qumhe4bze	0.00403378727833204	0.620089042911707	1921.0239482121992	0.0
did:plc:sery7uxwqhol3prqki4mkgjw	0.00407936213743804	0.9990960286440538	711.6865640426246	0.0
did:plc:setivyzrka5jebjt4sehh57c	0.00578797725655931	1.1030413405698634	1345.5259733781415	0.0
did:plc:sevdhzebkxydq3l3a5iigqet	0.00319876461515875	0.45374235869694424	2565.946895999087	0.0
did:plc:sewrubjtcd62ager46tw73k3	0.00811965812377646	-0.195901227045943	18172.5525912748	0.0
did:plc:sez4sq4jtos3fejdkkwrl6ma	0.00637100778616864	0.6301114926408516	1849.659215843832	0.0
did:plc:sf2v2mhvbouhmxthnfjkbz5a	0.00447806617104407	0.740525936712745	1293.3994947004971	0.0
did:plc:sf53btzmt7rjigm2ncec2eod	0.00354069255310057	0.8014036676126451	694.0215193731674	0.0
did:plc:sf7svtrt6t24kltmt6vydkbf	0.00571303010566114	0.8340917671108121	1867.8596546398367	0.0
did:plc:sfcksvf77l6qv3qiwzofh4zs	0.00360442684575645	0.27861919437735894	6255.313998047952	0.0
did:plc:sfgmursx6jcphnhffo4h2i36	0.00898138008090702	0.5699983392196141	3649.3767341247644	0.0
did:plc:sfjwxmaoesdowciecfazj2k3	0.0145348837387663	0.188569469319242	5325.15599907262	0.0
did:plc:sfolsqbjsrkbbxnqn22emsc5	0.0072356520320827	0.487121517481776	7231.619246667098	0.0
did:plc:sfr7ppcn4bg3pyajhhtkocdi	0.00363950684720213	0.539184572080316	2793.39965189776	0.0
did:plc:sg6ktighdayi6m7k6lm7le27	0.00335634829315486	1.8185799764641193	267.3838966397221	0.0
did:plc:sgpnzc5hs2ch4cne6i7m6ytx	0.00200466083646525	0.7839662410924881	2348.179999972294	0.0
did:plc:sgqjyy7esbpurpqbx3m3gzli	0.00485330608748713	0.70367097877046	1033.1888390471731	0.0
did:plc:sgtmpxmt2dlkk5anxmkv4ozv	0.00411180613272553	0.836978522483946	1238.60113630737	0.0
did:plc:shcnz72gsuh4fms66mphqeh6	0.00824805254707742	0.6699947456498934	3111.9116025207145	0.0
did:plc:shiy4w2q642ypd6ftfoogxrh	0.0151567344284025	0.340934174230712	5396.87058042532	0.0
did:plc:shmn5ii6evoen6sc4f7c7yes	0.00400726899986284	0.6560694512162828	1412.58797583948	0.0
did:plc:shnh7eiqpqieddxpz756xjzy	0.00650759219249758	0.7909143764036254	3859.3034547942684	0.0
did:plc:sholz35omxfbyazcasbgu2io	0.00436310063485012	0.8102799520978194	1848.5804194071573	0.0
did:plc:shpk6xpbu2bx7f2fjwkrkcu5	0.00439692215555294	-0.186203169632861	13395.5968166204	0.0
did:plc:shrwq6ex7s6mrki3vt4haf24	0.0109923664204783	0.5345897733490821	4198.455355034217	0.0
did:plc:sigiznqlbfufp6qn2ib5pldq	0.00316331599185633	1.208491956987287	427.2439754067424	0.0
did:plc:sihchylo3jkjisfw54ofuea7	0.00513527054438387	0.8581071994798607	1679.864485119649	0.0
did:plc:siibdpm26xcn7phhn3bplofh	0.00752596989715636	0.677230289867081	1705.7594573535348	0.0
did:plc:silkby3uap4lzghf5uuyg6fs	0.0041770681433068	0.8966116307393108	702.3225127248912	0.0
did:plc:sipgooqllhxgtof2v2o6ekng	0.00372398685653113	1.844392315104027	704.8049009849817	0.0
did:plc:siunep6ck7hjswpqmhenrb27	0.00536432722453884	1.3904811725831072	635.4304187100895	0.0
did:plc:siwtfp5r6rfhlmopwi5wjend	0.00655364012124939	0.17014719853241092	9180.578409545453	0.0
did:plc:sj277amsrkyjupjeboapc3yx	0.00987224159098129	0.244477896023987	5826.26501380599	0.0
did:plc:sj2j6fyf2emmjhs2xcv4ykds	0.0168970814699319	0.6168498759934925	2561.861333764451	0.0
did:plc:sj5fz3g6cut5ogrwtcptksxo	0.00629005459470937	0.697033947895365	1681.35332843393	0.0
did:plc:sj5nnalqfpuc5b6ujcbrwsl5	0.00924918389609471	0.7447477579710059	2809.760744610111	0.0
did:plc:sj62zkwqtmbrlnpbcerrgbw4	0.00554849150397674	0.9507583010062668	1284.7924690373713	0.0
did:plc:sj6dsizo4nnvqjdojkrk7kuf	0.00914848698387298	0.851596028160317	2884.47536313596	0.0
did:plc:sjppo3tqwdlbs27uktiwmarc	0.00448633121488911	0.628193124690991	1338.80942791191	0.0
did:plc:sjqsq7cbr4c6poxajqskpb3f	0.00200284373234281	0.383510625889737	2605.7494487483973	0.0
did:plc:sjwbwfalxkpvr6o6piezsuva	0.00501690478858117	0.8127904111966017	1513.3173091881094	0.0
did:plc:sjxcksr5sjwyihetd6ykm6r6	0.00418682864913642	0.7678042731533573	799.4347939735566	0.0
did:plc:sk5v3u3ufiv3sedtwri7x6ms	0.0132426628725594	-0.123407972936179	18734.6746067044	0.0
did:plc:sk6jryjhuavqchpa53jlcsyu	0.00302272727286285	1.1715458340439358	681.8480205905844	0.0
did:plc:skfcksa3uixe4t36ppgvkse5	0.00429184549379079	0.677431525888022	2883.16199006675	0.0
did:plc:skmwwwguotjxqzhru4txcfgj	0.00243027840988982	1.0850862480432861	338.73907426674356	0.0
did:plc:skpps2myxdd55jlb4s4o4cau	0.00287793739907369	0.930797425068067	577.0806747202423	0.0
did:plc:skq4ozw4gcde7fgt7ymg7h2n	0.0117044623604718	1.2638630602193042	2082.987525766013	0.0
did:plc:sl2gqno4x2nxcw5v4jlx2kbw	0.0077018633588678	0.4549790668607734	5186.16725170009	0.0
did:plc:slbtbvjnldhl3vissuioishq	0.00937936539879423	0.5457017893010893	4230.6143714423815	0.0
did:plc:slhyobbcjfls7fo6bykd4kro	0.00796080833260171	0.7522602429852603	2374.6531409396503	0.0
did:plc:sljsifjq3oxkuos32wqxxaro	0.0115914787037865	0.535807909583745	4399.06307962988	0.0
did:plc:slpncy5zfofi54v5nhecroz7	0.00370832527848287	0.48610451987531883	594.265762464297	0.0
did:plc:sls73ejdp2hxrwqxnvikelsh	0.00552043451214949	0.819378292105416	1970.0279713528043	0.0
did:plc:slu4o4jjupskc6ugnzy2jns7	0.00305663906580302	0.7016772276717369	1313.2134607904013	0.0
did:plc:slxmn2ejggkwwbzlej2axmx6	0.00432425012123477	0.8740913247485058	1662.6628882370455	0.0
did:plc:slxomwxxjvidzscg52gfr3dk	0.00803974706498594	0.8587414490200072	1360.035608364668	0.0
did:plc:sm4arlwoaec5wcazdfiluqe5	0.00443734469396749	0.705903512808926	4023.56999710316	0.0
did:plc:sm7yfxvw57j5gfsymrlh65au	0.00288920111688398	0.6067995950669091	1434.7074100651162	0.0
did:plc:smcph7sua5ae75zevhng64mu	0.005867683734048	0.440374237659481	7043.13723487962	0.0
did:plc:smqoui7fzcvqz5zdv5pur5am	0.0100401606534271	0.5038648574685474	4407.866482212107	0.0
did:plc:smwtpqaa3q33cyiwf7smisui	0.00429121584471793	0.8945120960349268	857.5645693277124	0.0
did:plc:smxxwrfky26uvjsqtcgx6cc5	0.00238071619880142	2.0500191854681815	387.75924137685286	0.0
did:plc:sn4e6mncubazigw3goe4yj2d	0.0250922510090128	-0.0749631598594907	15928.2544009549	0.0
did:plc:sna5n65rrlaes7mzqlp3yg3o	0.00395193160768225	0.7772580927846311	1009.4064690601749	0.0
did:plc:sncl5raws5gc7nbhy7sn7xh5	0.00486933939311101	-0.385890224182928	30725.1683878698	0.0
did:plc:snk3lmqqg547gpcsjh2s2nvs	0.0089874176183703	0.38494369502100734	4145.46902032535	0.0
did:plc:sno2kp34aop6z3ixthxtl2mc	0.00212377814695197	1.1284407472123126	352.7924704147968	0.0
did:plc:snviyv6aoapeaovlvc3wikhm	0.0075485940794866	0.6173845978969005	1977.0182906227712	0.0
did:plc:snyfeai675ll3sctdwb3k566	0.00504556066038501	0.8543167397026725	1531.3639792214753	0.0
did:plc:snysasl7ood7pyyv2uz33gr6	0.00574622166481401	0.10740817512394986	1400.4536676916614	0.0
did:plc:so5fi4mh4pnjukjq6ylmwsaw	0.00475295678208959	-0.425219144956404	19398.6127407794	0.0
did:plc:soal4g4wnurb73t2ydbfplxz	0.00278944399190042	0.9242364692489036	587.9575635244672	0.0
did:plc:soj7hd56cx44bp477wn6gtas	0.00259299890300611	1.8031846310613615	331.5417471100983	0.0
did:plc:som26gzhbs2iyubdbri6wmun	0.00219288997597776	1.4505803354670666	252.02078203199423	0.0
did:plc:sooincpu3egrcemh7ec3swrs	0.00341539775199251	0.9378546088015399	612.5758631257236	0.0
did:plc:soosaccjsfdzgcwzcrbtggbz	0.00625686987582861	0.8642476697848512	2135.2237413911744	0.0
did:plc:sorihdxbb3kkcumi5rqtsjuw	0.00261589885212546	1.6237068292906784	606.1697641483295	0.0
did:plc:soucklvko4ymeyunuxak6wkc	0.00936411150093667	-0.1045018404187	15531.6572490546	0.0
did:plc:sow4ckqv3ihrbape76v4xcz7	0.00455466992624481	0.8112178650114327	781.1387148212958	0.0
did:plc:sp2qti4w7hq5ndmyo3xfcazk	0.0056539364199045	0.656865311856939	2794.41297215087	0.0
did:plc:sp4n47vvnrezv5u2gwkjk76m	0.00504924052815309	0.39931307055674214	857.0271923399639	0.0
did:plc:sp4pq3oaubltssov224szwsk	0.00470704818548132	0.7996071527615203	3076.06841220121	0.0
did:plc:spfeuto6xmuqoywzm7luojzi	0.00421927338338951	0.608582145800109	1554.59639346428	0.0
did:plc:spkutshxxvpzz426ruewwp75	0.00230192321973525	2.626697949876561	144.7082733333505	0.0
did:plc:sppqkjc6obqmui2pnxcng3k3	0.00851148060531429	0.771015520758754	2472.6199505564423	0.0
did:plc:sq5wdrzvkyt3cvigvqug3yf3	0.0042116346409371	2.090063678893612	256.4871065125996	0.0
did:plc:sqd3xg4deffio2vl33ewuup4	0.00225650283095457	0.5816204063418946	2428.8913214652953	0.0
did:plc:sqe2ilxd5xwuctqkjdorgd3b	0.00297591369864515	2.2886767593092476	165.06473387498693	0.0
did:plc:sqebrnzr4aybgqz4wvtplios	0.00505689001333426	-0.853470574534125	40002.1111365262	0.0
did:plc:sqiwy3ov3qlcnpjumz5bjmoa	0.0054501552264909	0.654940352973019	2314.62562451168	0.0
did:plc:sqodagfvyenii4jtrtl542gl	0.00955216474635134	1.1420328906325738	883.5778132072213	0.0
did:plc:sqookpepsqwg23yn7ps6spol	0.00666045024793568	0.7785757717109184	1422.7112076985861	0.0
did:plc:sqsp5arnndovpc2uypxvpn43	0.00700729927135854	0.482482377246638	3942.98624752607	0.0
did:plc:sqspxmh56ghwcjfipaqr5jsu	0.0106888361135044	0.4330479976911565	3328.636761694829	0.0
did:plc:sqwczxetqbc7debeex4q3tgg	0.00583733298965338	0.502372301655531	5092.8869949403	0.0
did:plc:sqwxd6urnl4mfu73hjlcvztj	0.0049071666613217	0.5550089990802812	1514.702041040474	0.0
did:plc:sqxockljfot764yy2tlgejpr	0.00390464447215115	0.44835035333148066	3931.209154248035	0.0
did:plc:sr3cqkuibynw3eb2hmyktg2v	0.00331235508456686	-0.686708991839196	36127.983628677	0.0
did:plc:srisbwwpy22uutrylvpbotib	0.019131334061812	-0.376393582691962	20913.348942927	0.0
did:plc:srjqi7vdqdjc4cyt4rbbt6ho	0.00546790964557956	0.443298798615433	5227.47816263073	0.0
did:plc:srnu6xo54qyffzubylaufzll	0.00737463126865688	1.2421750057142755	1628.6585975765165	0.0
did:plc:srtim5ur4pbqqolj43zcp2jm	0.00939566176943582	0.6102405973914403	2405.9853545400356	0.0
did:plc:ss3bhykxh7bpadz2hhsk5kkx	0.00881355932524961	1.0540897147634782	1190.5703092473937	0.0
did:plc:ssc5f3jav2qupe6e4qg3jj42	0.00451742671644481	0.5340628656900106	1678.447817151309	0.0
did:plc:ssnpd7mpuoozpo7gskakkmen	0.00634016355958286	1.0454830508337092	1313.9521985187805	0.0
did:plc:sszfana7jxywe63wigunyprh	0.0032425910570254	0.8913809034567048	980.2281646738007	0.0
did:plc:st7h6orir7ykwjmnu4a6ixan	0.00366035326702569	0.6462398178426966	2231.0404147029935	0.0
did:plc:steey7ultnmwoslpnouu6rxz	0.00668002672159264	0.262488800704394	11123.1219465372	0.0
did:plc:stemur7szgz55qpydpxoqse4	0.00804807383189383	0.502521490107761	2859.47725036468	0.0
did:plc:sth5ebwmh3epqdgzmxhzndv4	0.00203053136315101	1.0267988613758354	440.0813395321256	0.0
did:plc:stik7q5tyxgduyhlq4vtssqp	0.00341976825305889	0.7995293856556075	1527.604422860873	0.0
did:plc:stkebjdjussiaubdglw4ccj5	0.00455055479462177	1.089156850903152	1595.0673179875894	0.0
did:plc:stnqkqrqj4qooxq6kqh6ooqh	0.00264373573794868	1.8529255770579172	183.19172166199365	0.0
did:plc:stq25ubsjfpk7khvtyukdunx	0.00258057987152179	1.8581792868591984	347.36417785082455	0.0
did:plc:str4jhsdjcuqrvbplw4exo4j	0.00686912509174861	0.274229850250125	7085.92069613091	0.0
did:plc:stswcaf4cwf3wh6ionfvm3yi	0.00841020076333482	-0.13032300070893	14780.1615901651	0.0
did:plc:studyz4gmsjikku5rojqipr7	0.00567774324657112	0.9186339624146344	1530.3231603978481	0.0
did:plc:stvwweyb3delodc7d5b3dsuj	0.00580218594027468	1.911138700840766	300.528378757403	0.0
did:plc:sty24z3b7eriad7gr5e44bfo	0.00617792421934556	0.677839097998695	2706.53177258768	0.0
did:plc:su6uppa7ohaaoorpbjcwbk7j	0.00675105485375962	0.1292490268121477	10479.673938204738	0.0
did:plc:subvhbaxtk2yf2lx7l5vg6g6	0.00599760096167576	0.39672563625016577	6195.0464118613945	0.0
did:plc:sugos7qjdmmxv63q67zihwbc	0.0107181136209219	0.4859553233467843	3439.893618637711	0.0
did:plc:suic4vr6lkfxoxgacg5jh3vz	0.00403256778692816	0.800630185193347	1570.3175256740644	0.0
did:plc:suknqdnajuo7o7ho6uh5pvxb	0.00375239979090935	0.7686589353347438	943.0820830180749	0.0
did:plc:surrxj345oth6qnb4ov2rqh2	0.00380871773202707	0.638900610746334	3090.98501028356	0.0
did:plc:suui4rvksiwv7pq4zp53o723	0.00502835134338087	0.754851112561306	3457.2893199720347	0.0
did:plc:sv6qagow7mzadolcar6o6cdv	0.00340189459407288	0.824738998134409	549.7249955537773	0.0
did:plc:sv7ht4wl5rmur6maa5oia7j6	0.00340821528112486	0.6072713664612409	1503.820220976562	0.0
did:plc:svdj4vxdriy3lvj6coywoqlv	0.0104782375162634	0.4923845623693143	4138.684350980641	0.0
did:plc:svdta7tjmovywlfs4zmwkf2t	0.0164778578907095	0.4396028912579236	7590.088346186955	0.0
did:plc:svh6snsritrkklvh3pc54kdu	0.00448611877283082	0.5977905903247692	1643.2195177575973	0.0
did:plc:svjjwccvxdfjfx4b6t7klaq3	0.00502642093067327	-0.141474776273151	14250.7927091153	0.0
did:plc:svmlf6ef3lvpvj7ngvhkv5is	0.0040998881849203	0.791401765897636	3473.0537165204278	0.0
did:plc:svodexpcv3vkgco4lqcxn6kd	0.00333111259170562	1.6597886686305345	382.72143220073855	0.0
did:plc:svpym4ujks7qxczscyzq7fuy	0.00430625501810812	1.2430445312633542	675.8630584837656	0.0
did:plc:svur7opkdui7ukpocjthyaga	0.00472951085212961	0.53138935609126	2765.52799101742	0.0
did:plc:svvkmvw33gmrwogjir43mmyx	0.00343005895459485	0.881509381806734	680.1930629868153	0.0
did:plc:svwelubbcugx5e5kznm5rwob	0.00530019190409969	0.7253143731106568	2751.0588369778065	0.0
did:plc:svysqtk25ou3rnynrmmleqka	0.00301287318556563	1.9591580169869214	307.93846073394474	0.0
did:plc:svzkxj6qsrngwe2jpowucyte	0.00445784155577788	0.6708992663195383	1446.3062493875984	0.0
did:plc:svzob5umdare5gnazclsy7ni	0.00620368774957572	-0.168327157325457	19726.9033648139	0.0
did:plc:svzqu7o6aygsc7xfevnhzqc6	0.0108932461958568	0.593147798137255	4201.98522967214	0.0
did:plc:sw436ntmewelzrswwg3muwgb	0.00218980452781928	1.295318888781611	1068.877188465963	0.0
did:plc:sw6arhxauonswrmqjeirekmj	0.00933367902569013	0.412084236873242	6143.14404243444	0.0
did:plc:sw6yycpwqzi7q6a7qqe2bytu	0.00303051174336749	0.521872784245591	7978.72397932911	0.0
did:plc:sw7zsdgujl67td2rg5l2bvfh	0.00634683591735923	0.7974052560762825	2040.3647349034306	0.0
did:plc:swgdxrt5d5u53bzy7knk5boh	0.00635180177520407	0.7691552526442678	1053.9920965124786	0.0
did:plc:swpqsm3eem7npdol7qefd36u	0.00392209446579044	0.7967222259179574	969.4703514296966	0.0
did:plc:swq2mkwda5rajfukz3n37b2k	0.00574352044252453	0.746912398102345	1512.0770695031674	0.0
did:plc:swtcv34humqgs6qhqiqckrpn	0.00490580847738887	0.8526169109535723	808.7887443351918	0.0
did:plc:swu4joy4bgsjrypfbnuckkt7	0.00511207235883322	0.5843109215817244	2508.574743504266	0.0
did:plc:swwbcm2sgfccm2pylrr2ku4z	0.00816961681011166	0.6491581177848583	1386.1088301411653	0.0
did:plc:swxoprh6fdcwx3wfo6ralhmt	0.00234342452438385	1.1642115545565	388.0747729775593	0.0
did:plc:sxfrpr4xc3uj252dpklmknzn	0.00767359162008195	0.457618978542534	5175.54187005387	0.0
did:plc:sxj3tzrbsq6diahfflk3iux5	0.00536843016769087	0.69665629553412	3406.13048947684	0.0
did:plc:sxmhuxbnuuwpyntobskzvuif	0.00609151438077198	0.401685316826288	7063.05796432401	0.0
did:plc:sxmv7rtdob3mtqpa77cmzyuv	0.00543668888164944	0.205535377661253	1829.22507796234	0.0
did:plc:sxp2y3lti3vjimzjdv54udjj	0.00791855204064136	0.454711285801323	5592.93312051441	0.0
did:plc:sydqy56rlxzxov5r7y56cubm	0.0066252588006951	1.3157895383848786	1396.084345844991	0.0
did:plc:sye56sfqqohsuj3yxxxyi52j	0.00546039344807565	0.7327678688330339	1881.5375069881004	0.0
did:plc:syef7zoacl62g643637o26wk	0.00940955070715452	0.07265757355938851	10752.045376575474	0.0
did:plc:syejcjtdenbtdbbfbxo7zlvi	0.00418794688482251	0.300993865245781	9981.15393693099	0.0
did:plc:symf4vlafx4w6kjf6qvtveb5	0.00561594202948846	-0.364883206210625	29042.3369517477	0.0
did:plc:sywcgco3mccqlnknuwzvmubb	0.0057496682907092	0.8131938746204711	957.4921197286071	0.0
did:plc:syxc5m2jx5vagt7nebpzzdho	0.00648603410561023	0.6347713472859217	3041.0887215863754	0.0
did:plc:sz6dh7sczbuuj3nzbks7a7xk	0.00842933408628595	0.6273356819879721	5680.858160863263	0.0
did:plc:sz6ye2x5ll5b7fd3lmdiuegm	0.00304906218241574	0.985501865418428	818.1643473567987	0.0
did:plc:szbkdzzojynybhg6hehpwsus	0.00201361315939145	2.040060401316413	164.9809775253243	0.0
did:plc:szikvbqn3l2noazgyjryyyah	0.0112167300457997	0.7180895510390225	3160.106725572789	0.0
did:plc:szlummyt2qv2o6onnoikxw3q	0.00200271200586183	1.1584531084580278	267.4089058850765	0.0
did:plc:sztxti6ronboo6puhcs2zumy	0.0117104329379883	0.735378249388944	4754.46461112384	0.0
did:plc:t2b3ujcdl5gxbib3i5fiw2ol	0.00493962678449748	-0.490910599716819	20298.3527954608	0.0
did:plc:t2e24433sb4folqbudqiiite	0.00335608906818166	0.5236163064932767	535.4088821369666	0.0
did:plc:t2jsx43fwv4ekba7la2k6733	0.00362249761716331	1.834009344217055	328.1775093356718	0.0
did:plc:t2juheqa62z42e6uuvnfxy6s	0.00784693110206126	0.562028181443194	2399.0147917164	0.0
did:plc:t2pevneuxzz26ogrlls2kelx	0.008301488997239	0.597219988810133	2656.54957213791	0.0
did:plc:t2tpogpii2cmhgp7yfymbsck	0.00765942287630478	0.6427241008907119	2286.4173461959217	0.0
did:plc:t334gqkscf3o42vm4x2cjpwd	0.00644685946011834	1.124350628277599	1629.7321687184433	0.0
did:plc:t33ghhga2bv5em7f3yrtnyej	0.00498587335953922	-0.293026148543083	22048.1628035673	0.0
did:plc:t365uaahaesuvv2v4koki2qf	0.00547745115993644	0.6964424369924057	4269.0357851558065	0.0
did:plc:t36e5gfnazj2vmohk4p4we47	0.00432628018585977	0.8180082452240814	4026.920220730408	0.0
did:plc:t3btutrkfx5xkfc4qfo23tvd	0.0028967035515136	1.3844297410771895	1161.706840186936	0.0
did:plc:t3ho3524535xkargwdsikufe	0.0029308877761087	3.440166029699652	247.69195413837497	72.0
did:plc:t3l3aw7bilgftoefn3efpe7i	0.0108695652259401	0.6279463737067303	2358.224630373658	0.0
did:plc:t3omodcypdq2pnksaf2iohse	0.0060997488358283	0.38578243132829726	5128.403958471052	0.0
did:plc:t3vwsmqg2uq6ho7dxgtplq6s	0.00384004805455447	0.7574133294939891	1044.644333422766	0.0
did:plc:t43ysnvax3pbyympvnkhdb62	0.00752984389865192	0.212215522194066	7059.33294001482	0.0
did:plc:t4dq6f3y2qd43xmt3jhdkcof	0.00250871932942553	-0.18233393108476	18538.4267776284	0.0
did:plc:t4eiqkf3eh7cygzdynlikedl	0.00445960126019758	0.8198074774067048	646.008192328758	0.0
did:plc:t4h7c3m37tmzgdggv24qa4sy	0.00703000982816849	0.518992896543649	1780.5237255337183	0.0
did:plc:t4j73t7tbgh6tfxu25mweois	0.00461622507603027	0.8354664054435071	669.581698449489	0.0
did:plc:t4onnluo6644zf5ngfb4dwdc	0.00704087620426233	0.8292361958501459	2206.5982042423984	0.0
did:plc:t4pvrbpfjhh7ddxhjmakphai	0.00556930693120893	0.6293999450965223	1623.1783336675005	0.0
did:plc:t4pxhflhfnuzqmntifyei3lu	0.00560384768174881	0.5856287259499219	1516.6793521249945	0.0
did:plc:t4ykrtxphl2uvu3gb4nbpu7e	0.00800781250429445	0.37667970955451296	3012.916684591985	0.0
did:plc:t54ohepbmxgamznpyyc2lg35	0.0133250697473633	0.4230384540035334	4333.017468830835	0.0
did:plc:t5g7z7sndblnppaslfm6zzir	0.0114697252673414	0.44070924200441697	3637.2394070165433	0.0
did:plc:t5i7zqr3asj7p7wq7j4tffyu	0.0110463332326812	0.8683336187411548	2062.3545583929063	0.0
did:plc:t66fpaoh2dlzdp77bmtsemur	0.00502141485818748	0.609709675755327	4467.94975933998	0.0
did:plc:t6bjg3qiiwgvzb4sbxfwpnzr	0.00669998937245824	1.0486302622846946	1955.605734912181	0.0
did:plc:t6bkeryb32uqh6kny6ghkmyw	0.00463408762728765	0.7633766566462655	1557.1936402793528	0.0
did:plc:t6izwdhlpszhzfa4ukf54kcr	0.0196011004489714	0.171142898113531	7258.14310179317	0.0
did:plc:t6k7dtzoywo7paiehz3l43f3	0.00226217641048645	0.57540313008705	2632.86346706557	0.0
did:plc:t6kewzqwg3sydmds7qf36dwe	0.0139009557110984	0.503414741548309	6293.517017400585	0.0
did:plc:t6knijl6nymnnhtmevqlmln4	0.00887435777988958	0.7134496846941984	1920.6221295383436	0.0
did:plc:t6o2bncjr2garop4fsicmz4i	0.00300349722348529	1.508773057468747	527.431996840403	0.0
did:plc:t6p2uyeqhkkil6xgftx7rx5h	0.00466646835813882	0.4626270477436603	1027.6651960817771	0.0
did:plc:t6q6c6ciwfz6i67l4jwdj52e	0.007580445544595	0.525119516358028	4535.36648890638	0.0
did:plc:t6ssqy2lavismla5x2hwh4nc	0.00575909815020247	0.9302310954789034	1671.9180554410611	0.0
did:plc:t6vrhz5l6cq74dlgp5ikd46l	0.0060264385712367	0.7678394812058046	4378.006295668494	0.0
did:plc:t72qb6rxkhjyf7m4sgy5oxkp	0.00464208243039978	0.6234915520441661	2154.3109034237827	0.0
did:plc:t7463wcjujczemd4y35udw6r	0.0152671756494521	0.407259276106296	6204.17889876236	0.0
did:plc:t7cj6xqyqpxldghqnphlqaun	0.00455702988970586	0.8543128419515155	1529.2038689530154	0.0
did:plc:t7d6anu6xeccsjyo5jwcjvu4	0.00507779441510953	0.609632362933694	2847.76844869227	0.0
did:plc:t7deufbncwx2jmujji37yr2w	0.00524542624480852	0.6283181668599579	800.3169658543038	0.0
did:plc:t7gg26crl2ebjnm6o64yrdfm	0.00524746571320026	1.0656837009306506	941.6286915274842	0.0
did:plc:t7kof7zctbtglr2l3tmirodu	0.00643834875456925	0.771331958520455	1559.34937430098	0.0
did:plc:t7n5zs24cycjxh22lyvgyeyn	0.00243116413190253	3.3853616652710667	233.5899549037036	69.0
did:plc:t7wxsdh3rwvdrgdco2raxphp	0.00745723059459277	0.6167742871181052	2314.966082628057	0.0
did:plc:t7zzbrdx73twoaz6znpohbpe	0.00337837837885704	0.8450688566794156	907.6339200684424	0.0
did:plc:ta2owpdjrhacfszbvjye5fnr	0.00446881982631941	0.7542663067577243	2071.161943631088	0.0
did:plc:tabipfrgkjteieqnjwmv2j5r	0.0103946102118971	0.69763698388757	3743.07888606106	0.0
did:plc:tad4tjfitccduvah65m7nrg5	0.00474934036956076	3.1518600241397308	208.02276159322224	66.0
did:plc:taiwp3avlucxmcvhjf2bvu3v	0.00486300557544462	0.3364002310603035	1216.562665125946	0.0
did:plc:tam34nyjdnwj4ftdwubrowix	0.00543755310165932	-0.196827092909074	20820.5543325586	0.0
did:plc:taqa6uxe4eae6kax3fgyu5v3	0.00383961729748314	1.7208495985428134	304.4945623027687	0.0
did:plc:tasqoqm6o4hc7eulweqnhof3	0.00704974727447324	0.5170585166340085	4058.608696805002	0.0
did:plc:tauyzomttylo2fwl66dn2bm4	0.0132082029901762	0.1666573313346076	6768.907718566044	0.0
did:plc:tavtgvmebovtbmdoworx2xzb	0.00249532127266375	1.8562888070257526	220.75849265113482	0.0
did:plc:tay3dkrnkoloii3zd2265g6o	0.00363952844408585	0.4513615889793897	8009.825431821038	0.0
did:plc:tazxr6axj5wcgnqceesotnxn	0.00476483246317224	0.756072264540788	5337.42290535973	0.0
did:plc:tb26umkfd4sbonf53ccc4ere	0.00302641232642731	2.1696096373567024	945.9498018875222	436.0
did:plc:tbb7lxm5zpqdlqxtrrofeqdn	0.00804681785353696	0.23880633257638093	7885.066368899295	0.0
did:plc:tbgm3oe5gvnx6yrizbuk3qwz	0.00462890726600541	0.403041912737994	1625.6282673824	0.0
did:plc:tbgr6bfe6zghabqsk5qurirb	0.00461616581359021	0.6718846105864759	1147.5592209112056	0.0
did:plc:tbv74q6k2q5aurkr26ts3lei	0.00737953986508427	0.706760778518363	1829.4528149760388	0.0
did:plc:tbzcxvpxtjniagxgzx3qpv4p	0.00325633458848633	-1.02084806806619	45580.8662391553	0.0
did:plc:tbzsfxwoac3mliggchtss7oo	0.0128576020830032	-0.138292953187005	14301.2488941858	0.0
did:plc:tc2anabv6g6chdi56n5jkbwy	0.00975958106395495	0.638999860446234	4366.11649855681	0.0
did:plc:tcethmk7qkwpuav7pvli7ycm	0.0110569105707297	-0.127714678794963	11569.85249502	0.0
did:plc:tci2syv35d5oqicjizhw6dyb	0.00725513906261836	0.6336491442722825	3412.0437300446347	0.0
did:plc:tckbtgiyowwkz3p2ge2s5v3a	0.0102171136756898	-0.140803158006008	18544.0779802243	0.0
did:plc:tclpjsy4gdwizu57lln7g4kd	0.0135216346375482	0.294714200976492	7296.35192728297	0.0
did:plc:tcm2a2gsse2kyc75covexka7	0.0070043103461148	0.8535681401462413	1287.19796890573	0.0
did:plc:tcmlf2qjzcakaikxl3ca4e7w	0.0125383115351964	0.19110526347861106	5850.139255663143	0.0
did:plc:tcrwxgpync6v76aiy3h537k7	0.0127817020107776	0.7597684248772673	2031.7395018381835	0.0
did:plc:tcxwe4g2ikdnq256katgfuao	0.00560789591795692	-0.30385420351477	15444.4144169805	0.0
did:plc:td5idhm6tklovadatgwjekpy	0.00429076224152101	0.42584700637016	4001.75606787797	0.0
did:plc:td7qjyxscqsxlg4p3luruqhg	0.00617680090032743	1.1346648236487458	877.584628805278	0.0
did:plc:tdbwuwoef24gkocxlijhy5wm	0.00285320336939993	0.6459146104461247	698.0686912563148	0.0
did:plc:tdfcgiuhbq3qwyqw4ewjkzgm	0.00299123693980982	0.695950496709716	2898.65446356671	0.0
did:plc:tdiqrmfhz45rodogof332yi3	0.00804289544659739	0.48318624472417815	5381.593393420046	0.0
did:plc:tdsn3fndmxo4d7y7mtz63s6c	0.00287631831271847	1.2374264599297409	1109.8673058607517	0.0
did:plc:tduenfewh5arelkgq54kyf5n	0.00809180521234137	0.7608328357933353	2071.0669042997233	0.0
did:plc:tdvnlixuizp4bk2daj2u4xgi	0.00670112962046456	0.5813383160093293	2706.883973716016	0.0
did:plc:te4rkaye2kk7vavdza6auqdm	0.00604655015524393	0.6871412377306776	1758.4141908283514	0.0
did:plc:teaexcmdje4v62yamfebl6uq	0.00218018144743667	2.3950246941468833	180.40652461146237	0.0
did:plc:tefonm2k6ly3crymbjjhnkkf	0.00644677661996717	0.6381704198303204	3895.3922285961603	0.0
did:plc:telvfvh53juc7tjoztivyhce	0.00249958340301432	2.046757651693552	458.4190699726668	0.0
did:plc:teu3agr636eah33jpv4oaecn	0.00576474022415573	0.5862017039099425	2416.1251923256846	0.0
did:plc:tevsvhuytzrb4t2iltqreaag	0.00641206977847369	0.4686732683583373	1626.0654286366891	0.0
did:plc:texfoijin4vwbh6xdwhdthic	0.00816241105145952	0.310831873790164	5263.05120870021	0.0
did:plc:tey2wxliz6wuyicwoqaliy2s	0.00623052959685042	0.8820854112354942	3252.3751539238815	0.0
did:plc:tey3jrijuqgcjbhjqzwdghdn	0.00642123287838695	0.529204253289645	2345.9676650838956	0.0
did:plc:tezjcuvky5etfwpckanq2uxy	0.00356601586917528	0.6682264244567792	3124.247500565275	0.0
did:plc:tf6eaiasxbxdnc7is7tllzxd	0.00509193776534062	1.1455148437121876	1212.2305020031524	0.0
did:plc:tf7gad6h5xalbu75x3akxckn	0.00382677775657408	1.0858545105831627	1127.4252079845696	0.0
did:plc:tfaosxw6cnp67lgcxfgs52l4	0.00216296253292321	0.8582247463802709	580.2270502978093	0.0
did:plc:tfauygrib5tfh6idm2o5npuj	0.00362740944753484	0.840674378092754	686.5873216589916	0.0
did:plc:tfcs24hzuw5adjzxufbcjmri	0.00491987630100553	0.8664835794610928	3228.041755902555	0.0
did:plc:tfnjrevqebqoqath35bifljx	0.00871805033025002	0.6477741988523757	2319.4489420337422	0.0
did:plc:tfr2jq2ybi7lem7xu6mrizxd	0.00737307773440748	0.23175742899223545	6557.123309734969	0.0
did:plc:tfxykljjzd5467nnr6nitne4	0.00651647738652211	1.1132376880336745	1489.0649090730014	0.0
did:plc:tgb2xkb3y3rfdzy24ay3y75q	0.00703887378146336	0.9419053155978664	955.5221655663386	0.0
did:plc:tgl5buivmtfx3px3h73xw4nd	0.004244754124856	0.8009872962130994	849.5404470226134	0.0
did:plc:tgu65zuiwsufgbypidpjh2jh	0.00850228908141272	0.4081632584353271	4180.250324398582	0.0
did:plc:tgwjhxaryahsd4zyvpknbmlm	0.00213106020253431	3.3058431538664634	102.48113776986037	31.0
did:plc:tgztkr4x6ve3tu6zqw7auvyj	0.00540233153312205	0.7427309159039106	1619.096945897858	0.0
did:plc:th2tiuhp7zysa5serb4bcups	0.00602934280366151	0.666184035636907	1911.0340415388525	0.0
did:plc:th37jkann53wvyoikxvnd632	0.00574504112474657	0.714076683327675	1325.19442829487	0.0
did:plc:thdg7rng33hb66z6cslythee	0.00463743676312742	0.7663804405961544	2104.9995650204137	0.0
did:plc:thewvfctw7fh5idcbn2l3ylx	0.00388253950895322	0.6593878331133451	2353.6660888470337	0.0
did:plc:thfas553lpga4cqbbueguqg6	0.00356550996876722	0.8408393650969074	950.6592026618404	0.0
did:plc:thslylrjh2icifapezmmj4pv	0.00456915236460096	0.466142786749804	3355.61305454869	0.0
did:plc:thwd3gjolwkd65s6ou2tyswn	0.00568332011873505	0.9038619433480589	1468.631719318282	0.0
did:plc:ti6uuu6iggqri3zrfodvgftd	0.00270290013899071	0.8847908689183337	987.9594602788106	0.0
did:plc:ti6w4izlflddswfquxnr27dt	0.00214873832938974	1.174198359457995	335.7836076948213	0.0
did:plc:ti7plchklhqpvvlfjm4an7ew	0.00625586488238079	0.5483119796855137	2925.833858861227	0.0
did:plc:ticwq6hxrl3d7dtbyeo3eajj	0.00755419312971091	0.242064211908625	4370.51592559468	0.0
did:plc:tidfkdxyf6t7khr5apuap6bg	0.00961929278122661	0.5614938730564162	1945.8074569987364	0.0
did:plc:tihosflqbtznem2gl6xinmvs	0.0102301790383937	0.7095914013931388	5131.479551089058	0.0
did:plc:tihr3o4lk73ked534sx6a4xb	0.00476099790599276	0.516373967324839	4128.73281913209	0.0
did:plc:tio6bmzr6qjfydedijg5d3oc	0.00452824586244984	0.6466183711692579	942.6723268440627	0.0
did:plc:tiol4t6daphp56ljuhdyaoe5	0.006182021011454	0.7447583539119712	910.7774447015007	0.0
did:plc:tix3bfqf5wuevrhk74dpnwus	0.00444353295153322	0.7237407906373973	2266.5449240528715	0.0
did:plc:tix7ewjhpqnutmn6hjx3c2l5	0.00861393892278797	0.235612792036563	10265.953331807	0.0
did:plc:tjgquupsj4zp5gxfm775nfcq	0.00973499189942147	0.6327371559745687	3834.985257160519	0.0
did:plc:tjqyeaytjbhpjtdpw54zs65q	0.00325848268056334	0.8153077451188939	963.4408825345321	0.0
did:plc:tk34wk53wgrwojslrz72bo5s	0.00440736659849956	1.2122696362302006	971.3204426479552	0.0
did:plc:tk4c5iitrxepvyngnkmbqyfj	0.00498858544370136	0.4419659025154287	3976.9185601778076	0.0
did:plc:tk4dobrnfhkcni3e7cw3horc	0.00541919031201539	0.9624373781164377	657.6360888190977	0.0
did:plc:tkbhvdc3zhwt5p33ddgm4hjn	0.00754463285379583	0.6598992081576459	1611.8318790979943	0.0
did:plc:tkbjttexqle4bi5imbkwgacb	0.00504024063154205	0.9412268038128028	1218.513523810274	0.0
did:plc:tkej25vxsow55o6s4v42lhyd	0.00581613508668868	0.8349319839310617	1371.96828284956	0.0
did:plc:tkgwa6jllgqwnfn73jzvkbbp	0.00337368525549165	1.2565110273788713	960.8624809276731	0.0
did:plc:tkllcmuprdxzjyfmqeupmob2	0.00345020514742275	1.9810314273119587	362.29041030307206	0.0
did:plc:tkpwiixwwe3brrsfmbnxacnl	0.00593471810301676	1.125226013021982	1366.2467899011908	0.0
did:plc:tkqezviar5ib67wmwt2djnlw	0.00441553321526961	0.688904211191947	1612.90254439791	0.0
did:plc:tktbbn736cxt5of6jt23ljvq	0.0116798351150957	0.329055776251051	6707.56202893408	0.0
did:plc:tkug2ilarloan66efwr2frxf	0.00270270270274134	0.7182300238140831	2551.676338211583	0.0
did:plc:tkuhm473kwy2cukgusldlr5r	0.0046395431843406	0.8103897290021533	818.8425421162651	0.0
did:plc:tkwtgm6sjno2lntumdrgluxg	0.00607187112961734	0.5830519984376445	3889.123294229656	0.0
did:plc:tl2xnycoqrtbh3idpy2asxjt	0.0044720613859342	0.8323643865134145	914.6205316171073	0.0
did:plc:tl72gxak7x2id2abo6fnqotr	0.0135916714907727	-0.221786784830157	13885.8475831864	0.0
did:plc:tlcqqznvjcvkno6tkau2dvu2	0.0112523746971667	0.347630505881772	3403.3454818563	0.0
did:plc:tlhirbhmax2bxbzmu7nstqk2	0.00344612311194955	0.9542313144415601	614.9371609206885	0.0
did:plc:tlka2rk7l6ajnpnboukzv6fc	0.00539821624215694	0.7398758000267124	1647.555363992431	0.0
did:plc:tlkykwbedcdav6h3z6ecv5ol	0.00419424349724389	0.35478400372193325	3092.841859737674	0.0
did:plc:tln27dapb5f63qsujnplh65a	0.0064207650289974	0.6450730167549029	2784.303655275716	0.0
did:plc:tlskl3jf5sq4vzg4rgc2b5qv	0.00400256163950589	1.1302198283905425	1358.1653716431942	0.0
did:plc:tlvfenyfjmyarkl5wroeccj2	0.00641408114592078	-0.0874001485817904	12282.1391089018	0.0
did:plc:tmanijyogl2pcgowu7vw7rv3	0.00777961994662285	0.782610135499274	1693.66338035477	0.0
did:plc:tmdevxfk2m3mvf7f4xedw6hx	0.00421441998690108	0.690764519648595	1011.8098705097565	0.0
did:plc:tmiihvmxvzypb2ylyv7q3stf	0.00566119901340998	1.3593799962132995	1133.6642076319624	0.0
did:plc:tmt6d7fdwz6hj4ewvgucugdu	0.00718954248389803	1.3071345541512072	1490.7994895220847	0.0
did:plc:tmxlyxjo6re2fca3eqc62ogh	0.00609657405105615	0.9983873641353977	681.725204785952	0.0
did:plc:tmxqi7pi4qbbhqidnyxkjwil	0.0042568286628807	-0.131010715097605	19579.637221575	0.0
did:plc:tnanfzgguy5vxlo4w5ce2g7m	0.00714711137702993	0.4429365839901334	4689.76243624153	0.0
did:plc:tnawwpzp75ait3qtsgde5cjm	0.00561470030627651	0.7911620873917016	1407.1232529610895	0.0
did:plc:tnf2wegmomb6okdjess3rdgp	0.00818672705505376	0.928264663820599	1560.3943517139905	0.0
did:plc:tng4wkqezsx6ty6fs3ol6o2e	0.00412735849082374	0.774601373796284	1066.9361206305357	0.0
did:plc:tnhrir5jngefi4yqjqcixzd6	0.00976006507892318	0.7340107715655033	2222.1648512660536	0.0
did:plc:tnjrsdnzbspah7mqsji7cdn5	0.00698392074191904	0.488796994283475	3737.76245956774	0.0
did:plc:tnoxzjpc46kzl5d2e2xklybm	0.00827107791211269	0.762801094649977	2861.23451322271	0.0
did:plc:toaovrhxwrsdduxqrnf2wyzp	0.00613496932707626	1.330841396532941	1574.6057316659023	0.0
did:plc:tohfnzpch7qpaf24r4vtyhev	0.0048286083098277	0.7880197214435956	998.1261043971607	0.0
did:plc:tohfor2sz4uf6yr6dmtm42rz	0.00650527887545019	0.9629649509870719	2114.0230415509786	0.0
did:plc:toncg2krajs2axjj7pds5xub	0.00235861418319317	1.6771362653583564	390.7183691801532	0.0
did:plc:toq5z7vvario5imf5zstqt4d	0.0035650623889968	1.0601312999986523	1048.102721194574	0.0
did:plc:tor3txxadz4tmjfajun73tib	0.00405246880801773	0.639375753937528	1443.43072930961	0.0
did:plc:torahrtjmvzli3vzbnukyw24	0.00356887937228089	0.9464815647304153	1082.8874972814294	0.0
did:plc:tovmltqx6hhamvgczojojcw7	0.00426026336196888	0.548937466227802	2346.55718260679	0.0
did:plc:tp4b4ooa2am74wu5zkx34vl7	0.00535168195776889	0.414057394702177	2591.72594615816	0.0
did:plc:tp4m53yg7zrqrub5dkmkapjg	0.00531694925326725	1.0043894538089353	1195.4643180462674	0.0
did:plc:tpeq7wqyaxdyf3gq6gz3kutw	0.00486651835373259	0.6766909734733911	1072.134936528896	0.0
did:plc:tpinidii5u3odgutmtdpud2a	0.0109235352616497	0.5990129171676477	5582.722835208053	0.0
did:plc:tpjchtzt57infmxws3btuiyn	0.00631047539091127	0.4246059198492113	1792.9189553400172	0.0
did:plc:tpq5xrmq7tb4fhqpnhp4qxez	0.00481540931059479	1.652764109112084	1286.288758479098	0.0
did:plc:tprgdudffensado4f62s4wye	0.0160000000668234	0.8927203026616911	1885.075479265371	0.0
did:plc:tprnr5qmfcafungop2n52jtc	0.00252190071679895	2.2807221280676915	240.89904089334095	0.0
did:plc:tps25e22vsmwwu3lj5bahhtf	0.00354945575052886	1.219196961818715	356.6555855481298	0.0
did:plc:tpyv2iovfgf3oylxegij7vep	0.0093710953795991	0.508819997620001	2523.575489665674	0.0
did:plc:tq756et3sxboq4owzamejncq	0.00221715444071693	2.985547667767231	107.47971603962031	36.0
did:plc:tqafx4hd7b5uqayzhkilwx35	0.00898712656361796	1.082357935436783	1186.101928572342	0.0
did:plc:tqcofee4ndluolj27eqwn6sv	0.00794021485727827	-0.168844627433267	17015.3872905282	0.0
did:plc:tqmx6zpdepfdor2qjwjfzoa6	0.00684273709511421	0.7013346149477867	1403.1879959346725	0.0
did:plc:tqpgv64qpp7hrx6ydm2ixc7p	0.00773123419088721	0.5974406444829133	2327.358832724932	0.0
did:plc:tqwr5332q45foq6r3x6gj6lj	0.00608446671635967	0.768994510787739	2419.81926987382	0.0
did:plc:tqytgdat452pudrkzy74ia6l	0.00285358514141682	0.8944171383641765	2618.890652818822	0.0
did:plc:tr2xcyuqxlxyx23mrq7oivqh	0.00511143857130893	0.575116474459073	1833.40561213083	0.0
did:plc:tr57rqkufzeng2fbtjgeiqwu	0.00945378151520802	0.515707558765502	4595.510323976488	0.0
did:plc:tr6yydeje4pgwvtdm2axad53	0.00933797909677814	0.25775087166592	5520.42428169966	0.0
did:plc:trfm2rvfyybomsvmhrqw7oue	0.002423067603641	2.101699401328629	235.27221185977913	0.0
did:plc:trkbaw7mi7o3h3utgiycfunc	0.00282111808411123	1.6744808793789756	172.45638587849825	0.0
did:plc:trm2emprqt4r5ojv5gllfx6g	0.00240832462403924	2.1613415004921785	186.69935616215702	0.0
did:plc:trm6e42qmplujrvo3rm2x6vc	0.0134453781738042	0.220163913380849	10429.3984887817	0.0
did:plc:trnkf2n3agyxxngwywimvj65	0.00405755143356389	0.49559981288287275	1212.3684974135756	0.0
did:plc:trtrc2bhcrguk4yqkpnnrl6s	0.0026663931906437	1.5201703552719883	529.0461138671283	0.0
did:plc:trwnkrqr5pnrfejg4g2wzbcz	0.007267627184627	-0.148099056088631	9572.1452646106	0.0
did:plc:trwyekse4kohygefxvljay5d	0.00510282975171698	-0.251040105474326	21915.2704285936	0.0
did:plc:trx2n5sno5wtbawxjp4c457w	0.0101010101116711	-0.182483623175038	16484.1798172353	0.0
did:plc:ts4gxk6cgbi5lk4rysj2tjcn	0.0180394826878539	0.4849032392441235	4210.832278973088	0.0
did:plc:ts5lts535yv3xt6nzxwcxxla	0.00251107828660724	0.20006337657452228	12403.353426606309	0.0
did:plc:ts67q4jh3lofuwgzbncw6xoz	0.00435064935086856	0.667252218829055	2883.9603128201366	0.0
did:plc:tsbf2q4nbacfwvmex4rlw56a	0.0124610591956981	0.14970608895589463	8975.395639991506	0.0
did:plc:tsmztxn5674cdh7yae3pr2ka	0.0049680624592946	-0.374137894931936	18185.8677769032	0.0
did:plc:tso3s4y7fy6ecsjmckhwjdi6	0.00949313443213493	0.6022476254398176	2740.335242716088	0.0
did:plc:tsuemyw2dxiu44joreqztyf6	0.00762559809110235	0.6753758475418918	2824.4564056597665	0.0
did:plc:tsvcmd72oxp47wtixs4qllyi	0.00476140091012294	0.7845391414044423	917.5280332088591	0.0
did:plc:tswhxzwa3ry45tdsmfgxeetw	0.00493741307386237	0.6187904570639404	3060.5322337034668	0.0
did:plc:tsyi4seukkgr4tslnoccoei4	0.00442920417306214	0.8892508303291438	1728.9415501891458	0.0
did:plc:tszlvm7kufstv3qyozcpdkp6	0.00529661017249638	0.7695753708143958	1721.0745855196599	0.0
did:plc:tt4j6u2s6szk2wfm4t6apwtz	0.00222717149227714	2.692601910357062	285.1884758747209	0.0
did:plc:tt5gfdyj3ucwmv3u4gpy5vd3	0.00523415978023739	1.0384688810837321	1540.9721244149737	0.0
did:plc:tt76js6kmnwtc2fnmgthhkdn	0.00629474204078141	-0.424592022583422	15949.4189782948	0.0
did:plc:ttd3svnnwks4jpet3osornnf	0.00378085151385243	0.511546706556121	1600.48133549565	0.0
did:plc:tterhxyjfw4a2kbbffpcjuaq	0.0164210526439402	0.5850492679651408	3569.364023892819	0.0
did:plc:ttfndi2tqovhjgfz4gjek34i	0.00806374196446243	0.5135401166937644	2390.106684687143	0.0
did:plc:ttfpqr3hckwljauxdwwryyud	0.0053542403700554	1.2677855740609618	730.99990858791	0.0
did:plc:ttk3ytgi73lei5pvb3zuv44w	0.00347255347203891	0.6645513546026414	991.7489881336306	0.0
did:plc:ttod43dd4sceaxnjldsmtvpo	0.0113917781153971	0.23357129642696187	5938.784955711823	0.0
did:plc:tu6snexvqftc3loipiadqjin	0.00696142991533606	-0.643228911685532	30288.3718376745	0.0
did:plc:tud2quxx73tqwcgupajwihpf	0.0053877406824289	0.7985307599904199	1702.7686162335422	0.0
did:plc:tudgocysig4723l4mc2d6ah7	0.00483894618521135	0.7664489840999857	1010.9969298283165	0.0
did:plc:tufed4p4lezvkx7ksry2b7vp	0.00954139735556332	-0.155839624207702	24291.9628644708	0.0
did:plc:tuq5c4bwozb4hhqevk7fsrqu	0.00630455868266265	0.7789708576399692	2772.758752333261	0.0
did:plc:tuuhffu5twbdbbhcfbfmcjmf	0.0170910359808647	0.38958346862420923	5527.50255516254	0.0
did:plc:tv3pk3awqcmds6skgougakik	0.00616563906205066	0.434663387713529	5879.13441132831	0.0
did:plc:tv4mghlih2fhs5iejg3o66fd	0.0103857566863627	0.881313963031432	3803.8621324700043	0.0
did:plc:tv6yg2njajwtnqlflg2rdlcb	0.0023516306702752	1.3695655848729127	306.89273863563005	0.0
did:plc:tv7ayhh4awtrligecenjv3rw	0.00881488736854236	0.8085416763858776	1825.4248690162385	0.0
did:plc:tvevj4dvib74dbxpewfp374l	0.0067965564128282	-0.361669547331385	23559.4539560337	0.0
did:plc:tvfmpun2f6q5mivjxqxojas6	0.00605326876713585	0.8880786624284106	2457.2410380501706	0.0
did:plc:tvp2i7z6eje7mtgfg2mz5x2l	0.00422589320039335	0.9295190894611098	2202.520524326697	0.0
did:plc:tvr4zufssnxafrtxatvu2c5q	0.00424742761430898	0.6823509569317576	1168.90993160713	0.0
did:plc:tvzetckkl7vpvzm7sdsg6xop	0.00300119041644904	0.7331038631534292	924.5251364831793	0.0
did:plc:tw3i7qenhrd6r3d5rhyklavk	0.00638353309185589	0.684051726866934	2889.94882690445	0.0
did:plc:tw5t5terwcgy3ryg72jjy7aq	0.00522897177234766	0.419593779137819	2715.75862505965	0.0
did:plc:twcrdqkkfrjvbpw7xncqp22o	0.00645781808353668	1.0912178676572803	2247.896910902935	0.0
did:plc:twifx3yjuhz5avb7bcku2bo7	0.00853958605072189	0.7331910170667705	3690.707211773101	0.0
did:plc:twlsvq4puw25g3abo76hy7b6	0.00392631733480808	0.8267720359387217	851.4737684152424	0.0
did:plc:twnch2drro4hipktgynyccaf	0.00517844646670389	0.9068723907638868	1220.320891195402	0.0
did:plc:txeitqocgutifze4pqx7myfx	0.00932666060325733	0.444249234245888	6107.54341631753	0.0
did:plc:txfgsqjpq6yhxwsde4tesibh	0.00300862852021563	1.258822651052867	291.70465504581955	0.0
did:plc:txgp24jrc4asz6vdaftj3sei	0.00375643170589073	0.9729030305059101	1087.6773494841	0.0
did:plc:txmvra7vwzccxby7ql2e76zd	0.00425249169552771	1.0875702750482923	185.35427785540148	0.0
did:plc:txn5ouyk4t7x6ixu2me3o62k	0.00556385982405299	0.609467570385627	3042.55212013251	0.0
did:plc:txztqimnm5dzmuvdzajnjnre	0.0060943094405238	0.654934141391608	2043.3101487098932	0.0
did:plc:ty6dz4ns7wssqsn5dzdz5rij	0.00596610169700804	0.5992561768253966	3135.014029381357	0.0
did:plc:ty6fizlaphajw5ymlbamflac	0.00851144316604645	0.417929921860128	6366.71906163472	0.0
did:plc:tyabix3frrd2ck4e62h72jfe	0.00900639164783443	0.9434169950857946	1924.3808406144274	0.0
did:plc:tybwmyfzfhwqzwhrek4ccqke	0.00606626225117309	1.5900036449824002	589.8316705844862	0.0
did:plc:tydoeo5437tdskrdoptpopcm	0.00508219904611202	0.7811265061871022	1533.2034234138664	0.0
did:plc:tyecc34qtfafn4rwbzponc5c	0.00495262704638773	0.5992715142827528	2604.7699984263436	0.0
did:plc:tylf6ry3hoywzlopooiv5rtv	0.00711297071252572	1.0286326223824582	781.9052746418653	0.0
did:plc:tyq74wojf5qszntaybeqciay	0.00487545858289271	0.9628539936944116	738.5137147488757	0.0
did:plc:tyqtbr3u57jflwneenr4jcso	0.00512358928267006	1.0126174331360325	751.5028109822059	0.0
did:plc:tys2j7wkbqhfsn4fuce7q5x4	0.00841020076333482	-0.197156545660935	23055.4987268026	0.0
did:plc:tz233qomuyetqlcunofva6w7	0.00454950054491784	0.6966391781091636	1864.128537691988	0.0
did:plc:tz453i5b76ycpvrrc4yk33cw	0.00580221998209579	0.6060162104194732	2184.8310892603254	0.0
did:plc:tzgcj6qzcup77qiufrexse4p	0.00999189847172307	0.375116927962959	6437.130387311477	0.0
did:plc:tzrixm6rejixcf7w6i7d2vlx	0.010204081642993	0.343830591713814	3463.33986297618	0.0
did:plc:tzru7xiy3okpxa6smt6gtsdf	0.00513985178167696	0.787959100957532	3188.0145324201	0.0
did:plc:tzvh5662o37ylrxvro3erhp2	0.00299920021341541	1.164947439007718	465.2942566975971	0.0
did:plc:u24lhgbsx5meqnwzih2ma533	0.00565445026424317	0.6237109348314573	632.2645860984018	0.0
did:plc:u25yv4cv2mdxmof7lm6fzgz3	0.00217641787230942	1.8165340969771917	768.9314541401186	0.0
did:plc:u25zceyqwfsd37csq5d23pop	0.00358565737091576	0.5252095905302528	4055.930735886419	0.0
did:plc:u2cjmomkfsqvjgdlih3nuets	0.00528935905474163	0.465973736947166	4105.8794538152	0.0
did:plc:u2e4bbrr5dldp2d22ssrjpvi	0.0106647707164824	-0.147296490190296	20478.4252885828	0.0
did:plc:u2ehyulzi344g5gt3ryxkyiz	0.00425170068050735	-0.358874999085307	27848.9474794427	0.0
did:plc:u2g6cj7h4nreqvcezjev7ehp	0.00783728307978342	0.4464782178223298	6637.580357675088	0.0
did:plc:u2h7syatv3sgsz5235zntwpx	0.00695726253674041	0.5792561232629714	2032.5968651377711	0.0
did:plc:u2mh2tfd3y5sncjtnf6xi5gn	0.00424982924816757	1.3398621958186139	633.8694390577931	0.0
did:plc:u2n5omxow6sf6p6gwmpqi5xa	0.00449964846595228	0.5632375220774352	1857.7282979004785	0.0
did:plc:u2ofkpktbxmdxhg3e7lvltve	0.00491017272633163	0.7472922686070553	1886.5499172471514	0.0
did:plc:u2qt3qjh7gjbmw6hjds5xdoj	0.00482543287370517	0.656679833400529	3076.07283982898	0.0
did:plc:u2rpdqhbmnsa4kfez3a2ttk4	0.00496004409001486	0.38439524941180697	9175.433711534195	0.0
did:plc:u2tyymqsiupggzloe4l5tbcf	0.0050574084205934	0.7218086315960632	902.0163989581334	0.0
did:plc:u2vutwghjwhbiygidlngcwaq	0.00353085661693556	0.434155527105301	4303.67455518731	0.0
did:plc:u2zncpmlx3f3vboc47qjhf7i	0.00404665555847426	0.9299645505373271	2118.498198203445	0.0
did:plc:u3ipax2uxnhlnfruzvhcxs2a	0.00496102055646757	0.07906461588306482	10159.930346441883	0.0
did:plc:u3ndbbac6nkaavay5h2adcux	0.0115874855159252	0.280356589730772	7807.47782909378	0.0
did:plc:u3onhtfmfzmluq3326ebve6r	0.00601628546441255	0.7321826578359716	1176.7051571280201	0.0
did:plc:u3q6i2imqmhvvywi7xk6tfvp	0.00238504436884056	1.9212326879559465	265.81341867812404	0.0
did:plc:u3qf5fh35fx4zi4rohfwmrr7	0.00668693009266653	0.6800759521206489	2100.2952238502317	0.0
did:plc:u3sine6mkvzclvfgt4wtsiwn	0.0037888046935645	-0.439993223945527	30539.0300486099	0.0
did:plc:u3v37z7tkkosif6kew45rynw	0.00854859691859737	0.762466912210308	2148.84103716582	0.0
did:plc:u3v5v3vgzlnexqijhnxlcnku	0.00262628031186363	2.4185851562050953	423.2524023358917	175.0
did:plc:u3x524zci3nls4eehimpdvyv	0.00836382645436724	0.383203444005388	11049.6177282356	0.0
did:plc:u3xxnlkidsuv45yifvtdxr7w	0.00205345955738265	-0.343774592768613	12979.8712553907	0.0
did:plc:u43t6aassqvmlryophdh3ifm	0.00567230797891455	0.9186194752387263	1643.5212891921728	0.0
did:plc:u45ucbn7g4gpl65lm5inqlij	0.00643134908931248	0.692750151769144	2713.3009632905	0.0
did:plc:u4oqjrzwcicjz3cnpra3mmyq	0.0040593010945176	1.3646771876181625	606.2317177194321	0.0
did:plc:u4xshaijkb64b3btgqpfua5y	0.00404792084093269	0.8834500982904685	1625.1261213722498	0.0
did:plc:u4yf3hs32iib252uam2ljwsj	0.00709384812311333	1.1081789425619906	1161.8908011281228	0.0
did:plc:u5337f63wov5zg3kva7fxyxx	0.00475482912416352	0.6711342361032973	1244.939821645126	0.0
did:plc:u57pqdh6hdogpmhfzhcoq6hj	0.00387891495248077	0.7663248111386657	883.4811069202864	0.0
did:plc:u5kg7l7tad35sqkvrs6atych	0.00352413933633339	0.7969264714643194	438.56705391880513	0.0
did:plc:u5ls4gbb7a5js2fnidywdgtb	0.00623150023404805	0.7047430912480557	2016.2848206817341	0.0
did:plc:u5lwemeylpcnuy545svf5ldr	0.00488534396886457	0.199356694712469	7617.51668468221	0.0
did:plc:u5m3o5uhzi4c2tc7qi67wz65	0.0033788746882998	1.2131654413588944	1981.256934691703	0.0
did:plc:u5mcxwugn6ddbxrubzaknpyb	0.00417496916240837	1.725621821177077	360.2010678689458	0.0
did:plc:u5ntqoyf2rmkavcdfo2swj5r	0.00914634146629036	-0.157237478131803	19916.888495394	0.0
did:plc:u5pijbe5u7lspb6od3t5g3m4	0.00881242132088377	0.373544067347259	5889.8141811972	0.0
did:plc:u5wttrel7cxsxswwb6xhyw2j	0.00312345173730986	1.038900727409863	427.71275301777445	0.0
did:plc:u5zjd7zwhbkn35whajebnx2u	0.00369244135715952	2.2089707819999	233.14515700807112	0.0
did:plc:u672qpo74vafwze27g46lubf	0.00267379679164377	0.9268247321190786	549.9439663600667	0.0
did:plc:u67lb2lpzg72bvxgdubeotbs	0.00639296773718812	0.6147217171249147	3244.1354012029383	0.0
did:plc:u67xt6uespmlbxoum7sz4jd3	0.00289224070922127	0.479510717561454	3268.160441366	0.0
did:plc:u6aplbwy4lgrcd4jeqafdkma	0.00472551052475588	0.649564281165817	1178.50223409509	0.0
did:plc:u6c6pjov3uwlkqmatgjsse74	0.00915693085224998	0.4938990836385516	3145.8789805498027	0.0
did:plc:u6l6tov6usesgusz6fpwopaa	0.0083391243957387	0.9786686989319676	1512.2420803832044	0.0
did:plc:u6n7kz66lpixwong7f5adq5m	0.00994539781600201	0.4188476198366707	5721.905058611856	0.0
did:plc:u6p6jpf7glwqgvbmzdudke5o	0.00744680851598619	0.6200270624147545	3535.094605406726	0.0
did:plc:u6qigbn2y3do7rvtulxzmvdq	0.00644641418376609	-0.300546452114725	23979.6574491743	0.0
did:plc:u6tsgmnf52hqzfrxoav6laqo	0.00571193754091328	0.5336179375143486	1456.9169407190643	0.0
did:plc:u6tvyncb3gr5eoklpjgxh2vv	0.00594965675268247	0.8558233537644097	1628.7227298064906	0.0
did:plc:u6xvtah24mhwfeixyazatqfe	0.00465838509405681	1.7703146457360839	743.3141744780215	0.0
did:plc:u75rzjui2ibb3ty2hst6fbuo	0.00212871638410433	2.002056021297428	254.2915320244877	0.0
did:plc:u7aoytb5msldcpbywbiozknn	0.00496939579784361	0.434911346417398	1795.47395234354	0.0
did:plc:u7hnru7kfe3x27idjvnj3gt7	0.00446070122324742	0.9456077410840087	969.6058977658934	0.0
did:plc:u7l6co2v5gp2pwauncwutsba	0.0106937208754446	0.7132596523919097	1860.5996819760903	0.0
did:plc:u7wuj7ulonosd4kr7uoryqxy	0.002468964078363	1.7354961491128098	432.3089080396331	0.0
did:plc:u7z624n3yiwifqdkznewh2bp	0.00361197110462008	-0.110240895128436	17204.7069131297	0.0
did:plc:uac4vb3z6yxi7idgvnh4m55i	0.00347856335377215	1.772725349048347	239.27972180574488	0.0
did:plc:uapdhjnoio43dgc4fihkrvjj	0.00596435757611016	1.04517391426231	736.6041032181763	0.0
did:plc:uapx6fobawg7obq3ptb365qb	0.00452354468024597	0.7286686333666959	485.4646436336851	0.0
did:plc:uaqrbgd3lq63dlwfffck4elv	0.00766843162804579	0.551632902023631	4147.03662582287	0.0
did:plc:uavnth3b2hfopy7kqbpsbc76	0.00474914758973249	0.5324697678648779	4179.045775558331	0.0
did:plc:ub5uc5kucgmpmdubftqs63r3	0.0040181464681995	1.9888636019100068	588.2506708499726	0.0
did:plc:ubgit6dc7iwrk2wyqdmhbqqz	0.00441764981134682	0.491184605174531	2618.28479884311	0.0
did:plc:ubiblr67a7gqnl7ztt3m6aeb	0.00809935205598544	0.4102419633688218	4547.777831656462	0.0
did:plc:ubilkw42c67ffyccknvwzyd4	0.00392364793243264	0.6189421765660119	706.2439478734565	0.0
did:plc:ubjmym2jki6hbkmq4x4cx4fw	0.00667246881495184	0.5966131286740206	2117.0020828530187	0.0
did:plc:uboeaoexdr24yianwpismput	0.005079088666513	0.336334727420141	10420.6818003049	0.0
did:plc:ubpflavqz3sf62wywqhoumtk	0.0131480090398894	0.579155563335198	4525.59803925811	0.0
did:plc:ubtfndd4df6gj2vtxela2kkh	0.00650557620850038	0.408345830772471	3936.54731196383	0.0
did:plc:ubvfztefteoevngfimyimhvk	0.0126444299377335	0.6780495717362562	3026.628915124415	0.0
did:plc:uc2f5ayy66mhus5zlo5djxyp	0.00457951707004586	0.9538978188071965	1371.4534377427399	0.0
did:plc:uc5jnpkunblpkve4gormxey2	0.00738518347674875	0.79111324162829	2234.53852518466	0.0
did:plc:uc7p7puuejcay3vxcu3rpugv	0.00590230665073749	0.761078985260355	1848.40709711534	0.0
did:plc:uc7xvb2eiyrsuaefwhgikqtx	0.0054444163080366	0.717704389657038	2406.03734381703	0.0
did:plc:ucemecsf3q4nypk55dtzniy3	0.00396063735941304	0.8434345162992705	787.2299864961079	0.0
did:plc:ucfjuilvd3jrqvpb3p4xww6o	0.00712489522335153	-0.350001976195096	23646.4062713081	0.0
did:plc:uciwh5c2qs3xqtjfxdn5jq63	0.00593952484013429	0.6181136152190386	1492.6845878344068	0.0
did:plc:uckmson6fykcu24ergv46mjg	0.00219186088997167	1.8586637071676533	218.61013488484417	0.0
did:plc:uckq3r2va6zkc765knnvv35t	0.00214654920757563	0.8547118159999426	1091.8613544486843	0.0
did:plc:uclalyqxgfxo7xktuvrzbj7m	0.00502103406231666	0.612122225831556	3393.13332745448	0.0
did:plc:ucrzajhdbkdlssoqb5owhn7n	0.00382615520455475	0.2990367265646889	8899.556494256225	0.0
did:plc:ucschfjswlzperrdoy5zwbpz	0.00374173077533595	0.9526417486327391	629.9802674863067	0.0
did:plc:uctkqkzmi5n54ekd2fw4ipxc	0.00897247865027331	0.6187901480735416	1852.1525235163879	0.0
did:plc:ucuwlnl4irs762gynzrut4vx	0.00416068866596159	1.1100537570652182	752.8498621684776	0.0
did:plc:ucwjleevh3u7yq4safl6dnsa	0.00620081087712994	0.7839179927902316	1537.4671846796268	0.0
did:plc:ud34fhalb72sfe6gywayzrpp	0.00726354018747884	0.7018114676077772	3911.5296475284736	0.0
did:plc:ud7fiwatmvsf5gvoyihbxg4p	0.012774751106511	0.6284713430693166	2863.3208521355896	0.0
did:plc:udbyyruasd3p6ylspazcf3p7	0.00556620129832233	0.9297004803942502	1174.654930343964	0.0
did:plc:udfi5ubwtlbvuvyzqazki6yx	0.0104826381401307	-0.330619281473586	17839.4184485975	0.0
did:plc:udgxkuno6zg7clrpt44z6cn7	0.00419449553149423	0.7906957743763002	1483.3065239187472	0.0
did:plc:udhsiwf7vvcoxtyym5t2m5ys	0.0032965783795095	0.7644821965144772	1857.9325512712035	0.0
did:plc:udlc4pqxajuljgj4ryozmjht	0.00493487117765495	0.49006633394328786	2847.9109223652686	0.0
did:plc:udnac33pmf2iwcblpeai5a5p	0.00531381000236634	0.9284462567586897	900.1321068180171	0.0
did:plc:udpqaub4bryi7xum62kytp5m	0.00349702014523614	0.480901664421493	2812.4973005278	0.0
did:plc:udzmpgzifbyhhyynnqz2votw	0.00667177075507331	0.7645513068608155	1343.980586813709	0.0
did:plc:ue3uhkutvmcfgnledwltw4wr	0.00268122187111776	0.1926666590995779	8337.221185227894	0.0
did:plc:uec67uirpmfejpwaiyd3y662	0.00247249015105171	0.5655365085527265	1054.8150273430983	0.0
did:plc:uefqjxxvtk3mar7pnfqplfox	0.00816181689546682	0.40783451733369647	4415.060951387987	0.0
did:plc:uegvz5sgmp5h3yxv4nvf6ct7	0.0120300751892299	0.4174636470617897	3578.7388251451043	0.0
did:plc:uenrj6fk53mgqzqsftpsj2ta	0.00777950656169905	0.6195075759717779	6143.2237185842405	0.0
did:plc:uepfie64ne3qe2mnpmcjrthy	0.00727224646419284	0.494604098483937	3297.38691351022	0.0
did:plc:ueq7sfdyx3t77uwccpcynucr	0.00350204285841964	1.204538756448292	658.5859679441384	0.0
did:plc:uerh36xthm6znnu35vs2a7u6	0.00479696034277446	0.481064672122631	2610.591196894272	0.0
did:plc:uf6kjlhqizy7i7qogzmwbbye	0.00328562041094982	0.8500701331157777	708.6703802717736	0.0
did:plc:ufbewtaza2f5d5zlqv3bc3wk	0.00319883874100758	0.566031665169952	2095.38587335034	0.0
did:plc:ufh2got7ev3moxc4dvubyakr	0.00398031553190816	0.9602121772160578	919.9641753808755	0.0
did:plc:ufi6cesnyqy7ymyk2q65vuml	0.00368119167916134	-0.466028603640841	23968.0884365568	0.0
did:plc:ufkk6gqbqhqgfultnwjwvv26	0.00506512301081886	1.3793950002095328	1353.2911759064382	0.0
did:plc:uflos7o7xpe3ijhmgsrphpuk	0.00478428022622494	0.8186204243565486	1279.338722525667	0.0
did:plc:ufuqds3n2bf7yfe6oigqrltc	0.003788135020291	0.852417858937453	902.6364257137712	0.0
did:plc:ufw46p4u3pvhdq2wrledkess	0.00233933763356622	1.8881371245934595	359.4463872676377	0.0
did:plc:ufwkrz5vizayuo65afep6hmu	0.00218752508631219	1.3595689840094947	503.8820046540408	0.0
did:plc:ugdawwyzrah4pj7vucseert2	0.00952842377515184	0.5570259664788323	3291.752488359942	0.0
did:plc:ughfp4x2ffx5mirc2pw2a3rx	0.00938431854326839	0.3530200969819834	2685.7640792265306	0.0
did:plc:uglr4o6yzyixqnuvvbhnp2my	0.00277366863923115	1.6589588230469032	439.4483546873383	0.0
did:plc:ugmnzvzql3fk5gzmfzd34b4n	0.00321118515477477	0.7253898757329408	407.72849226700123	0.0
did:plc:ugr7pzraost3npaje3ja2i5d	0.00307757937729919	0.9991661352941129	1061.4030294368363	0.0
did:plc:ugubqzlijr4e6tv5qba6einw	0.00810870042052789	-0.3417287910255	24024.3628342258	0.0
did:plc:uguij7kcbujo5n6kgils7zkj	0.0132334582009251	0.6896210901887667	3748.1029438397245	0.0
did:plc:ugxwsqhcwiohknntnkwygfyp	0.00665535691132894	0.8178270637078328	1356.1480278811837	0.0
did:plc:uh5cvbj2rawczkyd3cqbiboa	0.00714017286855766	0.8263465205332338	3869.9568577771206	0.0
did:plc:uhe77pwtcgzicuv2cfzfiya3	0.00748256183152342	0.5222832846453188	1707.8451540791866	0.0
did:plc:uhmakck6jq5mu2kkcpuctwag	0.00600480384309088	0.708889832491533	2714.6878456693	0.0
did:plc:uhmxtkk6lqq6fufdf4pyj4kb	0.00381076308371846	0.60633051712347	2237.10802824977	0.0
did:plc:uholr42vi7e6qeh6rlssl5ci	0.00627455579843012	0.7040317749485906	1398.4430911027628	0.0
did:plc:uhrooexr7gh7kwczlzg46kcx	0.00888985256167614	-0.207501260066228	14739.9679005691	0.0
did:plc:uhtan3cxhlfyezzlx7fh4bxq	0.0022868673281308	1.43535449638763	230.51822431194248	0.0
did:plc:ui2jwb2fdw4k4eacwigeczow	0.00712337071962275	1.284319130755076	907.3506425645504	0.0
did:plc:ui2ny3klqd2movwx52udrvce	0.00660954713129425	0.8105223834285258	1485.3620666519196	0.0
did:plc:ui7ntofkzjcwit463fz5nj5u	0.00642523364653128	0.8715584270190128	1785.5141958079887	0.0
did:plc:uiccij5sot4xvvucircsrots	0.00217683293972868	3.5603983669629695	170.89912161422254	48.0
did:plc:uihhujj6cadrodmuonx7775r	0.00867807893822448	0.236012970563718	6191.57378039273	0.0
did:plc:uii6uwaojabtj66hxjerhs5w	0.00357462019700576	0.8234591765038826	778.6378653020201	0.0
did:plc:ujahahx7rnrvjw26vymimk7s	0.00236423387007384	0.7635281579106369	1871.860422396443	0.0
did:plc:ujcmadcrgz6w2q45slzybilh	0.00656317051778592	0.625585032202232	1641.898141306	0.0
did:plc:ujg5auws5nrtmbzymiax6ifn	0.00664556962176237	0.8830291567629883	2804.551812857034	0.0
did:plc:ujhptyl7gjvz7wmr6pslc5x3	0.00554468362948968	0.0449987815905639	15495.1944250759	0.0
did:plc:ujkj4rarga64ut3kzgibrl44	0.00243344125715132	1.4068410968875107	632.9297577686317	0.0
did:plc:ujmcwwq33dm6f56tmfmyy5ai	0.00486618004943994	0.6954212137998287	1303.3158974616576	0.0
did:plc:ujmupda7be75jq2r3sprisjg	0.00713617220524094	0.8538231305605545	1527.4858969582112	0.0
did:plc:ujoluwyzxgdefilzpts3syhe	0.0118124769354115	0.6779922570842026	4811.427352939846	0.0
did:plc:ujrocllvk4pxcwxia744ty4r	0.00507131537311077	0.27139091199964355	15132.240993572233	0.0
did:plc:ujyajw7pzuu7owcv4hdp7kqp	0.0157016683163994	-0.0893420340700041	18038.9685243682	0.0
did:plc:uk5v3c2qxxbizsbuube6am5e	0.00486641221451848	0.5135295333445431	2515.520105724973	0.0
did:plc:ukcoabzxwea2ax2mm45rbo6b	0.00387028809757214	0.467300335181286	1707.08569180349	0.0
did:plc:ukfqhd37oox35wjlfgtmjnof	0.00355260142144999	0.8592227456393886	2097.1834830876123	0.0
did:plc:ukm4yark6tmktkhdnscir6si	0.00664084117472773	0.8554468231264619	2026.9139386609327	0.0
did:plc:ukq7gndxnzyhm7oyvy2p4q4o	0.00305128908405922	1.2960461800841308	283.3221281110031	0.0
did:plc:ukv5wvbryt5egtfu7jlao2l7	0.00608650608690003	0.40942207982705	3519.97439038024	0.0
did:plc:ukzec7idhxjpgi2ic65tlpja	0.0157760814388792	-0.0606444917235569	14226.7229989876	0.0
did:plc:ukzyde6xpmjmcpumfrbgzwdl	0.0062944545872891	0.6067975617628786	1046.6696335247825	0.0
did:plc:ul2j5tkvoi2b2r55oqteviqn	0.00364436066641664	0.7187531326550629	3474.478335531259	0.0
did:plc:ul4vozyxvw7vfekchx2ksyl4	0.00428483169602658	0.604054303697213	751.0639430951356	0.0
did:plc:ul5ay7rfz6uz6oitjn3hw2e2	0.00356110803041311	0.537384464215895	2386.7284237353	0.0
did:plc:uldn5uutdqaxw3esqzosx5cf	0.00324675324675758	0.8378994913596763	1003.9151237210048	0.0
did:plc:uldplypwcdp6ii2keqd2jnin	0.00786876500852875	0.329868531431861	6707.50057547841	0.0
did:plc:um4hwmfxyadbmkszdmn5gxal	0.00498564737948075	1.475063958611119	936.1312185315161	0.0
did:plc:um7nbqe5io4mx3lkaqwwfq6z	0.0155440414536927	0.361769311102688	5392.55535034566	0.0
did:plc:umamrho2vsxkef6dbmx6m3nf	0.00483844513774443	0.263170440122139	7881.18364600965	0.0
did:plc:umb7um3mvi2feqggtrp7lqzs	0.00531050178882639	0.232947783421733	9140.54756972996	0.0
did:plc:umc2yln6sl77z65gvgeoznjc	0.00226057055534133	1.876872428719868	406.53113176344897	0.0
did:plc:umcci7fqnufomhs2d3j6f46h	0.0062613613429508	-0.189766481620534	22764.4769543669	0.0
did:plc:umekf6jpjiusq6nj76byjqcg	0.00425364832167984	0.6736348652159547	1626.8195264102071	0.0
did:plc:umgmaq6ibcxdaxao5xewlb3c	0.00519530498364951	0.720543635753094	1589.63495608608	0.0
did:plc:umj5rmlns7l5ztmkdvg4aww7	0.00763512156413141	0.710074485344224	4416.47453824852	0.0
did:plc:uml3it7p6aqcfgkhldtlfivs	0.00340971085661239	0.7000585600360419	1709.9031647565002	0.0
did:plc:ummic3u63c6b6d6eo3rjkl63	0.00242600679287367	3.703968305964254	111.11904917892763	30.0
did:plc:umngeyf4yvv2i5fesu3vcea5	0.00482082596898325	1.5812964097022604	169.07337630109748	0.0
did:plc:umw2ray5vqthnh5fyxfddytz	0.00343627472621286	0.7540712372936079	1123.5463156747699	0.0
did:plc:ungdwnfvunz2oh3i3vl4nwqb	0.00299482711693785	1.666695966711542	294.03734055537785	0.0
did:plc:unh4gherag3yrc4fenijyep6	0.00394591067094899	0.7190316249088062	563.8285868819823	0.0
did:plc:unke7df6kdixrbtlqbvcwp2g	0.00612729773858143	0.8943337255391332	2521.414053320141	0.0
did:plc:unpwid3vp3jormtyn6lo4tre	0.00806018270168524	1.157775807467798	1340.6018517831085	0.0
did:plc:unqg4rch4w2f3akfivkcsddr	0.00413467217981921	0.6989024054745377	2507.0143951998825	0.0
did:plc:unvymmgwp4y5vvhc76ltzcsk	0.00535666458642282	0.9092793200809098	1565.133954460498	0.0
did:plc:uo2iz6dk6xfruxp42rdzg3ab	0.00347222222266179	-0.151933703024176	19303.224171507	0.0
did:plc:uodnp6b6fcai4d3beku35uxb	0.0251665433869976	0.5364833803820447	5305.606386200386	0.0
did:plc:uoe6dg7fgmzxuuoka3mcudyj	0.00445997175452802	0.32297347088694556	1798.9550909161785	0.0
did:plc:uojkt5hmipe2asxivjggn5a7	0.0053893532776076	0.5399829389572068	1280.197343591039	0.0
did:plc:uonrnscbn2ldoc7wnhhsj5l6	0.00640384230707167	0.49966720959165	8702.15561987778	0.0
did:plc:uopv2bul3ng72v3zju7xjt6e	0.0110591237852314	0.507221182337789	3853.7953835819667	0.0
did:plc:uorgjksbdjjjif34cbohq6la	0.00748538012222412	0.5450142329352311	3768.936653623089	0.0
did:plc:uoze3veuqqg2x222wcow7v7m	0.0058470764639939	0.376325059581996	3997.58426587839	0.0
did:plc:uphebv7z2ixvfux3txefwbqq	0.00714187611713182	0.6557411964622308	2541.5058458168305	0.0
did:plc:upjpbrcsjo324tvcdatwddhs	0.00227937495065853	0.6735539059936816	966.4877466690131	0.0
did:plc:upkaglprt7hct7w2xr2b2jro	0.00390965460597722	0.7679894294785461	1003.4524202481846	0.0
did:plc:uplkpubfx22vexa2wi3l64fn	0.00476277706622748	1.0687464335249257	564.2778998482371	0.0
did:plc:upmws6ouf6hzsivlp3bpvzex	0.00469656506210673	0.6966958987396676	1241.147116804532	0.0
did:plc:upr3owqxjzfwri7eaw6zlppm	0.00220576650393467	1.1334253892274235	358.86719818045987	0.0
did:plc:upv44szekk6wmw7miplosxcn	0.00837628866054366	0.250331135744431	6734.98749346931	0.0
did:plc:uq3szjkhz423ej3fhh23r3n2	0.00755667506808868	0.3431340254365199	5520.501851705899	0.0
did:plc:uq52aljwhklzthkfssdlnube	0.00442179420024847	0.729329360695726	1551.169216208074	0.0
did:plc:uq5tyv5xxfpshnzl6c3ich2c	0.00317516316822344	1.042232009690015	824.1213855837425	0.0
did:plc:uqhefpe2uv3il6bg5nggkycg	0.00266869996207685	2.206858631892529	334.11816222447464	0.0
did:plc:uqiy36fssc36h6hehdpckl2w	0.00379071009109842	0.8299058717342369	1840.0654106751224	0.0
did:plc:uqj3qefh5mr3tnayo25ugxil	0.00615258408722207	0.09085161133960655	12866.002061548406	0.0
did:plc:uqk2g2w7z5n5z4hpdbwgtlxi	0.00921289806009374	0.2722815098050266	4628.829974417641	0.0
did:plc:uqkoa5mq5wqjiuv2lit5b7sz	0.00699712749631957	0.635729172150543	1289.23061492694	0.0
did:plc:uqloqqw3kxratvhlzcwxqszd	0.00712807542085749	0.7935457755533623	4203.505890648655	0.0
did:plc:uqnplxb2col3qkcx5iys6oa6	0.00483383685816487	-0.155983512629488	17148.1644937855	0.0
did:plc:uqpmjrpr6u37eopxh42bbxy4	0.00726127747653378	0.486596800770358	2242.90088351188	0.0
did:plc:uqq3gt2mcx46xzclid2izruf	0.0067278287476314	0.8343489458908399	2675.2648677356997	0.0
did:plc:uqqzjnzt7qmkdd2e5i6so4g7	0.00224724839762881	1.0839522158548922	462.52876998924205	0.0
did:plc:uqtyghex6qaez5ytme5ub4ck	0.00407312683532885	-0.138232079468188	15210.9853914343	0.0
did:plc:uqu5m4ocwn53upz6i2deqo5u	0.00600600600805688	0.39957308984664935	5461.523537299626	0.0
did:plc:uqvlxwq2lvhki66r5nojcq3p	0.00308333333346071	0.7565221349844828	5296.456284914301	0.0
did:plc:ur2rcygfdy6frzadgmfp4pny	0.0076906643928031	0.8239408068642271	1882.1862098970635	0.0
did:plc:uraeimvcukb4r7327szof3cq	0.0359477125653275	-0.217243885183662	18667.2233153237	0.0
did:plc:urcgyckcmwat5ypg3nxur2k7	0.00531820599243899	0.8750316777016598	1543.9777539916229	0.0
did:plc:urfeshmwlpukgoq2keunzz3t	0.00327403688758783	4.070777140113741	85.48631994238855	21.0
did:plc:urhtkh2vxpqz76kc7wrhxoug	0.00856164383912608	0.7039896599122689	3162.7101842508755	0.0
did:plc:urprotmysvvr4jfqstrhsyxd	0.00457563014191094	0.9074958430655176	826.045527944602	0.0
did:plc:urrt5nn7cp2hyop3wrn3ytj3	0.00893817760798186	0.49294092540036	2678.23755259845	0.0
did:plc:usccozhvhqwwbeef3qubec3z	0.00593983521959561	0.6238514823363314	3675.335234762028	0.0
did:plc:usey5ybzmpg5fgzn55ay6xfp	0.00281690140862008	1.453330371312042	570.3889590608088	0.0
did:plc:usglohqysqawyhpspgg3hemf	0.00342283859591547	0.805724620862135	2311.98745695377	0.0
did:plc:usjkd2y5yrlda7evj2hqo6qi	0.0110991765528477	0.05275936257239347	6025.674032475975	0.0
did:plc:usoux55craowje5hocxrvr4p	0.0105596620926784	0.5399535702047595	2860.285038786042	0.0
did:plc:uszjfzwna546deepvdyh44lc	0.00557731102419196	0.493757127706826	3169.28094870227	0.0
did:plc:uszmlwqr2vwqufp5vhrh7ild	0.00307869040845152	0.9851426867419464	1074.4893672702933	0.0
did:plc:ut2nssiyhamrbtg56n7zsghw	0.00368657416753444	1.017156227677168	1325.9215062946464	0.0
did:plc:ut7mv4umw2ypuy4dssvmoepg	0.00324398156063452	-0.284453551161693	20749.0818683076	0.0
did:plc:utacqdbqkznxplviompuztfk	0.00491803278763861	-0.36228636151875	15155.1954872508	0.0
did:plc:utbkqr64fx753ggrb3gdmqov	0.00624683437629276	0.6976105230363847	1242.9830243800488	0.0
did:plc:utqvcvrtodc6hfycu3mmrfcv	0.0151114469369107	0.494624374162355	5363.81092423849	0.0
did:plc:utsrjrf2p4ieflvxptd6ip5x	0.00443302280861594	0.7605989869843681	1866.7463945681584	0.0
did:plc:utv6x3wob6smk3uhqzzwk7ds	0.00595144871001762	0.44654393062993114	4940.346954179117	0.0
did:plc:utvqk35mbassrbjpr5h5gsts	0.00391366570315699	0.8076110834188246	1378.0499124939495	0.0
did:plc:utw3m4h5idykzy73frcwvbyr	0.00623028997952908	0.6744738046247355	1751.9083140955995	0.0
did:plc:uuf7hspqc7xnetx64wbuujs7	0.00480665370493618	0.510582107828366	3594.92687305324	0.0
did:plc:uukol3aqdpxl7cal2ed434k2	0.00533969011020223	0.8171069829972876	1450.2487528203048	0.0
did:plc:uum4zhj7fyzwl76cimucf5zp	0.00524440926244403	0.8875086181819435	2571.1581003479805	0.0
did:plc:uurbqolmugmtepoblpmfdphz	0.00402900886409704	1.3760369071746124	536.6541386259922	0.0
did:plc:uushlh3qpavstvm6ksn6bfke	0.0034673905609269	0.8043137054689911	682.1543455176871	0.0
did:plc:uuwgskxyiavshovv7r66fdo4	0.0049586776866851	0.6757211630725305	1523.1817406011305	0.0
did:plc:uuxmnmoqnxnplb3vj5tjyzg5	0.00451818960914014	0.68994831697473	2558.54626523906	0.0
did:plc:uv3h2sgq7inp3ueomlub2chc	0.00545966889804713	0.6655322506181583	1966.3811923548392	0.0
did:plc:uv7w727rx7w47bidtifrroub	0.00494471915121215	1.0111750938629165	868.6887831045603	0.0
did:plc:uves3nrcrj6kmwqulc2bimzm	0.00310248646403615	0.7966728118078202	458.78616448778416	0.0
did:plc:uvmb3tccxlxz46zob3rx32sk	0.0068115471945714	0.713195347115614	2697.85932732323	0.0
did:plc:uvqqjp2x5bx4yqa7zos2cg2f	0.00239961606148679	0.5731675656540175	3066.587424011705	0.0
did:plc:uvucjnliti6d3iujvsanvyxr	0.00256950511336059	0.8263981355759675	734.7493191139453	0.0
did:plc:uvxdqqyt3rz6o7ygbprhd3eu	0.0032797961745653	0.8383119010843633	419.115144599716	0.0
did:plc:uw4rjylw6rcf3roralhdpkyg	0.00638850070044302	-0.282710418074908	24126.0649633162	0.0
did:plc:uwaaxi6wp7psfyc5il7pjj4g	0.00806275877518077	0.40104673889821	6222.42740584431	0.0
did:plc:uwhav54qnmcz7emwiyqwyygv	0.00462633452048104	0.472990923179578	6202.86692303889	0.0
did:plc:uwlboa4ea5zdnmw4tk6gktjj	0.00820344545108047	-0.149783406131956	24143.9971470888	0.0
did:plc:uwmtyllehgpdjqoitwciny3m	0.00602296254673508	0.931347614024326	1788.2926035113633	0.0
did:plc:uwqah2ep2aznl62iraggll4l	0.0115779027809645	0.37904704607359657	9840.246295793331	0.0
did:plc:uwu5ua5ad6byzkdermqwrkl4	0.00374251497040833	1.214344555139991	561.9278977780831	0.0
did:plc:uwznf72qerfkxkb764jycpdd	0.0028569280506845	1.0456501277061034	1448.3809127416193	0.0
did:plc:uxczscmia4kafyavugzekxb7	0.00436187399052443	0.8090902789348344	1791.9238654981623	0.0
did:plc:uxep5uckhrgjpu7gmodlkej6	0.0042076790144438	0.49183631280524137	1774.0866214151017	0.0
did:plc:uxfr2qucpzc6lum3iyguhw44	0.00628683693695248	0.5965586217129241	3228.68564075932	0.0
did:plc:uxm2v6qf5ljcgapotrb4vgwz	0.0072550081224351	0.9143529482433591	1430.1053545958125	0.0
did:plc:uxoxnmmz4zhre323sh266psn	0.00455901856858899	0.8159737446132894	3243.6326180380215	0.0
did:plc:uxp47xg3bjtbyppf6vnmdfbo	0.00202894630057428	2.040383752153102	739.4541150858981	0.0
did:plc:uxyyegscu4qit4evbgiswfhg	0.00401767778252182	1.451077307784161	362.12365213420395	0.0
did:plc:uxzs464s4b6zadd37lczavkg	0.00285257165539229	0.8512443151960254	405.6831872959815	0.0
did:plc:uyd4x6r3bpng6gei4cx5m5ho	0.0102293351034822	0.47917051495371527	4021.645962173463	0.0
did:plc:uyiualzi6o4k6dezmr4snj3l	0.0100662902145531	0.641913854737614	4159.1046202529915	0.0
did:plc:uystm4kwtvfxaknrb3odrjhf	0.00302206104566026	1.4961163207648307	489.18405910091576	0.0
did:plc:uyyxyfospq3wuyhdeakbznsg	0.00300651411405137	-0.27709041893349	23856.9619321844	0.0
did:plc:uz3hjj5yhkrjinhynqb3w7eo	0.011828935402442	-0.107178120118989	14802.9650302674	0.0
did:plc:uz3ruesfsccca7jqraiggumi	0.00427402613284842	-0.258373349727089	20221.7982316949	0.0
did:plc:uz5l4n4mvrdao272ttrw7ngp	0.00474458326760447	0.831950878706666	1234.6224708800075	0.0
did:plc:uz5sqdubxbh4jnki64mmf7na	0.00776531493137321	0.6572029462802461	1806.6446857499166	0.0
did:plc:uz73bxkkdtw7bgeb35wfstkt	0.0054390054395598	-0.586273074073021	24225.0903083518	0.0
did:plc:uzmpfxsdeikywmatkgcpgyh2	0.00852338171284096	-0.80744602862877	31601.1143060612	0.0
did:plc:uzmz7p2l26zdftgbxstjuxq4	0.00689843590053513	0.510862944840096	2869.016258863	0.0
did:plc:uzshcz2ywad3hthadnn3htoc	0.00602798708491309	1.02244934693695	2312.71685621949	0.0
did:plc:uzvwo6e6dsaecdqyqyzeijzs	0.00635424940435827	0.6466646699871016	1422.334058186909	0.0
did:plc:uzwynznfsovoan2zfrcxbuy5	0.0039093309560331	1.0123222593229693	648.8455048342663	0.0
did:plc:uzxue7n2nfh42epjqkpkubrt	0.00288698837459599	0.9123703744233939	381.0396567826127	0.0
did:plc:uzzzovdjymwebrmth2sgq5po	0.00642756138488084	0.646761303165515	2421.29548751216	0.0
did:plc:v223sejcl2m35i6csjxdsvii	0.00767106474867579	0.46938193438592823	2004.1716594222942	0.0
did:plc:v26yk76g7xy7lco6pfseh6ub	0.00253281604925656	1.3198081746619177	373.0404872200182	0.0
did:plc:v2hj3xiqip5c6dzes6vyq6pu	0.00318035296529798	0.576603434495143	389.55607905232006	0.0
did:plc:v2kjh3cuhmpz4hpm4kk46vvb	0.00739371534742413	0.7699239309107087	2130.5358941060385	0.0
did:plc:v3cabwtpzzrcybyi25cvoio7	0.0096649484560436	0.698608165455973	2997.65020146747	0.0
did:plc:v3dlvvkdgec66lmqevk4tvwe	0.00649008945961121	0.6031077447944327	2892.9799807282398	0.0
did:plc:v3ioqfa2dobq7jk46yjwmpnf	0.00639269406562432	1.0203093407737598	1633.1405678894105	0.0
did:plc:v3noooabrxwy24rpg6ve4r6l	0.00415102922906089	0.69894243638781	1306.6546412591888	0.0
did:plc:v3z44c7cazjojizgjouqpuis	0.00639970744363726	0.4696018386013562	2847.9878192943575	0.0
did:plc:v45fgatnaw2ijmyiwmvw7frk	0.00724637681275573	0.710350119924089	4436.67271661022	0.0
did:plc:v46nn4a5keoxcnjradofoos3	0.0050387942568063	0.7013423202916705	1668.8172315977806	0.0
did:plc:v4b5krs6zdhmnctvbn3qpply	0.00393184797004129	1.6288669705176229	627.0440897760999	0.0
did:plc:v4g4efszhx5xgxnyivblqx5k	0.00603032391656758	0.944109073879493	2825.6396453635093	0.0
did:plc:v4hlrdoriduqceynnasyxlcz	0.00370807348727743	0.7218962749372636	3018.896916997979	0.0
did:plc:v4sqjuimbtyadxcqkpsa4ckp	0.0043541364298268	-0.0877536341683653	16124.3558620554	0.0
did:plc:v4ttcavt5dneie3vodwhwyw5	0.00222243540554729	1.1279171284579175	411.537085071725	0.0
did:plc:v4tvooom26wjflr2qdl7p5gs	0.00371241183200532	-0.178920160888418	16251.5503539674	0.0
did:plc:v4vezdb55dllpfmx55333ujj	0.00602603246225845	1.3149503946086285	717.1867948838153	0.0
did:plc:v4waqfm5adqzh445iepcqrc6	0.00359586743632618	0.8670656495301869	796.4439036930312	0.0
did:plc:v4z3leu5pw5ndv3m2y56yade	0.00779618544249551	0.6482036958848636	3195.8626960438796	0.0
did:plc:v5iba35hadguzjet6oucevil	0.00692880651440824	-0.180064008371879	14009.0477320235	0.0
did:plc:v5ileufqy624hirvyitppnuv	0.00605487228203892	0.3437896187469084	7861.008869849625	0.0
did:plc:v5nc7sqoxcfbgwwjg7eef53s	0.00342185524110568	0.7713959903332471	1552.2743269024743	0.0
did:plc:v5ofuhktvvquyegi7d75dndp	0.00666767692223967	0.6431372974924291	2985.716798186256	0.0
did:plc:v5sqkltvhhv6stadfzvqsmbr	0.00798258345861712	0.655352537521221	3419.57499200919	0.0
did:plc:v5vddenlnt3uyuoeaglvs36w	0.00445825452682082	0.329416096687406	9864.2010571082	0.0
did:plc:v5wiif3ghxxc577bvfaycdgz	0.00593450069814847	0.539753365423913	2835.05738647478	0.0
did:plc:v67opitqsu7mt3xsqivdg7ow	0.00606389718725769	0.0963207980447332	7747.96511467433	0.0
did:plc:v6hkwlrkoi34v4zsanhwft2d	0.00346585117271527	0.8795673474927103	890.0349828170988	0.0
did:plc:v6jprbkjprkdh2imajxnowuj	0.00499540652345605	0.8380978671191152	868.9876108260676	0.0
did:plc:v6kiokx7kagl5idhh5bebizd	0.00365651602619857	1.2618727767318194	377.2565494692393	0.0
did:plc:v6mbugwh4smncxyxbvywnloi	0.0111750762015658	0.46615900459767	6399.24337211058	0.0
did:plc:v6s2m37smtf3i5yni6zfiybv	0.00918422474622207	0.4970336168375301	6674.014171618262	0.0
did:plc:v6xsp77ywo6bireftqz7kway	0.00403480015158133	-0.31678765470065	25977.5547038607	0.0
did:plc:v72h3umuc25hlojedxb75orc	0.0144800351211553	0.384712170838367	7518.377999227937	0.0
did:plc:v74ba2gx3vas2alzeflap4cp	0.00394793000456351	0.6860283594948956	980.1640011777964	0.0
did:plc:v7ddg6zrks2yj5fl3ol2qgjv	0.00376956486144051	0.9395663123132211	2556.5019594802397	0.0
did:plc:v7dg2wu5nyq4uzdh2ysvpjxw	0.00511481698612316	0.7450823812469057	2331.5189807118377	0.0
did:plc:v7lcupujyjlqkzw7x3amzl2m	0.00899965386248631	0.51227482694806	1975.31542032577	0.0
did:plc:v7rewc4ewamzui7a7q5p4gsf	0.00833333333714116	0.5343701772525064	2890.7315470820076	0.0
did:plc:v7sc7xdyvj7mssp7q7wsvdkw	0.0110864745091638	0.3207717474803563	4950.44924691647	0.0
did:plc:v7ulksg7z3jdlns3nqsqyyfd	0.010782347049882	0.6444281742811326	4930.838765130001	0.0
did:plc:vaged6uocai4jrd2s5pd2ebo	0.00477036759974183	0.23251481465503146	878.8165938310234	0.0
did:plc:vaghvo334agmrfo6wvrpa37u	0.00296577946782455	2.033491389174749	342.3262971921931	0.0
did:plc:vagvnxywiqbnrog35b2texvv	0.0105688529779065	-0.522213061548265	26522.4018154335	0.0
did:plc:vahxxhgi46qgjigkfdqbyhdf	0.00265280135843931	1.3964680275985988	743.4553582380605	0.0
did:plc:vai25padgfv2ci74hnahiwh4	0.0120259019741778	0.458629713345722	3720.20632094545	0.0
did:plc:vansg7sm4fsrj6eckq4xf3tw	0.00237137849268695	1.813393794587013	358.9483596094274	0.0
did:plc:vaqwhe4vwaijafi6nkicn4dq	0.00267758702177722	1.1986335544892215	1857.4349859952003	0.0
did:plc:vateqksz5aksd5pco37xvdbg	0.0151447661627567	-0.137375573206327	21592.0821639365	0.0
did:plc:vawhdyqbbjaz776i5r5sshkb	0.00899634523535293	-0.274081473641085	26791.4988732739	0.0
did:plc:vb4xqvhjck3622o2wohq2lxu	0.00256110054153572	3.341617384172782	70.17396506762842	21.0
did:plc:vbkiziuhvc3uj2bfv7xsmooo	0.00861295532374122	0.5946947955174271	3409.1907224057395	0.0
did:plc:vbvjfdid7y3fppq55nxpyyvw	0.00342857142902862	0.561124045766805	1589.78974258668	0.0
did:plc:vbwaroimog2b7py4oioufq4f	0.00531914893676347	0.629872482816865	2114.8656512936527	0.0
did:plc:vbz5nkrpwo6ja2wi4lpf4lvm	0.00317136498527983	0.8364885592493133	578.6621178605207	0.0
did:plc:vc2bcbrcwuf4js774djvfykr	0.00582627118653064	0.762551268854344	2050.615856800881	0.0
did:plc:vc46qfk36nlr3hpcfyjf5paz	0.00604465243256559	0.9877995667300163	1259.3300750954363	0.0
did:plc:vcco63v2fzdhsqh25wn2iccu	0.00434123484035298	0.272492440334302	7239.37967547012	0.0
did:plc:vcealrmogrqanjkwqsoyjslo	0.0128301887051982	-0.184181377868076	19579.6427468265	0.0
did:plc:vckf3haopb3yncclmf7o2m3f	0.00510586152970733	0.5932234002315468	1006.6096025908464	0.0
did:plc:vcy4rwxgl6yxst2657jikmph	0.00589925881323804	-0.253114549487823	14892.166868655	0.0
did:plc:vcytrxdceh3vevf3j3bads7n	0.00893547555940449	0.548861503953101	1960.11731162558	0.0
did:plc:vcz7lc5gzcd4yilv3hyy5bc4	0.00520135550540302	0.9232171710731764	1322.1061203322918	0.0
did:plc:vdblmhicelyjbpwo3leyjc4u	0.00441441135627254	0.8019177156098994	1028.2240159964208	0.0
did:plc:vdclofrjbrav6gv5fjeu2hrh	0.00513622152812759	0.6712538474767382	1379.2351130108377	0.0
did:plc:vdm3ge7s67nbzarv4txvabzz	0.00346093340369521	0.9666978537532669	1496.7190476512253	0.0
did:plc:vdn7sjsz32l5ecrdib6dfetz	0.0066287074096609	0.444492090038344	4724.62053008483	0.0
did:plc:vdpnsql4nsm7cxlt7wm3qhh4	0.00665828216470239	0.559259835825499	1662.4389004200718	0.0
did:plc:vdrtnf36fzragowqjdm4hwge	0.00777604977141119	0.7084777352137758	3542.7470775543866	0.0
did:plc:vdts3nwhhh573x5osphb4po4	0.0070325427481001	0.2919476257993986	5177.634417336003	0.0
did:plc:vduoyby2ge3bzmk3htia54kr	0.00691085003589485	-0.422347133275153	24559.1995970762	0.0
did:plc:vdvqkslkxviylkpbxd33vejw	0.00296884800348865	1.3195057914990942	424.20064191251123	0.0
did:plc:vdwh5r3vir6ezicoz274jrjk	0.0038515855697116	2.576316110803273	262.6750875824808	0.0
did:plc:ve5xhnp3hh2u2oe3orm7fz27	0.00218491260357281	1.9174783411351257	691.7736872193651	0.0
did:plc:vealvkbyfa6x36x3skwbz24z	0.00573465592300465	0.7512467099890686	4000.113967961756	0.0
did:plc:vegcjpiqy57df7ui62tsgvds	0.00395337741151364	0.8184119078628245	1119.255577042966	0.0
did:plc:venazzc4qevyqgyoaldonybg	0.00369585303585329	1.6732997368754658	307.3447272117064	0.0
did:plc:vetoklwxbcvudb5rqeyipkno	0.00573457127488867	1.5274936058796005	740.1649382451463	0.0
did:plc:vf3zr5ihsr2l6c3k2j66dbga	0.00821767714056792	-0.120387954202746	13346.0315552355	0.0
did:plc:vfffihwmfa5dcofarra5ma7q	0.00730737212099694	0.7272078462094482	1229.7301153800486	0.0
did:plc:vfhyclxfsgc7t7b52cnc2mz4	0.00268464854796045	0.6491793318122774	1268.0345574542587	0.0
did:plc:vfjvj7k3pwvhuh6qodq2up7a	0.00307207562045181	3.5349682303007053	109.58401513932186	31.0
did:plc:vfngq2oeao2aq7aha4jpmehh	0.00406205923971716	0.193433931007758	757.610980764429	0.0
did:plc:vfq2agslg2sbjzekt7tnist7	0.00447540332868403	0.856697087648751	1232.836949090491	0.0
did:plc:vg27v7brvq54hy46ozycmvej	0.00308761096102399	0.7754583601484591	2469.5477346371035	0.0
did:plc:vg37o7v7oxo7537z623u3qgq	0.00333136972119936	0.5224833242122383	1557.0250088868197	0.0
did:plc:vg7kwh66etbl2dup6jow4wqg	0.00204904036619051	-1.05920080719187	45879.2829635158	0.0
did:plc:vgdt3mmsebq36hvqnur3vqmx	0.00841705133533472	-0.092120838718463	16249.9396868078	0.0
did:plc:vgdudujxsricdt4pnoy4lp52	0.00632673043784407	0.7704113936997772	1352.4946583349986	0.0
did:plc:vgfkgyp5fiafr5d4htk4wilu	0.00610997963534805	0.8361745808185231	2778.887622772613	0.0
did:plc:vgi4zvwd74hao2bwmb344xfx	0.00281717743335323	1.03275119444953	344.96050145231106	0.0
did:plc:vgimst4h2m5pysv4ee4glprq	0.00660445082709419	0.8899597156910265	1521.475582890385	0.0
did:plc:vgjroyhzhn4gjzuioddigbox	0.00245673418162392	-0.288157533142202	17208.4040846071	0.0
did:plc:vgjxrcwceswbvan4xubdtuav	0.0113277133900578	0.301038302650649	6884.14668308204	0.0
did:plc:vgkirkwivck5nbjsgs25s7d7	0.00220143093011958	1.796885816276558	136.73766398723046	0.0
did:plc:vgwy2b3rrcewfdazrkanjbg4	0.00381838378228322	0.8420902274640191	895.0619729141163	0.0
did:plc:vgziyctu2qwak3scbz3mdorp	0.0151836158348515	-0.197359456987783	13952.6936740828	0.0
did:plc:vgzp5mjg2fivpmgr7ca6vj5g	0.00207468879677191	2.259720031973707	282.1810431183991	0.0
did:plc:vhhfsyzoqi7hfbjc662iquf4	0.00792891319649585	0.8029728665718757	2651.178317374666	0.0
did:plc:vhllgaxgmxsf34tienzxkdfn	0.00777851022222281	0.2049238616758687	6071.621682038518	0.0
did:plc:vhov6fumlg7cetxoqoib7pdv	0.0133185349843497	-0.00923270036917505	7163.29744737054	0.0
did:plc:vhqhnpgk2ujxxhdywa2p7tks	0.00861850445319621	-0.488362525030627	29605.9467111719	0.0
did:plc:vhsh3xabkvmwxv3pnqm7ikxg	0.00214616514184151	2.38487197730814	217.51028470461452	0.0
did:plc:vhtgu4qhc6gwbyzwkk2r4ok4	0.00333507034923984	0.8656868010079961	948.2837877903609	0.0
did:plc:vhtke4indgrmbhkqcfmj5oiz	0.0064317941909177	0.8086484127894201	1233.6404195602136	0.0
did:plc:vi3hr4f74cc4fualzzhukhpr	0.00881801126024647	0.458335294404849	4156.94972834584	0.0
did:plc:vigjrjdxctfd2xk6wnxgohq4	0.00445677766667561	0.7559450685178032	1723.8279844742885	0.0
did:plc:viln4moacon4yteffpouyoxb	0.00503759677071163	0.6460995924171677	1134.6008185859614	0.0
did:plc:virdhd2fozccoyzrkhxxnbvw	0.00608772187375961	1.0664753039426045	1134.8672360425069	0.0
did:plc:virqvklzkz36sqpnxfr6kkre	0.00438022640758129	0.6510416151553088	1388.604151061207	0.0
did:plc:vise7kq5ksqholbwlsj7jajr	0.00345079301922838	1.4205860069002492	458.6837456354647	0.0
did:plc:vixwqlvbxg5w6zjurcd2skzv	0.00539606035262154	0.8840121182309851	1846.3833223381123	0.0
did:plc:vj2nwlvwybwyows4bgzut54a	0.00406602743078325	0.842009320673209	1081.309290799688	0.0
did:plc:vjbbhtppe6w46lzxr3evwvs5	0.00501405455038691	0.590589626551083	2699.80636633812	0.0
did:plc:vjem5hzzzc7l6qivsymoaeyn	0.00747637184898575	0.651920433232896	1420.2788361065705	0.0
did:plc:vjeuo5yscs73t7xe22hcncvk	0.00436469447160406	0.7584363255743305	1581.012516451781	0.0
did:plc:vjhvseag2wq3m7ndthzreow7	0.0107091861107963	0.8333707553089166	2432.9286390535135	0.0
did:plc:vjmmwldh4q2ttsdulxkma6ln	0.0098765432212842	0.467422855876018	3403.87390097412	0.0
did:plc:vjrdjt2hrbfnwibkpgq3n2uq	0.0154320987803298	0.5636580463713643	4917.353254511656	0.0
did:plc:vjw32gukji2z62pn3tvdfah4	0.00547112462060531	0.3066951545904896	4544.145068862852	0.0
did:plc:vjykxf2zk63tbvtao3ilfwne	0.00258302583048156	0.926550391126499	677.482950786638	0.0
did:plc:vk3e7wakwbf3woydgwu7vyco	0.00434801704093287	0.5904445897065705	2493.7935195884784	0.0
did:plc:vk4tv62umcazajrs2jcacm2z	0.00396781659875763	0.528273279405876	3215.04831039157	0.0
did:plc:vk5uxyzxkkrybpwvmuheivpj	0.0082143555682247	0.646999625860591	2877.48556801202	0.0
did:plc:vk67utkfnfaxrnhe2bvax2c7	0.0125391849532005	0.742981882780926	2909.99217497007	0.0
did:plc:vk7oauzy2ulf55jjk7dwr243	0.00802306631992736	0.242141934305065	5640.82034261834	0.0
did:plc:vkedlhbxg2hlg7axyqz7g3wa	0.0108588351517135	0.099233599305906	10626.5057968152	0.0
did:plc:vkekucq4wruck6yhbez426ef	0.00383740761828727	0.8795372209921174	823.6808309624813	0.0
did:plc:vkflrzaxmc7oncgb26tboaqq	0.00201464491885323	-0.0869721622750764	12809.1939853189	0.0
did:plc:vkjdesbos46pamfph3gdwdvl	0.00802292263627396	1.39505630111762	1063.0655496262652	0.0
did:plc:vkmsx26gyhzju7z7v4xkrdpx	0.00574712643912598	0.7167062540603039	4311.954767415408	0.0
did:plc:vksp4kdt6b25fe5rrmoeopgd	0.00530914386322636	0.6557834646547838	1105.3896408367032	0.0
did:plc:vkustvm2sxwqx6cmmxbxhxh4	0.00249660954264629	1.4050779851696966	348.34025973861367	0.0
did:plc:vkxvchjaproiv25lmkbzomff	0.00473299722278337	0.8901523265508277	1794.1404455771833	0.0
did:plc:vl6lox6jscyjorhf3sretrg2	0.00302158974622473	0.720882307620286	1524.7336452203197	0.0
did:plc:vlaepq2aogia5sswcgcrsirq	0.0141294439418966	0.6105031122711616	6042.105441983471	0.0
did:plc:vlefprgtojul7nmxn44p7ufs	0.00633443578850447	0.566951528148503	1431.6808008405005	0.0
did:plc:vloirphoaevj2zigferjj6d2	0.0145199064126423	-0.145148683426234	17560.5516375968	0.0
did:plc:vltsowclnhy3dh73u2blz73e	0.00508366023605045	0.7037349056141604	947.8900715226406	0.0
did:plc:vm4ykyu73hzwchaidhzwiw3y	0.00625441339655289	0.5167572356654391	3521.4862795919553	0.0
did:plc:vmba3wnwga6a5wqigw3zl2lx	0.00211503251476467	1.5881341578870394	211.52511920785523	0.0
did:plc:vmdv3ox326sepfkfko7nandi	0.0037976234230943	2.00178370728424	469.256568930735	0.0
did:plc:vmgvyoepkmu6kkyizi5ez66q	0.00490021382827423	0.9459059663991404	1126.1667229877767	0.0
did:plc:vmh434xal5xkyp5qzimzzy45	0.00373925332712205	1.0444199544240989	575.3574764933002	0.0
did:plc:vmk27eebqnuq6klbzgvh4u4x	0.00447587724821662	0.6738628774978118	670.8639631249788	0.0
did:plc:vmqaqj4analzfkfnaccgtrrx	0.00380083618429266	0.8742617104647605	620.9564556289884	0.0
did:plc:vmt7o7y6titkqzzxav247zrn	0.00418888042655344	0.715762007854899	1023.9580112917425	0.0
did:plc:vmuajlfaaaxdwy24fsnuzn35	0.00203126923552375	-0.814322397359723	31668.9315254928	0.0
did:plc:vmvfjiq64l4zjxj6omfqalwm	0.00504795557868669	0.64745344149223	1657.0152594742	0.0
did:plc:vn3cruuaeuu3f7uiw72ewsby	0.00523338048152858	0.864005675299483	4614.409482424389	0.0
did:plc:vnb2gmg3qupnsx3ijqcqoanx	0.00941046223295827	0.12991649351338913	7492.750616576671	0.0
did:plc:vneuylgbcwpyhb6iazhidtzl	0.00531144374757801	0.4756076495914675	3976.8291889171587	0.0
did:plc:vngylvy5uaveg5vo746wdn7n	0.00278043879547548	0.8355992310847313	1202.0291901270314	0.0
did:plc:vnjkbpezk4wqvds7v45lmvqr	0.00521966072268142	0.7634780007098845	1551.8089122970898	0.0
did:plc:vnjo7ikcl7mc6xohvz3qngjd	0.00693819863938198	0.7660225903661693	1068.1320961994682	0.0
did:plc:vnnvtufz66takmbsxbdplstz	0.00448650543387518	0.5019344572110284	3405.1328906086706	0.0
did:plc:vnpdnlarb2za4jnhhhtndjz3	0.00826165686221532	0.26628515307300593	4867.625832524561	0.0
did:plc:vnqy25nt5jqtskfieukwmzbm	0.00632608580261331	0.566016574615243	1403.155863835892	0.0
did:plc:vnugkkp3sgjlbk7ztb4fyrin	0.00474508938508227	0.5515214307338584	3794.1968546761823	0.0
did:plc:vnvlbi7tpevsbnr73v3xrwjr	0.00433275563280432	1.1806442583874304	1729.5949589082581	0.0
did:plc:vnyn5n5j32grgqzjkonouao5	0.00390864500337033	0.5166268494858566	5523.906640530859	0.0
did:plc:vnyok56vsv6ccsyudyvlgxfq	0.00363170262802607	1.64322963002396	417.10822508440646	0.0
did:plc:vo5pouxyyh6xisdhitk4e3df	0.00546002259374484	0.520980582145681	2467.627996461702	0.0
did:plc:voh2ygpcsirbigpblifzl5cf	0.00693730729834472	0.781217300813822	1998.644161725914	0.0
did:plc:vokmnsadz4gpuqxdlwvp43kv	0.00743955363214606	0.8653576311474616	2362.9054880236827	0.0
did:plc:von7dlxw3um6xzszsecvdzvz	0.00583872495094836	0.5975744888162559	1965.442449422743	0.0
did:plc:vopm2pcuzfmormkxlithewrd	0.00887802367787561	0.8243026623880673	1601.7359410611723	0.0
did:plc:voq2grvt74umlmjiwk3vsjhq	0.0224514564314673	0.7341926493177537	5169.743706271474	0.0
did:plc:vou7hbazjylqkvck6bnrjjpy	0.00686432014026212	0.17705530687290227	6838.898938985197	0.0
did:plc:vovqukx54xet4gnocilmbdzu	0.00917197452514456	0.5724035346135586	3523.9636649666386	0.0
did:plc:vowg6ptimhcdamrazevt5abo	0.00552104899931411	-0.347676974248826	19590.601208839	0.0
did:plc:vowqeqyyl2xv3one3ysjpwha	0.00526102792453087	0.6881432409182371	1976.7519951273139	0.0
did:plc:vp4om2o2jkltf6k46wnitrqw	0.00204704337424107	2.237234258371381	300.98592106000694	0.0
did:plc:vp7cwkrerl3piw5psvqidkwj	0.00422372968154046	-0.425758983058554	28525.2006260554	0.0
did:plc:vpglhpdjrlu5i37lhy22gjdg	0.0204439253936633	-0.381678511223933	17442.4778125648	0.0
did:plc:vphxy673txvtwvbtecjf5bql	0.00741509713885597	0.648040944713161	2651.49683430118	0.0
did:plc:vpoeovmcdz2sm26uk4zxpfyk	0.00471667635932335	0.8686874787245935	1084.1219334003058	0.0
did:plc:vps6gnmaujivq4ngvifunv22	0.00442811381298483	0.8248894800204087	1583.1141044701149	0.0
did:plc:vpyemcmve2oollhc4vnblazv	0.0045177320994631	0.15229967471536862	12585.906807885262	0.0
did:plc:vq2kf3r6badyvz6bn42foysr	0.00496462703312619	-0.161571567657564	16333.8395937814	0.0
did:plc:vq4dw7a6umjxneqwvkqljqbr	0.00586711771455446	0.527715327983744	2082.03939827599	0.0
did:plc:vq5s7pmjzrx4wqbuebz35x33	0.00639478764648334	0.9687470333621517	1803.7091996255474	0.0
did:plc:vqamsadte2itkoin3ldskijh	0.00378923285941878	0.8025979050689287	1224.0661288531605	0.0
did:plc:vqazwbmbp4gpioaim3rxusvv	0.0090976882952415	0.8466011985208712	1075.8576668461071	0.0
did:plc:vqrw24iuyejsep2dnwsoh7cz	0.00430985076018071	0.406345946127261	496.276002304217	0.0
did:plc:vqtoec3o2efmwapm72kxdrio	0.00815370953825572	0.512047981636521	2690.64375409736	0.0
did:plc:vqyhh3ajdlni3fl25lfbp7sn	0.0036312147444847	0.7101526757358628	1001.4136996939901	0.0
did:plc:vr3dg2oaakxjmmm5yaatr42z	0.00578078649351789	0.8403894065883156	1602.3513453078822	0.0
did:plc:vr7djaz35s7zw3ozth62aqhk	0.00478468899603463	1.7482728741541744	482.7147817193911	0.0
did:plc:vravfqpf7mrdyae53xwfhe3h	0.00923662048635608	-0.11345955570826	17168.2684169743	0.0
did:plc:vrlhsv6jmwyi5ai3xkrffqri	0.00318781546101974	1.334381240217996	347.78894822691603	0.0
did:plc:vrsqtlkyscwgitxq4jbdwgdg	0.00325697535608966	1.7746726393412935	370.8510924841439	0.0
did:plc:vrsr4v3q3berkubeh5sxijyc	0.00992260370245746	0.0599673379364833	12003.9115293066	0.0
did:plc:vrvdpj7oehyo65maor5qdjzu	0.00213255279121867	0.168873072581049	9716.83395103116	0.0
did:plc:vs3h2wzdxzdutmnz5vgvqruj	0.0124559342007386	0.458836222626172	3387.63420621148	0.0
did:plc:vs7qu2eszulnzonk4jprere3	0.00317512679947585	0.689710186496306	3188.06068566437	0.0
did:plc:vs7ypluq4kj7cdkk7qzllbwn	0.00516557513209405	0.7712803444158948	2930.3278159852944	0.0
did:plc:vsasr2qvk46dgqmkb62zrfg7	0.00521868787288916	0.675238997157283	1888.82069939966	0.0
did:plc:vscfqqlbrr6zmtx434yjitnm	0.00600829313905452	0.385618649982648	2391.03936334258	0.0
did:plc:vse2xstu67v5cmwo2iwliaha	0.00517309988384947	0.43462227996255587	3218.33716461739	0.0
did:plc:vskxretvovj2meyfycwhkoci	0.00824295012813598	0.6110131061915951	4775.359640105105	0.0
did:plc:vslbsw6cg3alxdlcazloxuaj	0.00419815281398528	1.5205407810752272	384.2913192340812	0.0
did:plc:vsqmae2ypartqd64wnmgvbc3	0.0106541129922315	0.46765977437862677	2725.089799374824	0.0
did:plc:vsrzes4yfdyqhj5mt3qxrtr4	0.00444238778446175	0.9158891320128656	1444.140619437088	0.0
did:plc:vt4tpn6ouehp6vs2oqyaq23q	0.0145132744258634	0.26875325714173	8797.57460764332	0.0
did:plc:vtchf4g4ufdwblmgmuarydkw	0.00434956504371503	0.57878738971564	3322.0064210202704	0.0
did:plc:vtgczumo5eaxnrtcj2qahg2o	0.00364028583022997	0.6327078570020738	1411.1945418839982	0.0
did:plc:vtj3ttder7anzgpelu55m3qo	0.013148283442664	0.5907801894097755	4179.258672961712	0.0
did:plc:vtjjp7owgupqovt5776vo4m2	0.0117765814333654	0.7066606336719237	3863.382410082067	0.0
did:plc:vtkyuyxdw53bq2tiwnp74pix	0.00743494424329194	0.8043812491726949	2961.3626868614774	0.0
did:plc:vtmisn2m4pg7ad4zp36qa3pu	0.00930432293430849	0.468051910956161	5072.04070012954	0.0
did:plc:vtnbxqbeicpjwevf6hlcdoce	0.0168466523250517	-0.400009427076506	19026.2933926702	0.0
did:plc:vtow3aqja2ftfb2vx2qgn57x	0.00586553627980612	0.7009157660016021	1179.9580274801976	0.0
did:plc:vtqylia7koqkahsw2a2ri5jv	0.00379886442580554	0.7450764536814497	1497.7213583284333	0.0
did:plc:vu2zvn77bufcpwsz4mgigznn	0.00464981110231814	-0.0867148518742604	20224.3108464085	0.0
did:plc:vub26wgaydhsjsykuavodovk	0.00590525632921926	0.7858854001156954	2083.221728057094	0.0
did:plc:vucnmhir4jfp66wkedqoehgg	0.00389994620794534	1.7693282512223723	365.615056772952	0.0
did:plc:vuk2fzyffgkpni77t2rydxpx	0.00806085377351034	0.6092570668284767	1257.4519292716163	0.0
did:plc:vus6al7vgzzldpm56w66zayn	0.00250944056370795	0.6771765666605445	807.4950881547712	0.0
did:plc:vuwqqyym233cgqjoptm4az32	0.0136931131908925	0.0330964558486745	15903.4371703649	0.0
did:plc:vuyoesxpfolpwtt2n75g74jg	0.00789127576073605	0.7735223570692336	2045.7263134702264	0.0
did:plc:vv7gtyvhuymuzw6vnetudizs	0.00619455870150558	0.9023143485623782	1016.2408520301395	0.0
did:plc:vvaw6tq3ou3lprwnlf5rbnju	0.00359091223021441	1.206302183223095	338.5637243664075	0.0
did:plc:vvdvpoyg7biqdo7q7nmxjzqf	0.00445168295433321	1.328022933997616	763.9025616457884	0.0
did:plc:vvfagy4jpjzhlgz5vydqnlec	0.00478364861942903	1.5534935266662024	709.0469637216429	0.0
did:plc:vvihx2gl6pg62nw2efptnny7	0.00345607641115353	1.2865900514843633	689.5866921370186	0.0
did:plc:vviofr5pj3dxcdyst7w674xm	0.00339375241042991	0.7660849232864071	4352.466421907001	0.0
did:plc:vvjw6mpiskumnk76tnzlrbt7	0.00532762124516665	0.8460719309701134	940.8264403479353	0.0
did:plc:vvs5kmm4xjjvwk2zdwv2c4xu	0.00323295769454913	-0.782813168541275	32132.113235343	0.0
did:plc:vvukyxldr4vzdhisg7ccivnh	0.00404982512146113	1.3870037149933365	483.7534770978175	0.0
did:plc:vvw3aejqcdpvbgqzqpu5dhz3	0.00254204145487688	0.8228061848399273	1372.6349731251557	0.0
did:plc:vw2ryzm5zogkse7zqcyadz4r	0.00418111360391637	0.7319218664957124	1433.0070090733232	0.0
did:plc:vw5xlouuvsghdrqcr6kcnmxy	0.00202370627350932	0.8991049324132943	548.4076308675392	0.0
did:plc:vwbodb7due3dsczgrg5bb6ar	0.00444154147718813	0.51287463197621	6259.79297162144	0.0
did:plc:vwd2k2qguijv7rni4mc5pdya	0.00866796391634795	0.454845053137241	2648.16725248209	0.0
did:plc:vwdooo2xv3g2yvwljxxchkp3	0.00578215346377986	-0.390816823937564	24150.2558011908	0.0
did:plc:vwezsfcl3irexnoda5qxs7th	0.00409268733098972	0.534600097728361	3063.8071440239	0.0
did:plc:vwgwvmhdarwl56vo64purswd	0.00474964488639715	0.65805960225218	1566.9411581101679	0.0
did:plc:vwgzztmkrfeq5bt53cz6zlkx	0.00497846197375032	0.5454166811105411	1528.9593163847662	0.0
did:plc:vwjvwlkj4pcfdfiflcjfbjky	0.0104858441199766	-0.472306873678113	23387.7241351245	0.0
did:plc:vwucl7nvpkkihymbggpu6u5f	0.00407646893476308	0.986486985355348	1165.6906610856843	0.0
did:plc:vx76uzb6m2lvgh3kvbiagsg3	0.00441264959571703	0.9824259979984927	1229.1638062279692	0.0
did:plc:vxdam3caddxig7x42tx4ne6k	0.00738294151955121	1.0285866111959987	2140.0558761390125	0.0
did:plc:vxdasfka7dypv53vmwyd7ypp	0.00540973752811313	0.65768696388409	2022.25724041823	0.0
did:plc:vxo45uhoucv5lhz7xgacfjq3	0.00476375656314808	1.18900146616745	817.296243608495	0.0
did:plc:vxoatvxwrncct6dbcntsavk6	0.00532319391694169	0.8967097686229308	1912.8625373154061	0.0
did:plc:vxux6lv2bd3bklfj66ckgrwv	0.00602714748987354	0.650912874228052	1753.52783038265	0.0
did:plc:vxxpwtsowgoevey2mwz2egt6	0.00237868696485369	0.596091612951204	4590.16110182206	0.0
did:plc:vyc3x6pi734x43mahpzsp4eq	0.00386145565208326	0.9792087149226147	2258.5103352248457	0.0
did:plc:vyitmngc6zhnxqdmg3tb3nrh	0.00866824271147211	0.4821631256383524	5058.462924724353	0.0
did:plc:vymjozthhozk6veyljbwr3rr	0.00460716561381975	0.9911204273202111	1156.0388283189761	0.0
did:plc:vythbqlsulhf7p2xgufb3sqj	0.00539248105057667	0.7165998078524797	1027.4294930698932	0.0
did:plc:vyvwlxgdagd6ypcrkzma3pej	0.00478276743419016	0.801369853559958	968.0361361010043	0.0
did:plc:vyx5s333ixv42cdtzw42k5qw	0.00688992148829415	0.6647735969821605	2639.2523010657924	0.0
did:plc:vyy5fxhbfj4ktcuvlbzq5wvc	0.00300498828068382	1.685322283386271	518.071819417307	0.0
did:plc:vz46nxpm7op7edwtlhb4cbtu	0.00906761285530726	0.48682846086145926	3549.284945995933	0.0
did:plc:vz62zg3flzazttedo52rgrbz	0.00453703112116326	0.86029065842487	1196.0400564861256	0.0
did:plc:vzq3fgqnw5gd2quc663q5b7y	0.00344596534935405	2.076056130875751	345.05951719951764	0.0
did:plc:vzxtvmrx32tkvgmvrppjzekn	0.00274111675145373	0.908579348472654	469.44857968035814	0.0
did:plc:vzyvf2kh5krd2knqstjrmfui	0.0103092783605409	0.224736837417326	6434.39402628895	0.0
did:plc:w23yzp6ypbomljbk5nkkive2	0.0033627978479065	1.6860974086156622	383.4303525121125	0.0
did:plc:w27n6dpxuyjmyvf3f5moc2eg	0.00444250236793507	0.8245829876179538	1307.6214990717658	0.0
did:plc:w27waro3sozkqibzgndkd2pb	0.00537021969368678	0.9154667776507023	1051.4343576908743	0.0
did:plc:w2dd6tpkuat4nb5imtnqyw5x	0.00351555633721325	1.0404400336360515	1095.5702942361552	0.0
did:plc:w2ge2x45umdsfyrbaqlcjsu6	0.00833900612676875	0.6502923307922558	4444.479387300168	0.0
did:plc:w2jdkdyp3kkrprde7mdphfp6	0.00631266245857772	-0.400549177529374	18858.0719717966	0.0
did:plc:w2qcnmxdsdb6vmv36gn2d4ps	0.00365074536058636	0.9481772834906707	1753.5562547910313	0.0
did:plc:w2u2aic5pcfm4wddq7osbzzt	0.00507925876379955	0.8263282245880066	1268.1550461832658	0.0
did:plc:w2u5lkre252y2ohrqbpycxuz	0.00404894727371977	1.0300962053651128	680.4108041520424	0.0
did:plc:w323olsclelbi63cqpvcbvuc	0.00588012139824168	1.6419383312689324	964.9185044996926	0.0
did:plc:w34oruzc6xijyfylsfj7eg3k	0.0174249758503591	0.3900997595502709	4499.89502199586	0.0
did:plc:w34un3gn5bkbgfogtobg3nsz	0.00210254518636555	1.7236178221056815	208.3987440855052	0.0
did:plc:w35faglhl7zfe5lm5epfy5fc	0.00456105295260127	0.695669377932602	1417.81818310535	0.0
did:plc:w3cy4tv3t6jkpwdslsb7vyf7	0.0064114141248538	1.0271394104326501	1576.0811094317485	0.0
did:plc:w3dmouwsq3h4dvnc2c3yuvrn	0.0326864149044785	-0.276790879107017	24461.740327552	0.0
did:plc:w3duaujhxpbew7u4vlk5u3pf	0.00836909871620529	0.7396597141635511	2045.0685200248029	0.0
did:plc:w3eyytnmibqef5qt2bmdmske	0.00395830584539139	0.6873668471341595	8962.20541433338	0.0
did:plc:w3lmtdaopzm3uxbrandexzcp	0.00536165907999231	0.51860657992557	3832.48706606569	0.0
did:plc:w3sze4aec63mxkytolwegdua	0.00851254480643845	0.543790614160637	4453.08480702855	0.0
did:plc:w47sxdvil3nuyjwbd77muakn	0.00841683367102965	-0.111806687621819	15524.5349628204	0.0
did:plc:w4bmjhdwlbw2tcplfraovoyk	0.00650960942504129	0.44215834620107797	4813.9632109055865	0.0
did:plc:w4jba5ztruyyp5dpt433sfiu	0.00961076406812723	0.533742074579696	2691.5042955014	0.0
did:plc:w4q67cxuzssbruy5laebvzgb	0.00496537900947802	1.0736052581119249	602.5688629051004	0.0
did:plc:w4q72szpjhkxnphnubjvtsz7	0.0078748316281831	0.4687427472970949	2142.1108362013497	0.0
did:plc:w4veqsnuiiyrg3d4zruo7epe	0.00758054327733572	0.6995455083209028	2833.558860577435	0.0
did:plc:w5hkkmncd5isp474d2wjoyli	0.00248015873041316	1.4163916496793425	272.06474363959387	0.0
did:plc:w5mlvsar4bgh6nkrotjzgbft	0.0111642743300565	0.407899547133244	4128.41345298464	0.0
did:plc:w5pzpt32qho56pkcpok62v53	0.0054209723874819	0.5839403555695253	1473.4149751823734	0.0
did:plc:w5toltur5yslryrusw53ifw5	0.00212738245134965	0.8343166292333606	1965.4947840878067	0.0
did:plc:w5v6boyfwjo5snhnrfi5qnid	0.0028343090790832	0.8140248634570101	3284.1569677320304	0.0
did:plc:w5xmvhyurvqurfl65qe44u27	0.00822915018594599	0.6274403561868576	3356.6266683863228	0.0
did:plc:w5yhsxnvj4bbxnggi53kmots	0.00429903411334223	0.8643090162640581	1273.5091952004816	0.0
did:plc:w5yynwn6u2z3cvcwlcibng5o	0.00884153253549073	0.523439829012616	5446.70527337295	0.0
did:plc:w6lgect7e6egmzkkopuw3trz	0.007672972620311	0.797775547367508	3156.65050800212	0.0
did:plc:w6n5cnrxedrktvdjsblb3ceh	0.00813786501127107	0.226828601981952	9304.72387825856	0.0
did:plc:w6qq2ri4xvulbmf67qgscf4r	0.00617728817237637	0.68013228138341	3057.98778767741	0.0
did:plc:w6wctardhrto7zshzkhd4mve	0.00380228136915309	0.7030908293555759	807.7582505031659	0.0
did:plc:w6yu5cdkkhayjauvpa4r66cb	0.00459748545785938	1.0300409557742793	1064.640045078739	0.0
did:plc:w737q5maxxujlthh6omnk5im	0.00356559949781908	0.9678445602690269	883.0130450431043	0.0
did:plc:w743wwtan3dn2dpkzeab2wva	0.00397822445589999	-0.516987890781845	24978.2131732215	0.0
did:plc:w77pgbdtt7u4rbkefhujxrze	0.00536391381034556	0.5226628300934543	3900.870402899301	0.0
did:plc:w77stzlbcesqttb427wq6cpl	0.00435332116297684	1.758655937496152	530.8578976814498	0.0
did:plc:w7eukh3y2ekxbfpgqz5kv5w7	0.00637393767876638	0.570018932158685	2501.70343773557	0.0
did:plc:w7hrqzrhwforuqtvfr4bprez	0.00510204081969421	3.11358683590469	432.78857019075195	139.0
did:plc:w7lvhel6mdmhjl4mc7xu2ckw	0.00929577465062595	0.6324986246597181	5965.938466398052	0.0
did:plc:w7ne4kowofqat4vbqbt36y4w	0.00489960611012751	1.0874913437276061	1124.2567315114604	0.0
did:plc:w7o2jz4yqih4bxkuhr5sgxh5	0.00718562874370644	0.416011597410219	6031.64888540042	0.0
did:plc:w7u3qe4i4jkrdbzrdpa65qmt	0.00683335921865689	0.7086598733040386	3274.628581056793	0.0
did:plc:wa6cawsnh4xfu35snstw4v3n	0.0033479912053753	1.4263402692715694	479.5662424004312	0.0
did:plc:wab47nm35weziuxot4mgr6f4	0.00329913680129619	0.8477393779720002	1738.7804069558679	0.0
did:plc:wac22qamcjh26k7ugwxsl62v	0.00530710444393493	0.7590607125606608	2432.5312113814502	0.0
did:plc:wad5affmdeoe4ese67att6vp	0.00539882898695588	0.8105894284703319	1133.5015453260066	0.0
did:plc:waesh65sspbwg63vhurv5jo4	0.00910027472819455	0.3424815210055785	5270.561878663677	0.0
did:plc:wafpnumuaxuzjwzzrbgt62ek	0.00216750168788771	1.4992697237714017	733.671399091687	0.0
did:plc:waklplijlbropn2wufoznqwl	0.00352921864782433	1.7603947687368044	520.6758784049879	0.0
did:plc:wao6fhqgb6z7mnmf3gfgvelu	0.00555730313567706	0.8808987816531855	2830.5243532226336	0.0
did:plc:warfivzimzjvoh2spouafiwm	0.00532023736455484	0.334006031113333	6607.77537108833	0.0
did:plc:wavlaoitnqk3dh34gvffqwnm	0.0048266226351176	-0.0441566155530221	16725.9116519192	0.0
did:plc:waw5736cwqzp3o7gvcij5zhx	0.00359558257037988	0.5773306536744126	3696.5031883618217	0.0
did:plc:wayk3n3mk3z4b42uitiipn3i	0.00253370452630732	0.5127811654812433	3502.0736094351505	0.0
did:plc:waypbkhhi6qyv5byrhrhj2ps	0.0055473372786286	-0.285534424546408	23361.4657101838	0.0
did:plc:wb3s5tfmd4vkw6xd4kbjwy6v	0.00614691117904506	1.6341309955417191	463.76642588922994	0.0
did:plc:wb766et326lvhy3edk7x77pw	0.0102508542398929	0.434792187700852	2472.50155406865	0.0
did:plc:wbi4zoxnisypofadposmosbp	0.00341949109972679	-0.194708663227601	20156.5300124968	0.0
did:plc:wbp56mnabszw72z6s2uuyexi	0.00387879894162807	1.0741512722092408	1046.9448516619923	0.0
did:plc:wbsibszboq5kmrgtfgynjxab	0.0136054421986264	0.268822736694262	9296.24517608322	0.0
did:plc:wbvw6t4ydsj5s55zlard3uu4	0.0182004614655229	0.09216600611720156	6779.718681651773	0.0
did:plc:wbxbqf27ueprhhefrda4mr6t	0.0085484698274275	0.4605025643551578	2321.6923604963768	0.0
did:plc:wby5rgsdfyadfpjoyi2uvbmm	0.0100272167420264	0.3720850113002235	4867.411649998646	0.0
did:plc:wc4pbmrbz3fwkehqgib3fvgg	0.0112068965595216	0.512293833058649	4419.35080455839	0.0
did:plc:wc4y6xw6jrfuxs4vkc262lhw	0.0108762569344513	0.536747066739813	3866.16666910146	0.0
did:plc:wcdnxhfpe7kjay6ena3qrblm	0.00317622369701358	0.916009568939571	2619.46614362128	0.0
did:plc:wcmmfikjjipsmlfpz4oajiln	0.00383164881742939	0.9758671802579988	847.0569556348408	0.0
did:plc:wcni4ya5hpxuq7aehkhsw3zu	0.00467595153187597	0.5643972887036417	2494.8583226211667	0.0
did:plc:wctc3jlr5hrg4uioaghziw6j	0.00709089797669855	0.9042919238902556	814.165204911891	0.0
did:plc:wctiyc6bn3cr2xkta6ygflbe	0.00698394412974557	0.5333555240641007	1917.0313861882153	0.0
did:plc:wcwhlmrfdhon7z7cgv62mjt3	0.00967238689790553	0.389769493429746	3445.3807064923103	0.0
did:plc:wdajavv4i3iwibxzy7ndo6i2	0.00965130760874177	-0.175919314335626	16035.70912355	0.0
did:plc:wdbat6pmydvsa2wspwq5ojqu	0.00298834126029459	0.8811216879372217	2006.4678845042702	0.0
did:plc:wdc4qrsy5m6nea6b33xqovrf	0.00593718458919268	0.3305639768865244	2912.603240883371	0.0
did:plc:wdm4qnt4peqiirlmq2l4hg5x	0.00422625561304366	0.595928460821087	2010.79539630471	0.0
did:plc:wdnnhqranffapwuhfyo5iryf	0.00764087870599856	0.5596865917582415	4378.328964070599	0.0
did:plc:wdrc7dl77yn5427kybvp4bc7	0.0172112019206459	0.2717483021371043	7141.494570696452	0.0
did:plc:wdrnflm4pez3awsimjnaeqve	0.00970689000059907	0.391180747623151	4878.44515494869	0.0
did:plc:wdvfxptasztewzfbo3gwd7r5	0.00617348540525599	0.433799736893527	3430.458409146057	0.0
did:plc:wdxzb6iy3tbiztjavidg6dlv	0.00622241516717023	0.5302048650398851	2013.8052118181963	0.0
did:plc:wdypw5zkberk7ohqk4ux6byd	0.0148611654449211	-0.73882787606075	29410.827755024	0.0
did:plc:wecf5eb5ehpkitjb574qpla5	0.00344851854458456	1.4634295082202566	708.5413251148349	0.0
did:plc:wegeznufbillvcf2jg5zdjvu	0.00440833261407023	0.75331611413045	2271.22948819768	0.0
did:plc:wehk7imvofyhijlm5ok3a657	0.00438879566390434	0.130651073016422	15892.7424993449	0.0
did:plc:wekfg4xkzisfm3r5z327isuj	0.00361126123951852	0.7215141064714076	1181.9547772522194	0.0
did:plc:wekvgmsdqybl7jza6dg7vvuv	0.0073240561966104	0.7465780175501449	785.4786920450301	0.0
did:plc:welww23llb7pxkyuzv64csqm	0.00867519482766344	0.7611684034569852	1888.961702246498	0.0
did:plc:werfp6dwkhwe5vxi6yldo3sc	0.00264675941656213	3.0643978797262648	70.48115123370408	23.0
did:plc:wewxpkpuqj2xbfbl4sxrv7qd	0.00712563034544482	0.6578169696728084	3240.161639790062	0.0
did:plc:wf3dz6kaintqurcf5qlhi32w	0.00618904726368784	-0.173283623005278	21452.4258299815	0.0
did:plc:wf6mqhkq6pdqvkoimvc5msva	0.00375887992276705	0.8590535255793958	1519.219126749307	0.0
did:plc:wfbqju4m5o7hxaknhadpl3ev	0.00225814545331109	1.6898106201190601	301.07406009247353	0.0
did:plc:wfdbcs4fkrklteiurvetvljm	0.00541444382570736	0.5782425419805466	2596.087614152596	0.0
did:plc:wflnqiwvxn65brw6lmmm72lh	0.0184049080193372	0.375083494550751	7782.21085753308	0.0
did:plc:wflw5tkakt6crizdahdtq6ut	0.00459906936497229	0.8006879232831512	1256.721722557752	0.0
did:plc:wfxz2cef66vyaqwjygrxxnng	0.00413117764089552	0.9603707092302305	951.9158633096883	0.0
did:plc:wg3xo23fiyc3gzy3s2aci2ew	0.00593471810301676	0.551461293130671	3844.37742974561	0.0
did:plc:wg5sskqetgynwqww2i7rrmo5	0.00848234755060634	0.35357294188512006	2521.1942067172017	0.0
did:plc:wgdlm7wbjbo6z6ix4vsxt32w	0.00357335299663022	0.8248409254354877	1029.4952352051373	0.0
did:plc:wgqgoyc5rt4fwnq2jj4djn6t	0.00735082156352227	0.5793845754798773	3009.547630723421	0.0
did:plc:wgv7mgw4laqbtfzfglshfpn6	0.0075509114535303	0.459343700641363	2522.4954655476	0.0
did:plc:wh72upimexsznd2ycsqt6kzl	0.00311347165183335	1.4079378800322697	284.72882061704263	0.0
did:plc:whfna7y3ae3zp2wcqosgrtee	0.00269954107805552	1.8418527182905138	562.851307336972	0.0
did:plc:whjngkof6kjipmplha3qrxlj	0.0114942528807887	0.23720303985780936	7334.783950034181	0.0
did:plc:whmay7vfp56gr2wqclwd55ue	0.00540283541085078	0.722030907231517	683.1997755208789	0.0
did:plc:whnjfgkrmyqqefoh6uoyb3dn	0.00233877467171472	1.0031151693107174	696.2818275900058	0.0
did:plc:whnlrtfyxssnj7ivu2hctmhr	0.003700824133466	0.378915715866323	3135.03688339517	0.0
did:plc:wialeqgu3jezqtnu6e6d7hi4	0.00639951241979338	0.6484374368009219	3858.9275954620334	0.0
did:plc:wigaznxetnajckiikvbguvc7	0.00856102003994028	0.3889221681965664	6825.729279740201	0.0
did:plc:wilsrqlqufbb3ee77rdmrsjt	0.011045029744765	0.7540734503774353	2859.7518829416194	0.0
did:plc:wizyiydxmy5zbzvcgtfxzccq	0.00499883747968457	1.1872836149278094	1520.8604039809752	0.0
did:plc:wizzbigwyuxmhhk5m2kmkfqd	0.00550747443011667	0.458853817677262	1906.79705704847	0.0
did:plc:wj6qe4zwkzizjtwrrzdpuhqz	0.00578633207684878	0.4978524586076367	2256.92204884971	0.0
did:plc:wja5ugczo3vnix7skyuwqz5w	0.00357656498412665	0.535285620336646	1298.0737195417	0.0
did:plc:wjcrglyz5vcq4i3rttzl5c7t	0.00637243332717992	0.3345115883894166	5261.769326681686	0.0
did:plc:wjh5jzh3nx53xapz4magmomr	0.00305302980035705	1.0172810366932705	676.2773208131206	0.0
did:plc:wjicpoftydg7jku7k24bm4xq	0.00886968387852431	0.9103723307909403	1468.15745844236	0.0
did:plc:wjmcw6l54wvq4lkxqg6m7qv3	0.0037101357755395	0.8393910179478988	1081.9728331111469	0.0
did:plc:wjoew4i5f5wn4uaibptd6u6o	0.00984626016007129	0.643955867061854	3259.38818059941	0.0
did:plc:wjpnt56ewuj5ryw6egyat7me	0.00800376648264375	1.8497469201150396	666.2329555648989	0.0
did:plc:wjsefzwyhdw24zqttqshkiy3	0.00685827552168908	0.6180294307150532	940.018465484896	0.0
did:plc:wjwez45czot4lyrmz5gzgnmk	0.00443539970881856	0.8044848801718142	1331.6136339948678	0.0
did:plc:wk3lxyznhzbc55xm6cfljaj3	0.0058714980729903	1.0000699110574942	1562.0056504089957	0.0
did:plc:wk5ee6b7a4f7lmxjbb7izhsm	0.00930429266502754	0.8135888920359119	2786.7640667710957	0.0
did:plc:wk5guxpywn57drkw43bnxpo5	0.00766408479903245	0.790885761363243	1355.87070096678	0.0
did:plc:wk5vvdbbbtr2yen24hpgdpyo	0.00411349899287287	1.5251752132624647	544.7275590709752	0.0
did:plc:wkdbq3jkxlnbd2oofuaqicbf	0.00312748055259047	0.9855130802020152	493.86228124328716	0.0
did:plc:wl2xvm3z6c7lniw3zaw42j7m	0.00786042945239496	0.5033160334442085	6532.608694740106	0.0
did:plc:wl7umogrn7dukb74roenw7bl	0.00692452270387489	0.47576766690005834	2476.9359370607226	0.0
did:plc:wlds5hbnayq3lxdw42a7gpbk	0.00657217515398777	0.8036424716329923	1010.6670742344037	0.0
did:plc:wlexhuy33gfd3rysxprm67ub	0.00993651671006985	-0.380746693267087	19823.1558074512	0.0
did:plc:wlq26siri6jiam3xa2unibsq	0.00864177401286943	0.32385943792940747	4066.6312654652684	0.0
did:plc:wlqbiniw7lznlp6ybg7fxq7i	0.0220689655182588	-0.0522700358549291	13062.9530148366	0.0
did:plc:wlqwop23ly6tqs2ks4m7sorx	0.00836972343597724	-0.110473321966399	11797.5104371683	0.0
did:plc:wls6m6x4y5nzlqhtvtikgy2c	0.00231976699235643	1.6562125069388465	229.29373696490492	0.0
did:plc:wlxsdlz2vzsxfp5lk3kacbdd	0.0125195618209241	-0.211512334141648	17951.7141597654	0.0
did:plc:wm2jdcabtamcui4wn7fazuqi	0.00641436818641386	1.5143399170406486	1090.078318669305	0.0
did:plc:wm2ql5bu6h3ctye3ripar4lb	0.0136263736480289	-0.25496458270021	18024.6026825166	0.0
did:plc:wm7rbiojlado2f62sae3e27o	0.00637671681008178	0.7260259544134483	2999.566839479478	0.0
did:plc:wmarhhtd7drixe2v2hjic7iw	0.00519810557993631	0.736610080601934	2687.0899674357	0.0
did:plc:wmbmuqqkwidjq3kljdxuuli3	0.00409629895822279	1.5197108623404025	760.704446469749	0.0
did:plc:wmchf476v6vct7msfdenxhpf	0.00321135289721122	0.7702415418580025	564.992007418847	0.0
did:plc:wmidylvbl3j25xtvm6l5gkbj	0.00819252432235834	0.363933042413439	7389.2128047984	0.0
did:plc:wml3iqsdllafl62n3d4aepts	0.0078926598308479	0.42967644117750914	3074.778697789556	0.0
did:plc:wmlgkrvdzhb3dx3k5nfp4gma	0.00723446235374845	0.260775333272783	5034.81739502461	0.0
did:plc:wmta3ldd3vkuf5z4mogrwmcu	0.00686793532830844	0.717466672084683	2436.87126632213	0.0
did:plc:wn5zywrieg75kjgahzytefr3	0.00280456414016945	1.3233609984586547	611.3352563736768	0.0
did:plc:wn6t6yb75o4dgw4qp2cyr6zs	0.00749625187930498	0.129579229918027	12833.510505849	0.0
did:plc:wnjxbnsrevzbove3rrvrug3i	0.00899002669217085	0.9599753157816021	1619.9180739056737	0.0
did:plc:wnnipk2ulxw3qjfezgu2v6wi	0.00264250660647409	2.0942837136899217	313.71793959057516	0.0
did:plc:wns6v66frcsif3sczuekwjfx	0.00743494424329194	0.6897643745037534	1873.5365510793608	0.0
did:plc:wnymmiw6sxzgis32f6mytwr3	0.00758006443561649	-0.177257761899936	16979.0463571698	0.0
did:plc:wo6j66vvowf7ii7chh2apjeu	0.0049791736494065	0.6751174179387648	1798.4677367194533	0.0
did:plc:woflm7de55etdk2cly56dova	0.00730063647142128	0.7361947986205079	1160.337499120039	0.0
did:plc:wofuaktjaor4phgf4qm6zjk3	0.00888192269073439	1.2659653119396765	2010.3866861263343	0.0
did:plc:wojlowhwokqdmtq5ml6iypzx	0.00413744386725209	1.1106348566538025	724.0736454371535	0.0
did:plc:wpjpug2qqddxk6kxullwrksy	0.00653507602185988	0.2954623969653429	9055.318836164955	0.0
did:plc:wpmevdvg5jjyokh5smvtmhz2	0.00691331763409764	0.6940605668081614	2275.102423297516	0.0
did:plc:wpppem622cnjpem3shqzyihb	0.00504637207113086	0.680641324325004	3606.42547163319	0.0
did:plc:wptuyxmznvxn7xu2k6iknwrr	0.0077023926629744	0.9030891970205169	2558.1525693421904	0.0
did:plc:wpxoofybuamyfyrblxzciodx	0.0161369193284303	0.2324556041516635	7916.4483150890055	0.0
did:plc:wqgaqwb5hzlwkkpx42tymgeh	0.0024199124222722	0.42393459581869725	5043.993931395385	0.0
did:plc:wqgttray4zhirdasskihabpn	0.0036409466465074	0.8157462795933317	2662.7645267868415	0.0
did:plc:wqhhxg36ofhh4cbhe2l2qevm	0.00318213829271562	0.5800977841056594	687.9580720327847	0.0
did:plc:wqo4otczdlz7dfd33nbwtc33	0.00369051754117664	0.870790060043778	1022.934691730849	0.0
did:plc:wqufymixa6r4k4ck3vr53nfs	0.0077404479587909	0.8387121994637435	1848.3872635517466	0.0
did:plc:wrblmwdjpfr7chy3ys7x7e2o	0.00341169219979513	0.8361723633464799	886.5016539105851	0.0
did:plc:wrodj7d5xqarhsiip3ffwrwh	0.00619765495069609	0.7284416748463834	3922.020655705749	0.0
did:plc:wrpcq2kzdvbu2s7p522zq4ws	0.00424618756301584	0.9051028439805177	751.3919485928532	0.0
did:plc:wrtehwp4ndlsf6ndjxaiijij	0.0086306098998584	0.4685458953336443	4930.631752403655	0.0
did:plc:wruyxpjcoxh2hpe76r5ce6us	0.0023703439672662	0.7421882034314546	559.6108597105068	0.0
did:plc:ws2rnp4j4kpcqdbnrwlwlvmk	0.0048245972695861	0.7205861713666347	1053.9182305647505	0.0
did:plc:ws4lesbrldsgheczxaodmdrf	0.00859927383979074	-0.30729032692155	15681.4140682328	0.0
did:plc:ws6mkdngi7jimaho5qjt74qk	0.00500283179229523	0.622054050671161	2394.93666817454	0.0
did:plc:wschh52lujd63yhqppirhuxa	0.0115068493165088	0.9575023378335376	2968.637049039501	0.0
did:plc:wse7qovv543brtn5bzs7rxhi	0.00541052346870883	1.5739593308608377	787.3228828620004	0.0
did:plc:wsey4tul4ijbwgaupg4f24dr	0.00509110396637999	0.7037582340437649	2406.7065914103546	0.0
did:plc:wsm4ftq3syvct47twdyxxpft	0.00521729776310771	0.5998536968183028	2073.0193172741115	0.0
did:plc:wsmsfyibcfgsvj3utbi3bj4x	0.00558928399395732	0.6417535560098212	3660.471069290176	0.0
did:plc:wsqsxsaqlwru37crfsv64cua	0.00454733360988652	-0.299562341099469	17037.1758137942	0.0
did:plc:wsushytoqsyvmxmnxnrwnlqa	0.00437636761595608	0.8644427490682908	1553.8462308700662	0.0
did:plc:wt4d5mzfgq5khoye67rq2erb	0.01805416253395	0.139935568316606	7638.13835534828	0.0
did:plc:wt5j2dx66y2bcgqgkbgysqci	0.00504333207802881	0.6778576086770495	699.5841694866907	0.0
did:plc:wt72lfmeqebmnkifysmwmdmw	0.0021344938348524	0.7580121467533253	655.6267866198278	0.0
did:plc:wtecgigt3kpkfm4icigq7byf	0.0114410905623416	0.6858785324384187	4315.676502748653	0.0
did:plc:wtep76ovlaw3d34qakdcjlzr	0.00431965442786986	-0.167865575588318	21265.1897269446	0.0
did:plc:wtfhaqw4n6z4xiacgcgvdulp	0.00815024805509951	0.6242100405931336	2650.822889322978	0.0
did:plc:wtoeaulvkhe5jqjqx4chlu3h	0.00982100427735308	0.507452735421371	3369.40255055056	0.0
did:plc:wtqwemcv5fjxwzdr32tk7mf2	0.00312188641708549	0.8041667696821237	1084.6503711894677	0.0
did:plc:wtv6izakissz2xwafm3yt4k4	0.00558915856417312	0.473227398613512	3837.32587294744	0.0
did:plc:wtwpcoi6otsxpnh4xjlcprrg	0.00432242435779737	0.556861662394778	2089.043488335972	0.0
did:plc:wu5r6iairmzfzhennjf6vavi	0.00299430752539385	0.8628937948697059	1235.6706094798535	0.0
did:plc:wu6dllvotzvsrd5o4q3ti6sb	0.00492896492110876	-1.0275863539736	46609.2618435344	0.0
did:plc:wuavmdqsxf636i2fd7ovmwgs	0.0076552930932838	0.8343289676469193	2082.8995502504604	0.0
did:plc:wub6woxg7qxxju3vbqicm7hu	0.00334910811804521	0.5259650664267361	5005.940067241599	0.0
did:plc:wucczq36fmh2z2pedu3epkdn	0.00350911876679714	1.0021945012623332	472.8978162808298	0.0
did:plc:wudl7vn3x4kezspkboaowrdr	0.00230958111498402	0.812594404317477	786.4435104008126	0.0
did:plc:wue2ri2qxxv6cyp7nm7ewdib	0.00868917578639547	0.6318992013860405	4562.717456434457	0.0
did:plc:wug5kppn3jn6wgxj6jwkcfpc	0.00728862973761846	-0.117357619989427	17013.091796673	0.0
did:plc:wuihxfaw6m2tkblyi2ndxniq	0.00590331922693273	0.429156813103604	2645.51467728927	0.0
did:plc:wummhbsxedz4niqun6yqzwht	0.00405626431168827	0.8398766166676949	1072.0979185901078	0.0
did:plc:wuojeafwvlqn7devygjbcdjk	0.00564006152844038	0.726084240856635	2867.90280996137	0.0
did:plc:wupnv3orkyfjbe47mc5vshas	0.00691722388881669	0.746761975952412	3221.8022886997246	0.0
did:plc:wuqcocwb26rrepzzv3b2wtsf	0.0115979381513627	0.213240890260704	6529.416417739942	0.0
did:plc:wur22kf7xmvoepn5spf25whg	0.00546152598335174	0.6900096308571434	1616.732223747888	0.0
did:plc:wure22w3ls5knxz3tpo6vtja	0.0124175397806589	0.19455880134074577	17013.530846936454	0.0
did:plc:wuuxibh5jglhc4mm27otfwvq	0.00577063550268071	0.6852747736350092	1680.876503514106	0.0
did:plc:wuxeyfu7chxb2kwhjrcpzuy5	0.00422867812644053	1.0001793765539766	537.9772889812552	0.0
did:plc:wuzvnbkkr3rn3ljlqmnt4wsm	0.0042208934224892	0.9085487954494986	848.3685501579347	0.0
did:plc:wv43bpvvgucef642tsqtju4g	0.00601916783747442	0.73041473071182	1435.4639596814868	0.0
did:plc:wv5at7rfvagckbaepmuawinm	0.0107066381245781	0.6792726293613393	2431.723148197028	0.0
did:plc:wv6wwxl3axdhy63ipljmmenr	0.00521910389033806	-0.362612843110914	17126.2772449419	0.0
did:plc:wvauhk2kzu5qxtemqvpkqk2e	0.00479884302272926	0.7898885454656952	1194.5711895751544	0.0
did:plc:wvbotztjx73nghhezpympqdf	0.00480559196236374	0.195599366332721	9414.05178885047	0.0
did:plc:wvj3wk6ffdss2xt6ja27pd3c	0.00612456421563298	0.58246587243654	1967.6233674602956	0.0
did:plc:wvmkm52su5beig4e7gsbbdcd	0.00586918375992563	0.5800500502638725	1912.7800685538489	0.0
did:plc:wvsxnr7gngn5zb7flmcgsvzz	0.00440456770089232	0.6621669857434217	1662.7777350345118	0.0
did:plc:wvvnhne57fj6wdcsk3r5zqk5	0.00777873812050455	0.380776344741296	3250.11128824308	0.0
did:plc:ww23u2sqyo2pbc6r33u6btio	0.0028954207260222	0.7106893356550955	530.1671213850876	0.0
did:plc:ww2a57ebz5iokvhywat4rqux	0.0030104712043258	0.9036455781020816	3137.7569267277104	0.0
did:plc:ww5jhmn5spnktnqmpyvo7oja	0.00533902829978275	0.24084705592198835	11124.29571845175	0.0
did:plc:ww76qhoshxyg343vz4zsbw2s	0.00244001626682875	0.9399017902809814	1626.2336725481068	0.0
did:plc:wwaz447xm4ra7geo4rntcxik	0.0128443468232305	0.287105775235689	4656.05307464064	0.0
did:plc:wwb7xslnxabkcshctksmcqmt	0.00695588504616166	0.7608218676101157	1978.7669743945019	0.0
did:plc:wwcxytb2jgou27txneiaeii6	0.0142526964750051	-0.262373967825396	19902.1998163375	0.0
did:plc:wwf3cqh3bolnpooqayufkmlh	0.00514070698036037	1.0493587776887374	696.9572947884303	0.0
did:plc:wwhutrgbppwmtodd6m5h5fje	0.00595238095280244	0.313614431820955	7565.37007814322	0.0
did:plc:wwjioci7tgzf2lymc4ulepwa	0.00385427181824972	1.4535594920417294	998.4106906570096	0.0
did:plc:wwknt7kclft4ldt36eocljz2	0.00548579265688132	0.6688595671263389	1072.5843313546332	0.0
did:plc:wwlovpvzppswevjyxvbvb3a7	0.00661703887663239	0.9863791158120493	1239.170854063414	0.0
did:plc:wwo2uac5k5if7lj7tsbzrtio	0.00424499696809569	0.5593755370208937	3385.2673157883173	0.0
did:plc:wwpv7hy7kuwyycybbaellgvz	0.00246819013575253	2.057360329246128	293.0744905076526	0.0
did:plc:wwqlk2n45es2ywkwrf4dwsr2	0.00489483377332822	0.7156515628562905	666.5121003111888	0.0
did:plc:wwsek7u6n4zlm5gfddme6e7m	0.00930232558150466	0.4165963915775918	5746.325290508349	0.0
did:plc:wwziwh5rhe6jexw5a2xf4p65	0.00724637681275573	0.681482029324716	2437.8616984284763	0.0
did:plc:wx6iyqtwiy7nxxz4nqd7lw23	0.0175012153723861	0.16415286250295	9079.66556253279	0.0
did:plc:wxm7v4c3ldl5s52mlq3gubon	0.00370682823504359	0.7824941799318247	1150.655050408159	0.0
did:plc:wxqr5vuu7hpsa4u452cs73n4	0.00647972293761406	0.6555854409767637	1835.0151076034028	0.0
did:plc:wxvwv5bl6mldzhqfb6iuhn5y	0.00742822726899011	0.6190203271329499	3750.0676473527483	0.0
did:plc:wy6upolw3srdya5g2ycqhpwf	0.0034126141877831	0.78981703171594	764.728719220982	0.0
did:plc:wyetqi6fect2xlw5vhqsurq4	0.00339769172736055	1.8827015441343857	351.6775809427415	0.0
did:plc:wysz2tsy5ressx42gvwaawq4	0.00338936155542993	1.0692699328341906	574.8692533921998	0.0
did:plc:wzbtn3niw4n3so5xccolfr3o	0.00885118938174741	0.5582335894279723	2854.35508752084	0.0
did:plc:wzdcrc6ntaxcrgvlqb3zoakm	0.00877914952054104	0.601135348431617	2928.28644088285	0.0
did:plc:wzjeyfxdhwad2ig7a4fa5zcu	0.00657084189067882	0.8895924845732048	1712.3954965893113	0.0
did:plc:wzsuovzrzme4t66avrmcxq2l	0.00500119076042049	0.8352238586174552	1577.2851791068615	0.0
did:plc:wzytq2bdfuy3nxohqlznztji	0.00409259496125694	0.9212794663053883	1056.0977648364246	0.0
did:plc:x2bieedinutmfroagver32hi	0.00707752613365153	0.5037269766916342	3321.641364836425	0.0
did:plc:x2hui4xou3cqrwljc6hgydfe	0.00276457300850719	1.7036944732780501	286.9555077589958	0.0
did:plc:x2n334qwgkcgt7gj7eqkcdro	0.00581177353057503	0.686005341886403	5156.56694259005	0.0
did:plc:x2nsupeeo52oznrmplwapppl	0.00489910183209321	0.7815466849440408	2364.2187121197658	0.0
did:plc:x2oesfqp5dbbdarptuf2qcqq	0.00655966504623028	0.858860051320482	2133.153002979618	0.0
did:plc:x2t3acjxkdhb2yvrm76zvepl	0.0045372760707439	0.8704430532905056	2042.1907687657356	0.0
did:plc:x2wqjpplqtte55sdfpjl6tu4	0.00924974306547261	1.1720350997129354	1363.9925246597243	0.0
did:plc:x2zl4ameayz52ooaayswpbxm	0.00870574579556019	0.465843248123308	4022.307579105	0.0
did:plc:x32kovx2lkrcr27qdhdh7tcd	0.0157845868180115	-0.432278431446411	19189.6160801756	0.0
did:plc:x3365or5nae3ju6nsstzzpbc	0.00981605943857509	0.6711071957868601	1326.46266505534	0.0
did:plc:x3bf5q2fif4qnpujezkoc6fg	0.00731889470317088	0.5806794374724215	4041.654450819411	0.0
did:plc:x3nmfldbvbfqtsygugtv4zlz	0.00353313465893131	0.836964928877698	1171.4405796219721	0.0
did:plc:x3oqhrouf2ohyjg2ctlga3hc	0.00316746704824214	0.8524226991488388	4988.200107540771	0.0
did:plc:x3rz2t7uts4xf2tssp5hwr6r	0.00206135564457018	-0.391297375495839	16770.9800000378	0.0
did:plc:x3yt3sdtbvlhizqx5jh3hwuf	0.00450433108778131	0.6131120715631054	1360.4907533595315	0.0
did:plc:x44hctlkhbukwik5k4qhei72	0.0157985682686352	0.612331918979935	3544.7164885374605	0.0
did:plc:x464onsg3xixx7x5vrrkzy4c	0.00516481847247026	0.1853759108484795	11849.964619991808	0.0
did:plc:x4abgqzvq2fimg4mxuv7stsu	0.00345849802416042	0.7990802051832473	1398.0030290186255	0.0
did:plc:x4idkonojwv4pzzce5ta6dol	0.00589330025031119	-0.206354628392435	19534.0955181826	0.0
did:plc:x4jg57w6htvebjq7olol27fj	0.00688022490333402	0.68756919956229	2204.715968454437	0.0
did:plc:x4jqu7vs6d5rnsni4swx4qd6	0.00923520923800235	0.4725965593444715	11213.919674061555	0.0
did:plc:x4kbcl5qbsfu6uubpzh4t3aw	0.00497412112729897	0.8324894347091338	1689.1457631389974	0.0
did:plc:x4ldrhhisvwnlgjhziyt46u5	0.00336341263340305	0.5637846162943181	5710.05270354518	0.0
did:plc:x4mhb7wm6igham5vr7pbbno3	0.00724821973666419	0.630923886695603	2502.40288090876	0.0
did:plc:x4mlniqn6av3qifakxglsits	0.00439221949795579	0.8722405662428572	1346.4972108960203	0.0
did:plc:x4wyigt52n6babuvrmcecvy3	0.00686904498253096	-0.104933139317512	22859.0554590603	0.0
did:plc:x5de5ilek46mtmmuyggx3udk	0.0110606920103807	0.574510493732379	5072.10557003848	0.0
did:plc:x5dnaaca6iljf4yaip5okuap	0.00743639922259168	0.27509399244178	5443.91958041595	0.0
did:plc:x5euc3z5264ja4q65atnlib2	0.00681560015285588	0.250646896694874	9374.38865828969	0.0
did:plc:x5gjyhodmqhgrgf4en46sojd	0.00374418134015772	-0.316192513917608	23325.9529303675	0.0
did:plc:x5o53myzrf7hr36tltzi645u	0.00563187335945446	0.8281082670762536	718.4980618389146	0.0
did:plc:x5sckmerggnnujzlycgtdblx	0.00446927374402609	0.419065438628249	2568.42927264827	0.0
did:plc:x5ykzgujdh7duydc2mq4cx7j	0.00556554499580761	0.697149798447102	2333.00991646179	0.0
did:plc:x65abe3iegzl2jm7qyv2aa4g	0.0138228941892094	0.387020608619588	7809.73556965379	0.0
did:plc:x66dtnqnkkrstceofua2xv56	0.0104336485261355	0.270241785963732	7519.04761942645	0.0
did:plc:x6am6buatd2m2nsjfwdjmshk	0.00456592444352157	1.2156734064838477	776.7775022590694	0.0
did:plc:x6ckhc4wzb63xg2kthcx2in5	0.00324069527655012	2.8778201942503534	224.46997515152756	78.0
did:plc:x6ckzmzn42c7fuy3tbmdbp62	0.0112359550639167	0.9885063398604503	1315.8495610905022	0.0
did:plc:x6cudk5qj4uj77obddyjzpss	0.00256057660414634	0.6911849593114345	2065.645862008538	0.0
did:plc:x6ehz3tb4wa5bdp2jtcc2bay	0.00789435912605663	0.47311944454516686	3642.0269280806606	0.0
did:plc:x6kwyebgatb4lgf5r4352rae	0.0028641630684499	0.6037585809007654	924.457563574457	0.0
did:plc:x6ow2pwe6pcihpvevmw6wbal	0.00512202470956461	0.5874724239844323	2162.937099284902	0.0
did:plc:x6r3x35xoemxi2tcjqrzugxc	0.0029641014382823	1.797747830826087	382.6876282348499	0.0
did:plc:x6tctyv5oexxnukt2xfd6v5i	0.0193508115233887	-0.120375483603378	13457.8430402706	0.0
did:plc:x6vfnzeuobbnr4cs3kzflfzw	0.00375895688980693	1.868462844972602	359.16754616869474	0.0
did:plc:x6x4i52bjlfhpw7gyj7fb3zw	0.00502700846513377	0.5607381837964901	770.6375036344696	0.0
did:plc:x72g3mjafiobrpbtqw6vnbek	0.0132314025523258	-0.424820789520782	16534.9499038667	0.0
did:plc:x74zkyeai6asb32ewedkk6tn	0.00404948133382847	0.6716118563943887	812.7433303995728	0.0
did:plc:x76yfqqdsq2nqrm3i2z5zwyt	0.00487646293965481	0.815524903266261	2474.9188460615	0.0
did:plc:x7a7ezjdtj4oopyiws2zkz5g	0.00379669320302774	-1.3462841202162	57132.259209615	0.0
did:plc:x7ei4aozz7c7wl6defhmprgq	0.0039216704773028	0.7138750381362433	1007.2001995510675	0.0
did:plc:x7i5y4rmswujrgi4vn6wgrjv	0.00265251989410428	-0.301496978985329	21094.7309839799	0.0
did:plc:x7iqodmuvtzua6mbivlcam3g	0.00290497503888666	1.1539069411792378	604.2315275502373	0.0
did:plc:x7kqtsb7ufvowugqulbp5lvz	0.00488334237732978	0.47825396101811435	6978.865716815613	0.0
did:plc:x7nis4p5df7fyqlhpbh65swi	0.0057374878653628	0.3528713624201791	6219.453385290361	0.0
did:plc:x7zcoyqwqrbwf5pr7gbqgvll	0.00538599640990686	0.9353805808621913	2046.7127903584544	0.0
did:plc:xa3ghkrjzcweeshaoe6djpqa	0.00645813881272579	0.5475562320143216	3572.583985143407	0.0
did:plc:xaf5buczy7lwuzc7o4vkdogs	0.00359051776937898	0.9703176358937224	1470.163606291332	0.0
did:plc:xakgmpfrqho7ufgxgnxs7ezu	0.0039937658303757	0.773885260585348	5310.84587966126	0.0
did:plc:xancd2gvyfe47rgzeoecjuly	0.00956284153256919	0.9094247978653913	3403.052499889306	0.0
did:plc:xatksuddame3xrn2clp6mrqr	0.00439439714385445	-0.502229536451337	28489.9553745826	0.0
did:plc:xauhuaii274dymtcq2drwg7m	0.00493150685006217	0.580948879308811	1826.7657771884692	0.0
did:plc:xb24yfjb24bzf4m3jquyx2my	0.00585354199242161	0.466345635316436	2877.27356556451	0.0
did:plc:xb43bf5ocdhn7wxecocqgsqc	0.00800349243736314	0.5793816879588481	2936.846083595916	0.0
did:plc:xbbuwcekeehcrq53r7h55g3f	0.00545221295757402	0.47505257876814616	6709.692720434345	0.0
did:plc:xbitfpvrviceyi6skethp2uq	0.00710445468534647	0.6963444853851348	1633.2898806080852	0.0
did:plc:xbj6plzjiqrynhaaaqfaw5hx	0.00465317087300192	0.48560462160310475	2865.215161911447	0.0
did:plc:xbn7jfce57f4rzcwa3ujar4i	0.00466165413622555	1.3909019443361679	744.1811681497571	0.0
did:plc:xbpumlrltt5nfegclzdsvcjy	0.00206844678459779	1.1524070813136975	277.2148934584815	0.0
did:plc:xbsft27m5qmbamc6nhnce2iz	0.00629116288392076	0.47356558577757535	3537.9268958122852	0.0
did:plc:xbsn4ta3ijded437gtvlng6a	0.00395022023381239	0.876573976883124	1302.5281750651327	0.0
did:plc:xc4qkv3m2yetltk73roxgsut	0.00598016336263798	0.661005148164152	3699.31426088082	0.0
did:plc:xc7vf3ag5i37cylrm2gaqyo4	0.00414849484122805	-0.453887212927443	23439.3924107572	0.0
did:plc:xc7zrr7zypmmizv6i6q4msez	0.00383676316739628	0.5395835560360632	3560.415223768011	0.0
did:plc:xcd5ncdswmu4cbdzauumpinb	0.00509273813333998	0.7893714128536429	1455.6910716101129	0.0
did:plc:xcj2lqpvlbh2wor3s3oaahr7	0.00525360219476758	0.8215105536654521	816.3898187473092	0.0
did:plc:xcjesioejf4zsrturm4nmx6u	0.0059305045126557	0.5517339789536716	2380.796192156016	0.0
did:plc:xclibop7wakbistixyub4ph6	0.00679991757703822	-0.76748161452908	33645.0541771853	0.0
did:plc:xcohbbxwyb3iytujvhrmlkso	0.00276283876428431	0.9232144451215815	1104.407012962976	0.0
did:plc:xcpn7ckmfa6rle2lpmr4umg7	0.0076870123919768	0.7488771631190906	1545.59036974021	0.0
did:plc:xdfwc774hma7mh6fnlyu3m62	0.00359796636691486	1.9499593548641245	382.5261680617729	0.0
did:plc:xdfxigvy7fitnpkxl3mo44rl	0.00325453922576311	0.529158393655227	6731.73990802681	0.0
did:plc:xdihuftyxsilfbeqq7mmerpe	0.00670206284419014	0.9085070824891999	1314.1425018389757	0.0
did:plc:xdiwdk7pazqqdkvcxfudhzdf	0.00852343946206821	0.8258880218167639	2412.0012113555827	0.0
did:plc:xdllmm3t3wadxevp7re7oef6	0.00370483857525019	0.9201933383499612	516.3420742763096	0.0
did:plc:xdnlap557gwn3374qav3qdub	0.00430848772103585	0.38514687641472906	10058.830531370193	0.0
did:plc:xdpety6rv7e2zntxntwd3hqj	0.00241616634944767	2.043766402278121	420.14965154622354	0.0
did:plc:xdszg6ffyvnygyjzsrritvym	0.00237178012885366	0.8736120737206886	764.0719125413102	0.0
did:plc:xdtx2vbn65camcgqagwanvqu	0.00528071150699894	0.743184920913802	1397.22521409261	0.0
did:plc:xdwgai6toeshetdksarbpy3b	0.00660611065389009	0.499065083721116	3459.62132279042	0.0
did:plc:xedwsk42bwndiqq5gncqzasa	0.00217614701082341	3.69863381777428	77.67131017325988	21.0
did:plc:xeeqa7dfyeykeajtuqgia554	0.00738758030526439	0.7858133783804123	2067.7528506509975	0.0
did:plc:xejogjpaofy42nbeknsi4whm	0.00463917525791204	0.8213972834946585	1536.9894803811474	0.0
did:plc:xemmdwmofg6lf25ho3bvr5uu	0.00338381316961146	1.1598463215755586	442.67699674970845	0.0
did:plc:xenvrrsc6beyq2a5yeipn73p	0.00443627606415437	0.6258417135987425	2692.168634112241	0.0
did:plc:xeyuftjb6sccw5ymd6vvwek7	0.0104959328355281	-0.0669628405583169	9548.65784716127	0.0
did:plc:xf5lcqbizzehfdxiucb63qny	0.00558507015444143	1.2522033374755046	624.9897763687314	0.0
did:plc:xf5vyeik2vqvkwhzhy3vvuo3	0.00426998403074812	0.7465630227466284	647.8138949976626	0.0
did:plc:xf7w5bwp6mzeucoxoecjpme4	0.00523154427498945	0.745055011406474	3400.820244896729	0.0
did:plc:xfahiis2lcafu63q67dfr2k2	0.00446597532460559	0.6602546710335576	734.8330505368359	0.0
did:plc:xfal5uscxu3jmthjfzmej4zu	0.00781995041099328	0.5977237973237608	4764.547718926865	0.0
did:plc:xfjeskvvpwzc2t6b22ibsz2f	0.00297059384638091	0.632867365176011	1697.54393277684	0.0
did:plc:xfkjm6fouhyf2kec2cr7ks5i	0.0051911062115908	0.48503434194276657	2112.1060082108297	0.0
did:plc:xfmhssqq6mijkgibhsrcnwuo	0.0043231750533773	0.6325097808020718	2870.2972931242734	0.0
did:plc:xfn53o7pjwyrutmqcxuquypn	0.00516623614763611	0.847257346802615	2564.91885316869	0.0
did:plc:xfnaphhvn2bifyqlg7p5mn3i	0.00578927055420339	1.2151622277108478	1071.7311988040954	0.0
did:plc:xfqbwveghv7qnz2jvqxsgrdu	0.00914962325367993	0.495025692157982	4494.20271115962	0.0
did:plc:xfxzsqkyjwafy7x4lb5msd2y	0.00436507936529636	1.677603340446784	684.5509957152841	0.0
did:plc:xg24minzoc2wxp66udvvs4ln	0.00618752974811393	0.251748339508429	5276.95190599587	0.0
did:plc:xg2i5q43kynxpipk7lou2uov	0.010291595207333	0.41467022379393104	6098.216781815443	0.0
did:plc:xg5prpbzbcdfsh5xmry2sfwu	0.00583196646843515	1.7006804918450351	908.4168881627683	0.0
did:plc:xg6ny75hacrhhbkgjjxpfucf	0.00625457449838837	0.5959364092888932	2509.079697645141	0.0
did:plc:xgagzxkkpvxne7kmkn3uvfxe	0.0131616595376275	-0.0825237231056524	14203.760163202	0.0
did:plc:xgcfuhpm23k2iy6mu7d7ccmo	0.0079872204516123	0.5879904924548987	3484.103601616885	0.0
did:plc:xgl4ebsf36bcggzfj4hh4s63	0.00718460789208336	-0.33131472182303	13499.952983318	0.0
did:plc:xgnbcpapseks2h4h4fxi2rub	0.0102444703245367	0.5905460315448486	3759.3653533847787	0.0
did:plc:xgobwhbzt3ulscdipk5lvku7	0.00492414160309281	0.494286932617176	5115.34059259958	0.0
did:plc:xgufzj2lko6ysoznus2yvyjp	0.00423011844451115	0.9668131971267999	1025.475807977533	0.0
did:plc:xgvirqwbxdcovp5hftqvtugb	0.00229801644902503	1.2684593283154377	659.6099041181055	0.0
did:plc:xgvp27siwesukxowllmjgm4a	0.00406544372857933	1.0074669135337762	1615.6874664278273	0.0
did:plc:xgwbcxrtdpuau2v3m3lo7fdw	0.00468774829262494	0.6988794285363856	1613.6460578799577	0.0
did:plc:xgwy6ylli627fm3b6f57diy3	0.00492379835948456	1.1558757318066897	2251.0090192581547	0.0
did:plc:xgz3pyxdbhqdobzdau3gmrmt	0.00353730581326593	0.7904509584877376	1496.3927910327382	0.0
did:plc:xgzjwqt6ias6b4umhjvn4dda	0.00676624537357268	0.6260188785997195	2580.793130453373	0.0
did:plc:xgzklsidtwx5fews3myk6kxi	0.00411808054124523	0.7092602768734192	1949.1942948581877	0.0
did:plc:xh7og2qiv2uqol2rzejygrz7	0.00400548118506176	0.44632516881452744	1395.9225624371152	0.0
did:plc:xhd6ldv7hi4fqkru52rwo226	0.00471736478328745	0.7438531075595821	1486.149242703687	0.0
did:plc:xhdroubzflrhezpyqmfzg6o6	0.00470352378835654	0.5464627254590603	4894.281043174955	0.0
did:plc:xhfcd6hldgdags5izvhd63dz	0.00397295601896964	0.7144369205620722	3474.9039423908143	0.0
did:plc:xhgsaurvt3lr6ovdjrc4cfon	0.0126446058920603	0.6412222822801371	4544.4144485456745	0.0
did:plc:xhi6un4uxzs4xkkrf4bfppq6	0.0110613140159297	0.6696168545077607	1785.3330944169675	0.0
did:plc:xhufgsdecgd7wwvi7hc7jeit	0.00840532339001995	0.7201198320628237	2700.160666058252	0.0
did:plc:xi2bm46kpzfdmw5g4ykwabec	0.00853982920695269	1.0870211996365153	1608.1788762062386	0.0
did:plc:xi4mgkkceg5igz7dobwhhqdz	0.00319221029354525	1.0136301646184918	550.6529692473788	0.0
did:plc:xiqy4mv5st6zt3b57aiidbho	0.00471816284010356	0.820558927004297	879.5541824308676	0.0
did:plc:xis3nz6h32ihgdj2oc7aonsx	0.0113941018781593	0.179436967685717	9218.85228032244	0.0
did:plc:xis7vw7a27jyws47bezjf5qj	0.0121776504358724	0.36777698718461	5490.69584509411	0.0
did:plc:xiygciq2q44jkic2mjo6qhyh	0.00329282634271444	1.7070370584576473	453.5196038513453	0.0
did:plc:xj6b2wgqggxrqbh4ovl4rkbx	0.00522384161625641	0.6509556349449062	1810.514568518156	0.0
did:plc:xjiyjghwqna6jhfg7tlebd53	0.00456422516938806	1.2252346777698684	581.1981394105219	0.0
did:plc:xjoxx5cve7yuoiu6fsmhm5st	0.00289551998728627	1.762678617500161	506.58938134832164	0.0
did:plc:xjprjjsmnzqhnthmtkfz5v7v	0.0126217093411555	-0.312112485352359	17699.9695615772	0.0
did:plc:xjwdgyidyrstvy4evxtt36lf	0.00565149136627048	-0.379396947619181	21982.8500636458	0.0
did:plc:xk3b2m4layeeereidj35zggw	0.00594942984841703	0.7036961721309272	1333.5905423016056	0.0
did:plc:xkbwipbtmomjcppyg4ijw4oa	0.0127433628583468	1.0946199700231578	2402.4792607709037	0.0
did:plc:xkckd3qrbd56b7slbrjlo2i7	0.00620220900780769	0.5786171064301975	1372.5302178041588	0.0
did:plc:xkdpocwvwcs2j4qydoicjkg4	0.00577711517189389	0.9716671744072138	894.952396765923	0.0
did:plc:xkjqfvtcfakukddedpzrefm2	0.00597779675532641	0.7157000720309794	1325.4759122417888	0.0
did:plc:xkpc3rf4k7ppdlamtviac7sb	0.0115672488163429	0.293971513115343	6988.16590444253	0.0
did:plc:xkq5yz7hgx7bpfv26cw3bwkq	0.00352485019428626	3.5197393588710653	80.9540052540345	23.0
did:plc:xktvy7muo5tott3hhnyeqxfi	0.0064001861889259	0.5952844109635712	1291.5382152276713	0.0
did:plc:xkwxtoj7on67wphbhun56evd	0.00502895458771998	0.686545171706961	2578.18503822031	0.0
did:plc:xl3oay3vrpwrxd3ytemibqlu	0.00649102711120448	0.702203413973839	4571.441078218104	0.0
did:plc:xlf27m2eyngbit7uoebgs2gk	0.00623085859302686	1.0653947665700516	1518.4844087087795	0.0
did:plc:xlonmzyxwjxlqnre3kjvyqpz	0.00831137239386463	0.5392512881012773	2082.421741610193	0.0
did:plc:xltbqqxjzupbrjbkb2ajsg5a	0.0133466800363953	-0.364742504705905	18277.9257593244	0.0
did:plc:xm4z2mg7twlw2zk7os6jdkla	0.00578127509464238	0.8737602493709283	1924.356625985759	0.0
did:plc:xm55llyxcrb3h7qwqr3wtaog	0.0135501355233787	0.597157990401193	3757.44664706645	0.0
did:plc:xm7htstthbwg2m6ksjurxpyx	0.00684641445538594	0.9013115029090599	1143.9159364216716	0.0
did:plc:xmdfvx7rd5a6luiia5wjxeis	0.00227672565462583	1.7624718343771746	540.1509202432575	0.0
did:plc:xmqvcw4nmaeyssqpb6f2yusa	0.0048562300327319	-0.156322159366436	14825.6187767145	0.0
did:plc:xmulp6i6whcpywv4ezaxvbai	0.0057091346177767	0.8261215552279113	2528.403341734819	0.0
did:plc:xmwgexekisrrrydtjidfovkc	0.00979995959013118	0.415842410037394	2432.12877275793	0.0
did:plc:xn6kb4zs2k5ebhui6whi4y33	0.00613807047987561	0.6981125137311406	2087.857738605328	0.0
did:plc:xn6n2zqggmtit3z4df7sqnf7	0.00297003447375772	1.1582421230465465	517.0832130387477	0.0
did:plc:xnkkwxhjoudbyytshutrciox	0.00877102466532055	0.584540404779072	2896.57769361434	0.0
did:plc:xno5rnjoeccsaqx4ikcrrjax	0.00378992961592801	0.8004659234125177	2152.377653441141	0.0
did:plc:xnqggk4677ybazhzjvb6367q	0.00879208712483002	0.506327620584046	2858.29086664319	0.0
did:plc:xnrjhxvdk3f7rpax3c67i5zf	0.00604229607452129	1.1531172657882627	1646.0877419479536	0.0
did:plc:xnwv2hxfrpdmeahraclfdz5o	0.0121716848235066	0.371312856023257	3585.57180272234	0.0
did:plc:xo2ont5fjkk2wi5zbvvddis3	0.00222132471735881	0.32562946268795123	7016.4950522815925	0.0
did:plc:xo5qef7a4exfeowp5ufrasj3	0.0025684931507304	0.8733094418508642	500.1555067257665	0.0
did:plc:xodwj4pm66hy7gv5h6avg5vd	0.00255955896834683	1.1456419843502215	468.6293697171582	0.0
did:plc:xoex2cqpl7fpm6zv2vmfrvu3	0.00690541191719412	0.7338475711511563	1083.7469467700803	0.0
did:plc:xoihm5z3pl2psdyvqjhn7aqw	0.00371257485065661	0.6081320348620678	8392.742460428959	0.0
did:plc:xolzrfor57m2etxkvp3s432z	0.00275369111806344	-0.151033048356073	14705.1513042578	0.0
did:plc:xon3ll3xbbojrueyzo75aj56	0.00310501436648937	1.4862132118918256	421.9962054201129	0.0
did:plc:xoohh4mdgxrzo5imcdn47pio	0.00340715502601985	1.7592809803309848	259.1277401592207	0.0
did:plc:xoufihytywnglcevxu53q7xe	0.00813798129887968	0.5885066371120309	3956.916342457975	0.0
did:plc:xowdkb4hxstdv2cdakcyboik	0.0139263252673631	0.142230883659006	10890.167519183	0.0
did:plc:xoxdommtggmputgzculwal4j	0.00969333803554752	0.53981096631629	3144.4499713328	0.0
did:plc:xp2j3uplig2pbqx7gycsgtkr	0.00476434224597712	0.8839658113924707	622.8510993634367	0.0
did:plc:xp4itgtfdiqschnrl4vvw5fw	0.00485279845102802	1.7952415004080378	704.375133104249	0.0
did:plc:xpbgaaturcelpni4qyyzqjas	0.00606210565583523	0.337490121612828	6563.2131169606	0.0
did:plc:xpdbownkkumgeoe6wrd5nsx3	0.00444391064239148	1.244481391766476	648.1243596064087	0.0
did:plc:xpegicwimho7436tv35a3mwm	0.00765785291241196	0.526112918101379	1844.57764334433	0.0
did:plc:xpim5hfnmlbaedkpi2ah3hod	0.00610637956164821	0.6841067802768701	3165.802054782271	0.0
did:plc:xpoinvic3jvcwkxmnlyj2kll	0.0026930533260038	0.6838686431945561	372.34084425020257	0.0
did:plc:xpwqvrcaoinsphipqikcgjra	0.00475751995505858	1.103514288774016	922.2928306266232	0.0
did:plc:xq2imcr27h6lnd6ycn2fmy5w	0.00675675675681417	0.6326515630064207	4149.633900748322	0.0
did:plc:xqargi3sadle65xezgvhmo4d	0.00509954972128432	0.9131534369132032	930.2710368023355	0.0
did:plc:xqgjzii47dylxjqma2fslvy5	0.0062211519183594	0.558518582727429	5181.2350226931	0.0
did:plc:xqi3ivr7m7hwfgfkosgevbwd	0.00976958526524428	1.3501397560980481	1165.6233410884108	0.0
did:plc:xqqgxgl6qzgwnwq2o6hpo6s6	0.00473790322665074	0.6075962570323947	889.0158059012981	0.0
did:plc:xqtql5kxwzsqmon5s2uq3ynm	0.0115078194158145	0.5891762500179281	3681.824869395036	0.0
did:plc:xr3o255xv2doquaodnx2rxv5	0.00679790398101543	0.501727034138648	4117.20034410462	0.0
did:plc:xr6d3thp334gxzinssoqmta2	0.00377068640492115	1.3437287612399773	442.85638481886434	0.0
did:plc:xra3gtdmvcmbtzbpv3qtdxa7	0.0113314447607153	0.458666475906237	3729.55341094939	0.0
did:plc:xrgmvr6etrjnwdirkvkykdvo	0.00635287323303216	0.5375553025714523	3628.995790489686	0.0
did:plc:xrkxpxpdqmzc2bx5k6ubnt65	0.00372762620942118	0.8962702536860403	810.2767121929908	0.0
did:plc:xrwdmd46cyapdgamnjkq3oei	0.00307761809313431	0.8767441782612154	1532.3513575042314	0.0
did:plc:xrzkxcrqghj4ghd5avtu7o3t	0.00216841344424226	3.820086522575213	106.96242263210597	28.0
did:plc:xs26i2msi2s34iiuksefwvst	0.00319719471958565	-0.274044142199118	25805.1761517147	0.0
did:plc:xs2hmmsdkbhdgh4tbkcgyyhq	0.00448839329645873	0.9315609037502357	1096.3599997963192	0.0
did:plc:xs54vsolxurfaeh6zqc7swrc	0.00674979979551366	0.6924123399452633	2393.23497820648	0.0
did:plc:xsbiu35fnj4xvrbdf5mgqxrb	0.00718446602060953	0.0692355527976071	9585.29194065413	0.0
did:plc:xsn3rowc6qrmxujaoo5bvenx	0.00396141922155348	0.805529113544193	1530.295402675246	0.0
did:plc:xsrwejzcdq2tp4mzbclstdj6	0.00315412186382301	0.666044765067642	1583.9520055554146	0.0
did:plc:xsyg2fc2bgwg6362vubuscqb	0.00318663336502747	0.345716234650919	4955.73958634526	0.0
did:plc:xsze24mmj5aq3yifilnq3qua	0.00597554196984263	0.5487814074683464	5439.166025674422	0.0
did:plc:xt2o6bwgflrxuf2r64s7widj	0.0244200245138752	-0.364395143830083	23151.9650941484	0.0
did:plc:xt5gbmz6zst3jifcmn7u7dep	0.0086762518760551	0.470871810286421	3932.33219716886	0.0
did:plc:xt5oktmgtoms6ouxutwcgvhk	0.00271754304346578	0.8638006161439211	955.01039856643	0.0
did:plc:xt7diycpkhptuapxf5hxwzrj	0.00797872340859721	0.796311513105835	2467.19060101129	0.0
did:plc:xtb4xbvjdzjhigmkqz5bkexd	0.011372251713299	-0.337884572125428	14974.4367152826	0.0
did:plc:xtcfayvqmhxoewb5n6zoxnie	0.00623686054843047	0.7915914392689962	1235.8785325702552	0.0
did:plc:xtedttmzzpl6kylqfc62gnem	0.0041544229417837	0.9012903972943392	1482.2656809281073	0.0
did:plc:xtk2472aa7docvuqttcjgbtl	0.00528320432546126	-0.105248520226819	15663.3056831341	0.0
did:plc:xto3sugohd3fkn5zyuint7le	0.00630484791861423	0.814214785714491	2595.32995052775	0.0
did:plc:xtpzth4dw2pgtau5qeu7lpzd	0.00899145811781862	0.4647569027612995	3738.584946944955	0.0
did:plc:xtrlfckue4nevvszdzlqbmlz	0.00279886936779466	0.5244013293170942	2516.1776858525923	0.0
did:plc:xtrmksjo23eih7mkr7zlslp3	0.00480834349261257	0.7480142184930767	1285.0937384799527	0.0
did:plc:xttpsrtrwnayrw55uiiaqsqr	0.00634735344717998	0.6577084859523499	755.2330912735208	0.0
did:plc:xtzdbt3kmdb6ef3wumhkhktd	0.0074474299118886	0.7984436198238878	1833.835516209685	0.0
did:plc:xucpstbn7mns6cj5ar25wjwe	0.00451977401149447	0.8192512204894152	1728.1173907139594	0.0
did:plc:xunblmvaeszx7s2pataiqjy4	0.0075480507404854	0.7760223579378405	1453.6016768212983	0.0
did:plc:xuogokxt6fs4unwxtkw3hpnz	0.00591783316477162	0.7880086707937335	1757.0262085803433	0.0
did:plc:xupy23ccpnis5q2dkzp6tznh	0.00309204788722687	0.455223002841699	4281.88270980534	0.0
did:plc:xuqblmsxcadgzhmi3nxqoeox	0.00462875496028694	0.9169281552727584	1445.1825760569488	0.0
did:plc:xuqpmvomthpsz4mtw4vek6s4	0.00718816067654229	0.5706996941878714	4382.211361552013	0.0
did:plc:xusm7epe3ehifhz3wtjntyc6	0.0118712902283624	-0.168671343645259	15400.7432794125	0.0
did:plc:xutvruvmrz7kt7rhwpfpx7ha	0.0142030510448942	0.180065681628545	8334.33842820158	0.0
did:plc:xuupxumcy234pzgwtmdj7umz	0.00438343523004793	1.02525969344547	962.5848213177634	0.0
did:plc:xv2kfkvkbhrfs3njfsn7agwt	0.00841436051229961	-0.115867111008461	14359.5527116487	0.0
did:plc:xvepdobmvxnds7uzjf2gzcdp	0.00663320186598529	0.751503270350694	2751.9940993024798	0.0
did:plc:xvhjlqjoqp5nfphaexybqxgt	0.00383856108797077	0.8592268060041212	419.8347595040362	0.0
did:plc:xvichew2kvpllwpmzzhqrwh2	0.00207206170148468	0.8208327460743194	526.5553678231281	0.0
did:plc:xvkdkq7xcojhws34mth3jttl	0.00301670222955296	0.88509215275445	1054.5105799885598	0.0
did:plc:xvla2gqv6y3fvxj64uxrxsh5	0.00369581397772538	0.8311890880487242	638.5801588189624	0.0
did:plc:xvmkggbzne5tkeyuurdrmu5p	0.00601769911708306	0.8253070178330855	1319.1194348011259	0.0
did:plc:xvmpft6slirp2qbc525v2sup	0.00659793814587234	0.6763457935959742	3552.5989420030437	0.0
did:plc:xvnbr7ljbpegogibwjlp54jv	0.00539870139401565	0.633293088682559	1236.0201392796266	0.0
did:plc:xvnsuymtqwo3eohfl7pu36g2	0.00584683216938696	0.531031370326215	2135.39552722866	0.0
did:plc:xvo4k6ofqfofibuhxxxvy26m	0.00601450557430461	1.087359620828574	1435.7754357618262	0.0
did:plc:xvotjplcuzh4dbqf22nkzf6i	0.0033529411765686	0.5881032762587469	4488.497586603788	0.0
did:plc:xvprorvkbwwzvv37jlvhkbly	0.00298855601734293	0.49198634284973	6581.12696114762	0.0
did:plc:xvr6x3yam5mq4a6q2suxbt5u	0.00202069820148693	0.9400324332663758	359.38387374867386	0.0
did:plc:xvsjxnids4vcccgbqf47jetu	0.00293312475572199	3.755004428877532	153.95518158397883	41.0
did:plc:xvt56da2akhtatkupxksmbd7	0.00878477306015919	0.554801070990337	2803.52257114356	0.0
did:plc:xvwk6mfd4i4cjbp6pe4yabtp	0.00360884166246204	0.6712133822407608	1179.6486795341145	0.0
did:plc:xw5o2jvfjoqsmeet7jg7v4gt	0.00239720673308093	0.6717985261096772	4751.752410802639	0.0
did:plc:xwdlqydwzufm5or4y2yursqo	0.0078864353357274	-0.749325825763416	36794.0844069657	0.0
did:plc:xwdr4kedyocdvohbrk2zrbv3	0.00430928342795289	0.8378666596474023	778.3601408514525	0.0
did:plc:xwrqfwopdmuywnrxjfyqq3xu	0.00409814253046723	0.7012130853095239	2451.0792521527055	0.0
did:plc:xwytwl2jmw3tmo3autwvrsra	0.0136710896877076	0.5104531043778051	5700.957970675881	0.0
did:plc:xx5ug4w4kbam6ykbitwjlxuw	0.00570220714982264	0.7038314404522182	1101.8880931161852	0.0
did:plc:xxbecqn2q6jbwuilusbywedo	0.0064090480695448	-0.456628740599252	21326.5907446163	0.0
did:plc:xxducfmapa63bx2ibtx6jt2y	0.00563486100725967	0.732246580923354	2324.600349356132	0.0
did:plc:xxh6s4agyn3d2jm2myfhksht	0.0197064991304645	-0.250726531616134	11763.8050476662	0.0
did:plc:xxk2bnavii223e7rvlzdjahn	0.014261019897883	0.06719367869422861	12283.74686877532	0.0
did:plc:xxnls4uj7rmgz63w5gdmtqax	0.00732168163056987	0.332288478546201	5957.07939504107	0.0
did:plc:xxo6ko4ypgepq2ao425gmb4k	0.00721385059431626	-0.109625295539704	14815.1230811059	0.0
did:plc:xxpg3pnl7opukcddrpdemqd4	0.00718538287945068	1.1158392403138409	1733.118261559439	0.0
did:plc:xxsefqi6pquqkhujnjogu3ze	0.00263967611356861	1.1731858614405826	377.6556501898421	0.0
did:plc:xxv5pzvt56exy64e3lfrjcim	0.00618181818219399	-0.136429451263191	21714.2322991978	0.0
did:plc:xy75uqaxh6dklueaf26lrgir	0.00860394116017199	0.9305394133877756	1949.8553346238582	0.0
did:plc:xy76tj7ggmqzgfpkdahpjmlv	0.0120891575430418	0.163662212202789	13302.5627115462	0.0
did:plc:xydj7tbnpxjabv2xfvmjnkiq	0.0042996647719446	0.8225766820672505	1282.1882521556668	0.0
did:plc:xye6awiahek5bpdoltcfz2ey	0.00783223850521345	0.6306870821220308	3032.3907633990275	0.0
did:plc:xyfdvatscb7rhdobnscbpygv	0.00362531844051775	0.9385495230401812	799.4872322554485	0.0
did:plc:xyl7yaqbykmoujtr736qavdt	0.00206927456778517	1.3764723964337984	337.4903182718599	0.0
did:plc:xyngrn3iw5sajfygsnngqe4a	0.00815100815507887	0.8864024057667708	1810.9685362456503	0.0
did:plc:xzacerf5tfdcyy5pradvnlya	0.0128424657793031	0.1795198331769437	12244.59347488118	0.0
did:plc:xzfiyrmf3ey6koso4f3rzzuu	0.0052013672171606	1.1390786665651722	1206.3511936977666	0.0
did:plc:xzoy4zpdem4qwxvag6q3athr	0.00707766809586453	0.7984909205520156	2234.269996558568	0.0
did:plc:xzpotfpfye6xstrtlbtcclla	0.00403022670052918	1.2918221854519047	994.0674126913632	0.0
did:plc:xzpzmipbplul35ypd2hwv77w	0.00633779327063669	0.5839371976284855	999.6888891977684	0.0
did:plc:xzqomtbik5url7dfbyonmeoc	0.00443980929781187	0.795944483652266	853.1041203034463	0.0
did:plc:xzrslsbmqtxbcvdztsvrrxvv	0.00646957045879814	0.775182775838214	1305.3297218041625	0.0
did:plc:y22e7leqeis6doi6w7qshvkq	0.00824305228843814	0.170727008904859	9975.16314558988	0.0
did:plc:y22rpkukjbwbluuadkgrhhlh	0.00611120675009507	0.6762208921487771	3505.610296907627	0.0
did:plc:y25wnb667wpkh43zimddmtzo	0.00319212249150895	1.6512692274437093	307.66546635540396	0.0
did:plc:y27a4lapzxjksujaq27hua4x	0.00856400061522105	0.3624835827467122	3934.346937067165	0.0
did:plc:y2ek4wcppwgf76zdohic6liv	0.00415526502508266	1.1098972650382675	699.4864669995891	0.0
did:plc:y2goheoref5nfoglde6kkb2c	0.00617366796591824	0.36200893859972927	6630.960069851028	0.0
did:plc:y2okgrdraoylj2nnow6qutnk	0.00451977401149447	0.7570180933121077	939.1806501327422	0.0
did:plc:y2qe2owbrkl3eytnpwazpbr4	0.00667987961684224	0.5727604359674522	2877.0699905278525	0.0
did:plc:y2xxigkwqrakf6c3okelnrxc	0.00796610169927794	1.3821353301989872	807.4687622594938	0.0
did:plc:y2ypsghs76fzgghdujk5olu3	0.00507316031255115	0.6668992336300538	1531.271120807759	0.0
did:plc:y335fstw3373podig3usgim6	0.0081780399557664	0.521130050409936	2901.14494379036	0.0
did:plc:y3h6ht7xaofxhxzc542hik2k	0.00479590749308674	0.6148709437322772	721.0508028392626	0.0
did:plc:y3ofujsjy37rw4kk24e7qpx5	0.016091954036125	0.437192554574878	6253.60480892492	0.0
did:plc:y3ozcgv5ercrsdb72ganzhzp	0.00433377984420576	1.311700551398683	1345.5426472054507	0.0
did:plc:y3peyjeqipf2ijk77tilfz7w	0.00584746817292064	0.9320760877718551	826.5053966779107	0.0
did:plc:y3ukwngrjbq5skseddhgx4tw	0.0086635648999051	0.35626552400599437	6976.423351633556	0.0
did:plc:y43onwjjzhby6ydz6gb4z7nw	0.00586001085408186	0.9076989335152149	856.848401036939	0.0
did:plc:y467hlm3utervrr6ovgqhj7g	0.00459436585679293	0.7526023382794889	1004.3738031054586	0.0
did:plc:y47xwrpn2pf5da7grwgmhzbz	0.00719079578258869	1.1453593140793639	1477.4812725650474	0.0
did:plc:y4hv2tilyrehwp2zfflzqt5x	0.00323909556906489	0.5654295494200492	2746.0862133827272	0.0
did:plc:y4iwoh54qpog2iao5e5c434r	0.014283520290572	0.391596069173631	3563.006226687057	0.0
did:plc:y4iyjr22y46557ifbzibaiqj	0.00374022441381392	0.8611659046864005	732.830809925094	0.0
did:plc:y4jgzvtejslfpeuvkh5zbihe	0.00779402750268966	0.536999739526984	3219.37880474124	0.0
did:plc:y4psgdhhhey2n6s72bxeruj2	0.00356016681965197	0.9887642334878449	603.581157386014	0.0
did:plc:y4txqsyl3wzkdre2mar7vm6j	0.00651180872937257	0.46798801045863164	4080.6864461352625	0.0
did:plc:y4uhbar7uh6uurbvph4zrrse	0.0114277007539626	-0.110446585642993	9827.14510916677	0.0
did:plc:y4wdi7clfz37l5ovydgtvlvu	0.00421377905752776	-0.114772983237684	11344.4935045513	0.0
did:plc:y4xih5ajlxqmrkrgxf35hpee	0.00524288465715747	0.33260442237155835	6935.511604170461	0.0
did:plc:y4ymitj2rrvcothgi6ajesbb	0.00512727711491128	1.3716269800873628	507.25816201832106	0.0
did:plc:y5csbf6vxv6d2jwp7r5jkx3n	0.00349303998757391	0.8577033071611398	615.2081086327378	0.0
did:plc:y5dejpyjcve6egupmbbnutmu	0.00782661048021882	1.1228310248969449	1354.2257630117272	0.0
did:plc:y5jbdxwg4d6laa6t2e4v6dtw	0.00218250235191166	1.5134514656239137	221.589533240769	0.0
did:plc:y5m2t7kcf32xin5aayhd7ui2	0.00429273985185798	0.3826934101318083	3322.074604343162	0.0
did:plc:y5uhmzc5ljo2shtdjm5usd54	0.00659862748702497	0.630744147166729	1741.90909471738	0.0
did:plc:y5xe2vqmbps6qazqdzuimg4h	0.00419565749473822	0.8890538589606397	961.5409938874748	0.0
did:plc:y6clezkzwdts3kndflqa6gbh	0.00317214154802838	1.951431785739469	443.30307833223185	0.0
did:plc:y6f625heocphfpvxufh2aoac	0.00230568222581639	1.455586796235599	413.90815418735593	0.0
did:plc:y6hxzcmtjz7huy6a2afavkxs	0.00471596999013823	0.9476567976993518	2242.9803530781696	0.0
did:plc:y6l4xvoigjcuug4at2w7ywoj	0.00406920340654277	0.9327433066444923	555.068089475746	0.0
did:plc:y6utgltisnmxklkw5vtcwdec	0.01703499084725	-0.19151373325223	18586.8064629396	0.0
did:plc:y744zncgrqeny3lhkzxzseuu	0.00239750659319991	0.8492139989531832	2381.375861082818	0.0
did:plc:y74quvhapznmw2w3vcgy6sxt	0.0183946488311895	0.27345534804180505	6791.6870412207845	0.0
did:plc:y7aqq77qhoonsoslh5ecqlbk	0.0188560654084922	0.2433260294573606	9281.643671270285	0.0
did:plc:y7iizjspvr32aj64luravw43	0.00528769220125807	0.7424750904145653	2733.0601881453526	0.0
did:plc:y7oeqshpll66g3oljlcsogky	0.00675514583311397	0.2038415430968127	4761.584308420899	0.0
did:plc:y7p2vlxbrmr44i7nc4gvil6x	0.00637646232033279	0.6042942781276875	1379.3337786512689	0.0
did:plc:y7qljwjdd7ijgaunonxqnjjl	0.00594855305677395	1.0138530167206112	2501.6276858782453	0.0
did:plc:y7ue74ol4nsdtqxxo2o6lfsg	0.00607130250625659	0.7847216999512823	991.3838002027518	0.0
did:plc:ya2iorzytr2my5wifd3t7ms2	0.00802437786104783	0.552339508965206	2328.3869898639396	0.0
did:plc:ya2l2btafivedwredacyo3jh	0.0104485929324481	0.6478430735201034	1779.6451214000892	0.0
did:plc:ya5yed7x7h5n5ybyhvgnrazz	0.0073338064832588	0.590956819192124	2424.0558348188547	0.0
did:plc:ya7vduqqfcwdn7egoe75mtyq	0.00405688556152086	0.6469955329188531	1031.2781531060061	0.0
did:plc:yaaxepcjyhodoprrzvqxvix2	0.00495703899537931	0.7110310185790055	851.443127216414	0.0
did:plc:yacko3asjpkebwf4qc7mmmze	0.0176013098749549	-0.447004406364937	17314.6004652311	0.0
did:plc:yaert7nmuyatxesjsmcnlfmk	0.00434101907223892	1.6964868685827221	420.49289457452574	0.0
did:plc:yaqc7vp3fqimemq7odoadsw3	0.0109497206720634	0.4659061240937846	4828.537477175631	0.0
did:plc:yavgewcnqkp232qwowx55nnh	0.00536243770167021	0.9675355706988554	999.5996619376876	0.0
did:plc:ybbol22rbeedfongm7bnom3m	0.00583286595849479	0.598656026125178	1135.4407406021005	0.0
did:plc:ybca3dbiusgsqmt5gryksnq4	0.00372195956176676	1.0747317140035808	620.6148712747097	0.0
did:plc:ybgen5wyi32q55otufetigip	0.0231839259211264	-0.547141514131161	29123.1021641925	0.0
did:plc:ybnzi4d2ftunxau3gn2gu7u6	0.00451599192532155	0.7132517007367094	842.6912029311746	0.0
did:plc:ybxmi2w4sqw2xfyrwau34ygx	0.0101385603349765	0.6765156931345822	5135.970282805054	0.0
did:plc:yc2z6hokbmk4sexq665jcjfd	0.00939597315701396	0.36477302963368	6773.61962277354	0.0
did:plc:yc4a2jqvkndvpk7dl65ycjn4	0.00435790449720465	0.6628682898525834	5221.679279574824	0.0
did:plc:yc67hgovwhxtkxab5zpr2xhn	0.00414431984423302	1.4874583181084324	741.6396821555106	0.0
did:plc:yc6nwim6oygcx3pvz7crwc3k	0.00652032167080106	0.6271713494388602	1795.8701304064148	0.0
did:plc:yc7v5jdjahvumgwatg3zfnrw	0.00557317625787771	0.5645334940999607	1802.0570394261208	0.0
did:plc:ycb4azm3pxsmwszy7766tzxb	0.00526413003385947	0.6609197260622198	3932.1813001127107	0.0
did:plc:yccjurkrx4mrzx6zj2gpdv73	0.00543639418855557	0.8608955816476478	1472.6328064939166	0.0
did:plc:yckf47lcsg74nvdrsbcqypst	0.00366960084648473	0.8088747687323007	677.8627327458317	0.0
did:plc:yclcjvp3b636etnlx55ftm2w	0.00319289005936369	0.8939176551125212	1581.318284502573	0.0
did:plc:ycqtcdjsbldf4yyhdyjglzff	0.00671538613616495	2.1220145026411683	432.9446271951448	0.0
did:plc:ycwrlr6wb7zd2blnuv5xapqf	0.0109321058772172	1.2968270939353292	1942.7962810460194	0.0
did:plc:yd4wsnm35wdyngdim2qoprvl	0.0148079592949777	-0.129274267161525	16980.5585210562	0.0
did:plc:ydfa542z6j4tnpwhmctf3tpg	0.00905941913432129	0.062039267367947244	14180.81237316844	0.0
did:plc:ydfq2mg4jg2ww2ynh56dxn6b	0.00237529691217254	-0.742965287973268	32676.2404532784	0.0
did:plc:ydgg6etvaakmoymko44tbtjn	0.00698254364219714	0.0614903949397633	13558.4454847496	0.0
did:plc:ydqqrdc3jr5i4s46svbdfay7	0.00720411663926115	0.582395791704222	2380.631116132741	0.0
did:plc:ydrimsi347ounmd3wibfq6yi	0.0082320658604778	0.4767987806676048	2978.9041242149005	0.0
did:plc:ydt5hnwsqnqosnxc3abnh3tu	0.00429324937668496	1.0447459368336243	651.0659273214437	0.0
did:plc:ydxhlijms7qzxroyunz4wtuu	0.00264745720974451	1.8985454552817627	441.94773545906855	0.0
did:plc:yeajgdlb3r4zdzgabt2e7zeg	0.00489524994890766	0.800217902518923	1255.5359508667027	0.0
did:plc:yebesvzbp2bvhbntzykismm5	0.00443675740816105	0.6614398749619239	874.439816780687	0.0
did:plc:yekc3ap5nkixuaxtvx7nmd5h	0.00943877551072718	0.459801314135324	5319.49410342178	0.0
did:plc:yekct2tzfhsanjbz42kod3at	0.00578380534733342	0.6365317102805667	1434.6436524915962	0.0
did:plc:yepden7csqubfxlrxjrxdoqm	0.00553839599583833	0.872451689697974	1701.6411539022922	0.0
did:plc:yeubzhpidoig746zmnbcpbjz	0.00897891000220974	0.7044434178562273	3842.787124688906	0.0
did:plc:yf7d2km4mibufqndtbqec3q2	0.00602787894212634	0.8307611435528797	1479.7844277204872	0.0
did:plc:yfb6e4xnygwc54gcedqmikol	0.00440396356826638	0.8010129426998729	1250.6484542433159	0.0
did:plc:yfbn4wzszpr5th7n4x7oxj4b	0.00271641853922018	1.2745411107582811	425.2455431578397	0.0
did:plc:yfdrqfdl73rbejqwfqd2ytqu	0.00888669464643452	0.377542987654107	6268.01733527904	0.0
did:plc:yfjyxzzvqhjzkz6wtdxggmgd	0.00537760112285582	0.8809229699284262	1350.8336395883289	0.0
did:plc:yfyejdmiqm5xlrhyfp2fnbsn	0.00384644392520139	1.3840787554075697	968.1532665484398	0.0
did:plc:yfzccyrbin4azt47i4oqhzu3	0.0075609073139848	0.6890964681627993	1803.7482962597953	0.0
did:plc:ygatjvmhcry2kd22xnhkemij	0.00589014200308344	0.7183909793313507	1229.8495071391606	0.0
did:plc:ygds7joxd2b53k5xcmcwyzam	0.0029425799269807	2.9610615027734597	396.7822413716436	134.0
did:plc:ygqjod2g4mvzqwj4datfx4fr	0.00613496932707626	-0.58333941599402	33000.5216268226	0.0
did:plc:ygwxvotywcd6i53xfhqov2su	0.00290135396521461	0.643398357067961	2126.0373994153	0.0
did:plc:ygzrpn6mqpibaf6rowkd3uh6	0.0046822281906433	0.8374983764887087	1549.7441885881915	0.0
did:plc:yh3ttqyovpdrmpxms62xlyyt	0.00838126542545037	0.42922609210106255	3357.837624604936	0.0
did:plc:yh7d7c34n3o4kinikflvgwch	0.00402478573111004	0.5718807560579899	1192.6868419340915	0.0
did:plc:yhbvpnoi2xaefqsckbwm66of	0.00655594405625857	-0.202457667422764	21150.2870667855	0.0
did:plc:yhf2lgbo5svaqxbtnd5sek3o	0.00466998754758225	1.6737426226832073	391.863763238014	0.0
did:plc:yhm4dujic6wy4ktdmig7vznp	0.00409677240794788	0.7764964299401694	1691.548975983558	0.0
did:plc:yhtwxnqeplyhyxx7j26gntkg	0.00404075896021885	0.892781232871103	1163.4216905887054	0.0
did:plc:yhw7ohpfg3isl2q4fht3ozhr	0.0139756170286921	0.3585516638832167	5708.993819035411	0.0
did:plc:yhyf7penhsxyddw6wvbauhse	0.00755773268531016	0.5791043312499147	3204.806937938192	0.0
did:plc:yi32arzrhtkjosxuyg7u2qth	0.0058606831904208	-0.236432038668979	15134.4277337484	0.0
did:plc:yi5k4h2tjqj6mfybkitina4w	0.00577955139902958	0.253789601010785	7880.54606488826	0.0
did:plc:yiitebgpia4jldd54t2db4bi	0.00836782436942559	0.425826349493793	2043.07857375638	0.0
did:plc:yilw5io33wndsu34a3oqru35	0.00476748076283006	0.7238980297351294	1097.855480799143	0.0
did:plc:yimxebm7ms7gf4sue7hhacrg	0.00517574353044953	0.7635006221226842	1377.8932225773567	0.0
did:plc:yinwkme5i2qatcrvlpdtbltw	0.00511770727048068	0.8192433082201718	1815.6355336052438	0.0
did:plc:yipdl7bycj7orjysjnlvswpj	0.00766843162804579	0.396329277487068	2767.31618063973	0.0
did:plc:yipjjwncsn2ytada3lctk42f	0.00367063492100491	-0.430316539172947	24177.5763015782	0.0
did:plc:yiqq25mzcvgfdtijbl7m3vly	0.0043963113885803	0.8015221046889005	1180.3830754238475	0.0
did:plc:yiu5s3nezoelgj4zr7ca3gex	0.0066745613105647	0.768553428581789	1938.59083212438	0.0
did:plc:yj2y24ffzuucqyhby222jx6k	0.00549766668851202	0.6740861521091339	2224.5332564224896	0.0
did:plc:yj5q6kxkm446sdl574gg4uug	0.005428730512807	0.953362575691117	3016.3777667597624	0.0
did:plc:yjafvn7w6nfpcfrei6b5bdv2	0.00531791907526324	0.5269983409406473	1417.9499389597538	0.0
did:plc:yjfwbzwvmckxenrqfrrxwbec	0.0128865979637571	1.1951043937665666	2012.1621528073913	0.0
did:plc:yjhlzudonrofjhz7oemtzyzr	0.0047639212373325	0.719917493697602	2533.17729049776	0.0
did:plc:yjmjff2ue2gl4qwcihplsulp	0.00740263920289136	0.8006075306040643	2118.1101258052636	0.0
did:plc:yjoipmkpgyekrryjltekowdi	0.0059194948719143	0.829134080286532	2980.32875167911	0.0
did:plc:yjot6x6k7zlvo2jwvygmizpj	0.00405065014664104	0.7557283846290875	881.0592776941464	0.0
did:plc:yjttealc67ug6p2ndr6gssye	0.00246466735613603	0.9743038072479427	796.6320337418747	0.0
did:plc:yjvay6s7m7zfb25famrep76v	0.00299568881319546	0.8103785242994332	613.1333998208224	0.0
did:plc:yjxijttgth4uidw3q6dxduse	0.00516011534440545	1.1515452334568554	1778.926294459739	0.0
did:plc:yjyqsolqkwym7mbaqxqk3qy7	0.00386115294033125	0.7645139637192974	1558.5612736780372	0.0
did:plc:yjzmcwhj3aesrjhnp4bkuhvq	0.00653228816881644	0.428217296684373	4788.09700429473	0.0
did:plc:yk3iv2smel5xadufrx6gru7p	0.00412860154628698	0.623995275741733	3760.94401342467	0.0
did:plc:ykagvicxlgregkp37zjml63p	0.00518448693842759	0.5006042754474939	2385.480315349843	0.0
did:plc:ykbbloui6sqrnurw24pk3uce	0.00919600631997869	-0.20870865771111	19877.9328543667	0.0
did:plc:ykbj5gedxeewk52pg46dqw7o	0.026785714356818	0.4685075423945383	4978.637975208914	0.0
did:plc:ykckqnmagu3rq5hh7o5bofz5	0.00566988660236566	0.3878024528092268	2858.5571718244864	0.0
did:plc:ykipclodmzewj36lsbtk3ngd	0.00422316070242634	0.4103064997627387	3593.8227454730886	0.0
did:plc:ykjkecpv7uf7m7v7xly5rpaz	0.00604427614532662	0.587820083978846	1395.25292347101	0.0
did:plc:ykogcak73ztvcv22kscseimg	0.00396641766407125	0.7168245473315638	805.4021192905403	0.0
did:plc:ykoviy5uiqlcoknitqmunf6i	0.00210714850137742	0.8566529394525465	307.62793710105353	0.0
did:plc:yl3ewofewflqtuwlrdpopib2	0.0109027475008388	0.37442669696452	6434.09531756466	0.0
did:plc:yl3fl4wlvua36qmherigafo4	0.00478690549803866	1.6316884721380738	464.3902397669776	0.0
did:plc:ylexgifaglbkytf5lu4uqwqw	0.00458673932881602	0.7659605764507379	1828.2828468922564	0.0
did:plc:ylfuupjfgazwa2jh6m5qgot5	0.00373227170973186	0.5648825411515062	2702.1270545201664	0.0
did:plc:ylkovfqoiswop5sf2gohpbii	0.00517959689288514	1.1624197032428696	2146.112338499582	0.0
did:plc:ylmhiweuzqsdyb4fvpokgow4	0.008868948250234	0.776251929531786	1739.50290307861	0.0
did:plc:ylnp3iypye6j7kbzdxswm7ol	0.0123304562327298	0.6564128047478476	3799.3994398211653	0.0
did:plc:ylwc745hdx45ubkagsifjclt	0.00490506329493655	2.409223835753103	256.4935453996656	0.0
did:plc:ylwl5x5i6datc3k7li3kz2vc	0.0035390637571841	-0.243285651575975	4645.97160641413	0.0
did:plc:ylxpl7j7ffijgipfg5srykq5	0.00542521994190763	0.7489626614864234	1553.8434819582028	0.0
did:plc:ym6avpsva56rqjezxiqhjfg7	0.00232261719334695	0.8536461403358316	1374.0300512772783	0.0
did:plc:ymbobuiphzdcr44soczoiubu	0.00719249478923529	0.5188807133909151	1052.2737434734277	0.0
did:plc:ymftsyqhxtwjgmzzv4z2abhf	0.00639872025764135	-0.218951402212409	18118.9344376572	0.0
did:plc:ymhmss4pufrso7f6jp6igjod	0.0060267529051605	0.650915890974669	1993.39481648834	0.0
did:plc:ymk6h76silzjysegr2rhiwdw	0.0062613843369624	0.8554250824707742	1143.7335534539477	0.0
did:plc:ymurmdss7ylosg6pellhs37g	0.0077332044513642	1.002920374910551	971.3572207856371	0.0
did:plc:ymvcmqtfpunqbx6wapocwwwc	0.00279572564629674	-0.0318584190900082	12187.2180865282	0.0
did:plc:yn2apgjgvp2ijpiqy5hxswiw	0.00215185982178398	1.788988114899478	249.65918800427715	0.0
did:plc:yn473myxd4fht4dnowmnufmz	0.00332290852278703	0.9133004697621817	482.325197103298	0.0
did:plc:yngnr2ispghnahkg5apwzrts	0.00750988142813822	-0.142008659814154	14600.3791451629	0.0
did:plc:ynkty4bvgvxt3oyis2bnyio3	0.00467578904027943	0.916679362090916	2340.4124873208766	0.0
did:plc:yno7xsobzyksmvbxv7eidkre	0.0038227213000516	1.615370042254627	384.85792641016775	0.0
did:plc:ynuptr4uzpirmhayuu7llx75	0.00783737448413202	1.8525141659572428	617.2380574214247	0.0
did:plc:ynwdeu6qydxr3yebxjrvmxoe	0.00941071028720101	0.5701252224056196	2961.332079000436	0.0
did:plc:yo2czukmpyy6cios7ou7bbpg	0.00527543877508334	0.9077437546283686	1318.8263213043444	0.0
did:plc:yo2jm2bfn7b3mchjy25uyoak	0.00848623853571465	0.571426872097634	2751.06170036548	0.0
did:plc:yo7ljddqbfeddhiwzx7cujdq	0.0040959625512523	0.7937707087985302	1740.2765004205366	0.0
did:plc:yp33ryvgztxydra5iemr2sri	0.0111006140765876	-0.205438415640949	9223.20123213699	0.0
did:plc:yp4wvap3rwrxpc42b3ohw4u4	0.00210947041198832	1.3075600323061523	427.75172602018966	0.0
did:plc:ypfqsyhyjnb5cne4wvuuzrd4	0.00518134715347214	0.430763504838088	3718.72186962104	0.0
did:plc:yphhsumpsnqwbtem6x5fn6is	0.00549873529141935	0.7703066862551418	1607.3221587987844	0.0
did:plc:ypi55l5zriavlg5k4373byqc	0.00259956205580553	0.7662371971078753	478.5032868482316	0.0
did:plc:ypp3dfzee7wmeexgfyxn2fcj	0.00646343816486765	0.45477142903074697	3119.4520793231363	0.0
did:plc:ypraxk55c7f4ua7f7yrzighf	0.00464193970075006	0.7583664991924193	869.0545281542994	0.0
did:plc:ypxefwhlmwqm3gxudioewfw4	0.0146205616327477	0.9054593993186449	3077.649085251246	0.0
did:plc:ypzqn5fjp6gu2i7eesx63tln	0.0149063032533307	-0.198251083293921	16865.5524701117	0.0
did:plc:yq22mewwslmqhzas5hngty7f	0.0101211470739311	0.628198668194706	2557.93131390314	0.0
did:plc:yq26qqrqz7vpyqrqj3y3c3ai	0.00754884547582515	0.9150907206777432	3867.4802739759302	0.0
did:plc:yq3y5mnmxsnp5k7iowykn6cm	0.00415988424695078	0.5780794764418938	734.5140399755257	0.0
did:plc:yq6u4waoxrabuubk6jgzkqm2	0.00452690167072931	1.3756639031880469	462.5610020189744	0.0
did:plc:yqhq7e7go54p2knpx5mprqar	0.00277788801160607	1.282313752326364	1023.6176402403712	0.0
did:plc:yqm6im5msj6eym3g3tbgvegv	0.00654651256926713	0.6352423503465069	1448.949623949423	0.0
did:plc:yqojanpjaudedi3fmypttdue	0.00456912646257248	0.9278384519303032	952.6482117611768	0.0
did:plc:yqrco467setl6ttam4q5kpbq	0.00380570446487236	1.1970866272348593	429.1527706179149	0.0
did:plc:yr453k27jzcj27yuvhe6fzoz	0.014377485487992	0.31935434615465813	7340.941781437387	0.0
did:plc:yr66e4chtpyxgm6myodufsqj	0.00371186637459768	-0.102170361005991	14684.5207960464	0.0
did:plc:yrby3i7ocbsark2v7q5fo23w	0.01018197573865	0.459625833198495	5053.02950454558	0.0
did:plc:yrgmcsjn5xh5fqchk56puxs5	0.0103801374765062	0.41865928334683644	4381.464434704644	0.0
did:plc:yrmh43cp7jaj5rh6g46t7jxt	0.0111036339245723	0.7487811467494245	3951.261813949325	0.0
did:plc:yrpclt5o32hvtbkapwo6xepd	0.00560176540536169	0.3652655754766931	5494.061921818675	0.0
did:plc:yruh6m6a5kr6tyntwgiwmptj	0.00373635143503663	0.7748491400153559	1028.5268662108037	0.0
did:plc:yrzpqcq2elwxmvnmpwgi43hm	0.0146866840903948	0.5335905632528378	3631.6767321397438	0.0
did:plc:ys57nprqbdzuschocykjpfou	0.0118365788535029	0.363663221199547	9745.65684384566	0.0
did:plc:ys64kttwtzulrj52nv5i4wrz	0.00437750794833702	0.439753726827413	3685.01660238465	0.0
did:plc:ys7yp3hgr7iundbn4ukxk4qa	0.00517047948945216	0.62359780469155	2097.040057163809	0.0
did:plc:ysbrebgcnh4t3ijd5icocf2f	0.00459309857589005	0.19959633570263763	5840.229133710515	0.0
did:plc:ysdlwxlzucuvg5kq2p53ah6d	0.00431034482781177	1.3071177777503404	370.12318788074856	0.0
did:plc:ysgg6mszmcocgj6hvcavvhve	0.00698345225470034	0.628685028485242	2996.42145719794	0.0
did:plc:ysggv34exlcc6hnsdxmeynqo	0.00418781725912969	0.748847401346742	2815.876581353001	0.0
did:plc:ysgrfmmzwllkf2slw2mpa72k	0.00887573964811867	0.8727015914131206	1270.37076801116	0.0
did:plc:ysmjmdotnrdw7vhblpmfuubr	0.00420528664631265	0.3477891198684417	5510.364202461842	0.0
did:plc:yssnc3bm2fomfozdevsrnjo2	0.0101474766713183	0.293910907112838	4603.056851406089	0.0
did:plc:yst2dqzscxbbdxpopcrrsllm	0.00843731432333525	0.599747400738623	3447.9072042643	0.0
did:plc:ysutwfy6j3sm7wgg6l2upvth	0.0134911894496271	0.6999134399733885	3141.4711075040855	0.0
did:plc:ysvn4pdqjsp32owzew35ttwk	0.00510792552382161	1.6912080966339558	485.3199547631469	0.0
did:plc:yszbpm57yv4wzckqx6jrgkq7	0.00399221032138134	-0.408624513064616	18537.269366464	0.0
did:plc:yt3dwjyz4x5eyybehevx47f2	0.00245758680836064	2.6805921382405185	213.84366932919647	0.0
did:plc:yt4n5dfgecfbtkuo6l2sscbm	0.006585743803204	0.64587174765917	2234.79124483116	0.0
did:plc:yt4qyvy3tfkh4a7l5ebr6zab	0.00252484898851044	1.620181914729643	498.1286066007458	0.0
did:plc:ytgdzeryw2eofnm5bosjwddf	0.00747208463294852	0.35348009068004566	3152.1440079540444	0.0
did:plc:ythjjblagj3kd7huottxyto6	0.00314611883121039	1.2798654532489864	251.06675375637	0.0
did:plc:ytj7y4ueemdyq5z3ucj72i73	0.00624499599861943	0.420003237671132	8028.87274473127	0.0
did:plc:ytjtwvybjtoog3fsu4eseepo	0.00381800827267886	0.8980999262159303	1146.879235772487	0.0
did:plc:ytmsyy6tkmiqcabzlvziq662	0.00338839474846241	1.1994704180492732	700.9012492037052	0.0
did:plc:yu6jzjblb5lx4zqg6kty3lbo	0.00661444734704865	0.562309856347072	2643.73510064413	0.0
did:plc:yuegb5xhxuur5rfdixk7xvgl	0.0025173064821127	1.8585884088234588	601.2220824464183	0.0
did:plc:yujpxqqujc6ar2336zdt7yyl	0.00569259962097601	0.5631428299541207	5505.454661220145	0.0
did:plc:yuruaalugky6di2jtlmzehon	0.0047937908995694	0.6801850784968518	2329.424981961824	0.0
did:plc:yvd3gmmcmg3ik44cc72s5s5l	0.00800474355259425	0.6806716405214743	1267.4818073681756	0.0
did:plc:yveptinvitrj5aztredamzzf	0.00946696851463158	0.7374503887721022	2075.2086760280954	0.0
did:plc:yvgmo6eksupwozscbm5dh5d3	0.00396563119659018	0.274730452387287	9781.22315136756	0.0
did:plc:yvhzu34u3zzl5meqtydx64gn	0.00561633843959839	0.8749922792080385	889.3334303968935	0.0
did:plc:yvibtq5orgnz7exnezfmwr7q	0.0118935837310895	0.6449220078960881	1939.1713338663487	0.0
did:plc:yvlewewqtjutdigxes4te66m	0.00331363066461897	0.30008843909122895	12804.517585747915	0.0
did:plc:yvs6sagjljs2ia6ped7y2si4	0.00666240273041785	0.4665612382449226	955.6002247077619	0.0
did:plc:yw6wbtma6fynxiafh5v7j5sf	0.00313809608941725	1.085486644405043	332.66552478737503	0.0
did:plc:ywafeyjpxey7nnqo7wrrrghe	0.0028308563342078	2.443760286372884	197.47866022300585	0.0
did:plc:ywbrkz4fjfrwn72ed6fzfjgz	0.00821467690925689	0.7519611310958729	2866.212613892547	0.0
did:plc:ywkzv3rudv7dwgqpsf33c7dk	0.0113007380149843	0.4989817879134447	2212.611978987295	0.0
did:plc:ywnbqo46qyhjbvargmfzmdbx	0.00260340121776347	1.0406681981814907	446.9632892181868	0.0
did:plc:ywrtfej4fv7hehjw52763vag	0.00584103229970449	0.6440029859186163	1163.8315122862768	0.0
did:plc:ywrwzfxvfoirfbaf3fwgppd4	0.002768702586004	0.8712066662023471	552.271186836612	0.0
did:plc:ywxm34mirlley3ekfmlknc3u	0.00272466187210461	0.8540772916472501	476.67867961748857	0.0
did:plc:ywyppnsq3nzozurzqxi4yzcc	0.00308745208029769	1.1012161107244645	900.9534776622781	0.0
did:plc:ywyq4m6oeqxmo3ctw4bfwspz	0.010367810427037	0.764258976009996	2190.27576414729	0.0
did:plc:ywzcnswpgc7py552t4npps47	0.00454603662536579	0.7736122605309832	1895.5051620635397	0.0
did:plc:yx2bcxsmwxt4nt6nyn4dtp2z	0.01626842909253	-1.16430047392863	50210.4579381724	0.0
did:plc:yx7iaqptsuzwi5wgh7h4kutq	0.00348760486422846	2.173668862140084	282.82338294314724	0.0
did:plc:yxckevav4tawqdyiqxjylgdy	0.00661183680204869	0.8218246141402223	2436.865540067069	0.0
did:plc:yxd72a5wrrmqxab4wsviigiv	0.00487263929104988	0.5671485071413774	689.7194484155024	0.0
did:plc:yxozdtsfl2462j3pgqj7rox7	0.00583430571985921	0.7647884407443751	1906.5661191026004	0.0
did:plc:yxsc73sxdwf45azvo7u5do4z	0.00593375065418811	0.8501242107771961	1230.8361557500336	0.0
did:plc:yxt6rztol74235ivjuopgxa2	0.00287842098064889	1.8355017848407156	197.32919159482483	0.0
did:plc:yxtbx4f3cs6xwtwv7lz4xasa	0.00443982240813369	0.6346679084359512	583.08696568856	0.0
did:plc:yxuxvmnhrau5mv5ynrbqqyby	0.00441911850319625	0.514331792529727	6508.92771739779	0.0
did:plc:yxv3o4notwnmjgdmg5irlkel	0.00201956824385999	0.7025043678822347	326.60418894345287	0.0
did:plc:yy425rx2szkwgie5x53bt7bu	0.00452631579044457	1.0112346949167537	1427.1841975932011	0.0
did:plc:yy5n23vbdpajjfk3hnkrri7i	0.00441196131839929	1.2573662369943406	458.47341324575353	0.0
did:plc:yy5rjfloxjnlmvplk7icxkor	0.0049650460763594	0.6560048420319731	1449.0443446061224	0.0
did:plc:yy76sm3dvgb6l3nfwdxwfibk	0.00805270864258275	0.5661143591339165	2734.3153316682206	0.0
did:plc:yyd22yqq475mql7lczy34spl	0.00541813898715576	0.9728076603383244	2035.9429950439917	0.0
did:plc:yyfxoc2etdcnwc2skpvlhq4f	0.00371579211685136	1.2034868045266491	792.0489425387044	0.0
did:plc:yyhsymci5igfafnx7uvvlzpk	0.00750861645031691	0.474185031972641	2942.00765097095	0.0
did:plc:yymuj5poutwhmyujwr67l52g	0.00600826136141768	0.6108153278550833	3036.508591850431	0.0
did:plc:yymxxjz7pue6guesboi66xpu	0.0080663231052542	0.6416123154899219	3304.062202750564	0.0
did:plc:yypnbasfbygiepqjwt2q3p2f	0.00842911879234015	0.633523195909707	2238.31888375506	0.0
did:plc:yysjfuaamyqhkl4nmdsxzjv7	0.00678687196251819	0.737845379897631	2088.76071660172	0.0
did:plc:yytu2qht5jngmnfxoszyv6oy	0.00687352710269817	0.393872172047348	5540.64690041465	0.0
did:plc:yz72qdgdeqhnjec4ehcunhuc	0.00339174675004885	1.2031487614327803	1272.2648871598117	0.0
did:plc:yzbfdq3na2tmgvefv25wtxzy	0.0103588605257375	0.5599451272987216	2649.8966407678336	0.0
did:plc:yzcfnqrmmyzti7cx3gbydjcm	0.0291095893180502	-0.339609325016048	17509.2309474414	0.0
did:plc:yzcyr33ta32ta6ulowqklrbt	0.00577091958580529	0.7522388186159699	1332.8793553426847	0.0
did:plc:yzi5u4hwq6olef22mvgdz2u4	0.00549375085893631	0.7552118255690522	2202.931016884196	0.0
did:plc:yzlos4jesui3fdlgxawfsp7t	0.00470733973452482	0.7437684228575702	1848.0938979140558	0.0
did:plc:yznpo2rwlyubrqxvbn2nqrxq	0.0048616635736611	0.201297656648259	6225.18182673047	0.0
did:plc:yzsrwfim7oh6v3mp57t72txb	0.00572269457399034	1.04793772713998	1390.331310895198	0.0
did:plc:yzxkwtrptzgrw65a7t5fmwmk	0.00667200427157391	0.467402934213498	4407.66280171237	0.0
did:plc:z27l44oif3zozhqhrdz5dedy	0.00244734500153636	-0.157881528904094	20956.3880479657	0.0
did:plc:z2iprjwtolhavgejmpkcaoa6	0.00393181472304287	0.6704372047332421	1089.0563023395046	0.0
did:plc:z2lil5b6rn4t7ugxzfc2jveo	0.00285189175502694	0.9611964606578715	1197.2373418653178	0.0
did:plc:z2p4aqfsboopcbdn6gnfq42p	0.00560802833540208	0.7510514233903932	1611.3922345844687	0.0
did:plc:z35avrllxuu657xe7spc4ila	0.00259922435848918	0.8429977001630269	625.2410818195266	0.0
did:plc:z37cmzcd34ghq5rzecnujwch	0.00545883741571498	0.6611329735440888	2704.913262361862	0.0
did:plc:z37cqhw2toud225gkotdlacs	0.00380533204993784	0.5788651756368292	1368.262063382332	0.0
did:plc:z3fmz2gii6nkptju3wpfs4i7	0.00280195677654395	0.9098772001121553	1362.8771854318259	0.0
did:plc:z3g365konxrr4l4azrv5ha67	0.00323014804856233	1.5553399025689776	463.0390523705421	0.0
did:plc:z3hhmkzoll6vrax6mk7a4nsw	0.00487405720868664	1.0831809980083253	575.4325872899061	0.0
did:plc:z3imoj5qdh6yxmwggcb4fs2d	0.00256289835626545	1.059582317905519	215.70253962342204	0.0
did:plc:z3l52t73kyjefcpfec3zhnx7	0.0164654226738211	0.014088941862457974	11183.026113675896	0.0
did:plc:z3qcarbmcmnly3fdfkhaqxpz	0.00624184834152559	0.8759240132620525	1895.2684668340294	0.0
did:plc:z44bfuiidpotvukiev54ejna	0.00549380350339128	0.6570597305195658	1879.779418881823	0.0
did:plc:z4c5to6g4ybs5ladlvtyxys4	0.0141643059528637	0.2615637456172871	3712.585850802767	0.0
did:plc:z4cz3mxybzmytnmxzbwlhb52	0.00570646733203574	0.6916172642223564	737.3776093437186	0.0
did:plc:z4j7svldxamtdsdngucojsgd	0.00982318272279378	0.350092274142145	7614.67332415897	0.0
did:plc:z4q3mdufqasr6zwynmt4zlyw	0.00306678782384604	1.700464047299408	214.0424783608022	0.0
did:plc:z4q7qq4qjqekgktxpybpqmcd	0.0106034617275956	0.539347247933692	2281.07481580642	0.0
did:plc:z4qagidgntht5zl5xvp5xkfs	0.00560468302454389	0.6195624828846263	2642.8110453770196	0.0
did:plc:z4wy7rqpdhjgzgysy2j7ka5p	0.0052980132456336	0.6744165624851308	1482.7112267564532	0.0
did:plc:z576ajudisomph6pocxuhq73	0.00370085689107157	0.8361809146539936	720.5566383083514	0.0
did:plc:z5ghwztcukatgwzvlejkrcmv	0.0186799502287647	0.497741710759861	5754.51118500331	0.0
did:plc:z5ixy56j7sqbwhnpnxvs4dgb	0.00372347027464963	1.206970811063309	1295.8466471045729	0.0
did:plc:z5mr7iuhqnnur4b3npdgqzbq	0.00502961361356431	0.6316485536726683	1902.9166790882564	0.0
did:plc:z66kkwd3xtt3mjaapsieh5vg	0.00525535642158297	1.064400540499301	1704.9655191098489	0.0
did:plc:z6edz62odua7r3tfeb3ixa4c	0.0164770498356957	0.749240190267149	4219.53814022992	0.0
did:plc:z6uttv6gmhkdzz2ofkoqznr5	0.00699944741333633	0.374583311649339	5530.76108901706	0.0
did:plc:z6wx5mibwkez2nkoojdpm2ll	0.00227782802405129	1.8371394658020552	357.6951917784852	0.0
did:plc:z6x2vlrakbd5ettdrlu66pbj	0.0137380191904596	0.34813221315961634	5654.642960819155	0.0
did:plc:z72juzfnb5rskut4dzytlohp	0.0045777217550678	0.21449590762588	6355.82568539474	0.0
did:plc:z77ilmnboc6u2763u4do7w5l	0.00362122035164422	1.6340016354616722	459.7048215783437	0.0
did:plc:z7k4fhqh4pbafdmu6srrmfvj	0.00467762326257204	0.6990539451698456	2109.861102875264	0.0
did:plc:z7lqw24m2ok4zfi2jtvfiytt	0.00702905342207955	-0.102253814421168	11339.5873901359	0.0
did:plc:z7orjseas5c6rzuyoqaodfnz	0.00566171266857279	0.8945438194793734	1474.7326284305918	0.0
did:plc:z7qgkzbzwpuyawiepezrazo7	0.0137999014501224	0.473727549381946	4724.29593295984	0.0
did:plc:z7srddlua6pntlxcefsb2leu	0.00352564102606024	0.6278892437662414	5097.411153102399	0.0
did:plc:za2ezszbzyqer7eylvtgapd5	0.00719008264467567	0.5850259970206182	1215.1629112783714	0.0
did:plc:za5d32gebzclcpzpafrfu6a5	0.00621155469971705	0.7478075828066084	1784.4277681498208	0.0
did:plc:zaljocps57fcr2gcg3tah44a	0.00404764658399796	-0.210150071133367	19028.1034274427	0.0
did:plc:zam67e27olqbjkp7lmdy4sul	0.00444368484122549	0.8784895377304431	958.7973500601677	0.0
did:plc:zaqtue7zlc6herjfxeyczxzb	0.00400625088819264	0.7969272980114279	1128.2831824673444	0.0
did:plc:zar4pvoftibx4qqp5pcppn4b	0.00226911139545202	1.0581363692334858	393.3369966181347	0.0
did:plc:zargfzmj772rqjw7ktvqm22b	0.00555325321437161	0.8631887000890942	1591.6062553073068	0.0
did:plc:zavwgyluoycac4mmbz2wd7hu	0.00569437362131289	0.35190742124804	6077.80631637499	0.0
did:plc:zb2waaqgqsvbme6dtdzjpifi	0.00588911232622174	0.55508676551316	7408.34934216875	0.0
did:plc:zb643i7mkqnuktlqlibvtklq	0.00300100853579411	0.7627915683052615	1459.7015760422462	0.0
did:plc:zb7bj2tkguqyk4tpuuidfljt	0.0093735711153196	0.520555292771949	2613.39219941477	0.0
did:plc:zbbqk45raieyo6jfl6unb5mz	0.0103806228471897	-0.408025406562245	19854.204562114	0.0
did:plc:zbd2kixkfyympsidk7rbvp2h	0.00669176077694192	0.6942604406868672	2409.695267180879	0.0
did:plc:zbhggfk4zlwofwclezhbbe5r	0.0043358188347976	0.658117622736059	855.4053957985051	0.0
did:plc:zbl7xo4rk7szhiofotyp4t55	0.00426266111867448	1.8012355716059871	529.1327237432824	0.0
did:plc:zbnclp6wvnnrebjnf4cqdkhq	0.00404498017987131	0.713141776796463	1555.3115018102603	0.0
did:plc:zc5c2cdn3y7diwfbpqfge73l	0.00212906888729051	0.7032179084919877	1517.3352541413742	0.0
did:plc:zceastxiyvvwwe5wyzgxmmuf	0.00503714543348818	0.6279884328966138	1174.1905357734474	0.0
did:plc:zcebanhee6ocfz54wiwx3nrb	0.00481686146102082	0.5725056273010916	885.9289689142323	0.0
did:plc:zcf5zwnpq5npa6mzxmhoxd5z	0.00433541576928664	0.65885729315164	983.1880280143856	0.0
did:plc:zcfcys2mwvkzjlhpviz3d36x	0.00503085591631468	0.5073535201846645	3775.0277923564763	0.0
did:plc:zcipfxkc74wes3yzhxuxx4et	0.00798763205792172	0.730824523153893	2544.42319654232	0.0
did:plc:zcisc4trfep65s5jnvbjjvni	0.00658234383843363	0.767149852959618	2497.69445737817	0.0
did:plc:zcivmn5ryyeuynfmoiyx7kwi	0.00528572853356575	0.6966938888415878	1660.9225092596753	0.0
did:plc:zcjdyrmae7i6upwujciw5igs	0.00551153978696031	0.6223926478160692	1730.4632115448424	0.0
did:plc:zconh7ajt2rxwyh6ow3ealj6	0.00603070175479107	1.365553788629755	1067.838013993045	0.0
did:plc:zcqb6c2l2c4d6q2pa7tpqqss	0.00530397126515918	0.8266335247948077	668.514766360381	0.0
did:plc:zcvacq2xolptewfedu4bwmgh	0.00417163289655451	0.516250468373839	4998.5327616906	0.0
did:plc:zd2se5rlnn2kvrczis7owh2k	0.00921085387386348	0.495359963571377	4252.17352478401	0.0
did:plc:zdau4palo5mhgzyvfhuux4c6	0.00951188986488327	0.7934585736312421	2254.5509936638646	0.0
did:plc:zdflkmvapczzuujaht2z6tnt	0.00403661379409104	0.539261099385177	3206.47361240898	0.0
did:plc:zdkvml5de5fcshvkcytktbdd	0.00517018526561884	0.8253733818532091	823.4608997889887	0.0
did:plc:zdunr3mxtcrws4r4x37o63mw	0.00280720818635253	0.0616954911411092	8731.84972530715	0.0
did:plc:zdwge4sxou4bqvayfkmydzry	0.00569395018034746	0.582566018066113	3352.6225111717	0.0
did:plc:zdwlydl4wp5kzm4zuhjdgwow	0.00721370604265631	-0.183769748433345	11879.8837085766	0.0
did:plc:ze2obanp4fq7uewtb2gnunjz	0.00377974400858467	1.3100163927671105	1463.3060243735554	0.0
did:plc:zeeojxvrpy66lhiohnlfp2hd	0.0120437956267162	0.64714885430388	3999.256694736902	0.0
did:plc:zek5evjtssqtl65qp43ph73d	0.00520756931517813	0.281087995039038	4620.78969204318	0.0
did:plc:zemsudqpli4sguemsam2vqdb	0.00825521198097092	0.7288395742891232	1644.292982257423	0.0
did:plc:zenzhsp4wi6bkymubcn6qu5c	0.0116699083147664	0.5140454167715887	4831.350137987552	0.0
did:plc:zepzsuohrqyqsraxv4wkm3va	0.00635742877497778	0.8555218024232356	677.9623221790146	0.0
did:plc:zewukbj66fm6b2jxkengjbrc	0.00582207731944069	0.607288522303358	3163.19757250863	0.0
did:plc:zf4ra3daohjelowkesprhtlu	0.00268729641713484	-0.337321496467617	25918.2956092131	0.0
did:plc:zfemzmbarjqwq7np5ugziwfh	0.00566075543581807	0.9074806668674791	1127.4566915980142	0.0
did:plc:zfgb332wq3igi7zppfjbe677	0.00297243308044656	0.8183584977373238	640.0113956296432	0.0
did:plc:zfo3ww2suaikfjuho3lvs7zs	0.00391379310375177	0.7614805438594636	486.1621587919734	0.0
did:plc:zfw262ctcjyl5n5n6gmlxfnj	0.00487646293965481	0.590561235527672	3572.48707852112	0.0
did:plc:zfzdb5haf474tard4z4cc665	0.00287645620611279	0.5913057023771751	6059.293690162517	0.0
did:plc:zg4kee57h3ke4s2a7rpwlepi	0.00700666207856368	0.5274628257286468	3677.795712083234	0.0
did:plc:zg7ublgyxfpfaxtkrskrlqvj	0.00359879266349991	1.6803415753933588	343.3909392353548	0.0
did:plc:zgchfkftecfnvf6zanigjhpx	0.00580985915719792	1.2753623359053812	1567.0008297871511	0.0
did:plc:zgddyajno33vu74ohofxet5i	0.00797563805539105	0.5680465358337695	3340.2279803046376	0.0
did:plc:zgg3ur4j6q5ier3swmi2wz76	0.00456150676887709	0.569930107249971	1895.23966762546	0.0
did:plc:zgpuiszfx7zxgd4azmyule47	0.00295406899195059	0.887205334579993	1121.8752045760732	0.0
did:plc:zgqalqbbq4zmishmztljgjnc	0.00328439910435932	1.7273632289720628	402.3414633731425	0.0
did:plc:zgsrmiu3wrajqa4kw65fa5rr	0.00200635613626007	0.727398747226938	1446.80318838088	0.0
did:plc:zgtwuzifxysssqk356u6og75	0.0115906288546768	0.7529196023476036	2949.4217541868006	0.0
did:plc:zgul7ak3o2cusw7sdpnef3bh	0.00804020100926756	0.7812210530151107	2144.896849827648	0.0
did:plc:zgx4z6vnpclo52nplhmjf7o3	0.00243239570599249	0.692346521863157	1012.5320096295484	0.0
did:plc:zh35ybeex2ckbn4btsu2wv2j	0.00319931396165573	0.490872392713872	3206.8737461409	0.0
did:plc:zhbf6z7imreeyjvrk36opgmo	0.00604770429345924	0.6789060675625591	918.0032694050074	0.0
did:plc:zhjxyg6b24jhkoptrsgbda6z	0.00344378257677261	1.2834248412565556	642.1368853977772	0.0
did:plc:zhlkv4pa7tr7baoxtsjuhtsl	0.00440403466507061	0.9211522278641039	921.6629925187488	0.0
did:plc:zhllnknwh3juvv6sqocrjx3a	0.0024972253052662	1.894915346664694	306.4529635194145	0.0
did:plc:zhlqp52sqnl6s3kuni2cbf76	0.00310046117424958	0.5730791222496585	1103.0852506154765	0.0
did:plc:zhp3pef24ug6dmzr2opwpdls	0.0034746595539975	0.9427190299029956	969.206553414549	0.0
did:plc:zhrvpupahhev27xjktoetbuq	0.00926402471790092	0.33865830751423	9515.35318069673	0.0
did:plc:zhsurbjflyt34i6j6mopcble	0.00477546147504774	0.586915925873929	1658.299649176716	0.0
did:plc:zhy26uvivrt7umcz6sxsi3pb	0.00654008438824902	0.5368985105698898	3988.4143660589775	0.0
did:plc:zi4jotmttki6p6rxclbx3rdk	0.00685913185940614	0.723122123723671	1629.8307486327055	0.0
did:plc:zi5bmhvzsjzpwhtsrsfufchg	0.00494611339985962	0.7575599552531191	1393.9217756131563	0.0
did:plc:zig2lvfomp3gsrstzk5c6csk	0.00501882057787253	1.0541682998098258	813.1142116040453	0.0
did:plc:zihyscyydqe6zqsec2pfpz3h	0.00644100315363937	-0.404119127595806	17163.2734363917	0.0
did:plc:ziix7olpn3jzjnjaictieg4r	0.0102204701519166	0.8034887868164718	2384.2446969376106	0.0
did:plc:zil7kzg2kqjosxv45hmikeqn	0.00598646538269607	-0.117140070597333	14350.6052491389	0.0
did:plc:zipot536fdhmyuxw3hq6ra4m	0.0130126182965698	0.39042440069823386	9662.575018497442	0.0
did:plc:zirejtidqanre7yn3tufvyxi	0.00857198519734064	0.7731695821090957	2646.5384383054525	0.0
did:plc:ziwpu6fem63k3ndxpt6wk4xa	0.0037930511303961	0.8787719490384406	1834.8592594572854	0.0
did:plc:ziy7apervyuehymraxds4xxv	0.00203360804882614	1.0419110679285915	3263.0612324635345	0.0
did:plc:zjalzs4rouwy3o4c4omqsqth	0.00563351428913898	0.5912253492062988	2530.466330161281	0.0
did:plc:zjscw724zhp5sx56brc3zh5p	0.00398788178586825	0.9114195254600954	633.7338783695516	0.0
did:plc:zju4nddn7sr7si7cemijwogd	0.0106020446892603	0.665714572818686	3902.36435225009	0.0
did:plc:zjwax6mgpt7oed5dz7nukoau	0.00444554211018868	2.341518232163355	373.0951990138335	0.0
did:plc:zjx2ri6udtw3vimrzuf4xexl	0.00645346336031857	0.7339466373970764	4785.947517159086	0.0
did:plc:zjxvw2ugdwzygncuzr43rhbd	0.00448765893812006	0.7703613781489418	1485.8596702240498	0.0
did:plc:zjy7iu45n3u5rkmmcevf6gyh	0.00489276686042444	0.3286031768682732	6919.370469183866	0.0
did:plc:zk5phd6vtgpkjdfcxfxuzyhz	0.0084252996358186	0.431766606887041	2781.75733123364	0.0
did:plc:zkalxdi7mhxw6e7xjr6odmko	0.00827991453379697	0.0786206623605291	9826.6520449786	0.0
did:plc:zkaxmhhljhimdxmsxwrlkfnw	0.0035934108944785	0.6386783619090888	595.2014840512093	0.0
did:plc:zkgx3lt3vrz2yrvfqx74ag6o	0.00510966119082849	0.590350362003206	1441.45955400179	0.0
did:plc:zkhr4kiokonxdrtqohzsmzsb	0.0134782608697443	0.5149628733136971	3629.9201977566554	0.0
did:plc:zkt4midwptjzbp5yrl2rycov	0.00562407498816724	0.886115850968163	1807.8211171800754	0.0
did:plc:zkt5em55bsyiq5tye4bo5qq5	0.00281830238743702	1.6817036795178513	320.83471563714437	0.0
did:plc:zku6a4b5eawropk2i3s4mcrv	0.0073467674279052	0.671254502637012	2704.0869250911	0.0
did:plc:zkx5ssoe4pq7pfmckyqumax5	0.00281554731509891	1.193607925584203	555.4454342405705	0.0
did:plc:zl4edyafvxx2yhvieihh2ada	0.00745371484062988	0.6648100553746525	4528.561674509021	0.0
did:plc:zle3bgwyyblizcdgjssq4ura	0.00370779706977287	0.8229588828327539	765.7911116711286	0.0
did:plc:zlgvaiqs442byp37twfwdjiy	0.00451238084592341	1.123761447164087	640.7052635386049	0.0
did:plc:zllda4z2wuurbhfgklt3zsw6	0.0129394531300599	0.5411431122995517	4118.762445978355	0.0
did:plc:zlm42d5zbulux5nm5jtg4hm4	0.00269313634984142	2.120645260821621	463.3603286035045	0.0
did:plc:zlruobpbnv4rxs2hfvqjbb26	0.00816326530628454	0.6971029838393411	1973.0056786913528	0.0
did:plc:zlsjjmcm523yvkkwgt7jyhuo	0.00347090965369277	0.9138517132445241	1104.677768200075	0.0
did:plc:zltoppdqcpmmabojfwujtdnd	0.00359651776450289	0.7511742872938229	1529.9972021912768	0.0
did:plc:zlxecmohldkmlowfwkhfwa7g	0.00785960379437999	0.6136096373058887	2706.1450663744768	0.0
did:plc:zmc4rweglr2u7ytspfj2pb3n	0.00415007336013601	0.7348534164157993	1301.124332858812	0.0
did:plc:zmdbin63nrhhplb6jk5l2egy	0.0124223602541674	0.217513873685954	10663.0693865502	0.0
did:plc:zmfpn4j5ryiccximm7uqhrfq	0.00447956199938463	0.6124995808883558	3620.6324958257724	0.0
did:plc:zmiwg3cgvqwehfjhpvwapzhw	0.00578118225407317	0.396145843754131	7049.89218439648	0.0
did:plc:zml3zs752gbbusuppmre7cog	0.00518685995542176	1.767050397577716	374.61677159825194	0.0
did:plc:zmskeloj3dmzcwtsimyt3rlg	0.00352072686015981	1.225023211245344	440.199134339654	0.0
did:plc:zn3k2vj2rgwgcgvypn57r2y3	0.0149761742688618	0.5033992496504327	2766.6217885569736	0.0
did:plc:zn44fge6w7z4wr43t46fjhak	0.00398732794550104	0.6833003595820721	1409.7082978330277	0.0
did:plc:zn54dutjl3s6fdpkxjsabije	0.00853062398514513	0.448601684371018	2458.62217951096	0.0
did:plc:zn76p7cnurevtf23kjqyqugs	0.00703674746022165	0.6092562658052316	1895.4524036688551	0.0
did:plc:znd3mze4qrjxf5cbkxhsalhu	0.00679694138342934	0.9744540267386967	1256.1761393986644	0.0
did:plc:znlaa4exy7aubaobgk2ttoys	0.00280885272911663	0.7534009079165536	803.658052645094	0.0
did:plc:znmdnbhugb3gztcjc5ipcvza	0.00904482656097035	0.44721744172163463	2360.351582832768	0.0
did:plc:znpdj3g5p2p222ojkvccfpks	0.00529717131112096	0.6347117642488175	4715.758754274431	0.0
did:plc:znzi3k4uhsin7b36hph7yoxo	0.00550180231508666	1.3067023109747629	581.4007794695863	0.0
did:plc:zo52zqkufnkvkb67hk3qusvl	0.00858963702203995	0.562639122599006	4004.33758733855	0.0
did:plc:zo5dfkza65pyvlxxzjn2e3p3	0.00318189853290665	1.7180890402186675	540.6508048035973	0.0
did:plc:zo5rqwy6mwmn52ozrg55w6wc	0.0157232704543356	0.727969594797628	3142.08477071722	0.0
did:plc:zobbiap4jclazvmfnepd63lr	0.00970017636693938	0.509545398933755	2918.40580083485	0.0
did:plc:zofw6ank2vavcr2vsppjhakp	0.00802779775168617	0.4864925754846258	2419.7287433832016	0.0
did:plc:zoiuuc6kg2aw7ximhs5acxnw	0.0048559404345805	-0.278856735159535	18260.7795935415	0.0
did:plc:zojcgejjmuyqm5rlx3spbfpb	0.00205205205214688	2.55372988805081	197.64106648908495	0.0
did:plc:zokklkrcy2ughkfoynrvpo4g	0.00687876182314381	0.60352812002983	1684.51850117562	0.0
did:plc:zol7j6fzk2vqf6yawnkkg6bi	0.00717139637931556	0.7568603915044122	1269.06021520726	0.0
did:plc:zouw6o57e7b2idrspxdwlwx2	0.0105404799376128	0.6267240756124784	1874.465733425208	0.0
did:plc:zowbao2bwweydu5hcg4m3xvx	0.00585091679941929	0.8947634584549172	1198.2426354671386	0.0
did:plc:zozwixtek7e7nhobazi6qxlb	0.00894490750460012	0.293271068879382	4134.10839785323	0.0
did:plc:zp3m7aalt7ws7s6wahuewihc	0.0166270784443321	-0.139661153775711	18064.5400372299	0.0
did:plc:zp4eb5owqcd5dqts5bypp4lf	0.00369383719689146	0.5802879697347433	466.1424942020163	0.0
did:plc:zper4gmdnp4outhqqhpneo57	0.00205205745770364	2.057572841404824	457.0209423522903	0.0
did:plc:zpfcnm3a3cmipuzmy2ny6qjq	0.0131741457437809	-0.108178553966356	10874.9846029624	0.0
did:plc:zpg6caqyvdlz45a6lfs6clv6	0.0152788388236019	0.344548983408705	5692.15396435062	0.0
did:plc:zphjhrycuw76rbc7n77h5erq	0.00243077308635095	1.5639641189707711	294.4831851709934	0.0
did:plc:zpqdnctskwzi3mxxhda7xftm	0.00551122337730506	0.44965048156052306	3373.415727489398	0.0
did:plc:zptb3zf5ccyybyrkhxgqiizy	0.00422494172498969	0.6622722474777769	999.1482767515174	0.0
did:plc:zq5iacwyktj3yqr4y5xfezg4	0.00390934283482554	0.7502539240240266	1278.5293332867263	0.0
did:plc:zq6y74ss56ttx52y6ppkni5k	0.00465322402039135	0.8475147403980097	895.124259164924	0.0
did:plc:zqhkoh262khzjv3nqc2eqggp	0.00251313685177369	1.094577990698016	379.5929024254064	0.0
did:plc:zqjfx3iivwmy63nqlm42skzt	0.0130526316035929	0.48957501325581704	1709.612707923419	0.0
did:plc:zqkzvyrho6o5yhm4bt6amrpe	0.00539108187145893	0.7175165721025588	1381.068857513183	0.0
did:plc:zqohu4yv3sgmhynw75ndt6hj	0.00578501278314024	0.7114643694991161	1980.7223713453427	0.0
did:plc:zqonzjaokf7a4bhh2nocuago	0.00727969348681914	0.6047945812807184	1834.5221101134973	0.0
did:plc:zqtrggbt4tgzqennme7unj3n	0.0140548137934483	0.5215956144426996	2717.6019121653244	0.0
did:plc:zqw6hf7qw3a4p7iczulondtx	0.00236560411621047	0.3265699708385923	4966.7348262039	0.0
did:plc:zqxo3cgdso2ss6diq4rsjs5l	0.00505300703527208	0.5872954845720163	2371.361929166354	0.0
did:plc:zr3alo7cjwfvk74eoqvif6d2	0.00587240857947134	0.6353111514115589	1555.0824278848913	0.0
did:plc:zr3nopqes6kebuqlakdoljfp	0.0129916997723783	-0.176511221835708	20899.1854967027	0.0
did:plc:zr6oejhkuc6etopk5jr5dlyv	0.00666856654347339	0.7757494502730017	1146.6719954601633	0.0
did:plc:zrdbvw43k6wg2dcwawjuiwm6	0.00408871267506235	0.14371042338667186	14033.16892878534	0.0
did:plc:zrn6kez7fxcswlncs6gmm7mk	0.00683047149365719	0.8750658077208101	1576.2911100321905	0.0
did:plc:zrtvzvhb5oa57kwremizhvgk	0.00568181818181896	0.709804280943665	2548.40489437687	0.0
did:plc:zs4egsypzzf7dvd3iua3623b	0.0041375743472948	1.4990418508041112	819.6219251586379	0.0
did:plc:zs5phjxosqakvkslvsvxdhkn	0.0108364375297926	1.1602750773925694	1597.2624255688495	0.0
did:plc:zs6lgajyk2l5uymulxktna2q	0.00224150397686472	1.7337355375659003	185.76799278480993	0.0
did:plc:zsex6zrj6wcplhpjcsuy4xu2	0.00292589717576376	2.353076276219794	228.96301957213674	0.0
did:plc:zsfzfubxq2q66zzgoelv25hf	0.00746389745785032	0.5086807611004601	3613.7598797063824	0.0
did:plc:zt3cn4zqbyvrujyouxx4qq52	0.00275520044101378	1.5535216276163983	585.0346655511077	0.0
did:plc:zt3gtowockzlggpbj3lcwimk	0.010204081642993	0.242185494687933	8478.28767160408	0.0
did:plc:zt754ohw6kbyamua5kcixora	0.0032761008444459	0.5721868318453385	951.847153436448	0.0
did:plc:ztlosdapkofmrqryx32wbjzz	0.00268538297242788	1.2346104951877623	584.9197878659904	0.0
did:plc:ztmxvgtedds3ex3yqg6te2h7	0.0071348940926331	0.6406391927951374	2582.8204531999854	0.0
did:plc:ztqvcgqnxmokfpckdiuolq6h	0.00671800753733517	0.482146667583792	2077.96758455543	0.0
did:plc:zttgzafofbf4d7oy5tc4xrsh	0.00540116734963848	0.610290547971354	3546.25159901406	0.0
did:plc:zttqv6sgsqa6fi5ltuqlmhat	0.00714641848218193	0.7817354303621453	1825.150824386418	0.0
did:plc:ztubizu7dg7jfxmuealjy6ij	0.00625820127363836	0.6676341246672413	1423.8976888332888	0.0
did:plc:ztwzlh3y62nag24kx5nxvpgd	0.0283687946254745	-0.153359254968686	19950.9458113802	0.0
did:plc:ztxnga2jxcqszwk7xw3l3ynf	0.00256966279956833	0.7293883369676948	614.0879023347985	0.0
did:plc:ztzhu67brvmb6ojqihnetfp5	0.00771128933238829	0.67744201534335	3426.18934909418	0.0
did:plc:zu3qbenuvqtxqpwwbre2abur	0.00553456909478914	0.9634522022573693	1352.5728249699457	0.0
did:plc:zueao2p2pfcpqtltdyie3jmx	0.00573409788018941	0.5773620656618131	3391.5711930554053	0.0
did:plc:zukvnqrmphnqg6nfutmmdvgu	0.00559506875550685	0.6124398978389246	3683.4019138369686	0.0
did:plc:zum4rxz4fdpevi3k7xsu3nz4	0.014623655914679	0.22014200392786917	11169.445102450838	0.0
did:plc:zupilpvshbrx5suych3ye3q7	0.00389502344608022	0.8236170680831274	1276.1828206800844	0.0
did:plc:zuw27wlj5o6sa65rc2yez5eb	0.00411743644852313	0.3332303793532049	5721.13592468905	0.0
did:plc:zuwllvqokou46yqglqa6zs4h	0.0026733883289504	2.494746779916705	181.4608735108906	0.0
did:plc:zuwya4a5b56yvmufumd3reon	0.00676525175123962	0.48528121136378916	2243.804068434415	0.0
did:plc:zux74c4vlzscwqkd43mfj3gj	0.00383591941145743	0.5143214492731882	1797.3513264301837	0.0
did:plc:zuy536whvhokwmpystup235g	0.00408496732052745	0.9555882769032784	548.9578699311078	0.0
did:plc:zuygjvrgfup5l6bdsmn2en6k	0.00206088362078313	0.7175683079265548	1234.8077808556898	0.0
did:plc:zvcyfczjofwrsvyjvlhckx4p	0.00586510264150028	0.7995458648495818	3272.383034787349	0.0
did:plc:zvflwtetwctsbpealst3hapb	0.00586088687603397	0.500019401049832	4347.81224316507	0.0
did:plc:zvh2tx6vvqwhllz6svft7upc	0.00862068965861004	0.6633759775052341	3152.5161861508786	0.0
did:plc:zvnzbkhgxrsujwfz46ez42r3	0.0108803165268221	0.891702865954027	2496.7953210984997	0.0
did:plc:zvp7y5viwzdr3v5zzwaz5xrk	0.00583358919474888	-0.426766477349012	24926.1863890728	0.0
did:plc:zvpg4goimre3uve2zg7m5fzr	0.00730593607328599	0.31372153151136484	3727.0082052813696	0.0
did:plc:zvpofrjye75nhhqecmdkmmiu	0.00544437904705064	0.676929330140596	2868.31225313137	0.0
did:plc:zvqiqpbuihhgutsknxjpgqvu	0.00446038395568836	0.5565532777356234	1303.0425705806665	0.0
did:plc:zvuj5iz3tuh3wxqzdbkbayyu	0.00424651567967863	0.2677000080361048	12467.451384402659	0.0
did:plc:zw6jq3hka6xwu7oggcwmydnv	0.00585262037997844	0.29682697024433113	5905.00973722699	0.0
did:plc:zwctj6k5budofudxfqkcvk3s	0.00507018199353489	0.8920507034800569	863.9755334976335	0.0
did:plc:zwx2qnposl55li7j32uksvns	0.00649953574906086	0.484854451690433	3250.89510728227	0.0
did:plc:zwyuxkmldctsbifj3u7g4esz	0.00422077922198209	2.095160082222521	416.6577261377528	0.0
did:plc:zwzqlrsdxqcyfpp6cht7b6ic	0.00835003341905807	0.6304778834384883	1896.8610752969685	0.0
did:plc:zxeurowtodsq6crs2yfqa47r	0.00413793103448317	0.7498652818376855	1780.1782565558897	0.0
did:plc:zxgcu6cq6cmaehqtxr7lyekd	0.00461228019693848	-1.33203215096882	2550.8415691053	0.0
did:plc:zxicotluwxz65zmyruhew23k	0.00500730231944303	0.8763265051462753	988.6255518155925	0.0
did:plc:zxim2355so5hdhl56ol4pf7j	0.0060022508461213	0.5330134856615801	1502.1663507822384	0.0
did:plc:zxjyqxsyxynezvow2r3s4zxj	0.00212397552819257	0.47318487785581353	3559.0846303213275	0.0
did:plc:zxmwcofexguy337pxffvbevs	0.00427114907711265	0.551611505272267	8378.20685642956	0.0
did:plc:zxs7v7kfpgqezuhzv6xywlg5	0.00786318066111298	1.4166914994022373	1308.3169362977358	0.0
did:plc:zxwrkpfth6wohuhjnxwxdjio	0.00508864084112544	1.0564074591762018	524.6526350539722	0.0
did:plc:zxx6xsfcdrzt4vy2cm644m5m	0.00748502994538556	0.9772870539336309	1429.281657887948	0.0
did:plc:zxxfqloy6nkb5gh7t545yban	0.00280898876421584	1.9634229988057537	423.5798068686098	0.0
did:plc:zxyn7hhbubqobehikvot74rg	0.00302287581712902	-0.506043828779021	26122.4370969071	0.0
did:plc:zxyyvyjozj57sq6nvzu7lpee	0.00411420022467116	0.574018469130654	4046.97569191399	0.0
did:plc:zyafbdinadf53vursezxjvjo	0.00902679830807373	0.609760030069225	3596.79369585264	0.0
did:plc:zydve7v2gajac3agmq2fe34a	0.00269745580892024	1.1734685799704236	388.1763128551676	0.0
did:plc:zymkg36czkvirvla6uopttik	0.00370553359719726	-0.585376075628981	31361.9728004015	0.0
did:plc:zyrweq7f4cmnyzshmy3ax5vh	0.00393700787431376	1.3266381952440776	221.00191487520254	0.0
did:plc:zyt4s5rnvkut3xrkrfbkn2pr	0.0133333333342581	0.19896739051632142	8996.311264442442	0.0
did:plc:zytrolbhzqsugfk66doeazrk	0.00482881456640126	0.6589057482115569	1118.8120291068806	0.0
did:plc:zyttsaxyr6vsimzadzpso4nz	0.00718294051746667	-0.117238915467715	18237.0475368625	0.0
did:plc:zz3uyfmwyr2uoh2lqcodx5pr	0.00941422594405867	0.6664969282500968	2738.2325347592982	0.0
did:plc:zzl26ucqa2w7wumigjefqawh	0.00299492077694897	1.072449203940059	709.670357838842	0.0
