did	rate
did:plc:22f7airvuif7friv7shlqv3t	0.00749405959215946
did:plc:22ki64hr3mwl76tdm5fihtwa	0.00413799516484559
did:plc:22l2f42mh7a6j7f7xipadv5c	0.00500000000014327
did:plc:22p7bdpxxqvmgd2ryo2xilv3	0.00296565401953192
did:plc:22rxwfvurvf2lf2fdnolu7qn	0.0031085955606079
did:plc:22s6gpysdavr4ixmnh3yjady	0.00518499551978091
did:plc:22wzxzockhgchm7cipifyzud	0.00520441005336287
did:plc:2326ikh2klykgjdip5ldxwyf	0.00329540996479548
did:plc:232aug64tr27vmannteyirsf	0.00226169601790401
did:plc:235q5blezrqmip7ryetmkm3g	0.0125385406016568
did:plc:237o7l3ztanydbqwvodh2nzx	0.00594126634060187
did:plc:23ekqdl3e23tv2edijeg3zl3	0.00303055123283167
did:plc:23jbx3mbesh2ghfcecaxsk6p	0.00550133096984689
did:plc:23r2vd3rv2wqt4zig5f4ga6i	0.00770969028794747
did:plc:23uckdtolkpkeawkqqv4gesn	0.00377404431492439
did:plc:23w52iqqcuqagkq75nponvvd	0.00319547717134313
did:plc:23xqynsp3c4qiwtymmr7za3z	0.01084745763572
did:plc:23zkqaa7skezjr4tn3bmnobm	0.00281590989105306
did:plc:242zcyjymk6qx7skkbgnzjdx	0.00619578686679806
did:plc:245mjiyeqcjbbdwwqh6rzjeg	0.00330480008678581
did:plc:246mrnhvbqjn2x66sbrf67pc	0.0123813454406932
did:plc:247olvouqkgrpfyvff3ttne4	0.00869025450366566
did:plc:24evf5f3ix2xjzwbcclvfion	0.00712903554455465
did:plc:24h5bitxlhy26f6nt7vml2ku	0.0100709764158981
did:plc:24hcjsifju5hmayjyhfrazl6	0.00623096095301159
did:plc:24k7ubcs4bo427toadm2sa3o	0.0058085501881435
did:plc:24ldhpseacji6xmfxbfhs5di	0.0148448043191581
did:plc:24ptdybi7sppuzajjpt5kweq	0.00430130944949607
did:plc:24t2qp2bdyiwths7kwc5bnu7	0.00385405960977353
did:plc:25ah7xhjr5gmdzkkglyhvswv	0.00247308336044705
did:plc:25bss4vvop3afumaa34imntl	0.00405929304582589
did:plc:25q77tetkpce6vmvf2s42xuv	0.00501196888162076
did:plc:25rd6ldv7ib7emnf3rkhj2wo	0.00537430107000655
did:plc:25shgfpev7lvcyxcfrhqlb5p	0.0034541539566657
did:plc:25v4xkavm2l6ywhrhvxd5ulh	0.00658343566808297
did:plc:25waj567vbwphpyqogvybo6n	0.00535392779595264
did:plc:2625uhorvnx3ffwrhxgpvqei	0.00479373438741915
did:plc:263v334x6j4o7s6ubcs64nvw	0.00363103883464058
did:plc:26455do766xt5szw6vefeyea	0.0075445816237969
did:plc:26gca2kzr6cja7scxc6cwkhl	0.0127134035864295
did:plc:26iceabuxrwrtfd5ellhb2il	0.00226618142854398
did:plc:26kj7nsaiszgotouogevr72x	0.00672861262561244
did:plc:26sbxzohg4guy576av26ibv6	0.00400452685672922
did:plc:26vueans7oxgasv6qh2hww7e	0.0109890109972831
did:plc:26xlggwzdjp2crlokirmhrut	0.00423497267783374
did:plc:26xwwf22fokztawg2ycu5oxk	0.00396191005798325
did:plc:274gpscwjor6tckijzrfktpa	0.00576588337731369
did:plc:27a5dltk3wobbvfawddfjilu	0.00389161141545526
did:plc:27ax657y35lxubn7unbyom5o	0.00614884444321302
did:plc:27chcfilk5li2bbtrl27bkuv	0.00508297204706009
did:plc:27fydzae3e7wrrzhvjee7z44	0.00725012946775733
did:plc:27ickft55ghqs2gntdyldclu	0.00792507205054075
did:plc:27xjsn6hxvxpyc7ifxzl4gx6	0.00795755968257298
did:plc:27xni63y4scphquqbz33azgm	0.00245489137131981
did:plc:2a3oeljvzf65xlxqn2i53ky5	0.00608149199467683
did:plc:2abosfdab7xpd6ju2e4x3lxl	0.00333320261960495
did:plc:2aflqvdg67ior4zn26cyc6eu	0.00503966402309778
did:plc:2akgxkt553fpoexbvqwmsk7z	0.00781134856763556
did:plc:2amu7xjnhllz46smhfyt6wq6	0.00699677072249701
did:plc:2aph2py23xme2itms2pyh746	0.00386264436664925
did:plc:2aug7uk54red5t2m3lc4zbkd	0.00491677749642155
did:plc:2b23z3doihjcnjo25o7ycbd3	0.00338682364372953
did:plc:2b2ioadw2nveamkshsmshoxt	0.00475543478344351
did:plc:2b5l4q56fxrfeezmfie5ltln	0.00254547382939399
did:plc:2baxokqqpkbjbcbiyrjhoi53	0.00337265482886797
did:plc:2bbhmhs6yf6to6fasju3fpje	0.00393507132346619
did:plc:2bekiznp3oeiiqo6in62aj5j	0.00708306503665973
did:plc:2bkoitufiujcstv4kjlvunvn	0.00566518742573282
did:plc:2bm5e26ylultfkuipciftn6q	0.00634623387605908
did:plc:2bngao2ye4nigkpdwfgz6w5c	0.00697056871119772
did:plc:2bryx35cx6wd37m32cwopywm	0.00505923001056273
did:plc:2bs3pofrsn6zhpx52fo46cin	0.015461925012626
did:plc:2bxai7p5qh2muts7jxqbec3l	0.00265415240240493
did:plc:2c4ip4psx2kifesxfuwmghdz	0.00807017544279154
did:plc:2c7us7rlpbqonns6ytkqhpig	0.00478854140182025
did:plc:2cedbsiusgr5i6bekluiioyv	0.00674942750535707
did:plc:2cg2jbl3sdsoqa5bqlc44ckv	0.0069739751658967
did:plc:2chpmawjehtowruvstatifoc	0.00434835864881954
did:plc:2clmyjkkcw5ivwbjhqj4ws4y	0.00427306948848071
did:plc:2cmyhsamy2ym74njyd347hrt	0.00338253382543362
did:plc:2cp6ulfaveskvsrbnpj6t6br	0.0179682101369998
did:plc:2cpdwg52rsjlujdjawof3fou	0.00315550011019405
did:plc:2crd7lvc5q4sbljdckusd6cy	0.00384500745188538
did:plc:2cu3gfgqeboa7rec3ifxcgte	0.00626479187149692
did:plc:2cydzsoovcoj76igpddwdzvv	0.00306892067633213
did:plc:2d2claa5oh4m7kebnv7lkzdh	0.00537345513176469
did:plc:2d3ia5ohg747lc6plyph7wnp	0.00613604488270727
did:plc:2d5xenaeieucfmadlqy2542k	0.00486534639973695
did:plc:2d6xsm2h3nsil6gxnzbqrsg4	0.00925925926203056
did:plc:2df77nkxeszdh4pqawno5jv5	0.00537875392258154
did:plc:2div7audkuntjmaapl2eektz	0.00535255885142044
did:plc:2dkck4xugrjemjryrokbado3	0.00304916783128466
did:plc:2dkyxttvw354f4iprf7bebu7	0.00234375000006113
did:plc:2dvxo5bwognw76okvlk2bsx2	0.00359858772445642
did:plc:2e7jn4yrrtaih6l3c77zyjwy	0.00382880966594204
did:plc:2eakvt2ybuai3m7zrji7lm44	0.0092506938048142
did:plc:2ecaapusonuxktaajhslbu6j	0.00342985662120448
did:plc:2edezl43vsp22lxrbxkgyrzq	0.00630452313057322
did:plc:2edlsdpqe5vazym3yod7dseg	0.00718667835351346
did:plc:2emwefvtoyp6iu2jpy4icpni	0.0037288587046519
did:plc:2ert67vwlqluouxevnberm6r	0.00586034912939157
did:plc:2f2rv3hpv25v4vp4yaru56pp	0.00544959128120505
did:plc:2f5zhdtqrd53g3ega7jewiip	0.00984589042247389
did:plc:2f622etoeppaaad5lck5fyrp	0.00405527776711326
did:plc:2f7qv3h6uw3qbbp2biyhzpfb	0.0077258320174637
did:plc:2fbmfux66az6rkuzclicjgwj	0.0117224428126339
did:plc:2fcs7te6hwed6nomfo3gqjep	0.00607370805063323
did:plc:2ffm4g77qmolvb66u4kikgzi	0.00396405919690912
did:plc:2fjpmy47xbub23nu4xvvzv5o	0.00928239914591369
did:plc:2fjr3opmj3qwcsgyvikeq6w3	0.00759717314991075
did:plc:2fkbcs5dtemiidntavjrfns7	0.00705813869004477
did:plc:2fpek4r5jquogvjo5fg5bm3u	0.00547075509982871
did:plc:2fqnsciogzlzpck6e6dhcxwy	0.0044290806967274
did:plc:2fsgevm7fxm5ohtrf6325zlk	0.0047983759344616
did:plc:2gdt5u22tq2q5xdvakrqlob6	0.00759553762668499
did:plc:2ggzw6x37xtwmjfr6nn273qd	0.0055269922884457
did:plc:2gip7bky2co6yxsahazgx6ze	0.00444726810775914
did:plc:2gqb2rhpxwcxcyfpi2fcttjl	0.00612861458975802
did:plc:2grlaw22y6jqzlu3xmbmsiy5	0.00706892199064857
did:plc:2gtatbkkhpiytz65m5jes27a	0.00518821061991368
did:plc:2gtpfvzw3fkavnbe5ujqmxfz	0.00779995412256633
did:plc:2h3y2tw45rpa6bjexwen32p2	0.00307780281892456
did:plc:2h5afkieh6h2wuxoztvwfjuo	0.00314606741584992
did:plc:2hblb27cj2c7mpkihxhakrip	0.00680419051873969
did:plc:2hmplzq2gtjhwxqslpyv3ipi	0.0107000917240348
did:plc:2hxzfnkrihzz7at3morsxozb	0.00503983092250053
did:plc:2i6y4byiim6vydakduuhwvnf	0.00512220108311276
did:plc:2ihewvvysbpplunhdcopsctl	0.00359024842242416
did:plc:2iigbokystlobq3bqrm3rbmv	0.0114196729894603
did:plc:2isaxjwezb5mfrmmkzz3z3xq	0.00916170407981952
did:plc:2isomiwbebcq3yq2apduvuaj	0.00409957313854558
did:plc:2iugc3ieiygfnqbni5a7pul3	0.00455366255885533
did:plc:2j4py5vrga74ksc7mpubz4ap	0.00995685364538431
did:plc:2janpm7gwkxm3r663dri4zey	0.00946221104375791
did:plc:2jbai2cfew6rkcbpnl2xz5tf	0.00732788002838944
did:plc:2jjbdvx7pkrqnqimnnbxtltg	0.00325500966341745
did:plc:2jjirfqth4tn5i2qnze5mozh	0.00469151671038162
did:plc:2jmnldkb5nkiaaohb35fjanc	0.00552763819148255
did:plc:2jmodno7qssuuhh2d7ovodk7	0.0190822353869331
did:plc:2jqzg56ts5bvjxzuqlrzxxbs	0.00387695978343011
did:plc:2jzyhnpsqonr6g7dp5tljjxk	0.0030072419296824
did:plc:2k3b5eyeyuwrxpylfiiyjhqe	0.00473228053469113
did:plc:2kjhuyaaigoinmhiek766riu	0.00680137999154989
did:plc:2klu5bmjbgzff5tgwfeyn6aw	0.00567174760771954
did:plc:2l6fanfydwypod76iowvv3zm	0.00744805958451944
did:plc:2l6nyayv7ajn6mf5d6t4i2cu	0.00213899583876339
did:plc:2lbn62i3d6purwmyhq6io6pp	0.00803392100402929
did:plc:2lkokexi67bzfg6j75u3lj6d	0.00531420220836859
did:plc:2ll7zih7fgixde3zvwm5x7oi	0.00569476082245603
did:plc:2lqnf44beb4wcosak6h6vtz3	0.00472247960153421
did:plc:2lrfppnconpjc4n4wl2qi4ef	0.00711237553465713
did:plc:2lrr7qwf5edl7kcu45u5c6kv	0.00736738703344301
did:plc:2lxvv4ulf2ypbh7zsquyxooc	0.00565705276873824
did:plc:2mhdrhdgwtm6u2qvfyctympq	0.00267745465936102
did:plc:2mubnrv3xuruy6cte4j3goy2	0.00284722840126703
did:plc:2muhlyqcmthlearycscpokgp	0.0035104194620115
did:plc:2mxsjembo5hsk6feo7wjy75n	0.00784313725947447
did:plc:2n54njph6mg5ipnybxneda67	0.00318177152839214
did:plc:2ncqqwuufqsj43l7ikfpb5ph	0.005494505495043
did:plc:2ndkxw3vwbxsg6pznf6sglay	0.00327116492540612
did:plc:2nunelfoanpfy6q5ptordwyw	0.00301297423668063
did:plc:2ocwzslwnhbxvebyliujy2gj	0.007704402520549
did:plc:2ooqdiheoyqmyok464hd3y4q	0.0117101732198107
did:plc:2or6kai62nda3sgkl6wawiju	0.00271731746438923
did:plc:2ota5lmr7ehzvl5qscblwmsb	0.00494910822746421
did:plc:2ozhb7jliyishd65csopnjs6	0.00703212402745573
did:plc:2ozolp7dn2wwg2x26bn7jmgl	0.00248812485867963
did:plc:2p7j2q3dwld7osgije3sc2ap	0.00775121405031164
did:plc:2pflm7g6j5qo6mvzia4i3og3	0.00345955466140823
did:plc:2phnjuofqbm5mrphmrclx3yl	0.00664068139316841
did:plc:2ppebw4pvnez74fcgvoj7aqa	0.00502487562259611
did:plc:2pqorpnmhtgh3ew5whym27vx	0.00997782706206018
did:plc:2pqugbdf3hvr66xbo5wofdui	0.00568114569820132
did:plc:2pt5rqqrvuwr2ny5tg3jgcae	0.00369712051227084
did:plc:2pxgzeswyzuyccfwel6xonx2	0.00572904965413056
did:plc:2pznxuqg62sexmekiw2aqbn5	0.00266558966094502
did:plc:2q3qpxg7qafu6gepl53rwhs6	0.00283953924458201
did:plc:2q3vocmcvgdzta2kaniivlo6	0.00517063081760635
did:plc:2qdmotdqm3pdrpi62uomtteb	0.00704916570127152
did:plc:2qitoqkva4ihh54jtlzo7b7m	0.00793823401919814
did:plc:2qqrknz5gbpxzepg3dxda3dg	0.00311942959014064
did:plc:2qwwrqqpraj6jiwrw7loic4e	0.00605693519279247
did:plc:2r7muuhcqarjhxmuyzt26kw5	0.0102484472151747
did:plc:2rb4p3bmdakyrztrf3rnpspn	0.00535135896643852
did:plc:2repyqw52n4blsblgsakpans	0.00712669683380069
did:plc:2rq2kbng2smwcfe6vexrxhdv	0.00587053916487363
did:plc:2rtmq6qbeaj43c36pqrff4ov	0.00372587197458467
did:plc:2s3qjhxzg7kyfuvbeivesp5n	0.00664029386983723
did:plc:2s5vwyhpawimnsspnyl6lfvp	0.00385771827342106
did:plc:2sidniqa44v4nk3a6exhh3bv	0.00615595075429706
did:plc:2sjv7rlfremxuq3rfckoergw	0.0037998146435206
did:plc:2sprw5iky7ia4hsw2egrduv4	0.00706602810834309
did:plc:2sugj5qitilua3qac4piixx5	0.00585546986796776
did:plc:2sulhrm6plss4ch6be3za77m	0.00627693460925141
did:plc:2szxn5fdgm6d4o4nkl4wajuh	0.00346411627425857
did:plc:2t3nsfh6wzykoynxg4zsdw23	0.00529941706712296
did:plc:2tabk4jot52updzcjijaegvi	0.00355879164747326
did:plc:2tai5hxiuxbidmfjqn5g2hny	0.00561699139908245
did:plc:2tau22qmqcmsn3cxaz6xwpgr	0.00662158354496563
did:plc:2u333feyc7v75ywjiz365xox	0.00291850844399139
did:plc:2ucgkhj632mk4z6x2qp6otrz	0.00820512820911843
did:plc:2uhdz4a7sjuiusyqc2zsmabm	0.00584333544126891
did:plc:2ujgnkrrwm56k64rfypjhuda	0.00766805217631554
did:plc:2ukq7ortiif2nsz5woowbfgp	0.00509853907313303
did:plc:2utojzt5o7uuqurfzmjl5zr4	0.0066177137174201
did:plc:2uuweutnraypsnhc3dytlghw	0.00599555884736152
did:plc:2uwrcrynk5as2ydhvp6ddmub	0.00668508287298747
did:plc:2uwy2xvy22jkb4lap3kxmjoq	0.00512479201397561
did:plc:2v7pn3rkt54kqkk6khecoikh	0.0148224750254338
did:plc:2vewijm2vwrjl4o4sj5ncc7r	0.00406784864559912
did:plc:2vqapvca7c4hrvbkxwaye2gt	0.00685376235508339
did:plc:2vtbedkdmrx376dgvkuh542n	0.00528957005349911
did:plc:2vyz4ew4fbvzqhwunwtqr5zf	0.00636015326532414
did:plc:2waabobfkkmmk7xs5kihhkv5	0.0113851992424739
did:plc:2whg3hq6xlyruoe3db5izfud	0.00257282271185951
did:plc:2wjlcam7b5on3ahryoq5eh67	0.00502785704931571
did:plc:2wjzhib7i2gwouhauc7zql73	0.00582464745779964
did:plc:2wn2ucqy7je6rj7axshmb67z	0.00965092402708669
did:plc:2wvqaundjo7t3gdyhhji252y	0.00376730925909786
did:plc:2xghincqwiplinj3qgypo53z	0.00285634666295758
did:plc:2xinw77p65leh2xqthq6jd3w	0.00378830083599019
did:plc:2xkq54aiewtvgqrnemijirpk	0.0049207217066023
did:plc:2xogapb6zabszzumkqx75abv	0.0102595051399252
did:plc:2y2c4lzz26chcz7l7xdhvwoq	0.00598189689306386
did:plc:2y2o3bgjcmtoxdnj36piduhf	0.00390959071502655
did:plc:2y3apie5qufk6aqofea5b57n	0.00897640075590242
did:plc:2y42dop2j5pgagrznndcqfwb	0.00475180934362497
did:plc:2y5h3axou3jxazq6ptnbs2ln	0.00468821308637996
did:plc:2yarndehwatr7zzbcoyqnqor	0.00474279460135239
did:plc:2yaxkffnwzqwjrm3qembq6ef	0.0080605764575565
did:plc:2ybjljkupf4rsw5pvbin5qci	0.00425015179137091
did:plc:2yedxzmduqrqz4scj2qteabt	0.00694590612507912
did:plc:2yerowcz56jhd5hguhrubjjg	0.00787401575255007
did:plc:2ygqtjtytgia2wmnkp3z6bbc	0.00476022567078993
did:plc:2yi5d5zeyxrwl4otj5wcwiw4	0.00601406365859325
did:plc:2ymd2oiv425hp3hfmuuemyv5	0.013452914820712
did:plc:2yq2qnhmrudfjddxoxf7hvgo	0.00624124315556369
did:plc:2ysm4bp3tw7cfj6duoleafug	0.00666097352839875
did:plc:2yvzaddejgdas7ptuhoxudrl	0.00557398805576046
did:plc:2yxju6tl6do53xpaxluqdgdj	0.00371046228746246
did:plc:2yxza6vv3f2an5afpughyrlj	0.0048559404345805
did:plc:2z4ao5ooglazwhzskupesmvi	0.00354868061915514
did:plc:2z7whlmbivfcz6pti3guk52l	0.00400571111315634
did:plc:2zasu34tgl6kvxinxm3bje3k	0.00726596823366307
did:plc:2zdgkklkrorgivdl3rpjjrer	0.00587181528882066
did:plc:2zdlmzdxma34orvjowzfjhbf	0.00232296740358485
did:plc:2zrg6buy3752rl7wfech5uzn	0.00215806976579957
did:plc:2zwjcd2rlxyf4g6qwisu4a7r	0.00440089191430622
did:plc:2zwvfze3osvwlitzzzwpdfng	0.00208127373961903
did:plc:2zyxjysmetrxusonoa2xi5ma	0.00561064718172927
did:plc:3254uuyy7wtp3236hn66fnh3	0.00555949201514706
did:plc:32ccde6uoy24d4qzqiikeypl	0.0082064297808315
did:plc:32dcqvz64kxsghhhdv3pxzpk	0.00246074085206544
did:plc:32gsgjjihkn4vlbyruedbaxt	0.00289219573649952
did:plc:32ifkhunqjmz7kqqy5i4p7qk	0.00380494643069055
did:plc:32jazm37mtccpetbygcowjhf	0.00803179598007766
did:plc:32lzwdklgfg43fgagf3aonex	0.00323891408055203
did:plc:32nkx7u4nmlpjenw7lz2px5o	0.00331916380415103
did:plc:32sr2l23ddabx767s4fbefbb	0.00271125831715933
did:plc:32xefzvg5g5swi53ocdiwwvh	0.00217896571768369
did:plc:32xtavkouvgyrkmtxyr66mof	0.00743524144654951
did:plc:32znra3irzy3axbshmohr4we	0.00589241589268834
did:plc:333mn7x7c45dtlrbbc325cka	0.00681995323600179
did:plc:33azhipj37v3v6a4hpdg4hxm	0.0049956933685046
did:plc:33d7hsmvrng4hcosfsgk6krz	0.00977301387184555
did:plc:33knn6gjlv2nfg7r4xqjjyq4	0.00573901589999069
did:plc:33knshk7x6vy2a6c3j7r4ijy	0.00259275584018429
did:plc:33q2gw2hkq5ckvwfrr2atdgs	0.00770602925919297
did:plc:33qdkbjdkjhrfookmodf3cre	0.00759458713566651
did:plc:342soqg2d25fqh2rbqhc5xql	0.00456535724014967
did:plc:346ge6d7oxw6kxcltuf7wkd7	0.0109792284949412
did:plc:34aldmszytfyaycfvbmlbubr	0.00591471802140567
did:plc:34cyehvdwh6nm5myvnvymxby	0.00529540027056297
did:plc:34ddvlu3lzdpy6s7usgzu5eh	0.00546875000054524
did:plc:34e6u4mb2fqflzwou3lwvhnx	0.00386434805814759
did:plc:34fuhgncldgvpl43x6e4bjt4	0.00399404524192483
did:plc:34g62hm4fik6gxhwlmfseqye	0.00385438972194556
did:plc:34k47nhjpzl4ffdogzyhlk5l	0.00383050035943372
did:plc:34qf7cnx5ttdni6gmkzhvaym	0.0145719490017185
did:plc:34u2krzgs2rmzqldrxfbr6z6	0.00492173080941936
did:plc:34upfwq6etds5ld35ht45p22	0.00239524589175546
did:plc:34vvh62kdajhbkkjnivejjlx	0.00503125476514864
did:plc:34vymjrtigjer6eu3btt2om5	0.00613577023690906
did:plc:34ymo66yzbbbrrdz6evvvilk	0.00578671810645692
did:plc:35gy35hwdovlkkdhp5skffqs	0.00551738496825926
did:plc:35ikw24omeygjw4etf6cebcz	0.00607014388687793
did:plc:35jmkt37zzt4fdd23sk7ptft	0.0109970674569343
did:plc:35sbcxqwtmbfeiuz47atdfll	0.00615743052278703
did:plc:366fzquccmcwexgi4jxketrv	0.0045518067488082
did:plc:36734roscw42llzk23rulsm3	0.0126794258642127
did:plc:36chm666zpn2i24wjygh22af	0.00242782344171363
did:plc:36dks3wgdzmazczjz6skjpxk	0.00281041485350262
did:plc:36hqooiwcmgr3vfc4ovmi2bd	0.00554683411878493
did:plc:36nwcztxr45wwhj4i32a4l33	0.00702271545125102
did:plc:36vv64hbt5qbrf4xjygsvobh	0.00342914775638232
did:plc:36wx7bwcj3kncvkowhtrac4s	0.00693422988155391
did:plc:373mkwcdlwtd6lfsael5wpfb	0.0041802905511356
did:plc:37egbajnyuujgggvvtubzl7f	0.00565355043016268
did:plc:37jhfepccpcatnkmbgg6ykf7	0.00495203930511265
did:plc:37kipjjdlteawnorp3fl4kh7	0.00470380714477023
did:plc:37nytxiwwqc3y6x5zg4awmqu	0.00612569008738889
did:plc:37p7w32t2pinr7kkdsm3a6an	0.00598866431604606
did:plc:3a5ph4is4fipphnzxpnr5jh4	0.00440528634466725
did:plc:3ae5byv3kbcq35xrdipq6mbh	0.00312736089405511
did:plc:3asa5skhx4vpp533qiryou6p	0.00785781104290037
did:plc:3aux3oainizhy4skp5mdsk5u	0.0031035061232585
did:plc:3avq7d2m7d7jchewyr6y2idt	0.0129752565127183
did:plc:3b4vira63yrxe7vhqvcxzldo	0.0214477212073382
did:plc:3b74vmevzunz7ore7jhirje4	0.00783699060019463
did:plc:3bbvdxle2kbvqu5qgj3fxa4f	0.00324121460306945
did:plc:3bciv7rd2g7yqm26dspplfzp	0.00763796066945623
did:plc:3bgsbsqalrjqebanywultrqq	0.00955414013999582
did:plc:3bqbwj54bl44xsd3q3ayfro2	0.00327902449023518
did:plc:3bracoa6o3jg5wd2jgikww5w	0.00552104899931411
did:plc:3btnenmcokqurbok3tgoumdt	0.00281506457170736
did:plc:3bulosgt7jplzlrpsgc4iy2p	0.0151600224750083
did:plc:3bysfhr2g2own5x53we4mk7y	0.0027781542216162
did:plc:3c2qha5rridzvwwixfrozxqs	0.00721942682149943
did:plc:3c3zw2r5a7ws2bpfoihboqga	0.00428881650494547
did:plc:3c5pbx2n552upo5akaxlpevu	0.0089199435101259
did:plc:3c6qkivtnqjjbtbm6tk7vipq	0.00739020270379723
did:plc:3c6t7vkx374ethfaoz7w6npm	0.00540986612929997
did:plc:3ca3igjbd6dozahloqz4ivqb	0.00585034013827544
did:plc:3cjdxth2gl5fh7jearuewu5u	0.0082885304698201
did:plc:3cjvnvl3b5c4qfgjsrezcqo3	0.00437838923586101
did:plc:3cno4hvpjghndv22kfolypld	0.00211968041749908
did:plc:3cnreqhigx3ihp4im23ybn6w	0.0105545960561641
did:plc:3cscg55a7xe6kieakd2yfepe	0.0112230875330923
did:plc:3csyos4r6apiglz5e7zw6lbp	0.00801999792115844
did:plc:3ctfr4yfghrsaqx4u5aj2jhb	0.00272024071869752
did:plc:3cuulek2syyusegy5out7akq	0.00497249259488844
did:plc:3cyb4ftj6ndgeqwcv5xpb3d3	0.00719424460550371
did:plc:3cyjbrdqoof3dlrwfn7o5d2l	0.00439026469566557
did:plc:3d2lydjeh7i6lzo5yu2dsg2a	0.00458408939067702
did:plc:3d3m2nqpm4tjhg3fysmsc2ei	0.00373271325454294
did:plc:3d7aasno6jj3iez565t62rgi	0.00398069963840626
did:plc:3djnapq4fpqxghur7xfunqmn	0.00690075096542204
did:plc:3dlqgrew5m7o5i6x25xt5b7p	0.00500790722195788
did:plc:3dospi4oegosebdw7b2hnrst	0.00419649469291335
did:plc:3dwebgvb7owunr34qs2w4dox	0.00863750349995171
did:plc:3dzfwgscnjwpyfqqwvydjeqn	0.0124246988008977
did:plc:3dzmoz7fol4jqxk5e4oxzjit	0.00827526132793085
did:plc:3e43lgdxzmsf3dnrtns6k64t	0.00619872379253315
did:plc:3ee6xtiscoqt2dn7cewn34vo	0.0068016695021024
did:plc:3eeauunkg3cp55zy4hdy2mua	0.00472150498056556
did:plc:3ehafk6ol3nucizurijizkni	0.00618921308763704
did:plc:3ei6ql7nrsy6ogv5a35ogaes	0.00468037206013144
did:plc:3eko5cittblxwcho3momddp6	0.00559559939352825
did:plc:3epk4r3rjiaksr7kjnalm224	0.0103965183771966
did:plc:3epzqefaicyxkh2z3fywbmy5	0.00485040335011704
did:plc:3eqbqbbtucmmbyrsh75zjtag	0.00313700886217071
did:plc:3eyqgaxoy5iv36gszmjar2dp	0.00656455142388579
did:plc:3eys4mykxoq4qu5xmqmjrr3z	0.00430322742079213
did:plc:3f4nho7sqokzf4jkhrltn7kz	0.00722638286807443
did:plc:3f5uymyrncjbm5ly5wlxc2xu	0.016836734751212
did:plc:3fad2vntjxq6rxkf25uofzql	0.005883756064837
did:plc:3g5h54ay6f57hsj2diqjoccj	0.00596313697354517
did:plc:3g5pyooul3d77prkoatszz73	0.00548712635793198
did:plc:3gdtfpto2psaswasnbto7573	0.0055460320666715
did:plc:3gfmkegjua72hrj6x265snmu	0.0098441345480265
did:plc:3gtqcyfv3vis35honpunray6	0.00724418956210631
did:plc:3gu3qi5lnp72wbxjv63ngu4f	0.00504424778830795
did:plc:3gvjev4irksuxqk4rea4sxr2	0.00564686901527942
did:plc:3gxlydrd4ycafwzuuoc67vct	0.00838425465771034
did:plc:3gxtuvr44hdsu2ce7k2m6eop	0.00455864069717873
did:plc:3h2dqvh26p3krxc4txsovy3t	0.00841207653383257
did:plc:3h5zeipgwh7gvsyxxvhyv7fq	0.00356280337637537
did:plc:3ha4mna4ql5mithy5phtsbxz	0.00562768150675845
did:plc:3hst2lej5gb42rolsipkrzts	0.0119739993221605
did:plc:3ht5e6s3446jzoyh4wgygvkh	0.00379943137794953
did:plc:3hxapbk62tlnt456dpq6wczl	0.0058609539229849
did:plc:3i77bcr5t5e5nccyo6uieggb	0.00307976593791657
did:plc:3iaymdzlmh2qkpp5istrl3kh	0.0055752660927595
did:plc:3ihcg4su574kfnqcrq2l2cok	0.00315862016168631
did:plc:3ihnxgdvnmwt3w2nv5wivwij	0.0104578858207954
did:plc:3ioc74rpgthboz5gzvbrifup	0.00684242302412257
did:plc:3ip6nmfnzvu7wusgmma4yxai	0.00357600701747154
did:plc:3iqi5ajv4snql7cxlcin2lcs	0.00578420467415665
did:plc:3irnfa2yf7bimqmk2v3uz3or	0.0127540853193669
did:plc:3itecycxvns3saiopmkbax7b	0.00233485747640831
did:plc:3iw2chkfssoswem36zrs3zqh	0.0025040304600363
did:plc:3j7swqmbyatocueowjtytaeh	0.00497028633174177
did:plc:3jaccsq3uzfdndw67bhym5qf	0.0055485949530902
did:plc:3jebbnu3l7d2jeqnsc4aax75	0.00976933515425844
did:plc:3jemqxmyuboi3q77ql7h5mo6	0.00531412376063275
did:plc:3jkmkqrtwelrykgi42vrvpeh	0.00968385075719178
did:plc:3jtgav3osini2lo7fmnoaokg	0.00625294950629822
did:plc:3juewtngsoebwsrjjbx2lzwd	0.0136054421986264
did:plc:3k2k7eleb4vo5noeuodgtgen	0.00519743016016881
did:plc:3k2xw4jivfp4eof5npeyyew3	0.00645374207198032
did:plc:3k42fdm4hhjpnmdhavnyumer	0.0043945970731288
did:plc:3k6uq5e6sokfp6syz3pnb34w	0.00623122287932393
did:plc:3kjeqliohniy6ouw6bzrybvk	0.00443896424171817
did:plc:3klkweppb6fap32rij25myzm	0.00596184419923564
did:plc:3klrssi5asflo6hzi2mbkpa7	0.00358574140516473
did:plc:3koz6rxdt3g3mtjecr7myn66	0.00228063393925954
did:plc:3kpytdmgxng4qu5kntl534se	0.00758547009052802
did:plc:3kshk5vn7id4z3vh64mujwro	0.00285322985701043
did:plc:3kugt4hta6x2osz3vcoyfxbi	0.00637174586007954
did:plc:3kuml7lvjhkrwbk5iczpucdn	0.00517063081760635
did:plc:3l4lhh2odidljcvau4ki6kfq	0.00486685032155134
did:plc:3l5gl5qsoruuoekszxj5252p	0.00775694893814719
did:plc:3l5hku4beo7iewdzgveyuhuh	0.00342705818255923
did:plc:3l5mfj7clrzyq6qx5x4n2bfm	0.0100516543455954
did:plc:3lhbv4v35ejhtoe57kczghff	0.0041221177382466
did:plc:3llewykqdnxdtcp4rreho3kc	0.00518700519020759
did:plc:3lllzbmdm5jjqtvij7b2yv7i	0.00355647760571312
did:plc:3lsiaxglbq3yj5df7p26pt6o	0.0110041265556933
did:plc:3m5xd7pvw3gn2fb3jsq7ph3y	0.00931166697369407
did:plc:3m6pqh7vxcj34rchfdz5bppi	0.00702609693783558
did:plc:3mb6aszajiydhdkayr5yzrkw	0.0025712711467098
did:plc:3mjqehflzlwfh6fwq2xphzre	0.00427246686433818
did:plc:3mvzm6ow2v442syqvlxbkuco	0.00310407520743261
did:plc:3mxweei7s3f2zhdg45rfno2l	0.00604426260197455
did:plc:3mzdxqi2ien5wxl56fzpro2b	0.00607128868196904
did:plc:3nf32g5ya2ptjxixhvhejfn5	0.00647290265425535
did:plc:3nhpmy3noqhv2wldno53e66f	0.00352230795077267
did:plc:3nhtyibcirs4oumeotoubdqf	0.0123568414765774
did:plc:3niughmcyxn6wbqp2mypdz6e	0.00387209592836764
did:plc:3nsisvu7y377wpycbojwtsu2	0.00391074304148204
did:plc:3nu532zrvxo6virjar6t6bx5	0.0035369413882435
did:plc:3nysgyurk3lihminqor65t4o	0.00291846860008245
did:plc:3nywfrt3i2mg4d5s2e2sohug	0.00292549733469716
did:plc:3o4gafftyafzkiqlpwvmexgc	0.0125830129380444
did:plc:3o4kmin726636wuy5px5s33z	0.0042553191491708
did:plc:3o6zsyao2kkrbtefwkrxhtnq	0.00611585506771545
did:plc:3obipxw73o6uyquwwac4yi6y	0.00312659056266886
did:plc:3oor6wvpaetam7njxknrq3se	0.00874691006223674
did:plc:3oq4iuqkvgqu7bww5m3tnx6v	0.00879963899240075
did:plc:3oqxkx2xxieoyrc6cjvgtsqe	0.00989119684617384
did:plc:3owxuevgo3hht67fuyawd6ku	0.00359399455143549
did:plc:3oz3ynpcsrp6tszrtuhfre74	0.00345320314369505
did:plc:3p37ymuwous2xvtovgslk6g5	0.0022199670177059
did:plc:3p5ohetrctfgxmapf6mgsiym	0.00467703198166457
did:plc:3p75n3iotchb2le5yfsjsn2n	0.0131871001675194
did:plc:3pb6we7iprw32o44ezh4jjpk	0.00203489850953439
did:plc:3pc6szwxpm4z5d2hagtapysg	0.00567700389813116
did:plc:3pdmfo6gir4kp7o4wetnq5my	0.00852706220338535
did:plc:3peo453bh3nijawi66d562sv	0.0048131157411972
did:plc:3pimsvpkojyi3brvskkiwcui	0.00915184326144231
did:plc:3piwd4wt2r3izouueibnq5wm	0.0113802159397478
did:plc:3pjiwa3wwlpq4eyrzisjj6et	0.00415868673075794
did:plc:3pl6l2lnciqjgsc3xtjcrzyg	0.00739015995250172
did:plc:3pp5aozzqwrlyg2j5n5xppvt	0.00629216890482085
did:plc:3pskkvwxnsogs5sgdgrmvwbz	0.00696629213614004
did:plc:3ptfvavcks7d6ffpuvyfshwe	0.00320788222500798
did:plc:3ptxp22fzy3jm4oy2hd4rnvw	0.00403404885297818
did:plc:3puasqvtisf2df7jeh733xvw	0.00251738986420314
did:plc:3q3rjxa2e4nyvw2alnjmtx3m	0.00525979103053782
did:plc:3q47732243ykup6rb5w5eaff	0.00571939231694565
did:plc:3qb5thielpy7yzf7evkiqziy	0.006397637796969
did:plc:3qdqzfmpbnjynhka6n7cju5n	0.00538038761989605
did:plc:3qfxhwf3rlf3ay33wkxqzj6i	0.00369842816810088
did:plc:3qhwklkq3wntjwjuag4wx7x4	0.0062972292280264
did:plc:3qlmgcx5vcxayj3yvets3dtv	0.00200501253134883
did:plc:3qnguqpxblq6n6d4w2p4ci7p	0.0039162044673993
did:plc:3qnhr3haexb6fnynlqjt4nbg	0.00704887218171388
did:plc:3qnqpanrrz7vmtsja2yhbwrk	0.00287757237546353
did:plc:3qq6dfz5rtgix3f4z4wcfeu5	0.00678664023322956
did:plc:3qu72w4o5hqnpx7qh4ju2vvm	0.00841514728356322
did:plc:3qyo7oxs6jmklqro3cnexgfl	0.00306131858012106
did:plc:3r42biewst4rgdq5vwvyyxf5	0.00315926407731
did:plc:3rdyexrwhbukzcrpicsshwud	0.00990371390402341
did:plc:3rifxwrtnpxmmqpj237qm66o	0.00303260045491691
did:plc:3rosfuj2cldlfxbyvnoqr3gn	0.00310567854814857
did:plc:3rzxfuz4qgxwal3aertosd6y	0.00569948186768938
did:plc:3s2rojmoxz6nygor7ofqjjy5	0.00512585812359636
did:plc:3s2s56mkxdyajypian7r7jxk	0.00938803894563466
did:plc:3s6pojpw63etflelqgpnxcdh	0.00404932817969758
did:plc:3slc4p4zdaxdqqswpninnxjs	0.00346792604125474
did:plc:3sm3rwvvpcbp2yfrcw54j2dq	0.00786551511866041
did:plc:3soveclows3os4m76yesxhr6	0.0100806451720163
did:plc:3sozkahukmdukqldskeo5yib	0.00425671250842038
did:plc:3sphpluzh34kxhcxszquxd6m	0.00896693443234469
did:plc:3ss7dr5db3u5yu6grkiamq2a	0.00436083796515993
did:plc:3svjfwfwdqrjgv5kbyqstdak	0.0064257028115792
did:plc:3svuzd7eyf5xc23chq7bkkot	0.0203359860158097
did:plc:3t2xlxohf4r36vy44q7mihg7	0.00290358308154402
did:plc:3t4lwlhczf6lgsjuvy32ubqk	0.00518686940521635
did:plc:3ta5rpnthsxkf3itrlzajhq3	0.00497763670480546
did:plc:3tademprl7hz2go2fabia5rn	0.0109926715936178
did:plc:3tcljghwneu6wn4serr7c2hk	0.00741467669937173
did:plc:3tdpt36qvyquxxpji77332sb	0.017368421063076
did:plc:3tmiogrizfjowqz5ldfxgmlp	0.00474707016847023
did:plc:3tn6eylc2a4feqz2kd4wqqas	0.00877713984355177
did:plc:3tralnmc7wwlyzit3yr5lndg	0.00600901352232819
did:plc:3u3y73qfg4od5wqsmqdor5av	0.00956989247562725
did:plc:3u7pyzlivibxmwpmcvrlwwzu	0.00511739916047123
did:plc:3uc7evalknejatwsbfdrmbjx	0.00364310790261094
did:plc:3ucn2lstggefr4sbpwsreep7	0.00463098657690623
did:plc:3unxuo7xjkqau5zgwicbfv5s	0.0107018417212532
did:plc:3uo5dpjdlkjiqcysmsnk3mup	0.00428636195052414
did:plc:3urhjbie4h6ndjbnoutube2u	0.00755715095920572
did:plc:3uvz3v3cztxyfjszrpqwkog5	0.00617638609783349
did:plc:3uzsnskfkzi6pyvjlxsu2cvi	0.00622357914697963
did:plc:3vceczra4xmzgieo57ehiptz	0.00297092288257047
did:plc:3vdxdo7mn47iyafh5rnzuauu	0.012611275969858
did:plc:3vgc6hrtnj3t2omq22bqxptx	0.0060562364836147
did:plc:3vgcuri3gykttw6buzzneaqm	0.00302852676829581
did:plc:3vpi24bkfufdcggos5jssghx	0.011018363941541
did:plc:3vqsk34rdf4prnktaiielrsf	0.00822833633720397
did:plc:3vz6ewm2thnlpevew2nu24gh	0.0071805392743476
did:plc:3wcdjyeka345qisgrevbtkk3	0.00577306602519486
did:plc:3wlyekal42yvun4xhs6ctslt	0.00749579318254143
did:plc:3wo2ftqnyx7iljvwdiv4uw4s	0.0108813928268016
did:plc:3x3l6f7e3e5qyfx6ew3b2m36	0.00416021671851775
did:plc:3x5k2uhi7plzzyvs5tc6oaxg	0.00438841623820748
did:plc:3xcpqpmdazc4kizysrjphwrd	0.00285430170906051
did:plc:3xemqqj6tkwsa36btmqbsvsw	0.014900662334417
did:plc:3xg3droomrfw3uuwajvekxt4	0.00264729075158635
did:plc:3xtx4wyeswlzdckn6ioniate	0.00971008462845869
did:plc:3xufvwmjvts5wd6aofh74kqs	0.00980850071225492
did:plc:3xuryrneq3phxr5y3phiw3pg	0.0020560639407869
did:plc:3y56dakefge3q754ztnstoho	0.0106963545167218
did:plc:3y7v2px7q6pqbu77fgngtq7m	0.00563221627760359
did:plc:3ymsw56mku7udmwgzc3xcs7l	0.0363101080916367
did:plc:3ynaxcr3hhkleyjkqvkkvg6r	0.0025937278944086
did:plc:3ynrwo3nzdd6gr35jddytzkc	0.00695187165907082
did:plc:3yp4exubj4p3rpnoac643au6	0.00435087719298253
did:plc:3ys6bayje6zdl6shcx4kkwit	0.00350922797027196
did:plc:3yxedxjkoi4ksorsmfpimmip	0.00702279530283717
did:plc:3yz52xgl4ap5tdlysbxeqgzy	0.0101197852233236
did:plc:3yzlnig3wocrrcswqm5akau5	0.00573855159193382
did:plc:3z3ejvcpnjeb4io7oejzavwh	0.00471596999013823
did:plc:3z4jhdvvf4mgmtxcdsfnf7xv	0.00813208477164294
did:plc:3z7tw5yzhx6looqjpiecfytn	0.00421895861172287
did:plc:3zhzw4eijxzodry3keq7vf3l	0.00530816868240177
did:plc:3zl4ibx2zec4ry5e6cie6jn5	0.0040687879475621
did:plc:3zo5hskoihx2og5wn3zp24va	0.00693361067908777
did:plc:3ztm5rjitdbmgs3r65bdun3r	0.00685627222077386
did:plc:3zwox2f5tk6x5jpeukjjzxya	0.00459770115035078
did:plc:3zyhoqik5kbqjimlunpjhycx	0.00247330220521985
did:plc:422vlua53avsipzgc2eiwdt7	0.00428336079077467
did:plc:423vjbokqddvjvhj2u3r5p26	0.00365805169023478
did:plc:4242kk7bvdgnlpthiggqitf6	0.00395752895782223
did:plc:426rktuanrmprcoq5eo6f4yp	0.0119463869528205
did:plc:426rpsju57ugf6uaixodyla4	0.011174175247313
did:plc:427pgr2tghogx2gk25wlr6yu	0.0108181203533233
did:plc:42chnuzadgbjo6nobjyozk4w	0.0266565118771699
did:plc:42gl7cltval3cfuawgcprpr6	0.0150046889815114
did:plc:42iubpuqlmwylcbpeeqlchar	0.00525905726590435
did:plc:42l4ryev3iw73gm7o2ols6hc	0.00563486100725967
did:plc:42lx6fzc74hcanak4vdy7s3b	0.00265545109702112
did:plc:42scvqiqdhj6di3jo3cgh6hu	0.00694679769701609
did:plc:434tz2bquvdxjung6ff27wdu	0.00582241630501917
did:plc:4352airfqli6hzhswnbhjp26	0.00649254832683717
did:plc:435ifw6wyaepkqvcovrvfilp	0.00670304899897897
did:plc:436kuc4ul2jh6lv5nnipegp6	0.00385968895479518
did:plc:437nf5v455t4ynqnowe2fia2	0.00328199949518177
did:plc:43ablaby7eyqk2gvf5tugumm	0.0141006098537917
did:plc:43ihiwwxn6mfu6av7phdk2kb	0.00450294423375397
did:plc:43j3mmwmexerip3huc42otxj	0.00555195706538614
did:plc:43jzilp4geukyglwrqzdx2xh	0.00440735734958722
did:plc:43ko6assbnhda66xmkyv72oo	0.00374106486774148
did:plc:43lxgtonklhwz2vo7wjhxu6f	0.00716360116286763
did:plc:43vfmztt66csgxgc6iwlzybb	0.00436970338987377
did:plc:43vgrghltbdw5kxvppa5ahho	0.0059671245215209
did:plc:43xh25q72czwusvkcwbrex6x	0.0040919831712634
did:plc:43zhjylwh5vg6f2emllmr56g	0.0102319236118926
did:plc:444hionnawip2bme7ljixu4m	0.00364636260423922
did:plc:44h2lvfmgruudksquvjr5tg2	0.00937122128441394
did:plc:44icij47mnfi4ehqgq5r2fou	0.00568387955061188
did:plc:44islidgkrqflvjn4bcek4wf	0.00496671245905221
did:plc:44keertbo7nuvrw372qsqafx	0.00375187593831475
did:plc:44kym5jnu4sos7qj34wx4vav	0.00806050353690008
did:plc:44mhnyqybbtrjcyqjf33jpau	0.00314795383012985
did:plc:44q2ycyktdu77srbh75yvyhu	0.00488744075906169
did:plc:44tzh3sg2672gyzxykaxiuli	0.00808419768568624
did:plc:44wrl34uil4kbnao4mu2b2rp	0.0050186406660366
did:plc:44yvpfnruj2wlxcfbj5g3yzr	0.0072275550548127
did:plc:454ktoz36iaorxavx44dkllv	0.00512295082033733
did:plc:455zs6kigjmj5sjyctuohige	0.00594441967814516
did:plc:45bn2yytfgyrgafthuq4cehx	0.00809296534966685
did:plc:45dqaaqhlgoiknw74nlwmhie	0.00410245038278832
did:plc:45e2nj6zz4bvxz4mt6oa5xb5	0.00587905935269217
did:plc:45izbo7gfkewxd3cltygdvpq	0.00465966733603051
did:plc:45q2srepy6hwjyxaltn36ujg	0.0162347799578112
did:plc:45rkfkyocap4hvdwfouq7od2	0.00213702888235195
did:plc:45s4u2oix45ukyx2xl6z3mjc	0.0064743543711622
did:plc:45sinlhz2vln2pun5cm6yvtz	0.00284575981803537
did:plc:45vipy2akjyweypv3xrro3bd	0.00335773425941477
did:plc:45yecnfays4kgamnautujesn	0.0116718160041534
did:plc:4624eblxpmeelqfovaju2iik	0.00632648828219152
did:plc:46acn2n7oddwskgaytcd2xvx	0.00326181501895285
did:plc:46egwly2zpkila2ffdyk3ghf	0.0137259795569986
did:plc:46kepfon4tnx7lzwbut6ukln	0.0063594778534111
did:plc:46nscpciy44u2bsiwhrqxlwv	0.00536957798473488
did:plc:46nvcet4ylrkyz46yqq62qqg	0.00808003078123683
did:plc:46qg2rxu3s4silghcfx3lkei	0.00311860442454461
did:plc:46stihdrdr7bh5giew6odtha	0.0269886364331474
did:plc:46ur47yd5hc5unm6qcujs4dt	0.00456434917365805
did:plc:46wcqnqsp2w3pywu2uekple2	0.00233818684244655
did:plc:46xbknbohwdkm256r6tt4frz	0.00284181620796449
did:plc:46zpyr6ghhuixhook2tioz4r	0.0111353712187853
did:plc:472qdker2je53vb5ziownkfe	0.005307916215425
did:plc:47cewldyuzhcrh3dwsjjmhwx	0.00629009938535294
did:plc:47hb4ku6xnafvanvwud6idum	0.00216723146033577
did:plc:47hhewaetrpiceo2h4ow7qjg	0.013068651802884
did:plc:47kche5px6ixtxyayei2z5y3	0.00649252604721821
did:plc:47kclegz5rajlkydpiw2c4p7	0.00227973715978262
did:plc:47m26qnp3l6oi2fmrjpo6hns	0.00483558994276618
did:plc:4aclf55uza3b5l5wxecfmsfu	0.00215947740654763
did:plc:4ag3et2k7jzuj5ym3chekcob	0.00784242203630822
did:plc:4ahidnyia4xz3lrclchfcfoo	0.0043765553945372
did:plc:4anqdqcchoguctmfcqdkpmlj	0.00393572633415443
did:plc:4aov4q7tek6f5zlkdqrrxspc	0.0102685624114095
did:plc:4aquscxr3c4ryjhwdpm33exs	0.0074466561703203
did:plc:4avvlhd4z4gpta37bhd2z34q	0.007056317401147
did:plc:4bhkovja7j6vz27qt4z2z2a7	0.00657318142136728
did:plc:4bkxbkkrixg2vqu255aiamfe	0.00393833689688822
did:plc:4blngf33zywwvk2gyfco2log	0.00592562321423291
did:plc:4bydkr2rn2lt24pvtzlamdos	0.00844704353841809
did:plc:4c24okimjfieru7ayvi5y6ar	0.00340929481474843
did:plc:4c7aarto75kgt3hozjljwqnm	0.00458167330770834
did:plc:4carartw3thvkryyizfvdioo	0.0025844101709049
did:plc:4cimi3vothjehwhwt3wz3aeo	0.0077519379846856
did:plc:4ckpjmu6t6pabbsn6bioq6bz	0.0126427406470296
did:plc:4cn7wvnvykzbjp6tf2efcu2h	0.00854700855053635
did:plc:4cs4d6nwicc5onsfnqrooo3d	0.00401187253363194
did:plc:4cxzg2rteowmdrnxt2rhhc4e	0.0106112054421281
did:plc:4cyfi3wrwpcglcgyyejbed73	0.0077519379854435
did:plc:4d2wxxzunxuagu7pzucvmi2b	0.017589239574333
did:plc:4d5rqdbj5yyc2lsizfoxj7zv	0.00628823929478223
did:plc:4d7jlw7kabdncjwmtcqhsmxz	0.00922663982609282
did:plc:4dl2og3pe6xffcjidtp7corc	0.00491290754876828
did:plc:4doj4sijtt43o3l6ns7rnbox	0.00415110004277698
did:plc:4du4mx3xu6p6i3qiwhvcwip5	0.00871459695321818
did:plc:4dwxu4q6s5squ5n5opm5za7k	0.00456866433848728
did:plc:4dzm45a7fsisquio377bxtvp	0.00577053632275009
did:plc:4e2mtml2mwdaz4e6rlpxwucr	0.00409130060319326
did:plc:4egv5reautg2jfzwff5yslv4	0.00891316849074513
did:plc:4eltfgiadieqby5w62v4a7rl	0.0041923670007714
did:plc:4esa3okhta2soybbzyiedk3r	0.0118320610753247
did:plc:4eslwdwjt2lz5v375jozcpkt	0.0024398005728764
did:plc:4etaruq5i76m7xroc3lifoh3	0.00255827174535589
did:plc:4f4s44x27ugfigwajn5phkug	0.00637420323315864
did:plc:4f5s5fduwvenyqe65zn3yaph	0.00788954635557658
did:plc:4fhik2o5nfhzsvkgnqdqilha	0.00419041802413305
did:plc:4fizy7rhrabgjsf4sxad6a47	0.00489814958869619
did:plc:4fl3ewoz3seywf4zcmsfqjkr	0.00362092234806032
did:plc:4fpdjsexplwjbcw5qmmwblxq	0.0211780278249483
did:plc:4fqidec6xxcuicwkmsgy5gmx	0.0034546576192004
did:plc:4fsfgt4cyhoopspwjhad7kj4	0.00591397849505351
did:plc:4fszqjwcg47qdklam2tsbt3u	0.0138297872547543
did:plc:4ft4frfrtdjnxewq43u65seo	0.00710846136330393
did:plc:4fudnp253ahtqgdf3cilj4x4	0.00478179619736914
did:plc:4furqakg6byl3mqj22c5qyg2	0.00888565186038458
did:plc:4fvepktwmf6auco4hmdmbgll	0.00374895862433783
did:plc:4fzzdquseeg6dgykn35jn36r	0.00385653683024433
did:plc:4g2k77tyzqzlh7ycwnzmxhn7	0.00528526900676145
did:plc:4g5bwii7kmcgjjwjbrrkcxoc	0.00577166350642556
did:plc:4gb4ontvelbqwgv6sumjxj4h	0.0124659135233852
did:plc:4gfhlbxsm24opovzjirbf62c	0.00440643788148277
did:plc:4gg2ntelwl3sjq4xhls2uenb	0.00660211267759582
did:plc:4ggbfhlem6cawsuddbb7r5d5	0.0108518719908652
did:plc:4gi63cu6otoz5nyruikn7fyc	0.00412714502958219
did:plc:4gl2id3kpbuadgrh6xk2rnmf	0.00472164269328759
did:plc:4gmqattvuopfblk4fhyi5k54	0.00276649467577493
did:plc:4gox2oignoyafa6jjtihdom2	0.00810810811224419
did:plc:4grdqy2rosd7ypsgeykgak5r	0.00419826652245474
did:plc:4gvidevxxr3xghrba5oq2kbi	0.0046439628491948
did:plc:4gwdyczlpd5t7erttikngzqf	0.00330310155647936
did:plc:4h6e5eou5mdqnvt4iw56qjiu	0.00463047031141949
did:plc:4h7u2ujzepumyq3gpzb2vqmz	0.00264667713974618
did:plc:4hdlocrkbal7xzo5gsjkzcaa	0.00683633968240627
did:plc:4hqprhkdu7gndnxl25piihx3	0.00318441942091903
did:plc:4hu7b4jfu2y42vx4r4323xij	0.00401003739449534
did:plc:4hvhn7vqn3b5anb4v3dtdx7w	0.0036873878287218
did:plc:4hwxr3ue6xr2mmfwh3pe2phx	0.00398135999643816
did:plc:4i3k4n6slvcqfubull7kbpym	0.00347198888972348
did:plc:4i4zu44dzpjpkwudiuzsuuux	0.00945864359285856
did:plc:4i5wcdtr3cqtwyn2kawibsbp	0.00948660714543308
did:plc:4ifzoxkaputpxxd5xnay2x6z	0.00605240105321005
did:plc:4iggmwk5pwo575m33duezh2f	0.00420042004224837
did:plc:4imtgw6i75j45cjiv6ox3od2	0.00388808722173028
did:plc:4iodul7do2ig53nx3v7nlyux	0.0056760420201413
did:plc:4iqr3mnabraa3hnxpa45j3nn	0.00697111965370518
did:plc:4issuxaapikybpmx2imffh5h	0.00476687025257904
did:plc:4j65w6z2n52ceowurwdgm42c	0.0048429010158596
did:plc:4jetvyumv6g7r3sj5bheia76	0.00420693102323535
did:plc:4jffapni46vw4sw3vjno4qvb	0.00290339609376645
did:plc:4jlfdsfcyngg65k2xxiegz7m	0.00497017892717086
did:plc:4jqqq7haibu3xv56bqxaicyi	0.00336021505376422
did:plc:4jtbrb6yelxexrgshbbqycb6	0.0053555489443478
did:plc:4jurc4mo6cmzxdhepfprrk3x	0.00748704166392921
did:plc:4jv4fmvyon57cdney3zgn47j	0.00332307357077057
did:plc:4k7adsciids3g4dvupv4udbn	0.00489190468691344
did:plc:4k7isgzndcebqnupyoglkj33	0.00251204757515393
did:plc:4k7pytli4gyxufsy4rhi5pxe	0.00509242756360504
did:plc:4kdkshx5jfcf3wvolhwdyo3z	0.0036162005789796
did:plc:4kglpvjfavwqnyqhmh6u72pq	0.00630396053349619
did:plc:4kilsgcklivyyrhana6ssk5x	0.00346714708225944
did:plc:4kpe2s43byzrlsixfxczlupc	0.00923368321643195
did:plc:4kt4fvnxjajgew7hhpdxrgpl	0.00257513081117522
did:plc:4ktfm42mb2iayemgslbpl5sv	0.00399976472000621
did:plc:4kuipwfm4ejrjrhjm3a4mmxg	0.00883256528737308
did:plc:4kvqdm2nrb5xg62kjxxwzv5k	0.00403972395247189
did:plc:4kwoykknk4mhcpxabhbfsqhq	0.00665483584888528
did:plc:4l2owovwnzahs2oyri4zfxwf	0.0117736422399158
did:plc:4l35vdqw4p2vixtjeosqfdm4	0.00553831172835622
did:plc:4l6wqyxj2lw2fqkzjfd2ja5b	0.00233082706798037
did:plc:4lkxlt4pzps2qw3alczmbwo5	0.0026392752694858
did:plc:4lmk4zwywf6qyir64tbzy4gc	0.0129078523022879
did:plc:4lrvekgdmvsv7sookg3o6owu	0.00835148874742851
did:plc:4lsnn4o5n34iw3pxyv643lxe	0.00326982076548626
did:plc:4ltcuufmvmfz2vr2belpnmu4	0.00414633635710151
did:plc:4lxoxb3q3kmt2itlznozlseu	0.00463962883059377
did:plc:4m2xlzs3l4twq5pxul7rqmi3	0.00611189468929806
did:plc:4m4h7bzayvwkvr57jparxzhr	0.00646269633672082
did:plc:4mkbuwq4waajntx5zk3ko5vj	0.00792291221000234
did:plc:4mksbx5sab3femmi4qdemtdf	0.00332559938138438
did:plc:4mujmzryn2f3u6ugfzfewnkn	0.00635456885629728
did:plc:4mwnlbi4tyvymoyabtg5f5xn	0.00235492843594462
did:plc:4mxdrqmnq23gjrgcnutf266x	0.0118308192908599
did:plc:4naa2nwxyk4rs4g3uqt2b5xo	0.00647323128638023
did:plc:4naglec72y4ncij3ohrl6amp	0.0102835774485555
did:plc:4nbuhzp3bdpk5ldke34syspg	0.00450039877049933
did:plc:4nmjwfgsu7ccsjqs5cc2hkw3	0.00429975429979975
did:plc:4nommf4wyn3qkruzpmrtinml	0.0103379721769399
did:plc:4nqhpkysukyxybsuuuafouga	0.00832729906246931
did:plc:4nst6333yfqqhvuh5agpr3jm	0.00475852991882444
did:plc:4nuvgkt5p7ij5o7nq3vz5kq4	0.00538292145885448
did:plc:4nxwvdjosrwnsu36luxy34gb	0.00293366139884302
did:plc:4o6firlvecrpnnwpn7eg44mt	0.00830909846665822
did:plc:4og7e27dqgz42guftlkon2do	0.00573630904600755
did:plc:4p57rjijzfwbfy3mle4jhppi	0.00751285093442813
did:plc:4pckwo62wzvzolsx5if3qrhm	0.00631095811995191
did:plc:4pctwbhw2zkpf22xbkb7hzm4	0.00697739324718563
did:plc:4pdqeriecpi2u4lvpvn3ztug	0.00822774395656541
did:plc:4pjwd3ofvmr4iio77weh4u7s	0.00274172911720014
did:plc:4pknjif4te2fhxdj5wtxbxvh	0.00629953261709669
did:plc:4prdi55toppp7fte6hs5nghn	0.00290907398372253
did:plc:4prxnd7ewgs5ujiijzz3ornl	0.0151792246576513
did:plc:4ptvfpsaloxps3wffaw54hhx	0.00357548479407484
did:plc:4pueqfx3yx4jzcccc6tyr7j2	0.00270042435259193
did:plc:4q2cv6gywrk2jw2lohgt7rae	0.00637323242553309
did:plc:4q4idixjnrt5wx6wl4oqjvgg	0.00967238689790553
did:plc:4qbnrr52c5vbih7w32wtr4f4	0.00224114746757413
did:plc:4qcm32bzs624bxosolucqde5	0.00448484123761886
did:plc:4qj6a7ojqqgk54x3n6xkqobl	0.00350919651508991
did:plc:4qsa2mbj5hg6xvhd4zfuixy5	0.00570024570264913
did:plc:4qtwfxg4zueteuaqhxwpp3zo	0.00320860894472691
did:plc:4r5tnpplse3g2gqfrldl43hl	0.00733356250828196
did:plc:4rcj2y4kaf354dx2ptdgi342	0.00496894410010895
did:plc:4rey46v25dswgzrcdgst3cdj	0.0046714763532601
did:plc:4rf34f26cp3yvzoamsxgotte	0.00337219105254687
did:plc:4rfckjknz6lo2t2m6bm7xbwv	0.00636016718326116
did:plc:4rfmuryjlomfzo7xdfikodnk	0.00783732260572658
did:plc:4riotamgz63eusczmck52vqp	0.00770609319478669
did:plc:4rjcg3aave6l7mrf4qogf4tb	0.00377442273704348
did:plc:4rmqjg6arhnrzinu7msscfpw	0.00414060435229464
did:plc:4rn2yn6fe3bgzn2rfura64xr	0.00758663113074762
did:plc:4rpyl37ds46m5r72qngxakak	0.0065762984849829
did:plc:4rtm3r3ktjyjiut4a2k4ptky	0.00633122292743925
did:plc:4ru5cl6ygmijbhrqgwbt6ibk	0.00881470367656187
did:plc:4ruk53xkywk4iwlcmny4i2gb	0.00403151914999298
did:plc:4s4wlvwkbr7nc4s6kcyipz5s	0.00581135449489062
did:plc:4s5jgxgvoaebrplmwbdvhtzv	0.00459025246392272
did:plc:4s6yddaeom2i5a2tytwvlkq5	0.00590014013049265
did:plc:4sehz2k7yfrosxwutkzsswb7	0.0108081948788361
did:plc:4sf3o4cel3mc4gt25bbtctf6	0.00668857076543813
did:plc:4sk5hlvxt2gh43t2zargvwv6	0.00396624800861126
did:plc:4sqihhmybne3nkdrwqdanivd	0.0057585385249673
did:plc:4ssnbqayduvscd3ig6zdhkei	0.00631750560599818
did:plc:4t5nfenka5adeagf2q43pqj6	0.00522968197942328
did:plc:4taxg3xp7cj3s4hghdvyoull	0.00493792325130848
did:plc:4tcstj2gqmfhn7yz4si4ai57	0.00453386228489907
did:plc:4tflfagzaggud62db5vgfuvj	0.00805729632948762
did:plc:4tfs6bud6mbqt2gapntihrve	0.00638231631552892
did:plc:4tnfc6m6guvwrbbd2ly4yqhk	0.0111147433881833
did:plc:4tun3oa2qookpicau4ykgmas	0.00644237652277471
did:plc:4turscyol4o2txp2wkz6ihsi	0.00293357546987029
did:plc:4txgcbpliy224zehdlzu3crw	0.00930626058894276
did:plc:4ute2qahnwjuulmiyqlh4mly	0.005882352943361
did:plc:4uvzon6c6r7suvcin4ddl4b6	0.00867835834455379
did:plc:4uwihynrcgu2h4aoe54f2axw	0.00257156391694318
did:plc:4v5pidkctp2mwrww7sfgujzw	0.0120388349577424
did:plc:4vdbvfco4ca4shpt3s3zafb7	0.006266394646148
did:plc:4vij2dhed2mxktezdsbhngpr	0.00526760746630662
did:plc:4vzlfowdjb7sqm44z67mvzjv	0.0081232018995267
did:plc:4w5w2dprfoupeib3bmqktfiz	0.00615508128911872
did:plc:4wadzw7fp4r5fwj2c7d476ap	0.00768386388603433
did:plc:4wbob6c26x2k3y337kbdkshh	0.0129421915697182
did:plc:4wfhbvu7qeavrtm3o765eb2q	0.00241134295732674
did:plc:4wfl3nq4hkhgzctsli33qy36	0.00636843740463721
did:plc:4wjl3fm6w6epdewb4ewfcvmw	0.008804108587232
did:plc:4wlph7cx5cggwidxms3adzkz	0.00338278931798414
did:plc:4wmkptuvtfspuo3g6s6hi6mo	0.00401114676715586
did:plc:4wu72n3yfgzkjnr4bvodmaio	0.00543019186956482
did:plc:4wuarahzbvgg6zwhvpwlzdb2	0.00203263836461683
did:plc:4wwyzw2nyrnmtcpdqxz6h6lt	0.00560621194109265
did:plc:4x6tsacy2rhxtq2axuwwv7pv	0.00501963324363377
did:plc:4xi66e4mpedr6klvc4gwsjwl	0.00208872921723366
did:plc:4yhyn6hwl2bcs2ika4dwjl3l	0.00503524672779077
did:plc:4yikmpsgxeskvm6wd3ibdca7	0.00517439632365552
did:plc:4yxyge4xs4rk6cw2kytbvazp	0.00383892196964571
did:plc:4z7a5jnqxgsri43pzsixffwz	0.00565069981793254
did:plc:4zdi7o24stkmeoddmy2rxkuu	0.00365777731666711
did:plc:4zgm544vuwmu7verp3etjgbk	0.00581693755572447
did:plc:4zijjolpbadn23m74q2cbcxx	0.0101075970024541
did:plc:4zrl3nqndg5cqbnhcuk7w7kh	0.00280627904940726
did:plc:4zzefs3rjfmglngc43z4bqvt	0.00594958509683412
did:plc:4zzklek2g6oqjm4nzafskisy	0.00283705439759991
did:plc:52btxy4ydkkqgn5rhaf3tta3	0.00471807206709321
did:plc:52dkfycalwc6mx74hvj3kap5	0.00327608297258302
did:plc:52driyeaqfps45tfeaowdcjp	0.00624035429290843
did:plc:52e73k5nuk3ayr42vi36ruuj	0.00475346439013655
did:plc:52j66yuifamesazu33elhotr	0.0020842544053595
did:plc:52lfdjccfrhy3vhloncffawi	0.00212551739568252
did:plc:52olzijegadcoafjk56j5er4	0.00255364308696968
did:plc:52oxsmatw57mtq5v5gcegmmw	0.00556642094229492
did:plc:52p4wmtfkrnpru2depams45w	0.00311582913724178
did:plc:52pwqefxmeo5wbiy7bwx77hw	0.00315692395064826
did:plc:52wccfrsabrjoizxrnvi57si	0.00426042604283803
did:plc:52x4hgh43acag3ecs2qi57tr	0.00301191671409233
did:plc:53367e6xuggkoieba4nfufzw	0.0078194816846859
did:plc:53a7i2uiy6iaspgbd5fxnnd6	0.00600176522712147
did:plc:53cbdomfzkbngflwagqwo2on	0.0112561909126929
did:plc:53dl34jgq7hondii2xnnu5vz	0.00320784979771329
did:plc:53dnptmtcpjm7y4iiwgijkos	0.0041344598240924
did:plc:53ij25dylrebyvnwfp5iogte	0.0065450218183199
did:plc:53ilhntpel6ragn46lcubkmk	0.00414771875469508
did:plc:53jp6abjo4fvacrc7ngftqli	0.00393015050719971
did:plc:53o4shmhjdeflinmqyq34wgh	0.00386291600665513
did:plc:53ry353u3ldocirmn6w4cvqe	0.00660544546633494
did:plc:53srzfvwge7awnlyg72vntby	0.00251366120223453
did:plc:53verixueu3wcygykliiqkdi	0.00487087583939362
did:plc:53vyvmy7hb4n2z2rv5ljytdq	0.00767161502929798
did:plc:53wxfuqck223xmtoc6togw4t	0.00790785628776798
did:plc:53x2aemv2hqmdexrmbskkczn	0.00235884949018462
did:plc:543q3p2drzss3a4wrbo2dpmv	0.00421979425675862
did:plc:546epanfib3wouhjjjvpn4c4	0.00598042769327007
did:plc:546kjo2ufjoahse3hbwp5qc2	0.0100356102407195
did:plc:547ap2oipxp2bulk6gpjnstr	0.00486734763908565
did:plc:54a3i7pg35lvehka4hswggyd	0.00263574064333
did:plc:54dcbcrnhj2qxa2tc2kv4she	0.00449582530606505
did:plc:54e5yjwti3paq4wmvgvwbhcp	0.00638631160551021
did:plc:54ez2zazxkzryeheqzmgivei	0.0067796610183698
did:plc:54fsrhhs2337rhhkr7cgtzm6	0.00891049008006561
did:plc:54lboxkg2pbthbsetdtqeujq	0.00286772613231444
did:plc:54lvxus5zpnvtmtukgcga24s	0.00523623474505378
did:plc:54ngeazz7mz5a4vjfb4hedte	0.00562023283871937
did:plc:54nnvxm2pilyzclz5k24otoq	0.00803166104487997
did:plc:54pmhcjgdxyjfkjkezqn7hdl	0.00442711078421604
did:plc:54zkmqqahmjzrfemhomn6byx	0.00503549111275588
did:plc:555k4skhpltmoe4vfqm76sy2	0.00313607853843548
did:plc:55awuhju5qcfi2tp6x4qst4j	0.00680898049459323
did:plc:55bzyexdsyiwnzpz6agjqqtv	0.00584382476592624
did:plc:55eicdyhdhrz7y7edeszwf3w	0.0062370062461516
did:plc:55esn4kvz3xisk6o4nhipr4v	0.00644329897072948
did:plc:55oqseribxte4zfh5oh4ff5p	0.00334689591859231
did:plc:55p7tyj4f7kz3bcoeteqbg4p	0.00219104800394615
did:plc:55td2fapuesxxvzipi7o2ovo	0.00302699658596441
did:plc:565x2hozoxcez4zoigtqhudb	0.00662251655781656
did:plc:56dpyygrzgsh64descyrxw3b	0.00607164541789206
did:plc:56ezrzxuzktvqmgz2p6qeqnm	0.00389883035243021
did:plc:56fa3ia6zou6kj3tdr6rfhqo	0.013299556704739
did:plc:56pkfet77kawunusvohcfsgi	0.00343671892797031
did:plc:574jqawyclriqd5oxtf45lr2	0.00834355828600235
did:plc:577xk4pzzdmsm776h5jcb32y	0.00512914453262831
did:plc:57sj6vganntyyy7divo3a3tk	0.00574545454780099
did:plc:57uluwibuuny5bjwgbk7b7ci	0.00367180539468372
did:plc:5axkh5dswpzndtwtjl3lljrh	0.00519839442058752
did:plc:5b3ft7hxkaixeavf4qcw4mjc	0.00293628808879121
did:plc:5b4mo7bct4vjar2rncogztbl	0.00629991127062964
did:plc:5b63zizldgknmxoxe4nnspku	0.00746924429352445
did:plc:5b6m6bmr3bhkkhd2ceg6dud4	0.00778265176639002
did:plc:5bexzywwx7ha4hmnw7lkrx5x	0.00500375281532564
did:plc:5bey7i3fgdk7b2gbefs4gv3e	0.00748129676337848
did:plc:5blkr2tifldcxdc7xta7xi2t	0.00657420749435475
did:plc:5blxpk26zizqfbremgjyont4	0.00472783031007545
did:plc:5bmgxw3asosfrcycpmw5rm44	0.00865324103209675
did:plc:5bossztax4eia5banqyzfb5x	0.00715975594691491
did:plc:5bpbycec3yjxcjdy6nntlodd	0.00426411257280506
did:plc:5bqephxrvig7w3sga7mixtsu	0.0045333596146452
did:plc:5buczvgtyolflz2ynpqvrbez	0.0051567871659817
did:plc:5ccrc3n7ehibpsccefsujfry	0.00424145243907214
did:plc:5cmrnt4wk7mgk3yybs7gzogm	0.0141718335002017
did:plc:5cp5kziwazhj2mnobeqxcits	0.00528449027816918
did:plc:5d27a3ajitt3lcsgwohlsmvs	0.0047833427126007
did:plc:5d4lmqo2f4ape7n7csh2uymm	0.00337275919471512
did:plc:5dcxmkiolcsctkzpfb7tpq5m	0.0128865979637571
did:plc:5ddjzcazocqtz73kdljyyh3y	0.013548236415399
did:plc:5did2pamqmhp6fdpijorqtz2	0.00532006178195557
did:plc:5dk2brzstdudh2rkdcr65c4v	0.00596266369504175
did:plc:5dlyigvccm364dlqtwtlxleh	0.00894749235061219
did:plc:5dnxqkrgimpaveaozohmymfm	0.0041269196944598
did:plc:5dplfndn2q6glmqipr3oxft7	0.0109626584450061
did:plc:5dsmlvkl7tt64pot3tbpxclz	0.0134265734492122
did:plc:5dtfwito3i77da32ipqm3irt	0.00607054963283039
did:plc:5e7acxlergqjgqelzedjpvri	0.00523187890548497
did:plc:5ec4agvkntukrtfmyif6oith	0.00266666666686829
did:plc:5ecljxvemhc3maviglqwxogx	0.00866807610994199
did:plc:5ecmmxognumrg456ssxo23ik	0.00756835938009256
did:plc:5ehq4c7tlq7ya2uedl2zdloz	0.0102996254782186
did:plc:5esvysnhta3wlio6pkj5h6zx	0.00567231474123404
did:plc:5f3cl5iwplqweegltcapcc4t	0.0068241469830201
did:plc:5f3m2vp6f7eabolb54ifz62s	0.00313688015467955
did:plc:5f5upoflpxmcwcmu3hs7q7mc	0.00901559454491363
did:plc:5f6jdzjhtc7d6kzwt2n6vaat	0.00755792343467646
did:plc:5fb5yuyz7a2x5au3rx3jpfqw	0.00760608487291094
did:plc:5fg7uzo2bqhbnqe52if5drch	0.00295930279914934
did:plc:5fi6h2pag6wffy6uvvgazr5e	0.00572776280560303
did:plc:5flzsq6chucxpymu2td47yrb	0.00526393831860173
did:plc:5fnpyokjc7oeahehearhekn2	0.00789022298905321
did:plc:5fw6sd4uiv2ezmfgahuurdbt	0.00205039658996181
did:plc:5fxh5jlny26wt6is6yfsoc5k	0.00327288810271515
did:plc:5fzy3cduilqm3d26fpg5i6my	0.004484614324167
did:plc:5g5emzafsphrue22wo6rcn2y	0.00665921106290694
did:plc:5gjrumfxxivkric3bzf4lvx4	0.00652631579744505
did:plc:5gkhl5bqr67nl6gclxkjos66	0.00904704463505878
did:plc:5gn5h3lrqxi6dppq36si4daw	0.00705135738755827
did:plc:5gnxfk4plh6765gc5kfbtwcr	0.00569210866801188
did:plc:5gtlaarppkkhgrqdysur4q5q	0.00221559887117311
did:plc:5gy33x6yvhbe47lhrtkzpde4	0.00738089912881063
did:plc:5h5hthgrc7kfiuauwrqx53bl	0.00670367654907653
did:plc:5hajgozsjahpjgjcipu5dqs3	0.00301580017059483
did:plc:5hcphcc5ocxkpwlmel36a62o	0.0051839052087188
did:plc:5heg7wf4i2bwykeaxn6yi72j	0.00425775292346757
did:plc:5hjosvutkjfudlaougquxlz3	0.00729335494350172
did:plc:5hphh6chun2xikrkl4ptl724	0.00827328529879443
did:plc:5hwkohbef2cl7mjjl4vc7fva	0.00454610029929584
did:plc:5i5sltqq276e2f53go6mj7wo	0.00710953121651594
did:plc:5i7st4xna4pimv52r3pcjhwh	0.0131819846449434
did:plc:5ijwnvltivx2unqsepyqf4gp	0.00662780484061755
did:plc:5iolkraur4grovkjconew6wt	0.00341530054645179
did:plc:5ip66pwlywudmckkz3txxxcs	0.00535866520579256
did:plc:5irfozv4u3mmzyafsphhubck	0.00400981996867504
did:plc:5irq4bzxk6srn23dsyswisd6	0.00317386366956863
did:plc:5iy2am5mgrcdn66rrrmvqgw6	0.00382221786674487
did:plc:5jfz7yz33ymbfgveuffa5aba	0.00307544449847962
did:plc:5jjj3otaogcbz2euhmrm2bfs	0.0045126353800413
did:plc:5jlk3bup7jysiog4y64oty3p	0.00521861777213791
did:plc:5jotthnaxi2oykgzwzbvhaj6	0.00386797318236732
did:plc:5jqjsokdvbmhviv4ugvsaq6r	0.00433970034004466
did:plc:5jsan3ebfchkb7udoh5zt4i5	0.00707200587828092
did:plc:5jtlnuoybbyryz4txip3a3tr	0.00246761258487591
did:plc:5k4ljtcmxsukiqupgovpdw7c	0.0068027210898415
did:plc:5kjtapyh5kqknmtbzvawlalh	0.0114335971929175
did:plc:5kpy2q2h6gn7zeq44vn66gfy	0.0161182001473907
did:plc:5kviy4skdavjjaocdonkei6y	0.00442988760442075
did:plc:5kydynj3pme74rk5ynru3m6d	0.00453490059594423
did:plc:5l2logxpzwcyumprmsnmcb3r	0.00741115041375153
did:plc:5l5oqoluiygqxgb6mecpkfuv	0.00592718035776559
did:plc:5l5zlahhuc3pvb5nkthym4ox	0.00285253627698281
did:plc:5lgwp4slhs7knfexb2pmzrti	0.0108912409963793
did:plc:5lk5ubmt6srbvsufhxp2av3j	0.00656489757334492
did:plc:5lktscfkgkg7kek57czn74pc	0.00511668538691503
did:plc:5lnitqbbubkabysizyvh6od3	0.00958987961889806
did:plc:5lo4s5fvxjxvy6j6j42xbgtl	0.0036817169933456
did:plc:5lstbbbvu6h5yzmksjtodqvb	0.00355898272451184
did:plc:5lytx5oveushe4xpd4dnqn56	0.0022228897566866
did:plc:5m2d4qp2phyzqp27vfpcsysh	0.00951315054438892
did:plc:5m3yiyxd5rdqq5w36sy3k7eh	0.0040481680772067
did:plc:5m4xk4f4tuezjnaw3oiknqfl	0.00641123492764805
did:plc:5mh3aa2joqedq3pukxekkg7b	0.00360962115884195
did:plc:5mnnd4jmfwz2iazeumo3sdjb	0.00398910293860103
did:plc:5mqxnepnizesippyzpk33sxl	0.0023676156378717
did:plc:5mrvwpwtpd5h7wvozn5hl56w	0.00350647348994548
did:plc:5n6ohdgwfytiuqostnrb7ssd	0.0262112788685772
did:plc:5ndkgdgr4ez7pvjgljzmll2r	0.00307986152573366
did:plc:5nia3gqtr44pefvrqvgmypa5	0.00349340424465679
did:plc:5nkgil53wff5b3yku55if3a7	0.00845612436437055
did:plc:5nlcrgrgu7t2j7lkfbqeofmd	0.00445284037344016
did:plc:5nlnqrrr5453eg7gioes3vbq	0.00770618134602584
did:plc:5nlz5usgiz4csvib2ho5g4d4	0.00908193484992678
did:plc:5nq5ts3m4lwnkglptm72acqi	0.00572956455546023
did:plc:5nrdo2hb26z4c5aqvo2equ6w	0.00341936907171627
did:plc:5nv3tbmqwdtlnx2ixtryspwb	0.00353595335822152
did:plc:5o2acmsdiufwhubmd34kwyii	0.00234593837541108
did:plc:5o3a2y2vcfade6uljs6i5bs2	0.00373993095547002
did:plc:5o6alvilmcam7y6am5tedh6u	0.00862553909962531
did:plc:5o6k7jvowuyaquloafzn3cfw	0.00787888151231179
did:plc:5oa323qr4ompmiuaoikoo7xo	0.00607453620293371
did:plc:5oghj2hn3p5juy5qmyjc3btf	0.00709316601356126
did:plc:5oqd4uv7a44vos6kppnr7qn2	0.00421595513920421
did:plc:5os3mz5zydkruc3i2jdtch6d	0.00481317289504146
did:plc:5otru4lu3y4arcq342icbt66	0.00490333426806205
did:plc:5oxmmejbvv3tieufrfrdurjs	0.00440602717716093
did:plc:5oyqmlcgei3c7dpr7gfs5er7	0.00802021534156294
did:plc:5p3b2jsyngianwftdzm2fvml	0.00501408063811662
did:plc:5pfmoauh5p4sywxxxgo2skba	0.0059649122827958
did:plc:5phj7fir3fmdcseokddcabrj	0.00974608875257663
did:plc:5pjqovgypv3weuv5sknjxyrw	0.020183486271792
did:plc:5purybjxovwh56turoxf3xfc	0.00268694260252931
did:plc:5pvoejsm5jmxp242pph7tks6	0.00986378582638875
did:plc:5q27fpj4tqh7ljo2u4crtero	0.0033801352058861
did:plc:5q6ntevrjefzdgzgzmuw2esw	0.0106973873778239
did:plc:5qdtely673aduc65k3nws64q	0.00548856548910477
did:plc:5qevs3uodwuvimcazjsvpzgw	0.00266267265788274
did:plc:5qf7zstydefozd7v44kb5zkb	0.00595466769323063
did:plc:5qfwjkbwyrkgx4a45unwmay3	0.00535385645030557
did:plc:5qi3n7oix4a5kkni55l4xxgg	0.00771264874875022
did:plc:5qikmb3ydf4567sshkjtmnpr	0.00270531400985442
did:plc:5qwi3qlql6ssbxbbbk7qnjkm	0.00599895670524025
did:plc:5qxzjczd3fuqtb36qosuuqqr	0.00539456393998327
did:plc:5qyxveb46rayfck7lwlsesl3	0.00747463962087791
did:plc:5qz3j6weqeklnxvh62asf7rt	0.00330155432736478
did:plc:5r3hmamfhd7ozrrlehmgkwq3	0.00333420038317808
did:plc:5r3tj4s4grgohrzpfrc4iofo	0.0198830409426309
did:plc:5r7ukjgitetqtrbhocdyscde	0.00421422882954887
did:plc:5rghgs4bfadepdq6b7c2ankw	0.00562708631428152
did:plc:5rhhrhp35bcyqieoniuqsw6u	0.00389354098916112
did:plc:5rqgu4bzyuqx5cubf6jw2x2d	0.00265610905102108
did:plc:5rtg6yo7ved67ik6dac7wsw4	0.00504540867879977
did:plc:5rutlc4whm524uv7f5m7urbw	0.00568571708665703
did:plc:5rvt4bmoabhpfwjagakdzi24	0.00635751683044702
did:plc:5rwv4xset3oqh4jsaepw5dt7	0.00432107807347897
did:plc:5rzmrysdhv5egnwli2sos636	0.00670640834722074
did:plc:5s2dizud72zkkkgaaqngdeaw	0.0086617583403311
did:plc:5s5gmrhbwpquxgcjlxhha5q4	0.0173025732137586
did:plc:5s5qnraguueewexrf3b7z2lm	0.00927123761621746
did:plc:5s645pe33qsbzom24skis7b3	0.00323969084104028
did:plc:5saf4zetbpcyh4f6coz4q7vb	0.0176348548216718
did:plc:5sgjfqxlwfl3tfwrmc4n6q7a	0.0062077272398892
did:plc:5sknuvm3ffzl66tcwqhf5npp	0.00499926481471459
did:plc:5slninfe5hsipkc2dkpw34e7	0.00319451364262934
did:plc:5smntwnus3h6wkwxsonzxfdt	0.00262325437873266
did:plc:5smofeebkwkdhtlqowppadfn	0.00768180266789366
did:plc:5smvrfqltwr2tnoz3uxc4ukg	0.0104199558038352
did:plc:5sqdrfesb4lbg7rjdnzyp2i5	0.0126362735435904
did:plc:5sqdt47s2uzoxpwiutidbxdw	0.00372011598010064
did:plc:5svfn4yzi3nuam6xfvrndnya	0.00345817339325905
did:plc:5swurcqxykib7v3g42tjc45c	0.00376565720662061
did:plc:5sydq5nb725z7t2xpjr7lv3e	0.0116468039072694
did:plc:5symo2h5ttydqnlcgn7bnciy	0.0122900450646801
did:plc:5t2srudtfik2i7reugd3227a	0.00395214119459909
did:plc:5t3hwtsnt56t7rgxgdh2b4jd	0.021080368935645
did:plc:5t7azzn6p2ynh4u3d6g6jvlz	0.00930738548445034
did:plc:5ta2uqyhjhwz6e4jwojwvak6	0.00479505027150224
did:plc:5tc4t2gmdokhknrned3s3xne	0.00435454417777164
did:plc:5thmqlf7wcqvfmgnly755ibh	0.00515443789619271
did:plc:5to735n5opwthiuwk5rqmady	0.00502548131440859
did:plc:5tqnkcuxmnh3z2tz5snv3dgc	0.0070329670329772
did:plc:5tvka4qrb3ggdf632ivmljvv	0.00404608421368775
did:plc:5u2wb25o4ivfo7siwgvhfymi	0.00571270105389473
did:plc:5u3rn6pm7nsjaajqxtc4vr2l	0.00487736900857649
did:plc:5u6f3qmam3opr667zwa7bbz2	0.00680045336496511
did:plc:5u6gkvb5afyoyfdy5dqcglgv	0.00214670181364799
did:plc:5ue4awdhrq7pvj2eql7ufaax	0.00851970181114904
did:plc:5ujaiiybqq5hyey3kafiutea	0.00828777995234909
did:plc:5unzsuu3jkozr2sq4v2el23t	0.00388733547178072
did:plc:5uo5oahzs442dy5z2ri6rljw	0.00365125027698597
did:plc:5uqnplhpspduaxhcyanwm2b3	0.0193487495988882
did:plc:5uu74muvrkzhtezrtuaypxbo	0.0214776632578383
did:plc:5uwosoys5wbobj4pih7ewjq6	0.00320701025351159
did:plc:5vkeevx5bdenwyu7esenihhq	0.00300978179150726
did:plc:5vu7lgokbc7tgizmqe3weyq7	0.0038684033077252
did:plc:5w4fgclfutmwymmwwp5ngsdz	0.00490847735018008
did:plc:5wi2gkji4uemb4q2uc4tmwgq	0.0139400315825589
did:plc:5wlvhacjy7owpbznyf63cdle	0.0020371479928295
did:plc:5x23lphexynrrkqlnikuj55z	0.0108288213330941
did:plc:5x3xpc2mbu3ojblkqlb4jvxw	0.00549019607843224
did:plc:5xg76vkcb5oewi5alerz4hc7	0.00459847196701129
did:plc:5xohikakghta6heyrtxgpja7	0.0116197183168524
did:plc:5xysp2owutuscojhsl6ffcj5	0.00557643350760563
did:plc:5y2ea24wbmo74vwlz3bmbu5x	0.0100655430819356
did:plc:5yfyvgebhrvwm25thvq5wz7m	0.00351328191987539
did:plc:5yp4bp7n2sirxat56qrlgqud	0.0041592695917318
did:plc:5ysgjhapoi26ft6cophixoxb	0.00331730769240902
did:plc:5yu7wbivp3ooqlk74okrjbwf	0.00459707950335962
did:plc:5yug6p4yqxdcyle52btipwbc	0.00498250821945811
did:plc:5yuybb57trli5f2bi5wespb6	0.00211509117562317
did:plc:5yyq2zb6uv6bt4fl6sov6cdq	0.0141304348020238
did:plc:5yzi3gisum7j5sdpsnavjqmb	0.00295726748498926
did:plc:5z7djrwekyyzw3rfdprzuboa	0.00280269058313176
did:plc:5z7r6v6iuj3txbvyuheywxf3	0.00448708030426185
did:plc:5zd6hnwqf2x22pmchtqvnqqd	0.0137386729237875
did:plc:5zdqigb266tey4k3bizaylkr	0.00566256896767661
did:plc:5zeugn36uiabjrjxk23igl6k	0.0027434842251499
did:plc:5zjpn5q2te5ye6gvlcfsz6xc	0.00545914262783239
did:plc:5zngi6urpjzmmz7tcbizswji	0.0083025830296808
did:plc:5znplek7uvkye4giz7fy7xet	0.00487025948181407
did:plc:5zozjum7ztmjygfrssep25ob	0.00627333831397042
did:plc:5zshz3tqxkwskvwdmf54g526	0.00201224025950304
did:plc:5zvbn6ftjwoc4gk5vfau7xjd	0.00791382721922276
did:plc:5zyt5csayy2dkvikkapodwk3	0.00789928413185102
did:plc:622hbh4plntc6llu6jehch3x	0.00531495027160452
did:plc:625fqqtmshwrzvx35hz7sgnc	0.00455774020975864
did:plc:626ln3owambizikniis2h3vr	0.00244349419675468
did:plc:62am7fnjmmbjc3a7uf2typoh	0.00753860792435136
did:plc:62cwhduyhqtlv2k7mj6qjnkk	0.00787815126501561
did:plc:62g562ncukhdq3n2nh6y473p	0.00832789027161417
did:plc:62qrz3ayevouidmwltftalxv	0.00427046263368404
did:plc:62snaptvuorllzziz7timhcm	0.00218805781086717
did:plc:62v5a5jgjbwddqygpvxkg6mu	0.00640239749521909
did:plc:62yyz3epee33hwweka7i6vxu	0.00693468278644525
did:plc:63brwxubtacki6oq2m5yvtlm	0.00934579440599678
did:plc:63ccwdeswd2zpikyb6utp6g3	0.00694904037193392
did:plc:63csryd4uahm7atpozy7jiut	0.00344901918561804
did:plc:63fdlvnklnvoykeot522eunh	0.00216162511252452
did:plc:63jl2kbrry5ocbpy4jwhoi4r	0.00288518936143578
did:plc:63my4yjxvgufoeuoh7ved23k	0.0089455652842084
did:plc:63qv6jgdfjms2eflhu3it4ko	0.0101431981012201
did:plc:63qzp63fz5q45anhnxhoxhl5	0.00885739594143767
did:plc:63tlschoqosw5pzzjvgbsnhl	0.00325834585294712
did:plc:63wlx76nqd2moegwgtlt34mp	0.00476920456563755
did:plc:643dr3zj6xiokvsejqfcf3fm	0.00368753762829974
did:plc:643ibgmrcdkbmo7hzmeu3d46	0.00646067415894722
did:plc:643v7wgplurjg4jabk3f3wc7	0.00620966760199971
did:plc:647bc3cgr7j26j2ubjmgkmst	0.00598035027973681
did:plc:64cgbj5k6iqrh4kyjdjb5dfv	0.00456265695280961
did:plc:64cingv63oqtzq5q6wwyp4qp	0.00299590559571378
did:plc:64pfa6aeyiv7mnoi5aiitlqy	0.01023778072358
did:plc:64qpx3oehhoszwuwehlaxhet	0.00787789266822432
did:plc:657kftv2m7vu3q46guqltamn	0.0059114874584908
did:plc:657rweawrx2aags4ju2joe73	0.00675087108157844
did:plc:65axsw3ggtb32e3e73m55pb7	0.00624809509477871
did:plc:65d7yjp4wdojd6fhvo54zglp	0.0048232883736866
did:plc:65gzblptx5g46cgwt4yle3zx	0.00507991574842133
did:plc:65iwcvdzddkucnej3ono3b5y	0.008038057747028
did:plc:65jkvxmsve6xzeo6yhs53pj4	0.00816356018321672
did:plc:65lymkauwg7nw7dh5gthkrkm	0.0049559471372998
did:plc:65utbp54mhy42aw2kzdbuhb5	0.0102149111273142
did:plc:65vy3r2sw5epycnx3k5qghoa	0.0070022562890217
did:plc:65wtjjd3l2egkpkhbzvj64zr	0.00578196400491295
did:plc:663wjbmv6qudojh2wvofts3t	0.0029166009776072
did:plc:6665k52re2jhe25opeuk2ytx	0.00444077248889463
did:plc:66harbcoygkevy3kvnlg2oyi	0.00459164932136513
did:plc:66krx33frcd4uvwb4aztqjpa	0.0110515740201883
did:plc:66kv7zwla5l6epo2k3rvly33	0.00610324659006898
did:plc:66mywoe5kmpfuxaokuo4ivbq	0.00707376930975232
did:plc:66pn7uccnojdt4av7hgqar42	0.00835987261523644
did:plc:66tl4tfejmil5qzhs3jzeef2	0.0157639450310893
did:plc:67a7ecu56kvfkuy73brkou5e	0.00481818866621002
did:plc:67gr7akuok2qk4otz7zycdgm	0.00278633230696519
did:plc:67h4h3y6oxe5ithx4u4dgeli	0.0066886390074264
did:plc:67s7qfwyskbbu6zdwfiyd4sy	0.00371790403195781
did:plc:67sjetcan5vcnon4p36wrjrv	0.00603821837240928
did:plc:67wdhrsgstmiyixg5bs6nptl	0.00781738587078449
did:plc:6a4jsuauqfbblp3m5hjiodw2	0.00668764752311715
did:plc:6a5ddqibagk6buuzjaooskui	0.00690250215837743
did:plc:6abjeq3brmxmqf6fgjraphrj	0.0113773256595137
did:plc:6ad33vzuolwszi5lerty2ter	0.00483164729054309
did:plc:6aepvofmpvkzd7utablrr6bj	0.0121141070792447
did:plc:6ahicaqskmqouvnrots54c22	0.00450450450548985
did:plc:6aifpf2xnhxtzqhgergp4732	0.00455643769511775
did:plc:6ajjglrtalchmc5t7o533jc6	0.00367187184771141
did:plc:6ajjh5c5wjafluljzfosatf6	0.00350455248281843
did:plc:6alrk4ht2oypre6zznmx3evp	0.0081889164008909
did:plc:6aqpwq37crv3w5iec6x74gf4	0.00419319770175191
did:plc:6asljeluo7xl2p3xanrly3dc	0.00336223093921442
did:plc:6azqvvt5mtck7axo6uspiuph	0.00330983123359476
did:plc:6b77l3ndzv2o7alhbdfc66zq	0.00662721893643314
did:plc:6bbjc2mqsh556ej326w7ckx2	0.00325527669862685
did:plc:6bcjyug6eeql5d5zqcwc3ec7	0.00510380622904653
did:plc:6bco3c42en2jrgwhdiwhqp2j	0.0102739726031449
did:plc:6bijydauv4qdwp57c4oijbrh	0.00332773378179922
did:plc:6bipjyijficrch64bbbmedwg	0.00641641204881943
did:plc:6blv4fwqrb7xpwetjwerof5o	0.0080757449220365
did:plc:6bodipwfzp6tqjmezafzhyg5	0.0265060244632841
did:plc:6bsmq2qo4rpi4w7woet4y2g5	0.00481772924441879
did:plc:6btcayru3q5shdvudx2zk3kq	0.00543204908974012
did:plc:6bw4x7zszluecbkdfga2evw3	0.00480404551281939
did:plc:6byifmqcwvgqiitwz5wyysvz	0.00572038006640537
did:plc:6bzgcjmcscq376j4t5b4zed2	0.0102347983245153
did:plc:6c42wnioe7vzoh3zbtaljzaf	0.00232132494091393
did:plc:6cbpeath3tv7xxgq4dybpxa3	0.0078855675819789
did:plc:6cgz4ltjt6p7bgnxkpil7h77	0.00697188008496797
did:plc:6cpczazx3tkrcoaqddxscxsz	0.00555555555607531
did:plc:6cwpvftutxbx23soo6pmbrqe	0.00636356666583205
did:plc:6cwu6tswj5nxngauwe53wa6k	0.00814475226386552
did:plc:6cymgclntf7wbygqqmxhaxtu	0.0041298551939422
did:plc:6d3b6q4h3lziepzr4qzdvlm6	0.00733675715445703
did:plc:6d5ggu7ojabdws3g672pwx4k	0.00475713570438923
did:plc:6dalyv5y3bkxp5qgdvxaxjm5	0.00821508588578393
did:plc:6daqsidtm7hl45eohryisabi	0.00584318521761181
did:plc:6dflu5spsv6g7vrnltvrq3qp	0.00553408292392717
did:plc:6dhexdzchg7jnf2rbfnntjn3	0.00494580225108056
did:plc:6dia7xsxhcm7lnp2l4bpphao	0.00701042339395977
did:plc:6diz4smpvtik24ti4znipcxl	0.00454100880353221
did:plc:6dkxvjaauxiagfjhvdgodfsa	0.00799915798423187
did:plc:6dmgofmo7gkp2fxcguvlvqax	0.00595327807125777
did:plc:6dncjiyu42adb2irwodoskfz	0.00453339230525639
did:plc:6dqvhnacvfzzdtbal5rlltgg	0.00595689375277954
did:plc:6e5g7fg3fpsgxqc5jawccrao	0.00559353635800669
did:plc:6e5va6cf722ozz4au6jmczwp	0.00917183706786383
did:plc:6e62gdtc6plwfclhz6p5wgq3	0.0070014304010479
did:plc:6eka4va3jwapabx5ha5yqs3q	0.00570082092061492
did:plc:6el7br6iw3veesvijkcvjnot	0.00410428618094405
did:plc:6eok4rdnrssj6t2g2ismyztq	0.00533251294731488
did:plc:6epvmhyld6qmvbxx7nmugmxh	0.00660841471627181
did:plc:6eriwp4ouqo5k7a67mb2smsp	0.00981161696611068
did:plc:6et6f36zfljy7gvwm2jgj4zp	0.00558979504135864
did:plc:6f6lmwprn5462hjqpfznwbh4	0.00818115414722816
did:plc:6f7eg6zqwvy4ohcvw5gmvusn	0.00796212610723133
did:plc:6fbkbpwmrhfbq6nz7yth5lvc	0.00811808120141562
did:plc:6fckt4v67zw55okfb6avdyqy	0.00335251319616063
did:plc:6fctqy74eb6roitxcerts5z5	0.00593232404769459
did:plc:6fddttw5vvnad6q2257aqxde	0.00649091272380969
did:plc:6fjet6bqz46l4hcx3n62snwm	0.00726596823366307
did:plc:6fmbpoffeaafbrxa5m52tqzh	0.00380276739240018
did:plc:6fpjuugv24lwkbd4urcezczi	0.00497434121534844
did:plc:6fscrdshlgsplrxz7sgyfohh	0.00388276553137316
did:plc:6fxj6bkm5dgysyajkllszf3g	0.0050271465922992
did:plc:6fxtwa6s657o6bwjsntkbnd5	0.0113421550470567
did:plc:6fyiimkexnme3tiqsyq6hwyh	0.0025583800555315
did:plc:6g7zdmpa3hlrhuzr5gdql46v	0.0027494108407171
did:plc:6gf3eunenozumhqugqhvewbe	0.00571524626225993
did:plc:6gldna7qtrr5gotsk2xbwdaz	0.00384476751203514
did:plc:6gpom2lnifuf2fvtn3zqk7hf	0.00729346240665551
did:plc:6gwadzu24aekvbc3gsszexbg	0.00485060147536864
did:plc:6gyzlbjdlpo63t7hkvwhupae	0.00910852714634226
did:plc:6h3ch74hdhz5m6phmmrbrf5t	0.007637655422361
did:plc:6h6eeauswdpyztewcrstvqkr	0.00576289791438055
did:plc:6hdansfq3tm5bxabme7faubt	0.0221621622877459
did:plc:6hg35ebaq2cgm4wsmmgxfdtg	0.00417795844649936
did:plc:6hg4wflvnw4m3dxupipx7yah	0.00555298472981248
did:plc:6hj4nksjyrmp7bzvzgpwd7bg	0.00712843055842627
did:plc:6hwfensjm4u6apznkorudjtq	0.0036787564770514
did:plc:6hzqm6jpognmy5e56uuxjf4e	0.00744655297195906
did:plc:6i3gbudbnjue2znf272uqr3n	0.00309955588465528
did:plc:6i74exxwaxsr3e2qjbeh2sae	0.00644711622240456
did:plc:6ibprzr4li6xj6nsyhgrnr27	0.00774593338972089
did:plc:6ic7j7va2cd7t7vkjo5nkxw2	0.00286182947687583
did:plc:6id2n6cfru5jmo6aj3zhhyro	0.00315038965357621
did:plc:6ih4smhoulkn4orsi6capvxe	0.00511325868042565
did:plc:6ikpdfe66ujhoighwt56rxzw	0.00820902993691072
did:plc:6in53p3o3be7p62xe6oywzen	0.00456253354898828
did:plc:6iq26oa5mxl7rck7nzuy5wt3	0.00274569974969353
did:plc:6irylomud4saesa5cgv3qnd4	0.00258352563459595
did:plc:6j5clynklcsoj7g5tccjalyn	0.00977121068861723
did:plc:6j5oxbl7263bom2moyz6ba55	0.00866035183018332
did:plc:6je2o7zwfllqr2e3xqw5cn24	0.00897117770871737
did:plc:6jfdfee5amtptkdmidxiq6nw	0.00317843748025058
did:plc:6js3cpd357it3s457dtzusju	0.00680591410472643
did:plc:6jvxd5gr4xe4ostmx2tnfxix	0.00691031941166032
did:plc:6k5pubu7epokeqozixkkthih	0.00339220530263699
did:plc:6km7ytztlxuyxpbox3ecemre	0.00319116822631878
did:plc:6knjxcff33qc5soffyqn575a	0.00224105795693596
did:plc:6kntswpfnwv6fdwsl5wus356	0.00824946378877984
did:plc:6krmnit23yenso73tuaczy46	0.00648038049947062
did:plc:6kwwsscedqbyesde633ldoaw	0.00656699734682094
did:plc:6kxr4qav3px75uo2s6kyauav	0.00481159420692557
did:plc:6kxt6lidzyafk7m3tdb3xh4g	0.00625978090803003
did:plc:6kza3anf2hvprp5so26rvlrq	0.0183710961861899
did:plc:6l6bisg76yevz4p5dmyu74s2	0.00447473854099203
did:plc:6lak3fevjfy572zaiqgutqi4	0.0110436223488652
did:plc:6lka6ke23sm5kgd4l6efp4vj	0.00849657777087952
did:plc:6lnpkxgqe6vqb75vvrdg7s54	0.00384954971023193
did:plc:6lnt35gzgqbb4qd54b4kne4j	0.00266860747230208
did:plc:6lnyiooduegenan3pid4rvja	0.00581395349063559
did:plc:6lrdj6ez6rqctw5624xwdbrw	0.00989415555667564
did:plc:6lrututskqik36v5q5eheqfe	0.00424434087887553
did:plc:6lrxtktleu46lahf7kynk2v2	0.0104443989447209
did:plc:6ltn44gyrbjj7hj75bke273h	0.00274473924995519
did:plc:6lv3anooocalgnxgaac5ozbr	0.00363801728096244
did:plc:6lxlvethewizxnnzm5not6gx	0.00516061695530666
did:plc:6lz2fdx6wyigngbrtqjytkwl	0.00570894748007552
did:plc:6mcx2uxls4rzakjkl26av6rw	0.00978154549593119
did:plc:6mdmndqemrall7aldsxet3ze	0.0047758601983709
did:plc:6mdqggws57lziwyedppexgea	0.00507149983440729
did:plc:6mjvcdlncygguwx5r2tx7kke	0.00572821450571957
did:plc:6ml4nxrk45cy23jay5hc2npp	0.004535449877574
did:plc:6mt4fa3qndxqeelmu65dx6uu	0.00463692038585364
did:plc:6mxufvanepdxm7dc2e22xxfj	0.0033314584865668
did:plc:6mz3dig7lf4gjmg6q3nvcm3z	0.00913343729404415
did:plc:6n4eack3d4gxrarx5za7ez3u	0.00479080166162737
did:plc:6n4uatvzarog4bj66xsrpyav	0.0086363151892877
did:plc:6nemrfeq3yx5gmc2lo24psue	0.00374759083481055
did:plc:6ngklzyn35hnld2avszuoom2	0.0023330103011502
did:plc:6nk3uf6gforzfabj23mop34c	0.0170247264437794
did:plc:6nkjade4lks3mz6k3ir7scnd	0.00835195859688896
did:plc:6nrkd3p3dyyuyqnbrb7ejobx	0.0153217569709029
did:plc:6ntopx63mscyrl3eaf5ynlgt	0.0051491622396079
did:plc:6nzd5jihqaz7ijpeqjtwrqxo	0.00399042298512228
did:plc:6nzvwq5cnah4w3uaytkw6flq	0.00852197070928486
did:plc:6o4h5miysvhasiz3cqhdabgb	0.00593276203245168
did:plc:6o72e74zh7pnqupeoac5b5e7	0.00304154302737102
did:plc:6of5pxkrj2obn3b7lxociavw	0.00733449141204438
did:plc:6oglu4lnjamfmxnrj24t54os	0.00539241164298071
did:plc:6olafwjuglrkyd26rry2ve4r	0.00966806316516594
did:plc:6olaxtxpwbwwg7r6aoz3kwou	0.00616838375410618
did:plc:6om5upsgtcuufo4rtinb36ui	0.010966415361305
did:plc:6op3zgbtqauxc4v7qp4goa6h	0.00420038297731578
did:plc:6ouc7hhh27vnpg4hofequizq	0.00450405860245411
did:plc:6p2urrktvmilm6oozzczicra	0.003788135020291
did:plc:6p2vzteqrsqsolfp7vjh7inv	0.00911398246714288
did:plc:6phse2aawxj75hhngbk7bfb2	0.00373134328393377
did:plc:6pkd6zks5rragdfr6qukn3oa	0.00204985668384398
did:plc:6pt4ozuhry454kz7ps3fm42x	0.00524068323043438
did:plc:6pub6jhcmmgjqxoacwsuuglv	0.0031291124434613
did:plc:6pvcwjitkqw4j6ve5tny4tnh	0.0209497207001302
did:plc:6pych5ca6kyd5sppw6fyxi7t	0.00493379965100835
did:plc:6q6526i2emea7yvnenyfm43x	0.0021898309724982
did:plc:6qazipnwiuiwomgxz4bis3pz	0.00492307692322713
did:plc:6qbod3sywwktwoqtqzfy376x	0.00205418609825128
did:plc:6qiitynmo4q4zbtba7jjfj74	0.00383865647055761
did:plc:6ql4rma7dmxzbdddpb43c37j	0.00237294838866612
did:plc:6qnwsorb53edlo6xchf2oqbm	0.00683193441481764
did:plc:6qoclj542rgc5isaal4u5w4y	0.00580628134299573
did:plc:6qsffpbz7g3gcziqxjox6zgt	0.0056664203010561
did:plc:6restwmuicdxfsi6oqqezab2	0.00337158405348061
did:plc:6rgwdhrivvhckdj47it7meoe	0.00857438018275894
did:plc:6rovpt2lqrye6kwvmdhb722n	0.00407428784849012
did:plc:6rrv5rqcejwokjwr6occqlrb	0.00464266686980445
did:plc:6rrzty2ae2w3l3wt5elgzxti	0.0100512042588771
did:plc:6ry3oyxghzqvnp7mufphddv5	0.00503428105742112
did:plc:6s2u57xjhdyx6wad22wvkwfg	0.0064524624786223
did:plc:6s3nndrfx7evzpdpteyrtczy	0.00726235248351133
did:plc:6s5o4kpnnwd4vuotyewdz7oi	0.00406203840499739
did:plc:6s5powjdlevqjtytctodde6c	0.00754041791910779
did:plc:6s764f5xv3pqjtplmkiusvks	0.00281478701461902
did:plc:6selz7iaeyufutgnwyjb7beh	0.01674152721226
did:plc:6si533cfxdj42azjnupo4xjx	0.00203132648068531
did:plc:6sizb3vfvg5iiqqdxcq4dct7	0.00477975632631246
did:plc:6sjdegawfrjrubzgo65u6ajm	0.0076855511686736
did:plc:6sk4rqavkvpx3wwx35vgvuwh	0.00588730025449183
did:plc:6srbpsedtw63wrj4vwaarpny	0.00410345685179181
did:plc:6sy4fdoekyznh65uv4xce5oo	0.00453974693421818
did:plc:6t2j2pufpmuzwovkllnd2qul	0.00458996328122403
did:plc:6tesot6m6f7woqqfglyunjw2	0.00366238686629554
did:plc:6tnl3bkks7nvancmejwtaxw3	0.0039767513003807
did:plc:6tp7aqglxpux4sh5lmvvkijj	0.00962578412532927
did:plc:6tq2rbt7sqlyxlsw27fnu3wg	0.00516351118825697
did:plc:6trrqcvrpocdlgmvh6amf53v	0.00440147468317344
did:plc:6tvnouf3sshoati2bntayxbm	0.00470893886584361
did:plc:6u63tll52s3j6pcis6syun5j	0.00386329866276749
did:plc:6uasc2jjvzjuksl3dg6lxtx4	0.00632008155119651
did:plc:6ub4qu4ai5c5aavfdtjtvkro	0.00840978593642605
did:plc:6ucspa3clj3i37y65giomy27	0.00336256065388109
did:plc:6ufx6slso6wmexvbtmmur4rt	0.00553454478421731
did:plc:6ugoimntwi6yiaqob3jlepok	0.00840118910995799
did:plc:6ugpm44x2m62wphohluvfubt	0.00705683101367847
did:plc:6uhsnsvswrkamrixwietsm5v	0.00694911454962594
did:plc:6uhumzqehtivvexy37xcn2pz	0.0124740125022586
did:plc:6ukxxn35l4movwkp7pzqd3jy	0.00751496625154071
did:plc:6un6qoah66l5xlgbg7xpbe6z	0.00690355330083728
did:plc:6uzrwsfvhei6gvffklwzr2c6	0.00730618320144374
did:plc:6v3bolwq4elr2ph4ystvgvzx	0.00627655465610104
did:plc:6v6s5qefg3ysbyyhl6bqyg47	0.00524475524537449
did:plc:6v6yhvjyhnbwuaclg3bzg3ig	0.00587515300096868
did:plc:6vhmk36z65qkocm7ljakzbsj	0.00411276452579705
did:plc:6vl7qouj4xaiclencxlzvi22	0.00571539281455114
did:plc:6vmlbelqd6qb54usezo4jmva	0.00452291902332678
did:plc:6vv45l65jflwabfm2c3u5q6k	0.00394049847335404
did:plc:6w3bbsa5rzrrm2eqj7zewt27	0.00593017695095981
did:plc:6w5gsenkndgliqktiawj336x	0.00361010830363863
did:plc:6wdlaw3dksskqkdbwo7k3ark	0.00282670145700597
did:plc:6wdspm2m2cs2lnymamvb4p24	0.00815586769776526
did:plc:6wni6mwdbxshfmlssgxmxxmd	0.00589658300791396
did:plc:6wocioi7wclgyr6xbkzu3mxl	0.00275216068756463
did:plc:6wofoqkzly4x2yyexlv5n3wr	0.00585034013827544
did:plc:6ws7fiarv4x22i5vaxohbs5a	0.00573705179518558
did:plc:6wxcdqzqx7zgyfysyv7y4r5w	0.00458083346939712
did:plc:6wycfd5tqmindvzliistucfv	0.00736422215514122
did:plc:6x4cekig6ezkw2hmrj62fajw	0.0028198541353007
did:plc:6x4dizgsf2i4ahwyiwj3rf4w	0.0125391849532005
did:plc:6x4rk3pk3dt3ddcfsrc2rsme	0.00272786885264658
did:plc:6x7zqldbl3qvjsj2fgwjgwuz	0.0100642997032583
did:plc:6xbbuplcpp3cwh4vl4ikbsth	0.00624229346668258
did:plc:6xd6hboppdcpnmqit6mg4kxb	0.00257339425454863
did:plc:6xtjq6zq7y75mid67mvzc5su	0.00378958765710688
did:plc:6y5cknc7og4wmgtvgrnjnj2t	0.00556997620644256
did:plc:6ydnluna4l4a3ewos45m3vfg	0.00270221581716321
did:plc:6yeesqefymkchfnn2fx5m7a7	0.0295748616319192
did:plc:6yeq3cipdtx6rxohe6yvum65	0.00681023375807362
did:plc:6yh7jo7c2yuoo4mozwwq7z6e	0.010141987831721
did:plc:6ypkzowow3uv4qb65ta3ulmp	0.00444400060021811
did:plc:6yrgtp2iujar4fyu7hblkauv	0.00515295272435704
did:plc:6ysowqsjwrqecxrfdgxet7qm	0.00561885437852619
did:plc:6ytqimprceqyctd2o3jndk2l	0.0057795875477081
did:plc:6yxm7v3gwhxwjmqw7lj3vs6j	0.00490706319778454
did:plc:6z56a4v5almglkvwxv7c2a57	0.00723250372378048
did:plc:6zhrqkxcvwcnl2znh7duhiqi	0.00652355306082392
did:plc:6zmz2cnocs7rquw2dxuuvrqw	0.0029294491015701
did:plc:6zssltktcjm5mtxtvwxrx6mz	0.00272652573410883
did:plc:6zyhtjl4vdxhgqy55jjp5s2m	0.0169172932896008
did:plc:727khvwpnmwfqzj7kzvoycpp	0.00270587174187191
did:plc:72bfgu5xpscxrbe5jbc7aqgi	0.0039050582708525
did:plc:72bnxiuq6nibwcjdr3ak2srn	0.00376640039740288
did:plc:72d2vuqw7vy5ynuguvdb66zy	0.00274265187756598
did:plc:72ibcdq3wu4tvmkau4rmeih7	0.00412197854996259
did:plc:72imtrly6tsyoxduyo5623ib	0.0124432154905818
did:plc:72jwu3bb5avx6ez3dfzvttn3	0.0026776301920607
did:plc:72q7hffodz54y2coe4mpzupr	0.00713012478328227
did:plc:72rsk52d55cu2qfuve47ezsi	0.00456210686484491
did:plc:72rvpf2rwja2vhhadrtxp35r	0.0160723254777754
did:plc:72utg6ckzvvki2uw7yowi6hm	0.00370420716409246
did:plc:72yktfktlp3cbzosbyl5opjl	0.0172894590601921
did:plc:734mjl3megxsivzuhwv4tmtx	0.00750507099913823
did:plc:737vkpayb7uxlx4fjphrfcgr	0.00527108433735428
did:plc:73cpuy5i7fxmi5adcv5p54xu	0.00677807643007655
did:plc:73hrwtfddcqxuvgnzmo3b7ox	0.00355173380730757
did:plc:73jtg4pyyh5gbeaimdlbse5f	0.00670540903141963
did:plc:73s4gplrwrg5rj35hfzgmchk	0.00709891150147266
did:plc:74gjibmljvxzinxcd6lf2ktx	0.00303572818570238
did:plc:74k5ui4wgxqdvhbljbl4cpjz	0.00716698245445072
did:plc:74lafo4kfzzm46y63bpbd5qr	0.00496894410010895
did:plc:74lqtzlqfqg35g4dyys7ges3	0.00223783502479139
did:plc:74oncedchis43thi2ui7q4zi	0.00276859186359507
did:plc:754ivvxr7a5ksbg6xf2dglc6	0.00589741600278842
did:plc:75bmlrvmd6zi5rieit4jrqcr	0.00845125786528498
did:plc:75ctgiwr6scp4q2xzuwyzxzv	0.00212758015759963
did:plc:75d5js6amejyb2zwkb5oof7p	0.00414829332026987
did:plc:75iyspzztyuuc76e5agdica5	0.00852272727628548
did:plc:75qxmxhpq7hba4ruadmbjxao	0.00403150547004759
did:plc:75toc4p3jylvpoa7umhxx3tz	0.00622568094304804
did:plc:75ynuq2d4oxcnfwajegvq7m7	0.0150000000811251
did:plc:76ahqapcojnivrabrjtohb7v	0.00549725137484954
did:plc:76lss2pxkwqjwel523u7itie	0.00578423460009291
did:plc:76rfztarbomqg3asqc3mlknv	0.0157713159192837
did:plc:76s4uoyoetzn6dtf4xl7e2x3	0.00205372545807535
did:plc:775bn67cbpeoevf4mvo2xiki	0.0059925093653608
did:plc:77aze6zegihuenovevaiqd6p	0.00987510892805511
did:plc:77iooaxpfk7i6mihhgt7zust	0.00365463682084099
did:plc:77leth6komwshtl7grpb3dbr	0.0110897846103086
did:plc:77nld7fmdxxhzcuy7vz5ei3k	0.00515239477568996
did:plc:77og2k7ddnnd73grocld2l5h	0.00325708415815104
did:plc:77y2qmm33qp5h5lisgvxymgk	0.00297577235994268
did:plc:7a3neafwhyvx4gj7u7p2dio2	0.00538238599453929
did:plc:7a3q4hf7vfi5ebacojntczr5	0.00807000486564402
did:plc:7acg4g6wpjzzejghgfikxzxz	0.00517346317776064
did:plc:7akgspzxzbkb3mo5ecgxy4yy	0.00376946731509133
did:plc:7amcp37jebi4vrzyvzrxmhca	0.00923550538793671
did:plc:7apch5sywg3b2foabnoflmny	0.00258809476412958
did:plc:7azczoxqqpzmpjoivoh3r4jd	0.00608614232406743
did:plc:7b7bvheqy6f4bekxa5iojns6	0.00387373911740758
did:plc:7bdbzpnjtl4qfztjdle3p4b6	0.00731605351283409
did:plc:7bg2ks5ijepz2edeyfo7nwka	0.00288227401496644
did:plc:7bhnverbeia2bboiiigvrlij	0.013725490217267
did:plc:7biy3njymrrqdwi5x6yvwpvd	0.00854981913914616
did:plc:7bnqylesbbvgqjuiyfjvp2nt	0.00600652136810492
did:plc:7bpaihh4ltaycuimyjlmn6t4	0.00728438228552558
did:plc:7bw2wgq36njm2kvknop4im2s	0.00759448958469364
did:plc:7c3o52deapf5ymc5ysupub5s	0.00465328467242494
did:plc:7cbbn6y3bmncg26j4vvbtnsh	0.00864924549475426
did:plc:7cbt5wfhank3ixb2nz4elrh6	0.00409134157971288
did:plc:7cc73rs7xbeo6qxgqz56wlc6	0.00873600873931131
did:plc:7cczztlgn2j5tmg4vdm4j56h	0.00644329897735872
did:plc:7cffkosuv6pkahh6lv4ltqxy	0.00841053145177745
did:plc:7ck6ie5lzup5e564qbqlc5dt	0.00609352232280002
did:plc:7clo25z7oqwayzccmnrxcpwu	0.00334597367883365
did:plc:7cpnobjjkry456niw3dsa65m	0.00465944908955507
did:plc:7cqup4u63ffowdvwjjrmjsvk	0.00339345653103162
did:plc:7criv2pvv2olylnu7eygzdvn	0.00696677384911109
did:plc:7crxkzpmdd453ojocu4zjyoy	0.00409724119119501
did:plc:7ctscdgbubid46t2i6l5xfh4	0.00439293392012189
did:plc:7d47kluqa3yjgsp5qhojwlik	0.00740740740849427
did:plc:7dcti3fdt4y4lvbwus2gyqpy	0.00235918608086196
did:plc:7ddftkomtzz7a3jqlrxwmtbj	0.00411637264030934
did:plc:7djuzq4fit3g4dw2ntu7x3ph	0.00453055716310422
did:plc:7dw42vs6btvwqse4ml4vqhy5	0.00660716355781273
did:plc:7dwvl7ijrbdbij2r6q5ksihu	0.0030203369355007
did:plc:7e2l3cehajmerhpjo4vw6wf5	0.00278000177937775
did:plc:7e3tef5gk6ybigq5uzgxnu3a	0.00958370769941333
did:plc:7e4im44vzqgd73j4jyqymj5f	0.00783254558190383
did:plc:7e4rkob4mjvvr7bhw6ypwula	0.00785066294943018
did:plc:7e5uwuqifdpat72e2jnpslqv	0.00415800415825607
did:plc:7e6uizpfwoecq4ugm2izhvqj	0.00567051754100719
did:plc:7ea6aguki7p63eoh3yma6gxy	0.00529653383356201
did:plc:7eakscmd6wxhxez2dzbxrgfw	0.0208568207742198
did:plc:7ehxftljm4wbw754a2k6y2yo	0.00551138417111438
did:plc:7eievlhkyj2phbz5nwyr5ca6	0.00976070530149294
did:plc:7enixxetsgl7woe55c2ayqks	0.00564880568157868
did:plc:7enllrpbravxibbjrl72lo4b	0.0115830115900717
did:plc:7epvkdszry4ww7ooorwgsbvo	0.0070782540319194
did:plc:7etubdayfdeiug5xk4g3ruqc	0.00492762550061175
did:plc:7evuw2la7h6sdabfhywvhxew	0.00306626192022283
did:plc:7faua6ai5q4pwutvikxaes2t	0.00678562453586042
did:plc:7fio57gm7pyy4znin543aqrz	0.00569870151256131
did:plc:7fu66lb66s7zd3aqojdxjzm7	0.00630914826675064
did:plc:7fuxlfdpzok4n6svb5qqtdle	0.0043951585648598
did:plc:7g3rwn6ljfgeixxvugnnxdcy	0.00618788674479488
did:plc:7g4b2uzanlwyj7xxpppfe3h6	0.00644252063621218
did:plc:7g57glajrmqgw4zwxvf6hwlf	0.00358509567008584
did:plc:7g5gh76nxpzxn5tk6rmq3ohr	0.00621246635099167
did:plc:7g6v3bcbu7vavt72ewrcshki	0.00615114235508509
did:plc:7gaqzf3s3ghq6jerrc2fd2id	0.00588346935120586
did:plc:7gi7gsq426h7whoolwmexwuc	0.00714411712945384
did:plc:7gnlogflii4kgsxztiijkyl6	0.00367744325133353
did:plc:7gsp4pt45nfz3wueeognk6t3	0.00205123312512477
did:plc:7gxatpypmsn5mjbdsradyt32	0.00740544829518982
did:plc:7gyt7nd3kkuakmanckayk2px	0.00353977919740399
did:plc:7h5cqredsbw2a3yh6xwvr2bo	0.00662800331552301
did:plc:7hgeishfibo7d3d3h6kgz3pl	0.00542448768783287
did:plc:7hiej5atjsxvmsvirloz7zom	0.017383348633972
did:plc:7hio5iggfd5zx2jeuunrhitu	0.0113727055142441
did:plc:7hmzqfes6xrrvvovetj7dr3v	0.00320512820569232
did:plc:7hpczpaur3kmlzqz75t3v3bc	0.00549351585283311
did:plc:7hrn3hj5akeqhbdxff7esrcp	0.00498312168534037
did:plc:7hstq3i2crby2rstkpczxhwy	0.0069364161862968
did:plc:7i2yuegpflozrker3gcpwmqn	0.0052688462577926
did:plc:7idbjoygbfzixohbnz3a2uco	0.00766801985153482
did:plc:7idogaj5ttrfhkd26octjltu	0.00391016643302944
did:plc:7idrhmxobdqbw357ccb4alyq	0.00670186840114621
did:plc:7ifmq4suafsfuorjkuj2urh3	0.0059665871142641
did:plc:7ihpedjembpduuvv4oluryz6	0.0041564792178561
did:plc:7ik2kgdlb2esvytsjzns3v62	0.00263056092864387
did:plc:7in3d6djc6fezttxws72ot7l	0.00425188374619861
did:plc:7ind3pd5b6u7sfxdlnang6qo	0.00774900775375006
did:plc:7izmnta2u4d7ckftrgfqx76c	0.0065207265968476
did:plc:7j5p5gssumwcpx7gblhjkro5	0.00898017249348105
did:plc:7j7j3zpmluhwschjzwodteqd	0.00326727370123105
did:plc:7jdil57y4j2vewdvn2jwshqg	0.00635792778822488
did:plc:7jen3m6ctd5a5c7shfta2kd7	0.00462333424077934
did:plc:7jlwq6vdrxn2beek2v3rfdu6	0.00450704225450478
did:plc:7jmdeb6cy7padobqhsthimh2	0.0035427210483439
did:plc:7jptqjpmztem6zhabvef23gx	0.00756336877043387
did:plc:7jrwzqmff5qxb3l3y22mruvd	0.00255168614260483
did:plc:7jvxyin56hut4tsi7bq3ywom	0.0054671968196312
did:plc:7k66ckasrgcssskyfazma526	0.00475624256920536
did:plc:7k6ijwyigcm2nkll65f4od4c	0.00464730888482096
did:plc:7k7aa6gflyzsg2k4244we7kp	0.0076511094110617
did:plc:7kaq2tan32kflwbearjjotc6	0.00739934711664899
did:plc:7kczvtue5sjagsa6yhcf2whv	0.00757456210070881
did:plc:7kdox6yu327vutzjnhdq4akj	0.00389488430838879
did:plc:7khruilavd27kvrri75dqcmh	0.00618388934280471
did:plc:7kpavo2tcz33j2qnjaq6apxb	0.0075662042926127
did:plc:7lfzdxmjdfjqrcdbnhlq6bxr	0.0076634599755546
did:plc:7ln5tbdelmvl25tmbqividan	0.00290843619633403
did:plc:7lov52mwad7k32xfxcyopyfv	0.00353348835130312
did:plc:7lprbst3ceqwvxqfkv2i3ynl	0.00301685891761644
did:plc:7lprxzjnqesusp6skp6c4zog	0.00466344533182222
did:plc:7ltvfa3rxitt2up6bqdgb22w	0.0124153498928631
did:plc:7lx2rgql5vzutabdypbjjpxf	0.00509102129040338
did:plc:7lyftms2rfqcocufq443pxfq	0.0123900879298869
did:plc:7m53ae3z3h4lcrztrmox55o2	0.00288335517696462
did:plc:7m72n7bw6kbydqat55i4nxqq	0.00712377560229159
did:plc:7mf6x5d7su5qtuydgmrhdq75	0.00917252147045449
did:plc:7mkaw2jfxnmztfc36rb3d3fa	0.00547454592021604
did:plc:7mldkrmd6fqpsm2qjjzmxtgj	0.00463809772757992
did:plc:7mmgyiw4mtumivki63do7c62	0.0027743526510552
did:plc:7mpq4unbmbffivgxvkdzexa6	0.00942803268386763
did:plc:7mugny2nfbaaod7tv2yexzdq	0.00432444419826068
did:plc:7n4h7zi4iq6fbhderfzy2kp4	0.00945945946205774
did:plc:7nfukytuhy7xn2jglhgnoohc	0.00876211782579349
did:plc:7ni7ly6x3rlm6ryzcit5lag6	0.00211141789841331
did:plc:7niw6rrm2k6trwyao5gijopl	0.00228504861335553
did:plc:7nlxbzicsyuo2amewkmipcqy	0.00226706804927467
did:plc:7no7sxryvshlmamc5zmhoqfn	0.00387269398707596
did:plc:7nqanlxcwpw5mww5u4ux6c4i	0.00398718870657715
did:plc:7o5quapumbnrqxfdtg6q2oam	0.00612281649752245
did:plc:7o6g4sco7tjuofqcpcszohcz	0.00298004664491725
did:plc:7obt2ccswwno6et3ohrmlflh	0.00455927051766689
did:plc:7ogynvn5okeakevjsj5desno	0.00345454545499205
did:plc:7ohfo7gpajlhov6cjrua2qq6	0.00501355013621179
did:plc:7ohrbqsmh3x22bzaeec6ewt5	0.00952380952635526
did:plc:7oklmobcpnpoz63xkjc6s56m	0.00348352026992946
did:plc:7olj3mdzo22cz7r3pjottugc	0.00376695128110495
did:plc:7orupv2alwsda6l7nkxhcz2x	0.00315613484432064
did:plc:7owshe7wt4zdilztayjz5dwu	0.00263609141866851
did:plc:7p2cbc35plovhgomrzrkvuf5	0.0114799875964551
did:plc:7p4dwqjf7ankkvk2j32ro3kn	0.00332482536280884
did:plc:7p5ypb5tpkxfyu54j22bpu2n	0.00671610466075934
did:plc:7p6qm6u53i55xmxgn7khtlo4	0.00326174035794453
did:plc:7p6w4wuijxq7f2bdtcnpk2gf	0.0029673590505888
did:plc:7pjydfb77dv6ewok3oyq45pi	0.0077879491780554
did:plc:7pl44qukwz6pf4hlvn2detdp	0.00347463516374647
did:plc:7pojnh7xgryqfr23yrg26oje	0.00375108584098407
did:plc:7pt7ajahdk2quxox36lmw5uv	0.00357467827903522
did:plc:7pw3r5c4lskfvs7m5d2eroza	0.00653775322442194
did:plc:7pwlpsndfg2sscijxz4ffx2i	0.00538252508418429
did:plc:7qdcmmqykyvadjgefdxne2ki	0.00579242804297544
did:plc:7qhlkccxrda5246pk7vkhyzg	0.0324543610947306
did:plc:7qmncokp3bb6pvd5nzqiq7xw	0.00363284088195142
did:plc:7qrwkznbbfcqx4ve3btgegds	0.008196721315478
did:plc:7qsn56f5yim6fe4zpvy4ksla	0.0061671292032494
did:plc:7qx3ik5pepjpnx46dncqwo5f	0.00630613415044086
did:plc:7rpkgdwcdsvjoq6vcoxg4beb	0.0050580526531876
did:plc:7rqhm7hzic6eurj47kvvkyc2	0.00843253970091097
did:plc:7ryqa44p2nohrkt64tgrmtvc	0.0380710661136143
did:plc:7s2kbagphs3urbbnfgqxtf3h	0.00645638577728547
did:plc:7s2nftzuiyp3px3s2zqwy2zt	0.00247972859908032
did:plc:7sanlinwo5zokl3dcu6wv65p	0.00859598854214946
did:plc:7sbljg3b2cdoxbwlxrxzq64b	0.0040878896272455
did:plc:7sfnpes33z7yw3b76zvywkkn	0.00359363643744589
did:plc:7sg3njvm5hkmexbxytyzht4l	0.00716729108980206
did:plc:7ssbsfbkkbnnxtm4asgjw2ck	0.00587234042772777
did:plc:7sse3pwo45do6h3we2eue4mn	0.0143391521382787
did:plc:7syvbtrf5b2477iwzxa6kvox	0.0101715197551548
did:plc:7t2pldc67626t7ta6zspqg3e	0.00404929577470254
did:plc:7t545q3zitlf2wjdxty7sm3n	0.00426985482516814
did:plc:7t7q2qusxhlqkhdgvvzpkusn	0.00626370184815315
did:plc:7tjtvvp7woty4z6z4staqcml	0.00875401227202782
did:plc:7tqz3jndshksd27uc24blqhj	0.00290314067051554
did:plc:7tt7ovglturojnj75cw53znu	0.0101219231759962
did:plc:7ttcnm4e26sogsm3akny4xf5	0.00878309572626372
did:plc:7tvperqvsmjgfdvixmoesimt	0.00513212983454264
did:plc:7txiysvt6fgmczxqsp5yadz4	0.019126819165908
did:plc:7udx5ioigo6s42l7kifhvpmr	0.00813679245692241
did:plc:7uiy7gsqqwshhoyznorb5pvy	0.00599301683462471
did:plc:7ujkjl2capt5h4qj3kzyutxi	0.00777873812050455
did:plc:7ukszp5hndvib4ykjjuttcmo	0.00362247895084558
did:plc:7uocbuxnul7on2eejlyq3ne5	0.00237834454707753
did:plc:7uprlzm754uywhf7bwcmkknz	0.00371308017056167
did:plc:7uvcqt45oqlutlrtgx7bpodq	0.0030289679481466
did:plc:7uzvbqgzvet4bsehzrpxghqi	0.00426932313462701
did:plc:7v3qmkfansyb4blikq4gmdcd	0.0170610897634096
did:plc:7v3qr3rs6y7qwwipl2sl7ni4	0.00726517903592153
did:plc:7v4fldq3ddtzsuminas435by	0.00639378173553967
did:plc:7v64izpajyjqnyve6bx2u62q	0.00539265251152281
did:plc:7vdim7m7nzqifalnniraxvqv	0.0099086846819785
did:plc:7vgt5zw2oljib4ul5bticvwv	0.00551111111164371
did:plc:7vmdeinssrz6bulqnbeua3u7	0.00503341859959622
did:plc:7vmesxg2htk5pd5pslqnxms3	0.00322908988803923
did:plc:7voxnpwgyx2vhfo6cw6tji3t	0.00372201544365735
did:plc:7vrvkcb3pfjz5koeqipkkzuj	0.00511688572355312
did:plc:7vxznou4wdhsjr5ygoc3wijq	0.00583179865172074
did:plc:7w3epm3rleikym3zyqucyx5b	0.00692273336444218
did:plc:7w5g7ty2yrs6rjfih2ttbvlt	0.00333867521369508
did:plc:7wfblgauzr2btbdnrclh2yvj	0.00230135152104902
did:plc:7wws6i2ckkhjf33aloswg6dm	0.0112739571666215
did:plc:7x6ffpekue5y3pzgxfsjv63p	0.00427153082452191
did:plc:7x7ycfngiayvbugi7uzdfruk	0.00479326604656521
did:plc:7xc4lh5m5yklmhw4fcjkaaj4	0.0113817891448226
did:plc:7xej6hvs2giolza2ikn3czyq	0.00613685179695024
did:plc:7xhz25nuuvwezxpwaxj432tc	0.00427126264541742
did:plc:7xitbtnb3v6eoe24cp6yshis	0.00604838709878178
did:plc:7xizhxeo2gwjwokqty77rja5	0.00834276018175445
did:plc:7xlhl4bluwnlxiekjc4y6fcy	0.0048199223464967
did:plc:7xuayhlqsocvbjndfbg5pm7m	0.00418320283195381
did:plc:7xyzj3wq3onpylavw5nptp6e	0.00581395349063559
did:plc:7y77b5czc74374mwukeo7vlh	0.00398051496201391
did:plc:7yjpbvkrufbi6bjeoqp7dlkk	0.00369036112856002
did:plc:7ynftsegxxog5hsnkpa5vedx	0.00693533270985491
did:plc:7yoredhvdx7rza3noajfg6cf	0.00739542408139335
did:plc:7yuwwa5ye35xkd5p4ywj2vya	0.00451437296785124
did:plc:7z7fygdnco22z5pepvfbihly	0.00586383556614693
did:plc:7zc3njy7dhotg5gleozmxqnp	0.0053307008890395
did:plc:7zcvsimdyslorjfzs5zpcgir	0.00506896145300342
did:plc:7zirbg4645hu4lu7zscbcgxw	0.0074589756393345
did:plc:7znlkqnofonpbeqoxsfi477z	0.00469249911213861
did:plc:7zvrm7ci3cwldpa4u4nk2llg	0.00507743082068861
did:plc:a26uatrvkbwvcr4rd7xntgq5	0.00530752419666341
did:plc:a2awwvbxcihcb44o4i2uiip2	0.0084638171997161
did:plc:a2bkx7dxzabdqodqb5t7jwpr	0.00399562384084033
did:plc:a2ejwlabqqmx3zqyhvg2ir25	0.00631399317582374
did:plc:a2h7fsprggtjr5x7fkfjn2uu	0.00831499144121663
did:plc:a2jdcjdavec3pszfnz26p7yz	0.00481886240506984
did:plc:a2l3jzljht3cw7ksczrcjvuw	0.00293035300546502
did:plc:a2vmlriesuutyx4tixckl3kz	0.00833796554021057
did:plc:a33sh7nzsxstfy22v4q7mae3	0.0120658135295852
did:plc:a3b7azcjwacwvj7yt2arfoj2	0.00694343989717005
did:plc:a3le3koc4mihkbgyoysvutzn	0.00370114488784583
did:plc:a3tkt6nxq3gzuivf7pljoujb	0.004377294550638
did:plc:a3whmvmj43ivf2su2rylsiw2	0.00502895458771998
did:plc:a3x3rlkpiruslgkbrtegezlu	0.00784853143914511
did:plc:a43yoiyjqdp6waz7gym3czac	0.00247055698225289
did:plc:a445sa7lwrevrsen6bc3lq4b	0.00640548190247665
did:plc:a4f445bvewgu3o6wf4qxtgvr	0.0120788302668721
did:plc:a4ihe2yflksan4ctifuxkxef	0.00313754441010033
did:plc:a4mayzjvdcinqohxco3x6ook	0.00628025644559595
did:plc:a4qyubne5t2mazpxmc6rvu4p	0.00453887011202015
did:plc:a4ydaqj4p6vreivlcny325uw	0.00875608061481558
did:plc:a57ew5heuekgs263t6awskhx	0.00418645019680563
did:plc:a5a7fvsc5nneewt43awdlxmc	0.00256742275410875
did:plc:a5aqslmmhq2auufl2xo2fwcd	0.00260567458024029
did:plc:a5g7fvhrizzzpn4are3y6sfy	0.0108286252440514
did:plc:a5hqgfgd52re2itwinf4jiti	0.00410286044522057
did:plc:a5lelem6lxm2gjialumii4on	0.00428265524648274
did:plc:a5lokunxj3i57kvbnwaowawe	0.00444382724724294
did:plc:a5me2jqix7zmoybefks4augd	0.00610790634738487
did:plc:a5rx5gfqazmi3bzmmhiig4v3	0.00567869573230526
did:plc:a5smy5c5r4renhtqxw5mzd44	0.00345785736382902
did:plc:a5xkb26itv2cjdbiwiknvgug	0.004795950087407
did:plc:a6b5du5mt32syylvxiyc5tp7	0.00400703674746121
did:plc:a6jhwq7v5rtibtb5kt5sefeq	0.00320428176563696
did:plc:a6mjmwb5qufh7himrkvp4bpt	0.00923411190967943
did:plc:a6ntrksjlgeiagmoodkcnk6x	0.00263870564564982
did:plc:a6qhvwxwkvez2lseo2mfc4sy	0.00888303997682034
did:plc:a6tb6uucf6jow65ppar4ihgx	0.00926714956644135
did:plc:a6yeyimuz46u2f5reqkklxjc	0.00482198295872336
did:plc:a72b5bohcr7u7hrfvwx2yeor	0.0048977853499963
did:plc:a76fgyr7lt6kx3uzzur2ixbf	0.00616979269685561
did:plc:a77badqt2wsywffk4acutjmx	0.00585937500221064
did:plc:a7n4o6fulbx67npgp7ew3lco	0.00348670692991681
did:plc:a7nbhafx6a2q6wc2ma4wf2c4	0.00511444621781421
did:plc:a7uadumjwjxknqd7uctdtdiu	0.0077519379846856
did:plc:a7xm7fcnwhlj6qwimflwzvnn	0.00445084990059018
did:plc:a7xo7d3kw2kg6xfgzbgx3crg	0.00435139970133239
did:plc:aa2lepsnrslapf7qd2kudg2i	0.00306263584284893
did:plc:aa7ezwc2e2mlmvi2lvvnasym	0.00371891892069556
did:plc:aabwp7uos7b7pt733kjy7z2f	0.0117857143192195
did:plc:aae7x2jtt5pio7eu5crwg7np	0.00661194711208598
did:plc:aajlbapytq3pe7jrrbulm6ey	0.00356313555969785
did:plc:aajn6xu7u2bwnqxjus6nivnj	0.010493179442874
did:plc:aak5adq2xbg7xuaqarwmwmr4	0.0132869345377558
did:plc:aapmpjikkcu3zrn3enaa2h4h	0.00351245872152889
did:plc:aarxiv4yotkqws5nszurwhbz	0.00515392115958887
did:plc:aatufmsprt5hule76dpx5lev	0.00931520644783725
did:plc:aauruvnd43ua7iv4rjxjxhzy	0.00234878403664353
did:plc:aawuxp2g4doffuw34ho4z2nb	0.00472260886941501
did:plc:ab5x3hexounqcfkpn2dqrmwd	0.00204885736810163
did:plc:abbxc4k6z4xzkjpenhc6lqah	0.00387448078498271
did:plc:abc2knntjvxlekqcsv6zbqbp	0.00477297760388557
did:plc:abjyxpx7jwi7dwlfcsril5kg	0.00241772339276261
did:plc:abqvrdxrmt6epg7opa225gil	0.0048172135104102
did:plc:abv33zfa4ivjwus3obbr25gt	0.00714668572570647
did:plc:abv6jexpctjbo7a754in4dun	0.00214731383202381
did:plc:ac3nlkmze5r3n24kzd2o5xpu	0.0025032001137917
did:plc:acezgxgug52noqsfynwwt75l	0.00675545261561245
did:plc:acimnrfhp6d2z5s56m7xaerw	0.00528052805341184
did:plc:acpbg4lkb3bs4ubec4dgtlck	0.00882301041435762
did:plc:acsfmpxlo532ethjgk5iad5h	0.0101701545185608
did:plc:acuqgkc4vxaxts5zf2zptd7f	0.0023399014778448
did:plc:ad2nk5m2lbeebk4ovvuumsi6	0.00897934751594826
did:plc:ad47ibh2e2sv62e5gcz5glpy	0.00551142810838985
did:plc:adhaodx6jbahemr4pixbxkpq	0.00542339455251289
did:plc:adntyw7eesgmjgtccdeemiqs	0.00419180043063254
did:plc:adozrdwbzo67xzu7pl23wkyq	0.00406580582039563
did:plc:adtxhnx5krzdnist4wwdrpba	0.00939505041511796
did:plc:adue64amv3tl4uwfzuewk64x	0.0036809815954588
did:plc:adv3ig33ke7ijxihzppdybh3	0.00343777625033062
did:plc:adw4pcwub6pcgkeshd7nee7q	0.00886627907292584
did:plc:adxv4siit7c4yxl2gdonnopi	0.0114226375982245
did:plc:aemnh2sk2ztn2tw6lxm53xw3	0.0222790359161654
did:plc:aermtfwammxaz42nyi6rw3pp	0.00300243053914625
did:plc:aeylciskqd56ult6yc6otdwx	0.00546658949183151
did:plc:af235jxh3pxi5qvddv5mpwfw	0.00761727313081641
did:plc:afhr3m4qwfqjf6kkczena53a	0.0101583507723571
did:plc:afmaociz5vxopehw22uhhcux	0.00335644217139612
did:plc:afncdaff7hn2abm5cd2pht7i	0.00571282401330144
did:plc:afs3zbk4l2eqfd7jrl6gwxo3	0.00540765391026259
did:plc:afvjqgrsikgamlhicihlglau	0.00614937865844083
did:plc:agazjjporumukt6kv5aylsxg	0.00274036955859388
did:plc:aghqbwpvbqdnufi2rzz7ehen	0.00636579572618476
did:plc:agog3aqallmoccow2737wimi	0.00771010023611797
did:plc:agoquurwgbtdc2llfejlsia5	0.00337662337710281
did:plc:agtgxqkthng7wju22hizep3s	0.00767398783235131
did:plc:agzj5ykthlszajr5fb4js6cu	0.0066853569132786
did:plc:ah6b5z6tzoktzyrjijmqqptv	0.00480215136462124
did:plc:ahcborosqrfchi3iiyhoixch	0.00501403931077842
did:plc:ahhznviie5u7s764svavdpnn	0.00579757260739784
did:plc:ahjzi4zm55lghdctbsze37de	0.008966148218973
did:plc:ahoqpi2dwsq7s7iddowxdzwh	0.00460705647575371
did:plc:ahre4s4zyp2katc3e3bkudsz	0.00687010704721877
did:plc:ahvjj3yjv26wnkvxydfrw7js	0.00309844835528508
did:plc:ahzjbb2plqkzzk24omcpcs3z	0.0052315502730361
did:plc:ai6aov3o6xql2rohuapzl4x7	0.00765483646977807
did:plc:ai7hl7rg67huts7ffe2dh3v7	0.00527704485500282
did:plc:aict2inosjfqgxp3k5rfyds4	0.00535185607214396
did:plc:aidzivlkdw3k5lz4cejwq6zm	0.00420982924200022
did:plc:aimlozyn4feqfc25gwdrc7js	0.00488107228712715
did:plc:aiqgpq3ztqufpszq4zcyxbja	0.0221483943672357
did:plc:aittyvj6p7eighg6tvskpfdp	0.00311032118839359
did:plc:aiwdikara4nttlpz3k43gsuq	0.0025285481242195
did:plc:ajemdhbinxz76n6k6t3qzndb	0.00730460190486529
did:plc:ajfgszqwuuxp5nm645wzku7c	0.0048156508661156
did:plc:ajfpwzcujagwzki6pn3ujad7	0.00374656313295749
did:plc:ajhjfeczug4kpwwara6qsfw7	0.0032783814162818
did:plc:ajhknhmlajx5bnwzu6rtnczd	0.00237430167627068
did:plc:aji4gre355tfomqdvziaqcg5	0.00726602320904708
did:plc:ajjoct4bt547q2fquwsxsd4h	0.009065679928948
did:plc:ajjsrdefr7wa3ymdrtylfhf5	0.00580684596804209
did:plc:ajnubqlskbnoujddnugm6vwo	0.00591224018690869
did:plc:ajothkkni7pondhzh4aqct4s	0.0188014101469141
did:plc:ajuwbq25lu6uvoqdp7f76zlr	0.00565941752560894
did:plc:ajzxzt4krqrsfdnhvwvz6c63	0.0080763582966561
did:plc:ak72fn6re6fahaj3y6swks7w	0.00614439324308138
did:plc:akbqqhei3mpbsgh5k7xz7zcf	0.00545888775216885
did:plc:akbrkyh27otkhukkmhay7x7b	0.00372093023257233
did:plc:akcfxeadpt4m2onenrh52ugy	0.00257948746710031
did:plc:akcl6oy3mjbskuni6smf7uiw	0.00424808836047375
did:plc:akfao7in6q54r3x57d3pnazw	0.00516450737157241
did:plc:akihprxm4sifs4qbogmhn2pc	0.00555102040868431
did:plc:akjgs7x7lfh2s5g3hlqvr5il	0.0050867472102294
did:plc:akoioeibtf2bgmxb52ch47e6	0.00309462581192037
did:plc:akp63d7tj3p5dlr2c4eatkfy	0.00424731509033975
did:plc:akpytdypx473rr42lfueedzo	0.00501167833324358
did:plc:aktvrqfkq7al4yiw2q2uu5qk	0.00648758779852424
did:plc:akv4c57tjkz76ymot6dylpc7	0.00723327305722576
did:plc:akyoejzrflvdn7eoj6uj4dko	0.00330959061813214
did:plc:al63hho6wwpm5xsgt4zmokom	0.00535244488854363
did:plc:al6zoldghfnkkvd3fn4j4are	0.00274059910789672
did:plc:alct2hnabkm4ufppizsu6luj	0.00618369546905833
did:plc:aliob2bjrjpm6be652xsrkhu	0.00390768103559647
did:plc:alipfzuqgrxmpoods4x2bwj6	0.0101876675707119
did:plc:alkedv2m5hyl6bb6jt3z465k	0.00384042042529457
did:plc:alv5bgh7w5a7rltliaj6hjeq	0.00312292987615153
did:plc:am5lt3235ehp5akxvpwiuo63	0.00369126033368223
did:plc:am64dtboemnrl4wy4masyv4a	0.00533228558657894
did:plc:amdc7syva4pkdoocy7ejomry	0.00255872825766097
did:plc:amhpepxbysqn74smua7i66ot	0.00501626898118649
did:plc:amiu5gp7k2mcqkrllzxac5cm	0.00272695490054903
did:plc:amplkecp6q7devjjvinv3poo	0.00244305795690526
did:plc:amrapibar7cgsp6sgdn36pii	0.00836881515571939
did:plc:amroz3qn2znhvk3zt4prrlff	0.00641025641193974
did:plc:amukbxu55fht4fpjs6dne4er	0.00456846524356628
did:plc:amzpaswurb2zabprr3rqaalv	0.0143224385056061
did:plc:an5uybpxfjiqnxhb4daytucx	0.00251181483278059
did:plc:ana5mghlgphmxjuh54ohiawa	0.00652282991265061
did:plc:andrqfq2j4th2wb3fyg24b45	0.00473872538042541
did:plc:anl7ylngnjnaz3sxxn5n524q	0.00452924191910292
did:plc:ano5djmhfwrgc4vtn5kn5ywz	0.00485739750523877
did:plc:ano7dj24fizyubjxtlzqskgv	0.00300466513800502
did:plc:anoqmgkphn2cuwgoezj7uux3	0.00273792019488193
did:plc:anp5wa44rtievacibcgvr55r	0.00646779303226139
did:plc:anwrvdyllngkzvxlbhqrkf6z	0.0104166666763841
did:plc:anyesr57bwobytddoohv6ehe	0.0090339233044318
did:plc:ao722rdxs2enzxhyczhwayav	0.00806803314855078
did:plc:aobqooyzkbe75nu3lfplqwsf	0.00447534859737308
did:plc:aoce4ev4ramygswhngarxe4x	0.00706142589882276
did:plc:aoeqkyajlu5mntuyox7ebrtf	0.00560949298863847
did:plc:aoi5nzanvwzjknxm5rmuu3rl	0.00991159926121958
did:plc:aoiyyqzfh6nqk2i2jrqyl555	0.0098461538576679
did:plc:aos5edwuruo4jgk222orw2u7	0.00446474568222962
did:plc:aos7fulgqhfa5h5xvz7p6l7b	0.00285109156080159
did:plc:aoufpqylw5vuaz25nxboq75w	0.00229357798171698
did:plc:aowpx3dlhxvgpdhjcvrjhmoo	0.00451679683921937
did:plc:ap4k6ale2i3nywqfmmzya5gm	0.0118712902283624
did:plc:ap5hslapkugz3rvzq7k3hwor	0.00376476697397469
did:plc:ap7cvofyri4rqkwdtzjtgdiw	0.00415491912771947
did:plc:apeqry2abrv7dowscbvwnrs5	0.00555474345866269
did:plc:aphb7x6dn25x6ttg57ttjxtr	0.0165864099048104
did:plc:apiwsx3vnntzxfwvatimbo5j	0.00763855030561883
did:plc:apw7jx7s3xvttch7j4xjtcqo	0.00425747592503418
did:plc:apyvwqd3zdk4bkas7vxvxnsl	0.00456059287802274
did:plc:apzi532jlpn6zo77hv2ny4wp	0.00566902876247293
did:plc:aq2ctzswkbyxo2rl24bjve3r	0.00395757479822234
did:plc:aq3dcvavgrjuwlzuwuwi2z7w	0.00657894736997701
did:plc:aqdzdkzx7ittw6lkjlygbi3e	0.00427089688857857
did:plc:aqiyjaifbsskrbejvgxinat3	0.00712219007467143
did:plc:aqjqisckf5c63ou4ln5sopud	0.0087704213274253
did:plc:aqmizfmtkofxcbi36w6jgzzc	0.00647058823535957
did:plc:aqopeofp3wtnjpldr6oa7tvk	0.00331239291843418
did:plc:arai3ddwjqgga3nuygxwrnig	0.0167305682006443
did:plc:arcgdrftfn27sy52d3xqbidn	0.00517777010713604
did:plc:arlmecsux3tnz5ifroinlq5z	0.00553325377073337
did:plc:aroocmusuu54kmqaorsqmtkl	0.00691403549338759
did:plc:arq2olqug7nzensy3zanbj66	0.0206458443931693
did:plc:art3w75jdgsygrtcuksz56lb	0.0124407582995336
did:plc:arweytxvx43yornhrrius47n	0.00315157281334364
did:plc:as2xgmt7544gfrfw3z5oyio6	0.024577573056726
did:plc:as3665uuxfinztdjfeeiluuf	0.00619060075171838
did:plc:as4rbvckng4gwj75r3yo56vy	0.00360673256784993
did:plc:asag36ayrq5poxyicoefwhvx	0.00339898901912055
did:plc:ashreeiwlcyhqjwwlgcyp3rm	0.00575590872278992
did:plc:ashzzep5n6daypbovawcib7c	0.00502135248087977
did:plc:aslyaytlciwmmtc7eshw2vrn	0.00500588928222141
did:plc:aswdtqxiibennng4wdny6sr2	0.00327083975265975
did:plc:asx5zdyyguek2kk6sjweq3ya	0.00661779678426111
did:plc:asxumdrxjtp2fgi4zhj7bstb	0.00591122016722034
did:plc:at2pdiok7kjo7btm3ckskzbe	0.00399680255823812
did:plc:at6nlu43i6x2qugm3y2s37rr	0.00317243095308988
did:plc:atciqgbttscazpjxuyzl6lpf	0.0035542918077662
did:plc:atdbnc54qirckppafzt3s2o5	0.00714137859777779
did:plc:atfb6n576jpwvruofcpcqd45	0.00905413215476611
did:plc:atjgsloxf5lkpupsyyvuwkvr	0.0104949652626564
did:plc:atka4swrkyxrwz3qbhi5zchz	0.00882723833863576
did:plc:atozvln7lkr5iet6bc4d47uu	0.0172275641560792
did:plc:atqiwb7tejg64affarrl7zuc	0.0064056939518649
did:plc:atr2y75eggyvfsbzsuqolykt	0.00469138073791665
did:plc:att56l25ih7y4p5thp4ouclq	0.00500424088281795
did:plc:atuyoru4iy3m5zed2djf4j5t	0.0114000712578519
did:plc:atvkuljkbujil3hfi53wdb6a	0.00343452249103749
did:plc:au27wxfys4qqf2426ww4dt54	0.00367518845437506
did:plc:au2tppis3mqhabkhhng4wyde	0.00420371867445539
did:plc:au72p5ewzbuxue7tn5q4sji5	0.00521014241119108
did:plc:augck47fceaktmqltypi3w3n	0.00479369970911687
did:plc:augfschyuftjrqcgou3dvnel	0.00451930977911847
did:plc:aullvdpatzygblf5crmcoij2	0.00879593432692557
did:plc:aum3p6hn6f6wpn73lnre64jy	0.0160544217819365
did:plc:autzu62d4yfjv3onffne4e2m	0.00481133227580859
did:plc:auxwh6eb57vwqt62d5do4ljp	0.0083782166554775
did:plc:auy2qp35r5bkipvygsyynxca	0.00621278799046066
did:plc:auyogbrxqnby7njduom2slhq	0.00394707989211645
did:plc:av3hvk4p4xcayccca2i5pmbn	0.00251443141981707
did:plc:av5cgoymgy6ytm6dniawblka	0.00378412469760227
did:plc:av7o76db73x6jjklqfaxycol	0.00718501411461236
did:plc:avjlcd7pw356fuscglujvjrf	0.00516214427596429
did:plc:avoxjprmxbquutueh73xev2i	0.00399850056370972
did:plc:avp6mte5pxd3tvyzc5a627zb	0.0072284908333282
did:plc:avzveb33enaacyo7rmdmn3xz	0.0022594766891286
did:plc:aw2q4rvkk5gsqdy6roakei6w	0.00389020019263371
did:plc:awjnyjz3bsugkfxwgmtw5j37	0.00256339199117781
did:plc:awk2s475hupoqpiyajqwm7eu	0.00623009829894169
did:plc:awwys5jv7cu72dwkff4kg2q3	0.004283326368621
did:plc:awycn3r4572ffn2gl74l7urs	0.00264443269161735
did:plc:axcdvkvt6iixa66e3kx3mrgj	0.00219954249517606
did:plc:axgkqovonsljegc4wfsdx7mg	0.00660988941299962
did:plc:axija7jcuilbkeit2aag5qjl	0.00744153083455851
did:plc:axipxz7cz7oycx4ywlp7f4g5	0.00556111667224851
did:plc:axlloy7ujysr666k65bqi4ol	0.00554190411512605
did:plc:axpg2s5qmdfwy37po2j7wmqo	0.0042658593644822
did:plc:axrerdnr77fej6tcibksozku	0.00363758196563202
did:plc:axsdy6cvtkutshokdceug3iu	0.00671976107545364
did:plc:axv7hfjmgtvjmgmdph6iro3g	0.00700402732214337
did:plc:axvutrywkmiqnt4iqrmph2nu	0.0054361104330009
did:plc:ay5rwjpobhhuigrsurp2r4up	0.00395316253031829
did:plc:ayagznj66cdicwhci2vfxitv	0.00297980120483288
did:plc:aye3wlrc244373x3qmcf76ju	0.00590482806745984
did:plc:ayi2ylh7gvsloqjgsfboibma	0.00691931019933437
did:plc:ayjkseoemdsax7xvx7y7pjas	0.00667668169068848
did:plc:aynd25cypug7kx7ennsj6g4p	0.00811093668649698
did:plc:ayxecpauzkpnci4vgm7zkkf5	0.0037923561863077
did:plc:ayyvtinc7vkuzxuxpjj4lo5f	0.00717376452432013
did:plc:az2n4uy35hw26wczpefbn63a	0.0032675855518619
did:plc:azanefhny47dz7pxsmoadfve	0.00907441016628438
did:plc:azi27f6jdow5l62hutaofpon	0.00544316429339532
did:plc:azk3oxmll7cbs7eefd46jkc3	0.00371241183200532
did:plc:azlvxre3xhhzvuj5hcjkil6n	0.00681375730185349
did:plc:azoxkyltdioeyjsuo43cnxem	0.00247039387347473
did:plc:azti6bn5jv4fwcyt4dm4rrtk	0.00402833726934284
did:plc:aztzjo6qmc3jzjyr7qck33xl	0.00656694637150257
did:plc:azyda7k3fpdqto6pxrfpjfwk	0.00242349363244411
did:plc:b22eievglqsjqxdiqjezciy3	0.00589558606996892
did:plc:b22xqm233xk3waqorrsexgzk	0.00363594390296082
did:plc:b2a6zsmv2i7222fx2io7qlal	0.00714613853421133
did:plc:b2d4lpfei34zymv3pqkmbbag	0.00703346568374827
did:plc:b2dtwx44cqcrmhyg3yy7o7cr	0.00209733799417258
did:plc:b2ef4dhem3ogfoj3o2xc2ivy	0.00294918967517389
did:plc:b2hmvysi75fsznde5ad2y7cp	0.00635962663699346
did:plc:b2mh5wjd6s4x74dscbggtht5	0.0035831028417364
did:plc:b2oczglerg5qhbo2nbkav5mm	0.00218959761664556
did:plc:b2x5zfw63wewud24bewfdxym	0.00442930153425725
did:plc:b2yzethqlfhbohwtfbehz23c	0.00343376698792905
did:plc:b33k6bpwlxre6xy3i3yoca5y	0.00373148682474095
did:plc:b34xdrf7yns3f525ahvp7qr6	0.00568884491762436
did:plc:b3f7expj6qf5dgzg22uttmwr	0.00685027261426649
did:plc:b3gwxxituuiwagn4ue4qugqs	0.00501202886999738
did:plc:b3ihsjgucnrx6r7aus4zutbz	0.0059737156532197
did:plc:b3k45rgpmibdzuqgyrcu77zc	0.00520553604690499
did:plc:b3k4sjz3d6lxrugk7yrnjn4v	0.00837477100310566
did:plc:b3tbk4xtman5jp7rcobrzcgy	0.00413393964473763
did:plc:b42vopkfmvuh6bsdgnhnguai	0.00513013601986507
did:plc:b47yoqenfbt7gjxb4cgbe7hj	0.00265530443394529
did:plc:b4ds3ci5jworfo6r5rvcvszm	0.00341597303031416
did:plc:b4fjokden33m6ngbaoa4r3dw	0.00772710139943061
did:plc:b4mvdv6m43o7fduniiagiujf	0.00860993263517163
did:plc:b4o42oamjuqny34e5igtayu7	0.00298995825355337
did:plc:b4stvstdfdw43st6u3et3eeo	0.0048799280852765
did:plc:b4tdg7puv53pj2yj4p4qapgv	0.00693430657066999
did:plc:b4z6dgydt2cklgclxfxcusqs	0.00205096333135665
did:plc:b5ky66s7q4r2z3xn532gid2m	0.0227405248975773
did:plc:b5lzn7x33qnonyu52kfcw7v7	0.00911048534331084
did:plc:b5p4fhiroju7i3inoh6qw6eb	0.00351384869789373
did:plc:b5plihmktfxqljdrpqdkx5fd	0.00704613013448014
did:plc:b5s3fcr3e4s4rvd3s2v7uwsz	0.00637924991271459
did:plc:b5so7qqqo3bjcy34u2ud4yya	0.00224044119464454
did:plc:b5vbgntfozdqcr7d53oclqb5	0.00780762024198726
did:plc:b5yj27hxo5g7ppa5dwtbmqj7	0.00358855924715469
did:plc:b62owfzpn4uch4wqu4vd5c4o	0.00605060506251141
did:plc:b63qaqkwkamqansdnggs4xtz	0.0105091770372893
did:plc:b67qrw75xrd5d4iovmfimjw4	0.00260621300226128
did:plc:b6c6cyh6ugjnswuldyg2surp	0.00480807757112534
did:plc:b6fg7x36of5mw4fya3oudlk5	0.00413052457687832
did:plc:b6ljywyze2efltvazhjcpuaj	0.00853096741525233
did:plc:b6so6bv55yaipde553qos4jp	0.00307526945931569
did:plc:b6tsmbjsx7m7mnn6wgmqatsp	0.00372826365405096
did:plc:b6utx5peudlirconvuofl44h	0.00412371134046459
did:plc:b6zmyjlah5z35eejktq2bdhl	0.00417913074105393
did:plc:b72hyaujhcdjojxiccb7g7r6	0.00522552255288144
did:plc:b737rrrtlxnqtvv4znpvfmt4	0.00670640834722074
did:plc:b74nogkpsqhuesjnleahoxsu	0.0112273539245703
did:plc:b772pgpcpjgdkxn2q5qcodig	0.0058154364150557
did:plc:b7crm65s3imlpkla3o27c2ix	0.00766188828963272
did:plc:b7ii2vnlgosggdhnbzkpkiej	0.00743243243781165
did:plc:b7r6vp5k4mh47xaylgl2dgyi	0.00905305088111193
did:plc:ba23todzwngi2awq2pm6n6h6	0.00517552853929039
did:plc:ba2z4dygktckcq6fxkcw6auj	0.00676684247217351
did:plc:baedu3wp4jy744g3admdl7qn	0.00496774193621448
did:plc:bah22o5f3oz7tc4ra4sg7xqd	0.00541018571514155
did:plc:bai437nb2kbjzdewq3jbtloz	0.0107719928274555
did:plc:balfhlfiyjn5edidlu4tyspv	0.00590179414758297
did:plc:balsgq54yljneocwjmioqpoh	0.00234028668518035
did:plc:bas5lz2nfoazqx53mnoh56p2	0.00424990525712473
did:plc:bax6bvykutlx7nrw52uzfzob	0.00216034565538474
did:plc:bbd2fz7qsdswfseaodpvospl	0.0027819029891532
did:plc:bbehvxrackqhp6cljf55hc6r	0.00403957613750382
did:plc:bbi665nmu4dry6auzq57ldiu	0.00739620104241033
did:plc:bbrowadjkrnopjbzcuacsq4z	0.00392554134487463
did:plc:bbwe35joo3jxkpvffv4dmnk2	0.00402911359528662
did:plc:bbx7rhhwf2nzodgp7ltkrn5r	0.00213946892276821
did:plc:bc33imuvle246t2363prrgc2	0.00332786727124917
did:plc:bc3isjeszrj4tj2rs43nzpjy	0.00707814269560614
did:plc:bc4zz2vhpn3ck4p6tnj3wojt	0.00492500559662727
did:plc:bc5imktszt7xov33xwoztvvm	0.00273830952490668
did:plc:bc6pbqbr7dxap5imofrbzl4j	0.0256073539100184
did:plc:bcdo3yu74cnxv37ehtmt35e3	0.00486374841839542
did:plc:bcfzj7i7kvlmnybiyzjxq3cm	0.00343357146858383
did:plc:bcksg76yoazrd2vq3manipuy	0.00536491547785301
did:plc:bcnt77fpd4v3duwilunwm4rn	0.00743774927776169
did:plc:bcoehduhixyjmwig6sreiqqp	0.004534657742274
did:plc:bcpi25hrmmcivu464toahlai	0.00451467268642596
did:plc:bcwpgm75l4vsqbewrgjpzwfl	0.00256341924599441
did:plc:bcxkjmdva3as5ds7ti64cxz3	0.00779524490526849
did:plc:bd3ylysn5egmj6cfvgsyvvzs	0.00718390805193866
did:plc:bd6pp3iedzk3ebvcdfwax7on	0.00328250993130546
did:plc:bdeav6pcjbindiaxe3hanntv	0.00947995666563664
did:plc:bdemtan24wprr53ksr3pbpcs	0.0085345037797077
did:plc:bdiaiwhdl7fvdxj6nq6xnae7	0.00700817620685823
did:plc:bdivyb6s5xpqqxib6xdpdxpo	0.0051265270512746
did:plc:bdmxwjsuwk7n73my6vn6qqck	0.00501910255520651
did:plc:bdoowpn4sv2eahn5hewqu6rb	0.00907441016628438
did:plc:bdqv72lur32l37xfk3aq75to	0.00538227987912601
did:plc:bdrlvpmnqv325shkiwyuuouu	0.0069992553996519
did:plc:bdrzbuy7f5gdw5v5yyke7r2b	0.00624721106830821
did:plc:bdvqjeoma5byugyrvtixvyby	0.00879676441172769
did:plc:be3ldxtzo6cav7yzu2z6ifrt	0.00386155606438956
did:plc:be62opwg3x4exevdj2nxmr64	0.00533594201668435
did:plc:befk6abp73spd4rb2kq45rsb	0.0145772595636222
did:plc:befwx23wdk6ipcsyexx2urj6	0.00523426528850762
did:plc:beitdwswt34zuxnhlkrivwhb	0.00303202577224592
did:plc:bemuqswzftdeiz6kdwmyaddl	0.00321451532263483
did:plc:bemxmmarzwb7ardgzbyej2n3	0.00649953574906086
did:plc:beoxgckl6pmybned3o7xra2k	0.00444182390039962
did:plc:bepnevxykilw2kjvdqaypiaf	0.00430903376367574
did:plc:bewgr6xys3euxuztrh6r6i77	0.00302522113722378
did:plc:bexfywb75kcu426cv6razuei	0.00536559192292302
did:plc:bf4eggu543teyojzk3hjocvc	0.00385367878137009
did:plc:bf5rbnek7g3kmba77cxc7wul	0.00293092317639215
did:plc:bf6euo4oxq556ivwge3homme	0.00958732805585081
did:plc:bf6nmtyymsckshuqjlys6sn5	0.0082841898536982
did:plc:bf7qkvmwuvyhxfv7e3aio6nd	0.00294692334810804
did:plc:bfemuj76hcwza4r4o6c3ajal	0.0033934252390723
did:plc:bff4snble37ogzs33wqvkmfp	0.00272970363236424
did:plc:bflnqk57uauelgcm3pboeatd	0.00678507284116976
did:plc:bfow3k4do43n4kur5tqowmjp	0.00389941110964963
did:plc:bg7ixo4df7nmxuge3z3ixawh	0.0101621098496622
did:plc:bga76ksourfnnkmtydbr4mrf	0.00779962650140928
did:plc:bgc4y25sgluszxhivtlunsbb	0.00251448292868174
did:plc:bgfhix6sbmvwpinhn5og5jgc	0.0044971381857818
did:plc:bgidwoh42aesxqeqi43zge37	0.0130606210004844
did:plc:bgncrecbivzjcgqzln3gzw67	0.00520046972048111
did:plc:bgpds4zglxy3uojxxlzalybh	0.00392845736216523
did:plc:bgphh4s727p74dindftr66ko	0.00786423841513158
did:plc:bgrwrmnnp2qzbj2onm5wwpzo	0.00222528146075032
did:plc:bgupmoy4t6ojf5waaewxilrn	0.00695461200717175
did:plc:bh6m6fievr4yckulvdmsyrsy	0.00937818552550786
did:plc:bh7ynfkobqz2nor4md6hv24u	0.00599739243848237
did:plc:bhhkdh3mb3cbqs67kpoyznwj	0.00644451431195991
did:plc:bhlzp6o6bn6nnvs3v6t2fw24	0.00374201046077841
did:plc:bhofpaw5u3zjll5p67rnuxfs	0.00713012478328227
did:plc:bhomkua24sbsuedbogr7u2bl	0.00553114108250887
did:plc:bhqewakdr6pmj773y4odet3l	0.00346676938620129
did:plc:bhr6ttm4p2adc6e6gttlmtql	0.00283291541450556
did:plc:bhrgiuhn7w4s2edimjy7zdco	0.00551085638761523
did:plc:bhy36hqmxhnhvnwhocus2iv6	0.00315510144394308
did:plc:bhyoym5kp6b7va2gfwjuanxb	0.00393472977670593
did:plc:bigmamss66p5b2kkjuuidozp	0.00423728813678176
did:plc:bigpiegndfmdlgeade4s6zjf	0.00446910155748964
did:plc:bij4iptwywl6jizo2bb3dorf	0.0033774275260535
did:plc:bijy477nukqrl5fh2bhot76k	0.00200138441639112
did:plc:biutw4trgljawr2cfrrtgava	0.00520629962570967
did:plc:biwfimq7rv4r7rgrd2kmdhbu	0.00487298290539218
did:plc:bixeumbzmxqp5jnj7v4z4gp2	0.00313009455506119
did:plc:bj4k4tecrze4lbr3yxejvtng	0.00572201415135621
did:plc:bj5btfez7iknj46u2npyztye	0.00459729777246461
did:plc:bjcivrcazlvzua56osbesvvl	0.00324049070298688
did:plc:bjhtwagnvq4spbwb52od2bgw	0.00256146755223385
did:plc:bjklybovq3gol23mgkut2dho	0.00319325584377233
did:plc:bjrxxsdzrkojb3omx3r7bnhm	0.00355192705337048
did:plc:bjsh5ruuvm5m5aj63ac5gkiz	0.00322848043290118
did:plc:bjumbp5kr4fd4broqf3avofz	0.00413880236155118
did:plc:bjvpy4qr7l3c6zglakkkodez	0.00568407889549992
did:plc:bjz67y2okreonavpj7gmnywv	0.00525394045595746
did:plc:bjzvxbyswj7hksattbx3dkzk	0.00595965770381115
did:plc:bk26jsjpo775qfvpzujjutao	0.00521350546239824
did:plc:bk5dfswaqmyspxonlourdzsk	0.00812127776827831
did:plc:bk5dyujkwd7ucsig3prilzq7	0.00860802015881718
did:plc:bka7k4uh4akyjfsbhcqxwowg	0.0176190476690697
did:plc:bkda2wwpbpgb2nasmbau3o6b	0.00301687564829328
did:plc:bknyephvxnrgwjybaw4x4qme	0.00552217974402237
did:plc:bkrkqlnsawefdg2rpcpevivd	0.00461694571374987
did:plc:bkvrl3irin5bvyvbidw56sta	0.00405910050359972
did:plc:bkyw6a4vsn2c2fzlnqt7pbd6	0.00677200903077088
did:plc:bl32v7vp54kiryg5rgv2khzj	0.00603195305060591
did:plc:bl3yoaunb4thtgxxd4biyxwf	0.00205706108586456
did:plc:blario56nt3znfznpfpmqouf	0.00778783414111527
did:plc:blb7ooo4nzmn7avefnooz5cw	0.00581395349063559
did:plc:blbtihirbzrmffpzvfnbfwh4	0.00528069180667398
did:plc:bleritw3gsdas3hlyxrv6chn	0.0206013363341703
did:plc:blhnlfviiqjs4wtqslykent6	0.00668247467274947
did:plc:blltfat74c3ga73h5l4wbvot	0.00263810478573076
did:plc:blpf5ijddqacljelagy6lonq	0.00435549674737912
did:plc:blzwzsyevkjqlzbxauya7ezj	0.00320570256666593
did:plc:bmcs4zxktuiffoactuaocuqb	0.00438265617810227
did:plc:bmkom3xr2bnyz5hms2xbxnbt	0.00344082579864371
did:plc:bmo4biptkpmvrfxakvu3mypx	0.00616591928440497
did:plc:bmsgr3qal4nil2z46ni4n3in	0.00562448304433851
did:plc:bmsjyohotrxftsjwgppp445u	0.00512470105976939
did:plc:bmtypvtitp6urxvc4a6szuys	0.00290725158377813
did:plc:bmvk3suczvuw6mszso6on6ss	0.00638288696259032
did:plc:bmvxyselkmn65fyv3pnei3zt	0.00455934925746472
did:plc:bmyzbpd3ylqekauojwpkav5f	0.00431139672989133
did:plc:bmz64ckhhyqzatea55imjbdu	0.00594059406152611
did:plc:bn7u646g3bqymuscebkkwztr	0.00274437583523257
did:plc:bnkdqysk2pbe4uy7sbcsgvw6	0.00478021407127786
did:plc:bnpnu4sfgxfhswfyfnzhkct5	0.00473997833237078
did:plc:boacqvbgkzi22b4x6cnu4kzg	0.0110139293894923
did:plc:bocmx2ei44lhsbk4cg6x5dbd	0.00263296471848276
did:plc:boeuklw4ud7wydgb5phrhjfr	0.00456068503445574
did:plc:bofk3435ttxjl6zsy47oklv5	0.00950940134251847
did:plc:bojchrz2lmkla7chkkmle76a	0.00479769710620196
did:plc:bok7fmhro4ot7fznx5777odb	0.00631163708968936
did:plc:bp2nbcl6gmrctyafzp72jz5q	0.00496818617697027
did:plc:bp3clzqcthsrhda2qrrabrna	0.0130020896265333
did:plc:bpl6qfikdtekkas6coy7ogca	0.0069396252615598
did:plc:bpotnohnlgcj3fbmp7ugx4en	0.00315674682949593
did:plc:bpqxonfbpxbxq6xw3sdcg2wo	0.0042440885911278
did:plc:bpwqcmyyvgfm2h5qzlxkqbez	0.00374661363802091
did:plc:bq6qg5amvf7izbp3qmygsg3j	0.00483344219543836
did:plc:bqdabhfu6vy5fntigdlksgpn	0.0106456044411132
did:plc:bqiwprvyjxzsdgs7bf6vokaq	0.00700507614341876
did:plc:bqklfkumqugekmwgwlr2m2n4	0.00847579372589049
did:plc:bqokpyzt5hj7gorm5rjd77es	0.00200697423548869
did:plc:bqslpcvatosdm7cstgyi7jt6	0.00394812464109105
did:plc:bqtostscrgt6qcdsaloscxml	0.0228658537728705
did:plc:bqvcoxdpr4lp3qmq5cng2w4i	0.00275911979573464
did:plc:bqvofawvjm6tebzl6xvtyi2n	0.00526583998946936
did:plc:bqx2b5dhyilj35hdlh6lmun4	0.00509784574972966
did:plc:bqxgpjwdeginkw7iqfp4bamg	0.00787272429515555
did:plc:bqynkiwtp5kdwlypn2v2qo3y	0.00531132538055996
did:plc:br24bglztmnuqijer4ivkbxr	0.0041952707859049
did:plc:br3ck2zob5bxpc6mkdq4ac6y	0.0078105931215451
did:plc:brc33mzj6k2sk3nvuklfv5be	0.00472842655401796
did:plc:brjsrxjr35twi2shfav7o4pf	0.00588523786387819
did:plc:brl5vbplh4qfgrib7u5kbggj	0.00541047467909116
did:plc:brq7wx7gqfxtsjnv2runyath	0.00591641490647689
did:plc:bs2lgp3cwsnpyrxymfzwibii	0.00662983425566372
did:plc:bsayhe7swzns22yjod64boxv	0.00276321670951403
did:plc:bscdbyzabnr6ga4h3y6tfnyd	0.00341972642234713
did:plc:bsdk3jhvaruhfdnqlrc2lx2y	0.00548331505615733
did:plc:bsl4rbejij3xq46kys3tgwc7	0.0195091252360093
did:plc:bsqlbaoo2rzkjfnjj5o3i7rd	0.00531608275452467
did:plc:bszczvjhcpb2x744yd4wwjm3	0.00287551730183543
did:plc:btaxgfxzyzwm6oixsqmplrrv	0.00328463998627444
did:plc:btp56jwv2ycuw4b5q5jb75yr	0.00687898089307922
did:plc:btpc3vlatdfbeztazjhgia4f	0.00857092881231399
did:plc:btry3agfgwv4gergfby3f25u	0.00588796944839081
did:plc:btz2odnqydzpguphhnffxhiw	0.00400156452288427
did:plc:bu2zr6q5afq7t33vj4mwg5nz	0.0137093615397012
did:plc:bu6vh7oc7uaxcmavtxgcbzup	0.00442997438190806
did:plc:buh7ha655onegpogoods2wwi	0.00231099372736674
did:plc:bun6bmd2q66kdjyod6zydtcb	0.0055477782967837
did:plc:bup3mgwbkxpn2kny3vi7t46t	0.0152671756494521
did:plc:bussn2zx2x5wg2jujh3464y2	0.00312883176199219
did:plc:buyk6yuwv37mxwmutkcni4pi	0.00260436614328363
did:plc:bv3xjezsx5pz66dgdwxsjss6	0.0126394052098908
did:plc:bv6n7ajg6lsevko6xkjnlg2s	0.00443155265494434
did:plc:bvfvtn7lhhps7jmhvxmrohxn	0.00374049081340031
did:plc:bvh63m7gxvyuaozzcoac432p	0.0113883771636847
did:plc:bvhieeoc22tmukgfq7i226va	0.00636675881884165
did:plc:bvj2mwshvjezeywoejrhb4nd	0.00581655481210382
did:plc:bvln5ajveyy4aa72hnd2eo7c	0.00770428653871661
did:plc:bvmogcevsf6bywiuluyxcuvi	0.00309032690458697
did:plc:bvnpehg77r7mc6aamree4r2l	0.00392496686746364
did:plc:bvwbo5otmpvtilsacn6roxcy	0.00312786084836125
did:plc:bvwhga2te7hcvbdbwy4kzz3d	0.00456119604791177
did:plc:bw37hoseowaib4ab6kfpi3up	0.00598196983946751
did:plc:bw5utrbed5sdk4quzok2djxv	0.00467667955839269
did:plc:bw7deu5dfb6s2l42kjwmua34	0.0039557882490407
did:plc:bwcfoesked326y7qprp45wb6	0.00351484896379747
did:plc:bwd25sfs6d4locwcipghbi66	0.0052546284934704
did:plc:bwmp67elhtxcjniq6d7mshcn	0.00948766603673067
did:plc:bwmynjq4jvi6a27b6lwbfns6	0.00572628364428678
did:plc:bwri5etslrdnbu6jpqrznf36	0.00312711731913996
did:plc:bwza3wupxi5zc57damwisd4n	0.0064172682872462
did:plc:bxctbztsfl7zmi4637dhfqi2	0.00590405904275065
did:plc:bxgqoyyoz5ndgurltbrxjdta	0.0141388175001003
did:plc:bxh5yc42zlz6fbau77eriyjp	0.00605183528683507
did:plc:bxjvvbg3syyiwdg3kqesk76i	0.00492462915215261
did:plc:bxyhqirp4osmlbspr3vjocxo	0.0419806247887423
did:plc:by376lwxdkm3mhf33agl4k3o	0.0100303550326652
did:plc:by4a2kxd5h5mhp4v7x6cxd5j	0.00215024036623635
did:plc:bybdxprpfbwxod6j22nxcd7h	0.0144104803676479
did:plc:byc4qi3yyxi5o3y3utcg7btd	0.00974529347810051
did:plc:bycy3lmceps5jmerjixi25tp	0.00349129305616511
did:plc:byemjqauiys22yxrztbsbjvk	0.00583971003042502
did:plc:byezmrfe6choo3wlzz5mbqvw	0.00234773276099452
did:plc:bymjf7bo5eoikssywmp3nbpq	0.00297928358636791
did:plc:byq6snw5ia2bya43dnhms35f	0.00765148710846914
did:plc:bz6nci5cyry3jpiiqha3yesi	0.00508232304856621
did:plc:bzhlpi2un6yvrghnbqzdcy3v	0.00414261776332945
did:plc:bzr5counbcohk3sh2s27t4yu	0.00281864430100777
did:plc:bzzi3yykwg2c5d7zdwvjf4wb	0.00478116954779204
did:plc:c25e6vi7ojpyitmoi3xpuvpf	0.00628523294418303
did:plc:c2f5oybx4nltr5ngm62crttr	0.00318923978241431
did:plc:c2uzgrgfsk2p5wpvbctcoqyc	0.00625383201397595
did:plc:c2xl6zaxo623jzbjb43urymd	0.00444586712294915
did:plc:c37scchrohj5stahjwz5wjze	0.00214622978975112
did:plc:c3enyzriljjenchquygea3sg	0.00625951615812794
did:plc:c3izjztytjxm4zu25q2srvx4	0.0132962276052545
did:plc:c3kecbnekxdjysxuhwo43352	0.00868306802072981
did:plc:c3lxquskmtu3r7qtlnswa4k2	0.00641025641193974
did:plc:c3pl25mk3272o22ospgs7k5c	0.00475508077140202
did:plc:c3popyirkhwhg4ozmaz4w63g	0.0033744919093691
did:plc:c3sbbxgfvnnuxc44sfqfknpq	0.00604086065497114
did:plc:c3v4ymbadcks2s6mc33pm74f	0.00968494749366877
did:plc:c3ztxsvy7oa4gk5or35fkqfm	0.00813743219215636
did:plc:c3zu2acos73emyy4at3wimmo	0.00789473684228458
did:plc:c46d4lhyukrkhvejeso66wt7	0.00493157440587591
did:plc:c46jw5nvu6nnbjj6cayoag4y	0.00266098988844143
did:plc:c4awiool6pxqwkfz2sui3suw	0.00954938824484097
did:plc:c4azbpqsfkhlysqknkpkpskc	0.00597792765382764
did:plc:c4bt74n6vemex7aepk2gzwps	0.00430013163690996
did:plc:c4hp7jhbezaw63qnu4k6gqze	0.0284629983987374
did:plc:c4kr7ic5tnxtv2wchycblrpf	0.0137469157771698
did:plc:c4s6cmtzbpjn2ogo7kzy772l	0.00612265381951771
did:plc:c4sz2tvosvxcsb2oq2jj4ruz	0.00671508839395246
did:plc:c4teizcoifpz3557tbil4d6t	0.00495785820893061
did:plc:c4xnmk46bgiphftdciv3kmmw	0.0947630924698939
did:plc:c4z4cejr3mvpun6zliyqyzhk	0.00577397512172772
did:plc:c52anvy4motnuriqd5lnnvob	0.00382272424626317
did:plc:c5gskysxvxa6ihwm2ueogysx	0.00529237124108262
did:plc:c5hxvskpzmnnpaighcvaumob	0.00801749271564907
did:plc:c5i5agu663dc6vh5hfpq7jhf	0.00286918989063159
did:plc:c5mxp2ghszxcju442jfl6qca	0.00217081188366021
did:plc:c5oxqjw5jo3zeunoz5fzmn3z	0.00852595680182001
did:plc:c5psnkddpxf57usqn2dqbwmw	0.0108742931794815
did:plc:c5tc4mctij3hzvx467ewtfzw	0.00330562901408054
did:plc:c63xdgtudewseow5akwozcir	0.00215125729045294
did:plc:c66tbgoedxpwd7fbmdhdnprw	0.00475661962981784
did:plc:c6abhvielegx4im5wpahrk4y	0.00310644322878724
did:plc:c6fza7lwtakxcjchavr3mie7	0.00903954802557823
did:plc:c6gapb6vmriojv44ind2ncrn	0.00688738521160096
did:plc:c6i2ngibut4ofgjsuoiequze	0.00546737213414793
did:plc:c6stn3jfwvyldtd2lfgeoksy	0.0310786108308496
did:plc:c6vh76talnf54grjllkcdgwt	0.00686184812579795
did:plc:c6yohjddzomxiljayux6pitn	0.0110597225096221
did:plc:c74ag6xuizww74iunzr2yt7v	0.00762388818795464
did:plc:c7kso6n6ek66tgnukczlytve	0.00528707912127954
did:plc:c7o6vqlstsyg3dc6ylukcsgz	0.00771789753844883
did:plc:c7pjwgswkmmdkz2io3bno5ii	0.00509700756397711
did:plc:c7q75f7h42jsvo5al53dfpaa	0.00701480904259082
did:plc:c7qoodyhlk7nsmmy4gnmyrja	0.00360714285753339
did:plc:c7w4lg54csixmwfnjkpc7eha	0.00297921813704061
did:plc:ca5pnpikr4f3iqsw7ugwefd7	0.00747647849990767
did:plc:cacesnuqvmbyni2q5admb2rl	0.00314537606771081
did:plc:cadegsbud2c2gehjyxnyujq7	0.00309939285868426
did:plc:cahyojllvvi4boftp4zmivsz	0.00357330530781146
did:plc:calnkanibss4sglt42fgbq7b	0.0020037240932848
did:plc:caojgmscg5o2q46yeauuepkk	0.00367298578206437
did:plc:caqquqzuxozvx2oshx5cgjot	0.00545883741571498
did:plc:car2zppojrbukdtlqpvumwkd	0.00521364615273302
did:plc:cavafdcooyzjfkngvez26iwq	0.00527167822069185
did:plc:cbgc6n7al6vlohoejnlq3upr	0.0033065138323519
did:plc:cblrpgze2dl7bwtdo4d2mrl4	0.00684282556196665
did:plc:cbr5fc2flub7ehfd5wz5qi25	0.0120672601447184
did:plc:cbsm4vmfxpowdlkcbzc5kvp5	0.00454525396150752
did:plc:cbypzo6jl2s3t3u2cvq63tyo	0.00975050187592424
did:plc:cc22nqc5ue7b2dvpwkuak5zq	0.00263839811563853
did:plc:ccanlxzsfwvcri6vhifusvfp	0.00818046604269793
did:plc:ccib5exuz3gtqszm6i7vppf6	0.00819423369141141
did:plc:ccj3wmbypuxcpvbchuqvs6gl	0.00904367904619829
did:plc:cckboadlhbj6id4es74zyjk3	0.00467631156013637
did:plc:ccmwot4enzrkyaj6jjuscxdt	0.0086617583403311
did:plc:ccodxfsem7cwkaompqbctzza	0.00573012939238404
did:plc:ccoidmksybepsrcxvem7egj7	0.00424570912399417
did:plc:ccscygoww4uf76s5eyu7pqut	0.0034422147360602
did:plc:ccssguy4p4kphiima3t44clv	0.00290972204512594
did:plc:ccug7ikxyn6fflrim3dykb6z	0.00356000180293934
did:plc:ccwx342xwefgxlecsklczaay	0.005102572116248
did:plc:ccxuwvz7pn5bi6zdhjslz3jt	0.00503191888917421
did:plc:cd2qoku533bg75mv75sxxjab	0.00831702544414351
did:plc:cdcfyozrsgcfpdrwp5qe6jq2	0.00828672053422294
did:plc:cdjvitalhgobnpp7s43sw7fj	0.00340539390116322
did:plc:cdjxigxbnp2cbkuexlx2h5e6	0.00547074454282568
did:plc:cdm3sjr2rgwgx7unqxk4gk57	0.00210915977963163
did:plc:cdnmxpdf6ojfm643dwucxnq4	0.00549738219948953
did:plc:cdqx2uebomsocm25e3voqii2	0.027327070946549
did:plc:cdvn42qwviu23u4fqofshjzc	0.00430663221383511
did:plc:ce2s6mknucovum326mvupb4o	0.00395256917025488
did:plc:ce6u3rq53z757l3vzl4ew3ij	0.0062534485947886
did:plc:ceaiw7uszwxotpbd6tjpvg6y	0.00554096011516448
did:plc:cebxrxvtkrr3ngrmrkuqqzw2	0.00429660429683208
did:plc:cebystlqbrx2tux6kj4ql2qc	0.0159958720463988
did:plc:cegw352ouspl5nhkiyuvrny6	0.00369843087529568
did:plc:cehnw3kecg6prvju5hr45nm4	0.00361579825738746
did:plc:cesohahwhutxfurcebsffdma	0.0044639024819127
did:plc:cexf2j3klvh5xfymqh4uyxhx	0.0247311828860494
did:plc:cezhx3telcn256fvilsy7323	0.00569025235080488
did:plc:cf2clne6xyhfpw5rld6r344o	0.00879963898981589
did:plc:cf6giw5iuu76s5bvfamnopke	0.00204209708438021
did:plc:cfa2aswwhsy7xgot7ghbar2i	0.00309338684069126
did:plc:cffc5d5z52extegkpb4trlku	0.00238279621141195
did:plc:cfkppweczotkbgg7hgdynchu	0.0042195788460855
did:plc:cfkxqq5ac5zs26yclfq3fpcg	0.00652452522587615
did:plc:cfob5tqtfqug6rhlgv7uvoys	0.00800781250429445
did:plc:cfoge2nfp6j4737wbtspnijx	0.00998773437234004
did:plc:cfqqphruzvrnhlqb37kvrlv4	0.00645657186944102
did:plc:cfrjwfksgilcuoinojux6bzz	0.008280430586272
did:plc:cfrlt4ah6qvue5ktyb34jce7	0.00288312264375906
did:plc:cfu4kiedlduclgt7bpszgehm	0.0050008065824227
did:plc:cfu5spznu6dnz2pgxh3bxwwa	0.00699893955590314
did:plc:cfuwsvjtkqihpb4rkuza2qve	0.00569827183799681
did:plc:cfzsbgser4tctccrntpv7gn6	0.00623113621057737
did:plc:cg65aezanmcwdrdvldca5ixw	0.00507066566041229
did:plc:cg6zgsg7bfw56zzagsovkobk	0.0089389579409987
did:plc:cgbvlc2n3ej52ffomsgxsjo4	0.0115562403769091
did:plc:cgd774sx6p7toothvqivdugq	0.00215238915203954
did:plc:cgdnmlcezmblme56pnoi36z2	0.00691598360789497
did:plc:cgfhwl7o5mmhpoi23nzhpluw	0.00852514919366598
did:plc:cgtqmakukuczhknfqtnpgr66	0.0042216358839531
did:plc:cgy7nctv2jka47miujjdhmmf	0.00796812749439918
did:plc:chah5snk3l3on3txwjxcslqh	0.00590274524717248
did:plc:chcditvehvwxe5iwyxsnhk66	0.00839469808914419
did:plc:chdgxpkh3fna5se77xamc7vn	0.00861912538903196
did:plc:chho3m5xsenp7nrjf2rwfz5q	0.00885058810146342
did:plc:chl3ze7gwguranppbmyhlj6f	0.00549375085893631
did:plc:chodldt5c2n2wvxghllos3jh	0.0122605364044177
did:plc:chqx5nqra7xnwdffa4eghcnu	0.00315334684770071
did:plc:chssnfhjzdalfymeumjjqqfw	0.00573582432225355
did:plc:chu7wos6nmmvh2r3eoucnqta	0.00470234632624692
did:plc:chvbsafzpjb7gf27lizwplzs	0.0139442231277747
did:plc:chwzimryvi37x56ll3jd5g6v	0.00314042171389325
did:plc:chyv7ipo3mpxvk5cjkc74fss	0.00355342533715815
did:plc:ci2nz4j3jkilmfsaktsnvz35	0.00560591603104004
did:plc:cidqxp5c7itvqbnoglkdm4gf	0.00627286983974842
did:plc:cifpyslfwgxyyipg37gi3bly	0.00735589140140427
did:plc:cisyakr2b2pib7gwevevce55	0.00406714486435918
did:plc:cixf3xeup5rgsq47donqzd5j	0.00610607118129465
did:plc:cj4fz7jzyq5nuqm5zbkdidtw	0.00500667556813665
did:plc:cj76mstpuskqihv7hzju4x2p	0.00457071159800272
did:plc:cjf5cyja7mbog73soxw7y5lt	0.0080844374620663
did:plc:cjl4loae3ea3x7vlgjx6ah7m	0.00659340659495224
did:plc:cjlbvea5pws5gxmhprbkrimn	0.0048026934701371
did:plc:cjs2fmbc4negp2z7wysiupsr	0.00382390430466961
did:plc:cjzpdqytxm4fmcdixm7uwomz	0.0101723650853173
did:plc:ckexagqmozbpafsfnajishc6	0.00419380744202282
did:plc:ckfl2h4o3ymh4ddz3mpx57ie	0.00371702637925277
did:plc:ckfqi7vwk6posruptzrsb2xx	0.00372999639067815
did:plc:cknhhqophmqz5kluiwqg7eet	0.00311507817660451
did:plc:ckxnjpar23v5u7qdncviarwk	0.00448604581042714
did:plc:ckzpmz2opxzusbsadzla25sa	0.00418749155772319
did:plc:cl7y63zotz24hnlcdzytmhdx	0.00263272096051759
did:plc:clagavzrbqk4sk5trzt5mkok	0.0136760198109333
did:plc:clk2kdwzjxdjyshkpbg7dsni	0.00687134503606003
did:plc:clm62pchnv4yhym5ijbyszuy	0.0055710306407716
did:plc:clmv4wiyg36tkoi6a4ik7he6	0.00439641712654424
did:plc:cloyrsycxcuqcq4rz7ncmswo	0.00581308690046097
did:plc:clre25kqxsn3ab7cutk33b3k	0.0025977881689743
did:plc:clt7hyhbw2a5cgbtx43z4rgf	0.00915940316433479
did:plc:clxfp36pbviedqlxhqlqi6aq	0.0132533922608387
did:plc:cm2bkfenxevjdwyefpkxupng	0.00576479631285298
did:plc:cmcn333czyoozryv52he7ud3	0.00692567567700761
did:plc:cmkkmmrdzfhmmggwtjbmza2n	0.00387327440690789
did:plc:cml4i2xjtc5gjucc4j6u7dk3	0.00491824220821367
did:plc:cmn2cpchz5hp4wj6e2ps5kmn	0.00902798676194364
did:plc:cmnmbukgngwhexohhfituqxv	0.00683303625173758
did:plc:cmoxv6st4ybte3v6343m3sgr	0.00634361233653925
did:plc:cms5j3hlmolrlt6usshgb2ss	0.00555784273415434
did:plc:cmuzddbeqlmcufpnubzsnizj	0.00337243824450747
did:plc:cmvp2dfgs7qrfjo5n27limmf	0.00501655463098906
did:plc:cmyxzlm5acu3tbji4wwzwyed	0.00240258277654112
did:plc:cn54gi4w3anugyfn4czrrdw3	0.00661293655867177
did:plc:cnbk2v3v3n3x3kjlhkefzaij	0.00993698498453971
did:plc:cnbtsu43x45kiurmfufmkbcy	0.00679117147736247
did:plc:cncq7jossmwpcvyxn3cntdx6	0.00209390862953026
did:plc:cniuwb6elqaq5gboeue5xdbs	0.00451482947934202
did:plc:cnuxft6qv7lpbrg4onvclvtg	0.00503812636515538
did:plc:cnwxb5t7byqcsuf7iegiy7ul	0.0084507042290026
did:plc:cnymaqck2b6u4wjyf4qle3zu	0.00601503759602651
did:plc:cnzzm3ygmofd3fhxs4ap2bj4	0.00438619123900703
did:plc:co3k2pz6th2kgyx7elxp6xhp	0.00293036885451482
did:plc:co4pp24cx4gvjexckxgasemf	0.00747545708895728
did:plc:co7zahgsaufnfgnup6nueyde	0.00595238095246525
did:plc:cof6jptcue25njhy6grk7mgk	0.00273218711597281
did:plc:cogtv3hfctb6jcnyln46d4fc	0.00715595509643003
did:plc:coidzjrfo4f3zrlrva26sgh6	0.00411587779035015
did:plc:cooxdm77jhutyvn46wnroaxb	0.00889077054910741
did:plc:cor42dn36djn6kugm6skzt6d	0.0135501355233787
did:plc:cp26qeakby32blgpf3wuvzbx	0.00523380523692122
did:plc:cp3qth45nb57i2ph4obtzgmn	0.00337997318728285
did:plc:cpbec4pyuhussdtkhzj67ij7	0.00558743582009612
did:plc:cpdyzaablgfswy6njam6liqa	0.00319241559458071
did:plc:cpegbjaxrjozs5d5gwrtj5wt	0.00373632239159657
did:plc:cpfe4j5w2hboxry5awyoqlj3	0.00656777261949522
did:plc:cphfmzpqi364us74o7ev6pkr	0.00402322977917606
did:plc:cplguu62kq5x4lssptdcy3y3	0.0049546950833713
did:plc:cpq4sq7wchagoalkd2oxt2du	0.00663523660008452
did:plc:cqfwfmqmpb6s47h5cjwitlls	0.00408743557872651
did:plc:cqznylcbrcxl37le6a5u6wt5	0.00427369063736033
did:plc:cr43jd5l44wdsfoykxm3rjfw	0.0059737156532197
did:plc:cr5dulxrun5jg3kllmr4yzcq	0.00716253443646483
did:plc:crcetsm2zlxmiupmc44h3do7	0.00277816089706978
did:plc:crdyqyinej4zretgkh4eh3ns	0.00478509783898026
did:plc:crgf37vi5u6wjw55fkiafqnr	0.00856011243483899
did:plc:crnqz2d2nprmo5gdkcjdwi2c	0.00501649257904891
did:plc:crpbufpg57gfse3pectumwqj	0.00264668843802002
did:plc:crrqem7xnzv7ry37eb3ieizx	0.00243151240076749
did:plc:crsein25b3hibbmkky2renvc	0.00473186119958575
did:plc:crvajpeyzwy6fm2iw2lbshle	0.00666953528548596
did:plc:cscubwymokwyyxht4xsgt2dp	0.005690014425872
did:plc:csjqdoqdmjrddxnyyq42butr	0.00266133596677365
did:plc:csnjindxt7wnhyfatpmxfxo3	0.00912670007447638
did:plc:csof7qze52vivsby2h277lep	0.00415383179319905
did:plc:csvjynkjgvc7j6pualilmefp	0.00696498425853669
did:plc:ct7tz4toimuko45g2ue6iwfq	0.00214297959891627
did:plc:ctalg53rsvnou54b7wddjhau	0.00261939409996213
did:plc:ctbilqe52gp5a4lbrsktjox6	0.00412788952292346
did:plc:ctjky3qt4unf5w73vpqcgzdm	0.00265594172125447
did:plc:ctk4lykcdk2nad63h6bt62lq	0.00782092772845217
did:plc:ctmx6njy65buuqb37citth7n	0.00718919866855773
did:plc:ctphcgyhnllfluywokibtrgb	0.0040372765081834
did:plc:ctruzs7j4xdrh3aok446fmvz	0.00623772669698842
did:plc:ctuxgh6kbx2tozuhq25scwr2	0.00519076044704447
did:plc:ctx76jbolnzbh2xgkylotasf	0.00826666667056792
did:plc:ctyusg5idq73pxxi65jpnt5b	0.00325085786537794
did:plc:cu5ejb55cbun4swdkzpfw5kn	0.00604574231650293
did:plc:cuec66dn53jz57lvo2uy6zxn	0.00461627236098339
did:plc:cuj4y7mrrddsck22632gnf2u	0.00507643495886104
did:plc:cuki3biqwe7awqx2h4i6y3wk	0.00349863500233878
did:plc:cuo4ngldjuigrrn5yvjh5ei3	0.00654783557815176
did:plc:cuopodakbgdsgpsbs6bc4eni	0.00407465825580942
did:plc:cuqxzyq7s2p7yfykwlhw766z	0.00753295669066427
did:plc:cuxk3tmblkwmktzmuyqvtohj	0.0105087573072114
did:plc:cv2pe376yvhnm6nvdb62krrm	0.00501803355880792
did:plc:cv6srdgfkwctmgmomnemaupi	0.0037276829525191
did:plc:cvbe5y74l5rgoqcm3demqojh	0.00537015726946772
did:plc:cvddr2ryit342r3mvugvkdoj	0.00565155961555243
did:plc:cvdlzcroarc4syrlrco2kqbn	0.0137299771378726
did:plc:cveessk2gcz57ijdx24uv74w	0.00930593253471877
did:plc:cvglnak5hdsdcuaxfwwjhsdd	0.00400062145604377
did:plc:cviomgkfk5b425zdkppeopiu	0.00225208317700832
did:plc:cvn55bnaowzzdihewj7xymvl	0.00648189539724673
did:plc:cvukfqrcjbmv2irbu44wq3ev	0.00633215005451495
did:plc:cvw3wioho4j4hf6ulokti6rx	0.00458255764091769
did:plc:cw5dhevu3csjszzkqjewgrdf	0.00593686649502893
did:plc:cw5y6lsbb25ysxjw3zmgtwq3	0.00379958936281243
did:plc:cw76dczw6yuj6klhmfaaugwd	0.00357355568831149
did:plc:cwhqd6szepily4njwbwg3iqj	0.00355992541149344
did:plc:cwhxoql7cjle5pltrnbh735h	0.00748584992310228
did:plc:cwno4r4s5zezhc4clin5w6gh	0.00202476809342583
did:plc:cwnvrxzv2bilityaymrvdlwa	0.00375110326739631
did:plc:cwppdzjnd4mqfpcrt5xnici4	0.00608397600882736
did:plc:cwvy3x3xbgsswtgnfgz6xvsk	0.00688644688780191
did:plc:cwxzr4s3jdz37mgu3ulzwfyo	0.0048840504071523
did:plc:cx4efkj3zz57y7qj3owdpcrc	0.00232774674121707
did:plc:cx6mik6vnbeebolh6gjhj746	0.00311724297189472
did:plc:cxanel5peelmfhglvurh7ouz	0.00653934755146031
did:plc:cxh7kakoq7w7flaxf6dnttd3	0.00721601490346095
did:plc:cxhrh5kqyuzdq33qg6t3xe43	0.00340099677014132
did:plc:cxllifse2o3yjdz5beq36lmx	0.00317398119133889
did:plc:cxpau2uai37myq6hnjmtkcs4	0.00600392564574314
did:plc:cxqrkvbhxil3d442ciaqkxmh	0.00811541929682865
did:plc:cy3uu34kmgtv53nin6qdzsev	0.0209790210086356
did:plc:cy64agnlfzu5gzpv6n4scghu	0.00921658986456131
did:plc:cy736v5arbqqsttdojr2y7lc	0.00406199893132358
did:plc:cyaofftr4dbv5h4dgyildhfi	0.00590580245306632
did:plc:cyedb4cy3cnxtzt4e37xflt3	0.00362071803109158
did:plc:cykt2y74nh2kgi7xwgnte55h	0.00988467874839587
did:plc:cykyb35njf3drtm2o5oblh3y	0.00783162017101477
did:plc:cyozfa2jkoccojjjiuu4oqrp	0.0024094652426207
did:plc:cyq2pqi4twwa6uphix3icmvc	0.00927070457630859
did:plc:cyt5rwg56xmo6ez5mrf6e6k7	0.00535945296675978
did:plc:cywcrledaxcdqvmwy5zzvr6u	0.00400450506961575
did:plc:cyzgg23puqpxfr4wa2vhcbfs	0.0059796318809909
did:plc:cz3p35o2uexpt6l5sngcnu2j	0.00288117567452685
did:plc:cz44njcakuppkrsl5u7v7in5	0.00616764788526754
did:plc:cz5fov5arxkkf76fqzcilqb3	0.00527231507367068
did:plc:cz74nhzefo7e427zgbhbogkd	0.00428755180814694
did:plc:czi7sauzifbpgj3zwdkuxzfy	0.00397807637935511
did:plc:czkr5to3alo3kbo7tn3q3fkd	0.00455295045624865
did:plc:czq4d35xwt2xp6gquvgb3oku	0.00978535354708446
did:plc:czr765lewbjqsyro7desuvcp	0.00488931142274169
did:plc:d22voa6zv772x3l4niuuj6cy	0.00371408312971708
did:plc:d2amwicjv6ljhdyxosgwjrua	0.0059219110731031
did:plc:d2obmg4fa4iozikpr3burbtw	0.0066006600663147
did:plc:d2p3dogetrs7x2subdfj5ur2	0.00450560155967921
did:plc:d2qi7hny22y6dnb3ci6xpra6	0.00958994709244028
did:plc:d2tu3shep5oe7454eequbfhr	0.00560882938353366
did:plc:d2zcqfzlj3wfdzpf7yfo43mt	0.00923007654489595
did:plc:d3bvouc6ugmkw72f5p5pjt75	0.00532553255384642
did:plc:d3pme4oslhhkeio52gzztauq	0.00407256571666984
did:plc:d3yq7grq2gtobcbq5zzcfru4	0.00294384058044689
did:plc:d43pcy3kiiqs4fzyfkjogsow	0.00704798048377882
did:plc:d47xpcq4klqzj3d7b2ubocne	0.00693787448886822
did:plc:d4ghpt3ogl2igedhpclwq5m5	0.00332491687717868
did:plc:d4jinhq5xgrhzaeb6jyeiv3q	0.00466804979341462
did:plc:d4nwwbz657k5mjgh4jbohf24	0.00412429780300308
did:plc:d56idxm2oyqwwn2uxnegm2yo	0.00340500048689575
did:plc:d5ged6fhbjlcfqbt2h3j5phx	0.0028640441685527
did:plc:d5ijwhu527c3moh2ce7ybzih	0.00816326530628454
did:plc:d5od3ojc2qzszefzmfeisd5w	0.00716845878256213
did:plc:d5pq45mv2bls6yqxiwawtzn2	0.00697571743955425
did:plc:d5wsmxwtkm4fg64by5uemq33	0.00695773178075336
did:plc:d63vcdunubaccb2ww2fyfemd	0.00313177547639548
did:plc:d65okiyhvgzl3m6pfnvxumbu	0.00924072077900864
did:plc:d66yz44t6yjhhbjeq56gsaxg	0.00711137820635769
did:plc:d67mbkul3cohl6t2vlar42b7	0.0100775193798621
did:plc:d6dbpryvpfljih7la67t3gqd	0.00352698952687113
did:plc:d6klf2y2hwgp3rrn57zzxkcn	0.00613197686764937
did:plc:d6u2oszul3jrrul2l3cmmvg2	0.00537077169797127
did:plc:d6ucr2pvpybppcwmueuvovdm	0.00805822719423204
did:plc:d737rvkd5hg4nnymupkg77p7	0.00505050505119976
did:plc:d74ib42pmw6rdrvhy7nalld2	0.00712853642358634
did:plc:d7i5qjcdpqtrwe6bh6aqe2cc	0.00423131170782276
did:plc:d7lmxlblzcxbrnqblapea2sf	0.00587965791300003
did:plc:d7pzot4bj4tg5bzejmqsva6l	0.00334528076473432
did:plc:d7ravy5wyymzoy5kqomk36mb	0.0138333845887866
did:plc:d7udxldsbxsjin2ta6xauwak	0.00647249191755896
did:plc:d7vfwnvyqkeaenpwcbrsbord	0.0094857947900854
did:plc:d7wmlb2vckyzj5q2ow62nybb	0.00397261948446049
did:plc:d7xn7v6oy4nj2nouc2jmjfno	0.0144356955562647
did:plc:d7ztwdzlcpvnf6lsve4gj6bp	0.00500125031615703
did:plc:da4xqpnr5lylona7jwd2n2uj	0.00895208004519544
did:plc:da7rqtgp4zhwghgnndan7bnd	0.00496031746398719
did:plc:dacn33mmzupazqh6m5rojd7a	0.00389564396181343
did:plc:dadanbhxbr3nh6uddih7kl5c	0.00491307634240346
did:plc:dafup6pzea275g4bcvczrddf	0.00359292194416611
did:plc:dahhirvxyp3d5kfnx3vafuxm	0.00420168067348865
did:plc:daiqwwx4uov2zjiy6kborccg	0.00998773437234004
did:plc:dajatldjs3dmy3wwecezzqjc	0.00355706414380633
did:plc:dapwgbn64xbu6lfi4w4j2gdd	0.00251187680887318
did:plc:dapxnt4c2ti4nhtlsjrhrpkw	0.00619537559501874
did:plc:dawt6oxjt46stcu5a2vjjqhb	0.0161206448388594
did:plc:daz3sydp6pg5xhrelowpkwb4	0.00578112396035599
did:plc:dazsq3t2lcpu62zje5c4lty3	0.00550999487708801
did:plc:dazx4xcqr4s55okxigax4i3p	0.00507537307848152
did:plc:db4jbif3tfozi64rkfkw66rw	0.00887220610829875
did:plc:dba673maiiu635uftq5qv263	0.00452446036481413
did:plc:dbptwo3oa2iema535pfja7tt	0.0046465784295077
did:plc:dby7okac2vuxyy2qop3ii5v7	0.00657354150327988
did:plc:dc42fen36izp7sfgmyhwbpiz	0.00625098493317869
did:plc:dcanzq6pvfwzrhekojosb2pi	0.00820164033206096
did:plc:dcbsfhyjgfnn573nmy5i5sud	0.00491290754876828
did:plc:dcien42d7jdg35plehftwmdt	0.00468587296165077
did:plc:dcm3rz54r5oqn2qhv7fwenmz	0.00335122772475749
did:plc:dcnxrisa6ilchqegq3dsxwnl	0.00494737789045827
did:plc:dcrapctiqofqf7wkhqwsmcpf	0.00302492437702585
did:plc:dcvjfscy47ifcgekky4ysvgy	0.00555284354457715
did:plc:dcvjutnh2bgqq3kp5pgu7rqv	0.00639777468875867
did:plc:dczh54eiicu2nv57mlf6zlyr	0.0032016881629627
did:plc:dd4qeqewgfsjegsfkyqh2gak	0.00870801492869253
did:plc:dd4v4hn62pyly65tlqtljlux	0.00779461463455108
did:plc:ddjnuf45si6yixaiyfj6bujt	0.00241615927322151
did:plc:ddyoeq2m4dqucoeafjmnpex7	0.00351099624560923
did:plc:ddzrco4ivhiefgdkabnbbojn	0.0118276541832465
did:plc:de7ozof5iwnerlx4onotmoxm	0.00248727170821054
did:plc:decbom3hnzzua7p4gwjjgwwr	0.00356909465681538
did:plc:decovb5dmvplazwtsjgkp2fy	0.00366119137183545
did:plc:deliiu7jphff5shuuf46iazr	0.0113728675947874
did:plc:df2xn5q3w7cevkrrhprpyhk6	0.00336792281094683
did:plc:df3kbiiuvcnf62uajugdul5z	0.00591436006624152
did:plc:df64dldbepqteuzklxqg3uw2	0.00497512437883676
did:plc:df6j66o33dao5v7m6dipnf6o	0.00512686372025559
did:plc:dfdcp2ffi7lomynga2btxxrc	0.0053413236066306
did:plc:dfe6p5ss5hni6pieyprslpae	0.0067483573092013
did:plc:dfjwgfy4omodkvyd2a64gi77	0.0069930069932657
did:plc:dflgxbqvn3f7udrfgfx222eu	0.00692779110178367
did:plc:dfs5vhlblqq24hiy3hcqlckm	0.00229453483527619
did:plc:dg677yapslvgkdvjmiesgx4p	0.00638388424060362
did:plc:dgbnwmx6fwvun2yhpjsppj5u	0.00436715277257884
did:plc:dgc7ifpmieeiswded4fy7ks2	0.00213386229082947
did:plc:dghjxsi3gvr2z3k2iue7dgwj	0.00696974497200201
did:plc:dgipkohmulva3zngsvy6ctnb	0.00383176717459267
did:plc:dgjrcmckzmslsybtlxhss32r	0.00477774933961658
did:plc:dgnzih3qemmgyfdb2qxua3wb	0.00495577920465589
did:plc:dgzbkso2k6b5da2tcfs7uuxf	0.00378193235369827
did:plc:dh6ivnxth77e7lj6vbw4saxw	0.00354458228972355
did:plc:dh6psagwb6m773im3klejnuu	0.0058235878987507
did:plc:dhbkxtyqw5t75yqconklzubw	0.0085518814174328
did:plc:dhepmghv3mewtcxbn5jfilo3	0.00661599099252072
did:plc:dhh4lo6p62ojv2di72dpuofs	0.00433263048461011
did:plc:dhhj3bnuocpobv37mookoqsw	0.00508762012504342
did:plc:dhj6sq364gnczsmfanxlfdch	0.00396301188932769
did:plc:dhmkwumtw4w72iwv7a5srojv	0.00606585788760535
did:plc:dhnmjookolztpymwash265h4	0.00233474390779
did:plc:dhslp7awbcjvy5qowpfjfqyp	0.00501410216588254
did:plc:dhyamlz7ymu47an2bgur7too	0.00743648007147241
did:plc:dhzaosd4qfykupacm7fiikku	0.00889814464280588
did:plc:di55w7rxb6ssiis2wme5wygr	0.0075757575757982
did:plc:digs6r5mjzwqunjhesioacvf	0.00219066048421225
did:plc:dih4hgrdhn4rdisd5q7eulx7	0.00825277057689918
did:plc:diizuazoxsrilpqsqmqzebip	0.00557491289250035
did:plc:dik7xk6kgxfyxb6vqxfpigpe	0.00209776070365205
did:plc:dixudfwgjgw3wnmhbhrdbwjc	0.00657391836266643
did:plc:diyz5m2uuqob3lhxlwemtrui	0.00419823878787512
did:plc:dj2uwrvbyy7nyco7qzc2yir3	0.00438252401026969
did:plc:dj2zpew3hkeqf42i5l5k43uy	0.00843795019551465
did:plc:dj4vqszviionjofdjqkagexc	0.00454142667276642
did:plc:djethmqa6t4xig2czw6ztrux	0.0035595825584524
did:plc:djfu2pe6igj6zwbbbttpckhb	0.00506265029812034
did:plc:djjzzowhddrdsbkuflfsnp3c	0.00297569153409047
did:plc:djocio6w7mldtye5ur6kxazm	0.0108749382191144
did:plc:djtkxvmhxh4reyeenuu7w6n5	0.00325163455877151
did:plc:djvwf2kh4uywkzlrlxun2e7u	0.0053174083775572
did:plc:dk2cevuetiizaiuh7qq7mrhs	0.00495880988636208
did:plc:dk644jtqur3mvxphdwuawi25	0.00343840366041084
did:plc:dkanfr5ivoi3hat7pz6fjiat	0.0058109370158605
did:plc:dkblgjhvwm27p7a7jp6zl7qn	0.00765957446809297
did:plc:dkgxo2wgg7ilvgpqxtgbvrgj	0.0107436275630988
did:plc:dkh5fiswblyie5odai2e4nor	0.0068169900381041
did:plc:dkkwkim76zeobziul5eaxjm6	0.00423363949507186
did:plc:dkm6sp3zwd7cfnlsroqzjnov	0.00336053768651639
did:plc:dktg6ipqtlpdsej7bm75nplk	0.00272958671061655
did:plc:dkwwpb26zotraxk4ofnedzne	0.00354581987276234
did:plc:dkx6dwfplzzvrcz3ausmebol	0.00441244774837899
did:plc:dkybrlnuplx3sczl454xx56a	0.00390989729255466
did:plc:dkzvxz6xkjsypdcdvconz45v	0.0070564516191965
did:plc:dl7fz7krolw7poscns3i7xy3	0.00512532472157979
did:plc:dlfrrkrlunfgck3qmcfphj6v	0.00854503464556259
did:plc:dlt62qwctkovfofxthls35im	0.0109144543195032
did:plc:dltnvb65cgcezw4s2dwhtwek	0.00762246385432838
did:plc:dlu62cfbub3h3erfuvkonykh	0.00255317039318501
did:plc:dlup7hoieciw5d562uvzkna5	0.00780955965837696
did:plc:dlywjtyjqvj65gikq7xo5scy	0.00276165248284959
did:plc:dlzszahnndmufm4i75r4f3gt	0.00310067291211883
did:plc:dmadfjoo6fiahcsy42m6t256	0.00557153127298109
did:plc:dmag7vxhtmkjg3ro5sqnfzpq	0.00267560914701612
did:plc:dmediypsqca42ffko3xbrvgj	0.00348655472331299
did:plc:dmk4lmmpgbmdtikpcytkqpmt	0.00339772837635607
did:plc:dmnu2tg5b2fmegeqyxdicy4s	0.011775643045677
did:plc:dmtxlotnsjexux3uogp5utt6	0.00377011938745455
did:plc:dn622g2727fm3imlawnv7mpl	0.00343118566572489
did:plc:dn656t6vpuyaundgcm4lvfuf	0.00559815017697125
did:plc:dnhfwplyegyabawrvwnrnazc	0.00974695407922513
did:plc:dnopvmeuiogmdgwqcxixstnp	0.0127602417993852
did:plc:do56vd5jtieujcclfxfiwptq	0.00455877564406287
did:plc:do7dwrpnlphqkquqm7ztw6jq	0.00559530854949446
did:plc:doa26czla5sgn3dwz4dwy7uc	0.00359679055651318
did:plc:doejxazmepuuz36aldleln6f	0.00595402935685506
did:plc:dofocpfnwun5cu3e6h6idpzu	0.00466529239537354
did:plc:dog5e2brz7ybmwgrsd5vvyno	0.010670223452996
did:plc:dovbtipnnx6b7ypwjymyu2av	0.00638608910599755
did:plc:dpflgjtajs5nrvk4bzuewfe7	0.00566037735851021
did:plc:dpg7nwkpz2vo2d5h6d77fwhs	0.00488195278188293
did:plc:dpleyifmscekeeqgworex7re	0.00906017579741467
did:plc:dpnbrqvgt2cdsxkljxe66go4	0.00523178808009413
did:plc:dpqrtskoly4hdaz5twbetcsf	0.00400635719517016
did:plc:dpsy7ct3xgqxxpouh22h2bfn	0.00536052133755651
did:plc:dpwspthejj6lqwdbvjaxc3c6	0.00567150635452774
did:plc:dq44zl2xo7rw4ozd6twglnnl	0.00399467376859388
did:plc:dq4pnvquitwv7gxvdzcqg7qf	0.0102805740088249
did:plc:dqgvusbyydtsbgfgoffgbzoy	0.00462962963053574
did:plc:dqpnf66q2f2cy5cusd6ii2cp	0.00595773863310767
did:plc:dqsos7o5ommivvjb43ac35ox	0.00402026885687674
did:plc:dqtgxokructuiwo5izg7ak62	0.00711877107653473
did:plc:dqvwput4rp3djcyah5z6lz6v	0.00706260032228263
did:plc:dqw5pi24mwyjmkqdeptpik65	0.00363295441266373
did:plc:dqwckrzxfjxtvaske6ip6lpo	0.00884955752530032
did:plc:dqxnasn4xnv5vdm7dgkx2sew	0.0100195503530552
did:plc:dqyytnivl6fznoghdpi2sqgr	0.00509743192672724
did:plc:dqzj5iz5gziq5rkbir24grkd	0.00966183574879617
did:plc:dr3ndwdp3kowt2lnnjvobgrv	0.0105882353033687
did:plc:dr52rrqmvedugn6el4gtetor	0.0070465069471066
did:plc:dr5hvdtpbo4l7long325nqxo	0.00771513353596275
did:plc:dr5vzavw7jg2zimni4chq2yk	0.00802522213095025
did:plc:drcwqxslpsad64iklvcelzgw	0.00322573104894067
did:plc:drglk3aone7b2qkxjuntyxmf	0.00203012344943824
did:plc:drgxb7xu35igy2knaznpb3l2	0.00380600261016116
did:plc:drsxezudpe54tlmtivfqzpos	0.00806548694292879
did:plc:drx3ixuk7e4zyt5z2qyqu263	0.00244757940184157
did:plc:drybidy2vkajxsvsneuz42d5	0.00553114108250887
did:plc:ds6euqlyx2pa4boqcbajpj2k	0.00413431481320383
did:plc:dsbpb3w7glnyddtbewg73g74	0.00210336538470269
did:plc:dsc7xd7kb5a7h6vckwcuki4m	0.00205383201817911
did:plc:dsfpua6xnwjlxli2rgkakdxc	0.0259562842311499
did:plc:dsfu5aij5dei3alh4d7rsihg	0.0027180837511453
did:plc:dsi2bxyprswsfiylmnyao4l6	0.00205616850561074
did:plc:dsqcxzpmyfnofublz6grne65	0.00228140593172218
did:plc:dss3yeneknwlz6hgapqnu3kl	0.0105152471177528
did:plc:dsxrtfbjrpdgawyvqkttwlae	0.00227558066547849
did:plc:dt5dyrtahffisoeo5q5rxxtz	0.00828729282155158
did:plc:dtamxdrcojiio7thr7rm7ka6	0.00212530031425917
did:plc:dtb27z4jswuvisfzxlq2qoo3	0.00731501769875235
did:plc:dtitjicojbarjijskij25qvr	0.00374901341786829
did:plc:dtksymacbzosqkiwc7hgcexd	0.0102857142958091
did:plc:dtuvrbl5l5to2olyesnlccpr	0.00452121493257638
did:plc:dty4t7kili24pcmphqepjlnp	0.00561278394133846
did:plc:dtzmg54adbvxz46bnxd6ai67	0.00911265520049045
did:plc:du3eycrv3indqukd26p6mk5e	0.00594214230078933
did:plc:du44akvarvbcvyjn675d27lo	0.00326627218945547
did:plc:du4ro4qxwk5rv5g6easkkygd	0.0136759221101066
did:plc:du6acj33hb2p7kn3ndpfbhm4	0.00742407199208063
did:plc:du75uu77kiz4te4mxm6cz6je	0.00474774351834299
did:plc:dufgbfs3e6renacimc37fsuf	0.00544605809183849
did:plc:dufkquylj2hyw6ptsnaesykh	0.00539245056977217
did:plc:duhpq3rf6oe3kpeg6l7hktn3	0.0061075207746216
did:plc:dukuqyjse2bpofkclzsyz4uk	0.0028077907307367
did:plc:dumhxdd6zhhtf63s2u6shklj	0.00521920668121307
did:plc:dumom76juzt4p2vhkhn7dpe2	0.00671641791190929
did:plc:duogu6nnbl7imrbq6dja4rw7	0.00834028356967175
did:plc:dutvbtidkzyzyurmpiq4zbpx	0.00286303604978685
did:plc:dux2vh2wiybyg2qdvd44nemv	0.00393654292829875
did:plc:duz7q77cuiv6whm772dnnksj	0.00381983797203513
did:plc:dv6hnusaeqtfhhwoscifuxvl	0.00612915455772268
did:plc:dvahwbpl2psip3srpvoqganj	0.00514579759928402
did:plc:dvga6v5g2s5ml6cogn47ndoy	0.00898282695151729
did:plc:dvggw4jvgvasgg3xp5txsdi3	0.00500855118566251
did:plc:dvhb2crft2bzinzhkedc2kcy	0.00652610441926511
did:plc:dvm524xyegmgdlvimop2olbr	0.00827586206897174
did:plc:dvn6my7qdlrb2swkasubxtfx	0.00981710598256912
did:plc:dvon5mr2xscgl35uylfvlnwj	0.00669260701127766
did:plc:dvrhd2c5w7quvs32k7aq2nbp	0.00822349893378201
did:plc:dvu22kixdfguntdpokrgfymz	0.0101983002936438
did:plc:dvxzho76ahcfi47dpwtg3cin	0.0101853398000117
did:plc:dwh7s6b4hspjezg2wi5rtp45	0.0094629156015421
did:plc:dwofp2a3ikpaol56sgrpgwrg	0.00600891645872552
did:plc:dwpv5fjxhvdurw6xvclcaygc	0.00879120879444922
did:plc:dwrztfvlepcioapim6fcna6f	0.00919819507398298
did:plc:dwtu5sv3oktvmtxrm4ok5rhu	0.00571140601616376
did:plc:dwwijg7u3exrhftrb2mvk75q	0.00725915875192714
did:plc:dwztyxc3gemor6hhgvm75hhf	0.00279635258375998
did:plc:dx4ddnha5j2fprezgas22zvx	0.002555181037341
did:plc:dx72jg3qinytdhga4nd5kgej	0.00390707497390595
did:plc:dxbciivycittzwkg3majbkuf	0.00662072693031982
did:plc:dxngoldh3uvhiqaaohgofjju	0.00771208226702202
did:plc:dxnqzabafn37wk5nijrzffnq	0.00314907607296827
did:plc:dxta362dajxc7kb74ovqfzes	0.00249888021881956
did:plc:dxukltaq5logyvwuzkajiucw	0.00970873787608972
did:plc:dxyotg4hopgsrcsgxwjploub	0.0191304348216754
did:plc:dxz26fsddbtk5a5w6skp6qij	0.007128467380734
did:plc:dxzmhzvfsi3erwe2osac3eu3	0.00798747063516465
did:plc:dy3szg7zr7mkzc7slxiu46jp	0.00309219627321599
did:plc:dy77ast3tasal3l447ltvz5b	0.00421041411312413
did:plc:dyarv4hy3ud62x2gg62t64hl	0.00323512420577105
did:plc:dygyo3vxwgmlpsaj3x7xy3s6	0.00476568705338271
did:plc:dyj6wwnnfrmepap6nz6a4ziy	0.00375459938459069
did:plc:dym3d2jzl35ngijfkkbxjxkx	0.00360289798323876
did:plc:dysuuf3rxcti7o2hnpsi57wb	0.00482181455812172
did:plc:dyvef5zjxarhih4gq2dxedrs	0.00955061827939166
did:plc:dywy5tosv3o44ixf7wlv2bjl	0.0030511388054604
did:plc:dz2msylp2r6uszd7cvfktsby	0.00504697569756706
did:plc:dzavuojzwnnr32vvsm2adrn7	0.0163424124639027
did:plc:dze6ev7hmfekqgafrejdkup2	0.00325893738900696
did:plc:dzod2dukvporpeqoxxcavwrs	0.00209417818473528
did:plc:dzpuqhtpr7esa3d7uelt2qrw	0.00460499843611572
did:plc:dztbiwnlois2sguiu4dy2h65	0.00453999198921139
did:plc:dzybezczgylaey4kxo3ri6ed	0.00940188037618108
did:plc:dzzzegcxd6j5jqisvpt7dbsr	0.0031266750045886
did:plc:e2ck3wxeyx62he4ac3hu25ti	0.00233508464712779
did:plc:e2ejwm5anbr67aykrc4gzzml	0.0109182530879418
did:plc:e2gix3csxsznoffc5gvob4vx	0.00951831555933287
did:plc:e2hgumfw2i5qvfk6vllupvdc	0.00869262866766669
did:plc:e2mrqsfr3scn3ezoenwwe4pc	0.00357568534009138
did:plc:e2qp4pn3yp7feprdro7mshcz	0.00380514136575734
did:plc:e2wjn35qudnquue7j6qy6e4u	0.00557941489813462
did:plc:e34lm7sxfkst3cnmikn4xfw3	0.00233596830564382
did:plc:e34rhtwwn2p5vmltsleivfxd	0.00248098332582787
did:plc:e34uiktv3jmeqyppcsnllvrf	0.0035680304475971
did:plc:e3m42wpsvf4exrzhkey3lbxg	0.00835156095029305
did:plc:e3plji6hdillc5amsf4jc5i2	0.00861862580868419
did:plc:e3snnzh2goh6wrherdw4vkl5	0.00648939537990617
did:plc:e3ulj2z4doxdb4zzwimaq72l	0.0042014132028667
did:plc:e3wnlb7q7ze6v3ivtb7243k5	0.00911921708475212
did:plc:e3zjb4ne6avmlsifau3nconz	0.00608620047396105
did:plc:e4gzsoadc37o3lwtfru4b2tm	0.00382428420502579
did:plc:e4njhu2ggf6ewarta2x7ic5q	0.00291145744149528
did:plc:e4prq32hitill54fs5534f2n	0.00248571520810811
did:plc:e4u36bnwwyt7z5vbrcucuove	0.00826545280696958
did:plc:e4whdyieyiwlmg3fdunqq4c6	0.00485085433035416
did:plc:e53nuc7xkjebw4biddmzgua3	0.00624526873617056
did:plc:e53r2nwkxf2u4n3ag4trxvl5	0.005867683734048
did:plc:e5a6vntbaohips7hn77ib6rp	0.0170394036230857
did:plc:e5dcexnr6rcydupuni7qrkp3	0.0132875143418008
did:plc:e5eyphk27wdtqe4kqhl6hei5	0.00661512027491419
did:plc:e5gqowx26zqxyeguofwgslq7	0.00420483861163098
did:plc:e5k7cs6ukbvu6hvnkpvvz3z4	0.00968054211278173
did:plc:e5krtubilkopvybcmm3hy3q4	0.00478040035935159
did:plc:e5qbnmtztfqm5j5fugkwukbv	0.00607055779509281
did:plc:e5rst7ee4zy2hq3tpmj57w2s	0.00449410907423418
did:plc:e5ujxrgj7jjqs764poc4a7cr	0.00387172796933995
did:plc:e67gl3xybh74tyr7nomu27mw	0.00473733186786092
did:plc:e6bmxkj5a4lcofn7qrezci37	0.00652890466690676
did:plc:e6edrbrjg7r3u4g2uj2ggkni	0.0064741907277927
did:plc:e6nsr7dp3k4lh6kgdsqz4zhu	0.00391510405964791
did:plc:e6rnkhctihi6krzpgjjhbrz6	0.00432157415749239
did:plc:e6xanzxdcgksootehf5ox5rv	0.0078864353357274
did:plc:e73q2zu36wfk43tvjpa3lgpx	0.00597907324572627
did:plc:e73x2agpxzjezxw3acygrvyr	0.00581567274564697
did:plc:e766vguimbkbllauyllqtmko	0.00221023207444189
did:plc:e7emwramfdhtwplmtyjo5wyc	0.00397501419792586
did:plc:e7kunhqbuuujs2ylrxckehxp	0.00670690811682663
did:plc:e7lzowwltvxxqktnr2egomhr	0.00307108662283696
did:plc:e7phyj2pzldfjfo5444wn5ax	0.0021347164885627
did:plc:e7reu63qoymmljjwhi3awdta	0.00544759736839802
did:plc:e7swnb2t7zk26ea4sfrkaxh4	0.00448205085342797
did:plc:e7ziq4it54kabyhqsj2obyzq	0.00230908791033961
did:plc:ea65ivyhx4sbchsqmjchnsm7	0.00205141355224571
did:plc:eadipnwzqr3pyp2i3fyqx6xh	0.00411491274886942
did:plc:eaj4fravf3ihdhc43hwtov33	0.00647348952074621
did:plc:eam2ajzivcp7rhzod4kgnn6k	0.00359758447938643
did:plc:eam5x6wptxkkms2uptnqipul	0.00641254008678305
did:plc:eata2lkcvmh7csdbbvoo4eib	0.00246110686075561
did:plc:eazmppcagbrq5ftbgm2vndfx	0.00900720576762342
did:plc:eb2fv7o4y6y6mc4nhmrne7yk	0.00578875248418622
did:plc:eb5rduosbe33aiszp52ajd6q	0.00699463744591839
did:plc:ebbdi6e3q6chbtzn7r7j6qj7	0.00252097678448595
did:plc:ebgt5cvrpi7ajh7qic5updac	0.00661625709037642
did:plc:ebjgnw5qfuyqoou3zcisnay3	0.00650640367259054
did:plc:ebknrob2jisharh7q5225rqs	0.00688497061320149
did:plc:ebmypgqpj5c443exofm6mrn4	0.00532782429111984
did:plc:ebp3hlqehokbgu7uwvo7uhml	0.00285207471060771
did:plc:ebtokhj4diggjqo7tkzjyuhb	0.00460456723382526
did:plc:ebtxkibpsgqxvkrwwllil6au	0.00378460207646118
did:plc:eburc4fqf4wqr4bfmuuhbfxl	0.00436306415871813
did:plc:ebwigij2h555z5ihq7ji7bhu	0.00623640319254752
did:plc:ebyirfmcml2wmydrexhxu27t	0.00403200794023101
did:plc:ec3a5z3rtjso63lkrfvwcdiy	0.00410916896788079
did:plc:ec6mey7n6gojqwapoisnxewm	0.00445133683798804
did:plc:eccazn3of2t5izv3baeh7elc	0.00241257947326182
did:plc:eccmgtrscaznecu7z6lqyv32	0.00503195974783474
did:plc:ecdet7gjsm523zbrki25d7ka	0.0141484250059934
did:plc:ecgeqxvgh4qvops77wp44osl	0.00668693009266653
did:plc:ech4wjyndzl2b5nihabtenzj	0.00962399284042553
did:plc:echlhg32p64qvqafu3wy3q7p	0.00641313410031504
did:plc:ecjnmr3s3dekttfzzfczfea4	0.00263356674785698
did:plc:eclax5vlyuse5yaauvuf36w7	0.0118639599327488
did:plc:eclv3t5xhqmm7rjg2pelnubc	0.00675809978852764
did:plc:eco6wsnrnk3abtoeklelujvm	0.0090976606161714
did:plc:ecrv5lyb54nwsvzdgw3s5imj	0.0183150183595454
did:plc:ecwgzkcbqpkzinv37c3mjifu	0.00968385075719178
did:plc:ecwjmvf7olxrcbcxm2qw5ofv	0.00611427366839852
did:plc:ecxbvvkzb433vgamzmnl7sep	0.0192941176851386
did:plc:ed6axietpzspy2cjrwf2mu6r	0.00739868841541729
did:plc:edag6hkvqouv4pqkxziiu6zs	0.0063975204641318
did:plc:edkwqytgbzui66pyaugaxzvi	0.00493695376683973
did:plc:edkzjdp2p7bwsa5og2wo6jr5	0.00264090624803618
did:plc:edlhbnew2fu4x3huxgrtybsp	0.00458316870895504
did:plc:edpolgrmoqtubydgexzflo5r	0.00617875785849206
did:plc:edt24sbrn3d2dapjf565jqm3	0.0068584297280583
did:plc:edt6ns5ccxpnmxmur2rom3wu	0.00211571111409894
did:plc:edtlxcgmirxnridulgkpvhsq	0.0184182015605751
did:plc:eduubvqjgxzhuhsjqruqxtiq	0.0040472893812455
did:plc:edxfgutszzsfvfzd5wmjycwf	0.00268602125976955
did:plc:ee2k2wlvdenl3su4duxbpkwu	0.00666598297760027
did:plc:ee57v3ydoilhvitbyc7e7vwx	0.00493512254704687
did:plc:ee7shw4ldxt2fxiwupdxcd2q	0.00536898620965129
did:plc:eeijbpytf7siumg3xryv66hb	0.00717251793249289
did:plc:eeo5fwwf25td6pf3qxrua74h	0.00444793302038583
did:plc:eepfnff5jr4yi5ihbdopeaks	0.00367635506678613
did:plc:eesudf5tsqpk7mwoh5gvdx65	0.00305674428947207
did:plc:ef47mow72p36mwgretwgca7u	0.00428425705565313
did:plc:efbyakwyladweif7qgtmtzzz	0.00534402137667039
did:plc:efd7yehey5mlgrvae7isaopd	0.00322697544403528
did:plc:efe757zohdysgfbbw2dswpr6	0.00223039506472963
did:plc:efgnkcciboi4l6lkej44gkfl	0.0140388769096471
did:plc:efrokemdan2ksfb3qrw4u3ma	0.00246446441467941
did:plc:efwfvjk6a2lbfqirzg74j57x	0.00665356117491617
did:plc:efxeifo6jhyajnlqcf73jlav	0.00511221945471885
did:plc:eg6l2t4cposxn3g2znp6fxvr	0.00609404595436287
did:plc:egmacar2sjuuh47pqv4bpwrt	0.00227330133878944
did:plc:egq5c4k67h2guykeny3kosu5	0.00393583397966497
did:plc:egr6ra6kbkz3vrqu6phi3ind	0.00761787111884951
did:plc:egzwwi56bvtblqv26ga2dyqt	0.00530421216908509
did:plc:eh3f7nfe3atynfp6wzjpgwgn	0.00964630226305168
did:plc:ehac2rqfohghqiu3lfmtgtsn	0.00210467794465071
did:plc:ehbwo2food7cefgi2wbkfhhe	0.00340055528063961
did:plc:ehokgecygrvypnizmqfte5hg	0.00293526958148658
did:plc:ehrvf5w2zrg4rjdapsss2ju5	0.0089126559745886
did:plc:eiavgi3e23lw3554ibfzsa7y	0.00286911760585304
did:plc:eipj6xezntmojhwpkqzb7b2o	0.0147124387841567
did:plc:eirkgcc66ekfw63rtrr3bh6h	0.0138504156155613
did:plc:eiuc6w3cgmo4dumghhvtsd4g	0.00534759358580621
did:plc:ej35nbyff6lsh2ntmn72qskd	0.00534051098302088
did:plc:ej723hx7jpv4hceyhcl5mutc	0.00563002681015061
did:plc:ej7ytz4hctvo2ebijkeg4zhu	0.00519048085400657
did:plc:ejakqu6xo2x4xnc6ozvps7rt	0.00925196850449259
did:plc:ejffcgz7haeks7wbqrrhtfgm	0.0179833012673354
did:plc:ejwnustggdlgfuu3op26rm2w	0.00252837397465171
did:plc:ejyngub6laqusegntfphiuoi	0.00415661035155278
did:plc:ek6ks2zomgujxjbci6xh5pog	0.00394128063090192
did:plc:ekda4pv3zxbpebmurojw5rxd	0.0045825150280134
did:plc:ekkyo72zl6paaditrdj6zyvi	0.00392483349221333
did:plc:ekq34sjp5buqna4r3aese5r7	0.00516444686068974
did:plc:el5ijkifs66jhcbajoggb6fe	0.00415818809190895
did:plc:el6sstcrjr26gb5sf3z2x2pj	0.00368476049093373
did:plc:elcg2tmzqllxrwwslege22qq	0.00348107167321536
did:plc:elf457oex4neahjpfte2qjxw	0.00470777843838741
did:plc:elf54fuxqd2lwwdnsvtacrgb	0.00468205575000436
did:plc:elgwigdgk34u6zai66lcf6wn	0.0064202334714121
did:plc:elssyjgtppnwvykvhjm443y7	0.00472987176876963
did:plc:em47s6v3yr5z64ox7ejwf5m6	0.00576970292399597
did:plc:emlfx5qxpna67dwxhqvlok5d	0.00632440476365829
did:plc:emmongoyicwleavstailng2p	0.00663288807153178
did:plc:emsq5wvj23i6mprmpxl4rgdd	0.00658436214022811
did:plc:emv75v6vwofga2gndqgodwdx	0.00528003017220771
did:plc:emxtjo62xmgjyxnqnqdju5zw	0.00730868443793322
did:plc:emyps3b6qicvoesxfshrobia	0.00592607473094273
did:plc:en2g66plmtxkbhyro6dek3pi	0.00866269626759983
did:plc:en3dmzofhqegicnlzdzytzbu	0.00922693267112985
did:plc:en4kvllqaynw5326ivq4t3y3	0.00762631077714051
did:plc:en7szddwixn4ar5xm4jfkzpy	0.00622761949428646
did:plc:enayj7vyjze2tj7n7t4oagsb	0.00336312097636307
did:plc:enuqsz2cljioglw4jcz3tvp4	0.0128588517004205
did:plc:enxbudi5rzqq5y2ixkwllkaj	0.00675822978124684
did:plc:enzesnnn4aqnnqnyaogalt3e	0.0114198705821682
did:plc:eo5zn4loaqu54ueaklol25sd	0.00323545071068005
did:plc:eoayw7rayczgrokhbimq65sx	0.00568041491969253
did:plc:eod4i5x3iky7rmod5hw6c6xr	0.0143291359134064
did:plc:eoexnnvqxljn3ud2x5qwkgjn	0.00229177974797
did:plc:eofbsx7z4p5eq4ml2sujfeqo	0.0128953771545142
did:plc:eogz6k4edp3w53ix7e4qgam2	0.00551122337730506
did:plc:eoivrj5xvde63qvq2hlarqic	0.00705183719042359
did:plc:eolz4azeydw3jgiqnskubp2d	0.00274950381489185
did:plc:eon2wvd4sc7rtgg54li2y47h	0.00421436658723378
did:plc:eotdswt4kfgfp4wu3kvpo3zt	0.00427533133840998
did:plc:eoyeaczckqischezwxjpag3p	0.00680615074503897
did:plc:ep6t2vosktotmdw76r6mbrzd	0.00705336427040186
did:plc:epcy7hm6pv5io6bb7i4qnzlv	0.00304729400358626
did:plc:ephohlnx6piif53bi6cwdbxu	0.0243346008552995
did:plc:epubovkxmnx3rmesbdrfdsto	0.00282508355897732
did:plc:epudjlrob5amendeypxguix5	0.00638026371927441
did:plc:eq2vrzxpnw7pq22z3dbfdayl	0.00454281337584788
did:plc:eq56wjspmvx6mt5yt5fdl2jh	0.00440068620975525
did:plc:eq7fkyw5mmhvwzx6ggkqex6e	0.0099327138760013
did:plc:eqe3rtkj444qevpttvj5pdp7	0.011758417965059
did:plc:eqkwxlcpt6uuwpqvxk7uog6x	0.00213485145000304
did:plc:eql6ttghgmyxw3rbkhafno7o	0.0135859850057608
did:plc:eql7cv747lm6w4mtfwutgdq3	0.00369075369111747
did:plc:eqwox3wi4dapcgrp2kq7ipi5	0.00716597318659204
did:plc:er2e4s56ohzin6cznywp5xu5	0.00454219459813959
did:plc:er3avmg7fzdqkh2iynuhguxj	0.00588121866782407
did:plc:er4bl536bbljt2uwlwv54far	0.00755840586860345
did:plc:er536hoddgahp7ehpuna4ppp	0.00200714665857742
did:plc:er7wg376teha2aphfzwlld3e	0.0153609831180245
did:plc:erbd6wwhpobt2l5m2tn7z24d	0.0143784786641941
did:plc:erhvzkontgmovof4helgs6fx	0.00551684088322546
did:plc:erktnkhex3vs7w7kbxde76ls	0.00339844558101308
did:plc:erouyvcuef7qeengnvrzl5wg	0.00669833150798915
did:plc:erphu3l42g2qitcsp2dtuuyh	0.00532268795801055
did:plc:es2g7kr5pmttswoqw356sr5z	0.00228198583485092
did:plc:es2rs2yeht6dwi5zibtis567	0.00337577514450065
did:plc:es3w4i6diq3m2d5q7julcez6	0.00574683544538271
did:plc:esandrskr3fjpoql5slmvarn	0.013046815047146
did:plc:eshm3ejvwf6h7hcbuvo2uw7m	0.00381927996243053
did:plc:esm5y5a6zzuislfbttvncwqb	0.00988725065275111
did:plc:esq7iudtkxafr654rerjxcx7	0.00541475520850359
did:plc:esrrg7fezwdqxhqrt7anur7c	0.00315625103883237
did:plc:essf7yqtyyc3uojfwqpon7aw	0.0202764977286563
did:plc:eswihqhp4n3wn2adgt3yjvd5	0.00713753062867943
did:plc:eswj2ajzsncfbm4h4gsqcpk7	0.00627199021137458
did:plc:et4couoblupvb4uixhjxcdb2	0.00839682786875038
did:plc:et7rgbmx7aiqjnlxs2rluruc	0.00406024885423304
did:plc:etgyjs7m7spijpqildyvoy6e	0.00386299253186374
did:plc:eth7eed6r3wshb7yjwscnp3x	0.0242718447557755
did:plc:etiaxwfhhm26bbvfbdwpjyh5	0.00271647895510874
did:plc:etibpdv7drsxadpm7fog2t6p	0.00421268359354725
did:plc:etkd5zkrme3z6zmp24edjisx	0.00462640879456325
did:plc:etll2v7fc5b3aiet6pza6cpn	0.00317979467623086
did:plc:etpgyw4jgmc6r2yrmvbuikr4	0.00233636055349868
did:plc:etwwez2zww5yxophkifji7kh	0.00325112392380809
did:plc:etxq2p2d5bawhuo7gqvk2htp	0.00568720379195324
did:plc:etzxpmjhukmzgytxejztmbsk	0.00698940553292538
did:plc:eu3j7jo7fjed36c2ymxmmogy	0.00430065487267361
did:plc:euewh23lzn4ibb43t4hfseqr	0.00950161348204734
did:plc:eunaxblk5ixfydhuji3ghwvi	0.0117883120207423
did:plc:eunbvjseq3spip3q7gqven43	0.0071842868453788
did:plc:euqd5ec32qou74afad7gdjeu	0.0106870229008353
did:plc:euue34vfq7crntl67tkarcuw	0.00482107693432404
did:plc:euur44mkfugw2j6rblwano4g	0.00327293425681757
did:plc:euxp4zx65m32xke2aefxnzlg	0.00892060660186904
did:plc:ev6hw7ukahzr7vpiv3goccfl	0.011411182966685
did:plc:evocldnrnj56nnl5nefsec2x	0.00446919691989385
did:plc:evt4rbuagq24dkzuaizp47xo	0.00432936943037631
did:plc:evtmalknkybqut6v6obq5xnu	0.00650048876016681
did:plc:evuqzifxdmtvxp5wptykhdxm	0.00490583953233055
did:plc:evuw37tqpg7hnpxaxvahlwui	0.007010592091507
did:plc:ew4w27zta6xfu7rlz545usvr	0.00354081869064166
did:plc:ewf4mlayfuqqyoyf6v7lwcyi	0.00651752686438043
did:plc:ewgfvda6gys2rnz55aqlvdkt	0.0074595055466674
did:plc:ewghazwn54ye6gcfulhovmrd	0.0196488294674905
did:plc:ewnxotjtp75obwacjyyd566e	0.00701861458779135
did:plc:ewsmiapacaaal5ds6427wkqm	0.00342535787366916
did:plc:ewttxtffuyjsqsqsvcsi6bje	0.00508083140945812
did:plc:ewvuayhgrspiegklmitirdyi	0.00655552416093991
did:plc:ex3i2axhpd4o6iasjp2p75q4	0.0058264336115711
did:plc:ex3whcxvmdvjmlzl3ty3oz6y	0.0106644791264809
did:plc:exco26ybfpm62627cctdukye	0.0042091417299368
did:plc:exio44ml7eqgtnttothimyck	0.00379759827601817
did:plc:exju4cznzojf5cmnmais3ut6	0.00377870933493114
did:plc:exkglwhtw7o6h444ameffxib	0.00424906030420693
did:plc:exkwti3p75fr75vko3typ65c	0.00281962590794086
did:plc:exqgkuimdztlhteyrmjml2cx	0.00353034961891196
did:plc:ext5xywynhd7a3mtsnomyn5t	0.0063088679668926
did:plc:exxcmxruzrcz2mzu3uf2t2hw	0.00333839150229605
did:plc:exyl5ld53kwcml63xieqeuzh	0.00463426853797748
did:plc:ey2iyqt76o7macvwzyblxss7	0.00812693498862735
did:plc:ey5c7x4pf2hsivddldhvezcr	0.00745378652888674
did:plc:eycfiy7fydny2v7dyob32rq4	0.00919988848676528
did:plc:eyd4vmu67htatdhq6bol2i6j	0.00231294090467901
did:plc:eyfkhq73qagbq4b6ziccoc27	0.00576739402186246
did:plc:eyijmaom7f4rvctco2ccmre7	0.00581166272882255
did:plc:eyj7qz6q7k6etpk57oe7fbqo	0.00330945150882929
did:plc:eyk3yykbksjm7tt67bgmmbkj	0.00324324324335197
did:plc:eyqvpnfojyjrmrgrroympg44	0.00455235204951241
did:plc:eytoggu6l3d7eg2bdjjrmprd	0.00911507786086226
did:plc:ezlbbevz2fzoqbieheubp5g2	0.00545544718190159
did:plc:ezmlo76vg772ub7cqz36agxi	0.0104501607813282
did:plc:ezmtzposooeawgpadgc4va3k	0.00956244568049666
did:plc:ezofq5nelzpnuk4k2npr2uvm	0.0079078174468464
did:plc:ezti3byytphcqilho337nl6t	0.00856714500243195
did:plc:ezun3rblpf56rv6cce4zemwx	0.00545171339618907
did:plc:f26dr4o4zqnplbeiinigc74b	0.00673632115104229
did:plc:f2aebiemzjahy7ak3buypsla	0.00538579284597059
did:plc:f2d3c6qheywxfjztwnjiaxj7	0.00481120819140643
did:plc:f2dg5s35igudfeatlxrb2zjc	0.00875099443447091
did:plc:f2gblllrr44fcclevm3vwp6d	0.00315661094781903
did:plc:f2gknoz4xvk5ky67g6ma4gzy	0.00793280448411957
did:plc:f2jzsjxpeph6755kysqivlzb	0.00564791133894277
did:plc:f2ms6g75robhb67yibky4lqs	0.0133765707346004
did:plc:f2mwdprlazmmbdnp24ruykor	0.00791359213363472
did:plc:f2qcaxtdytc2iryr6xutngw7	0.00580006823611514
did:plc:f35buumdyv4hkuzsbxsz2xqg	0.00316270352585227
did:plc:f35sxvbkekhcbo4phb7yuahi	0.00497217947273051
did:plc:f36hir2xrdsjhbwpacfnpayy	0.00629085975974272
did:plc:f36p4gvphk6q7uv4ixlmdgyw	0.00726260364455986
did:plc:f3cv24ws5767qpijhwhuorh5	0.0257575758375439
did:plc:f3hooe4jvrf7sypv6g3j6o3i	0.00680467015397277
did:plc:f3hzfujbgmjsww25dvj7treb	0.00543992431686689
did:plc:f3ratbt5pejberbjba4je2km	0.00606382978922616
did:plc:f3ug4x4hxzao4sthtcfmgopy	0.0039280283846734
did:plc:f3xazd63twdwytuka5acqlka	0.00554553056695895
did:plc:f3yn6kabpu4mpax42sukp4a6	0.0055333369862271
did:plc:f43mqwykq2bno2u7pdiq3w4p	0.00623013350293418
did:plc:f45fpjdtpeg6ddunlfzgavy2	0.00630372493013778
did:plc:f464onyg3myjh5qzgfjl4dfz	0.0126262626317094
did:plc:f46ykt5mi5mjo76c6r2sirmz	0.00334479234424073
did:plc:f47wkpkl6lqbigzgniij5nzu	0.0029745042494344
did:plc:f4abgslzvfloyl22f5l5jcmr	0.00580075662088458
did:plc:f4eg7exeeepwhlw2vbxfz2pl	0.00263291999341537
did:plc:f4fk56bbtfx5fiuna5cnumdu	0.00341568407263688
did:plc:f4gryaxqlhgn26rtihbxcorn	0.00721518987459449
did:plc:f4hj2xdjfrffdqc3pl2wxlvg	0.012863070565173
did:plc:f4lf3k4s6r7loctu2s4eugpk	0.0021413276232086
did:plc:f4qwb7s2umf3rjuzn2durpp7	0.00522928399097078
did:plc:f4y4ga3rqvr377j3va3vbuxa	0.00769732551038382
did:plc:f4yk6vhb4qh3igoixipodixr	0.00314960629933176
did:plc:f4z6gsuxeolmhzis5ofmcmte	0.00225420495932034
did:plc:f54cq2i2edsh3vjz3fdg255m	0.00374702979519216
did:plc:f5clc3un6xe2mgccsfibw2n5	0.00336562978082099
did:plc:f5dpdbkxgrwqkaplhafxfpc2	0.00492682219971118
did:plc:f5f4febaw3tjjrulpkeuibyp	0.00378477905241932
did:plc:f5qtivzun52r3ca5ria4opy6	0.00506329113992988
did:plc:f62k35vzbiw2spvmq4czvilh	0.00326866301149371
did:plc:f67xykqbiffnftmgsshx2gcx	0.00957243140008195
did:plc:f6bzn2gdjfnhx2dgbby2rqz4	0.00221623648955482
did:plc:f6mbnh3ok5hrpfrbailzsime	0.00493226814940948
did:plc:f6mmvcixf3fal4hmujzbdxtv	0.00663227708181023
did:plc:f6tra3hwdyxpghfr2hphbsmu	0.00632452047868448
did:plc:f6tvsivqiwrqawak7xwiha4q	0.0049742405407881
did:plc:f6vzq5ful3a3x2mq4hc5qkvi	0.00539097396986665
did:plc:f6x5wcevwki3jg5zko3uzk6q	0.00678104021298823
did:plc:f6yekxxpke7gyas3d7qeipty	0.00396996811712682
did:plc:f76ssxtxpnvp3h4wmvtreuuf	0.00577933450318057
did:plc:f7ejerqzqh645ljrx75dyn3t	0.00335946248609966
did:plc:f7hx3cnoynbkf5hyu63osfnz	0.00464137040067745
did:plc:f7iotyuslqkkftrmr6upuolu	0.00498113207619633
did:plc:f7jczhenqnv3sfox4u3rlfha	0.00394604678007045
did:plc:f7ntixz63rhgvs4rw2octj5s	0.00518548065480938
did:plc:f7oxgcbrecukadhzcspeb5in	0.00701565030322061
did:plc:f7rcts6weirrtndiekiuuiy7	0.00280462068216663
did:plc:f7wcoo6gfhvuqgipopuozuas	0.00506307389000012
did:plc:f7witdlf54ywnt5ikkggp33j	0.00454959053780745
did:plc:f7xa7nn6luetikeexpdd4ip5	0.00535820599383282
did:plc:fa4hl6oeko3nbhj34t73auhr	0.00436083796515993
did:plc:fa4o5w33vsf4d7xcdajxctgg	0.00276910801885857
did:plc:fa55u3pnvcvao23rssf7s776	0.00334230048106418
did:plc:fa7dqb6qpcotk5sjj6cupeaf	0.00446896551825092
did:plc:faflqcxfrg3h4ojw5yxs727h	0.00447362724683936
did:plc:fagl4krjnwz5jeykfwl2dvpc	0.00823680824075232
did:plc:faijealz6vwlhf5bo2w2bxof	0.0032017075774878
did:plc:faikyucyq4izystp5woeavcw	0.00461780310564893
did:plc:faohladt6vjnmwnid6dt6aux	0.0162187947337716
did:plc:faqszkzz5dll72nnm7hrxatc	0.0138364780081031
did:plc:faqzg6s3fpsrojs3r36sbwgm	0.0113181264223349
did:plc:fb3lffsecfq7ziolz2wpx5sm	0.00594488739895425
did:plc:fbada5niw5nxrve2dul2trrw	0.00527458889294497
did:plc:fbbzwd4v6ybl3wy52kdsjhre	0.00414150797342149
did:plc:fbehjiqgqcxeird2lw5lved5	0.0021995175252633
did:plc:fbjctr3ksmvvysq76olqxm5g	0.0047203828763538
did:plc:fbjfiv4lxv3pcs3clfug3fzi	0.00237115368892731
did:plc:fbjrytlawkcfjfgag3grqcq3	0.00221126041851248
did:plc:fbmdmmi6lr7izarpsusweztq	0.00670672069449574
did:plc:fbxelj6fvkh5imndtx7kqdm7	0.00877662421389568
did:plc:fby4xn45d33evosu4ptdxdyq	0.00437280288112125
did:plc:fc2luxknrraq5ezxwjvu5w6d	0.00980645162455828
did:plc:fci722oun4dzqfpgjaj7cqia	0.00395070464089865
did:plc:fcmpecm2jd2sk37gbqpk5jwx	0.0084033613482507
did:plc:fcndq3zbt7d3iriv6znd2rc3	0.00346401275680724
did:plc:fco5v7gbavydvttxr2lxbftg	0.0065655277935085
did:plc:fcopyrac2yslgpvutprrz4c3	0.00646900269705523
did:plc:fcqrgbtacjwi2yddktvgtnns	0.00280841353906461
did:plc:fcvqqt22ilc36ohpqlx5knnn	0.00543890715967405
did:plc:fczd42err2fd3u3xvvf3oril	0.00972222223418414
did:plc:fd3t2vy3iue44ieju76ykwyb	0.00436646554483413
did:plc:fd6cvkw75hqkuxvj66byn52l	0.0110619469107639
did:plc:fd7jigxcinr5ztiu2v55irio	0.00709651257121258
did:plc:fd7ykrpefej3wwxt4mw55rye	0.00561938061988263
did:plc:fdf3bc23wdo5s4wzwgz5yjre	0.00538673224484749
did:plc:fdgydfrtkh6zj5gcxugwodjj	0.00307890801408567
did:plc:fdjwl5ylyhrn3k2eewjmjlrx	0.00228359445766862
did:plc:fdlftbc6i7s3b6ab6gbemsui	0.00953874297914422
did:plc:fdnhj4kbckscsfamsfvdxfqi	0.00940975192736185
did:plc:fdofdbctwei7yt53a2g6jwsg	0.0133982947852675
did:plc:fdonywhz7wo3bj5zqpnmnkom	0.00726392251931287
did:plc:fdsjfof2oov63dyifmtghd4c	0.00482577531837679
did:plc:fdwrurmxsf5skp4ygitlp526	0.00350156207452715
did:plc:fe4l6fwemhchpjnlh677gp7o	0.00352246763179891
did:plc:fe7gmo57covc344ei4cjtrg7	0.0100125156467452
did:plc:fejwlv3gn2daboy5jfmga6w7	0.00722440242620662
did:plc:fek6wag7j4cwjqtb6tt3twrt	0.00201072386061012
did:plc:feo7b3mvutojuhxykoym6uqu	0.00725513906261836
did:plc:feokjobxk5lysfgxygn4e7nv	0.00265160646048286
did:plc:feqybl64gbeme742rj43lew6	0.00910273082216323
did:plc:ff4z6zfffe4oi7xrstl2wbpn	0.0120481928024412
did:plc:ff7jev2dwnlnvulixarr5yc4	0.00525180530869137
did:plc:ffakbpvnaxrqvnatr6wn4ful	0.00797342193126091
did:plc:ffarx4rghdzayuqzboepksdp	0.0127726232339217
did:plc:ffonis4oege46utlggl7gqih	0.00936170212819576
did:plc:ffrdhb75b5iwkzxwglybotad	0.00443081118031385
did:plc:fftphivrxuwu2ac5rdgqj5vu	0.00354609929119189
did:plc:fftt6yilbc6kbyox5y22ojwq	0.00341634451183513
did:plc:fg44rrziwcq2pqo3cz67bjtz	0.00286684895202035
did:plc:fgbdskalzxxc3cxi7dejwec5	0.00427001871155011
did:plc:fgd3bfo3vbnew72ffexcdvoz	0.00210218978110937
did:plc:fggg4epwj7adouwlpg724kkz	0.00376592330649499
did:plc:fgh637zbtxfu35z3xykaaks5	0.0160692212740083
did:plc:fgjsfpi7bb2gmsd5psbulog2	0.00628610262530841
did:plc:fgknxjqpbgdalvzozvjgupjn	0.00595136881693595
did:plc:fgpwdo63sba5esa2tjrcupuy	0.00484576291221685
did:plc:fgqfc3ambq2y3xfimyg7ewk3	0.00374753451711229
did:plc:fgtl47qe5xapwuy5bxp5i6oi	0.00945179584381446
did:plc:fgxhgpfx4qirj4dddawbkjvj	0.0103456977136794
did:plc:fh65kuiiglrnellhsmh4n3le	0.00600513059906671
did:plc:fhfgew4yrux4o6onxlxm7u3r	0.00356373705301545
did:plc:fhkrad57p4eim3xxolwdnalv	0.00538250844060028
did:plc:fhnhhdrdkko6ugwnpvdxllrp	0.00319800531205464
did:plc:fhtunhmkuceltatbhgjnsxh5	0.0126672614007433
did:plc:fhtwyybd3576bsupkbrxvaxr	0.00408130601819248
did:plc:fi33qaf6w5pkobhh3ijo5eya	0.00535406505846538
did:plc:fia7lalcycmkfw2nt7wxry6n	0.00226568990264362
did:plc:fidrlzmtuu77kobcyop5bbsl	0.00273681858821064
did:plc:figwaqjzjhrtby56c3ylj42c	0.00317869673436208
did:plc:fihnnj7sbsk3vqilozs2rqcu	0.00215897939164041
did:plc:fj6poiyp34tdx26l3oncdhbv	0.00413774693031445
did:plc:fjag5zh7qosjiaavwe72orlp	0.00485865724459807
did:plc:fjfjzy4to3ro4pqa5yx5dwl6	0.00480109739450078
did:plc:fjipfaymkm3xngywcax24dmk	0.00479755760784904
did:plc:fjjkqutci3cw57gkzmdci56d	0.0055819145992683
did:plc:fjxclnizfcjdxsmpzi36dkee	0.00890625000311585
did:plc:fjxkpcrgwgsemitv7v3hcsiq	0.00506781934783312
did:plc:fjynhmrrgr6iwtdtfourbzs4	0.00463886440689401
did:plc:fk4dhgyts3kvsnrupwushveg	0.00383820490270395
did:plc:fk5o5a3y2rncuf4vhm74ru4g	0.00592986402421547
did:plc:fk7qgo6a43beqztghuma3ieg	0.00331616036014171
did:plc:fkasq7xtzrmlvz46c5trkrn3	0.00687818948982616
did:plc:fkbhyw265nzrvn2v63uwvhjn	0.00389846406531832
did:plc:fkc2mx44zv3hd4o5wwdbnfh2	0.00375465484908163
did:plc:fkiw4zphsxslstac3yrt7rhb	0.0041781491690632
did:plc:fktb44f2uzryx3dyzfeix26z	0.00424142172460947
did:plc:fkyhgxjatjxnueqhirdnlhaf	0.00744099523847295
did:plc:fkz42ofursnmh3vnflbuofey	0.00408466394361059
did:plc:fl34omekub3n3l57a3kppuoj	0.00257594167683727
did:plc:fl5ymzr6m37gnnnij7dptsl5	0.00228310502289764
did:plc:flallcprjnuvvwctlcchhmk6	0.00231446234462516
did:plc:flaqvfl6y6yc2bnhtnc732sa	0.00477099236657752
did:plc:flczgiu3a2jqmqlk54qnbf4c	0.00368986563319545
did:plc:flfa7b6kgjqp3bbh223tmpjk	0.00588284033692588
did:plc:flkhijdamzlpckkavrmmg34z	0.00695671378223276
did:plc:flo45yzoqrs47mze27iw27ef	0.00233367277670829
did:plc:flpvdyyvdvcfhz3ert4owlaa	0.00636528968735225
did:plc:fm2xmf5kbroffsiytqz3bovg	0.0035592540609645
did:plc:fm5am5siavlxj2zpgjkhfn6a	0.00446859903482622
did:plc:fmajfheauzdh56ny6f3lvohp	0.00433696937858906
did:plc:fmskbxv6ldcnfxanujlwsl6k	0.00417341472555117
did:plc:fmtx3y74sxno3ppxsmpq5h7n	0.00436821481360381
did:plc:fmu6pmzd4f4b65iv34nqpfsb	0.00384855919597077
did:plc:fmxillcegxo5if43wfohavlj	0.00830238147643112
did:plc:fn3b2woyizhnyuxbdi2ehpxc	0.00246002460050722
did:plc:fn3od3l2hdan74vl63bewf6d	0.00230173676533782
did:plc:fnd7lf6myy4bkihpngvzknav	0.00262543757314074
did:plc:fnldf2wbrkxgz5ra2ngxy76c	0.00900900901201893
did:plc:fnptyulaxc6npzevp7lel2xo	0.00334889385031149
did:plc:fnupdwnw7zynss6y3c2t4fjp	0.00860860861206081
did:plc:fnwblwlhuufwqydnlvup4ben	0.00337481544026087
did:plc:fnwhbqudq6igoki5vzoybb72	0.00484496124109866
did:plc:fnxvda6t2fbkg3nbht5q4ji7	0.0147874307008548
did:plc:fo2rceajohgsmrzxhx6rtzjm	0.00871924046059749
did:plc:fo2yhsehujlcmc7ehlecdsls	0.00369384279617009
did:plc:fo6jgzuemngj6vivckbqog6r	0.00925536390685559
did:plc:fo6s35kpjuqlxglo6gwquyia	0.00465395586337481
did:plc:fo6wpgp6wp3ptllfxvth7svj	0.0025840607571637
did:plc:fo7exadksbuudxjfgjox4ors	0.00425358349866168
did:plc:fo7ymgmfo5jfd3cft2aavnkg	0.00621118013348474
did:plc:fogu7fthq2vl5z6hr3cf6sly	0.00471041644449501
did:plc:foored363cvma3kokissee4c	0.00383928872156946
did:plc:fp4robdabnsyec3efs34gvaj	0.00264291126862006
did:plc:fp4rp6a3odjrow2o2ll3k7ez	0.00870053325915871
did:plc:fp5ywvlyaqdoyceqqodzyicv	0.00288078628535562
did:plc:fpazz6exop6aj4ya5elm5ec3	0.00514538710129059
did:plc:fpc3ytwvclsw2ua4zrp4xahx	0.00785725978065179
did:plc:fpgiwa7er62hqhdtwkhm3x7q	0.00435445242782585
did:plc:fpjz54vtq6izlpdembrskc7h	0.00371352785181581
did:plc:fpklv6qsht5qoorw3nuw65lp	0.00223245154825733
did:plc:fpnypyvmrxqezbn6io5a6v7e	0.00461722389504723
did:plc:fprw4enoc5y6xzjr7mqd22v5	0.00507008649039726
did:plc:fpstbg56y5gy6shc24zb7st5	0.00801557311775952
did:plc:fptlmgc6oh7d4vphfp6r6zsh	0.00562130177514873
did:plc:fq2csufmeoqjufpq2cacfoy4	0.00728383459218396
did:plc:fq2zbdyamnvsiow3ta4n5444	0.00426273977934595
did:plc:fq3jpeiipg5hicfa5am5ad3k	0.00693374422320706
did:plc:fq4xeiwyfofgzukvnaryaisn	0.00617732558327853
did:plc:fq6fcnpa7jwmlzkcruwebutc	0.00686459585376009
did:plc:fqakww3dtujnhlvkzql34ioc	0.00234208169733264
did:plc:fqavs4z7lwqsladhbrxiqsav	0.00804743752731802
did:plc:fqhsq2n6tjfcjherqvhqmcsf	0.00463403041915443
did:plc:fqi3tvrn5vozehy3hrr4qknj	0.00825029465338676
did:plc:fqihw7jvart3el5jbw3gqd5y	0.00366365152364814
did:plc:fqj6zzfgpnxvswxxnxkjmxpl	0.00393008584164827
did:plc:fqjuzirtpk66v44p25opjrsh	0.00681965793601346
did:plc:fqmj5o5xodmyhqfcdyionrth	0.00235845083478303
did:plc:fqnnmgqhu3ood54cq4q3jnqn	0.00601228597773384
did:plc:fqrvvswe4fenntwv3qabvg2x	0.0100218659001294
did:plc:fr4gmvmvmia6o57xage2ympl	0.00907297830386539
did:plc:frgakne2e4jc2fhtncx7rfb5	0.00649159043998177
did:plc:frjereyx4geal6mtkmyv3gib	0.00645161290487666
did:plc:frjtmhqz7ibfukb3alwhwpkk	0.00300429184552121
did:plc:frkhfzozqt54lqxrozypol34	0.0104066985743388
did:plc:frl3eg5itsf53u2w3lmgokiq	0.00276652900863932
did:plc:frqfpsooh6ng27hazaosgxhm	0.00375554796893469
did:plc:frueuaceiwn3d7talxsfpc7e	0.00626828249239913
did:plc:fs2uuvwf737yni6cjlvlthxn	0.00806845966189945
did:plc:fs54qxzrb7qxbnx7eeff47qd	0.00356696442222074
did:plc:fs5gve5zf4sb4naat5urx7xu	0.00356183013348906
did:plc:fsnyzudx745ch4ipqbsqykpa	0.00498075617007051
did:plc:fsoep3del6h3prkxitno6eli	0.00389041984145034
did:plc:fsrer357rax3zo4s5ap6d2t3	0.00360831155911747
did:plc:fssvqsc3slukjh567ng67inu	0.00837851158580634
did:plc:fst6q5ldrm5cgkcv667gubru	0.00486604076102552
did:plc:fswifooci4bz6eu5lg73uykm	0.0103901195941876
did:plc:ft4bhdq5rpt4ly62kutfeswj	0.0135363790407036
did:plc:ftexkgxwulabzbg2eowwpfvp	0.00664819944749078
did:plc:ftf47wqqem3k7357mbz4meka	0.00728675525189228
did:plc:ftkn4sl6obzr5pok2kuk555i	0.00694183865576859
did:plc:ftlombje7xp4ofsl4hh4exut	0.00284795590278188
did:plc:ftpqfflionsjihn6iritbcvm	0.0053880545689529
did:plc:ftqgtxtnf7lnspcl434bjdlz	0.00678502770694705
did:plc:fttb6kx6irhzofpnfoskrnpe	0.00440004756914059
did:plc:ftzly7vn6q7fsjjwame3jpw7	0.00668576886490119
did:plc:ftzzfedunlgtmcxr3vdtlnv4	0.00656968559518063
did:plc:fu4tpvv5vceqhxwuhhi4vdeu	0.00244565217396628
did:plc:fubxcjk3g23epd44psjagpqh	0.00224192397846669
did:plc:fueqsgz5uomp457tdjpyxuse	0.00333265714212904
did:plc:fuh3ukt4lvqsfwp7mhsxeh2e	0.00527300561380872
did:plc:furvm6gg33kn7vl4znwsdaar	0.00222931160396567
did:plc:fuvk2bbw3uumpz2oitvl7r3r	0.00286382232628582
did:plc:fv2bdsmvdrctchy6wsglb3tm	0.00251406680259
did:plc:fv63ybt4wxnjoefaooqzsrj6	0.00479264863233574
did:plc:fvb5ozaqlx35xdvskpsyo2jl	0.00498102466865637
did:plc:fviv2zguyifba6pnlqen4rdt	0.00301315200130408
did:plc:fvjf3jtm2eumhyrwkfgouhlo	0.00889431461770817
did:plc:fvnck2klz5dedjfvsriodk4z	0.00488052872471627
did:plc:fvp5njarcglyuubcpu4b6mkq	0.00242959143202583
did:plc:fvrpom5ztg2tehxqflrcsuy6	0.00924005280309042
did:plc:fvspe3c4sxjjy5lqs6ew5e3q	0.00314752766790294
did:plc:fvzqyfif6djzqun5tdj54aev	0.0048269828340742
did:plc:fw24d7xoupg3odbuybfiqu5j	0.00978048251555206
did:plc:fw2wshrumoxlct4rwrnxgnrr	0.00416205148885586
did:plc:fw54bretcmizoti3u7q3pwin	0.00373239834904786
did:plc:fw6m6gdrsbqizffikrid7p76	0.00533807829474931
did:plc:fw7eon3etdgx7fcjx437it44	0.00366820015034136
did:plc:fwbqxgi6blcsse2jzo6pvt4k	0.00300910735219294
did:plc:fwji47dzq7rnhjcetmgwlghi	0.0044770822537407
did:plc:fwjjbffqbi6qi3bepmhigwab	0.073529412194058
did:plc:fwx62ilstd3drxtzxkhxz2oj	0.00505757021483143
did:plc:fwxdsgc5nqxmb4lw3uqrbrvn	0.00382007449177964
did:plc:fx7d4klzrwwe2fm7ljddxuxy	0.00471862985055777
did:plc:fxe7lb6nv3tdx5obets2jntg	0.00590390879694868
did:plc:fxmfsylx3guoimjitmueoud2	0.0043783783794533
did:plc:fxnckdlwflfpddtj6y2z4vvu	0.00373102925913826
did:plc:fxq34ibmeqmrvmuqobsm4h7e	0.00510843373829461
did:plc:fxuc5dizmnsnyi7nsy4wi62e	0.00654864309926668
did:plc:fxz7tlggadomdq53wp6hf7bc	0.00228567215357504
did:plc:fy6kbvccfocqjzk72lrdj3kd	0.00548190412261998
did:plc:fyabgh4kftxilbecxraqflg5	0.00349243306213136
did:plc:fyfunyr2ziiuehpphrcryxie	0.0221752905160681
did:plc:fyht5uw4p3tik2qjmra3siv3	0.00395484665176975
did:plc:fyn53dtysgwgi5caxyw5t6xu	0.00723159651423337
did:plc:fysbs63mz5q2cg5iy3s5i6sy	0.0026967881696943
did:plc:fyvldknbssebca5hvvmswnxn	0.0245358091110951
did:plc:fyxup3moaom35xzxnomsryyx	0.00545736744660088
did:plc:fyzocrrlfg2l32swfqwiksln	0.00437967829379571
did:plc:fzdn2norof65qwb4x5phdah7	0.00460829493179457
did:plc:fzirjy2wjqv3hbmwvukx7uze	0.0105969622133963
did:plc:fziwrl3xd7wfb4om5xpgvhys	0.0114592222430595
did:plc:fzjv2zodxdee3o4a2q5tjgl6	0.00647968157026013
did:plc:fzkhzmneorak3ehssrk3ujay	0.00282861896855319
did:plc:fzkwjo4nhsaateswlszjts3e	0.00481772924441879
did:plc:fzmdabpr74duu3ngue6g23th	0.00563123050046076
did:plc:fzmgjt3rthfk5febdb3pkioq	0.00516328331927261
did:plc:g22dvzip2i7sp2zefqchv5fe	0.00756429652552443
did:plc:g22wrkiovld7mymdemad34t3	0.00640169227512592
did:plc:g24e7lzn42fzsn7fw4eee2rm	0.00265517541589173
did:plc:g2hs6hq4d4muw7aot2xnwpu3	0.00376367614913893
did:plc:g2jo3g46bbzrnhtdt5rwbc23	0.00875420875749066
did:plc:g2onvg6ufpz7ionjpieaoaoz	0.00503499938667693
did:plc:g2rrwgyff66vfakwaznu4wfx	0.0119047619112634
did:plc:g2tozwrqcgl6qxodyrpnwumm	0.0106108403097963
did:plc:g2w75drwc7hycmwyvxqv2ffd	0.00673959758488369
did:plc:g2zgfkzgtkj43cxusczlhuea	0.00300775684674211
did:plc:g34kbfyu27m5h4mnerxrloh7	0.0150150150311913
did:plc:g36fjajwdaaom5lctc3fwmqd	0.00979872882524207
did:plc:g3aoxeybetkb6hzdpy7xe7qi	0.00424272323631929
did:plc:g3chfgy4vz2jbthbvke3qn2j	0.00421702460679719
did:plc:g3cjfhvb4r74c5iiwwiqw4rf	0.00773860705549246
did:plc:g3dx2s32aqrldxs424tjwta4	0.00599093264455362
did:plc:g3fbuqxch32qspmyj4xbfd2e	0.00639519708495817
did:plc:g3lol3wgtbe4dmyjwra3526w	0.00612765957639793
did:plc:g3o5nbuwu2drwwsrojmleoy2	0.00869565217726206
did:plc:g3pk2kjul7jnxsddxkbhso4g	0.00922832141415612
did:plc:g3q3pxpiqe5rrm76r3s6yrtk	0.0048588192160366
did:plc:g3tektebqp44ijcgkdmu7v3b	0.00573636151020136
did:plc:g3v3ecbx2yimmp3nroztwdby	0.00660481208505856
did:plc:g3xxj22i7jf3qcg36mommjk6	0.00374026767120554
did:plc:g46clm4beuprfjfveep4qbqo	0.00282179911087418
did:plc:g47or32264dthkcovclgby54	0.00541673947286606
did:plc:g4ezv6eibii57f2gncy3x5mk	0.00591307775912276
did:plc:g4i3m3k4watkmht57ldznwl4	0.0123906705541664
did:plc:g4meb4ck3ee2bthkroozclal	0.00876826722664811
did:plc:g4o3xcvgdrdo2lblryv23wdp	0.00597668501302895
did:plc:g4qbgxkyi7nl2azrn2voauqu	0.00232599749539293
did:plc:g4rrn2rj6r7o4sfw7zli5vk2	0.00773026315885016
did:plc:g4s3pmotmofvb4lijygl5kxs	0.00841968912286219
did:plc:g4wmjyhqkefmosqfbg6ca2uo	0.0133155792509073
did:plc:g4x2wnr6zui43zoiltxhrniv	0.00342393115823266
did:plc:g53rbazcs472aupd7jncc57j	0.00464700625648113
did:plc:g546d7c4helryoxdeayy4azd	0.00733790448806643
did:plc:g54k6knibkr466lmeo4oa7zw	0.00414250207150585
did:plc:g55apizquxdqbinmju6htq5x	0.0126582278535068
did:plc:g55vyipf2i5b2zlqk25oeak3	0.00332571191022589
did:plc:g57xg7ro6ite6favofid7xdy	0.00511845568879896
did:plc:g5aixa72u6p6viuy3rfdanoc	0.00810989738910519
did:plc:g5b54bqbxqt6vsxfpfeswynw	0.00486792753973263
did:plc:g5on47h6zsp2w4ritadc2vny	0.0100139729965038
did:plc:g5vgrgujrudk5hzrjqqia2ka	0.00425342813634465
did:plc:g5vtrixvhptl6b2ujt4vbppq	0.00515307669055945
did:plc:g5xjehacv4jrooxmrwath6gz	0.00267253576482486
did:plc:g652wptxluwyvop6aajvcf3g	0.0128051220749256
did:plc:g65hdjfavdgvdpbwpphairtx	0.00936199722875555
did:plc:g6c6u4pixowoktmsaz2ry7qi	0.00746401280076123
did:plc:g6lzzorhsvogajnyquothgtu	0.010798042863453
did:plc:g6rngysfaueb6ge4dbhdftmp	0.00241611784447625
did:plc:g6ywr6t562mys4gc545mwtsz	0.00393777031973846
did:plc:g76aeduchzgscutobg6el3mv	0.00369719937328523
did:plc:g77rg34qmta2hlnfr37k4owq	0.0047749963834029
did:plc:g7k2dbb7772kwomerjdnl5mg	0.00371235505309195
did:plc:g7kmod2yvtcjkrlzv7qbhdot	0.00344050302572218
did:plc:g7l2mwu7ybui2et7nwt4bgfz	0.00203522504902117
did:plc:g7rtn7wcqf5k7mdinxkmeich	0.00361464315051108
did:plc:g7ta6sketppodz5xqeivl2s3	0.00716519020443262
did:plc:g7vgenxvg2o5cjrzqf6iz53g	0.00657606313176408
did:plc:g7vp3kqwnurqoacxsugfkqvd	0.00648265722277251
did:plc:g7xqteopt2apn6etri4mce3l	0.00621985275635063
did:plc:ga6nutr2sffq77q4tjwdpfix	0.0091219163985522
did:plc:gaegrqjrsp3us2cer6swn5rr	0.00543936259919058
did:plc:gaif2ba5q3ov64ttu5oaprw7	0.0032632764850917
did:plc:gaqa77qvkp5qf2lbumajjtj7	0.00964371819157557
did:plc:garrrkolsq3mfrvgxurqrbme	0.0119942427698302
did:plc:gas365srdw2xv2dqrk7pgr7l	0.021613276727349
did:plc:gavwbbf27xxpdhooydriwg75	0.00395695938939441
did:plc:gaztdpbzwve26hq3wapxwvll	0.00437828371385958
did:plc:gb3t6u2jr57zojnazffmb2ma	0.00493583415671747
did:plc:gbfv7pw53fhc3fwpyoclrynd	0.00571375910292993
did:plc:gbhfnurubkxyuaxiamned57l	0.00322125414172353
did:plc:gbkiwylpt4v72snqubqk7pjy	0.0126867540540552
did:plc:gbr66qcjlixleyljkocdxfgb	0.00496389891769984
did:plc:gbud3onrtw2ttjyndgfce6k4	0.00717299578083028
did:plc:gc2px3txbrux26bwv5tvfbaf	0.00915492958033239
did:plc:gc4456i6zl3mikfo3k4hmqsl	0.00274966756086714
did:plc:gc4pfcyofnohnmhez24brfxj	0.00731869594257761
did:plc:gc5u5tl47u3zzou32xue26wn	0.0140947753104524
did:plc:gc6m4h6x634g2vq6fwekbwfb	0.00865551067852591
did:plc:gc7332epzqjhtbanl73xczm2	0.00326991676586104
did:plc:gccfnqqizz4urhchsaie6jft	0.00302568470137681
did:plc:gcj5vboecky54qy6urk5zfvy	0.00320226041923252
did:plc:gclkr5wtpx6ahcuj4wyul25o	0.00750891684396135
did:plc:gcnizlui72j7acqiiafbywdn	0.00598483841143591
did:plc:gcq3kasubyxbhc4pkm2o7pc2	0.00528815551396305
did:plc:gcuehfmreer6a3tqs2q7hxf4	0.00335303239877356
did:plc:gcvagqzrcvx7uki7ljtxy7y5	0.00827343008662593
did:plc:gcvwb4npwykr7y7bgdxleyjk	0.00201356970892807
did:plc:gdbg7jez5hmdwuzmkr7uf34y	0.00612848689964672
did:plc:gdbhptgdeaxkr5x7ynmdlzsb	0.00400000000001135
did:plc:gdlj2wmebqsfzoznmhll2efj	0.00228258388502441
did:plc:gdoxa7ytxmozevswqj7sysj4	0.00927452596922423
did:plc:gdqusy67menmjamljmm45iab	0.00227736395156217
did:plc:ge6kpsrenj5twbiiq3n24nui	0.00566825775705222
did:plc:ge7tb5h2q6hkdg5eyik3ykrb	0.00894266177235878
did:plc:geaimbpoks2jwsqm5xd5civz	0.0035969816632288
did:plc:geavrrpyngrf42xc7thqkhmg	0.00702541106256105
did:plc:gednjndroayuqz544ovmdnen	0.00639910188213007
did:plc:gejfvkdz3fouhiie6na5ngr2	0.00925390399352224
did:plc:gejlfw52vbsjh4x54cbg5xpv	0.00764754780210864
did:plc:gerg5admga2sgbasakd3p2g3	0.0118955262542539
did:plc:geymjsnxpjzdf4lspk4te2qa	0.00445462644877312
did:plc:gf4inpwipxsa7ayqlrdeshfj	0.00502433663126004
did:plc:gfcn23lbronvruwqfserpbtw	0.00238156539678858
did:plc:gfo4ngp3qxezcgwtsebwceyq	0.00521010307006216
did:plc:gfph7tms4v652p5e2cojninw	0.0141914191610796
did:plc:gftwdtuctd2jg5hiiyzgplp6	0.00503881247516511
did:plc:gfvjxniv5ylppk263f44p3zs	0.00720826027782153
did:plc:gfx5uigxu3iujn3zmprue3am	0.00533863708029133
did:plc:gfyupvq6ei46e3h2w3qi42l2	0.00397594046428579
did:plc:gg2hafwuxxlkc3ksneo3h4uk	0.00267602283559425
did:plc:ggpljdebdrzyrzcjsujozps2	0.00456668396565685
did:plc:ggro2hs77corytwqntf75nx3	0.00297409407543422
did:plc:gh254rimuujtpiuvrsk4vgyo	0.00256941666992372
did:plc:ghe2eo474nllqk6h6phpc7sx	0.00287603021993882
did:plc:ghiuyaojjnlq5xqrah74kwq2	0.00713337757255183
did:plc:ghkwo6in3nijjhcfxfnssozo	0.00909090910555363
did:plc:ghqft2gzg4rqvkdit3pz7aqu	0.00658025922388802
did:plc:ghsuuunuxt6s2jsccoib6nj7	0.0138346931742903
did:plc:ghutv2yorapw735cguoeujyk	0.00780031201712924
did:plc:gi2dyworyicvyo3utruloab5	0.00401518469877663
did:plc:gi4535hjluxt4bizf4z3cc7b	0.00799680128380053
did:plc:gigshqgxt557zncffrutujqq	0.0221439357071726
did:plc:gikonqwkjuepp4bhx75i7jso	0.00509023600524253
did:plc:ginbwpemitsttph4oebpfrrd	0.00389671731117906
did:plc:ginj2d4irehgjntpgjnn3hmb	0.00487226758354402
did:plc:giraleyqnfouzn4rnsovzrkx	0.00854271357137235
did:plc:gisxevxz5edej44ub2vnma25	0.0117424242491999
did:plc:giw3jh5dym5mjohjioasunx3	0.00713481036449431
did:plc:giwyjrqn4q6nh5mjbnqarkvk	0.00532435075578002
did:plc:gizyvvxlt6yvark5woz54ped	0.00386389131405534
did:plc:gj7rwgh4vp7g5b2btefqvilc	0.00333448677265245
did:plc:gjepdm3shiihrdurgf7pmekk	0.00250479104331998
did:plc:gjg4hgnyn4xejijnkzmsvvkc	0.00520566023965397
did:plc:gjhcfy5bnzqvubvkkfj65j7z	0.00396766772922329
did:plc:gjhzviq56mqibunnlieizuet	0.00852791878527756
did:plc:gjxiv6o6wztou6sunuwrw4tz	0.00514165792300832
did:plc:gjy7hmgwb2m6l3azf2enooso	0.00399924720081091
did:plc:gjypigwdtwlrnm7qk6yrktag	0.0060267529051605
did:plc:gk72wgau447kljwevhggsjpf	0.0209125475584153
did:plc:gka6ct3owwwdr3ixoy57f77w	0.00320160403607466
did:plc:gka7k5qoq6b2ps25iybo7tcw	0.0044313146243743
did:plc:gkgmyrpksprsczcwq26thra3	0.00202905469924218
did:plc:gkhekbzwjzyfsjmget7viaw7	0.00278155120012455
did:plc:gkowkubdnn4tpgsrbzpmkx3s	0.00481858044700239
did:plc:gkqj66owm75zkoor3yep2znm	0.0194805195175155
did:plc:gkyoorxg3ater5jtiadf2l6f	0.00784396862869654
did:plc:gkys6kdgln2ygy552yofb2ca	0.00713596914297178
did:plc:gl2ciy43ytsthu2jqf6pgo3m	0.00510708402044087
did:plc:gl3kqyxptbcenf47767ctbi3	0.00657619417863691
did:plc:gl4j44gyf3tbpyhvboe4gxf7	0.00636409311679969
did:plc:gl6m6v5o5dgmvbzle7i5ixde	0.00435540069708259
did:plc:glgmaawu5f2oowiac7jrjnyy	0.00996015937367141
did:plc:glgyk3g44u27o7pam7dkxwto	0.00264421517118891
did:plc:gln6njo6vvhfjhwxx3ym2oxp	0.00344452501857972
did:plc:gln6uzii2mpqy552k2fln5vd	0.0172001911670059
did:plc:glnkigl5tcvxbni2yqr4t7oj	0.00600109110953006
did:plc:gm2ttzzlod5jtzd55v7hnl27	0.0049643469634544
did:plc:gma5nawbcgv6ksw65skjbtuh	0.00299050076242474
did:plc:gmazp2jirqjmt7pqnm2xaljg	0.00741505537934517
did:plc:gmc3ggcjfojqt6goi3fblqsh	0.00515818431924996
did:plc:gmhfvw5elzfle6bkozqi3gkg	0.0083907701565616
did:plc:gmsyzpdtw4dri2wtjbioh4pu	0.00529344073948904
did:plc:gmtqrem5jomoqefyeuqgbwgf	0.00535877663340583
did:plc:gmw5drmjyn2556uspf672jlk	0.00501504513611601
did:plc:gmwp3zoefbj5fxniuigmx6ov	0.00523199779767741
did:plc:gmxx7erczea6grqjayvkrxn3	0.00651094653045733
did:plc:gn2lolcx6pcalq2tlzgkt3j4	0.00583412173040128
did:plc:gn5j7wbb2epln35jfcf5avra	0.00508674234379389
did:plc:gn5mnjgj4y5sea7p2ogo7b4t	0.00789793439086863
did:plc:gn67hlk6gg2yo67zool6lv5w	0.0135312091011212
did:plc:gngj2udozahxjke2xjl75zhl	0.00647661223523251
did:plc:gnr3znkyltegbhtz2sdpklq7	0.004297269969894
did:plc:gnusuuts43esku4mes2zi7vh	0.00557620817895258
did:plc:gnv5uii4lue7desd5m4dg32u	0.00565770862849741
did:plc:gofxxeml3gn6bw4kd4uad4ll	0.00834248079413553
did:plc:goh6rw4ippbuaramc2o5fesk	0.0058612066292795
did:plc:gohd5veqtav575mlvcvqbieu	0.00571366968759546
did:plc:gonlnhg75efx2vjraaontdh7	0.00853124279470035
did:plc:gop2aosk4p7ru4cgqkbij7sc	0.00787126115547664
did:plc:goredgquanfgbcvrdg2orbeh	0.00549505445153145
did:plc:gov252iu4x4rvkbjxolvzula	0.00636205899536021
did:plc:gowhn6bcfmgmqhxjjvcw3a2n	0.00687669918575234
did:plc:gpc726caqkhqnd32rngurr34	0.00600456347028823
did:plc:gpco7j43r2swihxj6kizehv6	0.0035698898262173
did:plc:gpfxljzm4iz4eaih4jucce2j	0.00376678676718263
did:plc:gpssvzlrlgs46nhifhigvl7n	0.010293557005878
did:plc:gpu5szddqhsd4f4ns3glch54	0.00372762342369809
did:plc:gpvr6wssupc6kwfbwzwanqau	0.00357190104519231
did:plc:gq422lgd4chesua7xcs6sq7a	0.00610877172367269
did:plc:gq4k6fy54eqftkrqv7mgn2fw	0.0020052917421177
did:plc:gq55g45qie75e5gvephvm2t5	0.00440472390785393
did:plc:gq5mjmuc7mwi6uhwssnkglqf	0.00865907966692477
did:plc:gq7lwteayw4nuv3g56ilk62y	0.00594336324649429
did:plc:gqad2wwr3hmcoajx3weqljkc	0.00636739891926008
did:plc:gqdj2tcfaev7mnocqkohtyek	0.00561619158681209
did:plc:gqepwrb3k3dnmjjfjuipbe3c	0.00345025876985602
did:plc:gqgrravdjtnws6o64w6txw2d	0.0101048377016934
did:plc:gqh4krchlohvv726h6m6mdzl	0.00208617656390398
did:plc:gqkdwbjrb2ntg4qc4ngtoslm	0.00980392158029157
did:plc:gqkx3q2az66wkejjrimjg7um	0.00271260997086543
did:plc:gqm77pnpa5eh3w247b4ogb3i	0.00253957504448971
did:plc:gqr3xsg4xmehamohayobgjtz	0.00337622627095845
did:plc:gqrnejyqranblkt6n3qduwyh	0.00411184210656666
did:plc:gqsffrgpqbl6xzhtotmrc7s7	0.00685099095378659
did:plc:gquu63lzthq2tu3cbyhqym4c	0.00509023600524253
did:plc:gqvkpfuglo5vnyti2xyykxoi	0.00476694915337104
did:plc:gr5gama7ylxkv3araxlxafqc	0.0426742536399325
did:plc:grbw4shalvwjwpvuyvmnjz5g	0.004156275977986
did:plc:grdd4eti5xqcfngpylpy5cvz	0.00639097744530778
did:plc:greni4d3awjwbf7j6lhykno3	0.00524567232095464
did:plc:grgqb3l7olu3d4isfzecaqgz	0.00784581272389805
did:plc:grgwbntllwj4owwa2b2igpjj	0.0242468773919829
did:plc:grln4joagljby7hvjxyqlowl	0.00531815053791134
did:plc:grsu4w7axpziybl6czzht5kc	0.00396006930150546
did:plc:grvmw76lbkxa35spw7egkbcy	0.0142438207143878
did:plc:gs52qrjetiuuqchapc2l3qhm	0.00555961960499514
did:plc:gsdsnpjg75uto2opwoco4eax	0.00940757691593944
did:plc:gsezzyyh3ndimeqghheyof6h	0.0173323285627651
did:plc:gshqpwaac6l3poetgjld67i5	0.00367489958160103
did:plc:gsie2yp7hlkgbzjtlsjrv73p	0.00804997140805077
did:plc:gskfsrc57etbn7tkloxvwjtx	0.00342966378095826
did:plc:gskw53x2dghtapbhvzk2tkn2	0.00400372439506882
did:plc:gsni3wrqtqy5mgg3urj5oz5e	0.0027376595805972
did:plc:gsvbe22mpc7ztcu3n2zncxpn	0.00595962832635474
did:plc:gsvudcxmowojfvmhb2o5cpyh	0.00744934446303011
did:plc:gsx5z2nuemismosbkr35w2us	0.00883489786245539
did:plc:gt2wrhfvoo7mgupkmi53bekj	0.0115990058065338
did:plc:gt4fag2u2757uijhiqakpjuy	0.00217097506980859
did:plc:gt74gj3h5tue5daeyvdacsz4	0.00828481863352173
did:plc:gtfwbfkjsgyuhthw6ypob4h3	0.00507823222687042
did:plc:gtqr7h7262ngyxuircuee5f4	0.00675349735402717
did:plc:gttdp263yjovyzjz65xtqrlu	0.00789127576073605
did:plc:gttxmzy7sk66ywsy3s24rxxm	0.00679259328325857
did:plc:guj2wk2cutw2j4urkgwup6hg	0.00382879252007327
did:plc:guj7eblge3tpdo5ahfn4jr45	0.00521754128819759
did:plc:gulq5sibtbeumszyut536nf7	0.00751879699767586
did:plc:gv3pxhyytw6rihwvunu4l6jy	0.00233800592711173
did:plc:gv4np2qzgacse35xogmcpaln	0.00619335347618868
did:plc:gvda6fem6r7selm4gzjjww4a	0.00337094527813077
did:plc:gvdajszimoixxyam3olcs4hb	0.00600400267049858
did:plc:gvlu46ji6tptij2vwuq6xblj	0.00478594374958939
did:plc:gvqbumupyilicmrjpy3lwzgl	0.0025048563542053
did:plc:gvvt6zcu5vf6ujlairobnse7	0.00405143561876777
did:plc:gwae5kfylw2i67yif5asr5mg	0.00868698376866814
did:plc:gwaqbaa6zasuramv6ftph7kl	0.00492206726900415
did:plc:gwefpwbi2mge4mqpjrwv3fow	0.00578289019024455
did:plc:gwp6bu7iye2o73q5smpdawyz	0.00354110670291793
did:plc:gwqsdx3vtxwxdtfprqq5xlml	0.0124542124598887
did:plc:gwr2ztdxijtghsubxi6gmurc	0.00325395225627717
did:plc:gwvqpq3lowvl3cdbkmduncqq	0.00286420185050933
did:plc:gww5ru6ox5vjqaz2cw4l4jlp	0.0052052969107694
did:plc:gwypa65g2pfrhjvs6dbaeiyz	0.00776397515999426
did:plc:gx75vslwa3g2hgmefgezt3mz	0.00824278758056151
did:plc:gxatr25f6fz3k2ipgl7pzrfc	0.00497044599750532
did:plc:gximqbhag44mbxiovozwdmsc	0.00721030043036373
did:plc:gxirbg25py5t2vbotu5lahf2	0.00715535061338677
did:plc:gxktbywjacnkuoq57dgmtxi2	0.00514061082617987
did:plc:gxkwjxetxjddhb4z4cydnn4q	0.00431994600089902
did:plc:gxmggi4dqegoi65tf3fhcn7f	0.00471741744605025
did:plc:gxmusbotfuesnxbb72va4yiz	0.00507855895957848
did:plc:gxqadmtlldtjl2vzxdrlpxc2	0.0062211519183594
did:plc:gxsodk3gduxtrtuzbvmoizqx	0.00359784129561653
did:plc:gxthpawdrbgxgnsgfxweqden	0.0163751395733142
did:plc:gxywxzx7jcddphxa7pu4njh6	0.004156275977986
did:plc:gxz673j6q3dzzbsfupatl3wc	0.00276464817640377
did:plc:gymjkpa5ddg6ywj5krkpfjad	0.0128755365063657
did:plc:gypawdq4gamtqs2jrrdltqqr	0.004273382524946
did:plc:gypqja6wndo5353kmj5skuvp	0.00342723970160244
did:plc:gyqkvhoomr7jwt6h6okde2bo	0.00643224699995069
did:plc:gyryiaywyufqxzbe36pn4jfv	0.00310986610970524
did:plc:gysznvcwwqbzjitwktuxnswi	0.0046677039350913
did:plc:gyvqfdv5h7iblcedo52evnyw	0.00625223294215144
did:plc:gyyekljuqg6epjviaievgu7a	0.0046598322462168
did:plc:gyyg2aqdgi76sukyvjzhkm2s	0.00550422646013754
did:plc:gz3de3ozlfz26lduf2jqrdwj	0.00895813047773017
did:plc:gz5bvvkqyabubqt6egdzpumn	0.00275655666711062
did:plc:gz6zd3llg46njxuz5tm72wkr	0.00474492070652801
did:plc:gz74kjpyrzh7kv6wfmso4fqm	0.00671496731017427
did:plc:gz7gibexcmbc6jjkwhypyv4v	0.00381070086031203
did:plc:gzcr5zjmmixlz74xgpsz5shk	0.00902737334052533
did:plc:gzdyl5t7qxg6yxcp6fjuufpt	0.0174165457702221
did:plc:gzeu3wbysbfgagvhhi66bkpw	0.00580500769565779
did:plc:gzhlywnrdelu6hm7nfof5aci	0.00314670783126598
did:plc:gzja5of2d5khpvn22nketgfg	0.00286713012073673
did:plc:gzkn4emxwyrpbajcupeuk7iq	0.0109974424568936
did:plc:gzptourgclczol3wbqstsdct	0.00808047493821586
did:plc:gzrjpfofq64cqgudmgmgiqbm	0.0076236519201919
did:plc:gzyyjwj2wmm523uix23ej4o2	0.0055528011904065
did:plc:h24qcepfueae646oaswezqbv	0.00590931018063971
did:plc:h2hn76h6kbvg6m3knyjdvlp3	0.00214835735156712
did:plc:h2indmt2ohe5xrjerkajzgyq	0.00571533923542255
did:plc:h32ctviaxagshok5hejnzwl5	0.00360549838542826
did:plc:h35zkw3tsjybkeqcl4jcx42b	0.00292465173570033
did:plc:h36ieem5x46q47eu4ckfl2gy	0.00543776275181414
did:plc:h3hwkyuueettoddg4zgpi5au	0.0162187210508286
did:plc:h3k3353c6uthensuseizwsbt	0.00276561419699909
did:plc:h3ogy4c4ljm7iumhga2uplae	0.00537473872855328
did:plc:h3vtkt3ls34ilm4uhs2fst7t	0.00659242761847285
did:plc:h46cz27qirsqagwh4wordtjk	0.00419685631730543
did:plc:h4ejiovx5xeh5qa3vs2uehmn	0.00481985781499568
did:plc:h4i4yr73nxsjny6bihotyzb4	0.0184563758824368
did:plc:h4oe5ydbclpkhkocdjnaaaww	0.00547045951914429
did:plc:h4pouudj2zd4x4xcztka5pvg	0.00493874062188538
did:plc:h53xrzucooe3vrdd2c5epetm	0.00362567368975234
did:plc:h57fphphvn5rwiojtfcgwjiu	0.00275236470788893
did:plc:h5cyfgzmibjc7c5n5ph5czqr	0.00489962572379708
did:plc:h5fjyucpr7df2ikocrny2pzg	0.00461946232578916
did:plc:h5myao2o5xx4nmvdiz5gbiao	0.00560766721296649
did:plc:h5xmz5i45s5z4kgbqi22cfo5	0.0053908355800844
did:plc:h5yshb47uc5xo2klgilg4tpl	0.00429199285835242
did:plc:h5ysxingolyonyh6hohjgrka	0.00807061791087783
did:plc:h63rjxhq524pzv3req57u5u7	0.00442429835534638
did:plc:h6gry36pmnd375qpn7dv3nqc	0.00373728285729508
did:plc:h6hqzmb3vt7r7p3jfah5skxu	0.00336635772887064
did:plc:h6l6lmoou2ycxhrl56kguor6	0.00743990843725912
did:plc:h6p26wahxestttuyjtbh3t45	0.00789889415929406
did:plc:h6pazhkya232tnl45cptvchh	0.00872115459157302
did:plc:h6wcyjfaevaxjuletmbfgkmt	0.00587749104819975
did:plc:h6zdzm6vde4koldce6dsu4yp	0.00866634569428363
did:plc:h7433saoe7h42vf4hoyacddg	0.00668791799635514
did:plc:h74chp5xxtfvathzc2uvh7xn	0.0112320916982894
did:plc:h7csmo6h473w7hfftfpyg52u	0.00559962669206131
did:plc:h7irpe77lwe76iz4kpebyr7e	0.0131023761985217
did:plc:h7l7xwrslzyisspcf2ebgaiw	0.00300638857586132
did:plc:h7nly7gfic4zj7pfmukftzmy	0.00644814616624728
did:plc:h7qqicb64fhosb6o7t5hvgwu	0.00466708151924124
did:plc:h7ttz4bmm74hxbvnm7ydk3lv	0.00262972702693536
did:plc:h7u65pstgm2moeoaij3kkcgv	0.00413894476274969
did:plc:haag3flccbrapuijrrhocvhj	0.00669507000129195
did:plc:haevkbf2qagpqtf35vs43xcm	0.00399955560521667
did:plc:hafrf3ayoyd7q2kmdpxymqk7	0.00399742101869807
did:plc:hajtgcjguyp3e4nfz4thwta3	0.00528032303213327
did:plc:hanga5tdt4u2fbphchnsydaa	0.00750847731831169
did:plc:harz2zklekdjahsd3me5i5iz	0.00397358406118062
did:plc:hb3eljig2befjourxizwo37o	0.00816411974123306
did:plc:hbdydfgnmwpdhm2ex4bk3j2g	0.00560707354145288
did:plc:hbf5u67tf5dcpy46mnzkmote	0.00316143054744044
did:plc:hbi6yhtkh2vgxonxpffaje76	0.00720720720838792
did:plc:hbiqatp622lhilou2q3gmp4u	0.00354125778691406
did:plc:hbj76oofrtpr5lyj4ltj6yzu	0.00248362766525113
did:plc:hbmrmt55pt55bppnt2wllbxv	0.00222541940817763
did:plc:hbngj5gxrg3bnose7dedvc2e	0.0157946693130051
did:plc:hcabaaj5jg3dgzb4u7q65utg	0.00429776192021669
did:plc:hcambak7oufajensccb4ygvl	0.00371761314098012
did:plc:hcbyb6nx2bt57mveylpawfhh	0.00223835040393666
did:plc:hcdbyaxaui22rbfc6fhb6brf	0.0107663077985384
did:plc:hchydycurnarxmn2xf2eukid	0.00324331067228315
did:plc:hcom3jcugrlvgypwwe5pzcbs	0.00220796533948181
did:plc:hcqliwnspfpq2hrh7xl4rf2x	0.00685082873065822
did:plc:hctbvo2rczhrm64afprwqpkd	0.0137411347728892
did:plc:hcv5hlvoxvz7hxrrrghn62uw	0.0127366609559623
did:plc:hcycymknioy4xm6njzzotjnf	0.00640000000845758
did:plc:hcyznj2mtmgsi2hg52kyuyey	0.00530084627605752
did:plc:hd4mcdr2d4js3env3avgbikk	0.0103044496587516
did:plc:hd6or5chts4vzlp5p5temw6z	0.00270354119595596
did:plc:hdaycih2fvzx3olivstldujp	0.00505780346889975
did:plc:hdgc57nlyhkhw2n5ur5femqp	0.00878552973199603
did:plc:hdgzmuixks77o26i2ve6iz2p	0.00359572400396615
did:plc:hdhoaan3xa3jiuq4fg4mefid	0.00743370687323396
did:plc:hdjjzuerjwkya4re4kfqvveq	0.0042829223670644
did:plc:hdkjjpws2smynnxve5w654ao	0.0061381074187997
did:plc:hdzpibokql3jcmkns7wmns37	0.00616126440050512
did:plc:he235n4rmx5yzmzgutglhmkq	0.00884508466327731
did:plc:he2bftf4t46jt4edr74unet4	0.00249213288584471
did:plc:he4a2f5ducnmhaekrkgtdyvd	0.00424761277694525
did:plc:he7i35czjn2hjsw6veg4225x	0.00988979938971713
did:plc:heg7o25n3syyncqnthturtuv	0.00852525766992479
did:plc:hejsmhkmaktsded236mte5pk	0.00449027108032307
did:plc:hepy4ex7uipm4c6kgky4lijp	0.00652771415515145
did:plc:herijje4npdt6ss7momjakqx	0.0126755738535697
did:plc:heroidycl2tcdy2aaqjnodvn	0.0107991360778322
did:plc:hf5didpp2qjofsb5zwmdnsaf	0.00243733685568897
did:plc:hf6sm6eidzpdonyvgy4ity25	0.00696774193574542
did:plc:hfet57hijcwtakuduf6landi	0.00771499887024708
did:plc:hff3owdsijtqi7grc6mahfkb	0.00817641229342811
did:plc:hffh2z2zjoag6fkxstkdck6l	0.00290506981615572
did:plc:hfft7ijvljrnqwo4au74x2hx	0.00832085205907555
did:plc:hfgcux5vaescpudyidw3xz6z	0.00461526627613847
did:plc:hfiidzxhi2izvb2zmalkfdqs	0.00928652321905489
did:plc:hfn7incpnnpdpgsu3y6lifrv	0.00328009684105931
did:plc:hfqo6z4ukuy3jutkkqkr5bt3	0.00367672563338925
did:plc:hfvqoygr5hquix7ioumniaif	0.00932090547296962
did:plc:hg2ujsff6pydh3x52ow743go	0.00600841177853547
did:plc:hg7lkjof7bx5epxltycfzfkq	0.00642711072325924
did:plc:hgcmbo6cvpexlg3pujjtggp4	0.00661795119413831
did:plc:hghvi4zfl563vvz43h4zzb5k	0.00564743848375385
did:plc:hgieggov3e6tvrkolxslg4jk	0.00399326625695718
did:plc:hgiz6hkgfeipb4hjnj4rdmvg	0.00228340197992516
did:plc:hgriuorqdcud5yldxomvv5ns	0.00509447943750504
did:plc:hgufwnpxkwsaarw3rtoxsj27	0.00380789185620159
did:plc:hgvwxvj3sld5a5saaiihkl3n	0.00516543347824185
did:plc:hgxowyweznjsqurxc4qxkmuw	0.00416204217661649
did:plc:hh6r73sndvq7ho5nmega4hdr	0.0030284675955315
did:plc:hh6s3nrorsfowmz4k2wlypqu	0.00373517218740337
did:plc:hh7hmyk5ki3d6r2qlee4x6w6	0.00570261299073983
did:plc:hhees5h5plxpkvnu7626vpb2	0.00321835286362021
did:plc:hhfvhf2txs3v6htikcm53345	0.00477811231918904
did:plc:hhg3ukhaihaqstsknr4gkj3e	0.00584795321859804
did:plc:hhj4ycizhxl6wwgq3grct4fp	0.00381455399093885
did:plc:hhkjepogavkkna2ghrewkuec	0.0074736505961556
did:plc:hhn24n2jpsdd2lq2iwxlcfxn	0.00576085429486644
did:plc:hhsspfgoobgbpnickci2q7au	0.00982977704345878
did:plc:hhtrhnqyut6jmttbvd3ilplr	0.00219532083053426
did:plc:hhyzpvun2og6dfjfbafbs5hg	0.00498117799228322
did:plc:hibolm4jlxw4scugzbwrfabv	0.00895238096771939
did:plc:hid4b22hbobgpsqkjab63pab	0.00366678125395203
did:plc:hih6h3f3z3e4dfwrctx7g34u	0.00495005351483064
did:plc:hiivwltkkpgtpinonq5pcsum	0.0036372950823478
did:plc:hiqlv3equf6vcwuuukqljmec	0.00903099829203033
did:plc:hir6ieabamcikjpvsjqm3ezy	0.00823233478556501
did:plc:hisyt2l5pqmqyg2jqrozdjbh	0.00873269435900391
did:plc:hiux7jytujbrezlpe44z73gm	0.00853409863657768
did:plc:hivi5gca4px6nil2c5s2cho3	0.0034865983878822
did:plc:hiximgpnm5widljtuahudsp3	0.0074304889794966
did:plc:hiycr6xkixqfmzzx3fvqly62	0.007958115187622
did:plc:hj64jrzsfp3dwi3izqu56xmj	0.00642398287105147
did:plc:hjcdvlujrck2wwqv3qw7p475	0.0110116999393978
did:plc:hjd4rwstinu7bddqd42w3ifl	0.00946372240007109
did:plc:hjdakj5ij7ay6z5lbevcc3cc	0.00598571152740476
did:plc:hjg4zjsmt672fupiepz7tvxg	0.0110555409334488
did:plc:hjgvnriw2soe5darzpcy3js6	0.00251660440021459
did:plc:hjqays4idmio63ofvnsw53um	0.00388019886174992
did:plc:hjshxq2b3fcfrzyuqkxkbfau	0.0036809815954588
did:plc:hjslxrdfzfzypzoqmg3shgj3	0.00680161062280196
did:plc:hjvqjip7u7flic5jnd4bq7hz	0.00682530899054279
did:plc:hjwm7znw6jfwfq6f2bhmln5m	0.00292639832161223
did:plc:hjxgnxrdgp7ywzn2ddsmkpzj	0.00881305081631924
did:plc:hjyxexovzav4m5j3auv3yfck	0.00243232640256498
did:plc:hka45frcwnhf7zsks7gspown	0.00412078152779005
did:plc:hkdeogqkiyinmntxmmopr3rq	0.00653676932905357
did:plc:hkqw3om5zbc45tsaq6o6772v	0.00467718268613135
did:plc:hkte6xia3nw7ye7c57qbmdwv	0.00887830229851148
did:plc:hkw7n7r5t2htxhhnafqqpjc3	0.0031140768987571
did:plc:hkx34wojxva3te22cwhu32ff	0.00515878049876953
did:plc:hkyw4yk525hiw3jaddk3wzre	0.00295728596136732
did:plc:hkzyrr5ndakt2w5samczhg6b	0.00928321412540998
did:plc:hl2kvo7sv6srpzrjnbzplxc4	0.0121250797764142
did:plc:hlarg4juss7g4wyekxvasc7n	0.00446004934624253
did:plc:hlctvc5gqlkek5kpsx7u7x52	0.00322135296835772
did:plc:hleqckmxi73f7bravwbyc5jj	0.0077027167738515
did:plc:hloziseykk2xasbbi33xxtz6	0.00404421677029322
did:plc:hlp6rhlhupr5fbswpshlnbiz	0.00502949995178014
did:plc:hltqjh6nr7levyjzcegj3qgw	0.00586592178991266
did:plc:hlwbtdhl2qcvsyjl54r5xysb	0.00905542545183171
did:plc:hm4e5mbylpcauicnreize2b4	0.00723274989155548
did:plc:hm55opby5wnunvj4y3m2s3cf	0.0027663807037534
did:plc:hm7n4axjoupeutb32lb2yqqh	0.0114901256735389
did:plc:hmmzky3a7fisa3ny5ghcsazx	0.00692840646784305
did:plc:hn3h6awmlwmvzndbm626llb5	0.00506350128731666
did:plc:hn5pp5uxiosyc2522lrdp2fv	0.00745600954902019
did:plc:hnb4dpgt2ayr5jljd62mqfrs	0.00234241409202442
did:plc:hng753z3rg2ykky27ddchczk	0.00428237163945134
did:plc:hnjmgpa2okobtwk44vholtgg	0.00542951328347374
did:plc:hnjy6l4otki7gbekcov2cv2e	0.0171189979668585
did:plc:hnr52dvdt3xdkskfcq3scahg	0.00400129771846237
did:plc:hntc5b3lho7zurupbfozunik	0.00482467476922165
did:plc:hntx5ms5mvpk67nmrk7tovwk	0.00271691498704362
did:plc:hnzckeoup234q2nlz35rsesv	0.0118265440276566
did:plc:ho2egopi2cybw6ezkq4wp4mq	0.00671445422521747
did:plc:hog4bweadx64o7nks25vt5uz	0.0109058927085513
did:plc:hojvhacnqpotrucdka3ovssj	0.00400056148259697
did:plc:honslglm7euwuujvgigp5vwl	0.0034943786087567
did:plc:honvgzidyifkloaj3k3lqzzr	0.00514419329761711
did:plc:hoyd7xb2friwl7dhuzlhchbs	0.00317028985518921
did:plc:hozujqtxc6xlgxywealgehqe	0.00546351780104031
did:plc:hp4ay7xvfssv5gdlyc32xeo5	0.00622700254924813
did:plc:hpjvz4emj64nsoivlryyqseo	0.00598137756882755
did:plc:hpmftisceoy4runolfcwadkr	0.00407518907435565
did:plc:hpqq4ke7r4q4nbd3lifqxyfu	0.00505853447375592
did:plc:hpzdtd6bcwizpci3jsskbw4h	0.00445572768352225
did:plc:hpzrn24orwmk7ctqfd27uvyy	0.005168301087316
did:plc:hq3xffz7wqpzsle2rdf5axu7	0.00636775994589066
did:plc:hq6jfgkuvc4qbm5mu5kqx5gb	0.00416676879336279
did:plc:hq7elb5bi5bjjznknek5u433	0.0104230533434482
did:plc:hqb5wc34optosm47udisb4ee	0.00381073356654103
did:plc:hqbbtwhl3wybxqhgfqtz5tzf	0.00492680180255109
did:plc:hqddqzrfusm7d6dydzod35nk	0.0063224446789601
did:plc:hqjyr5ea336n76smlkgidx3z	0.00348284960465705
did:plc:hqkmunvlmxnsujtm74fbtgsb	0.00723393821084031
did:plc:hqp4sby2esq5iaz54ddid2gj	0.00222163991241002
did:plc:hqpus34ww6xat2poh2cedzxq	0.0040668775431468
did:plc:hqstub4iqrz4ima2evzjoyzs	0.00306483172650163
did:plc:hqyqkhdibvy6ts2nygbqebg5	0.00375547673863171
did:plc:hqyvtasrjby6nejg2kqipffd	0.00773629331119038
did:plc:hqzknfpdkel6knu6astfxhfq	0.0090159711639069
did:plc:hr2rgupkoxplbfvck6uysct2	0.0066870462376293
did:plc:hr34eskpzczkrlycvtneljho	0.00663129973626707
did:plc:hr6db3n2uyiwdq4274nicgoh	0.00333932699727368
did:plc:hr7l6yblgjgjk5qga63w66cu	0.00731602352716485
did:plc:hrw6uoi43ajvycborbg5yaeh	0.0078680203090975
did:plc:hs6ceqymqty7zoiwji5xhtxs	0.00243240051959604
did:plc:hs6f6os4vplnbt4g7gm6wrjh	0.00602730012612045
did:plc:hsbjnyso4o7svhjzebvqxta7	0.0115190784809008
did:plc:hsdpmkmnoovktzpe5xuxxcnl	0.00597878495868493
did:plc:hsevj2mpkfgrmmthuarg5iht	0.00623546819769586
did:plc:hsh6t2lvzejmh5akwydsrcdu	0.00486644317153609
did:plc:hsjgakyrghmm3latflbrflkh	0.00677363833925272
did:plc:hslu5ivqje5nqia5cxfwqb5u	0.00936515083563606
did:plc:hsnho7rdgvdvs2xl5va5255j	0.00745312682494524
did:plc:hsnrkpyiifpacp43mg63v3ia	0.00225231337012742
did:plc:hsvdzfvjvq4jbvvjluitkbtl	0.00663889612231568
did:plc:hswdvv6jfk7lksgsoovx2hqx	0.00714512543785856
did:plc:hsxhesunskd5dmqiigybl7et	0.00343689854320878
did:plc:ht2h6t3pqpcly4piwqdvumuc	0.00260607168987515
did:plc:htc4yvjdrd5cebq7x6ezlg6o	0.0029001564130846
did:plc:htferatj7aij6ym5jing7uwx	0.00406736574542368
did:plc:htgdmtsvwhiwgy3bzvgaj2pg	0.0066889632121821
did:plc:htv43ueqvlkqiubfbipsb45d	0.00919399327189341
did:plc:htxdpgcovxi6t6iqasxzwsnb	0.00208536076743073
did:plc:htywfsjbaksouuxni3d6qy7o	0.00524510792880149
did:plc:htzfwu7qnh5426ib4iiyiqwy	0.00778027747000182
did:plc:hu3mtrawx7mrpch3ub3blqts	0.00776417950201666
did:plc:hua3zmqyfdvgfwenwtfqrfln	0.00723777883362892
did:plc:hud4w4zxbty76f6yzdx4l3wm	0.00536230861555097
did:plc:huh4hyopwybx77cd7ljidv4h	0.00650598846826622
did:plc:huhbu2ibm3gvhlxtp3t7iurm	0.00244146738455335
did:plc:hujyheez3ahk3tk3p2fbz5ex	0.00562640660215052
did:plc:huk4j5d3osqz2j4rsiotxk7m	0.00897968346676575
did:plc:hv2pivc5zcz6ynrpwzfas5n5	0.00840603706669092
did:plc:hv53ib5t2o4df7z4p4m6gsqj	0.00809815951003274
did:plc:hvcb657aph3yp6jbc52d2las	0.00353011867207785
did:plc:hvdvtet55czpsb3apl76dhii	0.0163285502251766
did:plc:hvege44veofbfsyyfqj3eb55	0.00688705234295246
did:plc:hvidya5wdqtg6cafhcdcb6mq	0.00447246091018875
did:plc:hvjm3slenktjspwdycucgdr7	0.00833951076769936
did:plc:hvkgmrrlc3mo6kf4p4urs4yh	0.00511597359118267
did:plc:hvkvsybq2uven3f7yvveuyae	0.0068027210898415
did:plc:hvow4eqfxh7epuspydicbndx	0.00879839115456479
did:plc:hvvod7og3fz4wibnp3xefdmm	0.00527932424710343
did:plc:hvysua35qhane5iaq2klmt2w	0.00579601757730586
did:plc:hw23xyxrf2ggkybuesbopqig	0.00543297483146876
did:plc:hw26qxhsr5sqj4zwelzm2ck5	0.00535001813623759
did:plc:hw27doyggpba2jp4mexvt267	0.00590229813100811
did:plc:hw43yv2jwzoxtj4hsh7ua65p	0.00410362694326749
did:plc:hw4whw2epkghfiwifhnfx4x5	0.00294173467465898
did:plc:hw6sgmho6hy6miv2mddvt6oa	0.00316194665945233
did:plc:hw753x7fbyzmn5ouveyepbxx	0.00504902248645826
did:plc:hwg7dsne5awihd4obkb2or66	0.00561293219628284
did:plc:hwg7ti7pgf73xatbj5yg6mw4	0.00621781183305359
did:plc:hwjz4zsn2ojnpxijdmculwqq	0.00878809355132206
did:plc:hwpe5qs5gujgcafvp6woeeyx	0.00640414226215405
did:plc:hwvij6gaumheqclhsozbkbi4	0.00729809928736667
did:plc:hx253pamkshfhbs5dslbxk7w	0.00917190777107155
did:plc:hxamyaurcjtpai67ienvweb4	0.00502911593506055
did:plc:hxd3u7qqtbrjkjaq4zyww552	0.0127000254268119
did:plc:hxdg3h2ksp3dxqpfut2zhjbh	0.0185387132381345
did:plc:hxfcawicfe5zcllp2qdnj6lq	0.00456819665093302
did:plc:hxje2mbpurznsjbl7qqsc62w	0.00260868129531099
did:plc:hxl3hehnljt3efnhv6znfhjq	0.0059457964605999
did:plc:hxmiz6rwpxarzq5qbm2vxm4o	0.00479318302939646
did:plc:hxou64f7zidypdr3mwqlt4ua	0.0038577291384842
did:plc:hxqhksy2jsnckigjdrbyfwx2	0.00651061851036428
did:plc:hxtykuzufhf5oiv3eahulrxg	0.00962395296189708
did:plc:hxugyisevhspfpxtcbetwl5l	0.00481605351250882
did:plc:hxz454ig52tlslpa4qcg5iad	0.00844024308266482
did:plc:hyec6gihkha4xvloeizwugl5	0.00526383361211584
did:plc:hyedalfameskrpxvmgquw6fs	0.0165700083451563
did:plc:hyeqglffn32q72z2gqmhwal2	0.00799695354582007
did:plc:hyp76wdzoq5fwwuofrs2lc2v	0.00926612305687928
did:plc:hyr6phulnrjcx44yt5rrcujt	0.00777624483098105
did:plc:hywnbj3pp4q2wypdkeidqx46	0.00845140442820835
did:plc:hz345i6qpfecznh5na6tz7ia	0.00347794908613112
did:plc:hz5gbs5w6chjm2vukqcmmfsg	0.00236776144809324
did:plc:hzasjxog43d7x6msqqsie43t	0.00254968129007154
did:plc:hzck6srhtcxen2d5bltri5pv	0.00533536585424632
did:plc:hzi3m7xeqxisag7eorof6zgo	0.00972883462174908
did:plc:hzmqhzexfkb47pafgwkukg7s	0.00511892450945686
did:plc:hzqxtzrdxg5vynzuzaxmkzdn	0.00663329161457886
did:plc:hzsg3kk34shdjbuc36ys4s32	0.00332640332642342
did:plc:hzul4smcrlqh5ezqstkeukul	0.00370673048894689
did:plc:i25maa6vszqwtsf523mn3jud	0.00763491237698808
did:plc:i267mggw4boz3tm4yysmhyep	0.00608066502660598
did:plc:i2dklbglzwnjmh6vntokcmli	0.006898281702088
did:plc:i2hkfhtsgx4omzl6rdqjpvdy	0.00380098712236086
did:plc:i2jnfns7bofuw7jziwudqnj7	0.0046723373675996
did:plc:i2lbcwvpmgshwm2cprrn3qd7	0.00421140043917692
did:plc:i2mrbiczcapz7l64mueg72ie	0.013922036599128
did:plc:i2raeckbqvedtmc72a7csrcl	0.00526784990741059
did:plc:i2sejcto2ms2y5e4s3622eho	0.00685453160838106
did:plc:i32h4jvvytmo42lxxxzsjx7e	0.00399955560521667
did:plc:i35k7og7mvin6yjwzw3v4n3m	0.00742340397354585
did:plc:i3doaycsreu7wdqim6qeypyc	0.00621258330694528
did:plc:i3gk3i3thcd5mozif6dmpnd7	0.00518087620445505
did:plc:i3gkzqysoktt6c7bc54zek6p	0.00785175879488132
did:plc:i3gpifa73qggzg7msmpxuc4m	0.00379161295382331
did:plc:i3jfzorrl3fkra3vk4yzilkh	0.00895036615441233
did:plc:i3khzb27e7rgnseokpwnuron	0.00717623498116949
did:plc:i3l64jceufl7zcbk3r2sfiyc	0.00495776716929918
did:plc:i3nxnozt2prptrneskoksp6c	0.00630391506339332
did:plc:i3ot5elk7z44rzefrg2tusp6	0.00413812785413692
did:plc:i3tnj2uiexqgfzj5jjmelmc5	0.00982493748925972
did:plc:i3u6d4rr3wjr662chzahqegz	0.00746169221051226
did:plc:i42ynq3woagbafuufvznqoqr	0.0024216332571517
did:plc:i44u346wtl3panpokhzjwrue	0.00570486815655574
did:plc:i45nszv7mueezgjckm67m23t	0.00639782861743579
did:plc:i4bfh2tyxihe2ksplmtcoopk	0.00458546355440379
did:plc:i4c7vgfl5nkxo6t4zvclcbng	0.00716759281654035
did:plc:i4cqcrsupfpm52rubgwnm4xz	0.00552595224008986
did:plc:i4davkxx5iwikvvb4eo53am2	0.00761235544344655
did:plc:i4iit4l62yifkesdrdx4cslx	0.00261742560078768
did:plc:i4ngul4y7iytgut2epc6owno	0.00688693941268538
did:plc:i4y7uqs6ambnzzbo4ktqzkeq	0.00255494585279924
did:plc:i52wdrj6tyoausk5uniuuryr	0.00636649536108045
did:plc:i54psv2yo6usm6fuiymw4aqj	0.00425833924792752
did:plc:i57kw324fyujz3l5nsqwc6vf	0.00205376019338964
did:plc:i5brjgqaiuyt2gqoaqanzwmc	0.00729064039522901
did:plc:i5goe7hocckmcuupaklx3i3q	0.00618672666104212
did:plc:i5jl6mg2krxof6lgydyi2hxp	0.00556758428755625
did:plc:i5tegvlo6dfipoclkbkq4dlt	0.00558330884564858
did:plc:i62pv2ku5ctgjxstsgrxsi5a	0.00992555832389389
did:plc:i66qlkh4tsrgfxyeln7lcrau	0.00275185111652614
did:plc:i6c4h7vnkhj4iott3xbvkxs5	0.00452872912635849
did:plc:i6ihrotubantfnmdgpqv4kca	0.0128818550127593
did:plc:i6jlvqztwdqpayy34wa6a7o3	0.0041463940754644
did:plc:i6mutxagaowcohown47ucpgc	0.00910539494942069
did:plc:i6mxzh373nksuy5wbitpyi5r	0.00418330481104779
did:plc:i6oimnk5et72lv4657az2mtl	0.00687082842559918
did:plc:i6omvljc63ugeu452wcel7md	0.00202276117116227
did:plc:i6qqku7vyeimu7kzcqcc6vyb	0.0082296829899394
did:plc:i6qzq5oo3b42xtfj2rgyhmuf	0.00233835646951449
did:plc:i6y2go56qbkcg7u3oawlkamv	0.00645890521721117
did:plc:i72677y7ijk2sslhbsojcbwb	0.00265293734142218
did:plc:i72wxbeuvarbl7pai6js25jg	0.00673623764707827
did:plc:i73akt3u34kmun4pu4hjlp4k	0.00991697418100983
did:plc:i76jn3kavyutmmpsexpqus3y	0.00571882446624
did:plc:i76yjwcsp3vixc4h2vvsmvln	0.0071261552177901
did:plc:i7efhjluoyw63riwkvyuqlu2	0.00559179869534889
did:plc:i7hfxozxtrfu7nmjgddsluza	0.00684006840206702
did:plc:i7lv3abpcflafgtnc3nf5vlb	0.00479041916249297
did:plc:i7n2tdwviflxtb4j4xevf4dw	0.00389061805277686
did:plc:i7shzfdxlxy7xyuxgbu3q3qs	0.00875218804766859
did:plc:i7w2prxwzpgks4y62nzrj34j	0.00317841079471851
did:plc:i7y5u2srrzx6xfbcunbhlb3n	0.00628465804245279
did:plc:ia2t5d3ftizmicbuwpi3cnzp	0.0128454651874017
did:plc:iartakf3kxhi7wnnx7ycaid7	0.00600732600937552
did:plc:iausulfwokn6dkeong3po5po	0.00376825247325683
did:plc:iaymdppmsqqrucsy3izd543c	0.00472319859487695
did:plc:iazdcnk4adwhjrijvcnxf2d3	0.00385445575116611
did:plc:ib6skwgcz6guufdbxy4szbgq	0.00236563909248252
did:plc:ib7dxubyif2ryyuc5mmwzzic	0.00876270592686153
did:plc:ibekjilpy3owwxd52veohup7	0.00225935880962055
did:plc:ibgtfvic56rzivplphuxy3to	0.0042892156865035
did:plc:ibizd34wyaou4ignwme6aped	0.00768136558097199
did:plc:ibl4s4jqnkwj4ktw6vnn3c6v	0.00508317929827822
did:plc:ibnlktpphi5tsxmnuj3shdsu	0.00943970767618351
did:plc:ibqocdaffs6k5ftxguhimsov	0.00316174291080311
did:plc:ic4adsyc5i4hhphapgze6y6n	0.00655324511814666
did:plc:icaecb72cdffyoeo44fzhz7x	0.00447794611558242
did:plc:iceymnyetgds3xblq22wcupf	0.00668201054421217
did:plc:icge76nkdzesuiudubpn4j4u	0.0112800392425654
did:plc:icgmvzwjuuc35dy7h6pzzokj	0.0210355987348777
did:plc:icllsd2gwakiflckd46uj52s	0.00424235831634692
did:plc:icytqrphu7kq2nqa2hqsdt5f	0.00583819850098403
did:plc:id5wv7wdwrr42wykqq2jcqwn	0.0077845051325656
did:plc:iddgibddbpqowf53iac2o7gk	0.00558541469120584
did:plc:iddtcrvnur4ogmpvy4kb4bgz	0.00512536362390345
did:plc:ide3mdwolg2x5yl4ilvoeizl	0.00319353472165743
did:plc:idjsxyqczlcz7sonbgsfib3p	0.00246087591807426
did:plc:ido2vgqx7czogojw5uvqhnf7	0.00331987438323254
did:plc:idte4eyyglr4bomi2nkutdcu	0.0148514851652324
did:plc:iduhx2qsa372hrbhfmukince	0.00343517251907432
did:plc:iduknlvtwewdgwi2pby2ydwe	0.00626869924526692
did:plc:ie3ccfga3ow7y3pmu3pk3d2k	0.00249837290844969
did:plc:ie4zz3umv36hgfw6rclztnih	0.00953449243102845
did:plc:iei5jewzewdkwnharj5dcpdb	0.00557812405519531
did:plc:ieik6xcd2komgzjznawtgpae	0.00534971270073083
did:plc:iel3xrktyltqerxqtsowmts2	0.00476932521545118
did:plc:ieluhsllcmpkuopalzjxljcm	0.00252175935565302
did:plc:iemcoyoikvppj7xchovuwxhu	0.00621210987386696
did:plc:if3tgewaicvore6icsvadu7d	0.00526159039076512
did:plc:if3ufrvbrjuoz3bshc3veq7s	0.00484295004921909
did:plc:ifb7ygsvvtu2nfkiiykeb2yd	0.0217186025885894
did:plc:ifbbyqk4lza42drb3qdb66o6	0.00594181123009317
did:plc:ifck2aqlo4is7uto2zm7yr6i	0.00425844346572603
did:plc:ifi6xqgbojwquosnkvzx3gna	0.00430374904383795
did:plc:ifndzk6bor6kmwv6ojqnqisb	0.00857588357937567
did:plc:ig6ergnl7ljfyu4yfdajmzyd	0.00561612157301694
did:plc:igc3n7od6t3bizm4cybxt3yt	0.011971830992308
did:plc:igft6ak4w4dpt3dgpwifimwj	0.00444073162173242
did:plc:igga5wpluorm2z7vqhf3gmb5	0.00736512612889077
did:plc:igi6yrmkniva46takqlvykmq	0.00621332413025899
did:plc:igindqq6bta2kxm4oqfuc6t6	0.00414304404735458
did:plc:igjla6ddcuyoyus3yz26x6iq	0.00846136718243867
did:plc:igq6b2qq5eggvgy3dolpkg7g	0.00778787317359387
did:plc:igvkdeoufdee3gpkg4o2peye	0.00412979351058172
did:plc:igzd7dx7eahct5buf66yufk2	0.00822622109948864
did:plc:ih553rqs4lrrxunjbktojq27	0.00626901447584904
did:plc:ih5gpdqrkr3cnl3abrrrp3ld	0.00434502043472213
did:plc:ihdlhskuzjznqxhsddkesxor	0.013243378334438
did:plc:iheflilfrhy7ksrqkd2xnphp	0.0146938775682827
did:plc:ihltl6jndijo6ql5sktufwrk	0.0151886331011627
did:plc:ihpzmdk7mvuq4eobhz22ffxw	0.00865493757433887
did:plc:ihvzbdqrfrqspkikug3rptsh	0.0107255520593722
did:plc:ii4cm7rsilo4kvsikx4vkors	0.00424338319931606
did:plc:ii663ac7uqkc2exuorbvrbuv	0.0113350126019937
did:plc:iiakdlrptwyhanv3ft2ofyzo	0.00589970501518228
did:plc:iihqpbo242vft5tnxkqhr742	0.00938266339961353
did:plc:iile2wlfkczh7wkbmotsssgx	0.00397380234157599
did:plc:iilvxwmpivr24uloyqoz6ivw	0.00338812325443354
did:plc:iiyw7mqkf2x3asfzqmapb654	0.0083963056441363
did:plc:iizjnpy2uqoo7pbaeshx2emj	0.00223649087374559
did:plc:ij3o6bsgs32rxvzkbrmt2s4g	0.00252897787149141
did:plc:ij6fnvnvxqqbvg7lycrjazoh	0.00463857750379988
did:plc:ijc4yb24tysgjiaiib2ldgyk	0.00516476322171534
did:plc:ijgkhvxpubqao7yiwtbzpyrm	0.00575539568392007
did:plc:ijkerhts4gbemsneo7owrazh	0.0042404050021843
did:plc:ijqkqqfqwqc22rjl3dli6wnx	0.00403825717349557
did:plc:ijukbhzjzq3sggq466xcng6i	0.00503738685906985
did:plc:ijzzglblfrszkaosrwxmplsv	0.0060835041003333
did:plc:ik2ymjjlh62e5tza3sv2jn3a	0.00807876799206344
did:plc:ika35pwclu7wz246tap7v7yz	0.00832059774369844
did:plc:ikba5wv6rncerapjek32ro2r	0.0071680376028206
did:plc:ikfp5yim6wepvzr7eeouqxfj	0.00397169266349052
did:plc:ikh4vgrd3zwxjje5naabwms5	0.00573807380973636
did:plc:ikhrpn3k4jgnxmqtzxh4s2yb	0.00465157885338553
did:plc:ikixb22xa76u4oyoevanmr6b	0.00484049884108796
did:plc:ikkzzavuvkfdaqiglgwchjmk	0.00331073206917707
did:plc:ikmc7fb6ecelslfncvwtzaw7	0.00785062593284282
did:plc:iknetf6i4t4hcd7ikjz36dmq	0.00472720110318362
did:plc:iky4l3crktsyx7d4rkkqbowh	0.00499628654450297
did:plc:il4ihlt2ux3abinygb3mvrwy	0.00584504415096486
did:plc:il7345tnmrhnzaufvgk5qfcx	0.00272919683654686
did:plc:ilahr4yadzmzl4rcjhwb5cso	0.00436611255779745
did:plc:ilbfprvgjl7fwjlnbaoyvvs4	0.00359798512840686
did:plc:ilc2jutsgvjrbhlz3usr7cai	0.00249551587017065
did:plc:ile5rplvhvby7n4g7z2qbbo3	0.00300102474029386
did:plc:ilk7hlhno55a5var2axy55z7	0.00603424081032951
did:plc:illgazoz7ckpafqyx2v4g7py	0.00760578468632414
did:plc:ilti6muqbmohe6oivgm7xunw	0.00671950379194881
did:plc:ilusqgfrrzijbeml2og6m56f	0.00603928856055142
did:plc:ilv5v34yldlhupx5oyji67sj	0.00358109878631957
did:plc:im3653dmbcjvmsdzup6rzthn	0.0060985797847482
did:plc:imau5fyex2peygwbhyg5jn5c	0.00922233300380189
did:plc:imbk7krjfwymgt2q4mj2khfd	0.00741449414124158
did:plc:imdp64ujcclu2l5unap7lctw	0.0048015364924879
did:plc:imgrjfjxr2zsyb2mvityxyyp	0.0114247311901543
did:plc:imhicn4pmr36bajviy75puqx	0.00303724928380117
did:plc:imjkp7h5mws3qywu4ohbdhuq	0.00603182142017121
did:plc:imkkyzdu3xzwxdj3mrlrob3p	0.00691343800179838
did:plc:imwd757kk3bw4rwtk6ome2ig	0.00485025791132565
did:plc:imwg2nrxe2woxxb2gxuz7bjb	0.00808216871944821
did:plc:imwhkm2ppavzcu7wmzfwkbij	0.00840978593642605
did:plc:inihhhimv6v6qsrfszfyny5m	0.00446026679862586
did:plc:inixcrs3pf5ck2oofyyoouwk	0.00283163884485795
did:plc:io3q6wvxdokmt7j2pefm56d2	0.00259813611978401
did:plc:io7odhwg4oil4bmnequuvoia	0.00393804148100136
did:plc:iodga37z5fx7tdcxv7qva4ju	0.0057148487559566
did:plc:ioesqtdrefo6bzpd5ij3qjsq	0.00725453408495996
did:plc:iohbateayghxus42enyazewi	0.00377824042115362
did:plc:iokw5s6enlazonyetojw3b67	0.00764737122107971
did:plc:iop5gsopu4fu7kx6c5jtwapy	0.00374465835534144
did:plc:ioxnnxouc7oh7xofkznmmun6	0.00952380952635526
did:plc:ioxy4jhed2kij6dr57qr2onv	0.00284818113071648
did:plc:ip7cvxnx332exabuytdeqi7p	0.00756938604377844
did:plc:ipby3dzsbdvqio2va2kj7fed	0.00722543352718329
did:plc:ipmlc2vc2qdj6jgtrb2jlsz2	0.00538415003081976
did:plc:iprdhvdbkioant2ipkqyvkyo	0.00647198105794345
did:plc:iqbvdeyvwbp3vao5ihblgzds	0.00709013209137275
did:plc:iqekwvetwwath4wmwyac6j32	0.00347384594873206
did:plc:iqelqsuimny7bk4lw4tpeiei	0.00663521085231663
did:plc:iqmpxeruup2ss44l6gqlu6hr	0.00997652582380959
did:plc:iqphcfff77fmkb2tcmznqzcm	0.0181451613361134
did:plc:iqth6ll6decaaqotlpqm7l5z	0.00753904146988068
did:plc:iqv5aimcv7qfsn5d7frt3w6a	0.00494571773294805
did:plc:iqxvfvzdyi336jvmxoumpp3f	0.0111620795185954
did:plc:ir3rnn4gmwk3i6julogyhsi2	0.00278572504144452
did:plc:ir5wi7szideu2ji6an5ka4vs	0.00693533270985491
did:plc:ir5ztj2ouibziire57p2p2bt	0.0070791448405499
did:plc:ircojvmjd7xljfzl67tfxzoz	0.00393567211809706
did:plc:irdgvvfdzks6iuzea7vfuzno	0.0078864353357274
did:plc:irfliv4ubdbu5ul4b4nc3aec	0.00356884407322155
did:plc:irqadwjjuosfet7nr3xnt53i	0.00471698113224663
did:plc:irtoxengi7u6empf2vpy4w73	0.00346234697707263
did:plc:irwosxo2wwd47qguntxz6432	0.0115176151833332
did:plc:is5v4nlquet5cpqwgs5exjux	0.00380589914400352
did:plc:isdubedrykoyzsnvisnnozy7	0.00289116816977119
did:plc:isi3ejdhmke2dmgkgoticnne	0.0126920507735654
did:plc:isliyiq3gjuxpwysdpdgj5t3	0.00329699149536387
did:plc:ismyc4dhcnp3d3il5673s7es	0.00555758387343275
did:plc:iszsveukhgzoaig6zbeipe3i	0.00473878872021505
did:plc:it6aljupram2ijn4o2d7qevq	0.00591100651520602
did:plc:itcajl3dcdex6mb2fahdliwe	0.00557862372868213
did:plc:itde7tmta57jq4fcmu3n6vb3	0.00684175678796331
did:plc:iteqmon4awn3gy3kvlpkd2qu	0.00572578149416922
did:plc:itevruh77gyerwbajmyn4wwe	0.00938763720658701
did:plc:itg2ta7w52wbyvp6qitnjhvb	0.00976333672976753
did:plc:itg7osmgvvytvo7ofgsu4a6j	0.00929211015648406
did:plc:itliunb7o3ppybacjhby4kwr	0.00627437680355986
did:plc:itmn4fk3nagdrt622u7f53fh	0.00606645526188196
did:plc:itq6iizoodd436si4kusy47k	0.00517821696793473
did:plc:itxocqmgbyvhij2dntl6cqdr	0.00556474658101857
did:plc:itxp2g4nfzjjo4e2uvabapzd	0.00318334644824472
did:plc:itzqgmwg37oy24bqoz6oiqu7	0.00872554204456255
did:plc:iubjl4nrvklzgk65vzivnopb	0.00848017621506608
did:plc:iubjszsb2xp5yrgo65mn4hau	0.0113259668885956
did:plc:iudqcu3ocuvdnwbrbyefeyzj	0.00429226898241804
did:plc:iuhcfmi7azv7vd7t67mxrdi6	0.00595637584102934
did:plc:iuhhxvswn7mk2zvgokarrofi	0.0119873817353079
did:plc:iuhlrwmr6mm3vyze72miqrdg	0.00462265099076056
did:plc:iurilm3cuyl72k2bwe27wswx	0.00389209502111132
did:plc:iuwjrn6oqkldcrw4unyyaqx2	0.0043081275720255
did:plc:iuy7wrhz3g3j7yflmmoe5dix	0.00629576404749054
did:plc:iv2opzzcinjgibxaobzdsbs4	0.00204045939495469
did:plc:iv5vkiembaoovas4bbfal36g	0.0162271805401937
did:plc:iv7zfdiqr57xmiq7skr67634	0.00305448436498935
did:plc:ivf2g6fn6iee3i4ndes2rjaj	0.00349718282537646
did:plc:ivi7qxb245pr36bedlkzs3dx	0.011710239658248
did:plc:ivk2st5qivhawk3nofrymjde	0.00455005055707276
did:plc:ivm4ozwyfbcbf2ibvbw7wmzi	0.00363846853589662
did:plc:ivn4vk5o3ybdkoie3zeqr65u	0.00653594771400547
did:plc:ivn4xhafftaoizrtonzx6xio	0.00321543408362363
did:plc:ivnbdaq65guz2grjx6ec6luq	0.00313102881191177
did:plc:ivzophxqgati3bg3wuyvqlld	0.00599201065452883
did:plc:iwb2fxm5a66qp3bx7zxim7d4	0.0044420244178336
did:plc:iwcmupxb6jorbm7n64mzzc2r	0.00753261069779867
did:plc:iwhukrylmhhnf55f6ltg2nhj	0.0046917857667137
did:plc:iwl3yxbegpmgysqrk2hwncgl	0.00290534612468076
did:plc:iwxxcb3647xuxw5hqtap5yso	0.00307783955533064
did:plc:ixbzf5j4mkj7i6piqhlj6tjm	0.00423959934570267
did:plc:ixmkp6x5ft23bgm53bdxnn2i	0.00687070580914234
did:plc:ixmxruwqvrndsa3crt2wah64	0.00577986262585931
did:plc:ixowxhtrwe4zq7o77hj2gg35	0.00241994484782368
did:plc:ixrx47fe63hj3imcnausupyl	0.00574382539005668
did:plc:ixsyqegqoji2xdqdklu5kzym	0.0162802170822463
did:plc:ixvx7ne5zytmgkcz552qfqx2	0.00263622851074005
did:plc:ixynenrciuz6jsxyiq46q7f7	0.00563615489038372
did:plc:ixzqju7diim2tzt7wqpmcfsa	0.013856812953616
did:plc:ixzqwwpi2onygaxqscazlmcv	0.00620725329227477
did:plc:ixzvzf764iwweg3wyfafq4ax	0.00425491679297297
did:plc:iy2uiow2bkglyzgjqj2hod63	0.00502130249897066
did:plc:iy5dxzp2f3or4jxc5yjqvaho	0.011599297047454
did:plc:iy6a6cfdfkydmteguia7jalg	0.00642190718694006
did:plc:iybncnx6afgtn46blc3xegy2	0.00287597363706694
did:plc:iyec5mg7xg64zpiawpjcriqb	0.00638066793409108
did:plc:iyl3c7alwyylttw4ke7dhojj	0.00788412175000899
did:plc:iymj2izjac7alnnl7or52vt7	0.00357764455657929
did:plc:iyngz7wn4242vytetlzuo3mu	0.00834175935667793
did:plc:iypcyur5rzx4u6q3xvtuugiz	0.00261378487435553
did:plc:iyvvgm6kd5xo5kaltlrvocnd	0.00979083222120721
did:plc:izettxijwpv2hzc5eueqitsm	0.0117050331711016
did:plc:izfrye2i7dvvepi42nz6zahd	0.00753325854018623
did:plc:izmoampwwevl5i3abnlfzycl	0.00539279988342168
did:plc:iznjfj7zwstoaemehcvzvd3n	0.00484554815342306
did:plc:izqsf377ggxnaszitgvemb3e	0.00568412505123596
did:plc:iztvuuc5lqyf6vk2zdlbntzt	0.006892307692578
did:plc:izuhpds2cpdubpdwddphqjir	0.00537737660898567
did:plc:izwvu3mbq6xwow7fa7ru5yji	0.0174860618450041
did:plc:izxrgd74aaftvtqk7tg4cs3t	0.0035454008276722
did:plc:izypxxcyf3e3axuvcvtfam22	0.00517177687541536
did:plc:j22jo3rt2jtdh2nbaemoprcf	0.00481584852047707
did:plc:j2btvoz7xmwqhumz2jtno7pn	0.0100777425878079
did:plc:j2grjun7nwvhecglwxx6wt3g	0.00355113636365276
did:plc:j2mf3yf2wq52nwgwyw2ozxr2	0.00410884564721066
did:plc:j2y6uom2kmta4oy2rbqkjxdh	0.00401048897143684
did:plc:j34cb5ckkfpzaxclc2yon5rx	0.00618698441983945
did:plc:j34o52wfqnrpxstgrslhvfk5	0.00858466057052075
did:plc:j3a762gtes2jdm4f2kd27gfr	0.00920660710859987
did:plc:j3cynyhqc4fiyl6khk3to5b7	0.00423080385297085
did:plc:j3qupqfv2us76eqbyt2o5gx2	0.00576740983274036
did:plc:j3ufbtivp5etmagde64tg725	0.00391504355486003
did:plc:j46kzv6oo4cqclrwdqpkrg6s	0.006012884755086
did:plc:j4akwoxt34uwiwjzfgtv5jlx	0.0041682455478059
did:plc:j4l3tr6wa7wyhp2ogacwnuuo	0.0063318463105687
did:plc:j4l7csuiwkigczfevuyz4p4g	0.0024430641822053
did:plc:j4llwnrwkbds5iwg7gzngk4k	0.00636942675166101
did:plc:j4tcsajt3vjddw7sqorauav4	0.00245130810719729
did:plc:j53nweigw3ndqwnhns2373qf	0.00260890188952068
did:plc:j5gp4ui54epq344c4wm6uqvo	0.0025003472705038
did:plc:j5pfcdj7qxah27fcnnfkpohd	0.00264776221407712
did:plc:j5tvmw662zrv6bfi2h3lrujh	0.00369134453534809
did:plc:j62n6mctpdb632jcvmls3vbx	0.00707762557202356
did:plc:j62tfw7wdhfk5lrhna52gzhn	0.0086712573356907
did:plc:j64laox6atslbxynq7r3ox36	0.00915287244688123
did:plc:j6dcm5qfhar6oc6n427labdu	0.00534681022544297
did:plc:j6nyptv22eigr2v27xga2kr3	0.00492153403362387
did:plc:j6ozsjzo7ks6q6oasb6b2bee	0.00282149351073343
did:plc:j6vztxolpbocf223gqiwmwc7	0.0113041658020289
did:plc:j6yhpokdrklazgj4mdkdv5ua	0.00577594414517777
did:plc:j6yrrom2fxs6adl4eatafkrw	0.00883790899153055
did:plc:j72uc4oprfnbdyjluybjjwfo	0.00371300073249807
did:plc:j7axb5ioeqhbaa3byaupxq23	0.00693000693133635
did:plc:j7el6dc5dgg3asdmogmblzgn	0.00388821385207154
did:plc:j7itjdnxbprz7t5gy6pxfqky	0.0101394169940633
did:plc:j7jvr4zqw2uncieqfd7bj77o	0.0216736906821378
did:plc:j7l7olcf4wkozvc4t3rlblgd	0.00738708315766959
did:plc:j7pbxrsmmeggpnush6vlp2yo	0.0071844419670602
did:plc:j7qynjtrq2p27itdcpvqt5js	0.0140603566726567
did:plc:j7uogfoni6ug7g436jkuyhrc	0.00438778535535189
did:plc:j7urceld5guufyse5fljd4qq	0.0162079510831924
did:plc:ja2l6misgzqek3q2bnt73axd	0.00256410256414828
did:plc:ja4b7fkmmim2ct3vdnvv4qx3	0.00702811245107327
did:plc:ja4ukekt3ghdtaf5ff6dzfrp	0.00857076673965775
did:plc:jahkj5psscpviekl36j3yrft	0.00341921502574402
did:plc:jahrb6frow7ld7fb3xftgbap	0.00388305895220596
did:plc:jamymhnjtcpp2urhmd6rzu6a	0.00423728813678176
did:plc:jaqgfsb7nynze5azista7be2	0.00381011624907278
did:plc:jaqzzve5zomhu3kiwhhk77pn	0.00367372539686256
did:plc:jas7pte6o33orx4ds35jvqvt	0.00631621842066833
did:plc:jauncocld5nopf7c55vmt3j4	0.00380937572916454
did:plc:jb4o7ihiiq57zd73etrqmnf4	0.0131578947608995
did:plc:jb7dzwqfk4ksewve54ftlk3c	0.00554388912274064
did:plc:jbbecdhitlhn5krvwg7jzwy7	0.00244308324191866
did:plc:jbdrhadsthrumwfpejlllonb	0.00580827801867006
did:plc:jbfjei3jni4js7ruuthirrya	0.0044551761675271
did:plc:jbhj5ol5wizphulra3kmq6kp	0.00398247710104432
did:plc:jbirfe7p6rieftcr3wuxtlpc	0.00544312631120926
did:plc:jbnpm3x2r7mm4egktmwqwiib	0.00975456262036731
did:plc:jbofez5apvhan7qpxory4v2r	0.00899769826625633
did:plc:jbp45wyyawv7qzgqb5idtcul	0.00867760801534118
did:plc:jbplpkzmjym56khuuqvs3rks	0.00848153215135342
did:plc:jbzbvsknm3zltdgq3cqjs32p	0.00390680293323838
did:plc:jc3y7huqsnrsst54fult3nkp	0.00338155728111711
did:plc:jcafp4uwpvr2qfnf4b7lymgp	0.005293079788879
did:plc:jcdlhkfmbft2crle3g3amu77	0.00454161385739539
did:plc:jcf23ciks7v2yt5hfy2hf64m	0.00276774149585025
did:plc:jcgsmdp3ljkdlwma6nxxj5xh	0.00359963654194614
did:plc:jctkc2c7phkmisjjqrk522lf	0.0080686695320944
did:plc:jctuhjfkmzn6mjxtjurndopu	0.00490469982071369
did:plc:jcu4b2ljm5o3bur2hx3saz2i	0.00688112850643303
did:plc:jd3lgn4tohmwnk6433tacbk3	0.00848821894111117
did:plc:jd47aa542kmpp24xtvceouto	0.0076554428380558
did:plc:jd4fwyvnlhle6lotfco4t6wq	0.00474153960664372
did:plc:jd77z4oerlmtynezch63jdw4	0.00878576256238143
did:plc:jdcqlm5z76kiezuh4vir26am	0.00327161043364983
did:plc:jdcr5cy4hctn3oeemjkr4jmx	0.00604524181168315
did:plc:jddwmj6bmhssfqkizpu32jkk	0.00518056911243809
did:plc:jddxsafjzr5vat24bvqmdwvv	0.00517879161593335
did:plc:jdg6biuhuehykzfkws3pgfz5	0.00328719723193816
did:plc:jdiq5ckqganfbvv6uwmz364o	0.0114434330372314
did:plc:jdnumsskcbf4hlg3bqvk3fqm	0.00432480497981179
did:plc:jdomeo3t6p4a5xniw4465jer	0.00485186332276308
did:plc:jdrug6a25ri2rdfqamatnd2r	0.00272180307516148
did:plc:jduf2x7dzxph3qa3li7e7ebm	0.00480192076911769
did:plc:jdvt4ekzm4mio5h7dbsdc63w	0.00604480265698335
did:plc:jdwghlz7xad26vgx3p7wvnmv	0.00454464444936387
did:plc:je2hxks3wv2eptk4pfr3umhs	0.00664338642515435
did:plc:jecdvqsvsblh2ublfcsent4q	0.00538827258377166
did:plc:jeecf2cgis5o6kz7b262xio2	0.00297511253700805
did:plc:jegjnf45v2lggoljeyqu53bz	0.00519264721167612
did:plc:jeieomdc3inf62oxorqdvm4z	0.00534340267941097
did:plc:jekasefze4w2oprkp67o2zyq	0.00625883303229638
did:plc:jeqnh4x6dumw4jmdoindfphp	0.00933125973359897
did:plc:jet34vqnklnvf77xper2tppg	0.00643611911789731
did:plc:jexyewwbljbwmono2a66nalo	0.00633691252411752
did:plc:jey4l53nlpuiy2g5afrxxlbo	0.0034638679171441
did:plc:jeya4thircvdfpmvk37r4k6t	0.00355946398700664
did:plc:jez4f3lshti5yf2cqhga25zx	0.00588328828330925
did:plc:jfbzihvo3gv5pimjz4vbedqc	0.0111835974297263
did:plc:jfd4pjbwn2w63ft3gj3ubq5j	0.00512820512886825
did:plc:jfo3st2y4ifixrfvaziqdwma	0.0109766395011128
did:plc:jfol4wohoqvk3nmqk7hibe2o	0.0108695652259401
did:plc:jfzfcnm7wtf6l2pggvvwpofe	0.00392191040643717
did:plc:jg7pov3uc3plhoc3bjaz7oxu	0.00525344313810834
did:plc:jgciqemb4cyyf4cbptyinxxz	0.00218851032089225
did:plc:jgeiqsvopk3s6elikkg7grzz	0.00954793452895423
did:plc:jger236q4valixmplwg3bexd	0.00453055716310422
did:plc:jgi6hguyzrfbsxmfdeyxenxn	0.00707236842230274
did:plc:jgiqnnnyimjf5viaezjr6h43	0.00553505535107913
did:plc:jgmzbhbeoewiyb3m5gzc4mwp	0.00743657043406659
did:plc:jgscgawee3m2vdxigntl332s	0.0115128912310221
did:plc:jgt3ftbbskw6tjpk2a4auyva	0.00574291300332712
did:plc:jh3auahjetgz32ri7fcwhnyw	0.0068041675540312
did:plc:jh46ay4rybzsbzy3mm47tbx3	0.00318415000896002
did:plc:jhdrtcd63rmaokdcu7l5gbyd	0.00370924708827386
did:plc:jhnhmrz4fe4adnustt3ojner	0.00546110252501949
did:plc:jhrbdowtokmputu3w4gulf3q	0.00795412504712142
did:plc:jhtwcchucrq3yuhfcwhhu2bc	0.00341766986375495
did:plc:jhzjfbyk2p7bt4zww24guscb	0.00627657420709906
did:plc:jicazc4lxvrykfekp7clrxhz	0.00281690140862008
did:plc:jihjctxip2vxsb5fuopk2dda	0.00581167046484375
did:plc:jihjhwotoytfuvuzxdids7dx	0.00420534793327511
did:plc:jihugokfzcmepbgirhjomh7q	0.00519062108529994
did:plc:jiiojj6hvkkbkwzxyoc22ssi	0.0134228188146041
did:plc:jijymd5gvy4huxx645iuq6ii	0.00744514107118223
did:plc:jiqvk3dyj4j32hdkjwugofy5	0.00270460180060905
did:plc:jir6o4a4rfcpxc4lqcabn363	0.00663507109156384
did:plc:jirufupixwv46qe5xwk45kmu	0.0114347357139196
did:plc:jj5hobdtirmme7jnndxm3uqc	0.00482805353289937
did:plc:jj5iunxncqk25fswgr2qnnlq	0.00390320062481814
did:plc:jj5jvkds2j5say6sdin33s6j	0.00379946251672166
did:plc:jj5rig4zoeycn25ej5jvh4x3	0.0034202650706351
did:plc:jjasx7knr55b6tazqoo356wl	0.0067555555569916
did:plc:jjfapsiurdnoelh5pzbjtde3	0.0171031534486001
did:plc:jjggvtixlgu36kxuh6ivngvc	0.00364287847156421
did:plc:jjjc67xxgb6igftse4ii5lfo	0.00266552020656476
did:plc:jjvnfqstsmryz77juzkfdqlc	0.00787711697970028
did:plc:jjyhgp2xad7wmwbxiabrsopx	0.00750968992769434
did:plc:jjytb7uo6odoyaqet6dxlwwm	0.00672931894796658
did:plc:jjzkdschtnahvaxbrjpvs7mn	0.00710020978510199
did:plc:jk244psvwxkkq7tajq463i6v	0.00493726502769558
did:plc:jk2a3bicyi5dq3xoe2llpveg	0.00521014241119108
did:plc:jkl45wkasao52f7qpond4muz	0.00809476801995136
did:plc:jknayw4yszeouxedsxoixptd	0.00340408490234976
did:plc:jkobrlwulbrpyi6pjdtxzr5a	0.0061833171696759
did:plc:jkt3v7yocmnrppge5stgsxgp	0.00376047220140959
did:plc:jl2iobq2j4gjrloeh5g3sana	0.00427553444296143
did:plc:jl2jmowogmddur3dcrg7nocf	0.00243868450395563
did:plc:jl6dseekztlyuzppil4coju6	0.00965250965495447
did:plc:jl6l7arx3akwq7l4eqapqryl	0.00348539662974705
did:plc:jlauwndsxtpgabwhbqvsuxtj	0.0114247311901543
did:plc:jlaxq3nhsz5bhdlyrg6ujrvc	0.0143884892123105
did:plc:jlcljvwsreazb2qxww42j55f	0.00638335082367064
did:plc:jlenf65p6egvl37u4vceg4eo	0.00770821583486176
did:plc:jlg7cgoeuepaoegcokao33eb	0.00281400599875336
did:plc:jlqlkpazwa65jgtulpvmvszu	0.00308378404035884
did:plc:jlvzvgqglgncjgixczsvodmr	0.00216909511018398
did:plc:jm677mwrqixfv7gfobpwzhon	0.00939401958455318
did:plc:jmadk6ikpllvapznsaaf4xlq	0.0036279683381145
did:plc:jmaixcxs2gb7z3ahzapyq5w4	0.0060069079461857
did:plc:jmatqun3dvnc6wnbfv76bizp	0.00329534532483227
did:plc:jmazf7qkc6k7ogr4eitxrpf3	0.00622665006410481
did:plc:jmc6jcs4bpf7evek2m7yrm4o	0.00263782643122959
did:plc:jmn7eqshbqdxzbsizc6ew4sb	0.00734294261737922
did:plc:jmshwzghsevrnn5hfzauu6wy	0.00891410048933125
did:plc:jmws5cfoxr36afzbm6e5fshu	0.00294879814151017
did:plc:jmwy7ec3npeulnotmonncdst	0.006982156711928
did:plc:jn6zex7pfe2udrvlotdybkse	0.00441419900785363
did:plc:jnh4fiudahv3ymptm22vhlje	0.00460866110540825
did:plc:jnj7475sbm3pzeal46jobcrl	0.015880017712816
did:plc:jnjlyfnlwxbieupqbmw4dxoi	0.00391036246082469
did:plc:jnljrzh2rxtsz6yu57f7l5p5	0.00481730594517624
did:plc:jnpce3zjfzcp3fu2vor2z4do	0.0038461538464741
did:plc:jnt4c7dtnslwxzohvixl3elv	0.00755965037128087
did:plc:jnt6gwqpomsri2t2y3vahucg	0.00516717325551963
did:plc:jnyj7wx26vxi7rromgz26duo	0.00361197110462008
did:plc:jnzbdoifh77lg2cdvjyba5xg	0.0118534482824486
did:plc:jo7vi7r3sohxeer7hsf6nuba	0.00600892755154997
did:plc:joammmucuhqgjb7yybh3n5pu	0.00544987146805067
did:plc:joayytkqtpvso6kjmv3xnux6	0.00783517121758714
did:plc:joc5odyx322wixrmaqku6os3	0.00332939533894671
did:plc:jod6f32oedw4qpeznwu7qg4o	0.0053339798769369
did:plc:jolg2mif6wf5wbyvb6khazwc	0.0039589774541455
did:plc:jom5ichnjl2g5yaded6j425i	0.0074320050654687
did:plc:jotbqhwbi4n5ijck5w7qm7r7	0.00354695687264038
did:plc:jozdz52lzpgfquihzjahdo5n	0.00601116359156894
did:plc:jp63azhhbjm7hzse6bx6oq43	0.00377273635988456
did:plc:jp7xg2p7tkufjvieho5s7bzr	0.00703157314342025
did:plc:jpe37bosxnokger22uh3px6g	0.00292094600976188
did:plc:jpg6unruvmkxyhgqol355sns	0.00274551214379516
did:plc:jpibiralv3hyuudpfcsp75u4	0.00511526395096091
did:plc:jpk3yccni4rvxwl4xyj3qhq2	0.00402554136729923
did:plc:jplwc6ozcungiw3cd2hdsias	0.00268316195392521
did:plc:jpp3dccvjyjwucxkacqujcai	0.00321816361965858
did:plc:jprqnqu7p32ep6k2cd3xdzi7	0.00432666306115871
did:plc:jpxvf6w6z2vpuwuuc7qfgx7f	0.00471828265633765
did:plc:jqa7ew6he77osqzppxwvfifa	0.00651789659903755
did:plc:jqbslgd763zwen5kqzstkbga	0.00262409796653634
did:plc:jqlurwg72gd7a77inw77pggg	0.00669811320902082
did:plc:jqpmq733llx2gciklg2jtxlq	0.00592281238272801
did:plc:jqsakeeaq2ujwwsewduo3imq	0.00232348973173729
did:plc:jqxufbk3cuvbii5prxcls2mk	0.00827602286592538
did:plc:jqygg565di6shry6swq6ccsc	0.00435806831588356
did:plc:jrimcg7opquz5jtrqzf2gaic	0.00470878668825176
did:plc:jrmlua22i56pb4rjp5ief5sz	0.00559019565735801
did:plc:jrpboyte7g2qca36bcbbnly7	0.00723170378964652
did:plc:jrq7uwepqfkdffi5ui2wvqvi	0.00502781343603022
did:plc:jsckgnlyqskbbpk7zgs26rd4	0.0121753246814011
did:plc:jsdw63kg5j3563gkmemdrxzs	0.00322451862554449
did:plc:jsixmxr7bhkknzf5efnzhdm3	0.0060703667016883
did:plc:jsmviry2utkfwgbffv77equu	0.00529522704252804
did:plc:jstl7zm6wat4tt7yaqoefnot	0.00580334936390765
did:plc:jstw57juj7ce4fj3ueblhqne	0.00528745504381634
did:plc:jswpxb2bspqcby552c7kduz6	0.00516638808756518
did:plc:jt3timfz3vdblvstiwwfyqnj	0.0087054198292293
did:plc:jt74nxow5nvrzy5g6de2hdbw	0.00312359497397403
did:plc:jt7hbtm5m6dkcnwoyzwcvpjc	0.0021960695985891
did:plc:jtk6mjcracpjzjhl7khanq2e	0.00550986185685312
did:plc:jtkda57l6tin3m7j5hwzpv6s	0.00419737263722005
did:plc:jtkhmsqk6bxzicimxfpyxgna	0.00781686209283795
did:plc:jtsgoushgdlapq7z6o5wibam	0.00271550154007836
did:plc:jtvomih6zjzmw7bg7zbjifcz	0.00465370928093565
did:plc:jty5sfdpodlrahjpo75hvdhm	0.00557656560528275
did:plc:jubwexftvhnke3ftfl6rdhf6	0.0148574894042048
did:plc:jucas2capf2yyxt44tczp4we	0.00490918017069973
did:plc:juhjimwsxlpecu3pyr6tfyze	0.00345363495087509
did:plc:jukrhnjpznxphef6qflrzqbw	0.00629559308661858
did:plc:juo52vphsiwaakoy7ydnrdnh	0.00413540103386051
did:plc:juv5o6vqrhoboord6ev67fb2	0.00590099442900225
did:plc:jv3g37tg7f47wcvd45m2ha5p	0.00270218474530637
did:plc:jvawax5q5zdqjdwuiyfy2tl4	0.00521110284015081
did:plc:jvhf36loasspmffobuyfpopz	0.00347902097945788
did:plc:jvjlboaaf623mjo6w3hpseto	0.00425027181994489
did:plc:jvml6z4ivpq4w3ag6izz6eqx	0.00734423122505131
did:plc:jvr325ahztbeau7sumxjiiop	0.00613045610786146
did:plc:jvr3vjdk3lujgomkhvl67i6m	0.00400868548527435
did:plc:jvt2qr3e7erkyilqy6nbsi2q	0.00561528453107904
did:plc:jvurfoyjrwnncjdjldztsxqz	0.00423216445005721
did:plc:jvv7fhuouco3hnrxl6pqganr	0.00630063006477996
did:plc:jvxctnaihzm2h7hhpelhxewf	0.00567908364665036
did:plc:jvzto7xcdbthjsd5ntatdfqk	0.00494044993457625
did:plc:jw3r342sek5r3sqp6e6gfxpu	0.00355812991352288
did:plc:jw63q7azk7o6ucacucfetpxz	0.00360698311970958
did:plc:jw6g5f4bflnhzmanjtsd2als	0.00743667209461002
did:plc:jw6hvjpnepq5yrfasv6wzq7v	0.00803023146387101
did:plc:jwfvgswvwqyizv3zu6c4l47o	0.00324329802879164
did:plc:jwlgol37ixl5p2arhw4hnio2	0.00307485346465704
did:plc:jwllmycvxft5gmxrhmixawgr	0.00467081850621997
did:plc:jwlplkujospek3tyxsavjx42	0.00563181978226564
did:plc:jwpy5d7vh22l2e4wple3rvg4	0.00575228244468324
did:plc:jwujusqjvkudxyqfcnkosqgy	0.00453653751935557
did:plc:jx4bs3n2nh5av2u6szyivie3	0.0022293513131567
did:plc:jx6bbp6ji6mlxawkxgf4fqub	0.00426609418551439
did:plc:jx7624glb47636xoa4aad7r3	0.00462920524428339
did:plc:jx7z3mipswzrpxxtguhvdgrp	0.00307293417263198
did:plc:jxlbppqmpae23smw3fg5s6rh	0.00620860927337773
did:plc:jxqrcwweeelly73tczzyisyn	0.00584577114472387
did:plc:jxqridi7d7wq53hl2l64ntu4	0.00575373993329132
did:plc:jxsyr4qmaka75wldfshv3krb	0.00928641251496591
did:plc:jxyfwikxf6rrdotcfzldr2hh	0.00751408892192335
did:plc:jy2hn4ksraoyb2yff37hjpka	0.010201268276133
did:plc:jy42py4sxrfhhihtnmnaexca	0.00404960769452784
did:plc:jy4ccf6y5boeoj6nf3nkgyla	0.00695908899329918
did:plc:jy5jhlr4opmzumbziawfo5hc	0.00370703212797064
did:plc:jy5uujllighm6bzvgai3tux4	0.00786627335753103
did:plc:jyblerznzbhx4c3nrqws4kc3	0.0102811582140529
did:plc:jyfzgrw4raietzndf4xcs5ci	0.00308767224800285
did:plc:jyig55vyeqeqmj7a76ob2e3a	0.00441188056514054
did:plc:jyncnfpjhe2hjbulhfuqlwwf	0.00299769242395681
did:plc:jynfuqe7rt7ribkz6moatxym	0.0030221380717931
did:plc:jywcdfi3uha4uey4sjxv6ckc	0.0024996429082056
did:plc:jz5xur5pkppqs6maakbmayma	0.00711053652353115
did:plc:jzdzqj5az6tka6ad2i3wgvog	0.00753410711165845
did:plc:jzi3hvrtefo434iginxynywk	0.0050830069051037
did:plc:jzitidnx2kjhi4tdwv34w2bo	0.00559353635800669
did:plc:jzpadntl3amy6ms6q427ekil	0.00564307547663013
did:plc:jzqijbrsfnpvtzg5tyh5duwm	0.0106353967912388
did:plc:jzraicrjflovhylsa73xice2	0.00819061802337124
did:plc:jzvwhj2c4rpzhcoh76njbqpq	0.0128351397863336
did:plc:jzw2s5iful75o53lnaeg77hi	0.00807102502437127
did:plc:k24n7is4ubyvegvt7qvdyi5a	0.00475753754525647
did:plc:k2bxa6vdl4sns5ttjpqy6f5v	0.00889328063554064
did:plc:k2gi4ijpsbe5fmsrdczhcxfc	0.0087124879026519
did:plc:k2kjo3xipag53zisosm2llzi	0.00361412288056612
did:plc:k2mwfhyxxttqcxyuvje6hoay	0.00349104532725653
did:plc:k2o2dhwh27vnsnxofs6fc7cs	0.00478670984500359
did:plc:k2qohmusmzooc4jzfexhcas2	0.0137240356295039
did:plc:k2v67n3oc72njzamecv5g7in	0.00419940395581195
did:plc:k2xiunhf4cfyp5wjoj5ft5f2	0.00496562261341299
did:plc:k2z22uyou6rd542wp3vlu4g7	0.00796900941221622
did:plc:k2zndexkhjudhoa4my3luloz	0.00345410968605229
did:plc:k35q7wdsfnhzhx5ejdngg4mt	0.0039736553241096
did:plc:k3bb3d63nh6oiga2mv65qik6	0.00516514883849028
did:plc:k3kqs3qvbswpyygbrpnfqc6s	0.00732278851899287
did:plc:k3lb4lxdtlihl6sk4iaygy6s	0.00463489287366204
did:plc:k3onpjqakhjy2ggcrg5ujzpw	0.00968750000241831
did:plc:k3qrtzwjjww2thho4cnezt2f	0.00627615063658862
did:plc:k3vpkqkirnqp252y332z3zwg	0.00337084478604441
did:plc:k46fbf6zllhr5cczfgcn63w4	0.00669812757035779
did:plc:k47pijpeqqsw24ndtgnkc37e	0.00284367282812217
did:plc:k4cp7wlzxrsglet3oti7qy2q	0.0190531178224547
did:plc:k4i6twtg3zjsv2hwjdnxhxju	0.00547354453746768
did:plc:k4jnodlhm6qgfwkchbhislqf	0.00804828974266016
did:plc:k4pqjw2g4nt6g2r4s7bbwulv	0.00316809541569658
did:plc:k4wfvsnq2cvso55fp6toxhkz	0.00583979328388697
did:plc:k4xzuvdcj7ymumpn5pedabgp	0.00844798455591085
did:plc:k4ygxco5hestlipl4dfvlenl	0.00372786579718401
did:plc:k524f4j25mbisfo6zaek5j47	0.00665044606801032
did:plc:k52kvz4buyolozeevqkbs6uf	0.00712922984240246
did:plc:k55a72g5thquqvfncxcbi757	0.00299850074976424
did:plc:k5hzmxwr55qasigxi5ymgppx	0.00322470318073438
did:plc:k5m74bdz7nrcjsk5qtvwigio	0.0052464807029198
did:plc:k5nhe2cypeis5o2nzwvsdefw	0.0104313504466653
did:plc:k5nk3lfbe7odj5md536vqe6r	0.00392927308477919
did:plc:k5romrv547iiifovvssafmqo	0.006812188691702
did:plc:k5uxkz2jfyxhbskggomydz64	0.00245642212674719
did:plc:k5vlnh6fwl4ng7ulr6xdhdap	0.00574606117009361
did:plc:k5wrnlkelfp7vxgnuhy4bd4v	0.00421986196068847
did:plc:k5xau2qrbfr5pbjxjs7dmvpb	0.00224924766550598
did:plc:k5z24i43liuapgduwt5ob2y4	0.00653486183437833
did:plc:k67koluloutqsxsx2vhvnq45	0.00267555775108449
did:plc:k6a3nn3ympkukgaebcuf6a6t	0.0023993601706325
did:plc:k6cdawfgfxsoowmazgfof2co	0.00628565902895988
did:plc:k6mhxj4jl4hol635stqhkwib	0.00448845495353575
did:plc:k6njhfwib4m7zcqmvpmkgfyl	0.00749879051786791
did:plc:k6q7svjux67e4em5kmklqdae	0.00559320918653275
did:plc:k6rsbrkazjwxhxjxuf4s3etb	0.00964984835954535
did:plc:k6rz5agvja65gocjadb74rlt	0.00494247285765342
did:plc:k6wqn6ipgztf2o5ttvyrnzav	0.00407363885651585
did:plc:k6xp6bclpylzy4uevh3ozwef	0.00615148020183038
did:plc:k73ufiqriehhk3urv3kwfuwj	0.00713132400552482
did:plc:k75zuhq54tw6uy4xxeaznhi3	0.00350289369521907
did:plc:k7bbuoua4cb6w4xqaaj24f3y	0.00272081218293023
did:plc:k7dd35e4pwbxfivspl6lu6k7	0.00242371512030837
did:plc:k7gifqp6syk2pmcfco5ukzms	0.00712643678283084
did:plc:kaa2h7d4ckqi3reirbp6ykbx	0.00447882736256627
did:plc:kadrnis4nltjvxwxzny7wysx	0.00359284907175978
did:plc:kaecoetporxcnet47dokose3	0.00393013100466643
did:plc:kalos4salc6iovmsmhcklaxk	0.00942507069065711
did:plc:kanosty2o5tdg6nnhd3gfv7s	0.00895915680054723
did:plc:kaoknz545idylxml7oggjp3t	0.00554779640027367
did:plc:kaybftvz6nue2vanvt5oj5hk	0.0162162162290526
did:plc:kb3a7eis2u73ulbuxfq3nddk	0.00649290418490466
did:plc:kb3tsm7in2ndn62ab3tfzadv	0.00424235831634692
did:plc:kb734p6x4aqeinm4smcbyztq	0.0100638193443259
did:plc:kbblulnxjtqrkqmabje3fsff	0.00559661333152161
did:plc:kbfiomqpalztiepll2crji54	0.00548018445553076
did:plc:kbod3ixvygpnodbvgaooxhew	0.00795947902029262
did:plc:kbzc5r3k3xuldutf3us42lkw	0.00414237496189952
did:plc:kcf4nqzckpikyhtmhr2dc2xh	0.00925772855019576
did:plc:kcfy3cwcfbnueo2mwz35aiik	0.0117004680529658
did:plc:kckbzb77atvxinakimiex5oa	0.00249757180523915
did:plc:kcnre2tmpdfxiel6rxovtuw6	0.00799376097136738
did:plc:kcpd7l5tuyb73qhfc236uzt5	0.00882423086416274
did:plc:kct66ht672nfwcxxircefa5s	0.00466618808415808
did:plc:kd2kgwfduyaixm4bt26vdcfo	0.00693937180556067
did:plc:kd4lyfqe5r34bxoykea6bani	0.00877385391859211
did:plc:kdbqm2e5xkmsvt3ticrudct5	0.00308261405684757
did:plc:kdkdedjic27iskmooufg2hxl	0.0140845070618596
did:plc:kdkvmb7u5anlir5j25zq6dav	0.00631670660162932
did:plc:kdmnzohmknybeltnbgltc7nz	0.00948148149438215
did:plc:kdszuuzx6emfnwxk657oreiv	0.0148906468290567
did:plc:kdubslwzblp2z5ixo5bbyf6x	0.00690814040333972
did:plc:kduzknppmsqyf526kjfamrsu	0.00545776001284777
did:plc:kdxjhdszdrd63r4t6pnseltd	0.0077079107553262
did:plc:kdzcefk6jvnujkadvugxqqip	0.00943396226677044
did:plc:ke3hddzg6q4tkhcvxofdbkfj	0.00336978199621867
did:plc:ke4mjbw3jnskgjwyh3xnatom	0.0051942655314917
did:plc:ke5ihvuamy4avzrpmkekr35t	0.00681395829037188
did:plc:keec2nzhcdqohk7grxcahz35	0.00449353039999658
did:plc:keoexywsm4qs5kedta5uflka	0.00667613637107828
did:plc:kep6rssgiumm7amjdxufni5p	0.0052569102939844
did:plc:kercsf5mbdg42htmjitvjgkt	0.0182767624110503
did:plc:keu3wvfkfxl7chspowbx55fm	0.00585903843061013
did:plc:kf5ba2pzfw5z5m6phlkh34yo	0.00515463917591054
did:plc:kfelul2szqtdis5dgo2olwxu	0.0293637849353996
did:plc:kfk7xcznc7kvmlijfvxa2ygr	0.00707092350671478
did:plc:kfpbqft5tx2qljfkyrczlrwv	0.00528650422373141
did:plc:kfq6parfbiuds243feinqyfo	0.00688167625443921
did:plc:kgaoenaqpxlulmdtjlcx6rfx	0.00465805632017108
did:plc:kggb3ma4si7fewzhp2k75mrw	0.00448703323546364
did:plc:kgha7yyevudb2sk6guzyukil	0.00493709945481526
did:plc:kgkkilqrsolwjm77q2ogtfnn	0.00459210297535928
did:plc:kgmxjrmi76meel5li3ct2fso	0.0025096202108179
did:plc:kgqzppmvxunp6dehak34nbia	0.00688655310030385
did:plc:kgxobshwavnaa6osa3esv7of	0.00236773350757057
did:plc:kgzy7d6l3qe4shbd6qca42ux	0.00723196528773516
did:plc:kh224tnp2ydshyfp6mpcdyyp	0.00412192211762506
did:plc:kh2nnvn5qcm7s5fvmjyoer5u	0.00282046294512105
did:plc:kh536nekzgak7wvthloz4vbh	0.0108254397921453
did:plc:khd43hjt6cvlxgstsiszhurz	0.00306768070569599
did:plc:khekaoi6y2sjb4r3ij53xrh3	0.00223548716980191
did:plc:khf4wlkqajwa255jndmz5p62	0.00698812019696362
did:plc:khre4zf5gidf6xkadd64gx4h	0.00318787856069381
did:plc:khrjo54bwqu3kpnmdiu2237e	0.00344044588223858
did:plc:khtv6ali5rd4ad4ipmtzqjsb	0.00414037854894694
did:plc:khvsymj4t3rvhzhsbvwhlnnw	0.00251516496528018
did:plc:khvyenjezbekahuz7wwaw4tu	0.0095625149439444
did:plc:khwgn5b6c77u6xpkxtkjm63j	0.011898859699124
did:plc:khywbqsjxaygrvdlkc5irp6k	0.003366915487908
did:plc:khzhatochnxp3yaslgjmdvne	0.00837463681797123
did:plc:kicw2lu4bghnb7j2pcrcrif5	0.00289980014906319
did:plc:kig76tch6ek5cvnbkxcnbdv6	0.00675675675676824
did:plc:kil67tmmee6ipitf2eyd7ou7	0.00516123704594529
did:plc:kinpsbkqd2vfnttvkxdwlrt2	0.00341364143681872
did:plc:kivlxje6votswgqcejoa7wn6	0.00434331647889272
did:plc:kiz4ksq4qrncd6pggw25knsf	0.0102844931315089
did:plc:kjbt5s63aj4h5vhnvg2l22az	0.00307749122927814
did:plc:kjghyvccm4j7sd6hs3b4eka2	0.0110333692223813
did:plc:kjiakoy625524iwzmhtycqih	0.00477430555638033
did:plc:kjiyu4j2syawckr6tyillup3	0.00497461929006763
did:plc:kjlk5u3k6u3wsfx3s3wiqdoh	0.009280089991504
did:plc:kjvqoiicjw6gwwwgycowdmaa	0.00401840912241197
did:plc:kjwpmxve4hcc6wbssv47gxda	0.00793310463563555
did:plc:kk3cuyj4nqlthe2fzxgysbfa	0.00373418686182905
did:plc:kkamriuuchxejiswtbvcsisr	0.00672744976687873
did:plc:kkfpjrerzd2sp2yxdsh45svf	0.00943970767618351
did:plc:kkhbaopwzo27d6xugplpsqc2	0.00275349790304122
did:plc:kkpm7o46qybc6waonufwbp46	0.00844748858812956
did:plc:kks646ucuphsudrjdciubpja	0.00509668715402602
did:plc:kkswbubl22bpbhylg4izg7zh	0.00414530725928852
did:plc:kl3ljzauzbybbec4ozs2kluk	0.00312491358105187
did:plc:klcnyr7czbr5zzvoepujtbfw	0.0048020954606473
did:plc:klj5idtbvf3ukkipz2bbzin3	0.00508177030466402
did:plc:klo2f5uziolkvya53ldojhdj	0.00229267135748525
did:plc:klv5vntzlgimmbk2t4qkbtfv	0.00418351038851459
did:plc:klz4uexdlnh6bt7s64pkcxkp	0.00653363942168263
did:plc:kmey3s5xqpfw5vlhjaxjjzfv	0.0182926829715199
did:plc:kmhzggjievaeql2mbaglzptf	0.00721858786492425
did:plc:kmi7poqw3bqgfhf66mhotona	0.00250684561712266
did:plc:kmu5k42inc3jjbl35k4hb6m4	0.0078151166731496
did:plc:kmvfaxklarix4tlfrnnje6lb	0.00739339752516463
did:plc:kmwb2itc2dfsjfj3jkiy7ylu	0.00725066587771043
did:plc:kni4cuv7r3p74okng3sppgoj	0.00913343729404415
did:plc:knux3hcn3gkhtwufuqs3oet5	0.00450204638570732
did:plc:ko6ex2bd5ue53xuex7js77vk	0.0040655571097222
did:plc:ko6f7f2ujtmfmdme425sxvx5	0.00763691905361377
did:plc:koddlr3n4e2vtlhqcbt4ejx4	0.00511338372676948
did:plc:kodewlmnoj5ikhljjszhsknq	0.00225904363842293
did:plc:kodomgyytflpivqafnesw3lp	0.00442530092150296
did:plc:koqyxyyhthcmclkraydoiqas	0.00686329067100348
did:plc:kotcbmwkn223v5twudx2hb4m	0.00420372852467395
did:plc:koy4kqzpdbtt5z3ewemei2wn	0.00441785550035546
did:plc:kp7n5h2ypc4a7dp625ilveqw	0.00709807169176054
did:plc:kpbegs52vuwwlyzbpcocsr6l	0.00207311174081446
did:plc:kpfxx6z3df6xy6rulvhgjeyj	0.00688238316035682
did:plc:kphbzqs46mblsgx7y4c4vy4q	0.00611828688006146
did:plc:kphdcpch6l5auytlxjp7gmfv	0.00426861590831309
did:plc:kplaxvtmoxrkfehn4tc4z26j	0.00341352405768066
did:plc:kplp5xg2ljselcn67kxrw4t4	0.00963503649880857
did:plc:kpsskkam6oktwrhhlfk7we2m	0.00455622380266465
did:plc:kptgcxuf5xgfjvpuookgseom	0.00636267232409716
did:plc:kpvoyzmzgg27welxl22a3lsw	0.0175023652355149
did:plc:kpwmglpzeqigpgepjx6ejvsu	0.00324811399843178
did:plc:kpxvczb37srwbcxfez4rgdjw	0.00402671380873759
did:plc:kpzyrhomurtwis4zudwxpbsu	0.00567595459285022
did:plc:kq37qhafi74hkhspzbigtdu2	0.00695094238869871
did:plc:kq5fwo2ah5tvxt33eel6553j	0.00411244436959189
did:plc:kq7xkzjm5mobwwjn7aqdmspo	0.00554295792443366
did:plc:kqcnfskj2mkx5qcukjd6ko3z	0.00547414039161012
did:plc:kqebxgckxlkgf5vj24p4pohc	0.00203598348111804
did:plc:kqgmw7kgarkwtzvgqpcqdw2g	0.00361616267529974
did:plc:kqgp4kvd5fpi3fyufzqisspp	0.00259240675720346
did:plc:kqlls3ner46dhk7oy5f3a3co	0.00579057423423603
did:plc:kqumgd3s5tngpnupblenem5i	0.00517207081823117
did:plc:kquu7pgorfysxhs6qqnmlkzh	0.0118150937889579
did:plc:kqw6qin6mavujlel57s2ffdq	0.00307754309478831
did:plc:kra2h3oodpjktfs4wrayymeb	0.00361406198671657
did:plc:krioy2l2n6kjroirawy4otps	0.00712713552160699
did:plc:krleomgw2kq7zswcajo2kymm	0.00319829424318394
did:plc:krmheqgux4rbfsxu6jhugoth	0.00301720623025949
did:plc:krvweuwe3utntltaggp7t3pt	0.00520583601679894
did:plc:krxzty7uh3yhkrhy4stitplx	0.00804985718418035
did:plc:kryzatjyqhelu3dcsrj4p746	0.00453765023301601
did:plc:ks2irwavlcsdq4x4qwhxuxfu	0.00273043190487011
did:plc:ks52uggfz5e7bwlxvdpnll47	0.00402887359436856
did:plc:ksgkcmrb6ehumulzpl56qdip	0.00764481035483734
did:plc:ksj3sfq754jtaxvnddjaz7j7	0.00541109274022986
did:plc:ksv7dscr7il2wuqvwnewfj6m	0.00244247881013533
did:plc:kswch3o6tahdun3dqgbxho2f	0.00460016047089889
did:plc:ksydrnka4rjnqwzkca675a2z	0.00482625482705278
did:plc:kt3qsogg3gf6bhurnmsjoeeo	0.00362154821224631
did:plc:kt6t5jwy3zsvcerhus6pwjlz	0.00648729855263281
did:plc:ktaom65e7cjtzhpiuqsovoao	0.00637139040352329
did:plc:ktbvbvun6hduvlb3252qmxeb	0.00243689365033663
did:plc:ktcwptpath5mivtqudmcwu42	0.00239284960242184
did:plc:ktinr6kcuhf2qofrjl64bdqy	0.00590153750798693
did:plc:ktkuapyq23bjvbqcdx7norol	0.00549831154480675
did:plc:ktthn63ha7d3o5wcj6tezlmn	0.014798206294926
did:plc:ku3fqik24pbywre2dlku2jve	0.00202856215516415
did:plc:kucmtn2apq77nqp7dcjic7gy	0.0074673304346751
did:plc:kud54zcic2m5vadb6ql3gm76	0.00227985574737598
did:plc:kumsvrk73koyna5hhyqagldr	0.0045056447131802
did:plc:kunnhd43e62lelwy5q5epdm5	0.00286921176392803
did:plc:kurerabu4ure5madydycuzny	0.00329973602122133
did:plc:kuvjedysln7dj6rtgfzaojrn	0.00507835171281316
did:plc:kuvyo6zejhimuipluwam742c	0.0027938535224249
did:plc:kuy3jrhvgfcnw6gdwudltrki	0.00346416134693143
did:plc:kvbbmqudevchfxevp5xxoyxp	0.00612113402063405
did:plc:kvhc2edkpugyp7lkhxj443go	0.00822706707038744
did:plc:kvlno5nlnnjbff3ffmt7tbzd	0.00615567911230841
did:plc:kvo4zboies6f3v2unsm4kxxt	0.00831265509068512
did:plc:kvrt2gkuvvwaov4ihsh3la2g	0.00262828535673811
did:plc:kvynvpn4c6qp3dqjpnt3qtin	0.00447782753242045
did:plc:kw2gj6zvaqt7ktwe4gz4ja6d	0.0051966798995903
did:plc:kw45jcxsirife3dqnkn5rbfp	0.0113421550470567
did:plc:kwbikixpklk6micsyvygjlcc	0.00428413488119577
did:plc:kwbsyiei4i7ykpdxhhszdrfl	0.00334781679616658
did:plc:kwerlwszh7yw4zzpnyel7bfe	0.00508746254162305
did:plc:kwgtlfsw5ex2gou6bv5zi3ui	0.00999375391481949
did:plc:kwodbbbbrglytdx6i2rs7kih	0.00206211335383946
did:plc:kwrfsesctcgke6xyq6gd5euk	0.00909357583161508
did:plc:kwslo6krxsfrxxvadwch5rru	0.010160489552955
did:plc:kwsmpuipnaoxncdvlqnueafp	0.00797355115176385
did:plc:kwtao7jeghzedoepjnyykllo	0.00590979782485995
did:plc:kx4gn7jrkfbpsq6x5ebqvpyi	0.00487626478195085
did:plc:kx4xjbplncr3tdzv7yakpcfv	0.00371397677624885
did:plc:kxb4lzybk4a7isnkqnvlicct	0.00614218505157626
did:plc:kxik553fq33i7nzhgvbdlh7v	0.00276701715568562
did:plc:kxsqaxuzgrsbxhsqeeflgwta	0.00372315035834931
did:plc:ky4xnokwvykgkahvkbyeizqz	0.00493628745339098
did:plc:kybr4a7p6pexbaxjphzgv77w	0.00523159372520753
did:plc:kydkn3rh6bo3ez3hjcprceau	0.0045973367162079
did:plc:kyf4ib2qoezteetlud7rpzk2	0.00563365722605119
did:plc:kyh6xoumyl5yyem3xd42mf63	0.0049893975309692
did:plc:kyhe2j6ivz3hdbebl5b7o35u	0.00529941706712296
did:plc:kyiwsdqplihd4i7nmr5whzgd	0.00610492845982135
did:plc:kyjqr7l4qzzkpdynfmxj2wno	0.00466309163063689
did:plc:kyph6qsd6uwljr56232kwwvp	0.00462641684106533
did:plc:kz53qczog4dprvy2yggaf57h	0.0116545662975642
did:plc:kz6sxefgzufh5fhuxjyrp377	0.00470794765486655
did:plc:kzaic5ix3etza5pxvmkz4tou	0.00664304694570935
did:plc:kzef43iy6ep5oe4ykl6hcem7	0.00526556776617959
did:plc:kzfjhysf7ailfun4zoyxnetm	0.00432257193052214
did:plc:kzkq7csftrdwduf6glk2occs	0.00641805909208324
did:plc:kzmsz2gyfm3jrmcjsvbpter4	0.024147727369791
did:plc:kzoscszcqcdxyz3uzlrkewla	0.00504617728337766
did:plc:kzwsyuclcalgqgqf53u4fob5	0.00407324222494385
did:plc:kzxun7tg3xsz65ikfyyf2ip4	0.00262820512841633
did:plc:l22433vzfshbcmlucb4sniz5	0.00596014155546103
did:plc:l2auqw4ado5wcsqg3veykdsc	0.00245090386836971
did:plc:l2h25hkgthn2wcdwhnl3tnax	0.0102281668080638
did:plc:l2jrgkuhgzlc5owdgrw5uxw6	0.00544890071651152
did:plc:l2u34pyxepcombpqyxbhzgy3	0.0084586466201815
did:plc:l2vonzmmfkayd4gl53q6xpbw	0.00694766095546466
did:plc:l35hlosfh4rewc6xep7nkpvu	0.00475406838561235
did:plc:l36npgpgdvrkcz5qjeskvi2m	0.00371057514093559
did:plc:l3eskoelwavu5mgkq5rmycks	0.00531045751693608
did:plc:l3jkvsdyvyko67exegia7ljd	0.00382946132276523
did:plc:l3lx5tqglybfhug4jdnt52zp	0.00719895288550521
did:plc:l3m6wruz3jnh5nsyx3ky62mv	0.00616088716965061
did:plc:l3tg6lcg5mwlqjnf3bkqpj25	0.0116904372292188
did:plc:l3xzun7bhc46aiqyb4agvsjp	0.00576784427052365
did:plc:l4327rnlfih7pq5zijzwi7ky	0.00751648081352924
did:plc:l4aaiqzzzvkcr2jlmae5v7tv	0.00827991453379697
did:plc:l4g77dqodtr3fscebx3npwed	0.00566150178833342
did:plc:l4mtwyebf6xbnack4olvqbbp	0.00442423497707653
did:plc:l4sjnfvazs6m4eewnpvsxb6s	0.00588103923392874
did:plc:l53owthv4bwfrkfpknejitd6	0.00271678617575675
did:plc:l55emo2xktottr7rr67tawic	0.00242270419940884
did:plc:l5a5watk25bawksdw253eeuw	0.00378956754380382
did:plc:l5f6ibqktwsphc7sakhqcalv	0.00690194035816313
did:plc:l5p6nvjy244kuxvbusvzpcr7	0.00382800916598071
did:plc:l5wruy3e752hm55lfdgcytk7	0.00765892264979409
did:plc:l62qa4k2m27s6tehlk22i362	0.00968054211278173
did:plc:l62td6vdfzj5olhcfqcbytlk	0.00381228133704043
did:plc:l664phxvt6vexdxlycpmtwhk	0.0085445741960921
did:plc:l66nx7h243ylzohktdgpblfr	0.00667475728899997
did:plc:l67rvv2mmnsihf3pzt7k4zej	0.0045211131604862
did:plc:l6d72cok3lbod3ctwu233s7g	0.0040033295020469
did:plc:l6eem24tvt56rl2hykn7ypbw	0.00349387466320591
did:plc:l6ib3yqh3v2n2ormrl44b7j2	0.00439955727746695
did:plc:l6irzqhao6ij5y7xmptjj6sx	0.00659260163748811
did:plc:l6lh4smccbp2wl3ss4kw3n5x	0.00986912680825822
did:plc:l6mvelnsuj63e4wrp2iaajkm	0.00467676516932479
did:plc:l6v5qjqt632dsf7a6khwtdkb	0.0305927344642005
did:plc:l6xjoje7jntvswcc7q4os5ub	0.00289216955883747
did:plc:l6yhcc6eijty6ofezfn7l6s6	0.00704429219970649
did:plc:l73xellgvdsitcmkfwcxew2c	0.00520930232874223
did:plc:l75o3pcdretx7z5tbfq76h55	0.0119547657576316
did:plc:l7faovwcgzfwkajihu3ntzmg	0.00297285954127325
did:plc:l7jeagbcti5ffeknlg76oaze	0.00501456612134613
did:plc:l7jvw2sngsgnfjq4mtks76pn	0.00604320894596205
did:plc:l7n27pngjo2zo2svxb3a4lyc	0.00524187509422519
did:plc:l7ocywjgdwubifuqqth4fb5f	0.011383709519434
did:plc:l7xrodjpszvm4eat65g3x3m6	0.00783494385415604
did:plc:l7y4oevmnekjn6b646sefwo4	0.00441386021722354
did:plc:l7zwg5onozdwgpgujxqbsina	0.00494341095429958
did:plc:la56evmdlce2kgzcoetuakdk	0.00270954821247884
did:plc:la7mnpd3ad2tvchayrbhzny5	0.0129380054161435
did:plc:lacjitce3prgpbga2bbufwdh	0.0138301959484856
did:plc:lafcqzhri22gy5fa5cc64i5b	0.00814358001673216
did:plc:lag6rkgmmxdmtjqvdadc3iuq	0.00546448087486348
did:plc:lagbkd7bzx4uuiaebxejmr7y	0.00519297345816119
did:plc:laiudsjotpdkifi27cf5rsx6	0.00317971264821345
did:plc:lawmik4vi5iehvg5rnvo2uho	0.00598115526631281
did:plc:lb2jppe2h65amsmyeewcqjr4	0.00519645120469271
did:plc:lb7nk3b2wjl26b3lwt4dfoqt	0.00892133009231329
did:plc:lbbdcqkgzaejhr3vibov7bhb	0.00214832613831066
did:plc:lbbmiiwtid7ylk22mytr6dc4	0.0181074766815917
did:plc:lbrsf63x4eu4gao2qf37n6sl	0.00512724900117335
did:plc:lbvb45qhptwbrckoi4447zsq	0.00338248506997635
did:plc:lbvquajtpxrxbw453im4ueup	0.00214341726940325
did:plc:lc3c6ld5stskefiefedkgqsx	0.00789320952276754
did:plc:lc3wezw5ul4lo7zwpmb5wfei	0.00976788153684415
did:plc:lc7qwkacbbdozhmc4dxqv4o6	0.00672910793881933
did:plc:lceudlrpczwcasrehqfr7vcz	0.0145848916365069
did:plc:lco2djaempvai6cxgsfisvdk	0.0022800495662976
did:plc:lcpxzptu5djgifytfnigh3yc	0.00218449483564628
did:plc:lcyts3g5bze365ldmczsxrxe	0.00626304801850758
did:plc:ld5beftqobz3fklkq7r4adyq	0.00625434329576788
did:plc:ld6sqgpdky45yxubivovn34g	0.00531316414849464
did:plc:ldccarmez63zznp4d6jnrdyn	0.00394773082013823
did:plc:ldejbl6waeictyvea2ejfmbq	0.00803552548124422
did:plc:ldsb4c3bkgramv3dtiz3obly	0.00751973931674226
did:plc:ldz77dyx7pzrjwju6gbhpqgg	0.00556360475276319
did:plc:le45erwxrb56obvub37ordne	0.00446568966702854
did:plc:le6rojzdlcqqbun4mwlo64wr	0.00247230542506568
did:plc:lees3pxzv4y4ohzjycw2tii4	0.00584237055362782
did:plc:lens7d52dmyc2hheuxa2onyd	0.00480889333080928
did:plc:leyqu5kgdnpbs7wdqtyj4eld	0.00339031955612517
did:plc:lf6ha7vavy3cj7b7fd2wayfz	0.00456085483545468
did:plc:lf7prdhix5sphyidqigpsagg	0.00224267009664682
did:plc:lfejfzlz6xz2x3wesbnyqqc2	0.00843328336199412
did:plc:lfjg3pzktnq376kntlmp4e4k	0.00408750283880914
did:plc:lfjku2zgwhfmanllb3am5ces	0.0057817393422201
did:plc:lfjszs4b7qkezd3bnc6hjery	0.00518277935501743
did:plc:lflj35yqbxq6vmvvv4vyep4r	0.0099569429605404
did:plc:lfpfh26ng2ezynjzrpjmfo45	0.0043165820520726
did:plc:lfpvze334lfo54732j7y4l7u	0.00638092945029826
did:plc:lfqvxpfnq32eobc6ke62hyo7	0.00436723760067125
did:plc:lfwuzpfckc6ium4eb7hi2t3j	0.00478468899603463
did:plc:lfxcx6pww22nce353fxrgicd	0.008117802533855
did:plc:lg6y22i5hsipd6lvg4tbumim	0.00496154800371032
did:plc:lg7kbpbjocwqohkdcueyhets	0.00259931719433302
did:plc:lgeliyy3qtjrcm2qvrv2isah	0.00596896140280602
did:plc:lggx3lmlmhchn6do7lt3glje	0.00435679889934375
did:plc:lgmicsxxfi46pxwrai2xplij	0.00373014045625809
did:plc:lgqui7fqmkfvvhhxr7swzioy	0.0102543068190479
did:plc:lgskcgqbtdzyz5futrjmidvl	0.00213812272832728
did:plc:lgve5yrf2xhn5lia4kg3oa6n	0.0078035782307563
did:plc:lgzo2ia2zy64japvfqmbcqcd	0.00654378885532773
did:plc:lh4fmbapg3dmne3dowqn2hto	0.00470127326237287
did:plc:lhhs4ii7c5247bejvfoas4n4	0.00503009072198242
did:plc:lhi6xaqo5durreflfjfykbjx	0.00251412640354922
did:plc:lhmcwmycwaznpa5bitdvc2oe	0.00451616788199161
did:plc:lhnuutlqw3lcci7iwgb3zpd6	0.00913423353310175
did:plc:lhxdmyzogev6tbj575xowfbo	0.00345049220265383
did:plc:lhy5prjs3negghe4j3aufsim	0.0092798812202732
did:plc:li2ayfq4ywlszqofiomeapky	0.00405515004060591
did:plc:li4fkcmqurfv6onjqo5h63kr	0.0046055661565888
did:plc:liabyesgathfco5ma4dgauvg	0.0095011876510201
did:plc:libcmnoo4kr6izapkdeh2vdy	0.00320539856601042
did:plc:lijjuby7w2plcs2axyrhbmfi	0.00835997049799312
did:plc:lijznmdaxpsgir5nvn3auu5r	0.00607828835597729
did:plc:lipviu5dbckh5p2jqmn5v3ge	0.00272867025383843
did:plc:liwvflw2n3cwnoepcv3oop2d	0.00532359875571559
did:plc:liypiqy42ewi4zg3odjplk6s	0.00525958602029497
did:plc:liyxiihi3dizx6qprf3gzdd6	0.00559342772293528
did:plc:ljcp6q5ykevf5yka2alkogvi	0.00562248996034053
did:plc:ljhd7ezejugxjjkelq6un6uk	0.0149309443822585
did:plc:ljjt3f3kqiyidbc7kumfzb2z	0.00340251786368695
did:plc:ljo5hyumkopbpdd7brvrv7rm	0.00381688849265694
did:plc:ljvvzcrbeumc32lsgome3ovc	0.00276140010466583
did:plc:ljxttcbmh647imt4duc6ujif	0.00377056672767322
did:plc:lk2mimtuageqz5rszxbriscj	0.00398367664233946
did:plc:lk33cvnzprvg27z3ao27rfgd	0.00358241580350775
did:plc:lk4hjhizipgpymlgmwnqjyr4	0.00631170092424361
did:plc:lk4pjh26bzdxud4gepgsmqc7	0.00628693574930206
did:plc:lk4wdwihhijj3ryck6essu2k	0.00540357987449245
did:plc:lkaenxfhsbvuk25a4ghpvdse	0.00230164589401543
did:plc:lkbswixyvy2irggra3563dfy	0.00305695926146969
did:plc:lkcnhobbu3l6bbxhtyn7lw64	0.00650380710821003
did:plc:lkdqsavlcogrdgqfj73vdvja	0.00527240773298656
did:plc:lkf4ljazeyzbqzjcwbfvsyyn	0.00336845741934001
did:plc:lkhgndsi4k4ec72nmmfg4nt7	0.00484741654810476
did:plc:lkuv45fduqd7rrez7hu4msk7	0.00498946668217122
did:plc:lkwykcie5ffigjndbeuoqj5h	0.00702370501077226
did:plc:lkyojgzc6oe56lx7l5m2rtfv	0.00459875833543445
did:plc:ll2yai4ag4hkfpn6ja7gauj3	0.00440120454124787
did:plc:llavozdoqv7pzpmas6x5blks	0.00639534883890455
did:plc:llcq3l6y65kdczrppmn5eags	0.00583090379233104
did:plc:llq3xazyilj7k5vmhk57w7tv	0.00262894002243505
did:plc:llzjo7limrhhzr54qei2wnze	0.003732320587046
did:plc:lm427mlobc7k3mihd5mvupjs	0.00702824559204445
did:plc:lm6ms32dncpxpifsxvo2ixjn	0.00947672023332158
did:plc:lmpqey7pr64bmmk3vglolqpz	0.00286686973676655
did:plc:lmtieqchvpjutjpqaed5tvyi	0.00556002143674571
did:plc:lmysphkt3evy2zimyugcvz2x	0.00562976045931168
did:plc:lngauw5l75vccxee264s5ioo	0.00476009139458708
did:plc:lnit76z5chxitx2urand7yu3	0.00602058652369054
did:plc:lnzzl65hipgwky763x3hu4ne	0.00769822941207376
did:plc:lo4eusl27l73dtu77rrpbsr3	0.00279102221205951
did:plc:lo4movx44ccasem47t73hiaw	0.00427817885727643
did:plc:locl2r56peqr63qbc62k7eih	0.00647445624847191
did:plc:loetnua5b3so7zzp5ehp3ucg	0.00906790384099439
did:plc:lofqaq7cgiomydd3znh76j32	0.00648228176480794
did:plc:logdxf6l7j6nne53nozha3kn	0.00215603289948107
did:plc:lok6hztno6hpzcn7idaihcvp	0.0108861726593881
did:plc:loth7z7ereh5wflsgsgrcccp	0.00346813836408302
did:plc:lovi6mhxh3awqm7q45tf3vyn	0.00848579214062343
did:plc:loxj7tnhcpi4tt3xxdvbpa3h	0.00574652596619424
did:plc:lp6pifz3bqqlwwx3njtejhjw	0.0083157152962917
did:plc:lp6wfrs3wtfklh6nfr6ksefh	0.00320512820569232
did:plc:lp7f63aqqduypmab5nz2bylk	0.00536254207371471
did:plc:lpc4k5tawly7gvomvwpjyeob	0.00718276137867004
did:plc:lpeeptzasdxkfiosv6t4clar	0.0073581770720798
did:plc:lpjlp6leujvtdjxmi66s2jlq	0.00437898089279421
did:plc:lpjw7qgkflq23btxmq36mlkl	0.00349278663672618
did:plc:lpogoljo22n5trxlbztmbyog	0.00504540867879977
did:plc:lpu6rzfpsmqdpymsu65qtmba	0.0062734163998105
did:plc:lpyzqwmqqiymf2euwawlssul	0.00212925357841275
did:plc:lq2l2lcoilqz7jymnuhh3f2r	0.00588938989819208
did:plc:lq5rarvigoibekqcsvpf5j33	0.00746268657247776
did:plc:lq5veo2w32udrxz4z6vmhb27	0.00598996276716391
did:plc:lq7yyjymzguwxblk7zxs47hn	0.00359561467403173
did:plc:lqgvaux75tkl5357zq6pnamr	0.0122239747694109
did:plc:lqh2pqtcxx7uem5rspan675k	0.00684872871162283
did:plc:lqnjl3xzqs2cks754faa53xk	0.0090369952020782
did:plc:lqodoj6iqiofkdrog3ymeqtk	0.00341707270817572
did:plc:lqol2w44fmbk5dmofdt7jq22	0.00830847891308815
did:plc:lqooth3nsxbvqvzx27i2ab3e	0.00428273103856221
did:plc:lqw33htxxraemavf3fgjrxar	0.00391226665054106
did:plc:lqxnwiw77xqssenhvtrnvpgl	0.00526154251194509
did:plc:lqyr6v4eombci2chv6eyyxrp	0.00929491435674284
did:plc:lrddwge34w2wabpqcg7q3wgq	0.00815896828935944
did:plc:lrdtqvgwgg7xvxope7kjl3qj	0.00268817204301082
did:plc:lrsocvn6yvjrwv2ldn3kh4pa	0.00520471894834628
did:plc:lrspef4gpxud6yzvjukwgutj	0.00334702571134152
did:plc:lrun3td4xtoufgdwrfxpjtsm	0.00681901954254935
did:plc:lrxmcpcogrzcb7msvfxfhkrn	0.00233448616606983
did:plc:lsapjqcojoq3sbgzj4tlrk42	0.00443069720886127
did:plc:lscpfebshbcahja27254skge	0.00920502092332291
did:plc:lsdrespyuaxesevkqi7ab5c7	0.00622234513458553
did:plc:lsiulpwsflbziffy5lkw3dir	0.00838457239054632
did:plc:lstea226kzybcodc7mpydxtk	0.0109614782419709
did:plc:lstishaajw2dhjixwbeuqdzc	0.00382912528451757
did:plc:lsuokamphbpjltawmnkasa6s	0.00260759049877239
did:plc:lsv443h736w7wtwbsqagt2gp	0.00282809479504089
did:plc:lswgqustmllga46jd47xuyya	0.00391182862471152
did:plc:ltcpv3s5otysfvpbixqx67xy	0.00544924597698004
did:plc:ltcr7q6tsnxab7rb5x2snjow	0.00289158436306853
did:plc:ltg56e52m7mgcytnqiuvjbu2	0.00663716814310792
did:plc:ltgjtkgrqhl2qfn4lakclvf4	0.0025038750447614
did:plc:lthah7gqctdzl2tx6dn7jcsv	0.00312346992195115
did:plc:ltjrnyaxxua6bstlgayvu4j7	0.00468415417646311
did:plc:ltl4hukrhpx7wvld63764jfi	0.0055428027551284
did:plc:ltub5e7fbggl32f4w5bkitrl	0.0027141763520592
did:plc:ltxggegn222p3btndvjbx66v	0.00438090846314357
did:plc:lu2xwmqctphnnzwr3hcao7lv	0.00479846449152519
did:plc:lu4kmipdpapjmsklccmcbpvy	0.00364695855586476
did:plc:lu6b6fhzj5em6v2i4rc2owq6	0.00699067909583543
did:plc:lu6xu7ptivuqkrxv64vcjgq3	0.00917622523746698
did:plc:lufqbouc3hjqnalsl53rmhge	0.00506627802136965
did:plc:luib535j5se25aaclgpajjka	0.00657489213223485
did:plc:lupljnyixnqbqxqy7tfhlqxj	0.0111030654195565
did:plc:luufjxp2xnjvyyon55vcndxm	0.00484101661349516
did:plc:luvouimcr35ajnnjbycho2zj	0.00375667303770152
did:plc:lux3mkcuqhuy2zu6yk5bzfp3	0.00231182430141702
did:plc:luzlb3u35eoxl5fysvg5b534	0.00669914738271535
did:plc:lv6qcz63edfke7tt7rolmeye	0.00814299901103416
did:plc:lv7lkax5eq3toilnretxfm6j	0.00474708171290156
did:plc:lvngiywf36erx5rco242wqo5	0.00481019240850243
did:plc:lvnv53efujbl2h3b76xibnr4	0.00288162584379151
did:plc:lvq55a4m3o6a63jytqabwty6	0.00867410161427876
did:plc:lvsl3bmloemi2hikdoo27jht	0.00440034125201271
did:plc:lvu7ubefdri3he2lkomhyeg3	0.00530002765291798
did:plc:lvwwi4todcx5yh2l5kfjp2in	0.0110138379071148
did:plc:lw5dadzkguntwgkj2jxmulxk	0.00677148194984405
did:plc:lw7d55dyzjtxjbxw4qeqi5we	0.00737157337129411
did:plc:lwbax3iyavvonxvdkpdtwfwe	0.00697775839641765
did:plc:lwedbg45a4xr45sib73zdf5e	0.0108803165268221
did:plc:lwqhvyoqdjmu2il5nfwp6imt	0.00289351851929647
did:plc:lwz3xuwezmx2tld56m2pby7t	0.00518969219759179
did:plc:lxemmved4tdnuxhvixmkkszy	0.00456423561159309
did:plc:lxempo7u5sgdcip4fpdoaw4l	0.00672193591900215
did:plc:lxiaavewx4jty46xltw7xejb	0.00487151382369601
did:plc:lxopqgweuk5bqvwgvzoikpex	0.00490331491788736
did:plc:lxqkuhiokzktwpatm3pyoqb6	0.0116829807457495
did:plc:lxuhcwfqtxvmsyl6ves6xqon	0.0112141470856344
did:plc:lxz4ewnqxokxlb4evp3xekub	0.00284367890884919
did:plc:ly2u6u4fqx5qx3ymtn2unsik	0.00480840361080852
did:plc:lyem7m7diqqrz7t3kbnojx62	0.00379362670746616
did:plc:lyfkmbk4gmzfpfrrukz2vxlm	0.00816159967759081
did:plc:lykk2f6w7blgwtea5yrusqsa	0.00357148989516803
did:plc:lykz6p7i733ntl45gx7tzikr	0.00769779045387603
did:plc:lyoj4s2zuozxyvelrtcee43h	0.00827472073206523
did:plc:lysh2w4nwbxtru4zrf3giu4y	0.0162954915933124
did:plc:lz27ueuj5vnvleluwuswghrt	0.00610851599188716
did:plc:lz3clymtc3lps35fsnlx5kte	0.0057621440559272
did:plc:lz4br5nubm5yytiy6ltljl5e	0.00289397526982139
did:plc:lz77ghsacctpxf3rffmnheds	0.00515316347045012
did:plc:lz7nbgb6vxyvlayt7ozxjm7f	0.00612950545037737
did:plc:lza3rhehkt7yz6txgoalwnf2	0.00283204449887769
did:plc:lzcgomd2iutym2vgnajyr5s6	0.00479737406974341
did:plc:lzhoiqcmix7x4umnzrtxzd5h	0.00354115871358905
did:plc:lzivn5qnzmbmnvv7fqrddoxv	0.0040847587439367
did:plc:lzj2it3x5oaz5d36qaxk5zmw	0.00491929285240535
did:plc:lzoak66eupmphc3kssuht5bs	0.00258114978494894
did:plc:lzrd2nzwgfcgwo6yezxnbd6r	0.00272975432229816
did:plc:lzwk4cixjcmvfwelhzn2m4vj	0.00772858266131681
did:plc:lzxz4eaydidmyn35t3754hng	0.00469657644382851
did:plc:m23cj4vapabl5i3osvylbl3c	0.00382304751534538
did:plc:m2clsuw2tupnkgbawofaibkx	0.00295566502465964
did:plc:m2jpfcxi4lq2n45vrqu7mhcm	0.0067596113237824
did:plc:m2xisvojpecgbtvxtppzcjb5	0.00564971751461816
did:plc:m2yu36dsjmgbcpgzeml2iy5l	0.00303263377717902
did:plc:m2yvrkwf2wpg7juszg4sorlv	0.00412454782134753
did:plc:m3aet6aojx3ghx3bj4doqx3t	0.0134631317540203
did:plc:m3b36kxuzqbhf3kuvofgaxdv	0.00412573673875494
did:plc:m3dm7gwq2warj7mdt3ewsgil	0.00206472106421836
did:plc:m3icea3v42zyi47vyttr4zzh	0.00222958722513978
did:plc:m3khsyl5d2bhbzz2tbcze7te	0.00551896029962234
did:plc:m3r4syz5xkhel43awg4m536v	0.013722886254047
did:plc:m3swmgqwf7recu45bniv2idb	0.00332991803328758
did:plc:m3w5rx43zqemwt2lfw2gg5hc	0.00608297806165913
did:plc:m423m6p37covuxkfezsaxicf	0.00915534554332793
did:plc:m43rg6eejsomamvhwtbnfwcg	0.00232178714865741
did:plc:m4dzkohlnbc6utjyrt3wlli4	0.00933367902569013
did:plc:m4grg77yaxkg7emsmety53u6	0.00411194059669168
did:plc:m4jonb4xlphq6xmesiuymdbe	0.00587361121159219
did:plc:m4jxvgpreufcq5vqu6eg5kgg	0.00715182617361672
did:plc:m4kiotd2zrdtjzayvuwvxyww	0.0050473836018497
did:plc:m4olu6inc36vvxoek5dwi6vo	0.00506634499465674
did:plc:m4owyljps4xtvwkgp6r6soqu	0.00240335095791829
did:plc:m4pfmvt4gynk6rihvnoqvxha	0.00457334949083628
did:plc:m4premhasdjjxaku4pb6lvki	0.00311644159045277
did:plc:m5jxqkjjepuzlp3ddwpgzbac	0.00555555555607531
did:plc:m5qvottes5pttp26ra4accoi	0.00340741888066433
did:plc:m5soh62ifdpq443v3rnjnfrm	0.00514275580842475
did:plc:m63typzs2kgt4rzc33no72yq	0.00594688221920345
did:plc:m67ywhslpevjtebxfe7rb6gq	0.0115070527111656
did:plc:m6amvf2xpycplchvnyxsuquu	0.00377367560845424
did:plc:m6fcg7sgvk4yamk7itx4s7iq	0.00653732602436136
did:plc:m6hisiucrybmjtjehsm7rnei	0.00502389413132723
did:plc:m6lbo2wi2yzbwup547ogi5kj	0.00405233863907746
did:plc:m6oxcqyppbuv22327q2xdzgf	0.0046172971053172
did:plc:m6oyxizgb74kuzs6ovo52qqi	0.00675039246611755
did:plc:m6tmmfyrrsq5p55hpyew2bzk	0.00610851599188716
did:plc:m6x2ssoyoowwbzkyh7mkvykq	0.00271469590204378
did:plc:m6xlh2i6nr7fch2lyo7mcbhr	0.00361873054940063
did:plc:m73sfjlbhq4cjyp35f3y5aap	0.00212471131648165
did:plc:m7fyge4gdjxgtshv5nvkn3u4	0.00402947271472443
did:plc:m7wvfd25nfiuhfo5tkp4kd6x	0.00400514947818282
did:plc:ma2njkikj44wfhcs2xwnqqc4	0.013388587845593
did:plc:ma45awjbmqf2vpts2eakziob	0.00933977455986578
did:plc:maayygsclou6xghu7qoyd6yo	0.0108769544612846
did:plc:mafbdwwgjp6a7jfremguf5ro	0.00460758716110988
did:plc:magpbicqus2vh4v7yuhqbj43	0.0063717794827375
did:plc:mak4a6t4ofbaqpcova5kujwb	0.00637791528014816
did:plc:maot3lbksogilqv2i7blxooo	0.00671140940329729
did:plc:matnlm4evwm7wpyz3bb5bcso	0.00305601167683232
did:plc:mauvd6xbulap555xlmxuq6uj	0.0239477504623622
did:plc:maz7esngowpk2tl5ijas5y2p	0.00430028259022595
did:plc:mb7gg563yojyqmi2xv3uqulh	0.00450066901856518
did:plc:mb7squa5k2ys4tehhk2paoqt	0.00505145878590036
did:plc:mbggqx6ndo56sgfyi7fxyn2n	0.00333866265410102
did:plc:mbgtmqrvty7ohqis5myimhbl	0.00581196581423166
did:plc:mbifhh5leypvjoh35nqexjax	0.0058751268515224
did:plc:mbmssnobu4dkt4cc3j3ap5ou	0.00456016475528851
did:plc:mbqylqyif2gucfd2dy2lpxvw	0.00306350626131067
did:plc:mbvbu2vlqjxqoc6phfohdz44	0.00994365264624526
did:plc:mbxqyt5dxhg7wf75sg64gndb	0.00761316872928238
did:plc:mc7g6z4vyx76ceorohk4wggd	0.00531303848422543
did:plc:mcb4yq6ej5ywbhxwjv6hdyym	0.0167319331306878
did:plc:mcjqv5q3jqid7ynp2yfie34e	0.00729749452801621
did:plc:md23aswekttnfst5zer7vl3f	0.00244084218372601
did:plc:md2iksn7bqdc6jhx5qy5rhit	0.00288455878040084
did:plc:mdmxyjwedfgvknj5azn2w45u	0.00596943648728504
did:plc:mdqcxowx3laoftnxide2hmda	0.00437511889017762
did:plc:mdseubxg5hxjn63m2cujceyz	0.00804394742022047
did:plc:mdu6jzl43rjxv2y6ggafwrrg	0.00788332676839684
did:plc:mdvusmky3zdu6se3b5b3hh6k	0.00643712575016513
did:plc:mdwfvb7hbh6fbatfapre2f7v	0.0029125221421336
did:plc:me3rjwng3rpo4i4jvcnrs6s6	0.00342274934376934
did:plc:me4eqe7dh2qgviesya6ja5gy	0.00395050374177726
did:plc:me4h5sz53ak5xeeqai7d6vsa	0.00220430419405351
did:plc:me57itcjm2qadqdyym4i2ik2	0.00498899486499114
did:plc:me7je3jw2oejgexjkqub6trk	0.00489339391897542
did:plc:me7melzljxvyoaajeir64egu	0.0184544406432937
did:plc:meeqy5a45g5v6zl2xcfraol7	0.00783566285563971
did:plc:meld53u4eu3vl6skgxp5g3ax	0.00251011016599513
did:plc:metcvnykmwhrnhhiwt6wjq75	0.00359728609847682
did:plc:meuzycdbjuehlueppvvwmpi4	0.0039198092047697
did:plc:mfdky5g6pznlivjn6rdhp65l	0.00329625051514251
did:plc:mfhkq2bnytekwrelfusszeux	0.0310310312596387
did:plc:mfkw2xnak674hs4ztygrhiyw	0.0153780435861791
did:plc:mfsfz25biimn6l2mgkwlbgr4	0.00342395398251759
did:plc:mfsknrcavfjzf2lfripsdfxr	0.00554917719107255
did:plc:mftaaw3ctnnokl5lekg7unm2	0.00895856663240061
did:plc:mfyhm55e457lnm7utnn4yuj6	0.00770686858243058
did:plc:mg3uwwxksjzmahswkbltugzl	0.00232749024596693
did:plc:mgjjp53kd3ahmvuytdfjnxvu	0.00385908128999703
did:plc:mgmxn5q4pj7siwntfujmstxd	0.00624877953706567
did:plc:mgonpluvxerlvhkda63oopip	0.00788709008336689
did:plc:mgrnvbebnb4bm63fe36cfwzq	0.00645280236153193
did:plc:mgtvhemqvnmvqdssteem6trd	0.00438413361276162
did:plc:mgwbnkjunk23gmokk3pkmltt	0.00418756996583378
did:plc:mh3irgjpy7iz5tf32clqt6zm	0.00405891221179861
did:plc:mh5mt4ifqn6otuf52ddfa7nb	0.00444167381073801
did:plc:mh5qwlpl2xhdjwxdw74tupr4	0.00286036231272095
did:plc:mhkuix6cnbwtucjd7hwdl5bw	0.00456033676351999
did:plc:mhucad4nzjvuozx7krgbqdjt	0.0053429423465097
did:plc:mhukqxzne6uwcnkwguacva6n	0.00294459258304569
did:plc:mhyfas7r2ugr4o52uegg4ia3	0.00314207263578117
did:plc:mi7pyomnwnczvdqp4dlwj4dp	0.00520422646333709
did:plc:miab37ndfqv2zs7tsbzkqde6	0.00265892949959724
did:plc:mibvcqzzsablinrv5eww3nya	0.00359244348103296
did:plc:micbbomxnachoayse3x2rf77	0.00473125761086705
did:plc:midxgddyhhwoe7fkfdz2mtrj	0.00350894452958739
did:plc:mieextl2bvpm2csymfg76k32	0.00376587476497464
did:plc:miihh4tqer5ujcsupeorgpbs	0.0113688040092871
did:plc:mir3m727qeojgw357uu22a3a	0.00357736041946292
did:plc:mixgr5dw7xpiev7g44ukdwbo	0.00274595951689479
did:plc:miyqbcw3obezrcgyibqcykhg	0.0105572862675538
did:plc:miyyzu43db63cwc4pbqnu2sm	0.00372559095616015
did:plc:mjaaokco5rf7sznptvztkmo4	0.0108006574748921
did:plc:mjcmviz5d5rvfxwlkfzkzman	0.00544579533996463
did:plc:mjfg7v45vo3qq3blcfjzmu6h	0.0108827085937656
did:plc:mjlp5vmjqtroxv77z4m4c2ww	0.00636201412229023
did:plc:mjudptvkp7uerwyjcq2ume67	0.00408809178451964
did:plc:mk6w3z42qu7cgdsdghu45ky6	0.00268682977867313
did:plc:mkeumrxhwjus26h7o4ilp2gr	0.00724011238499858
did:plc:mkgmsi2dmhkeuiq23ln2zk6h	0.00433568925691336
did:plc:mkgwvbbk35fc3orrn7asznfw	0.00943396226677044
did:plc:mkicewoh62rnyh4srrkwxip6	0.00729387868156401
did:plc:mkkbvbqrttfcabggivlctb6f	0.00214747406029581
did:plc:mkmfn6iivvkcbokowxu3lqss	0.00356052899328554
did:plc:mkpqmzatt4rf42nlgv523im4	0.0116959064670338
did:plc:mkvem426sccxm6ald24ptivi	0.0147172734486284
did:plc:ml5jii7tlq4x2iuf4mptxm25	0.00714104836788921
did:plc:mljts2edcuchfwreac5kor4x	0.00661455202208543
did:plc:mlldz2velup6mqqa3glpfdsv	0.0042509934389194
did:plc:mllhz3jyxvsaqnnudtl6nbjo	0.0041596513828565
did:plc:mlnxlkuqyederm2jgf4hybzu	0.00805585392473317
did:plc:mlqf37dazhnmiy3c5ra7kxmt	0.00561191452672896
did:plc:mltx2lvfxd5zy42um6kpgyyn	0.0024865481819765
did:plc:mm2zh5drin42grahe5tzn2dq	0.0029885890238681
did:plc:mm4q55vuxpjnin5m2sqyd3bu	0.0058527375730175
did:plc:mm6g5xyrdzx5lsk65s7hzrlo	0.0209318028657373
did:plc:mmajey32quq2t63udxondwpm	0.0141906873805874
did:plc:mmidmuiq4taeneq66u6skvhz	0.00627600310453795
did:plc:mmq2bzdmpe6qjvzvva2czpv6	0.0051656031607823
did:plc:mmrnfmycxbuzxxnkd6ew3rj4	0.00396233211576586
did:plc:mmz2oqhieb2wdcuh6jkcq2mz	0.0042916749455892
did:plc:mn4bj6w4gf2hnqspmxtx5i52	0.00627195183320829
did:plc:mn7gk7m5pnjtgrx5dolgcxna	0.00610712222692277
did:plc:mncyhd3ryg6f7twa47mqtgry	0.00640524917981619
did:plc:mnhcg7w3iidbwpwl6hkca5oc	0.00390673446638481
did:plc:mnhkaldcumlb5tatpllo22b2	0.0140721196326747
did:plc:mnhwmuqsv32nmxtvdienkmdv	0.00574762692910505
did:plc:mnjcinbm6rx2spv5dyzwk67l	0.00545915383170434
did:plc:mnrmjwrqbg3bggnbfta6qfbr	0.00851063830144581
did:plc:mo5slut5hxnws65aqvfppzrs	0.00206333285580309
did:plc:modmlto6ec7j4k2znbhjtfqn	0.0177854274726112
did:plc:mof5eajfqqk7jxfwm2yekoxg	0.00700881754593766
did:plc:mojizn5kz4csjt47vmmtcpx5	0.00944969427720337
did:plc:mokfwnrg6p4ztc5454anpbzo	0.00265086153000547
did:plc:moo6wdbapndqopkijevcn5wu	0.00527970336994427
did:plc:mosmrkdoooguqvdjfbrt4q4n	0.00515641113797848
did:plc:mox7yrw3rdufbc4ctzklrd3q	0.00577145056022138
did:plc:mp5j2mnursjnx5wdyjj5zpco	0.00661864901846382
did:plc:mp6j6wwdbbsjlnotzr4y4dw6	0.00699463744591839
did:plc:mpf5v46eosbr733sj6eralch	0.00532201562980274
did:plc:mpgtnqyamzcmwrchcmejvagj	0.0049734427814107
did:plc:mphlqph6ml5eujjmwl33tcqy	0.00404265700283707
did:plc:mpiupgiwdc3zqhf2oqhwfqlu	0.00532720238056717
did:plc:mpqg6ogmgst6uzblz3fqjsgv	0.0130317187363456
did:plc:mpqp37gteozuoerwjuq5woes	0.0110519852656459
did:plc:mpshozguarihfktl7at3npyr	0.00509848118996279
did:plc:mpsqalfgvumclhxr5xqcs2go	0.00284424114489803
did:plc:mpwr5nq3ipbmu4t5wnraafem	0.00368621126634835
did:plc:mq5fwi5o3rxiw7hdl3sw5mcw	0.00218555611603144
did:plc:mqcyx7r47blsq4hvz23lt6mm	0.00454235748449438
did:plc:mqjbjyyethzuiolialtxvscr	0.00438086723397425
did:plc:mqplt3ok3pc5h4y3ce3wz4o5	0.0031785310494577
did:plc:mqyp24a2jzhstmd7vp4idxz3	0.00588139193160891
did:plc:mqzmkd4v3cthej6rsuqdw4n6	0.00483005367124318
did:plc:mr5rd46adijbpnc7ebtuajkk	0.00467314676439262
did:plc:mrjfrta3m7ihypn4w4glzlkg	0.00435814761032329
did:plc:mrkm7ir5zvxhea5omtqg7si3	0.00269078834392982
did:plc:mrlay67xlh5olj4vfxewt36b	0.00895316804714401
did:plc:mrsdlykftzz4ty5jdgmgkzw5	0.00763213127762298
did:plc:mruvxvqnj2nfqrzywgdc4maf	0.00728422210119835
did:plc:msba3giudbmaf4peyfrdnqja	0.00366103154985077
did:plc:mslnhsxteljsqx6dwhsrmubx	0.0066118656198314
did:plc:msnsiczqjrct7mlidqgewfza	0.00368867576576464
did:plc:mssi4g6a66jr6dzaetry535x	0.0071077091319039
did:plc:msuuydkpfk3f6vllbgeafywb	0.00393670981936084
did:plc:mt3o27mevht5v2byisqg6dgk	0.0127579737388629
did:plc:mt7l6nxennpryzidf4ejjgos	0.00717021903665743
did:plc:mta7ttupv44axypnxroqhpx2	0.00436488203789867
did:plc:mtm4yjoqpp2p6sfyu3ft7ipn	0.00378923285941878
did:plc:mtw2szzds5avjqwgqutd4u6u	0.00657711903814828
did:plc:mtxow5vc6pyss4mk25hzr2g4	0.00770598696392172
did:plc:mu44ry6m3jdxykwhuqex4qew	0.01161483701901
did:plc:mu4djzloo4njcuefstdefepa	0.00345836658694722
did:plc:muh2rrft3egkqq7lmsneyato	0.00471590477000523
did:plc:muqxpliay7y6upaa3ujti5kf	0.00769686205338946
did:plc:muwttcs6bhhlxcjkhde55mav	0.00979519146316475
did:plc:mv7et5q3fp54mtbnb2qxpojc	0.00327064595268154
did:plc:mvfhazcizcxs4onfw225sjxt	0.00220264317180916
did:plc:mvglqyuukk32346l6dxlf2jf	0.00304964316044247
did:plc:mvmfhonrfi2pwippivfcrvdw	0.00447277200145419
did:plc:mvpfjj2diucnlurm5io4nrcs	0.00648348255797094
did:plc:mvuu3jqxvicahrfjef7ckwap	0.00229553354764855
did:plc:mvvi7p2tnoavluxn2a3cbivc	0.00258141651839318
did:plc:mvxi35t6ph2qizxgvkuwo72j	0.00471055618701145
did:plc:mvy2qcmmp2d76x646hrlgaxa	0.00216862719334956
did:plc:mw3mu6sbgvfcl3cgetfnmxax	0.00508370584694269
did:plc:mwf4dpyposqziymffm26gb4o	0.00538680233485188
did:plc:mwjcqcvmpgjwz6r2swaoz33t	0.00566980588171094
did:plc:mwjjyqgdptuzu4xbvtkuhlyd	0.0110438190320181
did:plc:mwl57df6m7c7jqyisphfz4ik	0.00635126377221921
did:plc:mwmwigs25uhy7u477ifdatcu	0.00487342629020198
did:plc:mwnw2flhk3hft62mrvvvgcel	0.00231709436373141
did:plc:mwobujyiwwmiacgpucyhmfa6	0.00559504007309298
did:plc:mwraffpsburm75gfbxzk52do	0.0115735040701163
did:plc:mwxqd2woe2xnyevikvved3uj	0.00862301268222402
did:plc:mwxupf6cc4uqpepytlhbf5ut	0.00604708507216683
did:plc:mx4ajnfm2euevqq7kucxgrzn	0.00834610799220792
did:plc:mxd2azr5ggygbczbjb4cx2rv	0.00529045643213837
did:plc:mxecbg6ge3hziwcp7ag4nhzs	0.0035570148441044
did:plc:mxqzttl7sfobdf4n2jr4ewzh	0.00641470180473111
did:plc:mxvx62d4qjyocyfimzha7was	0.00752739400231825
did:plc:myd76sl7xc4chlpqo2p7yk6x	0.00512163892512154
did:plc:myghwpbiyfaubzdrewqywxoo	0.00365448505020896
did:plc:mym3xdfha35itjc6y7nnm3cm	0.00581848407935306
did:plc:mypkmz2ytnghjpkc3l6j6l5w	0.00343331267033268
did:plc:mypo2u7e56snsi6gtbglzqtg	0.00685178507169682
did:plc:myptox3ny5g2mdsaxzu276kk	0.00734290727254362
did:plc:myrxhuhye3xy57sossymowod	0.0163642832357008
did:plc:myvkecujuz4h4iu6rjqxtv3t	0.00528445215396311
did:plc:myxkjecgmvvqiyidy5asj3c3	0.00571329640127876
did:plc:myydrrrhdcmxvnxqh3btp4cf	0.0128205128465247
did:plc:mz5ah6btpggujdx47ii3i4vt	0.0069494196942254
did:plc:mzi6x6oqev6e77trv7gjw5wb	0.0132514544514753
did:plc:mziv5vvgmwb67ylwh4pifsj6	0.00796971508704252
did:plc:mzj73y3gogmc6nk6g2w55ste	0.00573509331141715
did:plc:mzo2zqzjp5bl74v5f2nbfwhz	0.00554910311060031
did:plc:mzragqqkfdxox4yrchllsyvm	0.00434171881007885
did:plc:mztdz6z3eiccfvq4lrd4l4lo	0.014049586875624
did:plc:n2orftryqml4jxts2w46yo7n	0.0049175289424604
did:plc:n2pgnzkiwwjrfvau2fulrrjv	0.0131030375466962
did:plc:n2spsii2ywzwdmwpfhsuhtcp	0.00294594196509031
did:plc:n2swhyi3ror4x5ognhmmzt2u	0.00571352644405538
did:plc:n32z74slxmido3575vlguqkq	0.00660429279185165
did:plc:n35babwcvrn4qhwjg362fmb2	0.0073260073271311
did:plc:n3emfbiwsewn6srw3yj4vvxi	0.00841705133533472
did:plc:n3funzdseociqywkxnjqbgbx	0.00657894736997701
did:plc:n3gijms3w5tcbokkpd5edtjj	0.0129918337295225
did:plc:n3jdbkjncnhc7x7kr2m6b6tk	0.00582442020769435
did:plc:n3m4zqpagdslrw47ur4sksog	0.00285866241207498
did:plc:n43thy72w5jyn6jvottaqkv2	0.00562207184009101
did:plc:n47mw3vc5gmkzi6vwanzrwqx	0.0079491256005753
did:plc:n4e6vpcmnond26zactowajkb	0.00222459280846535
did:plc:n4iuwlgvek44tayba4idoa2p	0.0134014039793718
did:plc:n4jmnwi36zxeizrnby37sesb	0.00538284082227928
did:plc:n4kdwcs2c3ytgmjngmrld7lp	0.00395308427483816
did:plc:n4kqgemw2dbxajcpvupcgc44	0.00604055803451945
did:plc:n4kr3ufri7wxmautksscyui4	0.00677099007064072
did:plc:n4lbcjfl6kkdc3l3ve4s7hlp	0.00242428009764759
did:plc:n4ns27e6ydbhpe6vtl7nsgu3	0.00333307792516306
did:plc:n4ptmyw6pcuheihj6fld54p4	0.00450725522794562
did:plc:n4vhhjownb6y63thbvxsbnck	0.00274773976263675
did:plc:n4ypg7w4a4xyz56vnjxuyrhi	0.00494233937471247
did:plc:n52pih7hza6lzfikccvpx2ym	0.00407048639763085
did:plc:n53m65qa5yuj5gdmjoio2o5a	0.00906931549736705
did:plc:n546z3bqm56g4rj3mwk2g4ds	0.00226903980612948
did:plc:n57pa5zu3i62hjerr6uvjtsr	0.00237449615249538
did:plc:n57regv5vfrd6gumk6skk7cn	0.00779423226905353
did:plc:n5b5hdja3vvwwxz2hrbqttq7	0.0270916335348563
did:plc:n5cjipod6zycvicalvpdwkau	0.00344112680918095
did:plc:n5f7w4v7l65vjfaljp4727ng	0.00326107807406703
did:plc:n5mzna3ftjnx35577zsr62r4	0.00381698558618493
did:plc:n5opb5yxx2anwqq6ehwwlsuv	0.00379237288302836
did:plc:n5puo4laos7uyqctlmfolbvk	0.00318317738990981
did:plc:n5s6nl4zc6wel6kj2baqehtt	0.00701802669730273
did:plc:n5xkwkqgvzeqjvkbr4uiq2e3	0.00675211719647946
did:plc:n6ccgulxw6p6hmgw6w74g7kf	0.00425612052754146
did:plc:n6kl7vd6oniipgobzmlkxz2e	0.00272127355621323
did:plc:n6pzlivrfkp65kpy5byiazsn	0.0127591706802973
did:plc:n6vmdcchjtu7nbfg4fos7zyc	0.0107843137342441
did:plc:n6vrwkkedmymls5kdahvbdtl	0.00568145950430473
did:plc:n74pv7hesfo5pnm462m2c2zw	0.00501472578276835
did:plc:n756jw2dnc4bg6vnqvew2uxd	0.0038083086859804
did:plc:n7dat42cl6435xgph4jte5qm	0.00479904019277346
did:plc:n7dsov235y4zrtshlhvgaqy2	0.00757976379847681
did:plc:n7etkpy7l3mi6sjzk7h4kmyl	0.00302649534554734
did:plc:n7hg2wfbiptk2d6xjbjrbjyi	0.00257776250219308
did:plc:n7ibpwyxwrlge3ncjgvkp4is	0.00412567438934085
did:plc:n7izjq4a73et2dcqiy54vhbp	0.0173410405148977
did:plc:n7lhfnxrnw5hqolk5wtcc2eo	0.00315168767794164
did:plc:n7smypt75e77eta5bheaos64	0.00406338886766641
did:plc:n7vpbo7fnxyxh5tipjozionl	0.012583562726698
did:plc:n7zttrwglryfssyh2yycb5fr	0.00459971525590712
did:plc:nampyfcyxub6yd7mmssl5vgo	0.00431560947828025
did:plc:naqk36yqbi2tarnim3eg7wyl	0.00388012878756505
did:plc:natwbfyhibqmzde43552woo4	0.00627615063658862
did:plc:naxmvvxmg2ihdqj4l77e6nu7	0.00510835913326114
did:plc:nayq7szrhgj2objfdmuwdi3u	0.00740614625014991
did:plc:nb22azmvkphsepw5ok2jmdll	0.00261825798590064
did:plc:nb4p554qvz4kqllwp6a6mrso	0.00465949820877377
did:plc:nba5ufzddkc7r6cb4jdtqfn5	0.0198938992389791
did:plc:nbgoxawrfaaupzd5bqfd5a4p	0.00271340242890835
did:plc:nbqqarvppqmp6idvbz5wrjxe	0.00531561461853465
did:plc:nbxdc3ncwppczj2ta7vqq456	0.00748458176683791
did:plc:nbxdwkvxluvaeftf4ygmhddv	0.0117053018200147
did:plc:nbycyhcflju6jjw7zm7nkmbc	0.00515599056256787
did:plc:nbzfbeslbp5yttydunsc43an	0.010554089719104
did:plc:nc2rajkaspc2hi6nodng6i2k	0.0056298381426526
did:plc:ncbrgm762g5hb4ecw6cwqgcu	0.0199063232196817
did:plc:nccv75eeqsdhezp4pn7auqsa	0.00486182190456737
did:plc:nce65osfk663xzdndqd4bljs	0.0159965412884771
did:plc:nchtmuabteu4r65wma4c7cpt	0.00363539634725122
did:plc:ncoyptzc4z6vohuvvw2pzczm	0.00360172883023067
did:plc:ncsf4gmpalvdhrpyzdiiwetx	0.00292677589664615
did:plc:nctabzm4dbx2kmmlczo2jhih	0.0117200965252565
did:plc:ncxjwqi5mfaw4utwirs2vcek	0.00451793620771717
did:plc:ncz3h7tzls53cevzpsy7mthk	0.00364362952522851
did:plc:nd6u5atucbip7iahopy33sbk	0.00544084821483951
did:plc:nddwypzvcxe5rfvpki4zp56v	0.00659250103014014
did:plc:ndfjm2f7n3ftufif3jqgs2qk	0.00668516649996868
did:plc:ndkomawobmwtyu34yoq76svj	0.00721106996804686
did:plc:ndq7zhsxyqmqarq4prrc6tej	0.00497589799481808
did:plc:ndwtrg3nilxu7hc6l7zqwlpn	0.00496418693782886
did:plc:ndxd4h47nhylsdfke4x4arlk	0.00396232057445486
did:plc:ndxiw6b3mzhawjccorysb6i3	0.00388131515668669
did:plc:ne2f5jsbq2sownj6jn7qcfj4	0.00455071058322219
did:plc:ne7y5uq6s72nxvmrdlgebz23	0.00533602538276235
did:plc:nea3dhlsbagnuozjyhibaxoq	0.00550739418717316
did:plc:nedlfzwfaizhrow6j2han5bh	0.0108264164648048
did:plc:neds6reystkgeoxc2gadjsuv	0.00468319559316129
did:plc:nemqugppzvbgaqlfvmxkgdzm	0.0024126557537281
did:plc:nes7nvkutfogooeqhuvy55te	0.0110352075751678
did:plc:nez6tnldvi3qjxonrjnlnyrn	0.00528380433914839
did:plc:nf37hgymaxgja2nxaxgdmclz	0.00337368525549165
did:plc:nf3b5maaqpqs7ichvwmgzw6j	0.0135039090485482
did:plc:nfcdo4xadtiff6hpqdb62rsd	0.005467353591125
did:plc:nfcgvbatogzshlwk4nwwdm6z	0.00574447012450019
did:plc:nfisgojcjtz22emq67qq6ort	0.0098694683336227
did:plc:nfkf7t7injnnvwvswk4u43xr	0.00427896283054811
did:plc:nfrq2c4lbb5rneda3m6bhvzu	0.00263170961836414
did:plc:nfsqo3x6xrmdxtmi72i57etp	0.00952380952635526
did:plc:nfvw743svow24g5azhomdknt	0.00484405857979196
did:plc:ng5aalzeqx6x7v7xtzdbaa4c	0.00485956675805013
did:plc:ngb5okv6wex2jgbaxfyon7bb	0.00904677846722638
did:plc:ngclv2njyjp2wpb2wnt2drbh	0.00397762585485679
did:plc:ngin66sdckpfptibm426mztn	0.00645909241635192
did:plc:ngjrh2fxdpphujlgllf2czm3	0.00967290314612285
did:plc:ngmwhdwwnooby26v34zswczy	0.00563244287143508
did:plc:ngn2vftjuw5o2arsmjwewqrz	0.00722584301618995
did:plc:ngurzkioasqqpnqhhjci4sm4	0.00678813862121911
did:plc:ngvafaqfy52umnhrheoo6dcw	0.00727449078679301
did:plc:ngxd5ith3vqehvjicqedkxr7	0.0038175046554961
did:plc:ngzpfsahikzom7kkwsqadsok	0.00528501321313803
did:plc:nh4drc5v7yg3kxhnw4wifocp	0.00409272002898559
did:plc:nh4edzfl24y3rjnrvoa2r4ph	0.00248538684591053
did:plc:nhds2i7iyqek7ahr6vtcwk2n	0.00698361536525259
did:plc:nhpgr3sglokrlwn5k6dfhggj	0.0039230455390139
did:plc:nhrrlrq5cnj662qto2ykuwmk	0.00404726157065335
did:plc:ni3hjrcdgmkza4ixd2smodtd	0.00334853843141067
did:plc:ni67faj2wwxfoizdomro5igu	0.0142103126459667
did:plc:niaymc5waxcawdlexavvdutb	0.00798983112834766
did:plc:nibmxwjuvnmfgb26iuclctfh	0.00358380121850835
did:plc:nie3jpbario7r4y4rl7pbbsr	0.00480281765383301
did:plc:nihlf75f6xb33uyuyig4sfkm	0.0131578947608995
did:plc:nilpzbecixhdw7tiwoorqkzf	0.00432130147433534
did:plc:nixgpteq42hg5k2d3qy4mb6u	0.00275145215548669
did:plc:niyqmigkr2gd2gflgqc2smkm	0.00405240707022366
did:plc:nj5727o4wwczbrbw6rfavm4w	0.0117476956510824
did:plc:njdytsc4o7ntx27tb4rqkrzy	0.0039325072034707
did:plc:njf3qhasinwscelhey2zkjc3	0.00282814505793362
did:plc:njf5hdjuswrsnusajmte3ibj	0.00980683507851847
did:plc:njf5jquid56tlozvarepdysx	0.00508296330986566
did:plc:njll2xghjmofzzykzobunnql	0.00347335998471069
did:plc:njv4ig447bltf2itsypfl5d3	0.00923002186337594
did:plc:njyeypn7ywn3ezoatd5qyxua	0.00590009178137011
did:plc:nk4cr44cekdvoxbgl2bo443p	0.00676997141710305
did:plc:nkblqgxj5jncc7wrqq7ykoy2	0.0124905374772392
did:plc:nkbzn2dx3abr5ssmenxgyxcr	0.00657116572636113
did:plc:nkggeiosv7cqakn7avyzj2z3	0.00248890635494871
did:plc:nkhpahvxfdxsbtaqbdtha33e	0.0120210368207393
did:plc:nkk75xgqzpnybyyrjflcqf7h	0.00626270841986253
did:plc:nkm2bnkm5x5mki4aphlrdu5n	0.014143362359747
did:plc:nknu4ukq5eldt5ndivcxc7pe	0.00615456528703993
did:plc:nkp75j65hhkhgh4s5pdhsnjz	0.00290760284314267
did:plc:nkqoe3mrgjb2fkgraeyvxfxx	0.00341774758127291
did:plc:nksih7rp5u5nsjpgmodmfuqn	0.00766188828963272
did:plc:nkxpvllz4ss6m22dpvp6s6fx	0.00303760343566093
did:plc:nlel2222zkhjaot4xll4zwlt	0.00430023455938458
did:plc:nlhlrjis3ts5vkkmtegugnkw	0.0052852479409127
did:plc:nljetle7i56ubgmxvlfyramm	0.00350958090010754
did:plc:nll5mqpre46wgjlcbfx4xcqy	0.0128150363103114
did:plc:nlm3djmsixdcfhqq4irf3rpl	0.00576992427020723
did:plc:nlrnqafdgkxybkipwma3damo	0.00455619304853844
did:plc:nltnycp33cllps5iaxqzce3c	0.00568828213927785
did:plc:nlvl6yyd7w4l6u6n6plyfgoh	0.00524421593892278
did:plc:nlwk6mad2nz5ca3tg336gxxp	0.0156457173306565
did:plc:nlzkzxcq3hirqudxko56jiuz	0.00276614241699758
did:plc:nm45rbd4oicqaemgrmv7fgxs	0.00245626803217893
did:plc:nm67lclla7y766ydb7gb3u7u	0.0067972810889745
did:plc:nmcnuriytrpiryo7h37rcnmz	0.00569199957885321
did:plc:nmfgsvdml3qbuslpaqvzdrpl	0.00570342205371181
did:plc:nmgf7o33ghh7eikmdflzimsd	0.00373611578628096
did:plc:nmkd3xscak5olqrfhnlxokgx	0.00521964063319401
did:plc:nmkqcwsk2ifxcjmsjivnlxm6	0.0065106457872825
did:plc:nmprldpn3543un3jefcbpzob	0.004906771345214
did:plc:nmwytikjtwaclogy76ph2x6w	0.00377722931814349
did:plc:nmzkqdtf37uyy3qvmsr2sufl	0.00730816078066924
did:plc:nn2nuid3jgp2d7seab6whfbu	0.00573861533001137
did:plc:nn3svrfbka2ezz2y4jpw7qr3	0.0055598992294191
did:plc:nn4l6erfvoaaunxqlz6szdes	0.00466941533047388
did:plc:nn7dtxjspefdmybmium653kp	0.00742390497509591
did:plc:nna4h4r7c6qzoomzavhn2hr5	0.00402109618606553
did:plc:nncx3fwjaya4iols45skw7y3	0.0189732143257613
did:plc:nnicbo4ktb7bbvysbeklg632	0.00470389579147941
did:plc:nnsabmbfgkutsqplpblx4rfw	0.0041679691572783
did:plc:nnu73mth44l5mxc67zbpawle	0.0025537028692066
did:plc:nnxjsvbuspvrpcs7cdwphdx2	0.00822936023756251
did:plc:nnyyjbst5mji2p55xxka2eek	0.00582863804382384
did:plc:no2q4yhjooue5upjchzk3xhw	0.0105916174931482
did:plc:no2yq5kd2o3wqrcb4myl2v3h	0.00701543395598139
did:plc:no5v7647kqn2b2o4dqw7x37x	0.00904977375862534
did:plc:no6ggqbmzrppubrxjz273cuk	0.00346886551081905
did:plc:no7klxbghdipumg44mep3mzl	0.00452716297806127
did:plc:nohqz4t5ennuau3nwxk4z2lq	0.0029465772730683
did:plc:nont2yyr6zgjd6bryhn7aw7b	0.00436558231343498
did:plc:nopdwrh6rfimfqd6wdbaef6p	0.00664599025405655
did:plc:nox5hqcpiukxspxtnrnekuvn	0.0042288557216322
did:plc:noyx3zntwmuobuqoulanmc6n	0.00376063683811435
did:plc:np4zlgm7g3gogdhpryc5cbzp	0.00609249515566086
did:plc:np7jlx2ihf45wuhbehfwgmib	0.00303664214872666
did:plc:npjlo3nj7rpeisck676njzf4	0.00508064516197254
did:plc:npkdzorwdvjbj6ggnjfy6hi3	0.00443635159845009
did:plc:npklnocpazwhq4g7a4hh2cyw	0.0066017679326128
did:plc:npqk5noauhsh7ltycawc5bq5	0.005152979066676
did:plc:nqa3iwiecgu3wfksz3zlwqi4	0.0096967196324407
did:plc:nqatj54yejwrlozi6orv2neg	0.00297569153409047
did:plc:nqf7ruisy67ozx5ym7sck6ih	0.0100218868903083
did:plc:nqh6t3ahbqpzmrjsy7hsxooj	0.00505671077573937
did:plc:nqnemcqfmodd3aj2njn2zbdi	0.00770514961314588
did:plc:nqpj2knwcb3zhwh2gzuikncz	0.00396846393994916
did:plc:nqqrm63imsy3dgmk4gtitop6	0.00896990741045706
did:plc:nqxdktr6qmcvg3uzf2twxnno	0.00555301993053721
did:plc:nqy3jta2kp4odiur6rxfw74k	0.00215581771363619
did:plc:nr5y5angnymheau4ltaep7y3	0.0061482568298378
did:plc:nr6wsuojyngkw5hpm3ar72em	0.00931677018905547
did:plc:nrcqn4vucqgk2gqqw42eghox	0.00394157199313787
did:plc:nre3gaohxhiissdpfkqu5a3d	0.00382615741294277
did:plc:nre62rbmyeeou6zq4zd4moz2	0.00759878419956008
did:plc:nrgk5je5lmjoul6d2x7dphwi	0.00499746505467557
did:plc:nri23ckwpsqfedec24rfrsvc	0.00603383256316875
did:plc:nricllspnh6jp37w7iqp5q6o	0.00528787340733617
did:plc:nrie2otgmkvz55ojx6i3agwk	0.0046319109105332
did:plc:nrokamqcsytf2hmq6uq2gdir	0.00400816758706262
did:plc:ns5ccttp3cphmsbl4wvflu54	0.00582120582346076
did:plc:ns7cusnm66uwp3ro36xbuf2m	0.00586969282160798
did:plc:nsayfbwdrf4ahtbe7f4h2ikv	0.0269559503816949
did:plc:nsgmzkymymfrqw55xchtj4kg	0.00326655052317971
did:plc:nsgqu2s4u2jtiqt2qy5ogych	0.00906989151993323
did:plc:nsj6nzcxmc63oinj3yucxxb4	0.00490196078507466
did:plc:nsllijifdl7hv5stkj5osoeh	0.00678569075838369
did:plc:nsmmcuzpfy6bkheqlgoubf2x	0.00949298813633555
did:plc:nt5z2hiihz4754pa56gle4ys	0.00713415695146267
did:plc:ntai2umtsxgbqeypndfaxll4	0.00879376141023942
did:plc:ntd6st3odvqa5cxuufxzmcft	0.00364025695969441
did:plc:ntdxbdcyvqvcnjly3faf4hdy	0.00561377245559336
did:plc:ntefiyfh2nys36vnrmxbkhvm	0.00243668315762005
did:plc:ntjqkq7dnryedboki5u3ey5c	0.00280663830991265
did:plc:ntktk5djy6feugbh2edaulio	0.0033733376586061
did:plc:ntqqcb3pkx52jbrxjohqqsac	0.0109739369081692
did:plc:ntslznb3fcuvyqcmrs3zfpmo	0.00348182283709735
did:plc:ntt6vnffzeimblynfiigypeu	0.006634232640728
did:plc:ntvpcekg4nwg75ir6c3fqlpr	0.00478188298002411
did:plc:ntvqkk7emtqltdg6453cqycy	0.003782495071297
did:plc:ntymjj4i7pmr43brh77lzctr	0.00311469402773316
did:plc:nu3owgd7ukl3rl6xr7atpzm3	0.0115755627080384
did:plc:nu7stkicmf2hkfu5yps66gu4	0.00222304557244877
did:plc:nuej3zxjwwtxx44o4wmgokup	0.00336581045182404
did:plc:nui45haxm5luyv6e7icmiocv	0.0046332046341086
did:plc:nuixjnsxikpx2rdquyqn5ffk	0.00652765186016083
did:plc:nulu2k3r2d46pqsvsrqdaiyw	0.00997506235521128
did:plc:num3tml5oiuhodm3dyz6jtdm	0.00672834314695412
did:plc:nuy5il3yn7c7loxqhkdoyzoj	0.00537464432558271
did:plc:nv32a2vjaofo6qgg4whcgy6k	0.00562378055828803
did:plc:nv3ixh3sv3ns3l66sixp3d5w	0.0112023898509735
did:plc:nva3pbe6iwiejgacksfqlsvd	0.00949173300930781
did:plc:nvc4t6e2vx7jh2ftc4kggr6l	0.0141080378884517
did:plc:nvo2n6zsfamq2xt3mkv2kioj	0.00739327450534623
did:plc:nvrou3oa6quj5aqev7wgf2wl	0.00445213950057527
did:plc:nvzvi6xi2q3c4b2rc3is33i4	0.00347050074411897
did:plc:nw2uwltop7pzhke25a3savfi	0.00589322856699783
did:plc:nw3uqm4zz6soh6ciuzagw3hk	0.00830932861008973
did:plc:nwbs25ffkij36oudtzvo73lr	0.00901317310215063
did:plc:nwo4mpo6dxqfjryt2xrwx3j4	0.00873362445745376
did:plc:nwtsvuphj7pbyrn7byd5mbpm	0.00221084953942115
did:plc:nx6l63tzk6jmwfpwwsr2c4mc	0.00543816679867825
did:plc:nxai3slkmoxhf6mmv35a2zp5	0.00305411747179191
did:plc:nxdckfvrsv4yhxahzsaubpsh	0.00668463612008104
did:plc:nxrxv2s665f64txhi33lmfle	0.00441765220296942
did:plc:nxtwkifsmdgfiwz5vlip6q7m	0.00322475382470712
did:plc:nxu3kd54wkrm75xn2sd3hhhb	0.0151148730509238
did:plc:ny5wbfi2ux7raht4rlcmluu6	0.00366668902638268
did:plc:ny6kzvm7jki5uv2aleoccog3	0.00369703289418556
did:plc:ny7m556yvn5nirqyvyoeeets	0.00675675675676824
did:plc:nyelmioju2l7u5tdtkbfod7z	0.0141104294673507
did:plc:nyhaf4ct5sxarmkwc5c2443f	0.00651177747567856
did:plc:nyhfuw5x5pw4jv7co5btjthz	0.00801526717985492
did:plc:nyhhbqvhhy4ttbpnwpc44uj3	0.00491567722982503
did:plc:nyj5a4riluqshrd674fqb3ms	0.0058249100565539
did:plc:nymvjrvyirjdqrw63sloydbc	0.00772573636403233
did:plc:nyo2wnltrtqiyn7plije4snd	0.00605693519279247
did:plc:nys3sc7xaqitrjkn4kl3qttp	0.00605844618874019
did:plc:nyvd2hb6yvll25j5uaf3kj25	0.00556423882514999
did:plc:nyvrqt5fl3crxw7iavxhi7ls	0.0051727014857118
did:plc:nyygxi2lhqxss5ynubg434mm	0.00347928838749122
did:plc:nz5sm456chgee7vu7oabh4ua	0.00423875432549697
did:plc:nz6mo6xld4al5at6frbnce7e	0.00983929158254515
did:plc:nzcrj77edgem7zgkrxm63w4c	0.00659509202608433
did:plc:nzcrpcjyteprtmxuonke3kjv	0.00606154802810568
did:plc:nzdfhvnbdj7dykcfxgz2ximp	0.00613371498863436
did:plc:nzf6vkaacgbdrvc6p2fskfq7	0.00871037988600414
did:plc:nzgyphmqkikotn2gryscan7h	0.00765855604799289
did:plc:nziltmi7i6b5rhpz7kvun7ki	0.0126031164080615
did:plc:nzkzkmijkaiyyrobzasoj65k	0.0128245229913429
did:plc:nzt4zxtfvfqfw3mkk2357pgq	0.00320405528202198
did:plc:nzwz4a7b7yukfne2hmdht7sn	0.00686308492337943
did:plc:o25mpbaegkjnvlvve3mbaulp	0.0031556958087263
did:plc:o26lctes5jkgmrw3g665t3pj	0.00410763393349507
did:plc:o2a6z6l4yl3svpdistembjf3	0.00255885363361818
did:plc:o2bk7ssoh3giznqk5udey5wz	0.00362467114917161
did:plc:o2fmv4ucbk6wonppjlzvpips	0.00742407199208063
did:plc:o2hxv53zmbujk3hbw6cknt5x	0.0082256169252294
did:plc:o2lttzfc5isw2txp3zjplq77	0.010204081642993
did:plc:o2mgnfybs4epcdk7zi5dyvua	0.00646476003255912
did:plc:o2p4wp75xdsz63ag3ihreura	0.0146721687472796
did:plc:o2qwvcl22a6l6b44jbqxykhh	0.00600735228394673
did:plc:o2scarl2qbpxq44fnjr2s4r7	0.00206162929718756
did:plc:o2w3c24jjwywpaqsfc36q4qd	0.00400057151049941
did:plc:o2x2dj6dnmemj54oxndtxmue	0.00788328039043031
did:plc:o2x6nvlvjnxgqjj2f4uovtcf	0.0157101635140597
did:plc:o2zbts7lyuztn2uy5pqaikhi	0.00294432548194599
did:plc:o2zkxi5unglo5ju4fvfou4tx	0.00667090216159357
did:plc:o32gwvphpc5k472kaugwtawh	0.0043930756770223
did:plc:o35af5byr3qwxf5o5x2klvct	0.00514717709571763
did:plc:o3iig4h7hvqt4z7j5ivehnrp	0.00453184429974529
did:plc:o3ilbdu5g7car3g7a6br7uya	0.0043547480803834
did:plc:o3jsffboto7hhe3et6krlyrw	0.00222669594931583
did:plc:o3mhmf4zcuz4ynidlvj2247l	0.00818234950723834
did:plc:o3vo5glx7hhclobetk5stpr5	0.00550924766583124
did:plc:o3zicdsxkycugrphq527rise	0.00393427447380015
did:plc:o44kuiswegv4gebtyamato3w	0.00440260092221647
did:plc:o4dck76esdylgr3kvowqyf3c	0.0125880093931648
did:plc:o4de2uofsf6s5tq7psfoswmp	0.00913667724731654
did:plc:o4i3eexjkl3hl7x3qspbwt6k	0.00255258804065418
did:plc:o5bfe2vozwd3tpl7pu5voxji	0.00979633927438791
did:plc:o5eskoivtiftebzul6jh2e3p	0.0071125701010784
did:plc:o5fnqafgvsocld6jetjju6nu	0.0081543897838971
did:plc:o5hf2ifk7s67kqvi56x4segi	0.00643055955499321
did:plc:o5hijzfuuu5m2c4qw6jgqohw	0.00907840441635605
did:plc:o5px5bkn7frd6ik76pj3zks6	0.00410609255485479
did:plc:o5vwy74s3riy7oot55f4xx4v	0.00514025554479116
did:plc:o5z3hr2ae6ss72d4pwysj36o	0.00420388859719574
did:plc:o6f2g4vjxnpy7m2isstqxjbe	0.0156482861543772
did:plc:o6iv3rqk3c2jykrpejs6yxmc	0.00421295550928504
did:plc:o6jh3ftwgnrjyp3owwowamjj	0.00690360521740213
did:plc:o72qk7hnk7z44bcjnytojr7n	0.00419580419702919
did:plc:o72ypk5c474zqklkukaphuy3	0.00646779303226139
did:plc:o7b6uhjg4hfs3alla5cjh4ej	0.00817307692711456
did:plc:o7buthkvtc475go4fowd44oh	0.00888592691387862
did:plc:o7ctqaqr5uqivkb5yiehtdw5	0.00207250773436224
did:plc:o7de7co6xrcshewtbxx54yk5	0.00464216634519265
did:plc:o7jfnoou4y6k7uc2dtcrkxzi	0.0060439560459681
did:plc:o7k7tlsqxczoh246lrajkvpj	0.00275258336735883
did:plc:o7ku2mezs5v7pwrnjclc3pjx	0.00362261146535354
did:plc:o7uf4u4thdviatdi3jo2s2rs	0.00508170585958972
did:plc:oa7kwtr4c3iiubyulop4x66z	0.0115153101354244
did:plc:oad6oh7t4odigvrc67n2n7pz	0.00383951473728294
did:plc:oae4hvaaonqicu44nvuzhb2u	0.00457200914495978
did:plc:oaeic4k5lpoalayucoonko6f	0.00989639710427221
did:plc:oafm6j4lpimgj4s4vborrz7u	0.00459872422581731
did:plc:oahia25r3na3anhf2nevgyeh	0.00564106696801974
did:plc:oajk3ynizheatljzbncnulv7	0.00319691166280939
did:plc:oauwyzwbqm2jwmou5u2yhnte	0.00673561028740368
did:plc:oaxb7k7up33tweico3fu4lwi	0.00475288844320257
did:plc:oayrbxd7tfjdg346j7qtyqsh	0.00467514609919497
did:plc:oaznvqc2ozrj7dbkznzpnqu3	0.00655451169045277
did:plc:ob3gfrh5gjfgkvzowy7iaixn	0.00388058157013617
did:plc:ob5sicsydwrvfrh67kssdu6i	0.0117709065691206
did:plc:obaxdc65mm6ksz36i2nbyqcy	0.00580853352683069
did:plc:obdek7zcfwc6orgygecu5kq5	0.00244363502241495
did:plc:obgsyxrhmtadhn6h7vqydmay	0.00988904969780902
did:plc:obmgnydzrlxv4bdn4w66o6vk	0.0125709651312289
did:plc:obojusv6ad7kzx7xz6brmymw	0.00586828950448257
did:plc:obqz565ywnzkfw3qum5umqvk	0.0034132225277323
did:plc:obsw3rforhyafqr2qihqmywa	0.00393301192620607
did:plc:obvrfq6fa5ma45dcklmd6n26	0.00568803325360131
did:plc:oc3ywcnnk2nswukqdm74d3yk	0.00785443121282601
did:plc:oc4fgu3bncuxzlx7iceuw7ap	0.0066396163792337
did:plc:oc5g6kf76tfuftb5v5iqbbht	0.00646393419360406
did:plc:ocd47o5fsxabzatnqrbmc6ek	0.005882352943361
did:plc:ocmtl5t5gydryop2x7xrm3tr	0.00419887393859735
did:plc:ocmv6unp3vqea5tktkqm2sq7	0.00727617842569639
did:plc:ocqhhdeh3whxqdftexzypzwe	0.00403127883849164
did:plc:ocs3x5gzbbqwyca4oj2rasnu	0.00592353258156795
did:plc:oczqcbxqdx6diyj2doptlf5e	0.00314784727875463
did:plc:od3bglkvrmeva22zvd4xmik6	0.00498730908318378
did:plc:od4agmbsnaelt7lczcpfivm2	0.00328696521086449
did:plc:od6ot2yboi2wei6btzz57gmb	0.00422785936828562
did:plc:od7b4upw5fswta45iizhsim2	0.00343468861193385
did:plc:odi6la7x6qqate52r6dnt5ma	0.00569879769277812
did:plc:odjuj5vtqcnvlxhimqkbw4ku	0.00738089912881063
did:plc:odry4xezigyub7mvbx6y3wma	0.00473783954601172
did:plc:odwu6ciiouteevzlbep2omxf	0.00328905215507396
did:plc:odzoswkkuy7t4ahzas5av37c	0.00312207305663201
did:plc:odzvgsr4ljqvj7zwnc4xu3h4	0.00722733245846384
did:plc:oe4ffxiekz5kq6qe55je5mxo	0.00253267973860966
did:plc:oe6zhgcitlxstpokgdoafytg	0.00487567040854826
did:plc:oedownp5pgfwcz6ba6byr6wn	0.00771653543403143
did:plc:oefpmt6hda5f2xkcabpf4s52	0.00597496206581631
did:plc:oeftg2lvkrjw3ki3f5jmsjob	0.00547597775078083
did:plc:oehgcxuzb5oc2l3vdy344qxk	0.0026544504861403
did:plc:oei2qbndmwgafqulcdu6jqk4	0.00355488280355747
did:plc:oeiaqoyfkidfquyfed4adr42	0.00522778192993799
did:plc:oejtvxxwik2hbwtrfvcz5lux	0.00413367897454361
did:plc:oengogsfb6yvapuqyxhiipcl	0.00372948781707691
did:plc:oepsd2tivficjjqapcy54bxb	0.0100541376751579
did:plc:oetjq72c2zwqk7736eogaqxi	0.00446300028894918
did:plc:oev5qnzcitezwrrvi33na3ig	0.00228548516446091
did:plc:of4hqh5tqpxsb4fsxwpx6nqq	0.00820021299654271
did:plc:ofcmtfi2sxtxqesc3cdi2mj4	0.00277212435978239
did:plc:ofempsqqlcangdtvfnnnknqv	0.00642185238951784
did:plc:ofkplwc65jcyrvlu2jbwvmxx	0.0141221374047357
did:plc:ofusgjvbpe75elxtl77xfvwh	0.00359250705710577
did:plc:ofwpnsfcsujylm7bt7jmazi7	0.0122154358749783
did:plc:ofws2pofgtspyxdx5shr66cu	0.00742115027937393
did:plc:ogaqtiwer4dt6mmi3yevj5em	0.00436487854255353
did:plc:oghz27maxa7hivzvradj7iut	0.00268873524707118
did:plc:ogjdskjqdhmy5ortjr74mfe6	0.00961240310325088
did:plc:ogkxxb5oegly2woncuqnoq5l	0.00422355367866068
did:plc:ogodlxfy24zk7ptb2rtpcvgh	0.00251708018703162
did:plc:ogvgiqmuamrx4zhwq7jdzc6p	0.0139176784331135
did:plc:ogvqhoood3hggtdoylbm5cb3	0.00557575757627162
did:plc:ogzxpi2mm636smgh3mz2wck4	0.00283553875252883
did:plc:oh4nv3frwiagq4erbq23wz24	0.00421920227664766
did:plc:ohbmrdwkd65dchus5y7yqgru	0.00767964893520748
did:plc:ohev4diycmowgnyysgmq22ww	0.0058314189808611
did:plc:ohl5kxjb3seg7y3biciftkp2	0.00551053484656194
did:plc:ohlik4fsbbbanyyquvsmwmgw	0.00461928177710068
did:plc:ohnvprdodhqylell5lrzpbdo	0.00663843425273486
did:plc:ohul7v7l7zuhpweczqmx52ll	0.00659261266915977
did:plc:ohyrmrzrpexnwxvksgsoi2qr	0.00762662688054584
did:plc:oi2nit7aztfzhtoywxcdossa	0.00384545783728803
did:plc:oi2pc54rtzhepi42ydoh3nc6	0.0057578587013663
did:plc:oic65gwehf5d4kcct3dxa3sq	0.00589836660833718
did:plc:oif5edwdhzupy3whporwjbiv	0.00498001441655633
did:plc:oij3mvvumfrjqp2w2jjoefml	0.0070089649551855
did:plc:oinhv7kftnu2bbci3d73irue	0.00201880939486961
did:plc:oip55subt66n3pbsj7ocejjm	0.00948166877628415
did:plc:oirceerllbhdul6cnjlw7lud	0.00950828579446265
did:plc:oirkvdnxk65yuwf3y7pv5ot4	0.00434954527503156
did:plc:oise3nu3jhtdd7pjks7pyqh5	0.00398842298489737
did:plc:oiwvfr6fhcoxfewsjiqjhoem	0.00460648278190299
did:plc:oixtd7cnvhwziheqa4is32xt	0.00270748566866879
did:plc:oizhezl7r3f4sufgvap56zqr	0.00292202876623715
did:plc:ojaqcml4cvqbqr36o5lxshcm	0.00404224801284855
did:plc:ojav5e23iikr3whp7yutzewy	0.00591031736049842
did:plc:ojimqcenxhbbuuosk5cuhmtz	0.00878684807580764
did:plc:ojk35pwsxn22hvre2kcyfsiq	0.0058318483741848
did:plc:ojr7hzj3svmclwgjmuxhpa2u	0.00342661336425013
did:plc:ojxpsofiyzuun6vh56segv5a	0.00500417014535734
did:plc:ok3co3ohxvx65grmu2fq3eu5	0.00425946209102132
did:plc:ok5ygyuf6czlfsbnjmb64rfg	0.0129904560165184
did:plc:oka4zpuuecoubmgsdyeqe5jf	0.00441609421001819
did:plc:okdnmszqigqnx7x7rmjr4f5d	0.00259284041489858
did:plc:okg7gvqoyfhkq5cacpw5n3gp	0.00678112826573944
did:plc:okilli5xygr7qysfnl223bc2	0.00332792900428157
did:plc:okvw24z6wbbdf7td4htz4gkn	0.00536642629606634
did:plc:ol3ackzjhn4p7pembvs5obqr	0.0177215190365001
did:plc:ol4d2cyausx4qlgfzmhil7ay	0.00634866163384014
did:plc:ol6f6w7fxz4ddeeq6nim7hea	0.00375704445870372
did:plc:olcblnteibvae6z5salratmx	0.00945829750904808
did:plc:olfz4xi5kbt35r5tshek6aod	0.00627657420709906
did:plc:olldlvq3lhiifaolo7ozoccp	0.0027514942144016
did:plc:olqc5c542lnafumhle3jkfpl	0.00482347424210706
did:plc:olrirot6s7b5gdzmcqzeccum	0.00554830287258448
did:plc:olrp6r67mf2cjv6hmelh4jix	0.00408247993383972
did:plc:om4ktm4o4qifqhsf47tv6gkf	0.00471264826887246
did:plc:omiakfxz4htxwuf2t6ldom2y	0.00548866855793703
did:plc:omkb4ov5w2bintbbbb47lile	0.0028603658046896
did:plc:omlk6ykbq6uiis5bw5f66ihu	0.00732942430815844
did:plc:omnjpgcrxbajev26yscagphn	0.00317821061427397
did:plc:omo7qvkk7m5zjey2z5weobs6	0.00496849248740017
did:plc:omuxrvw27fqyaz4t7y3wizqt	0.00502952110563904
did:plc:omxd6tp55vsm3i4spj4qfzyk	0.00755584757410625
did:plc:omyr27fmzj3phbagch4sqyub	0.00202199464682547
did:plc:onaqmlybn3vxgnnkdl7uqb43	0.00316962284748173
did:plc:onb4bk62zf2etfr46a2ps7km	0.00273048506282753
did:plc:oniwbe3jx64aheok7sinf4aw	0.00776889425723252
did:plc:onr2ymtqi6mvgtgoydqyq5qy	0.00351638485752275
did:plc:onsgwtv4c7fx3tpwhyot32o4	0.00304702914671429
did:plc:ony4esuq4hjmo2zy6skdxf4v	0.00342662980925781
did:plc:oo6oo3g6euzuqazf2vxhgh4m	0.00442239240747111
did:plc:ooblxe3olmd5n5cwhmz4p7ao	0.00665926748207696
did:plc:oobtf6lruoiz642dg2kn5usz	0.00509461426559647
did:plc:ooflwz2cxdwkckau7w7hjxhw	0.00654873277799884
did:plc:ooms66zq4ij7q5hxf5rhnatj	0.00535317018968085
did:plc:ooniwau4fpk74etynjlqbwmh	0.00400782924811506
did:plc:ooplzvnm3aaqfxizyfid6hff	0.00707964601894534
did:plc:oorx4j3gpiqryxehmb2qpjfd	0.0031214819364648
did:plc:oozeormuk3fm4ajocwyggpev	0.00625300625482118
did:plc:oozvjlhtwco6ix2rg66vlrnk	0.00622733722397233
did:plc:op7kfugkjq32xoi2qcs4rmwz	0.005464035231341
did:plc:op7odxvo5vaqldqxash3jyfo	0.00343437360057425
did:plc:opa7glupqxztu65ykpvcp534	0.00207000376373531
did:plc:opaw4xz74kra2xnkxxtdoxhx	0.00788078521728806
did:plc:opejwkh3y64br3u63225f4fb	0.00430031367016546
did:plc:opo3ctyqgdcejzhchtvu3icn	0.00384662601824378
did:plc:oposjs2zi6j2msyy7bw4ofay	0.0046173643185276
did:plc:opu42milfckej356g27okhcq	0.00415788574382999
did:plc:oq2uqdy5nddky5o3xwntadbm	0.00705218617897605
did:plc:oq5vqrwzp7rvalvrsxhfkzmj	0.0109072880600218
did:plc:oq7o2vqmwjzhbeaqfeo5yax4	0.00768285187948259
did:plc:oqfekp4jg4tofxayuutcbqwh	0.00668408580083893
did:plc:oqhfnacdbbcrdqohmmm2dtph	0.00639951241979338
did:plc:oqhfx7qkrujcnhhc3fe3ceuj	0.00386305105318673
did:plc:oqhy4tofrf6kprpqs6ppfkk7	0.00443764345933298
did:plc:oqj2b4f77625mwutsdxusu5z	0.00219490781394762
did:plc:oqkpdyki65mfphpltps3h3rf	0.00445387062586679
did:plc:oqod7vrh56g5nu3vdd7quvku	0.00588528226937305
did:plc:oqpsn4k6tll2p2xq7t652uzs	0.00589857024003261
did:plc:oqqevzi2bjj4zbhhezyyrrfk	0.00845828527853489
did:plc:oqt25ktm433v6xuaqmog7yyb	0.0105091079029701
did:plc:oqubmpmlkcljmyhrr3jhu4jx	0.00541072306991886
did:plc:or2sn5uwn73rralhj4l7t4vp	0.00548128342256819
did:plc:or3hirtmt5ms32h5ifx6jpeb	0.00559552358164364
did:plc:oraqnnfzzulenigxlle5or2z	0.00233240538716616
did:plc:ordc56yr72f4csxas3xpjwwq	0.00443341953875463
did:plc:oreezmsbbjaoik4johmeh4wu	0.00531783329270352
did:plc:orevjzaw6mkwzm5ly3ha3tky	0.00517431504008883
did:plc:orf6dbzcvjkv5acjog6nexiz	0.00487081745100883
did:plc:ork47doptycflvobvpuzo3j7	0.00761841669926176
did:plc:orlim6upjgpwsfd4d36ajqxu	0.00530790143761431
did:plc:orrhsmikowsnxrb2wkhsw6fq	0.00390133400459188
did:plc:orv2q4vzlfb2jtrwr5j4sjwc	0.00369270124226607
did:plc:orvfv3mjvrotcfwppcbyf6ee	0.00438249712082243
did:plc:orwzbpq5yws6fxtmwthduk5n	0.00738154613576176
did:plc:os5gmcmqw4feqvf3wgr2ifij	0.0097892815780018
did:plc:os7r36ezrlgcur3twtxxg2pr	0.0291828796523038
did:plc:osf2fzryoclinc73jbka6c6h	0.00262241714539514
did:plc:oskcg22dhp6eehvwwq5zksj6	0.00424675455392432
did:plc:osn7ho3zwpasofmlkqcxowjw	0.00301576062796103
did:plc:osnb6jfu3pbpunlwydqvkior	0.00337545044065694
did:plc:ossd7ojd2slcig3hjjhz275i	0.00486445124695301
did:plc:ossxv3undmwrz7rijxgh6tig	0.00335982955020802
did:plc:osuwow4kgfwndkiufrzcxgit	0.00348266185651887
did:plc:osv3fxfoxvnu5cpvj7zceftz	0.0062985513349688
did:plc:osxeka76op2fepnhye7jwg2e	0.00483156623351572
did:plc:ot5gqq53r4ugdelynhr3a2dq	0.00357929515458505
did:plc:otcsjmt2vlamox74h7ghe7bs	0.00215534629622739
did:plc:othyv5vjrfju4kvtiqktzgzy	0.00578105781288094
did:plc:oto55ii7tlpbvfjigw77ix7x	0.0168567179549986
did:plc:otwbqn44miynhowyfpl4tip2	0.00567295419333364
did:plc:otysejpfamkc77tdr2p3yz7c	0.00424713227825252
did:plc:otzqo32beeml3rng3qvrvzao	0.00445877349450981
did:plc:ou5otpzrkgd4dxjvxwddprza	0.00457633515851568
did:plc:ouin4bz42el3pajcgqlpvyfz	0.00826873385402751
did:plc:ouje5ffyc44czp3tjv4s3cor	0.00743770919093853
did:plc:outieotukbyc3abjknqqutvk	0.00740312319368564
did:plc:ouxz63n5coiq5322eajqyfqy	0.0025559758718187
did:plc:ovjqyplpvj53hwk6eym7gebv	0.0021851782481883
did:plc:ovkrbca2h3novk2xuqgxclmz	0.016174010051978
did:plc:ovl3ujypcq76woyb3s7aylov	0.00659688627122389
did:plc:ovmcdplxzv2t2vcvxnypbfn4	0.00544402858170286
did:plc:ovomxyykzznoko56rxb5stov	0.00850038061764385
did:plc:ovonzx37wr7kvjkg46zmda2n	0.0045127696505803
did:plc:ovpf75hiyajnuezuqyuk5uno	0.00203437495327378
did:plc:ovtvr7cwbvcxzrkj3aem5kee	0.002239314575088
did:plc:ow4uywtz35blmfjref2t5w56	0.0054969543928191
did:plc:owapfj22desj2dloifhw7uy5	0.00483748451201738
did:plc:ownfapwzmn52opmmvrjwrc5v	0.00574630764350984
did:plc:owpgysknvnzq73wbspwqlxut	0.00284934828752315
did:plc:owtlx3adzbqrn24c74oytsai	0.0041336748954591
did:plc:owx5ypse46rafgpejxo7cxg2	0.00912646675416433
did:plc:owxawyowrscldesk4wl2trcj	0.00401389887399273
did:plc:ox5pdrmzgw6ky6hqbuw2gb3y	0.0069860279454092
did:plc:ox7q4ldstojbea2viap67njy	0.00210937254046365
did:plc:ox7quaokwu62gkjbbzfqidv4	0.00650640367259054
did:plc:oxbkvw6lln7amfpdlhniusom	0.00314486907785269
did:plc:oxihskqrao2bv2klthqiyexu	0.00407175085313541
did:plc:oxkefazzm2oje66wsnnsl2jj	0.00358932683230772
did:plc:oxp35w4oodoet54ba56gtyf3	0.00211579494728039
did:plc:oxsckhrrswkvuy76u3zp4tyx	0.00641711229980082
did:plc:oxttlpd76u5bau6lrknazqoa	0.0034773184008711
did:plc:oxwk7kp5ifyd4kxr2maviw5f	0.00339703645088005
did:plc:oxzxwly7tl7rslhlt6ycns5u	0.00451297480275329
did:plc:oy3cjg4gf6ovgq5uyvpioj3b	0.00359604435160794
did:plc:oy43bvvt2i7upzhljnmpdo32	0.00719280719399507
did:plc:oydgtkuancw5kbn4f3hzplkr	0.00458004984175632
did:plc:oygo2wkphyhtsura5uu423xr	0.00631354542649211
did:plc:oyikphmrwy2ktlw3yjo7zgya	0.00876755292934856
did:plc:oypespryicd6r6t6ubbripro	0.00443824499215461
did:plc:oz23fpq37yaudbsraenhpohw	0.0143478261055007
did:plc:oz5ag4ohjowelt2pkw7n5j4s	0.00862526539621344
did:plc:ozadojulzxuky4t7uiqspf7k	0.00334080927026079
did:plc:ozcmpug5zyoczpxg5hjdowlp	0.00316667681638901
did:plc:ozephmotvmtkxv2yy6lbhk5z	0.0082304526788504
did:plc:ozkz7wyrqoozg42nijrgwgis	0.00389093501401986
did:plc:oznnpjngnpuz7u4fmokrblui	0.00504937996931831
did:plc:ozv4kyhfw2oskxwsj4xa5o5o	0.00342371952891456
did:plc:ozzgcuhf6xz3qtcizqrlrqe3	0.00358944509120717
did:plc:p24rhg56lkluib3rl4m6tjmc	0.00812237715315981
did:plc:p26vp7nrsbsrviroj4z2y4nt	0.00601891659705046
did:plc:p2elwvce7gbgirp5zl5kozxg	0.00339622641556522
did:plc:p2jtnbwe5ydiijuml3wa4jah	0.00402993667270107
did:plc:p2q6cdfjakvi2qqv3gtb7bdp	0.0151699029283064
did:plc:p2rhbnrdh2ubddqsfk2ssbj3	0.00544927536287003
did:plc:p2rvyfeli2qq5nxsnwwatgfa	0.00434250764548041
did:plc:p2wwjajj2wk4rm54bclwnxjn	0.00297908908636364
did:plc:p3bgvtdleqije6u73lt2lm7q	0.00730217737766172
did:plc:p3ke3mvvrcxcud3fzxiud3e7	0.00213912216772634
did:plc:p3obpvlbscts6k263gogxbuq	0.00779816514226728
did:plc:p3ra6qxh3owrk2y6q5v7xlei	0.00786068448875991
did:plc:p3vpni6njg7jxoiphkamimtm	0.00406579190672738
did:plc:p3ywr64snui3isisiyjct2qh	0.00453817405328562
did:plc:p46q76c3dqy52ztypnmyjtvq	0.00436295642259306
did:plc:p4c6l5pwdfbeaswksxnyar34	0.00438754968361592
did:plc:p4cho76ismuzgz4acdwlz7vf	0.00338347124058974
did:plc:p4ex2wpk5idcwuqriuni3zle	0.00676965804690522
did:plc:p4patcp6ur33h2i6w3ll4yax	0.00458339034161024
did:plc:p4s3s727hegx7tx2cvyprtpg	0.00975840834910969
did:plc:p4vs2ujxdchdfrt2ia34fgpg	0.0104401805965592
did:plc:p4zzcz6gygewispv3fqwjpti	0.00663330618096606
did:plc:p5dbo6m4ma3x7zat7rb3xmqn	0.0040125799807604
did:plc:p5dkg4lcrnzbtts6zefobkm3	0.00312635692635884
did:plc:p5nf75qmxu453456xky6oqdn	0.0110706278043086
did:plc:p5prwsg56o5ei2l54unm2pbc	0.00483996877518608
did:plc:p5uuqgrqay6vmkr4oh32kbiu	0.0122377622437459
did:plc:p5uyensvjvgodbdkpmxf2qnz	0.00416294974750047
did:plc:p5yvpt4pasu2lwhyuua2gd7r	0.0045901388518863
did:plc:p6c32no7iwqeenpayac7pokb	0.00714053878732277
did:plc:p6iersqhyapjlh4ryvbo52dm	0.00620124025735583
did:plc:p6sfcmo2jnbojjkwmy5i4cux	0.0161697077714404
did:plc:p6vuahwgzq6odzhpdp5mjkmi	0.00320153384276846
did:plc:p72uj5vil3x4d6nm7zuodwuj	0.00389105058396658
did:plc:p72vvvpbl2oo3pywlnvr2yn3	0.00408674444690728
did:plc:p773dip2r4gw6axnsx7rul5v	0.00698732531816378
did:plc:p7iwdqqnh2dcmnw33erayc5x	0.00560759574383028
did:plc:p7o6p4ksxxhl4f7q6ftkxvfv	0.00558939898311402
did:plc:p7oyude3pyf6umqdcaftio3e	0.00283902716019173
did:plc:p7px4fl52ovw6xvd7s4lm4mw	0.00517565872084552
did:plc:pacesmfznydkdxcc3cbxrd6m	0.00246626019046046
did:plc:pafzch57rofcwripz5okajqu	0.00401158903527124
did:plc:par6yfvtnx56ephldkivs44d	0.0107408427519069
did:plc:pars64axnf7cvx54eu6fbg5e	0.00533247152034314
did:plc:patm2eixqjflwtxpqucswfii	0.00688366604521547
did:plc:pbgjxue3c3mak2pqccwak6ce	0.0038706739529552
did:plc:pbgm7pkzqa5hod6h2ueu5gw7	0.00470608368358624
did:plc:pbvyj5e5veilvuung77xvw56	0.00387737353270837
did:plc:pbxpiu2vts7cuuyc5gu4l3a5	0.00431944711099393
did:plc:pcbw2pxmafzs6qjtbmal5itp	0.00318408935102163
did:plc:pcdecwjdqkxtlxsreswrtavh	0.00466497031471056
did:plc:pcdwauvutlshn3wn5nwgphrd	0.00677220756518968
did:plc:pcngsvtydkygeokpd652qpsq	0.00755594304493189
did:plc:pcno6qq6mk6boswuywbaspgt	0.00217566097534172
did:plc:pcp7osnobirqj2bukay5hryo	0.00466025255651039
did:plc:pctitrs76tex2wf27iis7bea	0.00204195683957711
did:plc:pdafjws5tauo2fdq7d63vpes	0.0106695118701936
did:plc:pddyx54tznw4vak4wv4lwfb7	0.0312334568572726
did:plc:pdeogcum4wxpvkhor67l3gsj	0.00334689349122283
did:plc:pdhwxzbeqjn5o6pivxuiuu37	0.00303448275875462
did:plc:pdm6sz5ixoc7mtzvdmuprykk	0.00622848713333031
did:plc:pdn4msxmk6asxqhe4cvpmjmu	0.00702897308544983
did:plc:pds57bhdykdvazevosnscdhk	0.00336700336710011
did:plc:pdwbsaygbwzfy55h2mllqp7b	0.00701978302514405
did:plc:pdzpev3r7pj2k3gq2inwpcot	0.0104534347095878
did:plc:pe7bqsdfntglf4k4mqhndda3	0.00658041490074855
did:plc:pebzcjerwphqjzqbuptkyyfb	0.00402970923021125
did:plc:pedw5hfdw6xg765l6jwcnctc	0.0051891301385613
did:plc:peef56johchr4shfizpgu2t7	0.00573493597533464
did:plc:pej32ljb2kcfzxlsq47x6ecf	0.0289608179984526
did:plc:pej55lkuspnx56ggtlulrijm	0.0116878652526602
did:plc:pejmbadx72j6klhezpiybs7c	0.00652045050545161
did:plc:peq6mwmdvompesh33iivi2m2	0.00390951414593652
did:plc:petftfv3b3v5npmctdr4iujw	0.0049138002839235
did:plc:petyxcfgvng4ns3ylzpw4emi	0.0103353238500966
did:plc:pezbounyys43nrguzeye25v2	0.00338292235591355
did:plc:pf2jn5jcaezz4cczrrme2t6i	0.00303730604173143
did:plc:pf4dl5yccxhnteo5qm5h4t66	0.00458088335859003
did:plc:pf5qpmwsvenxm47yhl7oag6u	0.00324708269924582
did:plc:pf7jvtv45jsdefaconjf4d36	0.00611119392056244
did:plc:pfdsl2yfpfitcwipplc2npgx	0.00631183896457546
did:plc:pflr3he2aovkippezjnklitc	0.00505514705951629
did:plc:pfmojj5tuimrsrmcmypmy27x	0.00360950688621826
did:plc:pfoexjfnwlg5exadlm6v5y2z	0.00881834215488594
did:plc:pfprnsi3zbfoa3fjxxonj6pd	0.00706896551849331
did:plc:pfun3b4fcp2aqv6k7hjtnnxx	0.00645792563765379
did:plc:pfxa34llqigag4pfl633iiv2	0.00758902510721073
did:plc:pgjm6rc7r5dqgrffzflcdun6	0.00388505910502746
did:plc:pgo3c77gkp4e44aqgic5mh6k	0.00251111166918482
did:plc:pgqc7winczumbuku26wpix5c	0.00444144057179986
did:plc:pgqtnk56kycfh6atg3yaww67	0.00676246830236144
did:plc:pgy2bz243upwcayjrgej2ahi	0.00653861871838128
did:plc:ph5uzntoensirfmxtqglowqk	0.00547032940951135
did:plc:phjnvuqkco7eqpatsbt6er2g	0.00209460638863802
did:plc:phml3qfjxn5euwe23bxwnr4v	0.00286818214157795
did:plc:phr6lwcjc3nhgraggep7poao	0.0111750762015658
did:plc:phuohvbqghohq3fdsiaqsacc	0.00652009097961253
did:plc:phvgq6wsb3a4foffwsawlqo5	0.00500892394567185
did:plc:pi4knwkgoajl4azfzwzrmmrl	0.0113097409780348
did:plc:pi7yl3ra456u46fokaikpdas	0.00913242009421316
did:plc:pibaax3ulsz7kiwycotbhjsn	0.005806719205922
did:plc:piceng3vpszfkajiepgo26lb	0.00549584758236417
did:plc:pii3ycq6lux5pyt7irchn4wg	0.00473077127603023
did:plc:pinnrp7ya5nhrkz25xeoxm7b	0.0123505976153825
did:plc:pislwppfdxoujz3mroqizixw	0.00445495045106021
did:plc:pizrzhcmoqptjjhhshokbnyy	0.00646519320566984
did:plc:pj6m3ql65xzheqr2lz4ghzfa	0.00303643724763187
did:plc:pjb45igivuxltb2mk37zxjy5	0.00710827238198726
did:plc:pjbndagstwjy7hukxfh46mjo	0.00398879483616713
did:plc:pjfjyy2ptte5vn53shdrzlpj	0.00509461426559647
did:plc:pjjlhlu6j6o7ffjzkfko6ugd	0.00907965332526756
did:plc:pjnejkhxs34klc7hg3si3cwi	0.0277372262799335
did:plc:pjpbkfa23a6tynlj4rh44kq4	0.00412868413548207
did:plc:pjyboiualgumyfiinvqqbnec	0.00309328177876312
did:plc:pjzmfaoiaipusogecvtcmuun	0.0461741428270313
did:plc:pk3j3wlcm7fxlryghmnuhrsl	0.00958849380992542
did:plc:pk5f6fis3ar3pmvr4bhdbjzz	0.00754544415742021
did:plc:pkdrdgz3uuab5dhdhyeb2gmc	0.0130208333581603
did:plc:pkl44nr664ndbfzd23l534xc	0.00708855557962654
did:plc:pknce3k3m7mpab2hoxxr2se6	0.00825290250776761
did:plc:pkndcptpivq4gj3jntqz72km	0.00983975261204268
did:plc:pktxxrmaquasmgs7vsykuefn	0.0172972973501669
did:plc:pkufrosc24silyqi2wctxpdi	0.00970216607701853
did:plc:pl7bhqbidm6uq63xok5uyt42	0.0167770420005544
did:plc:plo4tyd6tucskwcasyah4hi5	0.0047538625141277
did:plc:plxzqq3mujcmnfpa2yg26etz	0.00292178603611554
did:plc:plyuhhsw5a3ukmeqo2dkjxb2	0.00403109703454143
did:plc:pm2pqxqzglucsshxijecmzbz	0.00269670050780877
did:plc:pmap5ujpkow4kcwszdgrw2k6	0.0124425209686353
did:plc:pmc43ttpzsfzf7erzj3vccwz	0.00974169742886419
did:plc:pmenavh5r67rwwzglm4ltznu	0.00367344841943701
did:plc:pmiqc24ydlbt6nbnnbkegpkh	0.0073509756760655
did:plc:pmlxk4n6szimji7vj6tpsene	0.0072117826319555
did:plc:pmnev3j25ezoxukbhuurznxq	0.00718533201785104
did:plc:pmoba6z4lrkk6gnxcxykrhan	0.00374164810725293
did:plc:pmvjym27ltipq6nq7dzsdx6q	0.00683371298433205
did:plc:pmwkypufe4em5lw5is5g3c6s	0.0170285228310655
did:plc:pn3jtfdrhkjgvaowzc4wx6ti	0.00395778364145416
did:plc:pn56iwlmvswul5otnijwoweg	0.00552150961766444
did:plc:pn6oeaqzihwzizom3jqaai6r	0.00768359754611409
did:plc:pndzqpnmdb22v3554bt24zgj	0.00439676398277066
did:plc:pnfh2p7rbqpgnn6niahezwxe	0.00407213496245592
did:plc:pngceyoqrfxmpfargwbahh2g	0.005294740557833
did:plc:pnhdu6wbjxyfp423j6ikjyyr	0.00577909803093064
did:plc:pnpfv4piipgyc2wz7strxae2	0.00516960555214414
did:plc:pntti3bmixbxhklm254qgpb6	0.00258892790017555
did:plc:pnyj4st7slgypauls2z7ncbz	0.00349080754057662
did:plc:po2l4yfmfh3dunlbmc3l6yin	0.00313152400847206
did:plc:po5twrvw5whunl4faceliaus	0.00397229578354517
did:plc:po7mgs4wrjncgmp5vfxcdwe4	0.00326013698855544
did:plc:pogqm2lhjam5kuh63mnbcboj	0.00926923907395387
did:plc:poikios6ih6xbumvncs7pp4i	0.00845986986634899
did:plc:pomyvvorhladkxs5aonj3k3w	0.0115622479515982
did:plc:porj77r6m7rff5ncp3tlxq43	0.00313620071687003
did:plc:potaa4abtjpwb7mdj7lsnyha	0.00445742854663091
did:plc:poynl3ifreszw634zwjuhhwx	0.00789277736500744
did:plc:pp65vfarwu7sv2tbsbhqe3ko	0.00935529795933418
did:plc:ppfl3kuiwlzxxojk4jeetkgc	0.00993377484564791
did:plc:ppogxjar5zcwumy7fwegmsyf	0.00685443669130447
did:plc:ppxjrxkzl2tgk67epc5c4vtf	0.00766479305548908
did:plc:ppxxikbuibjteybjeixu3aev	0.00806965385851738
did:plc:pq2ihcxtnt76uknwy4nlqd2i	0.00543714658558293
did:plc:pqajscqayg4fypk6equfdu2o	0.00397825222147942
did:plc:pqaqkw3tgj6csjgxhq5qqhds	0.0052862445175318
did:plc:pqd27i2ydoiwzfujf2qm2ny6	0.00380855655871545
did:plc:pqdenqpxoih7ayznxgmftssj	0.00226844133484101
did:plc:pqjcb46uo5hjvfz5wmqvvjko	0.00378245037035952
did:plc:pqjvei75towl3howztyrbrnj	0.00207992211364554
did:plc:pqne2ssouv764sodiqkixmom	0.0112299465318136
did:plc:pqofvualus6hjcg3reylqdvd	0.00695797383933169
did:plc:pqs2d5e62pzvmodv5zabzmr3	0.0042492917849382
did:plc:pqxfn2xqtd47l6gwdktgbzzf	0.0107153200205088
did:plc:pqzj5lto6pgss4vmwkv6i6yr	0.00789607743339739
did:plc:pr45fgxyzd3vsbfev3njsmgy	0.00331243345608689
did:plc:pr5fglchkaioyu2kxo75oy2k	0.00455689315200869
did:plc:prar6vpnpiijhzn5snitugof	0.00431995540713595
did:plc:prcki62uzdmgssiwj6nv67lr	0.00624154790570521
did:plc:prctkvddcw3zb6cl3oe3porg	0.0044158775340436
did:plc:prdcrcfbaaytayr6jca7hvgr	0.00332171416864715
did:plc:prfroy7shdywu7c62yuygu5k	0.00751395449210903
did:plc:prg6wsmaanedmd7htc747jqi	0.00396187188669247
did:plc:prjobc7vvmir63zxjtdihlhx	0.00274536719304583
did:plc:prk2qvv257ho3fzetut57bae	0.00338794160306
did:plc:prru7hnkmsidvzhy3ivskbsj	0.008050089449665
did:plc:prvtjxdlpx5txpacya3zsd7y	0.00331621737280148
did:plc:prw6ms4hvvjtyzag53rzd6aq	0.00261780104733432
did:plc:przif52hpuyfddw52zp35lbn	0.00410136223948574
did:plc:pscldiwxynlqo46dd6og5ikc	0.00595238095280244
did:plc:pscnslxqvtupsjws3dt35izp	0.00389634485898176
did:plc:pshkqby7ail2u4bolp3mrqny	0.0104042806280639
did:plc:pslrcgzvzheuxugogtbpflub	0.0109090909175468
did:plc:psm6u76hs4h4lrry77xoxr67	0.00342936820531451
did:plc:pssmcjocpck2lb365o5pr4sz	0.00291867161015376
did:plc:psuqjnutvdhyf3a7uhf7uwro	0.00463208046675959
did:plc:psv6k3faerxv6doxvjbyrrwz	0.0106135986824848
did:plc:psws73u33h4ddizgt5tujt4n	0.00317821735223386
did:plc:psxqvphhzccmqz7fwf3hu2b5	0.00404399870592261
did:plc:pt4zynjcivil34ohexc2ynrz	0.00513918629616202
did:plc:pt5ftto5462hyfarj3v7loz6	0.00445009536020898
did:plc:pt6oa3h2kh5wbqhnpi4ivr4c	0.00370458891013672
did:plc:ptap4po5xr7hehen4kqew4iv	0.00456423372119036
did:plc:ptb46jngr6p2wcdk6hibctsj	0.00646495991888906
did:plc:ptffmtig5m5hgxpw2nfvopel	0.0234432235493102
did:plc:ptkcnabd4sokptvnhds5qedl	0.0069268457523027
did:plc:ptm2oh7rh7t2zxhducmnee5m	0.00583268042358737
did:plc:ptqrwjjgud3svskwc6r57c7x	0.00505020846860252
did:plc:ptrlbvu4hz7ircwdfrftslka	0.00784156027400325
did:plc:pturiycmkweciyoxkx23kq2l	0.00277700638729191
did:plc:ptvsjlwegt4augxwc5nm5roq	0.00546322387989834
did:plc:pu5b7x7tlip3ivcp7nkvs5lb	0.0131201312255782
did:plc:pua5fqjws6k6fr2qaf4qy3we	0.00825542074765498
did:plc:pubwpj2buyalcg4pkwa46ndm	0.00549334460227037
did:plc:puueqll4kibmjedxhw4gnwba	0.00590372388953573
did:plc:puxupp6l464m3vyw53uhr2mv	0.00556612750020509
did:plc:puysu447zuneyuxqqifhwwju	0.00449192667332598
did:plc:pv45t75xetaakmeelouwjkhw	0.00683510313821018
did:plc:pvg7u3zkzra3docruazfbrl7	0.00424486148370379
did:plc:pvgjw76mc2oajd25anmnadwy	0.0239808154468279
did:plc:pvm3makdbp4tmyhulvnbil5c	0.00221843003420288
did:plc:pvrveyhykap6ebhh7bmmw3g2	0.00618025751261008
did:plc:pvuzrzog2wsagpp622kof46r	0.00785169029899587
did:plc:pvvhgmm6wxvqziqgwvn3h52j	0.00416001188700591
did:plc:pvwqklesnr74pejje7toiebk	0.0036145504887369
did:plc:pw5kqn7ltd5ktbhbo6jmh3li	0.0054762748451134
did:plc:pwaguoninnz5ixbelnjm4hd7	0.00225449240773468
did:plc:pwhbstrdu6m6imzrlq2nkebo	0.0046610992434589
did:plc:pwng76sktwcf3dasr3sdio44	0.0133279483268618
did:plc:pwnukaivuob2nlbnttzoepjd	0.00513636692535065
did:plc:pwof7kvmnl6glo76xczk5y4o	0.00489236790683203
did:plc:pwojyb6tukauffz7vjiu5cyw	0.00602235498372607
did:plc:pwqpiihjo4pqhnq6pta6bqmx	0.00418456940157139
did:plc:pwzp56bestaqsenwl3fwnaqi	0.00723922342992446
did:plc:pwzqgdewrrtv4fr6tzn22m2w	0.00818119839808661
did:plc:px54xqubzxamiko3iadivp2s	0.00798838054172621
did:plc:px6td5chdn3f5jigicqtqo5q	0.00754147813486102
did:plc:pxaj43ekhjtfr7n5xk4wmnuc	0.00941915227892706
did:plc:pxb3d3u5bghduici7k3shkaf	0.0136479954549787
did:plc:pxe3uvzvzhcrjavjsqb76ntv	0.00496114763970548
did:plc:pxhez7uvsybvobh3vqsymvmn	0.00234538945815258
did:plc:pxjig2sqj2ywlmlhlo5urya5	0.00482979342529428
did:plc:pxmwr647wgm42mfgcapntogm	0.00564971751461816
did:plc:pxqog3et4eppuanloxxupmki	0.00377090003564261
did:plc:pxsz5t2e5tbc36vr4jiupvao	0.00415489446593306
did:plc:pxvhwibir4hiv4j4p3luedws	0.00346502590717816
did:plc:py4o6c7zlu6bcdu6iecywpg7	0.00385078219045144
did:plc:py6445ozxssroh5a7kbyoqpf	0.0053553757494848
did:plc:pyaae45a2ukiahnpvyomtdk3	0.00664708611049336
did:plc:pyiai2iipyz2gieoggesdrar	0.00675580577201998
did:plc:pyionbe6s7bwkyhdv6nmaiod	0.00638343525543299
did:plc:pyjjmhsln7gmg4qcviouenkx	0.0092872244062497
did:plc:pylxnqx3bmsjbggs2nuc6wyf	0.00411709664509326
did:plc:pymzhxtcnshd3uh23jicklc6	0.00893255919364585
did:plc:pyql6adw3evl35bvev4lmw7y	0.00758202371612085
did:plc:pysp6wzumbogm6lui5htbc6d	0.0105263157988895
did:plc:pyyb26qoklmlfu7n6625bp4l	0.0227692307923901
did:plc:pz7n4jlng6ejd7lem2og2sgq	0.00276484284069193
did:plc:pz7o5kfwtqn6pnagkx5m2jaj	0.00910158544038186
did:plc:pzan4vskw7sadafq4rhdvwoy	0.0071747664828539
did:plc:pzclcq2u4lliww2kmzoalqac	0.00664621677042492
did:plc:pzcxy3adt26vdbdokx7dmsf6	0.0154305624837922
did:plc:pzgvqg4ihnaihkrpmxqz5pu6	0.0062811349378961
did:plc:pzihy7kmlf4wmfavcvhhgunk	0.00416906267995084
did:plc:pziiv5ljv7ms6hjeiu5cnnuh	0.00459956710049144
did:plc:pztnzlvftghatwfeove3lztc	0.0057414373414922
did:plc:pzvfelm7okuybopuzkm4mzjx	0.00764685436711909
did:plc:q22ue3cwwdhaiotgi6avnq6k	0.00543135025949321
did:plc:q23dydhsuh3oxmvd3wvs7w6g	0.00264433671241514
did:plc:q2ph5bfluiwjaey5pnq4bpdx	0.00673176057490848
did:plc:q2qpn7r6t57k42fviflcvlwv	0.00335671558300424
did:plc:q2qsncasa6ebiohbrm4xcdfn	0.00961538461785799
did:plc:q34qroulhlxp35htrlrdyf3m	0.00390713906410905
did:plc:q3k3pgufziphprgfkodgg3bj	0.00233920352978652
did:plc:q3mbbqy43rowufqa4hrj4r7e	0.00771376990084672
did:plc:q3soic5jop3yxukyl5qmacce	0.00400390296564873
did:plc:q4pz4cx4ytrgtze6sfm5k6hr	0.00260439274246905
did:plc:q53oo376viczk6gpzfhjsncx	0.0121379310347281
did:plc:q562zfyrd44hmt5gwntijy4k	0.0155709342705575
did:plc:q57wdqmqhht2d64jqp7wmgur	0.00393759286805419
did:plc:q5dbb4faoest7gv7xbjbfbkh	0.00443397533704634
did:plc:q5ixuz77jsqionurfhlw6xxo	0.00441520214804793
did:plc:q5ky5bwo5odlt6m67pgf5m3d	0.00822680675311776
did:plc:q5pwljofphkp6p2vfvdec7rr	0.0107657932243183
did:plc:q5v7uvbgrdae4tsh5hcjlti6	0.00343535290488912
did:plc:q5y6rwg2nzcql2iwhr5dcxpc	0.00427238643322505
did:plc:q5yui4e2davpisekueyv4zlo	0.00624916900257642
did:plc:q64bsq4vjhkb3hv4kmrn6qsi	0.00970579315730662
did:plc:q66o4dw76c5h4futxzjarnbw	0.0090405366025701
did:plc:q6dp5llcwm7sy5mcx4rbrrct	0.00209434526786557
did:plc:q6h4ml65iq6mj7gr4oyam25v	0.00688947522747674
did:plc:q6klcr4ppykubnu6n32ceroc	0.00617083468847574
did:plc:q6o4wdnu3jvs2nv26zqlwfay	0.00507818797369783
did:plc:q6pitedc35hibg5kqwlistrt	0.00435821734873485
did:plc:q6twzxyca4q5vpwnnldaqes5	0.00364523235115952
did:plc:q6u22ibborfsxjket2pcelur	0.00625065111130757
did:plc:q6vk7qkicxryb4swasx6pes4	0.00405280222352407
did:plc:q72rdymean2v7dwfs73gvldx	0.00408466394382344
did:plc:q76zlh3afkzwyg37hm76pdqz	0.00841258230070135
did:plc:q7ikl7xjzv2vjz5mf3mqs6h3	0.00298919291805258
did:plc:q7m6s6amkzx6kxgtfobdxhzw	0.00299974470327286
did:plc:q7npplf2bsfrwaaakhdnl7nc	0.00695500978179751
did:plc:q7rrl3kxgv5rabfkq34xh3tm	0.0038944723621172
did:plc:q7xi227t7xc3otzunc6j3xd4	0.00585937500221064
did:plc:q7zsn5jgv7s62kso6t4tl4vm	0.00578268663851205
did:plc:qa5kzvpdokdwmrdf2x7yek3n	0.0150871228378745
did:plc:qanyj43x3am7bn3vsumsuxnd	0.00312957447894647
did:plc:qau6gpakcaujckesep4rbxtn	0.00817117345193872
did:plc:qavlmdkl34huc6njhvdruizv	0.00437414567575103
did:plc:qaxumxdbhysby7fr4bi6gkm2	0.0118703882003343
did:plc:qb5k4sfmidx67xqve3isqpl7	0.0047323405557034
did:plc:qbcnbuko6rynewjv2ispbvtr	0.00599388379411242
did:plc:qbkxp6qivd2w3zg5fc5cvs6q	0.00628798994100059
did:plc:qboo4mroiramoz3pw5a3n4mb	0.00280135823446779
did:plc:qbtctw2eimtgt5tva4phtjw6	0.002844474190744
did:plc:qbtlvtgyokv67gt4k2llsscl	0.00384040964401706
did:plc:qbutv3bpbdqlsbqf72ofd46x	0.00369669876210816
did:plc:qbwinv2ejll7v2izj4472a4q	0.00229621125150049
did:plc:qbzolwc7eeiplcghrwhp4kmq	0.00209246711846269
did:plc:qc6344zrcaejb6wkrcxtp3fv	0.00677350074485757
did:plc:qcbkdqzpdf3pyeapwhwfmbhx	0.0104625550679972
did:plc:qcce534yely3zoad7mxk6z75	0.0043128716188014
did:plc:qciv3mtdzrbf4zstx5legfvp	0.00699409387757516
did:plc:qcjosmdsyqug4shryhexbli3	0.0117474302834677
did:plc:qcmnxia4cdunxtrryski3ekt	0.00376628490267508
did:plc:qcotyu6iysv62mykxl634chq	0.00725329261425228
did:plc:qcrhx6ikwbdaaonza5xl7eax	0.00913043478549955
did:plc:qcrjdjnrx24hnrie4pkakale	0.00838677849411495
did:plc:qcrpdkcfapeoom7d7d4adht2	0.00391099635510368
did:plc:qcsejlrwv3ew4qvysm3o7st4	0.00373557467849067
did:plc:qda3qxmvvcrcjodghynhtbnd	0.00270097377231668
did:plc:qdaarsnzkyhiizgmpy3mxiir	0.012086113565321
did:plc:qddavrrzsvutmipweslbhh3f	0.0137931034691537
did:plc:qdpc2i7zffnxo3rq4bvlzxsy	0.0151318633966944
did:plc:qdqn7mwjtpxzxhjq2gq5zw3a	0.00252315364526306
did:plc:qducdf4didjrqrrhfyczkqtt	0.00386071720278146
did:plc:qdupjipmerycpcwf53swbjuv	0.00924164176441196
did:plc:qdyjzupgesuviblnjxkrww2g	0.00527441197446244
did:plc:qe42lbcitqaldgwy34mfjeeo	0.00691038787365203
did:plc:qe7nb2yirwiejxo2niuwmqvy	0.00610202587298061
did:plc:qe7uaqbfqdhln63nhzl4x4fn	0.00724099517383402
did:plc:qea2jhqtzxzpwf7jte4due5a	0.0040959625512523
did:plc:qeakrrttp3zhv7pesnq7exfh	0.0034719245610912
did:plc:qeg3p5et2m4ljsv5c2lkosfr	0.0105633802910069
did:plc:qegyxppcpvkmc5tj6eeqgp2m	0.00337292858238458
did:plc:qejc5g3on7wkr5axbvnraaml	0.00576806314743095
did:plc:qenjl3z4zisypwhiuouizgqf	0.00517411300984378
did:plc:qenruj4mxg2kjqrnoqcrmtrs	0.00675774937707735
did:plc:qepodifrfbb6thylw6zg3lga	0.0066767830060403
did:plc:qexk6qr7grr42dlys3yqpfwn	0.0108036110787084
did:plc:qf4gw3vf4tp5qwidnecchs6w	0.0111365870033752
did:plc:qfezf7qe6qa22comanx3pn3r	0.00546388373128787
did:plc:qfnop4h7e7izlyxf6jgfpjki	0.00274649821495971
did:plc:qfplhhqfibbwvt5ug3z77rhn	0.0101010101116711
did:plc:qfpzib737todsd46x5whome5	0.00579462761885284
did:plc:qfrgryt62bvacoiedp3oqqni	0.00348904440101519
did:plc:qfv5btrgwsb6pqxhqpwugq6n	0.00294187803147469
did:plc:qfyfp6s43tyzrm3fyde2u53p	0.00594509529849579
did:plc:qg22zmhcfta4e4fojepgcoqe	0.00493811726480689
did:plc:qg3nwmnc5azxocjum6aenvo2	0.0116661681193836
did:plc:qg5354l3jcnd6kwr3z4g6yor	0.0111208662968527
did:plc:qg62fysnwhubemjwsgq5yfbz	0.00582661032367259
did:plc:qg6aj2ryckff6areegodnkws	0.00461680517173562
did:plc:qg6pildsg3qvl5fb3rytsi3k	0.00527517518366489
did:plc:qgajzfykstrw536pk5265hd3	0.00748713149800817
did:plc:qgjytzphm3xrw5o4cc23azoc	0.002208443047652
did:plc:qgsbfk27j3ahszrk5fcmqaxd	0.00745692980733164
did:plc:qgu7tye47inl6vs46xibcna2	0.0112897707910682
did:plc:qgu7wp3zenjpagbyq4rjzxa7	0.00234389085888677
did:plc:qh555yx4kea4prmkdueoxv5t	0.00417437502989643
did:plc:qh7kqifmei3nydbw6n5dpocy	0.0055776892435414
did:plc:qhbrc54xxitl5uh46imwin4w	0.00543031100927848
did:plc:qhex75u6kzlix5tb6jmvngx7	0.00957476768360419
did:plc:qhfvxawtbdwq7rrtpxabixjc	0.00688073395174627
did:plc:qhi2d62sgqjmqh6onqgfoolv	0.00489929232520422
did:plc:qhrdfo26m6zznvafr3ffs5lp	0.00507536142793754
did:plc:qhuazlf22zcyeeotyrgjm2zj	0.00202836240076866
did:plc:qi5vum6zkdhcs24bnialp4vd	0.00791904971847574
did:plc:qi6cbdzq5uttvjdjvufu5w6j	0.00657391836266643
did:plc:qi7qil3ncpt4a3uwfnmzfafo	0.0113034263587115
did:plc:qibjhzdl7qmm3ff7bertwzoo	0.0060989913210577
did:plc:qiiaotogrmhrbiuzbnbbopbf	0.00561849498069936
did:plc:qikyehnqxrgkbabqmsx4d7lx	0.00335003737654835
did:plc:qimqsqzxlw2vmoplhu5r3b27	0.00307125307127886
did:plc:qinopmppciwz6kadeq5w66nk	0.0082304526788504
did:plc:qiolngfymjbkr2kcl74u62qc	0.00404743307561274
did:plc:qipw75bznurw4irrspnly54m	0.00633158758731112
did:plc:qiq6iytamx4owaqnrxzzedev	0.00328365748936957
did:plc:qjbvrkglzjebuimfrtke6y5e	0.0143048726159405
did:plc:qjg6vytt6kq4ftnsihxnfxsk	0.00661375661528791
did:plc:qjp5iktkix22zxnxqqflrms5	0.0121032813402365
did:plc:qjtp2l4oow7cuw6ebrnrw34y	0.00465116279159101
did:plc:qjukmjvx7vuc3rmt537vkk47	0.00580235720989285
did:plc:qjzutue73lc6hktyepavryjy	0.00555884968922323
did:plc:qjzzhkuq6fyldxefrwurxcdn	0.00385683431071555
did:plc:qkdbhm2mwkf54q5zy5c6qpbv	0.00359555458745045
did:plc:qkewenetcxuu222xwvdesv3t	0.00641172430426608
did:plc:qkflyd7j3r3dbdp2z3qvwbvr	0.0103526366970558
did:plc:qkib36ndoo6notzexh5igsw4	0.00536508098775283
did:plc:qkjaez4pconjssrkey5kgpr5	0.00871794872127197
did:plc:qkjss3rqpqbpgickhucodpfm	0.00820189276445437
did:plc:qkm4ilbrbnawzjjlzxsxhe4i	0.00689536286982068
did:plc:qkpipd2j44cuk4pufb2ijnwo	0.00495410930403254
did:plc:qkt5zjqgapysp4bc4ynffna2	0.00326929286416804
did:plc:qkv2jmwzupwlzsonhasad6b3	0.0110529377626374
did:plc:ql42g4gk54xpgff63lhiwycb	0.00715990453581066
did:plc:ql4k3lvukywmpybcwxaxxcgt	0.00250014881843163
did:plc:ql4o7bi4qhjloe4nu7xkbbj3	0.00246323395253898
did:plc:qlfhr4dhdsdn4dv2t5wqibhd	0.00676400231108995
did:plc:qlpvjudntmota6oorxdp5exp	0.00987058566617726
did:plc:qls76iqdy4z3uwy7pgyga2y7	0.00405147759798494
did:plc:qltnawbbyurunceajwpnrv3p	0.00254471694634903
did:plc:qlxics55bonc5acsq5siqyds	0.00487742266795275
did:plc:qm53kmcis5atzu7fvtv7bwh3	0.00240653991004048
did:plc:qmc2s5n2subejtcx2rzfyqjh	0.00378128764563035
did:plc:qmmag2og5lciojyoa46co6ne	0.00303951367794479
did:plc:qmnbycd5lqbr4ynny5oqj5l6	0.0112966601254907
did:plc:qmrpve6heg5iy74tbkfoz6wj	0.00752484347694954
did:plc:qmrvyz37lwpaslc4pcxr6zw2	0.0144865786290082
did:plc:qn6qjvzmjfsnrrcbdip5w7mf	0.00266246671916633
did:plc:qnajslqllgz5vzfu7regmkhf	0.00604642091092317
did:plc:qnet7j75k5tbtmvxe2nv7lax	0.00627450981290224
did:plc:qnjqnno3fftf2wj4xfkxpt32	0.00594221199053111
did:plc:qnkxfeuovoq65brrfeiiag2h	0.00680628272391698
did:plc:qno7mesmrykwocfg45vskmhn	0.0106007067156246
did:plc:qnzxnsphuvo5ewlrlx24jgzw	0.00701454234393492
did:plc:qob3qcykh2pfoqd4yllhjvuo	0.00359992216423807
did:plc:qoeixyranj7lh3ipqs76enls	0.00763464741909309
did:plc:qogvh4h46cqsteweylzd45bu	0.00219587176116484
did:plc:qolzf5ikww5indke3myy35iy	0.00857811281867001
did:plc:qomzhcaxni4d6dwhtvd5kb7g	0.0119507908675863
did:plc:qor2n3oyainnygvychl3zysb	0.00249687890162226
did:plc:qotmufivzugzmhta4gs5qfuv	0.00524267646753293
did:plc:qouz6smplczwlwizp272xomz	0.0142142669314183
did:plc:qp4ecc57fffmlokjefgg7o7t	0.00286112644161706
did:plc:qp6dyy3eqes4lxepsqfgll6v	0.00338924133183742
did:plc:qp6sutxncejhkqnloq4vmhqm	0.00955586926085432
did:plc:qpdjl22sgfejceds2ibabye6	0.00444072932469257
did:plc:qph3bndigxmitwqdvorzuad3	0.00233387940133214
did:plc:qppvby4okbx6f2ziog6ciokp	0.00489175687004139
did:plc:qq3okg3ne4rxpnewfc5ko3ek	0.00507727917637239
did:plc:qq74hyp2hpmmjokqb754gwqf	0.00272772952427057
did:plc:qq7o5pxf3thyvbdbeujai2j2	0.00200536477930182
did:plc:qq7rgk6au6muh4yvfxwz4vtc	0.00514864640490691
did:plc:qqboortyrcspcfmeaktauslk	0.0042148198506835
did:plc:qqbysn3dj2jpmky62tvcsio3	0.00349207009126724
did:plc:qqfwvuk5jgehiz67pexv7yc4	0.00400657922511471
did:plc:qqg3ibgocfnfir7ij56h64tn	0.0093692487896913
did:plc:qqie4w4jnfdrdxnrc4nocvog	0.00229069681525836
did:plc:qqigxjdikbfuk72gntxcqlh6	0.00475733742583336
did:plc:qqkeo4lcj4vvsv26moyitw44	0.00263949743989581
did:plc:qqmczgbhs2bsk7zeaw6bjm53	0.00243336668794641
did:plc:qqplbnv5ymq4xoifsvrm6jz5	0.00974025975215505
did:plc:qqqzgtzn7vgoorzwrdpokgfs	0.0104341972419202
did:plc:qqsyhfl5sdkspecptkbmd36j	0.0126796280911343
did:plc:qqt33ehaaeytvzudi2xvlugn	0.0062379325727476
did:plc:qr3c7fwyt4teddvq5imd4wqx	0.00783162017101477
did:plc:qr7iqeoffflogzfl72j6wfkc	0.00267085624529096
did:plc:qrceheqy4l2dd2y3pgde5hzu	0.00465794794448213
did:plc:qrcljl5dr4p2hgxfjlngt7vh	0.00391283669882073
did:plc:qrfxwgi2yfkxd3i6r7rgumdp	0.00921015908738208
did:plc:qrgwusbyajfsv5h4ga6rn2tu	0.00548602777355564
did:plc:qribzvciza2x5ooszuzarolo	0.00644111465349982
did:plc:qrjng34yntpng2gm7lgrwsoo	0.00807647931850856
did:plc:qrkj23xkpkoc64fl3nmcyl7w	0.0125566794614153
did:plc:qrnsn7edvt6rekfeyjqzsasa	0.00540075141172365
did:plc:qrokw5iubzl3j2xatjttwev3	0.00518967008589835
did:plc:qrpenjdjocyww2sbht6ikylg	0.00467388354579464
did:plc:qrriapz6kbmavprvwvl4mth5	0.0036038533512822
did:plc:qrrts3bjzdbov4erzffj2etz	0.00496993496207457
did:plc:qrs3cjvaxivyslxaorl3iur5	0.00803673938427091
did:plc:qrxhuiamnqmyzdqdxudpldyb	0.00561718859760976
did:plc:qrzppnyxy4kahdtmvrcyns5e	0.00410577252070344
did:plc:qs3x2x34uhozfszsjgo5r65g	0.0177719982680961
did:plc:qseuumabjxhbt5wvyrwt53bq	0.00680070964067409
did:plc:qsg5z5vvxkw2wpwgjm64f76m	0.00304131740971431
did:plc:qsgixduw4i2fyzbbs46f3srj	0.00256167511281525
did:plc:qsiouhv5q7qpgv76zhqpbraw	0.00508259212266363
did:plc:qsk2qovu2v25ptb37znyxz5b	0.00887136520768719
did:plc:qsrpl3lccbbpjqtmsu7ijzvb	0.00614226273225082
did:plc:qss73anasvazyioggyaam3zi	0.00607251294913754
did:plc:qsxotf3e23y6ptvxapg5gxye	0.00699300699430051
did:plc:qsye35ttzuifj2p22lhncqbb	0.00941176470852051
did:plc:qt6snarvlf5frwfafvc47hga	0.00207865635662196
did:plc:qtcl2molyfxog3osailim7hq	0.00271077781534401
did:plc:qtedrb345b2c44e3vaqma7rk	0.0050294695488372
did:plc:qtitcywzvomnzrdrdii65rog	0.00338234770582103
did:plc:qtmbxdz43c3ih7bgft6rvezd	0.0046467381370783
did:plc:qtmfpfmqvji5tpfuish6xrki	0.00301254134071792
did:plc:qtqy5dllonydlgby63lmbo3j	0.00490877095565259
did:plc:qtrb65jp4z26fo25t4ra3dz6	0.00524634136782312
did:plc:qttejugdkjsuoxma754hqjkl	0.00445654865069683
did:plc:qtvbraackxefbnvgstn6z5re	0.00676900761656099
did:plc:qtxdgb74lhkpoqtnjd5w7tzp	0.00858021695122048
did:plc:qu27lzksslg3g74a355xvk24	0.00518027351908479
did:plc:qu33cirxjv2voprcdjukr5ht	0.00373698020202596
did:plc:qu5o7orszxhilqwhd4m4qh2y	0.00200870438577314
did:plc:quanpy3kztql2dti3rp7fton	0.00214017178201217
did:plc:quawv2kovfs4kompthllp7ew	0.00349122882677586
did:plc:qub25sxhcykwox2j4wvnlznm	0.005589714925049
did:plc:quejfreze6zp4qdnybmgbnoi	0.00328125520505778
did:plc:quldxyqgusmofcxqhufm6sjn	0.00215796288311859
did:plc:qup6qr4yefkqluilaxaoupzd	0.0112215453686582
did:plc:quqpy6rq6hrksjwlptbdvpc4	0.00262426674920882
did:plc:qv2fk3xi3lx2kvukf7ors5rj	0.00534667126653778
did:plc:qvexl7xwl7fw2g54ziyneko5	0.0054860783393791
did:plc:qvixdn5caus7ugud6apnaqlx	0.00203490164643993
did:plc:qvkg3efr6wtd5wujus6tee7h	0.00239296006592786
did:plc:qvkkxtcstcgtnur5zqzhm5wk	0.00630202140344605
did:plc:qvlju7b6ilnvmv6uq2bmc2qt	0.00919681177474748
did:plc:qvvq7rf6reny2xyjdxr3tq7h	0.00592404527876996
did:plc:qvx3pxwe3kkazbsd6ymsol2k	0.00510826028975213
did:plc:qw7lukvvutumtjtmfbhoajcq	0.0104166666763841
did:plc:qwajyqbyxrtdyzi2mpbphvah	0.00796217964685305
did:plc:qwavpjkqiozrksv3uz5e45qk	0.00426676560639169
did:plc:qwb7aulelog3wpb6o3nwx33e	0.00409461339720307
did:plc:qwedl6gczm45u5b6ufjfgcx7	0.0082712985977739
did:plc:qwejiwp7z2dlq67hpmk4zbrt	0.0088018171499927
did:plc:qwf4izoyeyesijdeyjlity7g	0.00394392596358773
did:plc:qwfovnhulqucle7bmwhkgx4m	0.00299725782808388
did:plc:qwh2jhvps4nfrmcrbyevsigy	0.00458358557561209
did:plc:qwhro6e3wm7riewqhuu3s2vb	0.00578676179381398
did:plc:qwizmdusjctrabzsabn22r53	0.00323190022088057
did:plc:qwnvns5offtxdal22mqd7re3	0.00742337164858939
did:plc:qwqlloypxrnkqtcwbr6j2p7m	0.00916546068785526
did:plc:qwqvjkkxpiisgamsbqr7ng2m	0.00701186623645023
did:plc:qwyiqpdgxevt7ubs2l3ygfpx	0.00265017667865089
did:plc:qwysr54rvwoe54oud72qlvj5	0.0117270788980604
did:plc:qx2zmeblku3khkpxv7cb2qfr	0.00705134571583088
did:plc:qx7qeguc3j3zm3fpmvzgnvvh	0.00618156128583992
did:plc:qxchasajlxnw3uznk7j72ulj	0.00637450200059237
did:plc:qxddxevtvd6ow6zttzo32rct	0.00302148363736025
did:plc:qxgy625kgjacr4u2mgpwx2br	0.00806451613323619
did:plc:qxhxvgqxudnmeg3of7qhdwj4	0.0144274121011961
did:plc:qxmnnep7wxekszmcqbv5eoi5	0.00288317973552265
did:plc:qxpqyhmf3adh7qrei2vt76zc	0.00568720379195324
did:plc:qxsu47lhbysptwymnfy3hvkh	0.00830317224144819
did:plc:qxxepulgm2w74wj4c2tcr6np	0.00420238695583965
did:plc:qxygenvss6qpgh4bz43mec3u	0.00392728350570957
did:plc:qy3jt5rhlyibvnokmmkrc5y5	0.00306662949552963
did:plc:qy5lyjxn6kxedljzp4pj3urb	0.00369223439769539
did:plc:qy7hnj7g5idhid6gwc46wol5	0.01078167116779
did:plc:qybgqqpt33nz3oulpnkowe3d	0.00716524854576063
did:plc:qydc2kswumajuadc3ykjie3g	0.00626429352870172
did:plc:qyi57dpzsst2n6s4dlxkakda	0.00987415295484854
did:plc:qyjxcutpgm7zpft5njvgl7jy	0.00724921630117247
did:plc:qyo32cesxht5yqhb3bbi5nd6	0.00627316795017412
did:plc:qywvvlhxgsrnhwvjnevunk2l	0.00706640340975377
did:plc:qyz4q5brtp6pumhref7scvru	0.0028132873728379
did:plc:qz7bw2qdqlpthbtu6yltjgnd	0.00516996252100642
did:plc:qzafte5sa6a6jous4qxuqe2p	0.00809296534966685
did:plc:qzga27cpu222katomyvad6p7	0.00544163134435009
did:plc:qzi5ucqjs55uqylbercvdm4e	0.00529053084708801
did:plc:qzi6hpiwkuyfdsrrxi565kzf	0.00504813336533529
did:plc:qzkkps73qu3yqldfnmk2pu6n	0.00659703134361424
did:plc:qzt4lco5hk6ej2ohjpuhuwdr	0.00551528521914189
did:plc:qzuyfzsxqttv4h5mgwih3q6z	0.00596014155546103
did:plc:qzvhr7vzpzobf4yy6udjnplj	0.00664034458155588
did:plc:qzygl4mma6kscx5mnwmuhace	0.00433630450498286
did:plc:r24zyegl6gmvnvpdfioaptgq	0.00897487036602822
did:plc:r2ak4asgcylruo5k6evxkwjj	0.00326719260509471
did:plc:r2citgeme4dnrvz6sl6certa	0.0137589433173604
did:plc:r2fhik35uhd3h7nmlxpgn6w6	0.00491670522921142
did:plc:r2hdeeagvleq4llrzez3oso5	0.00316527244010732
did:plc:r2iyeu7xkkat2cfyakg6unry	0.00505197707249045
did:plc:r2ood3hdiojcawx33i244567	0.00417402472331846
did:plc:r2qkism42zqtyuwmbvrmdirb	0.00693311583045536
did:plc:r2tq5pnsgp5g7zzeza72mbrx	0.00892657889173543
did:plc:r2vhtwyo4xbypfg24vw5ucem	0.00778074556269133
did:plc:r35z3ekl6vpexvpoghfd3xtb	0.0140756959688958
did:plc:r37kgdkk7xgl3ru5p4e436a5	0.00259067357517377
did:plc:r3dcdodqgbd7jzmhccszmmrx	0.0194285714658653
did:plc:r3ozcsdtvip44mzqff4gyuld	0.0105526242803812
did:plc:r3rqrnvwvh3neqmavfkjpfhd	0.00528825314321332
did:plc:r3ssau5b2cclcqipntl6kbht	0.00491201890270234
did:plc:r43zao6xp2phb56umqjotqwr	0.00325618234631877
did:plc:r4bgonx3z525iey6qre4mecq	0.0102911646687133
did:plc:r4bp2jwpphoikih2fakfw74g	0.00336827525429123
did:plc:r4bqnjbchrsfwtmpjmhtx4vo	0.00416233090555808
did:plc:r4eyg2ohq47gd5lcpkfvoigp	0.00749197289144443
did:plc:r4h24appl4rnlnzwclnnygcf	0.00259333561681758
did:plc:r4lt7jmocqukkczh4ozqrubo	0.00565652819237129
did:plc:r4ofxcnccslocsy5sdknd4nn	0.00861623298638285
did:plc:r4s4gdsyuvdum55y7eoihbph	0.0129813933612725
did:plc:r4xrzendbg7zgxi7ldacqwva	0.00410018966890072
did:plc:r53fojnxghg6ymax7nihz5q3	0.0101302460308291
did:plc:r572xh7qiae33gdj2jsklzrs	0.00289557599986202
did:plc:r5fto47twsladcfwozw7ibce	0.00321077931007304
did:plc:r5mbzndzng2deqwb5rkrnvui	0.00205094277217572
did:plc:r5pxpfaucu5ou6d4lfezrkk2	0.00337078651733596
did:plc:r5z37pqp6tizdzytnfmpgsus	0.0151802656703018
did:plc:r5zd6iermc2gboitypskz5ts	0.0041364239446874
did:plc:r66yaqubuqgatiy6sdwcyob4	0.0031679349885816
did:plc:r67mjx4ggg4uu74tjgc6i43f	0.00999200640589927
did:plc:r6bnnelhgrlampcuqt7drd2e	0.00490028490104663
did:plc:r6coo7hwu65qinfxt7dbzw7h	0.00458799779869255
did:plc:r6jyitc7kbknt57kf7eayjrp	0.00685400960248603
did:plc:r6lekbdwwiybonmiygzcimv2	0.00327343641186214
did:plc:r6nmrtup3g4xwdk4sgw2k2z5	0.00547690399971608
did:plc:r6pb42wntifs5mmw7e7zewzv	0.0050075112676134
did:plc:r6ygu4wwodnnohqmcpsqudeo	0.00334448160584511
did:plc:r7d7t7zreb4an77dyiugo6m4	0.00506573393179783
did:plc:r7qncldcdc47qpkvfh2szhey	0.00385565134546361
did:plc:r7xwtr4dfnjjcor4i6qq74h3	0.0080489375410904
did:plc:ra463mzw3g77ytlygtkgbmb3	0.00727832598616962
did:plc:rabbki7smmq7pex3bs4lbk4f	0.00345125107860555
did:plc:rabdmq2mec62nrt3gxwu3eor	0.00777831794343429
did:plc:raepnuzaf2yeq3orckysj4ll	0.00422665434012259
did:plc:rah4drqhlbrepgj4ypzsvyfm	0.00404803670221038
did:plc:ram5psxogayvcx4fky6n64rd	0.00640648011950666
did:plc:ramfjx6h5scuhvcdmal743y2	0.00400923338738873
did:plc:ramqkocr2jnqomvjdljhvb6b	0.00895455564550407
did:plc:ranab4qtaz7id6twleeym7gg	0.0180940893103539
did:plc:rarhjvba7ot4ozwxkuong6ir	0.00327563181908895
did:plc:ratqbqujhb7wybtlx4qzr2df	0.00552963539019369
did:plc:rb4jieswcdblfsfgulwkxlp6	0.00613054453853005
did:plc:rb5vbn6hgrtp56sulcgzymh5	0.00713775874497026
did:plc:rb6gukahjugjuml4ke2rsgm4	0.00224271118870754
did:plc:rbdzaxsylcavq666525oichj	0.00538858530664091
did:plc:rbekuple4fzu66dldp33gdf2	0.00470874556987787
did:plc:rbnu5nu3hqrdsudfhpztwwdk	0.00390907774751759
did:plc:rbnvxnw7mhuzhorfd7fdwe77	0.00497702909650685
did:plc:rbtmq3dd5nwys4idmsinpw67	0.00486082260152858
did:plc:rbzviwlkyt3o3fng3ambe7dc	0.0056793359545692
did:plc:rc2ncpniusyd5utrdg4hep5y	0.00840743735213106
did:plc:rc5yoi6wnj5ef6plmb5hz6wf	0.00484034981074718
did:plc:rcdo3oidsdwa5xco3ei7ddvc	0.00842105263526835
did:plc:rcjlhif4itomcemrmdskqxyi	0.00988569664406045
did:plc:rcjo2bqpncjrfpgc32rw6byu	0.00299309286276456
did:plc:rcjwbeevbi6vkhrqk5lcv4lb	0.00836142953849626
did:plc:rcmojb4dnq7zdbnd2fusdhm7	0.0109618651026548
did:plc:rcsurv76xidcxu7464zab5x5	0.00673057311995112
did:plc:rcu6f7twiqhfqs6zf3hs227m	0.00819803890449896
did:plc:rd4glezltrgm5726uvhuqxib	0.00436643087961597
did:plc:rd6ppfmt5ycieeefavjc6cob	0.00826972010567808
did:plc:rd7winmyrwwdegqvrfvpp6ho	0.00564419841577809
did:plc:rdaapih4ytwb3hc4vfindyg3	0.00348344103436087
did:plc:rddwtjbr2plcu2jv6s4yt6ei	0.0122996645604966
did:plc:rdetioo7fgwpbateasfdg67g	0.00584495488149549
did:plc:rdkxtr2zh2okspvnqfuwbqch	0.0081914205687873
did:plc:rdm5rwxykphaeo3ff45urwa4	0.00609851446481692
did:plc:rdmdd4ovrvw5xddpapnkgdjs	0.015050752553688
did:plc:rdpjcfhptpwvi3rrdux7q5oy	0.00417246175268317
did:plc:re43otwsp2dsrcz47ir34h34	0.0108071597520282
did:plc:re5b4yjt25tny2a3o43gtyqh	0.0119549929740708
did:plc:re65d5z5s2fcfwiyc4ovbqyn	0.00234119894036077
did:plc:reac6fhpg3kfecay5gxogj7f	0.00742857143395909
did:plc:reimsmq25jtuo34jhhxxdwxx	0.00361937759118024
did:plc:rejaczr6swtrg6b6bam7choa	0.00566652500403101
did:plc:rekapbikjifsssnfjt7atyuj	0.00422269141039692
did:plc:renain52aigsycfhd4z3iwct	0.00220161787469605
did:plc:retppsbsplsav5zm2rfwujkl	0.00498354489964223
did:plc:rfejqlxulckd2gfblp7inxla	0.00638836877158395
did:plc:rfi7iwodli2ndxbrmwzlvsb2	0.00910470409769995
did:plc:rflzxzl6c3wugwp7uhi3umge	0.00496547443629683
did:plc:rfm77hdtyeorn6pl5q4gxjbt	0.0039608317749652
did:plc:rfnyig4ciqdietg47lgwftcj	0.00310980576066897
did:plc:rfozodyxt3lg4fnmnc3g3hhp	0.00731750847872901
did:plc:rfq7zsfun4ydg7mfmw43esme	0.0050528579114624
did:plc:rft36jtwgglf3qqv6dsu2yx2	0.00343223464049652
did:plc:rfz5qhewsctszyui6xvyfyli	0.00343100890253333
did:plc:rge4ug46ficrlupnyystgqje	0.00370027752088624
did:plc:rgh6rrnw456upnif677gnfgb	0.00704436450864633
did:plc:rglaypzknb6vhesdk34d3bcp	0.00662963626620621
did:plc:rgmdbion4dfw2nxk6wd6ko4u	0.00599941469330735
did:plc:rgxqhocttfsubc4yinwkzsct	0.00339754479357265
did:plc:rgypnelhdhszeql2sj44hofw	0.00537186255498898
did:plc:rgznzhivkirc7mxfigigkjpu	0.00715670195438933
did:plc:rh62n3svmdt2eu5k3gmgd4gu	0.0193726937645551
did:plc:rhfyu2rd5j2w7m3mxew4zlpc	0.00770308123345864
did:plc:rhjvq2fqzihf6qobmn63ukwz	0.00475866757391262
did:plc:rhqysdggb2yrxvdpsvafvgud	0.00350890575579369
did:plc:rhx75ucb5yj3tyec7ed2dwtk	0.00230261474703299
did:plc:rhxdvop4bsejuv4hnoonxo57	0.00462891529175671
did:plc:ri3mvozos6kpjdrs2locqs5i	0.0043231559040333
did:plc:ri5u3axevvzzfnzhadhxs4fy	0.00710879930768944
did:plc:ri6pm6w4ft67dmacps7rpebs	0.00736335315885232
did:plc:ri6qrw72xecygdo6qzr5tzbk	0.00334012219969186
did:plc:ricdac7culh2tq7gexcsseak	0.00215364120789599
did:plc:rie3xj52skwse7yrqbtuvs4w	0.00454403983834935
did:plc:rieg45qram7hmzghyvezdvlm	0.00484221757229473
did:plc:ril6ufvobpnarz5g3vvtqfyl	0.0086114101218557
did:plc:riopcscql2ye6emgibkyih26	0.00519930675973466
did:plc:rir6czimvngdnxkekybah3qb	0.0058300539302434
did:plc:riv65aislkgepfcqchmtk35x	0.00311652568110427
did:plc:riyg5kswg2ph5t4hb2wxnwc6	0.00647548566305709
did:plc:riyyeuy4exhlh3urqgkqud4c	0.00375957740480749
did:plc:rj3hemheugecv6fm5yzn3ice	0.00284732449697275
did:plc:rjbatwj7vthikz5zdzakfgcg	0.00457239627528503
did:plc:rjct3kvwcu5pukrd4mauaddd	0.0156057495010581
did:plc:rjeel4dzjpyw3iufidsvpku2	0.00323192580677459
did:plc:rjehdfh3svqpvq3yz5mmqpnc	0.00531871369014417
did:plc:rjn2ahtyorwb2oqky4llhaah	0.0063544122185985
did:plc:rjou76pd4hivl4roluudgjnd	0.00503571428641523
did:plc:rjyhnfmae2qov3yhlksee3ao	0.0028157860002979
did:plc:rkv5fp74pt7nm2hoaqq6atbz	0.00295662901765115
did:plc:rkwek5ovdh5dr2znk4hmgm7m	0.00390831619190046
did:plc:rky4t4nqkzx5muzi5cu5cgyi	0.00336367233883863
did:plc:rldwau4vn3re6yri4mq23j3a	0.00373788108900765
did:plc:rlhj22ktoceirsry7yvhpgtj	0.00209718670085543
did:plc:rllznyqwy4zvdg3ysaspngtz	0.00276251967510229
did:plc:rlockxf2lsy5avqfh3gs5dvk	0.00833776832028212
did:plc:rlsmgludt5oq6m5pnh2x4ue7	0.00391181458481499
did:plc:rltsccmjq3sl7ywjg5mzt5em	0.00968083497443967
did:plc:rlyaziijbmtuchd3jiqu4qop	0.00491926398873627
did:plc:rlzmr4wwp7kkpdgr4chx3dkl	0.00357325165941182
did:plc:rm5ukmr2n2ntf4diwgayw4sk	0.00544730777299953
did:plc:rmav2vxhpym2ujk5ra4vsc63	0.00378151260537948
did:plc:rmb3iudvsneijdwwiwlbcxdo	0.00367699052651832
did:plc:rmgr7qyfcnn3fgperd3uz2i4	0.00558715969169331
did:plc:rmjmuqg37w4e2b5jqzkdtajs	0.00296462891038742
did:plc:rmjr7irj7jw4ccoel7xughbf	0.00582029829254339
did:plc:rmjswbihj7ouzozma2cfn6lo	0.00494981438269938
did:plc:rmnf4xutcomwqqrq7k6qj227	0.0137318255461996
did:plc:rmnop6cvpg2jhah7wk56zamp	0.00442490268035488
did:plc:rn2p5hrxbapbhllcutsjnfp2	0.00514808694612376
did:plc:rn6q66xv3fvxun3jv5dwyrhz	0.0134370579960306
did:plc:rn73eqbs3j4acorf2fqolqkk	0.00267151294886016
did:plc:rn7y466zh4d6itihabpatyur	0.00468331846653038
did:plc:rnd5gwq5onhretncbjeh36sb	0.00299639882412919
did:plc:rne6dbaebpe42ukep3x2bor2	0.00513285024220718
did:plc:rnjt6vsoito3wbk4wznkfp6c	0.00244906152770532
did:plc:rnjydjazwsiitwf4ojaopa5s	0.00553548537519046
did:plc:rnkplz4e4nxvx32yxbid3ff3	0.00614221592442959
did:plc:rnlhussh65neilnwfdqxcdpc	0.00586556753549462
did:plc:rnmksaqlhxdjq7cztimnn7qt	0.00978792822420403
did:plc:rnnwril3uexgc2or3vxg4vb7	0.00234076629302676
did:plc:rnofmvg4brignaqg65vubfbr	0.00582493702995837
did:plc:rnq5keshwpys37bk5cc5gmzq	0.00526020480037539
did:plc:rnv3uf3r3wpfqr2txpt5na6p	0.0154142582635726
did:plc:rnwluzxftdaduwlw5tjx27og	0.00486061472870773
did:plc:rnxmkisju7rnmuh6qlqzkvcd	0.0102479338945048
did:plc:ro2lrnxuupzeljgbj3tl3lcc	0.0132968322485734
did:plc:ro3qmtg6hsmdlbdqvmjmmc2w	0.00305642990752567
did:plc:rob5hzvaxoormtgyil3wija4	0.00598469032914341
did:plc:rogpq66b2i2mxkk46lgmy5o6	0.00364317685059208
did:plc:rogqxhzq6vy54nbuy4n6rwyd	0.00512639208127193
did:plc:rohgucttlmbomsoisna6k6tn	0.00331775700944708
did:plc:ror5olo5vqx6wvm4u3e6sapn	0.00382460676610909
did:plc:rortfji6iyqgmtii4zi5dybb	0.00888599913319875
did:plc:roslc3e4l6rnibsvxpebwow6	0.00514509158328668
did:plc:rouwhd2loscjryjh3lglwsjn	0.00450377123111227
did:plc:rp2p34xisxii4chpltlbeeqw	0.002813928948464
did:plc:rp5m7zlda4uqln3z5war742r	0.00263546956374988
did:plc:rp7nc4mqotzyopshb4nqxidv	0.00582734315250247
did:plc:rpeujhxkodj3fkwleupyk6bd	0.00688231246377298
did:plc:rpfllahi45wioufwph3ee3hl	0.00287222693344154
did:plc:rphwrtt76zs62dhwpihronzg	0.00653153153312195
did:plc:rphxoxwdysbv5ryopafvwozj	0.00571845041208385
did:plc:rpirr6l3pnohafxgwgia3um2	0.00786936848770586
did:plc:rpnzg4dwrwpyakxpxd74hp5t	0.00504723696200059
did:plc:rpr54alvlatnm2cf64u4oh7v	0.0103626943103888
did:plc:rpyertlojisnttrhcbocuxhv	0.0027381522259825
did:plc:rq3yx7imgz5dk3olm357226a	0.00470822281253174
did:plc:rq4xfdnyoydju5fotcydedp2	0.00591992522413991
did:plc:rq7mbkkgawcoicxjbhf3kov6	0.00466461064082381
did:plc:rqbqpaaluty5v47jwciowpik	0.00382967083068682
did:plc:rqr4m57w3f3m7tekavkownn5	0.00643863179240542
did:plc:rqu3kqqqe6w22gljl6lxyxkb	0.00354859522593728
did:plc:rr6das3wspt7nrltnwwtqm4p	0.00856164383912608
did:plc:rrausx2tvhm6ooe7nj4c7k2k	0.0051995974536988
did:plc:rrbvdinc6e2r7quy2lrj4yxq	0.00983090838750186
did:plc:rrrgcduex7fdv6ayvbawnvdt	0.0169491525985725
did:plc:rs5gnsfz5vwok2qop6nyv6kl	0.00406899909604721
did:plc:rscvyttsmw6yboed7budv4ys	0.00267845185502672
did:plc:rsd4c6uo5f7h2pi727cndizm	0.00567214974719304
did:plc:rsdphmciy5uzdowhdnwkrppi	0.00513983371192084
did:plc:rsfjhxhfd6gidre3vvg3hjze	0.00801895389529159
did:plc:rsguvxyxafai7jcw2fp6vhtm	0.0093348891487322
did:plc:rsimaqpdzmu5qhggxz7ra3z3	0.00249046429245184
did:plc:rskrp5ajhzcbqi4epwsrfju2	0.00454233801947261
did:plc:rsp3y7m6eg4vdh2syx3apx3k	0.00784388750808852
did:plc:rsqupqsplvbeqmgmrcbat72m	0.00517930898903911
did:plc:rstyu7vjzlzvdr5fz2euugbo	0.00518485121744115
did:plc:rsui2pjb5phmtreh6ddhip3l	0.00827814569924919
did:plc:rszqekggu6lenfdodxfaaksd	0.00403195699273567
did:plc:rt5vglsb6kkjqqqzqbg6slpg	0.00370936068113495
did:plc:rtejhztpbxen4rovddwtkqck	0.010760953157046
did:plc:rtn5fulluugrej6fyh5n52oo	0.00728083209624157
did:plc:rto3bqf5glytb5qdd2cedg5l	0.00405322728690447
did:plc:rtsdd3futxkbggzyqcuslaqd	0.010340226827814
did:plc:ru4ykzorzkyv64ajhk73wcu4	0.00635905389858398
did:plc:rudmwoc4j5vgy7r3pfhgddpe	0.00775721284703472
did:plc:ruemtu5yqs7wt234wkv5anag	0.00979462875431422
did:plc:ruggkhaieowoa3olygz7bsbf	0.00828608809807346
did:plc:ruiqef7cxahotb7upkc4bdmw	0.0173525037707596
did:plc:rukw2ommuoauo5lhjp2x5cph	0.0027267006923503
did:plc:rulffzkimhwuif2f6o5fm4ej	0.00631618057021671
did:plc:ruqqni6w776nt222zsspneuz	0.00724443252061511
did:plc:rur7lfho6zezlqbqse2vfrmw	0.00298429622775893
did:plc:ruvsgrzw7n275jkuvoct2dzy	0.00266646056363639
did:plc:ruwnqgsh3fpfqxonsetn6bkw	0.0052080673991519
did:plc:rv22nwojrbuwdiz2rz6fo2pg	0.0060292039570705
did:plc:rv74zcac4kj6szhnuwnfr4dj	0.00605971031828355
did:plc:rv7rprksgfbuyozaxridkywf	0.00229092621939527
did:plc:rvc4prwilvrasle7vcphroxc	0.010288065845639
did:plc:rvk4els7jlhnolg6irrlkrbh	0.00409909107242633
did:plc:rvnqgzd5vvikaegejbex4ll7	0.00998789347349858
did:plc:rvpt75s6ctuez26cah7e7dig	0.00910170162306094
did:plc:rvsdvxemurs7jrl2grpsaqa7	0.00506970849519529
did:plc:rvstagzdzdwcrq3jf6lmszd3	0.00538483630154795
did:plc:rw4da24nmylecouj3quow7hp	0.00674114022294328
did:plc:rwagsud3omjb3e3comhxoudg	0.00289199044463692
did:plc:rwfcw46pldo5ovazmdujofhx	0.00517647058887975
did:plc:rwfrgtgbyoynf4atinoblwew	0.00842842323725046
did:plc:rwkqebx5pad5m5a5zggbpiht	0.00535246555120274
did:plc:rwlypgeog55lvyfnaa6uscsz	0.0259026687598126
did:plc:rwowv6tfclqekfiqwsykflwg	0.00903954802557823
did:plc:rwpyijdcfpaafkenerev5ob4	0.00575447570379187
did:plc:rwrwrmbj4w2ew2kcedwdkisf	0.00796232877149222
did:plc:rwwzwhwvmri3fq23q6rak746	0.00530258805514478
did:plc:rxhqe6s3hvcwaucqqmhkr5wh	0.01140017539472
did:plc:rxjrcdbpxjnwjqqyklimrdua	0.00242896684183266
did:plc:rxthz4q2bun7c3fn6iz4fg2b	0.00809212574334535
did:plc:rxuxuo5dw3tchms3vn3fvgsg	0.00483091787519174
did:plc:rxxxxdr6doqhgznin6sjidkg	0.00417348335619819
did:plc:rxzj7gxugfxvv4qqldiwwgb7	0.00532429816128851
did:plc:ry2kwnwzseu6il52pu4acfhz	0.00340064507128653
did:plc:ry7mefvxyf2r3ch2wcpgs7bh	0.00648414985753366
did:plc:rybpngdg62kw5bqf2lll5l5q	0.0042591086847566
did:plc:ryf2voaoetnpasyxtorqkf6s	0.00525269733167829
did:plc:ryswtnn36fqkhr2gqjmmn5sc	0.0106237148750325
did:plc:ryvjm2fd7kif7nc7x7q3rkjb	0.00229753015514852
did:plc:rz3eisu5uujzlulj2dwferqa	0.00822122571398164
did:plc:rz7ixyyf27wa55xophug62uo	0.00508044030823792
did:plc:rzabdw5zsjkoufnl72jux7ji	0.010291595207333
did:plc:rzcpkg6jiwzsrtcfsj4zb2lt	0.00504668180685135
did:plc:rzfcivdu6bdup4pszydjhnt7	0.0092632486025092
did:plc:rzjkfrotripujw5izuk4wyrz	0.00510112761835781
did:plc:rzjukvjac2oqb6zeh5yqudaf	0.0025916966974821
did:plc:rzqc2lxrhzanl7gzd2adbjvi	0.00642357831264953
did:plc:rzt6ylt2fuxwykd63jwcbexj	0.00388717233161663
did:plc:s25marl2slqg7oejioh3ma7g	0.0044427216898585
did:plc:s2aqekzxt63qctfzfwtpqprt	0.00573482184056124
did:plc:s2c5jako7ilow2d3inyu22jx	0.0105807665270229
did:plc:s2fujexu2t63a55mluw3ui54	0.00982042648718599
did:plc:s2p44brpouuh6nxzra5umkvn	0.00341763499704412
did:plc:s2vumz5m7id57wpzwp6mqtgl	0.00349044340675926
did:plc:s2wzy5qlbtejq3t3uc44y6d7	0.0077106664266975
did:plc:s3g4mcyw3dubqqjnhlrisfkl	0.00262871305740436
did:plc:s3hx6jpwhk7qfkwysloekfvj	0.0026091802614679
did:plc:s3iokt3djul6x33royl27iwt	0.0125443141588133
did:plc:s3myjvshe2y3aqcdtv7ats65	0.00472882490810423
did:plc:s3ozmn6447oobywswo3em7eb	0.00801508722729071
did:plc:s3sgkde33vm6fadjbu2zkten	0.00378460925603012
did:plc:s3ukuz4dpczckpka7nbgkrgn	0.00468585005283324
did:plc:s3zcpbsofyu2kq3c4rrch2tq	0.00500671633034681
did:plc:s4e46kl7f5pmvq5z5a4hg5sd	0.00620604054650295
did:plc:s4fsyoebsvvajzxiqvlwjiaf	0.00846242111375057
did:plc:s4jz7tug7lawssphfalhb2qe	0.0551601433658417
did:plc:s4n4michd7zjt4f6qyddcyvb	0.00486187845319472
did:plc:s4ovwwg6wvavgycojws6b7qt	0.00341504649243242
did:plc:s4sxvgste3bep56hj4v7ln6z	0.00215442351804573
did:plc:s4tclsiflroad46gm6bjlyml	0.00974981605306699
did:plc:s4uh5s3n3csg3tlaqpvp5ssh	0.00699006232233272
did:plc:s52zzpc7w4a34b7kdjajln5s	0.0100391356138426
did:plc:s53glzj7xdnhngirud6thkvt	0.00687782805565881
did:plc:s565mmnv4g5gu2gttwbeu2if	0.008804108587232
did:plc:s5btlqm3qoz3fikhhvlii3cv	0.0083798882689053
did:plc:s5c6wmfcfnkebnaj22w2ynb7	0.00727201257976554
did:plc:s5cw4u3jp3pfdf44dfmnx54y	0.0059328540539189
did:plc:s5lef7ievtqcyhmwchqar5vk	0.00342687783689394
did:plc:s5pojsmyjdcmmmhvyk37xthu	0.00207900207902023
did:plc:s5soys3nwlsuziw5mqritc5b	0.00646866523082321
did:plc:s5vk55mvk676d6trmvs6vcgv	0.0070103092796344
did:plc:s5xyxqwanjnemqas6zzeymxm	0.00374145271612736
did:plc:s5yjisqds4aty4iygf5f2iub	0.00843023255887499
did:plc:s66agmg3rkyaye3t6pvdwo6t	0.00748765333863369
did:plc:s6747y22cwba62vmxvqgep5d	0.00542347228633012
did:plc:s67jqlc2ivbrlnukomek5rq3	0.00377735807166402
did:plc:s6e4dhd3k6i2njlxmgdv5bkw	0.0037276426938311
did:plc:s6gjgmtvkozofr7ie7ncxudy	0.00573314802181973
did:plc:s6kacwzd2mjjhzvmanrhz2va	0.00917194162386913
did:plc:s6kishoqgp6xl7r66tbnis7g	0.00493526929478728
did:plc:s6lutotfrlc6xm6xf25miycd	0.00511311385021848
did:plc:s6vhyuqnexl5r6cp76d4c4nw	0.00758150113823836
did:plc:s6vrigqu3fddaeieav2dtbsw	0.0048722077715337
did:plc:s6vriildr6fjmkgsb5cdb5do	0.00358016067102494
did:plc:s6ynitfyslmmd2khrphrvizm	0.00843580211976949
did:plc:s6zi7unqvhz6r65yakhjtwpf	0.00785175879852721
did:plc:s7532xc7pocdk5elprt2v2jq	0.00563772633862799
did:plc:s76isvqb6qyekooexcv4sgn4	0.0080755751984575
did:plc:s7h6srg3vlyy4kvpuqc3nbem	0.00382809309954912
did:plc:s7nvzmtovnzc6miagxgn524u	0.00491986009223116
did:plc:s7xxegkkaonmiok6mgiu3yiu	0.00458175964430111
did:plc:sa4sxgte3afoyapakopn4ka5	0.00313199105157542
did:plc:saaa3h4qxkl2ywtoahedlzvx	0.0027873485348815
did:plc:saawfaiesb5jmno7zle32hrx	0.00449662753034363
did:plc:sabttkasuitfubtokwodnbp2	0.00697222539849346
did:plc:sac3clpfpiv4ctkhjckwhham	0.00236253477123664
did:plc:sagprte2djvp3nzva6cnxsze	0.00464773564676057
did:plc:sahhyp2ldgg2hlrcumndrwu3	0.0023726101470584
did:plc:sampdaxy5cztb52rarxe3teg	0.00736309250438329
did:plc:samyzvupsinlytdqa2d2nmjb	0.00366833899805102
did:plc:sar3ewowd7n7kzhn4xhy7nrt	0.00673784596392288
did:plc:sasjssapg24zcfsxtyufosfr	0.00451165812557452
did:plc:satl6ys6ofdgp7gzx2v5ly2f	0.0215311005058615
did:plc:sb2jfhud277v6vvmxpoohjed	0.00589496248877273
did:plc:sbh242wrdayx5nsdx4zcjtce	0.00264634612952685
did:plc:sblakzn3apjn67qpmaxhtpf5	0.00556745182064486
did:plc:sbx3dpzsrfr3m3qcxxayk2r7	0.00466519014272578
did:plc:sbxsos4v4v5k4ktvv4dp23o5	0.00556980579018226
did:plc:sc34rmtw2i327eqk26awlsog	0.00603290676619145
did:plc:sc3zkuhzriafvp4ewm24khyy	0.0028535555303532
did:plc:sc5iqr5seczkk74rrg4hotz7	0.00214866434386763
did:plc:sc6ahhbonrwgzutexp6i66u5	0.00556570858998356
did:plc:sc6mk5wrrrnzzk7pjjuo6kz7	0.00230193746409705
did:plc:scqeimn3hwuibgx675gk52sn	0.00936843806861698
did:plc:scqot5ykwuuq4fe5l5ryne6q	0.00487804878126018
did:plc:scyo766yzb3gkmfqfcxfepbq	0.0150853513458435
did:plc:scyozezymlbicok26tl3jxni	0.00450958286456707
did:plc:sczeg26isbiy3c4invtriswc	0.00654793085542857
did:plc:sd4bluegalibhzdyzlvpufrd	0.00289173234245328
did:plc:sdaunotktu3nwem76k5mj4pq	0.0128401100839789
did:plc:sdiwjessd2huzz3q7ay7u37c	0.00806451613323619
did:plc:sdohwxy2fzweofaa336pimoe	0.00490911503326385
did:plc:sdqbuxsyemmo2yuyuw6hnjgl	0.00519132057926695
did:plc:se4oihvzujlmof42o2ztrpti	0.00505766977186299
did:plc:sedqavn57g5jqoytx3rjvznb	0.00511356089853052
did:plc:ser5xww54j53ap7xj74ej4rp	0.00374128281139906
did:plc:sernutp4f72mv34qumhe4bze	0.00403378727833204
did:plc:sery7uxwqhol3prqki4mkgjw	0.00407936213743804
did:plc:setivyzrka5jebjt4sehh57c	0.00578797725655931
did:plc:sevdhzebkxydq3l3a5iigqet	0.00319876461515875
did:plc:sewrubjtcd62ager46tw73k3	0.00811965812377646
did:plc:sez4sq4jtos3fejdkkwrl6ma	0.00637100778616864
did:plc:sf2v2mhvbouhmxthnfjkbz5a	0.00447806617104407
did:plc:sf53btzmt7rjigm2ncec2eod	0.00354069255310057
did:plc:sf7svtrt6t24kltmt6vydkbf	0.00571303010566114
did:plc:sfcksvf77l6qv3qiwzofh4zs	0.00360442684575645
did:plc:sfgmursx6jcphnhffo4h2i36	0.00898138008090702
did:plc:sfjwxmaoesdowciecfazj2k3	0.0145348837387663
did:plc:sfolsqbjsrkbbxnqn22emsc5	0.0072356520320827
did:plc:sfr7ppcn4bg3pyajhhtkocdi	0.00363950684720213
did:plc:sg6ktighdayi6m7k6lm7le27	0.00335634829315486
did:plc:sgpnzc5hs2ch4cne6i7m6ytx	0.00200466083646525
did:plc:sgqjyy7esbpurpqbx3m3gzli	0.00485330608748713
did:plc:sgtmpxmt2dlkk5anxmkv4ozv	0.00411180613272553
did:plc:shcnz72gsuh4fms66mphqeh6	0.00824805254707742
did:plc:shiy4w2q642ypd6ftfoogxrh	0.0151567344284025
did:plc:shmn5ii6evoen6sc4f7c7yes	0.00400726899986284
did:plc:shnh7eiqpqieddxpz756xjzy	0.00650759219249758
did:plc:sholz35omxfbyazcasbgu2io	0.00436310063485012
did:plc:shpk6xpbu2bx7f2fjwkrkcu5	0.00439692215555294
did:plc:shrwq6ex7s6mrki3vt4haf24	0.0109923664204783
did:plc:sigiznqlbfufp6qn2ib5pldq	0.00316331599185633
did:plc:sihchylo3jkjisfw54ofuea7	0.00513527054438387
did:plc:siibdpm26xcn7phhn3bplofh	0.00752596989715636
did:plc:silkby3uap4lzghf5uuyg6fs	0.0041770681433068
did:plc:sipgooqllhxgtof2v2o6ekng	0.00372398685653113
did:plc:siunep6ck7hjswpqmhenrb27	0.00536432722453884
did:plc:siwtfp5r6rfhlmopwi5wjend	0.00655364012124939
did:plc:sj277amsrkyjupjeboapc3yx	0.00987224159098129
did:plc:sj2j6fyf2emmjhs2xcv4ykds	0.0168970814699319
did:plc:sj5fz3g6cut5ogrwtcptksxo	0.00629005459470937
did:plc:sj5nnalqfpuc5b6ujcbrwsl5	0.00924918389609471
did:plc:sj62zkwqtmbrlnpbcerrgbw4	0.00554849150397674
did:plc:sj6dsizo4nnvqjdojkrk7kuf	0.00914848698387298
did:plc:sjppo3tqwdlbs27uktiwmarc	0.00448633121488911
did:plc:sjqsq7cbr4c6poxajqskpb3f	0.00200284373234281
did:plc:sjwbwfalxkpvr6o6piezsuva	0.00501690478858117
did:plc:sjxcksr5sjwyihetd6ykm6r6	0.00418682864913642
did:plc:sk5v3u3ufiv3sedtwri7x6ms	0.0132426628725594
did:plc:sk6jryjhuavqchpa53jlcsyu	0.00302272727286285
did:plc:skfcksa3uixe4t36ppgvkse5	0.00429184549379079
did:plc:skmwwwguotjxqzhru4txcfgj	0.00243027840988982
did:plc:skpps2myxdd55jlb4s4o4cau	0.00287793739907369
did:plc:skq4ozw4gcde7fgt7ymg7h2n	0.0117044623604718
did:plc:sl2gqno4x2nxcw5v4jlx2kbw	0.0077018633588678
did:plc:slbtbvjnldhl3vissuioishq	0.00937936539879423
did:plc:slhyobbcjfls7fo6bykd4kro	0.00796080833260171
did:plc:sljsifjq3oxkuos32wqxxaro	0.0115914787037865
did:plc:slpncy5zfofi54v5nhecroz7	0.00370832527848287
did:plc:sls73ejdp2hxrwqxnvikelsh	0.00552043451214949
did:plc:slu4o4jjupskc6ugnzy2jns7	0.00305663906580302
did:plc:slxmn2ejggkwwbzlej2axmx6	0.00432425012123477
did:plc:slxomwxxjvidzscg52gfr3dk	0.00803974706498594
did:plc:sm4arlwoaec5wcazdfiluqe5	0.00443734469396749
did:plc:sm7yfxvw57j5gfsymrlh65au	0.00288920111688398
did:plc:smcph7sua5ae75zevhng64mu	0.005867683734048
did:plc:smqoui7fzcvqz5zdv5pur5am	0.0100401606534271
did:plc:smwtpqaa3q33cyiwf7smisui	0.00429121584471793
did:plc:smxxwrfky26uvjsqtcgx6cc5	0.00238071619880142
did:plc:sn4e6mncubazigw3goe4yj2d	0.0250922510090128
did:plc:sna5n65rrlaes7mzqlp3yg3o	0.00395193160768225
did:plc:sncl5raws5gc7nbhy7sn7xh5	0.00486933939311101
did:plc:snk3lmqqg547gpcsjh2s2nvs	0.0089874176183703
did:plc:sno2kp34aop6z3ixthxtl2mc	0.00212377814695197
did:plc:snviyv6aoapeaovlvc3wikhm	0.0075485940794866
did:plc:snyfeai675ll3sctdwb3k566	0.00504556066038501
did:plc:snysasl7ood7pyyv2uz33gr6	0.00574622166481401
did:plc:so5fi4mh4pnjukjq6ylmwsaw	0.00475295678208959
did:plc:soal4g4wnurb73t2ydbfplxz	0.00278944399190042
did:plc:soj7hd56cx44bp477wn6gtas	0.00259299890300611
did:plc:som26gzhbs2iyubdbri6wmun	0.00219288997597776
did:plc:sooincpu3egrcemh7ec3swrs	0.00341539775199251
did:plc:soosaccjsfdzgcwzcrbtggbz	0.00625686987582861
did:plc:sorihdxbb3kkcumi5rqtsjuw	0.00261589885212546
did:plc:soucklvko4ymeyunuxak6wkc	0.00936411150093667
did:plc:sow4ckqv3ihrbape76v4xcz7	0.00455466992624481
did:plc:sp2qti4w7hq5ndmyo3xfcazk	0.0056539364199045
did:plc:sp4n47vvnrezv5u2gwkjk76m	0.00504924052815309
did:plc:sp4pq3oaubltssov224szwsk	0.00470704818548132
did:plc:spfeuto6xmuqoywzm7luojzi	0.00421927338338951
did:plc:spkutshxxvpzz426ruewwp75	0.00230192321973525
did:plc:sppqkjc6obqmui2pnxcng3k3	0.00851148060531429
did:plc:sq5wdrzvkyt3cvigvqug3yf3	0.0042116346409371
did:plc:sqd3xg4deffio2vl33ewuup4	0.00225650283095457
did:plc:sqe2ilxd5xwuctqkjdorgd3b	0.00297591369864515
did:plc:sqebrnzr4aybgqz4wvtplios	0.00505689001333426
did:plc:sqiwy3ov3qlcnpjumz5bjmoa	0.0054501552264909
did:plc:sqodagfvyenii4jtrtl542gl	0.00955216474635134
did:plc:sqookpepsqwg23yn7ps6spol	0.00666045024793568
did:plc:sqsp5arnndovpc2uypxvpn43	0.00700729927135854
did:plc:sqspxmh56ghwcjfipaqr5jsu	0.0106888361135044
did:plc:sqwczxetqbc7debeex4q3tgg	0.00583733298965338
did:plc:sqwxd6urnl4mfu73hjlcvztj	0.0049071666613217
did:plc:sqxockljfot764yy2tlgejpr	0.00390464447215115
did:plc:sr3cqkuibynw3eb2hmyktg2v	0.00331235508456686
did:plc:srisbwwpy22uutrylvpbotib	0.019131334061812
did:plc:srjqi7vdqdjc4cyt4rbbt6ho	0.00546790964557956
did:plc:srnu6xo54qyffzubylaufzll	0.00737463126865688
did:plc:srtim5ur4pbqqolj43zcp2jm	0.00939566176943582
did:plc:ss3bhykxh7bpadz2hhsk5kkx	0.00881355932524961
did:plc:ssc5f3jav2qupe6e4qg3jj42	0.00451742671644481
did:plc:ssnpd7mpuoozpo7gskakkmen	0.00634016355958286
did:plc:sszfana7jxywe63wigunyprh	0.0032425910570254
did:plc:st7h6orir7ykwjmnu4a6ixan	0.00366035326702569
did:plc:steey7ultnmwoslpnouu6rxz	0.00668002672159264
did:plc:stemur7szgz55qpydpxoqse4	0.00804807383189383
did:plc:sth5ebwmh3epqdgzmxhzndv4	0.00203053136315101
did:plc:stik7q5tyxgduyhlq4vtssqp	0.00341976825305889
did:plc:stkebjdjussiaubdglw4ccj5	0.00455055479462177
did:plc:stnqkqrqj4qooxq6kqh6ooqh	0.00264373573794868
did:plc:stq25ubsjfpk7khvtyukdunx	0.00258057987152179
did:plc:str4jhsdjcuqrvbplw4exo4j	0.00686912509174861
did:plc:stswcaf4cwf3wh6ionfvm3yi	0.00841020076333482
did:plc:studyz4gmsjikku5rojqipr7	0.00567774324657112
did:plc:stvwweyb3delodc7d5b3dsuj	0.00580218594027468
did:plc:sty24z3b7eriad7gr5e44bfo	0.00617792421934556
did:plc:su6uppa7ohaaoorpbjcwbk7j	0.00675105485375962
did:plc:subvhbaxtk2yf2lx7l5vg6g6	0.00599760096167576
did:plc:sugos7qjdmmxv63q67zihwbc	0.0107181136209219
did:plc:suic4vr6lkfxoxgacg5jh3vz	0.00403256778692816
did:plc:suknqdnajuo7o7ho6uh5pvxb	0.00375239979090935
did:plc:surrxj345oth6qnb4ov2rqh2	0.00380871773202707
did:plc:suui4rvksiwv7pq4zp53o723	0.00502835134338087
did:plc:sv6qagow7mzadolcar6o6cdv	0.00340189459407288
did:plc:sv7ht4wl5rmur6maa5oia7j6	0.00340821528112486
did:plc:svdj4vxdriy3lvj6coywoqlv	0.0104782375162634
did:plc:svdta7tjmovywlfs4zmwkf2t	0.0164778578907095
did:plc:svh6snsritrkklvh3pc54kdu	0.00448611877283082
did:plc:svjjwccvxdfjfx4b6t7klaq3	0.00502642093067327
did:plc:svmlf6ef3lvpvj7ngvhkv5is	0.0040998881849203
did:plc:svodexpcv3vkgco4lqcxn6kd	0.00333111259170562
did:plc:svpym4ujks7qxczscyzq7fuy	0.00430625501810812
did:plc:svur7opkdui7ukpocjthyaga	0.00472951085212961
did:plc:svvkmvw33gmrwogjir43mmyx	0.00343005895459485
did:plc:svwelubbcugx5e5kznm5rwob	0.00530019190409969
did:plc:svysqtk25ou3rnynrmmleqka	0.00301287318556563
did:plc:svzkxj6qsrngwe2jpowucyte	0.00445784155577788
did:plc:svzob5umdare5gnazclsy7ni	0.00620368774957572
did:plc:svzqu7o6aygsc7xfevnhzqc6	0.0108932461958568
did:plc:sw436ntmewelzrswwg3muwgb	0.00218980452781928
did:plc:sw6arhxauonswrmqjeirekmj	0.00933367902569013
did:plc:sw6yycpwqzi7q6a7qqe2bytu	0.00303051174336749
did:plc:sw7zsdgujl67td2rg5l2bvfh	0.00634683591735923
did:plc:swgdxrt5d5u53bzy7knk5boh	0.00635180177520407
did:plc:swpqsm3eem7npdol7qefd36u	0.00392209446579044
did:plc:swq2mkwda5rajfukz3n37b2k	0.00574352044252453
did:plc:swtcv34humqgs6qhqiqckrpn	0.00490580847738887
did:plc:swu4joy4bgsjrypfbnuckkt7	0.00511207235883322
did:plc:swwbcm2sgfccm2pylrr2ku4z	0.00816961681011166
did:plc:swxoprh6fdcwx3wfo6ralhmt	0.00234342452438385
did:plc:sxfrpr4xc3uj252dpklmknzn	0.00767359162008195
did:plc:sxj3tzrbsq6diahfflk3iux5	0.00536843016769087
did:plc:sxmhuxbnuuwpyntobskzvuif	0.00609151438077198
did:plc:sxmv7rtdob3mtqpa77cmzyuv	0.00543668888164944
did:plc:sxp2y3lti3vjimzjdv54udjj	0.00791855204064136
did:plc:sydqy56rlxzxov5r7y56cubm	0.0066252588006951
did:plc:sye56sfqqohsuj3yxxxyi52j	0.00546039344807565
did:plc:syef7zoacl62g643637o26wk	0.00940955070715452
did:plc:syejcjtdenbtdbbfbxo7zlvi	0.00418794688482251
did:plc:symf4vlafx4w6kjf6qvtveb5	0.00561594202948846
did:plc:sywcgco3mccqlnknuwzvmubb	0.0057496682907092
did:plc:syxc5m2jx5vagt7nebpzzdho	0.00648603410561023
did:plc:sz6dh7sczbuuj3nzbks7a7xk	0.00842933408628595
did:plc:sz6ye2x5ll5b7fd3lmdiuegm	0.00304906218241574
did:plc:szbkdzzojynybhg6hehpwsus	0.00201361315939145
did:plc:szikvbqn3l2noazgyjryyyah	0.0112167300457997
did:plc:szlummyt2qv2o6onnoikxw3q	0.00200271200586183
did:plc:sztxti6ronboo6puhcs2zumy	0.0117104329379883
did:plc:t2b3ujcdl5gxbib3i5fiw2ol	0.00493962678449748
did:plc:t2e24433sb4folqbudqiiite	0.00335608906818166
did:plc:t2jsx43fwv4ekba7la2k6733	0.00362249761716331
did:plc:t2juheqa62z42e6uuvnfxy6s	0.00784693110206126
did:plc:t2pevneuxzz26ogrlls2kelx	0.008301488997239
did:plc:t2tpogpii2cmhgp7yfymbsck	0.00765942287630478
did:plc:t334gqkscf3o42vm4x2cjpwd	0.00644685946011834
did:plc:t33ghhga2bv5em7f3yrtnyej	0.00498587335953922
did:plc:t365uaahaesuvv2v4koki2qf	0.00547745115993644
did:plc:t36e5gfnazj2vmohk4p4we47	0.00432628018585977
did:plc:t3btutrkfx5xkfc4qfo23tvd	0.0028967035515136
did:plc:t3ho3524535xkargwdsikufe	0.0029308877761087
did:plc:t3l3aw7bilgftoefn3efpe7i	0.0108695652259401
did:plc:t3omodcypdq2pnksaf2iohse	0.0060997488358283
did:plc:t3vwsmqg2uq6ho7dxgtplq6s	0.00384004805455447
did:plc:t43ysnvax3pbyympvnkhdb62	0.00752984389865192
did:plc:t4dq6f3y2qd43xmt3jhdkcof	0.00250871932942553
did:plc:t4eiqkf3eh7cygzdynlikedl	0.00445960126019758
did:plc:t4h7c3m37tmzgdggv24qa4sy	0.00703000982816849
did:plc:t4j73t7tbgh6tfxu25mweois	0.00461622507603027
did:plc:t4onnluo6644zf5ngfb4dwdc	0.00704087620426233
did:plc:t4pvrbpfjhh7ddxhjmakphai	0.00556930693120893
did:plc:t4pxhflhfnuzqmntifyei3lu	0.00560384768174881
did:plc:t4ykrtxphl2uvu3gb4nbpu7e	0.00800781250429445
did:plc:t54ohepbmxgamznpyyc2lg35	0.0133250697473633
did:plc:t5g7z7sndblnppaslfm6zzir	0.0114697252673414
did:plc:t5i7zqr3asj7p7wq7j4tffyu	0.0110463332326812
did:plc:t66fpaoh2dlzdp77bmtsemur	0.00502141485818748
did:plc:t6bjg3qiiwgvzb4sbxfwpnzr	0.00669998937245824
did:plc:t6bkeryb32uqh6kny6ghkmyw	0.00463408762728765
did:plc:t6izwdhlpszhzfa4ukf54kcr	0.0196011004489714
did:plc:t6k7dtzoywo7paiehz3l43f3	0.00226217641048645
did:plc:t6kewzqwg3sydmds7qf36dwe	0.0139009557110984
did:plc:t6knijl6nymnnhtmevqlmln4	0.00887435777988958
did:plc:t6o2bncjr2garop4fsicmz4i	0.00300349722348529
did:plc:t6p2uyeqhkkil6xgftx7rx5h	0.00466646835813882
did:plc:t6q6c6ciwfz6i67l4jwdj52e	0.007580445544595
did:plc:t6ssqy2lavismla5x2hwh4nc	0.00575909815020247
did:plc:t6vrhz5l6cq74dlgp5ikd46l	0.0060264385712367
did:plc:t72qb6rxkhjyf7m4sgy5oxkp	0.00464208243039978
did:plc:t7463wcjujczemd4y35udw6r	0.0152671756494521
did:plc:t7cj6xqyqpxldghqnphlqaun	0.00455702988970586
did:plc:t7d6anu6xeccsjyo5jwcjvu4	0.00507779441510953
did:plc:t7deufbncwx2jmujji37yr2w	0.00524542624480852
did:plc:t7gg26crl2ebjnm6o64yrdfm	0.00524746571320026
did:plc:t7kof7zctbtglr2l3tmirodu	0.00643834875456925
did:plc:t7n5zs24cycjxh22lyvgyeyn	0.00243116413190253
did:plc:t7wxsdh3rwvdrgdco2raxphp	0.00745723059459277
did:plc:t7zzbrdx73twoaz6znpohbpe	0.00337837837885704
did:plc:ta2owpdjrhacfszbvjye5fnr	0.00446881982631941
did:plc:tabipfrgkjteieqnjwmv2j5r	0.0103946102118971
did:plc:tad4tjfitccduvah65m7nrg5	0.00474934036956076
did:plc:taiwp3avlucxmcvhjf2bvu3v	0.00486300557544462
did:plc:tam34nyjdnwj4ftdwubrowix	0.00543755310165932
did:plc:taqa6uxe4eae6kax3fgyu5v3	0.00383961729748314
did:plc:tasqoqm6o4hc7eulweqnhof3	0.00704974727447324
did:plc:tauyzomttylo2fwl66dn2bm4	0.0132082029901762
did:plc:tavtgvmebovtbmdoworx2xzb	0.00249532127266375
did:plc:tay3dkrnkoloii3zd2265g6o	0.00363952844408585
did:plc:tazxr6axj5wcgnqceesotnxn	0.00476483246317224
did:plc:tb26umkfd4sbonf53ccc4ere	0.00302641232642731
did:plc:tbb7lxm5zpqdlqxtrrofeqdn	0.00804681785353696
did:plc:tbgm3oe5gvnx6yrizbuk3qwz	0.00462890726600541
did:plc:tbgr6bfe6zghabqsk5qurirb	0.00461616581359021
did:plc:tbv74q6k2q5aurkr26ts3lei	0.00737953986508427
did:plc:tbzcxvpxtjniagxgzx3qpv4p	0.00325633458848633
did:plc:tbzsfxwoac3mliggchtss7oo	0.0128576020830032
did:plc:tc2anabv6g6chdi56n5jkbwy	0.00975958106395495
did:plc:tcethmk7qkwpuav7pvli7ycm	0.0110569105707297
did:plc:tci2syv35d5oqicjizhw6dyb	0.00725513906261836
did:plc:tckbtgiyowwkz3p2ge2s5v3a	0.0102171136756898
did:plc:tclpjsy4gdwizu57lln7g4kd	0.0135216346375482
did:plc:tcm2a2gsse2kyc75covexka7	0.0070043103461148
did:plc:tcmlf2qjzcakaikxl3ca4e7w	0.0125383115351964
did:plc:tcrwxgpync6v76aiy3h537k7	0.0127817020107776
did:plc:tcxwe4g2ikdnq256katgfuao	0.00560789591795692
did:plc:td5idhm6tklovadatgwjekpy	0.00429076224152101
did:plc:td7qjyxscqsxlg4p3luruqhg	0.00617680090032743
did:plc:tdbwuwoef24gkocxlijhy5wm	0.00285320336939993
did:plc:tdfcgiuhbq3qwyqw4ewjkzgm	0.00299123693980982
did:plc:tdiqrmfhz45rodogof332yi3	0.00804289544659739
did:plc:tdsn3fndmxo4d7y7mtz63s6c	0.00287631831271847
did:plc:tduenfewh5arelkgq54kyf5n	0.00809180521234137
did:plc:tdvnlixuizp4bk2daj2u4xgi	0.00670112962046456
did:plc:te4rkaye2kk7vavdza6auqdm	0.00604655015524393
did:plc:teaexcmdje4v62yamfebl6uq	0.00218018144743667
did:plc:tefonm2k6ly3crymbjjhnkkf	0.00644677661996717
did:plc:telvfvh53juc7tjoztivyhce	0.00249958340301432
did:plc:teu3agr636eah33jpv4oaecn	0.00576474022415573
did:plc:tevsvhuytzrb4t2iltqreaag	0.00641206977847369
did:plc:texfoijin4vwbh6xdwhdthic	0.00816241105145952
did:plc:tey2wxliz6wuyicwoqaliy2s	0.00623052959685042
did:plc:tey3jrijuqgcjbhjqzwdghdn	0.00642123287838695
did:plc:tezjcuvky5etfwpckanq2uxy	0.00356601586917528
did:plc:tf6eaiasxbxdnc7is7tllzxd	0.00509193776534062
did:plc:tf7gad6h5xalbu75x3akxckn	0.00382677775657408
did:plc:tfaosxw6cnp67lgcxfgs52l4	0.00216296253292321
did:plc:tfauygrib5tfh6idm2o5npuj	0.00362740944753484
did:plc:tfcs24hzuw5adjzxufbcjmri	0.00491987630100553
did:plc:tfnjrevqebqoqath35bifljx	0.00871805033025002
did:plc:tfr2jq2ybi7lem7xu6mrizxd	0.00737307773440748
did:plc:tfxykljjzd5467nnr6nitne4	0.00651647738652211
did:plc:tgb2xkb3y3rfdzy24ay3y75q	0.00703887378146336
did:plc:tgl5buivmtfx3px3h73xw4nd	0.004244754124856
did:plc:tgu65zuiwsufgbypidpjh2jh	0.00850228908141272
did:plc:tgwjhxaryahsd4zyvpknbmlm	0.00213106020253431
did:plc:tgztkr4x6ve3tu6zqw7auvyj	0.00540233153312205
did:plc:th2tiuhp7zysa5serb4bcups	0.00602934280366151
did:plc:th37jkann53wvyoikxvnd632	0.00574504112474657
did:plc:thdg7rng33hb66z6cslythee	0.00463743676312742
did:plc:thewvfctw7fh5idcbn2l3ylx	0.00388253950895322
did:plc:thfas553lpga4cqbbueguqg6	0.00356550996876722
did:plc:thslylrjh2icifapezmmj4pv	0.00456915236460096
did:plc:thwd3gjolwkd65s6ou2tyswn	0.00568332011873505
did:plc:ti6uuu6iggqri3zrfodvgftd	0.00270290013899071
did:plc:ti6w4izlflddswfquxnr27dt	0.00214873832938974
did:plc:ti7plchklhqpvvlfjm4an7ew	0.00625586488238079
did:plc:ticwq6hxrl3d7dtbyeo3eajj	0.00755419312971091
did:plc:tidfkdxyf6t7khr5apuap6bg	0.00961929278122661
did:plc:tihosflqbtznem2gl6xinmvs	0.0102301790383937
did:plc:tihr3o4lk73ked534sx6a4xb	0.00476099790599276
did:plc:tio6bmzr6qjfydedijg5d3oc	0.00452824586244984
did:plc:tiol4t6daphp56ljuhdyaoe5	0.006182021011454
did:plc:tix3bfqf5wuevrhk74dpnwus	0.00444353295153322
did:plc:tix7ewjhpqnutmn6hjx3c2l5	0.00861393892278797
did:plc:tjgquupsj4zp5gxfm775nfcq	0.00973499189942147
did:plc:tjqyeaytjbhpjtdpw54zs65q	0.00325848268056334
did:plc:tk34wk53wgrwojslrz72bo5s	0.00440736659849956
did:plc:tk4c5iitrxepvyngnkmbqyfj	0.00498858544370136
did:plc:tk4dobrnfhkcni3e7cw3horc	0.00541919031201539
did:plc:tkbhvdc3zhwt5p33ddgm4hjn	0.00754463285379583
did:plc:tkbjttexqle4bi5imbkwgacb	0.00504024063154205
did:plc:tkej25vxsow55o6s4v42lhyd	0.00581613508668868
did:plc:tkgwa6jllgqwnfn73jzvkbbp	0.00337368525549165
did:plc:tkllcmuprdxzjyfmqeupmob2	0.00345020514742275
did:plc:tkpwiixwwe3brrsfmbnxacnl	0.00593471810301676
did:plc:tkqezviar5ib67wmwt2djnlw	0.00441553321526961
did:plc:tktbbn736cxt5of6jt23ljvq	0.0116798351150957
did:plc:tkug2ilarloan66efwr2frxf	0.00270270270274134
did:plc:tkuhm473kwy2cukgusldlr5r	0.0046395431843406
did:plc:tkwtgm6sjno2lntumdrgluxg	0.00607187112961734
did:plc:tl2xnycoqrtbh3idpy2asxjt	0.0044720613859342
did:plc:tl72gxak7x2id2abo6fnqotr	0.0135916714907727
did:plc:tlcqqznvjcvkno6tkau2dvu2	0.0112523746971667
did:plc:tlhirbhmax2bxbzmu7nstqk2	0.00344612311194955
did:plc:tlka2rk7l6ajnpnboukzv6fc	0.00539821624215694
did:plc:tlkykwbedcdav6h3z6ecv5ol	0.00419424349724389
did:plc:tln27dapb5f63qsujnplh65a	0.0064207650289974
did:plc:tlskl3jf5sq4vzg4rgc2b5qv	0.00400256163950589
did:plc:tlvfenyfjmyarkl5wroeccj2	0.00641408114592078
did:plc:tmanijyogl2pcgowu7vw7rv3	0.00777961994662285
did:plc:tmdevxfk2m3mvf7f4xedw6hx	0.00421441998690108
did:plc:tmiihvmxvzypb2ylyv7q3stf	0.00566119901340998
did:plc:tmt6d7fdwz6hj4ewvgucugdu	0.00718954248389803
did:plc:tmxlyxjo6re2fca3eqc62ogh	0.00609657405105615
did:plc:tmxqi7pi4qbbhqidnyxkjwil	0.0042568286628807
did:plc:tnanfzgguy5vxlo4w5ce2g7m	0.00714711137702993
did:plc:tnawwpzp75ait3qtsgde5cjm	0.00561470030627651
did:plc:tnf2wegmomb6okdjess3rdgp	0.00818672705505376
did:plc:tng4wkqezsx6ty6fs3ol6o2e	0.00412735849082374
did:plc:tnhrir5jngefi4yqjqcixzd6	0.00976006507892318
did:plc:tnjrsdnzbspah7mqsji7cdn5	0.00698392074191904
did:plc:tnoxzjpc46kzl5d2e2xklybm	0.00827107791211269
did:plc:toaovrhxwrsdduxqrnf2wyzp	0.00613496932707626
did:plc:tohfnzpch7qpaf24r4vtyhev	0.0048286083098277
did:plc:tohfor2sz4uf6yr6dmtm42rz	0.00650527887545019
did:plc:toncg2krajs2axjj7pds5xub	0.00235861418319317
did:plc:toq5z7vvario5imf5zstqt4d	0.0035650623889968
did:plc:tor3txxadz4tmjfajun73tib	0.00405246880801773
did:plc:torahrtjmvzli3vzbnukyw24	0.00356887937228089
did:plc:tovmltqx6hhamvgczojojcw7	0.00426026336196888
did:plc:tp4b4ooa2am74wu5zkx34vl7	0.00535168195776889
did:plc:tp4m53yg7zrqrub5dkmkapjg	0.00531694925326725
did:plc:tpeq7wqyaxdyf3gq6gz3kutw	0.00486651835373259
did:plc:tpinidii5u3odgutmtdpud2a	0.0109235352616497
did:plc:tpjchtzt57infmxws3btuiyn	0.00631047539091127
did:plc:tpq5xrmq7tb4fhqpnhp4qxez	0.00481540931059479
did:plc:tprgdudffensado4f62s4wye	0.0160000000668234
did:plc:tprnr5qmfcafungop2n52jtc	0.00252190071679895
did:plc:tps25e22vsmwwu3lj5bahhtf	0.00354945575052886
did:plc:tpyv2iovfgf3oylxegij7vep	0.0093710953795991
did:plc:tq756et3sxboq4owzamejncq	0.00221715444071693
did:plc:tqafx4hd7b5uqayzhkilwx35	0.00898712656361796
did:plc:tqcofee4ndluolj27eqwn6sv	0.00794021485727827
did:plc:tqmx6zpdepfdor2qjwjfzoa6	0.00684273709511421
did:plc:tqpgv64qpp7hrx6ydm2ixc7p	0.00773123419088721
did:plc:tqwr5332q45foq6r3x6gj6lj	0.00608446671635967
did:plc:tqytgdat452pudrkzy74ia6l	0.00285358514141682
did:plc:tr2xcyuqxlxyx23mrq7oivqh	0.00511143857130893
did:plc:tr57rqkufzeng2fbtjgeiqwu	0.00945378151520802
did:plc:tr6yydeje4pgwvtdm2axad53	0.00933797909677814
did:plc:trfm2rvfyybomsvmhrqw7oue	0.002423067603641
did:plc:trkbaw7mi7o3h3utgiycfunc	0.00282111808411123
did:plc:trm2emprqt4r5ojv5gllfx6g	0.00240832462403924
did:plc:trm6e42qmplujrvo3rm2x6vc	0.0134453781738042
did:plc:trnkf2n3agyxxngwywimvj65	0.00405755143356389
did:plc:trtrc2bhcrguk4yqkpnnrl6s	0.0026663931906437
did:plc:trwnkrqr5pnrfejg4g2wzbcz	0.007267627184627
did:plc:trwyekse4kohygefxvljay5d	0.00510282975171698
did:plc:trx2n5sno5wtbawxjp4c457w	0.0101010101116711
did:plc:ts4gxk6cgbi5lk4rysj2tjcn	0.0180394826878539
did:plc:ts5lts535yv3xt6nzxwcxxla	0.00251107828660724
did:plc:ts67q4jh3lofuwgzbncw6xoz	0.00435064935086856
did:plc:tsbf2q4nbacfwvmex4rlw56a	0.0124610591956981
did:plc:tsmztxn5674cdh7yae3pr2ka	0.0049680624592946
did:plc:tso3s4y7fy6ecsjmckhwjdi6	0.00949313443213493
did:plc:tsuemyw2dxiu44joreqztyf6	0.00762559809110235
did:plc:tsvcmd72oxp47wtixs4qllyi	0.00476140091012294
did:plc:tswhxzwa3ry45tdsmfgxeetw	0.00493741307386237
did:plc:tsyi4seukkgr4tslnoccoei4	0.00442920417306214
did:plc:tszlvm7kufstv3qyozcpdkp6	0.00529661017249638
did:plc:tt4j6u2s6szk2wfm4t6apwtz	0.00222717149227714
did:plc:tt5gfdyj3ucwmv3u4gpy5vd3	0.00523415978023739
did:plc:tt76js6kmnwtc2fnmgthhkdn	0.00629474204078141
did:plc:ttd3svnnwks4jpet3osornnf	0.00378085151385243
did:plc:tterhxyjfw4a2kbbffpcjuaq	0.0164210526439402
did:plc:ttfndi2tqovhjgfz4gjek34i	0.00806374196446243
did:plc:ttfpqr3hckwljauxdwwryyud	0.0053542403700554
did:plc:ttk3ytgi73lei5pvb3zuv44w	0.00347255347203891
did:plc:ttod43dd4sceaxnjldsmtvpo	0.0113917781153971
did:plc:tu6snexvqftc3loipiadqjin	0.00696142991533606
did:plc:tud2quxx73tqwcgupajwihpf	0.0053877406824289
did:plc:tudgocysig4723l4mc2d6ah7	0.00483894618521135
did:plc:tufed4p4lezvkx7ksry2b7vp	0.00954139735556332
did:plc:tuq5c4bwozb4hhqevk7fsrqu	0.00630455868266265
did:plc:tuuhffu5twbdbbhcfbfmcjmf	0.0170910359808647
did:plc:tv3pk3awqcmds6skgougakik	0.00616563906205066
did:plc:tv4mghlih2fhs5iejg3o66fd	0.0103857566863627
did:plc:tv6yg2njajwtnqlflg2rdlcb	0.0023516306702752
did:plc:tv7ayhh4awtrligecenjv3rw	0.00881488736854236
did:plc:tvevj4dvib74dbxpewfp374l	0.0067965564128282
did:plc:tvfmpun2f6q5mivjxqxojas6	0.00605326876713585
did:plc:tvp2i7z6eje7mtgfg2mz5x2l	0.00422589320039335
did:plc:tvr4zufssnxafrtxatvu2c5q	0.00424742761430898
did:plc:tvzetckkl7vpvzm7sdsg6xop	0.00300119041644904
did:plc:tw3i7qenhrd6r3d5rhyklavk	0.00638353309185589
did:plc:tw5t5terwcgy3ryg72jjy7aq	0.00522897177234766
did:plc:twcrdqkkfrjvbpw7xncqp22o	0.00645781808353668
did:plc:twifx3yjuhz5avb7bcku2bo7	0.00853958605072189
did:plc:twlsvq4puw25g3abo76hy7b6	0.00392631733480808
did:plc:twnch2drro4hipktgynyccaf	0.00517844646670389
did:plc:txeitqocgutifze4pqx7myfx	0.00932666060325733
did:plc:txfgsqjpq6yhxwsde4tesibh	0.00300862852021563
did:plc:txgp24jrc4asz6vdaftj3sei	0.00375643170589073
did:plc:txmvra7vwzccxby7ql2e76zd	0.00425249169552771
did:plc:txn5ouyk4t7x6ixu2me3o62k	0.00556385982405299
did:plc:txztqimnm5dzmuvdzajnjnre	0.0060943094405238
did:plc:ty6dz4ns7wssqsn5dzdz5rij	0.00596610169700804
did:plc:ty6fizlaphajw5ymlbamflac	0.00851144316604645
did:plc:tyabix3frrd2ck4e62h72jfe	0.00900639164783443
did:plc:tybwmyfzfhwqzwhrek4ccqke	0.00606626225117309
did:plc:tydoeo5437tdskrdoptpopcm	0.00508219904611202
did:plc:tyecc34qtfafn4rwbzponc5c	0.00495262704638773
did:plc:tylf6ry3hoywzlopooiv5rtv	0.00711297071252572
did:plc:tyq74wojf5qszntaybeqciay	0.00487545858289271
did:plc:tyqtbr3u57jflwneenr4jcso	0.00512358928267006
did:plc:tys2j7wkbqhfsn4fuce7q5x4	0.00841020076333482
did:plc:tz233qomuyetqlcunofva6w7	0.00454950054491784
did:plc:tz453i5b76ycpvrrc4yk33cw	0.00580221998209579
did:plc:tzgcj6qzcup77qiufrexse4p	0.00999189847172307
did:plc:tzrixm6rejixcf7w6i7d2vlx	0.010204081642993
did:plc:tzru7xiy3okpxa6smt6gtsdf	0.00513985178167696
did:plc:tzvh5662o37ylrxvro3erhp2	0.00299920021341541
did:plc:u24lhgbsx5meqnwzih2ma533	0.00565445026424317
did:plc:u25yv4cv2mdxmof7lm6fzgz3	0.00217641787230942
did:plc:u25zceyqwfsd37csq5d23pop	0.00358565737091576
did:plc:u2cjmomkfsqvjgdlih3nuets	0.00528935905474163
did:plc:u2e4bbrr5dldp2d22ssrjpvi	0.0106647707164824
did:plc:u2ehyulzi344g5gt3ryxkyiz	0.00425170068050735
did:plc:u2g6cj7h4nreqvcezjev7ehp	0.00783728307978342
did:plc:u2h7syatv3sgsz5235zntwpx	0.00695726253674041
did:plc:u2mh2tfd3y5sncjtnf6xi5gn	0.00424982924816757
did:plc:u2n5omxow6sf6p6gwmpqi5xa	0.00449964846595228
did:plc:u2ofkpktbxmdxhg3e7lvltve	0.00491017272633163
did:plc:u2qt3qjh7gjbmw6hjds5xdoj	0.00482543287370517
did:plc:u2rpdqhbmnsa4kfez3a2ttk4	0.00496004409001486
did:plc:u2tyymqsiupggzloe4l5tbcf	0.0050574084205934
did:plc:u2vutwghjwhbiygidlngcwaq	0.00353085661693556
did:plc:u2zncpmlx3f3vboc47qjhf7i	0.00404665555847426
did:plc:u3ipax2uxnhlnfruzvhcxs2a	0.00496102055646757
did:plc:u3ndbbac6nkaavay5h2adcux	0.0115874855159252
did:plc:u3onhtfmfzmluq3326ebve6r	0.00601628546441255
did:plc:u3q6i2imqmhvvywi7xk6tfvp	0.00238504436884056
did:plc:u3qf5fh35fx4zi4rohfwmrr7	0.00668693009266653
did:plc:u3sine6mkvzclvfgt4wtsiwn	0.0037888046935645
did:plc:u3v37z7tkkosif6kew45rynw	0.00854859691859737
did:plc:u3v5v3vgzlnexqijhnxlcnku	0.00262628031186363
did:plc:u3x524zci3nls4eehimpdvyv	0.00836382645436724
did:plc:u3xxnlkidsuv45yifvtdxr7w	0.00205345955738265
did:plc:u43t6aassqvmlryophdh3ifm	0.00567230797891455
did:plc:u45ucbn7g4gpl65lm5inqlij	0.00643134908931248
did:plc:u4oqjrzwcicjz3cnpra3mmyq	0.0040593010945176
did:plc:u4xshaijkb64b3btgqpfua5y	0.00404792084093269
did:plc:u4yf3hs32iib252uam2ljwsj	0.00709384812311333
did:plc:u5337f63wov5zg3kva7fxyxx	0.00475482912416352
did:plc:u57pqdh6hdogpmhfzhcoq6hj	0.00387891495248077
did:plc:u5kg7l7tad35sqkvrs6atych	0.00352413933633339
did:plc:u5ls4gbb7a5js2fnidywdgtb	0.00623150023404805
did:plc:u5lwemeylpcnuy545svf5ldr	0.00488534396886457
did:plc:u5m3o5uhzi4c2tc7qi67wz65	0.0033788746882998
did:plc:u5mcxwugn6ddbxrubzaknpyb	0.00417496916240837
did:plc:u5ntqoyf2rmkavcdfo2swj5r	0.00914634146629036
did:plc:u5pijbe5u7lspb6od3t5g3m4	0.00881242132088377
did:plc:u5wttrel7cxsxswwb6xhyw2j	0.00312345173730986
did:plc:u5zjd7zwhbkn35whajebnx2u	0.00369244135715952
did:plc:u672qpo74vafwze27g46lubf	0.00267379679164377
did:plc:u67lb2lpzg72bvxgdubeotbs	0.00639296773718812
did:plc:u67xt6uespmlbxoum7sz4jd3	0.00289224070922127
did:plc:u6aplbwy4lgrcd4jeqafdkma	0.00472551052475588
did:plc:u6c6pjov3uwlkqmatgjsse74	0.00915693085224998
did:plc:u6l6tov6usesgusz6fpwopaa	0.0083391243957387
did:plc:u6n7kz66lpixwong7f5adq5m	0.00994539781600201
did:plc:u6p6jpf7glwqgvbmzdudke5o	0.00744680851598619
did:plc:u6qigbn2y3do7rvtulxzmvdq	0.00644641418376609
did:plc:u6tsgmnf52hqzfrxoav6laqo	0.00571193754091328
did:plc:u6tvyncb3gr5eoklpjgxh2vv	0.00594965675268247
did:plc:u6xvtah24mhwfeixyazatqfe	0.00465838509405681
did:plc:u75rzjui2ibb3ty2hst6fbuo	0.00212871638410433
did:plc:u7aoytb5msldcpbywbiozknn	0.00496939579784361
did:plc:u7hnru7kfe3x27idjvnj3gt7	0.00446070122324742
did:plc:u7l6co2v5gp2pwauncwutsba	0.0106937208754446
did:plc:u7wuj7ulonosd4kr7uoryqxy	0.002468964078363
did:plc:u7z624n3yiwifqdkznewh2bp	0.00361197110462008
did:plc:uac4vb3z6yxi7idgvnh4m55i	0.00347856335377215
did:plc:uapdhjnoio43dgc4fihkrvjj	0.00596435757611016
did:plc:uapx6fobawg7obq3ptb365qb	0.00452354468024597
did:plc:uaqrbgd3lq63dlwfffck4elv	0.00766843162804579
did:plc:uavnth3b2hfopy7kqbpsbc76	0.00474914758973249
did:plc:ub5uc5kucgmpmdubftqs63r3	0.0040181464681995
did:plc:ubgit6dc7iwrk2wyqdmhbqqz	0.00441764981134682
did:plc:ubiblr67a7gqnl7ztt3m6aeb	0.00809935205598544
did:plc:ubilkw42c67ffyccknvwzyd4	0.00392364793243264
did:plc:ubjmym2jki6hbkmq4x4cx4fw	0.00667246881495184
did:plc:uboeaoexdr24yianwpismput	0.005079088666513
did:plc:ubpflavqz3sf62wywqhoumtk	0.0131480090398894
did:plc:ubtfndd4df6gj2vtxela2kkh	0.00650557620850038
did:plc:ubvfztefteoevngfimyimhvk	0.0126444299377335
did:plc:uc2f5ayy66mhus5zlo5djxyp	0.00457951707004586
did:plc:uc5jnpkunblpkve4gormxey2	0.00738518347674875
did:plc:uc7p7puuejcay3vxcu3rpugv	0.00590230665073749
did:plc:uc7xvb2eiyrsuaefwhgikqtx	0.0054444163080366
did:plc:ucemecsf3q4nypk55dtzniy3	0.00396063735941304
did:plc:ucfjuilvd3jrqvpb3p4xww6o	0.00712489522335153
did:plc:uciwh5c2qs3xqtjfxdn5jq63	0.00593952484013429
did:plc:uckmson6fykcu24ergv46mjg	0.00219186088997167
did:plc:uckq3r2va6zkc765knnvv35t	0.00214654920757563
did:plc:uclalyqxgfxo7xktuvrzbj7m	0.00502103406231666
did:plc:ucrzajhdbkdlssoqb5owhn7n	0.00382615520455475
did:plc:ucschfjswlzperrdoy5zwbpz	0.00374173077533595
did:plc:uctkqkzmi5n54ekd2fw4ipxc	0.00897247865027331
did:plc:ucuwlnl4irs762gynzrut4vx	0.00416068866596159
did:plc:ucwjleevh3u7yq4safl6dnsa	0.00620081087712994
did:plc:ud34fhalb72sfe6gywayzrpp	0.00726354018747884
did:plc:ud7fiwatmvsf5gvoyihbxg4p	0.012774751106511
did:plc:udbyyruasd3p6ylspazcf3p7	0.00556620129832233
did:plc:udfi5ubwtlbvuvyzqazki6yx	0.0104826381401307
did:plc:udgxkuno6zg7clrpt44z6cn7	0.00419449553149423
did:plc:udhsiwf7vvcoxtyym5t2m5ys	0.0032965783795095
did:plc:udlc4pqxajuljgj4ryozmjht	0.00493487117765495
did:plc:udnac33pmf2iwcblpeai5a5p	0.00531381000236634
did:plc:udpqaub4bryi7xum62kytp5m	0.00349702014523614
did:plc:udzmpgzifbyhhyynnqz2votw	0.00667177075507331
did:plc:ue3uhkutvmcfgnledwltw4wr	0.00268122187111776
did:plc:uec67uirpmfejpwaiyd3y662	0.00247249015105171
did:plc:uefqjxxvtk3mar7pnfqplfox	0.00816181689546682
did:plc:uegvz5sgmp5h3yxv4nvf6ct7	0.0120300751892299
did:plc:uenrj6fk53mgqzqsftpsj2ta	0.00777950656169905
did:plc:uepfie64ne3qe2mnpmcjrthy	0.00727224646419284
did:plc:ueq7sfdyx3t77uwccpcynucr	0.00350204285841964
did:plc:uerh36xthm6znnu35vs2a7u6	0.00479696034277446
did:plc:uf6kjlhqizy7i7qogzmwbbye	0.00328562041094982
did:plc:ufbewtaza2f5d5zlqv3bc3wk	0.00319883874100758
did:plc:ufh2got7ev3moxc4dvubyakr	0.00398031553190816
did:plc:ufi6cesnyqy7ymyk2q65vuml	0.00368119167916134
did:plc:ufkk6gqbqhqgfultnwjwvv26	0.00506512301081886
did:plc:uflos7o7xpe3ijhmgsrphpuk	0.00478428022622494
did:plc:ufuqds3n2bf7yfe6oigqrltc	0.003788135020291
did:plc:ufw46p4u3pvhdq2wrledkess	0.00233933763356622
did:plc:ufwkrz5vizayuo65afep6hmu	0.00218752508631219
did:plc:ugdawwyzrah4pj7vucseert2	0.00952842377515184
did:plc:ughfp4x2ffx5mirc2pw2a3rx	0.00938431854326839
did:plc:uglr4o6yzyixqnuvvbhnp2my	0.00277366863923115
did:plc:ugmnzvzql3fk5gzmfzd34b4n	0.00321118515477477
did:plc:ugr7pzraost3npaje3ja2i5d	0.00307757937729919
did:plc:ugubqzlijr4e6tv5qba6einw	0.00810870042052789
did:plc:uguij7kcbujo5n6kgils7zkj	0.0132334582009251
did:plc:ugxwsqhcwiohknntnkwygfyp	0.00665535691132894
did:plc:uh5cvbj2rawczkyd3cqbiboa	0.00714017286855766
did:plc:uhe77pwtcgzicuv2cfzfiya3	0.00748256183152342
did:plc:uhmakck6jq5mu2kkcpuctwag	0.00600480384309088
did:plc:uhmxtkk6lqq6fufdf4pyj4kb	0.00381076308371846
did:plc:uholr42vi7e6qeh6rlssl5ci	0.00627455579843012
did:plc:uhrooexr7gh7kwczlzg46kcx	0.00888985256167614
did:plc:uhtan3cxhlfyezzlx7fh4bxq	0.0022868673281308
did:plc:ui2jwb2fdw4k4eacwigeczow	0.00712337071962275
did:plc:ui2ny3klqd2movwx52udrvce	0.00660954713129425
did:plc:ui7ntofkzjcwit463fz5nj5u	0.00642523364653128
did:plc:uiccij5sot4xvvucircsrots	0.00217683293972868
did:plc:uihhujj6cadrodmuonx7775r	0.00867807893822448
did:plc:uii6uwaojabtj66hxjerhs5w	0.00357462019700576
did:plc:ujahahx7rnrvjw26vymimk7s	0.00236423387007384
did:plc:ujcmadcrgz6w2q45slzybilh	0.00656317051778592
did:plc:ujg5auws5nrtmbzymiax6ifn	0.00664556962176237
did:plc:ujhptyl7gjvz7wmr6pslc5x3	0.00554468362948968
did:plc:ujkj4rarga64ut3kzgibrl44	0.00243344125715132
did:plc:ujmcwwq33dm6f56tmfmyy5ai	0.00486618004943994
did:plc:ujmupda7be75jq2r3sprisjg	0.00713617220524094
did:plc:ujoluwyzxgdefilzpts3syhe	0.0118124769354115
did:plc:ujrocllvk4pxcwxia744ty4r	0.00507131537311077
did:plc:ujyajw7pzuu7owcv4hdp7kqp	0.0157016683163994
did:plc:uk5v3c2qxxbizsbuube6am5e	0.00486641221451848
did:plc:ukcoabzxwea2ax2mm45rbo6b	0.00387028809757214
did:plc:ukfqhd37oox35wjlfgtmjnof	0.00355260142144999
did:plc:ukm4yark6tmktkhdnscir6si	0.00664084117472773
did:plc:ukq7gndxnzyhm7oyvy2p4q4o	0.00305128908405922
did:plc:ukv5wvbryt5egtfu7jlao2l7	0.00608650608690003
did:plc:ukzec7idhxjpgi2ic65tlpja	0.0157760814388792
did:plc:ukzyde6xpmjmcpumfrbgzwdl	0.0062944545872891
did:plc:ul2j5tkvoi2b2r55oqteviqn	0.00364436066641664
did:plc:ul4vozyxvw7vfekchx2ksyl4	0.00428483169602658
did:plc:ul5ay7rfz6uz6oitjn3hw2e2	0.00356110803041311
did:plc:uldn5uutdqaxw3esqzosx5cf	0.00324675324675758
did:plc:uldplypwcdp6ii2keqd2jnin	0.00786876500852875
did:plc:um4hwmfxyadbmkszdmn5gxal	0.00498564737948075
did:plc:um7nbqe5io4mx3lkaqwwfq6z	0.0155440414536927
did:plc:umamrho2vsxkef6dbmx6m3nf	0.00483844513774443
did:plc:umb7um3mvi2feqggtrp7lqzs	0.00531050178882639
did:plc:umc2yln6sl77z65gvgeoznjc	0.00226057055534133
did:plc:umcci7fqnufomhs2d3j6f46h	0.0062613613429508
did:plc:umekf6jpjiusq6nj76byjqcg	0.00425364832167984
did:plc:umgmaq6ibcxdaxao5xewlb3c	0.00519530498364951
did:plc:umj5rmlns7l5ztmkdvg4aww7	0.00763512156413141
did:plc:uml3it7p6aqcfgkhldtlfivs	0.00340971085661239
did:plc:ummic3u63c6b6d6eo3rjkl63	0.00242600679287367
did:plc:umngeyf4yvv2i5fesu3vcea5	0.00482082596898325
did:plc:umw2ray5vqthnh5fyxfddytz	0.00343627472621286
did:plc:ungdwnfvunz2oh3i3vl4nwqb	0.00299482711693785
did:plc:unh4gherag3yrc4fenijyep6	0.00394591067094899
did:plc:unke7df6kdixrbtlqbvcwp2g	0.00612729773858143
did:plc:unpwid3vp3jormtyn6lo4tre	0.00806018270168524
did:plc:unqg4rch4w2f3akfivkcsddr	0.00413467217981921
did:plc:unvymmgwp4y5vvhc76ltzcsk	0.00535666458642282
did:plc:uo2iz6dk6xfruxp42rdzg3ab	0.00347222222266179
did:plc:uodnp6b6fcai4d3beku35uxb	0.0251665433869976
did:plc:uoe6dg7fgmzxuuoka3mcudyj	0.00445997175452802
did:plc:uojkt5hmipe2asxivjggn5a7	0.0053893532776076
did:plc:uonrnscbn2ldoc7wnhhsj5l6	0.00640384230707167
did:plc:uopv2bul3ng72v3zju7xjt6e	0.0110591237852314
did:plc:uorgjksbdjjjif34cbohq6la	0.00748538012222412
did:plc:uoze3veuqqg2x222wcow7v7m	0.0058470764639939
did:plc:uphebv7z2ixvfux3txefwbqq	0.00714187611713182
did:plc:upjpbrcsjo324tvcdatwddhs	0.00227937495065853
did:plc:upkaglprt7hct7w2xr2b2jro	0.00390965460597722
did:plc:uplkpubfx22vexa2wi3l64fn	0.00476277706622748
did:plc:upmws6ouf6hzsivlp3bpvzex	0.00469656506210673
did:plc:upr3owqxjzfwri7eaw6zlppm	0.00220576650393467
did:plc:upv44szekk6wmw7miplosxcn	0.00837628866054366
did:plc:uq3szjkhz423ej3fhh23r3n2	0.00755667506808868
did:plc:uq52aljwhklzthkfssdlnube	0.00442179420024847
did:plc:uq5tyv5xxfpshnzl6c3ich2c	0.00317516316822344
did:plc:uqhefpe2uv3il6bg5nggkycg	0.00266869996207685
did:plc:uqiy36fssc36h6hehdpckl2w	0.00379071009109842
did:plc:uqj3qefh5mr3tnayo25ugxil	0.00615258408722207
did:plc:uqk2g2w7z5n5z4hpdbwgtlxi	0.00921289806009374
did:plc:uqkoa5mq5wqjiuv2lit5b7sz	0.00699712749631957
did:plc:uqloqqw3kxratvhlzcwxqszd	0.00712807542085749
did:plc:uqnplxb2col3qkcx5iys6oa6	0.00483383685816487
did:plc:uqpmjrpr6u37eopxh42bbxy4	0.00726127747653378
did:plc:uqq3gt2mcx46xzclid2izruf	0.0067278287476314
did:plc:uqqzjnzt7qmkdd2e5i6so4g7	0.00224724839762881
did:plc:uqtyghex6qaez5ytme5ub4ck	0.00407312683532885
did:plc:uqu5m4ocwn53upz6i2deqo5u	0.00600600600805688
did:plc:uqvlxwq2lvhki66r5nojcq3p	0.00308333333346071
did:plc:ur2rcygfdy6frzadgmfp4pny	0.0076906643928031
did:plc:uraeimvcukb4r7327szof3cq	0.0359477125653275
did:plc:urcgyckcmwat5ypg3nxur2k7	0.00531820599243899
did:plc:urfeshmwlpukgoq2keunzz3t	0.00327403688758783
did:plc:urhtkh2vxpqz76kc7wrhxoug	0.00856164383912608
did:plc:urprotmysvvr4jfqstrhsyxd	0.00457563014191094
did:plc:urrt5nn7cp2hyop3wrn3ytj3	0.00893817760798186
did:plc:usccozhvhqwwbeef3qubec3z	0.00593983521959561
did:plc:usey5ybzmpg5fgzn55ay6xfp	0.00281690140862008
did:plc:usglohqysqawyhpspgg3hemf	0.00342283859591547
did:plc:usjkd2y5yrlda7evj2hqo6qi	0.0110991765528477
did:plc:usoux55craowje5hocxrvr4p	0.0105596620926784
did:plc:uszjfzwna546deepvdyh44lc	0.00557731102419196
did:plc:uszmlwqr2vwqufp5vhrh7ild	0.00307869040845152
did:plc:ut2nssiyhamrbtg56n7zsghw	0.00368657416753444
did:plc:ut7mv4umw2ypuy4dssvmoepg	0.00324398156063452
did:plc:utacqdbqkznxplviompuztfk	0.00491803278763861
did:plc:utbkqr64fx753ggrb3gdmqov	0.00624683437629276
did:plc:utqvcvrtodc6hfycu3mmrfcv	0.0151114469369107
did:plc:utsrjrf2p4ieflvxptd6ip5x	0.00443302280861594
did:plc:utv6x3wob6smk3uhqzzwk7ds	0.00595144871001762
did:plc:utvqk35mbassrbjpr5h5gsts	0.00391366570315699
did:plc:utw3m4h5idykzy73frcwvbyr	0.00623028997952908
did:plc:uuf7hspqc7xnetx64wbuujs7	0.00480665370493618
did:plc:uukol3aqdpxl7cal2ed434k2	0.00533969011020223
did:plc:uum4zhj7fyzwl76cimucf5zp	0.00524440926244403
did:plc:uurbqolmugmtepoblpmfdphz	0.00402900886409704
did:plc:uushlh3qpavstvm6ksn6bfke	0.0034673905609269
did:plc:uuwgskxyiavshovv7r66fdo4	0.0049586776866851
did:plc:uuxmnmoqnxnplb3vj5tjyzg5	0.00451818960914014
did:plc:uv3h2sgq7inp3ueomlub2chc	0.00545966889804713
did:plc:uv7w727rx7w47bidtifrroub	0.00494471915121215
did:plc:uves3nrcrj6kmwqulc2bimzm	0.00310248646403615
did:plc:uvmb3tccxlxz46zob3rx32sk	0.0068115471945714
did:plc:uvqqjp2x5bx4yqa7zos2cg2f	0.00239961606148679
did:plc:uvucjnliti6d3iujvsanvyxr	0.00256950511336059
did:plc:uvxdqqyt3rz6o7ygbprhd3eu	0.0032797961745653
did:plc:uw4rjylw6rcf3roralhdpkyg	0.00638850070044302
did:plc:uwaaxi6wp7psfyc5il7pjj4g	0.00806275877518077
did:plc:uwhav54qnmcz7emwiyqwyygv	0.00462633452048104
did:plc:uwlboa4ea5zdnmw4tk6gktjj	0.00820344545108047
did:plc:uwmtyllehgpdjqoitwciny3m	0.00602296254673508
did:plc:uwqah2ep2aznl62iraggll4l	0.0115779027809645
did:plc:uwu5ua5ad6byzkdermqwrkl4	0.00374251497040833
did:plc:uwznf72qerfkxkb764jycpdd	0.0028569280506845
did:plc:uxczscmia4kafyavugzekxb7	0.00436187399052443
did:plc:uxep5uckhrgjpu7gmodlkej6	0.0042076790144438
did:plc:uxfr2qucpzc6lum3iyguhw44	0.00628683693695248
did:plc:uxm2v6qf5ljcgapotrb4vgwz	0.0072550081224351
did:plc:uxoxnmmz4zhre323sh266psn	0.00455901856858899
did:plc:uxp47xg3bjtbyppf6vnmdfbo	0.00202894630057428
did:plc:uxyyegscu4qit4evbgiswfhg	0.00401767778252182
did:plc:uxzs464s4b6zadd37lczavkg	0.00285257165539229
did:plc:uyd4x6r3bpng6gei4cx5m5ho	0.0102293351034822
did:plc:uyiualzi6o4k6dezmr4snj3l	0.0100662902145531
did:plc:uystm4kwtvfxaknrb3odrjhf	0.00302206104566026
did:plc:uyyxyfospq3wuyhdeakbznsg	0.00300651411405137
did:plc:uz3hjj5yhkrjinhynqb3w7eo	0.011828935402442
did:plc:uz3ruesfsccca7jqraiggumi	0.00427402613284842
did:plc:uz5l4n4mvrdao272ttrw7ngp	0.00474458326760447
did:plc:uz5sqdubxbh4jnki64mmf7na	0.00776531493137321
did:plc:uz73bxkkdtw7bgeb35wfstkt	0.0054390054395598
did:plc:uzmpfxsdeikywmatkgcpgyh2	0.00852338171284096
did:plc:uzmz7p2l26zdftgbxstjuxq4	0.00689843590053513
did:plc:uzshcz2ywad3hthadnn3htoc	0.00602798708491309
did:plc:uzvwo6e6dsaecdqyqyzeijzs	0.00635424940435827
did:plc:uzwynznfsovoan2zfrcxbuy5	0.0039093309560331
did:plc:uzxue7n2nfh42epjqkpkubrt	0.00288698837459599
did:plc:uzzzovdjymwebrmth2sgq5po	0.00642756138488084
did:plc:v223sejcl2m35i6csjxdsvii	0.00767106474867579
did:plc:v26yk76g7xy7lco6pfseh6ub	0.00253281604925656
did:plc:v2hj3xiqip5c6dzes6vyq6pu	0.00318035296529798
did:plc:v2kjh3cuhmpz4hpm4kk46vvb	0.00739371534742413
did:plc:v3cabwtpzzrcybyi25cvoio7	0.0096649484560436
did:plc:v3dlvvkdgec66lmqevk4tvwe	0.00649008945961121
did:plc:v3ioqfa2dobq7jk46yjwmpnf	0.00639269406562432
did:plc:v3noooabrxwy24rpg6ve4r6l	0.00415102922906089
did:plc:v3z44c7cazjojizgjouqpuis	0.00639970744363726
did:plc:v45fgatnaw2ijmyiwmvw7frk	0.00724637681275573
did:plc:v46nn4a5keoxcnjradofoos3	0.0050387942568063
did:plc:v4b5krs6zdhmnctvbn3qpply	0.00393184797004129
did:plc:v4g4efszhx5xgxnyivblqx5k	0.00603032391656758
did:plc:v4hlrdoriduqceynnasyxlcz	0.00370807348727743
did:plc:v4sqjuimbtyadxcqkpsa4ckp	0.0043541364298268
did:plc:v4ttcavt5dneie3vodwhwyw5	0.00222243540554729
did:plc:v4tvooom26wjflr2qdl7p5gs	0.00371241183200532
did:plc:v4vezdb55dllpfmx55333ujj	0.00602603246225845
did:plc:v4waqfm5adqzh445iepcqrc6	0.00359586743632618
did:plc:v4z3leu5pw5ndv3m2y56yade	0.00779618544249551
did:plc:v5iba35hadguzjet6oucevil	0.00692880651440824
did:plc:v5ileufqy624hirvyitppnuv	0.00605487228203892
did:plc:v5nc7sqoxcfbgwwjg7eef53s	0.00342185524110568
did:plc:v5ofuhktvvquyegi7d75dndp	0.00666767692223967
did:plc:v5sqkltvhhv6stadfzvqsmbr	0.00798258345861712
did:plc:v5vddenlnt3uyuoeaglvs36w	0.00445825452682082
did:plc:v5wiif3ghxxc577bvfaycdgz	0.00593450069814847
did:plc:v67opitqsu7mt3xsqivdg7ow	0.00606389718725769
did:plc:v6hkwlrkoi34v4zsanhwft2d	0.00346585117271527
did:plc:v6jprbkjprkdh2imajxnowuj	0.00499540652345605
did:plc:v6kiokx7kagl5idhh5bebizd	0.00365651602619857
did:plc:v6mbugwh4smncxyxbvywnloi	0.0111750762015658
did:plc:v6s2m37smtf3i5yni6zfiybv	0.00918422474622207
did:plc:v6xsp77ywo6bireftqz7kway	0.00403480015158133
did:plc:v72h3umuc25hlojedxb75orc	0.0144800351211553
did:plc:v74ba2gx3vas2alzeflap4cp	0.00394793000456351
did:plc:v7ddg6zrks2yj5fl3ol2qgjv	0.00376956486144051
did:plc:v7dg2wu5nyq4uzdh2ysvpjxw	0.00511481698612316
did:plc:v7lcupujyjlqkzw7x3amzl2m	0.00899965386248631
did:plc:v7rewc4ewamzui7a7q5p4gsf	0.00833333333714116
did:plc:v7sc7xdyvj7mssp7q7wsvdkw	0.0110864745091638
did:plc:v7ulksg7z3jdlns3nqsqyyfd	0.010782347049882
did:plc:vaged6uocai4jrd2s5pd2ebo	0.00477036759974183
did:plc:vaghvo334agmrfo6wvrpa37u	0.00296577946782455
did:plc:vagvnxywiqbnrog35b2texvv	0.0105688529779065
did:plc:vahxxhgi46qgjigkfdqbyhdf	0.00265280135843931
did:plc:vai25padgfv2ci74hnahiwh4	0.0120259019741778
did:plc:vansg7sm4fsrj6eckq4xf3tw	0.00237137849268695
did:plc:vaqwhe4vwaijafi6nkicn4dq	0.00267758702177722
did:plc:vateqksz5aksd5pco37xvdbg	0.0151447661627567
did:plc:vawhdyqbbjaz776i5r5sshkb	0.00899634523535293
did:plc:vb4xqvhjck3622o2wohq2lxu	0.00256110054153572
did:plc:vbkiziuhvc3uj2bfv7xsmooo	0.00861295532374122
did:plc:vbvjfdid7y3fppq55nxpyyvw	0.00342857142902862
did:plc:vbwaroimog2b7py4oioufq4f	0.00531914893676347
did:plc:vbz5nkrpwo6ja2wi4lpf4lvm	0.00317136498527983
did:plc:vc2bcbrcwuf4js774djvfykr	0.00582627118653064
did:plc:vc46qfk36nlr3hpcfyjf5paz	0.00604465243256559
did:plc:vcco63v2fzdhsqh25wn2iccu	0.00434123484035298
did:plc:vcealrmogrqanjkwqsoyjslo	0.0128301887051982
did:plc:vckf3haopb3yncclmf7o2m3f	0.00510586152970733
did:plc:vcy4rwxgl6yxst2657jikmph	0.00589925881323804
did:plc:vcytrxdceh3vevf3j3bads7n	0.00893547555940449
did:plc:vcz7lc5gzcd4yilv3hyy5bc4	0.00520135550540302
did:plc:vdblmhicelyjbpwo3leyjc4u	0.00441441135627254
did:plc:vdclofrjbrav6gv5fjeu2hrh	0.00513622152812759
did:plc:vdm3ge7s67nbzarv4txvabzz	0.00346093340369521
did:plc:vdn7sjsz32l5ecrdib6dfetz	0.0066287074096609
did:plc:vdpnsql4nsm7cxlt7wm3qhh4	0.00665828216470239
did:plc:vdrtnf36fzragowqjdm4hwge	0.00777604977141119
did:plc:vdts3nwhhh573x5osphb4po4	0.0070325427481001
did:plc:vduoyby2ge3bzmk3htia54kr	0.00691085003589485
did:plc:vdvqkslkxviylkpbxd33vejw	0.00296884800348865
did:plc:vdwh5r3vir6ezicoz274jrjk	0.0038515855697116
did:plc:ve5xhnp3hh2u2oe3orm7fz27	0.00218491260357281
did:plc:vealvkbyfa6x36x3skwbz24z	0.00573465592300465
did:plc:vegcjpiqy57df7ui62tsgvds	0.00395337741151364
did:plc:venazzc4qevyqgyoaldonybg	0.00369585303585329
did:plc:vetoklwxbcvudb5rqeyipkno	0.00573457127488867
did:plc:vf3zr5ihsr2l6c3k2j66dbga	0.00821767714056792
did:plc:vfffihwmfa5dcofarra5ma7q	0.00730737212099694
did:plc:vfhyclxfsgc7t7b52cnc2mz4	0.00268464854796045
did:plc:vfjvj7k3pwvhuh6qodq2up7a	0.00307207562045181
did:plc:vfngq2oeao2aq7aha4jpmehh	0.00406205923971716
did:plc:vfq2agslg2sbjzekt7tnist7	0.00447540332868403
did:plc:vg27v7brvq54hy46ozycmvej	0.00308761096102399
did:plc:vg37o7v7oxo7537z623u3qgq	0.00333136972119936
did:plc:vg7kwh66etbl2dup6jow4wqg	0.00204904036619051
did:plc:vgdt3mmsebq36hvqnur3vqmx	0.00841705133533472
did:plc:vgdudujxsricdt4pnoy4lp52	0.00632673043784407
did:plc:vgfkgyp5fiafr5d4htk4wilu	0.00610997963534805
did:plc:vgi4zvwd74hao2bwmb344xfx	0.00281717743335323
did:plc:vgimst4h2m5pysv4ee4glprq	0.00660445082709419
did:plc:vgjroyhzhn4gjzuioddigbox	0.00245673418162392
did:plc:vgjxrcwceswbvan4xubdtuav	0.0113277133900578
did:plc:vgkirkwivck5nbjsgs25s7d7	0.00220143093011958
did:plc:vgwy2b3rrcewfdazrkanjbg4	0.00381838378228322
did:plc:vgziyctu2qwak3scbz3mdorp	0.0151836158348515
did:plc:vgzp5mjg2fivpmgr7ca6vj5g	0.00207468879677191
did:plc:vhhfsyzoqi7hfbjc662iquf4	0.00792891319649585
did:plc:vhllgaxgmxsf34tienzxkdfn	0.00777851022222281
did:plc:vhov6fumlg7cetxoqoib7pdv	0.0133185349843497
did:plc:vhqhnpgk2ujxxhdywa2p7tks	0.00861850445319621
did:plc:vhsh3xabkvmwxv3pnqm7ikxg	0.00214616514184151
did:plc:vhtgu4qhc6gwbyzwkk2r4ok4	0.00333507034923984
did:plc:vhtke4indgrmbhkqcfmj5oiz	0.0064317941909177
did:plc:vi3hr4f74cc4fualzzhukhpr	0.00881801126024647
did:plc:vigjrjdxctfd2xk6wnxgohq4	0.00445677766667561
did:plc:viln4moacon4yteffpouyoxb	0.00503759677071163
did:plc:virdhd2fozccoyzrkhxxnbvw	0.00608772187375961
did:plc:virqvklzkz36sqpnxfr6kkre	0.00438022640758129
did:plc:vise7kq5ksqholbwlsj7jajr	0.00345079301922838
did:plc:vixwqlvbxg5w6zjurcd2skzv	0.00539606035262154
did:plc:vj2nwlvwybwyows4bgzut54a	0.00406602743078325
did:plc:vjbbhtppe6w46lzxr3evwvs5	0.00501405455038691
did:plc:vjem5hzzzc7l6qivsymoaeyn	0.00747637184898575
did:plc:vjeuo5yscs73t7xe22hcncvk	0.00436469447160406
did:plc:vjhvseag2wq3m7ndthzreow7	0.0107091861107963
did:plc:vjmmwldh4q2ttsdulxkma6ln	0.0098765432212842
did:plc:vjrdjt2hrbfnwibkpgq3n2uq	0.0154320987803298
did:plc:vjw32gukji2z62pn3tvdfah4	0.00547112462060531
did:plc:vjykxf2zk63tbvtao3ilfwne	0.00258302583048156
did:plc:vk3e7wakwbf3woydgwu7vyco	0.00434801704093287
did:plc:vk4tv62umcazajrs2jcacm2z	0.00396781659875763
did:plc:vk5uxyzxkkrybpwvmuheivpj	0.0082143555682247
did:plc:vk67utkfnfaxrnhe2bvax2c7	0.0125391849532005
did:plc:vk7oauzy2ulf55jjk7dwr243	0.00802306631992736
did:plc:vkedlhbxg2hlg7axyqz7g3wa	0.0108588351517135
did:plc:vkekucq4wruck6yhbez426ef	0.00383740761828727
did:plc:vkflrzaxmc7oncgb26tboaqq	0.00201464491885323
did:plc:vkjdesbos46pamfph3gdwdvl	0.00802292263627396
did:plc:vkmsx26gyhzju7z7v4xkrdpx	0.00574712643912598
did:plc:vksp4kdt6b25fe5rrmoeopgd	0.00530914386322636
did:plc:vkustvm2sxwqx6cmmxbxhxh4	0.00249660954264629
did:plc:vkxvchjaproiv25lmkbzomff	0.00473299722278337
did:plc:vl6lox6jscyjorhf3sretrg2	0.00302158974622473
did:plc:vlaepq2aogia5sswcgcrsirq	0.0141294439418966
did:plc:vlefprgtojul7nmxn44p7ufs	0.00633443578850447
did:plc:vloirphoaevj2zigferjj6d2	0.0145199064126423
did:plc:vltsowclnhy3dh73u2blz73e	0.00508366023605045
did:plc:vm4ykyu73hzwchaidhzwiw3y	0.00625441339655289
did:plc:vmba3wnwga6a5wqigw3zl2lx	0.00211503251476467
did:plc:vmdv3ox326sepfkfko7nandi	0.0037976234230943
did:plc:vmgvyoepkmu6kkyizi5ez66q	0.00490021382827423
did:plc:vmh434xal5xkyp5qzimzzy45	0.00373925332712205
did:plc:vmk27eebqnuq6klbzgvh4u4x	0.00447587724821662
did:plc:vmqaqj4analzfkfnaccgtrrx	0.00380083618429266
did:plc:vmt7o7y6titkqzzxav247zrn	0.00418888042655344
did:plc:vmuajlfaaaxdwy24fsnuzn35	0.00203126923552375
did:plc:vmvfjiq64l4zjxj6omfqalwm	0.00504795557868669
did:plc:vn3cruuaeuu3f7uiw72ewsby	0.00523338048152858
did:plc:vnb2gmg3qupnsx3ijqcqoanx	0.00941046223295827
did:plc:vneuylgbcwpyhb6iazhidtzl	0.00531144374757801
did:plc:vngylvy5uaveg5vo746wdn7n	0.00278043879547548
did:plc:vnjkbpezk4wqvds7v45lmvqr	0.00521966072268142
did:plc:vnjo7ikcl7mc6xohvz3qngjd	0.00693819863938198
did:plc:vnnvtufz66takmbsxbdplstz	0.00448650543387518
did:plc:vnpdnlarb2za4jnhhhtndjz3	0.00826165686221532
did:plc:vnqy25nt5jqtskfieukwmzbm	0.00632608580261331
did:plc:vnugkkp3sgjlbk7ztb4fyrin	0.00474508938508227
did:plc:vnvlbi7tpevsbnr73v3xrwjr	0.00433275563280432
did:plc:vnyn5n5j32grgqzjkonouao5	0.00390864500337033
did:plc:vnyok56vsv6ccsyudyvlgxfq	0.00363170262802607
did:plc:vo5pouxyyh6xisdhitk4e3df	0.00546002259374484
did:plc:voh2ygpcsirbigpblifzl5cf	0.00693730729834472
did:plc:vokmnsadz4gpuqxdlwvp43kv	0.00743955363214606
did:plc:von7dlxw3um6xzszsecvdzvz	0.00583872495094836
did:plc:vopm2pcuzfmormkxlithewrd	0.00887802367787561
did:plc:voq2grvt74umlmjiwk3vsjhq	0.0224514564314673
did:plc:vou7hbazjylqkvck6bnrjjpy	0.00686432014026212
did:plc:vovqukx54xet4gnocilmbdzu	0.00917197452514456
did:plc:vowg6ptimhcdamrazevt5abo	0.00552104899931411
did:plc:vowqeqyyl2xv3one3ysjpwha	0.00526102792453087
did:plc:vp4om2o2jkltf6k46wnitrqw	0.00204704337424107
did:plc:vp7cwkrerl3piw5psvqidkwj	0.00422372968154046
did:plc:vpglhpdjrlu5i37lhy22gjdg	0.0204439253936633
did:plc:vphxy673txvtwvbtecjf5bql	0.00741509713885597
did:plc:vpoeovmcdz2sm26uk4zxpfyk	0.00471667635932335
did:plc:vps6gnmaujivq4ngvifunv22	0.00442811381298483
did:plc:vpyemcmve2oollhc4vnblazv	0.0045177320994631
did:plc:vq2kf3r6badyvz6bn42foysr	0.00496462703312619
did:plc:vq4dw7a6umjxneqwvkqljqbr	0.00586711771455446
did:plc:vq5s7pmjzrx4wqbuebz35x33	0.00639478764648334
did:plc:vqamsadte2itkoin3ldskijh	0.00378923285941878
did:plc:vqazwbmbp4gpioaim3rxusvv	0.0090976882952415
did:plc:vqrw24iuyejsep2dnwsoh7cz	0.00430985076018071
did:plc:vqtoec3o2efmwapm72kxdrio	0.00815370953825572
did:plc:vqyhh3ajdlni3fl25lfbp7sn	0.0036312147444847
did:plc:vr3dg2oaakxjmmm5yaatr42z	0.00578078649351789
did:plc:vr7djaz35s7zw3ozth62aqhk	0.00478468899603463
did:plc:vravfqpf7mrdyae53xwfhe3h	0.00923662048635608
did:plc:vrlhsv6jmwyi5ai3xkrffqri	0.00318781546101974
did:plc:vrsqtlkyscwgitxq4jbdwgdg	0.00325697535608966
did:plc:vrsr4v3q3berkubeh5sxijyc	0.00992260370245746
did:plc:vrvdpj7oehyo65maor5qdjzu	0.00213255279121867
did:plc:vs3h2wzdxzdutmnz5vgvqruj	0.0124559342007386
did:plc:vs7qu2eszulnzonk4jprere3	0.00317512679947585
did:plc:vs7ypluq4kj7cdkk7qzllbwn	0.00516557513209405
did:plc:vsasr2qvk46dgqmkb62zrfg7	0.00521868787288916
did:plc:vscfqqlbrr6zmtx434yjitnm	0.00600829313905452
did:plc:vse2xstu67v5cmwo2iwliaha	0.00517309988384947
did:plc:vskxretvovj2meyfycwhkoci	0.00824295012813598
did:plc:vslbsw6cg3alxdlcazloxuaj	0.00419815281398528
did:plc:vsqmae2ypartqd64wnmgvbc3	0.0106541129922315
did:plc:vsrzes4yfdyqhj5mt3qxrtr4	0.00444238778446175
did:plc:vt4tpn6ouehp6vs2oqyaq23q	0.0145132744258634
did:plc:vtchf4g4ufdwblmgmuarydkw	0.00434956504371503
did:plc:vtgczumo5eaxnrtcj2qahg2o	0.00364028583022997
did:plc:vtj3ttder7anzgpelu55m3qo	0.013148283442664
did:plc:vtjjp7owgupqovt5776vo4m2	0.0117765814333654
did:plc:vtkyuyxdw53bq2tiwnp74pix	0.00743494424329194
did:plc:vtmisn2m4pg7ad4zp36qa3pu	0.00930432293430849
did:plc:vtnbxqbeicpjwevf6hlcdoce	0.0168466523250517
did:plc:vtow3aqja2ftfb2vx2qgn57x	0.00586553627980612
did:plc:vtqylia7koqkahsw2a2ri5jv	0.00379886442580554
did:plc:vu2zvn77bufcpwsz4mgigznn	0.00464981110231814
did:plc:vub26wgaydhsjsykuavodovk	0.00590525632921926
did:plc:vucnmhir4jfp66wkedqoehgg	0.00389994620794534
did:plc:vuk2fzyffgkpni77t2rydxpx	0.00806085377351034
did:plc:vus6al7vgzzldpm56w66zayn	0.00250944056370795
did:plc:vuwqqyym233cgqjoptm4az32	0.0136931131908925
did:plc:vuyoesxpfolpwtt2n75g74jg	0.00789127576073605
did:plc:vv7gtyvhuymuzw6vnetudizs	0.00619455870150558
did:plc:vvaw6tq3ou3lprwnlf5rbnju	0.00359091223021441
did:plc:vvdvpoyg7biqdo7q7nmxjzqf	0.00445168295433321
did:plc:vvfagy4jpjzhlgz5vydqnlec	0.00478364861942903
did:plc:vvihx2gl6pg62nw2efptnny7	0.00345607641115353
did:plc:vviofr5pj3dxcdyst7w674xm	0.00339375241042991
did:plc:vvjw6mpiskumnk76tnzlrbt7	0.00532762124516665
did:plc:vvs5kmm4xjjvwk2zdwv2c4xu	0.00323295769454913
did:plc:vvukyxldr4vzdhisg7ccivnh	0.00404982512146113
did:plc:vvw3aejqcdpvbgqzqpu5dhz3	0.00254204145487688
did:plc:vw2ryzm5zogkse7zqcyadz4r	0.00418111360391637
did:plc:vw5xlouuvsghdrqcr6kcnmxy	0.00202370627350932
did:plc:vwbodb7due3dsczgrg5bb6ar	0.00444154147718813
did:plc:vwd2k2qguijv7rni4mc5pdya	0.00866796391634795
did:plc:vwdooo2xv3g2yvwljxxchkp3	0.00578215346377986
did:plc:vwezsfcl3irexnoda5qxs7th	0.00409268733098972
did:plc:vwgwvmhdarwl56vo64purswd	0.00474964488639715
did:plc:vwgzztmkrfeq5bt53cz6zlkx	0.00497846197375032
did:plc:vwjvwlkj4pcfdfiflcjfbjky	0.0104858441199766
did:plc:vwucl7nvpkkihymbggpu6u5f	0.00407646893476308
did:plc:vx76uzb6m2lvgh3kvbiagsg3	0.00441264959571703
did:plc:vxdam3caddxig7x42tx4ne6k	0.00738294151955121
did:plc:vxdasfka7dypv53vmwyd7ypp	0.00540973752811313
did:plc:vxo45uhoucv5lhz7xgacfjq3	0.00476375656314808
did:plc:vxoatvxwrncct6dbcntsavk6	0.00532319391694169
did:plc:vxux6lv2bd3bklfj66ckgrwv	0.00602714748987354
did:plc:vxxpwtsowgoevey2mwz2egt6	0.00237868696485369
did:plc:vyc3x6pi734x43mahpzsp4eq	0.00386145565208326
did:plc:vyitmngc6zhnxqdmg3tb3nrh	0.00866824271147211
did:plc:vymjozthhozk6veyljbwr3rr	0.00460716561381975
did:plc:vythbqlsulhf7p2xgufb3sqj	0.00539248105057667
did:plc:vyvwlxgdagd6ypcrkzma3pej	0.00478276743419016
did:plc:vyx5s333ixv42cdtzw42k5qw	0.00688992148829415
did:plc:vyy5fxhbfj4ktcuvlbzq5wvc	0.00300498828068382
did:plc:vz46nxpm7op7edwtlhb4cbtu	0.00906761285530726
did:plc:vz62zg3flzazttedo52rgrbz	0.00453703112116326
did:plc:vzq3fgqnw5gd2quc663q5b7y	0.00344596534935405
did:plc:vzxtvmrx32tkvgmvrppjzekn	0.00274111675145373
did:plc:vzyvf2kh5krd2knqstjrmfui	0.0103092783605409
did:plc:w23yzp6ypbomljbk5nkkive2	0.0033627978479065
did:plc:w27n6dpxuyjmyvf3f5moc2eg	0.00444250236793507
did:plc:w27waro3sozkqibzgndkd2pb	0.00537021969368678
did:plc:w2dd6tpkuat4nb5imtnqyw5x	0.00351555633721325
did:plc:w2ge2x45umdsfyrbaqlcjsu6	0.00833900612676875
did:plc:w2jdkdyp3kkrprde7mdphfp6	0.00631266245857772
did:plc:w2qcnmxdsdb6vmv36gn2d4ps	0.00365074536058636
did:plc:w2u2aic5pcfm4wddq7osbzzt	0.00507925876379955
did:plc:w2u5lkre252y2ohrqbpycxuz	0.00404894727371977
did:plc:w323olsclelbi63cqpvcbvuc	0.00588012139824168
did:plc:w34oruzc6xijyfylsfj7eg3k	0.0174249758503591
did:plc:w34un3gn5bkbgfogtobg3nsz	0.00210254518636555
did:plc:w35faglhl7zfe5lm5epfy5fc	0.00456105295260127
did:plc:w3cy4tv3t6jkpwdslsb7vyf7	0.0064114141248538
did:plc:w3dmouwsq3h4dvnc2c3yuvrn	0.0326864149044785
did:plc:w3duaujhxpbew7u4vlk5u3pf	0.00836909871620529
did:plc:w3eyytnmibqef5qt2bmdmske	0.00395830584539139
did:plc:w3lmtdaopzm3uxbrandexzcp	0.00536165907999231
did:plc:w3sze4aec63mxkytolwegdua	0.00851254480643845
did:plc:w47sxdvil3nuyjwbd77muakn	0.00841683367102965
did:plc:w4bmjhdwlbw2tcplfraovoyk	0.00650960942504129
did:plc:w4jba5ztruyyp5dpt433sfiu	0.00961076406812723
did:plc:w4q67cxuzssbruy5laebvzgb	0.00496537900947802
did:plc:w4q72szpjhkxnphnubjvtsz7	0.0078748316281831
did:plc:w4veqsnuiiyrg3d4zruo7epe	0.00758054327733572
did:plc:w5hkkmncd5isp474d2wjoyli	0.00248015873041316
did:plc:w5mlvsar4bgh6nkrotjzgbft	0.0111642743300565
did:plc:w5pzpt32qho56pkcpok62v53	0.0054209723874819
did:plc:w5toltur5yslryrusw53ifw5	0.00212738245134965
did:plc:w5v6boyfwjo5snhnrfi5qnid	0.0028343090790832
did:plc:w5xmvhyurvqurfl65qe44u27	0.00822915018594599
did:plc:w5yhsxnvj4bbxnggi53kmots	0.00429903411334223
did:plc:w5yynwn6u2z3cvcwlcibng5o	0.00884153253549073
did:plc:w6lgect7e6egmzkkopuw3trz	0.007672972620311
did:plc:w6n5cnrxedrktvdjsblb3ceh	0.00813786501127107
did:plc:w6qq2ri4xvulbmf67qgscf4r	0.00617728817237637
did:plc:w6wctardhrto7zshzkhd4mve	0.00380228136915309
did:plc:w6yu5cdkkhayjauvpa4r66cb	0.00459748545785938
did:plc:w737q5maxxujlthh6omnk5im	0.00356559949781908
did:plc:w743wwtan3dn2dpkzeab2wva	0.00397822445589999
did:plc:w77pgbdtt7u4rbkefhujxrze	0.00536391381034556
did:plc:w77stzlbcesqttb427wq6cpl	0.00435332116297684
did:plc:w7eukh3y2ekxbfpgqz5kv5w7	0.00637393767876638
did:plc:w7hrqzrhwforuqtvfr4bprez	0.00510204081969421
did:plc:w7lvhel6mdmhjl4mc7xu2ckw	0.00929577465062595
did:plc:w7ne4kowofqat4vbqbt36y4w	0.00489960611012751
did:plc:w7o2jz4yqih4bxkuhr5sgxh5	0.00718562874370644
did:plc:w7u3qe4i4jkrdbzrdpa65qmt	0.00683335921865689
did:plc:wa6cawsnh4xfu35snstw4v3n	0.0033479912053753
did:plc:wab47nm35weziuxot4mgr6f4	0.00329913680129619
did:plc:wac22qamcjh26k7ugwxsl62v	0.00530710444393493
did:plc:wad5affmdeoe4ese67att6vp	0.00539882898695588
did:plc:waesh65sspbwg63vhurv5jo4	0.00910027472819455
did:plc:wafpnumuaxuzjwzzrbgt62ek	0.00216750168788771
did:plc:waklplijlbropn2wufoznqwl	0.00352921864782433
did:plc:wao6fhqgb6z7mnmf3gfgvelu	0.00555730313567706
did:plc:warfivzimzjvoh2spouafiwm	0.00532023736455484
did:plc:wavlaoitnqk3dh34gvffqwnm	0.0048266226351176
did:plc:waw5736cwqzp3o7gvcij5zhx	0.00359558257037988
did:plc:wayk3n3mk3z4b42uitiipn3i	0.00253370452630732
did:plc:waypbkhhi6qyv5byrhrhj2ps	0.0055473372786286
did:plc:wb3s5tfmd4vkw6xd4kbjwy6v	0.00614691117904506
did:plc:wb766et326lvhy3edk7x77pw	0.0102508542398929
did:plc:wbi4zoxnisypofadposmosbp	0.00341949109972679
did:plc:wbp56mnabszw72z6s2uuyexi	0.00387879894162807
did:plc:wbsibszboq5kmrgtfgynjxab	0.0136054421986264
did:plc:wbvw6t4ydsj5s55zlard3uu4	0.0182004614655229
did:plc:wbxbqf27ueprhhefrda4mr6t	0.0085484698274275
did:plc:wby5rgsdfyadfpjoyi2uvbmm	0.0100272167420264
did:plc:wc4pbmrbz3fwkehqgib3fvgg	0.0112068965595216
did:plc:wc4y6xw6jrfuxs4vkc262lhw	0.0108762569344513
did:plc:wcdnxhfpe7kjay6ena3qrblm	0.00317622369701358
did:plc:wcmmfikjjipsmlfpz4oajiln	0.00383164881742939
did:plc:wcni4ya5hpxuq7aehkhsw3zu	0.00467595153187597
did:plc:wctc3jlr5hrg4uioaghziw6j	0.00709089797669855
did:plc:wctiyc6bn3cr2xkta6ygflbe	0.00698394412974557
did:plc:wcwhlmrfdhon7z7cgv62mjt3	0.00967238689790553
did:plc:wdajavv4i3iwibxzy7ndo6i2	0.00965130760874177
did:plc:wdbat6pmydvsa2wspwq5ojqu	0.00298834126029459
did:plc:wdc4qrsy5m6nea6b33xqovrf	0.00593718458919268
did:plc:wdm4qnt4peqiirlmq2l4hg5x	0.00422625561304366
did:plc:wdnnhqranffapwuhfyo5iryf	0.00764087870599856
did:plc:wdrc7dl77yn5427kybvp4bc7	0.0172112019206459
did:plc:wdrnflm4pez3awsimjnaeqve	0.00970689000059907
did:plc:wdvfxptasztewzfbo3gwd7r5	0.00617348540525599
did:plc:wdxzb6iy3tbiztjavidg6dlv	0.00622241516717023
did:plc:wdypw5zkberk7ohqk4ux6byd	0.0148611654449211
did:plc:wecf5eb5ehpkitjb574qpla5	0.00344851854458456
did:plc:wegeznufbillvcf2jg5zdjvu	0.00440833261407023
did:plc:wehk7imvofyhijlm5ok3a657	0.00438879566390434
did:plc:wekfg4xkzisfm3r5z327isuj	0.00361126123951852
did:plc:wekvgmsdqybl7jza6dg7vvuv	0.0073240561966104
did:plc:welww23llb7pxkyuzv64csqm	0.00867519482766344
did:plc:werfp6dwkhwe5vxi6yldo3sc	0.00264675941656213
did:plc:wewxpkpuqj2xbfbl4sxrv7qd	0.00712563034544482
did:plc:wf3dz6kaintqurcf5qlhi32w	0.00618904726368784
did:plc:wf6mqhkq6pdqvkoimvc5msva	0.00375887992276705
did:plc:wfbqju4m5o7hxaknhadpl3ev	0.00225814545331109
did:plc:wfdbcs4fkrklteiurvetvljm	0.00541444382570736
did:plc:wflnqiwvxn65brw6lmmm72lh	0.0184049080193372
did:plc:wflw5tkakt6crizdahdtq6ut	0.00459906936497229
did:plc:wfxz2cef66vyaqwjygrxxnng	0.00413117764089552
did:plc:wg3xo23fiyc3gzy3s2aci2ew	0.00593471810301676
did:plc:wg5sskqetgynwqww2i7rrmo5	0.00848234755060634
did:plc:wgdlm7wbjbo6z6ix4vsxt32w	0.00357335299663022
did:plc:wgqgoyc5rt4fwnq2jj4djn6t	0.00735082156352227
did:plc:wgv7mgw4laqbtfzfglshfpn6	0.0075509114535303
did:plc:wh72upimexsznd2ycsqt6kzl	0.00311347165183335
did:plc:whfna7y3ae3zp2wcqosgrtee	0.00269954107805552
did:plc:whjngkof6kjipmplha3qrxlj	0.0114942528807887
did:plc:whmay7vfp56gr2wqclwd55ue	0.00540283541085078
did:plc:whnjfgkrmyqqefoh6uoyb3dn	0.00233877467171472
did:plc:whnlrtfyxssnj7ivu2hctmhr	0.003700824133466
did:plc:wialeqgu3jezqtnu6e6d7hi4	0.00639951241979338
did:plc:wigaznxetnajckiikvbguvc7	0.00856102003994028
did:plc:wilsrqlqufbb3ee77rdmrsjt	0.011045029744765
did:plc:wizyiydxmy5zbzvcgtfxzccq	0.00499883747968457
did:plc:wizzbigwyuxmhhk5m2kmkfqd	0.00550747443011667
did:plc:wj6qe4zwkzizjtwrrzdpuhqz	0.00578633207684878
did:plc:wja5ugczo3vnix7skyuwqz5w	0.00357656498412665
did:plc:wjcrglyz5vcq4i3rttzl5c7t	0.00637243332717992
did:plc:wjh5jzh3nx53xapz4magmomr	0.00305302980035705
did:plc:wjicpoftydg7jku7k24bm4xq	0.00886968387852431
did:plc:wjmcw6l54wvq4lkxqg6m7qv3	0.0037101357755395
did:plc:wjoew4i5f5wn4uaibptd6u6o	0.00984626016007129
did:plc:wjpnt56ewuj5ryw6egyat7me	0.00800376648264375
did:plc:wjsefzwyhdw24zqttqshkiy3	0.00685827552168908
did:plc:wjwez45czot4lyrmz5gzgnmk	0.00443539970881856
did:plc:wk3lxyznhzbc55xm6cfljaj3	0.0058714980729903
did:plc:wk5ee6b7a4f7lmxjbb7izhsm	0.00930429266502754
did:plc:wk5guxpywn57drkw43bnxpo5	0.00766408479903245
did:plc:wk5vvdbbbtr2yen24hpgdpyo	0.00411349899287287
did:plc:wkdbq3jkxlnbd2oofuaqicbf	0.00312748055259047
did:plc:wl2xvm3z6c7lniw3zaw42j7m	0.00786042945239496
did:plc:wl7umogrn7dukb74roenw7bl	0.00692452270387489
did:plc:wlds5hbnayq3lxdw42a7gpbk	0.00657217515398777
did:plc:wlexhuy33gfd3rysxprm67ub	0.00993651671006985
did:plc:wlq26siri6jiam3xa2unibsq	0.00864177401286943
did:plc:wlqbiniw7lznlp6ybg7fxq7i	0.0220689655182588
did:plc:wlqwop23ly6tqs2ks4m7sorx	0.00836972343597724
did:plc:wls6m6x4y5nzlqhtvtikgy2c	0.00231976699235643
did:plc:wlxsdlz2vzsxfp5lk3kacbdd	0.0125195618209241
did:plc:wm2jdcabtamcui4wn7fazuqi	0.00641436818641386
did:plc:wm2ql5bu6h3ctye3ripar4lb	0.0136263736480289
did:plc:wm7rbiojlado2f62sae3e27o	0.00637671681008178
did:plc:wmarhhtd7drixe2v2hjic7iw	0.00519810557993631
did:plc:wmbmuqqkwidjq3kljdxuuli3	0.00409629895822279
did:plc:wmchf476v6vct7msfdenxhpf	0.00321135289721122
did:plc:wmidylvbl3j25xtvm6l5gkbj	0.00819252432235834
did:plc:wml3iqsdllafl62n3d4aepts	0.0078926598308479
did:plc:wmlgkrvdzhb3dx3k5nfp4gma	0.00723446235374845
did:plc:wmta3ldd3vkuf5z4mogrwmcu	0.00686793532830844
did:plc:wn5zywrieg75kjgahzytefr3	0.00280456414016945
did:plc:wn6t6yb75o4dgw4qp2cyr6zs	0.00749625187930498
did:plc:wnjxbnsrevzbove3rrvrug3i	0.00899002669217085
did:plc:wnnipk2ulxw3qjfezgu2v6wi	0.00264250660647409
did:plc:wns6v66frcsif3sczuekwjfx	0.00743494424329194
did:plc:wnymmiw6sxzgis32f6mytwr3	0.00758006443561649
did:plc:wo6j66vvowf7ii7chh2apjeu	0.0049791736494065
did:plc:woflm7de55etdk2cly56dova	0.00730063647142128
did:plc:wofuaktjaor4phgf4qm6zjk3	0.00888192269073439
did:plc:wojlowhwokqdmtq5ml6iypzx	0.00413744386725209
did:plc:wpjpug2qqddxk6kxullwrksy	0.00653507602185988
did:plc:wpmevdvg5jjyokh5smvtmhz2	0.00691331763409764
did:plc:wpppem622cnjpem3shqzyihb	0.00504637207113086
did:plc:wptuyxmznvxn7xu2k6iknwrr	0.0077023926629744
did:plc:wpxoofybuamyfyrblxzciodx	0.0161369193284303
did:plc:wqgaqwb5hzlwkkpx42tymgeh	0.0024199124222722
did:plc:wqgttray4zhirdasskihabpn	0.0036409466465074
did:plc:wqhhxg36ofhh4cbhe2l2qevm	0.00318213829271562
did:plc:wqo4otczdlz7dfd33nbwtc33	0.00369051754117664
did:plc:wqufymixa6r4k4ck3vr53nfs	0.0077404479587909
did:plc:wrblmwdjpfr7chy3ys7x7e2o	0.00341169219979513
did:plc:wrodj7d5xqarhsiip3ffwrwh	0.00619765495069609
did:plc:wrpcq2kzdvbu2s7p522zq4ws	0.00424618756301584
did:plc:wrtehwp4ndlsf6ndjxaiijij	0.0086306098998584
did:plc:wruyxpjcoxh2hpe76r5ce6us	0.0023703439672662
did:plc:ws2rnp4j4kpcqdbnrwlwlvmk	0.0048245972695861
did:plc:ws4lesbrldsgheczxaodmdrf	0.00859927383979074
did:plc:ws6mkdngi7jimaho5qjt74qk	0.00500283179229523
did:plc:wschh52lujd63yhqppirhuxa	0.0115068493165088
did:plc:wse7qovv543brtn5bzs7rxhi	0.00541052346870883
did:plc:wsey4tul4ijbwgaupg4f24dr	0.00509110396637999
did:plc:wsm4ftq3syvct47twdyxxpft	0.00521729776310771
did:plc:wsmsfyibcfgsvj3utbi3bj4x	0.00558928399395732
did:plc:wsqsxsaqlwru37crfsv64cua	0.00454733360988652
did:plc:wsushytoqsyvmxmnxnrwnlqa	0.00437636761595608
did:plc:wt4d5mzfgq5khoye67rq2erb	0.01805416253395
did:plc:wt5j2dx66y2bcgqgkbgysqci	0.00504333207802881
did:plc:wt72lfmeqebmnkifysmwmdmw	0.0021344938348524
did:plc:wtecgigt3kpkfm4icigq7byf	0.0114410905623416
did:plc:wtep76ovlaw3d34qakdcjlzr	0.00431965442786986
did:plc:wtfhaqw4n6z4xiacgcgvdulp	0.00815024805509951
did:plc:wtoeaulvkhe5jqjqx4chlu3h	0.00982100427735308
did:plc:wtqwemcv5fjxwzdr32tk7mf2	0.00312188641708549
did:plc:wtv6izakissz2xwafm3yt4k4	0.00558915856417312
did:plc:wtwpcoi6otsxpnh4xjlcprrg	0.00432242435779737
did:plc:wu5r6iairmzfzhennjf6vavi	0.00299430752539385
did:plc:wu6dllvotzvsrd5o4q3ti6sb	0.00492896492110876
did:plc:wuavmdqsxf636i2fd7ovmwgs	0.0076552930932838
did:plc:wub6woxg7qxxju3vbqicm7hu	0.00334910811804521
did:plc:wucczq36fmh2z2pedu3epkdn	0.00350911876679714
did:plc:wudl7vn3x4kezspkboaowrdr	0.00230958111498402
did:plc:wue2ri2qxxv6cyp7nm7ewdib	0.00868917578639547
did:plc:wug5kppn3jn6wgxj6jwkcfpc	0.00728862973761846
did:plc:wuihxfaw6m2tkblyi2ndxniq	0.00590331922693273
did:plc:wummhbsxedz4niqun6yqzwht	0.00405626431168827
did:plc:wuojeafwvlqn7devygjbcdjk	0.00564006152844038
did:plc:wupnv3orkyfjbe47mc5vshas	0.00691722388881669
did:plc:wuqcocwb26rrepzzv3b2wtsf	0.0115979381513627
did:plc:wur22kf7xmvoepn5spf25whg	0.00546152598335174
did:plc:wure22w3ls5knxz3tpo6vtja	0.0124175397806589
did:plc:wuuxibh5jglhc4mm27otfwvq	0.00577063550268071
did:plc:wuxeyfu7chxb2kwhjrcpzuy5	0.00422867812644053
did:plc:wuzvnbkkr3rn3ljlqmnt4wsm	0.0042208934224892
did:plc:wv43bpvvgucef642tsqtju4g	0.00601916783747442
did:plc:wv5at7rfvagckbaepmuawinm	0.0107066381245781
did:plc:wv6wwxl3axdhy63ipljmmenr	0.00521910389033806
did:plc:wvauhk2kzu5qxtemqvpkqk2e	0.00479884302272926
did:plc:wvbotztjx73nghhezpympqdf	0.00480559196236374
did:plc:wvj3wk6ffdss2xt6ja27pd3c	0.00612456421563298
did:plc:wvmkm52su5beig4e7gsbbdcd	0.00586918375992563
did:plc:wvsxnr7gngn5zb7flmcgsvzz	0.00440456770089232
did:plc:wvvnhne57fj6wdcsk3r5zqk5	0.00777873812050455
did:plc:ww23u2sqyo2pbc6r33u6btio	0.0028954207260222
did:plc:ww2a57ebz5iokvhywat4rqux	0.0030104712043258
did:plc:ww5jhmn5spnktnqmpyvo7oja	0.00533902829978275
did:plc:ww76qhoshxyg343vz4zsbw2s	0.00244001626682875
did:plc:wwaz447xm4ra7geo4rntcxik	0.0128443468232305
did:plc:wwb7xslnxabkcshctksmcqmt	0.00695588504616166
did:plc:wwcxytb2jgou27txneiaeii6	0.0142526964750051
did:plc:wwf3cqh3bolnpooqayufkmlh	0.00514070698036037
did:plc:wwhutrgbppwmtodd6m5h5fje	0.00595238095280244
did:plc:wwjioci7tgzf2lymc4ulepwa	0.00385427181824972
did:plc:wwknt7kclft4ldt36eocljz2	0.00548579265688132
did:plc:wwlovpvzppswevjyxvbvb3a7	0.00661703887663239
did:plc:wwo2uac5k5if7lj7tsbzrtio	0.00424499696809569
did:plc:wwpv7hy7kuwyycybbaellgvz	0.00246819013575253
did:plc:wwqlk2n45es2ywkwrf4dwsr2	0.00489483377332822
did:plc:wwsek7u6n4zlm5gfddme6e7m	0.00930232558150466
did:plc:wwziwh5rhe6jexw5a2xf4p65	0.00724637681275573
did:plc:wx6iyqtwiy7nxxz4nqd7lw23	0.0175012153723861
did:plc:wxm7v4c3ldl5s52mlq3gubon	0.00370682823504359
did:plc:wxqr5vuu7hpsa4u452cs73n4	0.00647972293761406
did:plc:wxvwv5bl6mldzhqfb6iuhn5y	0.00742822726899011
did:plc:wy6upolw3srdya5g2ycqhpwf	0.0034126141877831
did:plc:wyetqi6fect2xlw5vhqsurq4	0.00339769172736055
did:plc:wysz2tsy5ressx42gvwaawq4	0.00338936155542993
did:plc:wzbtn3niw4n3so5xccolfr3o	0.00885118938174741
did:plc:wzdcrc6ntaxcrgvlqb3zoakm	0.00877914952054104
did:plc:wzjeyfxdhwad2ig7a4fa5zcu	0.00657084189067882
did:plc:wzsuovzrzme4t66avrmcxq2l	0.00500119076042049
did:plc:wzytq2bdfuy3nxohqlznztji	0.00409259496125694
did:plc:x2bieedinutmfroagver32hi	0.00707752613365153
did:plc:x2hui4xou3cqrwljc6hgydfe	0.00276457300850719
did:plc:x2n334qwgkcgt7gj7eqkcdro	0.00581177353057503
did:plc:x2nsupeeo52oznrmplwapppl	0.00489910183209321
did:plc:x2oesfqp5dbbdarptuf2qcqq	0.00655966504623028
did:plc:x2t3acjxkdhb2yvrm76zvepl	0.0045372760707439
did:plc:x2wqjpplqtte55sdfpjl6tu4	0.00924974306547261
did:plc:x2zl4ameayz52ooaayswpbxm	0.00870574579556019
did:plc:x32kovx2lkrcr27qdhdh7tcd	0.0157845868180115
did:plc:x3365or5nae3ju6nsstzzpbc	0.00981605943857509
did:plc:x3bf5q2fif4qnpujezkoc6fg	0.00731889470317088
did:plc:x3nmfldbvbfqtsygugtv4zlz	0.00353313465893131
did:plc:x3oqhrouf2ohyjg2ctlga3hc	0.00316746704824214
did:plc:x3rz2t7uts4xf2tssp5hwr6r	0.00206135564457018
did:plc:x3yt3sdtbvlhizqx5jh3hwuf	0.00450433108778131
did:plc:x44hctlkhbukwik5k4qhei72	0.0157985682686352
did:plc:x464onsg3xixx7x5vrrkzy4c	0.00516481847247026
did:plc:x4abgqzvq2fimg4mxuv7stsu	0.00345849802416042
did:plc:x4idkonojwv4pzzce5ta6dol	0.00589330025031119
did:plc:x4jg57w6htvebjq7olol27fj	0.00688022490333402
did:plc:x4jqu7vs6d5rnsni4swx4qd6	0.00923520923800235
did:plc:x4kbcl5qbsfu6uubpzh4t3aw	0.00497412112729897
did:plc:x4ldrhhisvwnlgjhziyt46u5	0.00336341263340305
did:plc:x4mhb7wm6igham5vr7pbbno3	0.00724821973666419
did:plc:x4mlniqn6av3qifakxglsits	0.00439221949795579
did:plc:x4wyigt52n6babuvrmcecvy3	0.00686904498253096
did:plc:x5de5ilek46mtmmuyggx3udk	0.0110606920103807
did:plc:x5dnaaca6iljf4yaip5okuap	0.00743639922259168
did:plc:x5euc3z5264ja4q65atnlib2	0.00681560015285588
did:plc:x5gjyhodmqhgrgf4en46sojd	0.00374418134015772
did:plc:x5o53myzrf7hr36tltzi645u	0.00563187335945446
did:plc:x5sckmerggnnujzlycgtdblx	0.00446927374402609
did:plc:x5ykzgujdh7duydc2mq4cx7j	0.00556554499580761
did:plc:x65abe3iegzl2jm7qyv2aa4g	0.0138228941892094
did:plc:x66dtnqnkkrstceofua2xv56	0.0104336485261355
did:plc:x6am6buatd2m2nsjfwdjmshk	0.00456592444352157
did:plc:x6ckhc4wzb63xg2kthcx2in5	0.00324069527655012
did:plc:x6ckzmzn42c7fuy3tbmdbp62	0.0112359550639167
did:plc:x6cudk5qj4uj77obddyjzpss	0.00256057660414634
did:plc:x6ehz3tb4wa5bdp2jtcc2bay	0.00789435912605663
did:plc:x6kwyebgatb4lgf5r4352rae	0.0028641630684499
did:plc:x6ow2pwe6pcihpvevmw6wbal	0.00512202470956461
did:plc:x6r3x35xoemxi2tcjqrzugxc	0.0029641014382823
did:plc:x6tctyv5oexxnukt2xfd6v5i	0.0193508115233887
did:plc:x6vfnzeuobbnr4cs3kzflfzw	0.00375895688980693
did:plc:x6x4i52bjlfhpw7gyj7fb3zw	0.00502700846513377
did:plc:x72g3mjafiobrpbtqw6vnbek	0.0132314025523258
did:plc:x74zkyeai6asb32ewedkk6tn	0.00404948133382847
did:plc:x76yfqqdsq2nqrm3i2z5zwyt	0.00487646293965481
did:plc:x7a7ezjdtj4oopyiws2zkz5g	0.00379669320302774
did:plc:x7ei4aozz7c7wl6defhmprgq	0.0039216704773028
did:plc:x7i5y4rmswujrgi4vn6wgrjv	0.00265251989410428
did:plc:x7iqodmuvtzua6mbivlcam3g	0.00290497503888666
did:plc:x7kqtsb7ufvowugqulbp5lvz	0.00488334237732978
did:plc:x7nis4p5df7fyqlhpbh65swi	0.0057374878653628
did:plc:x7zcoyqwqrbwf5pr7gbqgvll	0.00538599640990686
did:plc:xa3ghkrjzcweeshaoe6djpqa	0.00645813881272579
did:plc:xaf5buczy7lwuzc7o4vkdogs	0.00359051776937898
did:plc:xakgmpfrqho7ufgxgnxs7ezu	0.0039937658303757
did:plc:xancd2gvyfe47rgzeoecjuly	0.00956284153256919
did:plc:xatksuddame3xrn2clp6mrqr	0.00439439714385445
did:plc:xauhuaii274dymtcq2drwg7m	0.00493150685006217
did:plc:xb24yfjb24bzf4m3jquyx2my	0.00585354199242161
did:plc:xb43bf5ocdhn7wxecocqgsqc	0.00800349243736314
did:plc:xbbuwcekeehcrq53r7h55g3f	0.00545221295757402
did:plc:xbitfpvrviceyi6skethp2uq	0.00710445468534647
did:plc:xbj6plzjiqrynhaaaqfaw5hx	0.00465317087300192
did:plc:xbn7jfce57f4rzcwa3ujar4i	0.00466165413622555
did:plc:xbpumlrltt5nfegclzdsvcjy	0.00206844678459779
did:plc:xbsft27m5qmbamc6nhnce2iz	0.00629116288392076
did:plc:xbsn4ta3ijded437gtvlng6a	0.00395022023381239
did:plc:xc4qkv3m2yetltk73roxgsut	0.00598016336263798
did:plc:xc7vf3ag5i37cylrm2gaqyo4	0.00414849484122805
did:plc:xc7zrr7zypmmizv6i6q4msez	0.00383676316739628
did:plc:xcd5ncdswmu4cbdzauumpinb	0.00509273813333998
did:plc:xcj2lqpvlbh2wor3s3oaahr7	0.00525360219476758
did:plc:xcjesioejf4zsrturm4nmx6u	0.0059305045126557
did:plc:xclibop7wakbistixyub4ph6	0.00679991757703822
did:plc:xcohbbxwyb3iytujvhrmlkso	0.00276283876428431
did:plc:xcpn7ckmfa6rle2lpmr4umg7	0.0076870123919768
did:plc:xdfwc774hma7mh6fnlyu3m62	0.00359796636691486
did:plc:xdfxigvy7fitnpkxl3mo44rl	0.00325453922576311
did:plc:xdihuftyxsilfbeqq7mmerpe	0.00670206284419014
did:plc:xdiwdk7pazqqdkvcxfudhzdf	0.00852343946206821
did:plc:xdllmm3t3wadxevp7re7oef6	0.00370483857525019
did:plc:xdnlap557gwn3374qav3qdub	0.00430848772103585
did:plc:xdpety6rv7e2zntxntwd3hqj	0.00241616634944767
did:plc:xdszg6ffyvnygyjzsrritvym	0.00237178012885366
did:plc:xdtx2vbn65camcgqagwanvqu	0.00528071150699894
did:plc:xdwgai6toeshetdksarbpy3b	0.00660611065389009
did:plc:xedwsk42bwndiqq5gncqzasa	0.00217614701082341
did:plc:xeeqa7dfyeykeajtuqgia554	0.00738758030526439
did:plc:xejogjpaofy42nbeknsi4whm	0.00463917525791204
did:plc:xemmdwmofg6lf25ho3bvr5uu	0.00338381316961146
did:plc:xenvrrsc6beyq2a5yeipn73p	0.00443627606415437
did:plc:xeyuftjb6sccw5ymd6vvwek7	0.0104959328355281
did:plc:xf5lcqbizzehfdxiucb63qny	0.00558507015444143
did:plc:xf5vyeik2vqvkwhzhy3vvuo3	0.00426998403074812
did:plc:xf7w5bwp6mzeucoxoecjpme4	0.00523154427498945
did:plc:xfahiis2lcafu63q67dfr2k2	0.00446597532460559
did:plc:xfal5uscxu3jmthjfzmej4zu	0.00781995041099328
did:plc:xfjeskvvpwzc2t6b22ibsz2f	0.00297059384638091
did:plc:xfkjm6fouhyf2kec2cr7ks5i	0.0051911062115908
did:plc:xfmhssqq6mijkgibhsrcnwuo	0.0043231750533773
did:plc:xfn53o7pjwyrutmqcxuquypn	0.00516623614763611
did:plc:xfnaphhvn2bifyqlg7p5mn3i	0.00578927055420339
did:plc:xfqbwveghv7qnz2jvqxsgrdu	0.00914962325367993
did:plc:xfxzsqkyjwafy7x4lb5msd2y	0.00436507936529636
did:plc:xg24minzoc2wxp66udvvs4ln	0.00618752974811393
did:plc:xg2i5q43kynxpipk7lou2uov	0.010291595207333
did:plc:xg5prpbzbcdfsh5xmry2sfwu	0.00583196646843515
did:plc:xg6ny75hacrhhbkgjjxpfucf	0.00625457449838837
did:plc:xgagzxkkpvxne7kmkn3uvfxe	0.0131616595376275
did:plc:xgcfuhpm23k2iy6mu7d7ccmo	0.0079872204516123
did:plc:xgl4ebsf36bcggzfj4hh4s63	0.00718460789208336
did:plc:xgnbcpapseks2h4h4fxi2rub	0.0102444703245367
did:plc:xgobwhbzt3ulscdipk5lvku7	0.00492414160309281
did:plc:xgufzj2lko6ysoznus2yvyjp	0.00423011844451115
did:plc:xgvirqwbxdcovp5hftqvtugb	0.00229801644902503
did:plc:xgvp27siwesukxowllmjgm4a	0.00406544372857933
did:plc:xgwbcxrtdpuau2v3m3lo7fdw	0.00468774829262494
did:plc:xgwy6ylli627fm3b6f57diy3	0.00492379835948456
did:plc:xgz3pyxdbhqdobzdau3gmrmt	0.00353730581326593
did:plc:xgzjwqt6ias6b4umhjvn4dda	0.00676624537357268
did:plc:xgzklsidtwx5fews3myk6kxi	0.00411808054124523
did:plc:xh7og2qiv2uqol2rzejygrz7	0.00400548118506176
did:plc:xhd6ldv7hi4fqkru52rwo226	0.00471736478328745
did:plc:xhdroubzflrhezpyqmfzg6o6	0.00470352378835654
did:plc:xhfcd6hldgdags5izvhd63dz	0.00397295601896964
did:plc:xhgsaurvt3lr6ovdjrc4cfon	0.0126446058920603
did:plc:xhi6un4uxzs4xkkrf4bfppq6	0.0110613140159297
did:plc:xhufgsdecgd7wwvi7hc7jeit	0.00840532339001995
did:plc:xi2bm46kpzfdmw5g4ykwabec	0.00853982920695269
did:plc:xi4mgkkceg5igz7dobwhhqdz	0.00319221029354525
did:plc:xiqy4mv5st6zt3b57aiidbho	0.00471816284010356
did:plc:xis3nz6h32ihgdj2oc7aonsx	0.0113941018781593
did:plc:xis7vw7a27jyws47bezjf5qj	0.0121776504358724
did:plc:xiygciq2q44jkic2mjo6qhyh	0.00329282634271444
did:plc:xj6b2wgqggxrqbh4ovl4rkbx	0.00522384161625641
did:plc:xjiyjghwqna6jhfg7tlebd53	0.00456422516938806
did:plc:xjoxx5cve7yuoiu6fsmhm5st	0.00289551998728627
did:plc:xjprjjsmnzqhnthmtkfz5v7v	0.0126217093411555
did:plc:xjwdgyidyrstvy4evxtt36lf	0.00565149136627048
did:plc:xk3b2m4layeeereidj35zggw	0.00594942984841703
did:plc:xkbwipbtmomjcppyg4ijw4oa	0.0127433628583468
did:plc:xkckd3qrbd56b7slbrjlo2i7	0.00620220900780769
did:plc:xkdpocwvwcs2j4qydoicjkg4	0.00577711517189389
did:plc:xkjqfvtcfakukddedpzrefm2	0.00597779675532641
did:plc:xkpc3rf4k7ppdlamtviac7sb	0.0115672488163429
did:plc:xkq5yz7hgx7bpfv26cw3bwkq	0.00352485019428626
did:plc:xktvy7muo5tott3hhnyeqxfi	0.0064001861889259
did:plc:xkwxtoj7on67wphbhun56evd	0.00502895458771998
did:plc:xl3oay3vrpwrxd3ytemibqlu	0.00649102711120448
did:plc:xlf27m2eyngbit7uoebgs2gk	0.00623085859302686
did:plc:xlonmzyxwjxlqnre3kjvyqpz	0.00831137239386463
did:plc:xltbqqxjzupbrjbkb2ajsg5a	0.0133466800363953
did:plc:xm4z2mg7twlw2zk7os6jdkla	0.00578127509464238
did:plc:xm55llyxcrb3h7qwqr3wtaog	0.0135501355233787
did:plc:xm7htstthbwg2m6ksjurxpyx	0.00684641445538594
did:plc:xmdfvx7rd5a6luiia5wjxeis	0.00227672565462583
did:plc:xmqvcw4nmaeyssqpb6f2yusa	0.0048562300327319
did:plc:xmulp6i6whcpywv4ezaxvbai	0.0057091346177767
did:plc:xmwgexekisrrrydtjidfovkc	0.00979995959013118
did:plc:xn6kb4zs2k5ebhui6whi4y33	0.00613807047987561
did:plc:xn6n2zqggmtit3z4df7sqnf7	0.00297003447375772
did:plc:xnkkwxhjoudbyytshutrciox	0.00877102466532055
did:plc:xno5rnjoeccsaqx4ikcrrjax	0.00378992961592801
did:plc:xnqggk4677ybazhzjvb6367q	0.00879208712483002
did:plc:xnrjhxvdk3f7rpax3c67i5zf	0.00604229607452129
did:plc:xnwv2hxfrpdmeahraclfdz5o	0.0121716848235066
did:plc:xo2ont5fjkk2wi5zbvvddis3	0.00222132471735881
did:plc:xo5qef7a4exfeowp5ufrasj3	0.0025684931507304
did:plc:xodwj4pm66hy7gv5h6avg5vd	0.00255955896834683
did:plc:xoex2cqpl7fpm6zv2vmfrvu3	0.00690541191719412
did:plc:xoihm5z3pl2psdyvqjhn7aqw	0.00371257485065661
did:plc:xolzrfor57m2etxkvp3s432z	0.00275369111806344
did:plc:xon3ll3xbbojrueyzo75aj56	0.00310501436648937
did:plc:xoohh4mdgxrzo5imcdn47pio	0.00340715502601985
did:plc:xoufihytywnglcevxu53q7xe	0.00813798129887968
did:plc:xowdkb4hxstdv2cdakcyboik	0.0139263252673631
did:plc:xoxdommtggmputgzculwal4j	0.00969333803554752
did:plc:xp2j3uplig2pbqx7gycsgtkr	0.00476434224597712
did:plc:xp4itgtfdiqschnrl4vvw5fw	0.00485279845102802
did:plc:xpbgaaturcelpni4qyyzqjas	0.00606210565583523
did:plc:xpdbownkkumgeoe6wrd5nsx3	0.00444391064239148
did:plc:xpegicwimho7436tv35a3mwm	0.00765785291241196
did:plc:xpim5hfnmlbaedkpi2ah3hod	0.00610637956164821
did:plc:xpoinvic3jvcwkxmnlyj2kll	0.0026930533260038
did:plc:xpwqvrcaoinsphipqikcgjra	0.00475751995505858
did:plc:xq2imcr27h6lnd6ycn2fmy5w	0.00675675675681417
did:plc:xqargi3sadle65xezgvhmo4d	0.00509954972128432
did:plc:xqgjzii47dylxjqma2fslvy5	0.0062211519183594
did:plc:xqi3ivr7m7hwfgfkosgevbwd	0.00976958526524428
did:plc:xqqgxgl6qzgwnwq2o6hpo6s6	0.00473790322665074
did:plc:xqtql5kxwzsqmon5s2uq3ynm	0.0115078194158145
did:plc:xr3o255xv2doquaodnx2rxv5	0.00679790398101543
did:plc:xr6d3thp334gxzinssoqmta2	0.00377068640492115
did:plc:xra3gtdmvcmbtzbpv3qtdxa7	0.0113314447607153
did:plc:xrgmvr6etrjnwdirkvkykdvo	0.00635287323303216
did:plc:xrkxpxpdqmzc2bx5k6ubnt65	0.00372762620942118
did:plc:xrwdmd46cyapdgamnjkq3oei	0.00307761809313431
did:plc:xrzkxcrqghj4ghd5avtu7o3t	0.00216841344424226
did:plc:xs26i2msi2s34iiuksefwvst	0.00319719471958565
did:plc:xs2hmmsdkbhdgh4tbkcgyyhq	0.00448839329645873
did:plc:xs54vsolxurfaeh6zqc7swrc	0.00674979979551366
did:plc:xsbiu35fnj4xvrbdf5mgqxrb	0.00718446602060953
did:plc:xsn3rowc6qrmxujaoo5bvenx	0.00396141922155348
did:plc:xsrwejzcdq2tp4mzbclstdj6	0.00315412186382301
did:plc:xsyg2fc2bgwg6362vubuscqb	0.00318663336502747
did:plc:xsze24mmj5aq3yifilnq3qua	0.00597554196984263
did:plc:xt2o6bwgflrxuf2r64s7widj	0.0244200245138752
did:plc:xt5gbmz6zst3jifcmn7u7dep	0.0086762518760551
did:plc:xt5oktmgtoms6ouxutwcgvhk	0.00271754304346578
did:plc:xt7diycpkhptuapxf5hxwzrj	0.00797872340859721
did:plc:xtb4xbvjdzjhigmkqz5bkexd	0.011372251713299
did:plc:xtcfayvqmhxoewb5n6zoxnie	0.00623686054843047
did:plc:xtedttmzzpl6kylqfc62gnem	0.0041544229417837
did:plc:xtk2472aa7docvuqttcjgbtl	0.00528320432546126
did:plc:xto3sugohd3fkn5zyuint7le	0.00630484791861423
did:plc:xtpzth4dw2pgtau5qeu7lpzd	0.00899145811781862
did:plc:xtrlfckue4nevvszdzlqbmlz	0.00279886936779466
did:plc:xtrmksjo23eih7mkr7zlslp3	0.00480834349261257
did:plc:xttpsrtrwnayrw55uiiaqsqr	0.00634735344717998
did:plc:xtzdbt3kmdb6ef3wumhkhktd	0.0074474299118886
did:plc:xucpstbn7mns6cj5ar25wjwe	0.00451977401149447
did:plc:xunblmvaeszx7s2pataiqjy4	0.0075480507404854
did:plc:xuogokxt6fs4unwxtkw3hpnz	0.00591783316477162
did:plc:xupy23ccpnis5q2dkzp6tznh	0.00309204788722687
did:plc:xuqblmsxcadgzhmi3nxqoeox	0.00462875496028694
did:plc:xuqpmvomthpsz4mtw4vek6s4	0.00718816067654229
did:plc:xusm7epe3ehifhz3wtjntyc6	0.0118712902283624
did:plc:xutvruvmrz7kt7rhwpfpx7ha	0.0142030510448942
did:plc:xuupxumcy234pzgwtmdj7umz	0.00438343523004793
did:plc:xv2kfkvkbhrfs3njfsn7agwt	0.00841436051229961
did:plc:xvepdobmvxnds7uzjf2gzcdp	0.00663320186598529
did:plc:xvhjlqjoqp5nfphaexybqxgt	0.00383856108797077
did:plc:xvichew2kvpllwpmzzhqrwh2	0.00207206170148468
did:plc:xvkdkq7xcojhws34mth3jttl	0.00301670222955296
did:plc:xvla2gqv6y3fvxj64uxrxsh5	0.00369581397772538
did:plc:xvmkggbzne5tkeyuurdrmu5p	0.00601769911708306
did:plc:xvmpft6slirp2qbc525v2sup	0.00659793814587234
did:plc:xvnbr7ljbpegogibwjlp54jv	0.00539870139401565
did:plc:xvnsuymtqwo3eohfl7pu36g2	0.00584683216938696
did:plc:xvo4k6ofqfofibuhxxxvy26m	0.00601450557430461
did:plc:xvotjplcuzh4dbqf22nkzf6i	0.0033529411765686
did:plc:xvprorvkbwwzvv37jlvhkbly	0.00298855601734293
did:plc:xvr6x3yam5mq4a6q2suxbt5u	0.00202069820148693
did:plc:xvsjxnids4vcccgbqf47jetu	0.00293312475572199
did:plc:xvt56da2akhtatkupxksmbd7	0.00878477306015919
did:plc:xvwk6mfd4i4cjbp6pe4yabtp	0.00360884166246204
did:plc:xw5o2jvfjoqsmeet7jg7v4gt	0.00239720673308093
did:plc:xwdlqydwzufm5or4y2yursqo	0.0078864353357274
did:plc:xwdr4kedyocdvohbrk2zrbv3	0.00430928342795289
did:plc:xwrqfwopdmuywnrxjfyqq3xu	0.00409814253046723
did:plc:xwytwl2jmw3tmo3autwvrsra	0.0136710896877076
did:plc:xx5ug4w4kbam6ykbitwjlxuw	0.00570220714982264
did:plc:xxbecqn2q6jbwuilusbywedo	0.0064090480695448
did:plc:xxducfmapa63bx2ibtx6jt2y	0.00563486100725967
did:plc:xxh6s4agyn3d2jm2myfhksht	0.0197064991304645
did:plc:xxk2bnavii223e7rvlzdjahn	0.014261019897883
did:plc:xxnls4uj7rmgz63w5gdmtqax	0.00732168163056987
did:plc:xxo6ko4ypgepq2ao425gmb4k	0.00721385059431626
did:plc:xxpg3pnl7opukcddrpdemqd4	0.00718538287945068
did:plc:xxsefqi6pquqkhujnjogu3ze	0.00263967611356861
did:plc:xxv5pzvt56exy64e3lfrjcim	0.00618181818219399
did:plc:xy75uqaxh6dklueaf26lrgir	0.00860394116017199
did:plc:xy76tj7ggmqzgfpkdahpjmlv	0.0120891575430418
did:plc:xydj7tbnpxjabv2xfvmjnkiq	0.0042996647719446
did:plc:xye6awiahek5bpdoltcfz2ey	0.00783223850521345
did:plc:xyfdvatscb7rhdobnscbpygv	0.00362531844051775
did:plc:xyl7yaqbykmoujtr736qavdt	0.00206927456778517
did:plc:xyngrn3iw5sajfygsnngqe4a	0.00815100815507887
did:plc:xzacerf5tfdcyy5pradvnlya	0.0128424657793031
did:plc:xzfiyrmf3ey6koso4f3rzzuu	0.0052013672171606
did:plc:xzoy4zpdem4qwxvag6q3athr	0.00707766809586453
did:plc:xzpotfpfye6xstrtlbtcclla	0.00403022670052918
did:plc:xzpzmipbplul35ypd2hwv77w	0.00633779327063669
did:plc:xzqomtbik5url7dfbyonmeoc	0.00443980929781187
did:plc:xzrslsbmqtxbcvdztsvrrxvv	0.00646957045879814
did:plc:y22e7leqeis6doi6w7qshvkq	0.00824305228843814
did:plc:y22rpkukjbwbluuadkgrhhlh	0.00611120675009507
did:plc:y25wnb667wpkh43zimddmtzo	0.00319212249150895
did:plc:y27a4lapzxjksujaq27hua4x	0.00856400061522105
did:plc:y2ek4wcppwgf76zdohic6liv	0.00415526502508266
did:plc:y2goheoref5nfoglde6kkb2c	0.00617366796591824
did:plc:y2okgrdraoylj2nnow6qutnk	0.00451977401149447
did:plc:y2qe2owbrkl3eytnpwazpbr4	0.00667987961684224
did:plc:y2xxigkwqrakf6c3okelnrxc	0.00796610169927794
did:plc:y2ypsghs76fzgghdujk5olu3	0.00507316031255115
did:plc:y335fstw3373podig3usgim6	0.0081780399557664
did:plc:y3h6ht7xaofxhxzc542hik2k	0.00479590749308674
did:plc:y3ofujsjy37rw4kk24e7qpx5	0.016091954036125
did:plc:y3ozcgv5ercrsdb72ganzhzp	0.00433377984420576
did:plc:y3peyjeqipf2ijk77tilfz7w	0.00584746817292064
did:plc:y3ukwngrjbq5skseddhgx4tw	0.0086635648999051
did:plc:y43onwjjzhby6ydz6gb4z7nw	0.00586001085408186
did:plc:y467hlm3utervrr6ovgqhj7g	0.00459436585679293
did:plc:y47xwrpn2pf5da7grwgmhzbz	0.00719079578258869
did:plc:y4hv2tilyrehwp2zfflzqt5x	0.00323909556906489
did:plc:y4iwoh54qpog2iao5e5c434r	0.014283520290572
did:plc:y4iyjr22y46557ifbzibaiqj	0.00374022441381392
did:plc:y4jgzvtejslfpeuvkh5zbihe	0.00779402750268966
did:plc:y4psgdhhhey2n6s72bxeruj2	0.00356016681965197
did:plc:y4txqsyl3wzkdre2mar7vm6j	0.00651180872937257
did:plc:y4uhbar7uh6uurbvph4zrrse	0.0114277007539626
did:plc:y4wdi7clfz37l5ovydgtvlvu	0.00421377905752776
did:plc:y4xih5ajlxqmrkrgxf35hpee	0.00524288465715747
did:plc:y4ymitj2rrvcothgi6ajesbb	0.00512727711491128
did:plc:y5csbf6vxv6d2jwp7r5jkx3n	0.00349303998757391
did:plc:y5dejpyjcve6egupmbbnutmu	0.00782661048021882
did:plc:y5jbdxwg4d6laa6t2e4v6dtw	0.00218250235191166
did:plc:y5m2t7kcf32xin5aayhd7ui2	0.00429273985185798
did:plc:y5uhmzc5ljo2shtdjm5usd54	0.00659862748702497
did:plc:y5xe2vqmbps6qazqdzuimg4h	0.00419565749473822
did:plc:y6clezkzwdts3kndflqa6gbh	0.00317214154802838
did:plc:y6f625heocphfpvxufh2aoac	0.00230568222581639
did:plc:y6hxzcmtjz7huy6a2afavkxs	0.00471596999013823
did:plc:y6l4xvoigjcuug4at2w7ywoj	0.00406920340654277
did:plc:y6utgltisnmxklkw5vtcwdec	0.01703499084725
did:plc:y744zncgrqeny3lhkzxzseuu	0.00239750659319991
did:plc:y74quvhapznmw2w3vcgy6sxt	0.0183946488311895
did:plc:y7aqq77qhoonsoslh5ecqlbk	0.0188560654084922
did:plc:y7iizjspvr32aj64luravw43	0.00528769220125807
did:plc:y7oeqshpll66g3oljlcsogky	0.00675514583311397
did:plc:y7p2vlxbrmr44i7nc4gvil6x	0.00637646232033279
did:plc:y7qljwjdd7ijgaunonxqnjjl	0.00594855305677395
did:plc:y7ue74ol4nsdtqxxo2o6lfsg	0.00607130250625659
did:plc:ya2iorzytr2my5wifd3t7ms2	0.00802437786104783
did:plc:ya2l2btafivedwredacyo3jh	0.0104485929324481
did:plc:ya5yed7x7h5n5ybyhvgnrazz	0.0073338064832588
did:plc:ya7vduqqfcwdn7egoe75mtyq	0.00405688556152086
did:plc:yaaxepcjyhodoprrzvqxvix2	0.00495703899537931
did:plc:yacko3asjpkebwf4qc7mmmze	0.0176013098749549
did:plc:yaert7nmuyatxesjsmcnlfmk	0.00434101907223892
did:plc:yaqc7vp3fqimemq7odoadsw3	0.0109497206720634
did:plc:yavgewcnqkp232qwowx55nnh	0.00536243770167021
did:plc:ybbol22rbeedfongm7bnom3m	0.00583286595849479
did:plc:ybca3dbiusgsqmt5gryksnq4	0.00372195956176676
did:plc:ybgen5wyi32q55otufetigip	0.0231839259211264
did:plc:ybnzi4d2ftunxau3gn2gu7u6	0.00451599192532155
did:plc:ybxmi2w4sqw2xfyrwau34ygx	0.0101385603349765
did:plc:yc2z6hokbmk4sexq665jcjfd	0.00939597315701396
did:plc:yc4a2jqvkndvpk7dl65ycjn4	0.00435790449720465
did:plc:yc67hgovwhxtkxab5zpr2xhn	0.00414431984423302
did:plc:yc6nwim6oygcx3pvz7crwc3k	0.00652032167080106
did:plc:yc7v5jdjahvumgwatg3zfnrw	0.00557317625787771
did:plc:ycb4azm3pxsmwszy7766tzxb	0.00526413003385947
did:plc:yccjurkrx4mrzx6zj2gpdv73	0.00543639418855557
did:plc:yckf47lcsg74nvdrsbcqypst	0.00366960084648473
did:plc:yclcjvp3b636etnlx55ftm2w	0.00319289005936369
did:plc:ycqtcdjsbldf4yyhdyjglzff	0.00671538613616495
did:plc:ycwrlr6wb7zd2blnuv5xapqf	0.0109321058772172
did:plc:yd4wsnm35wdyngdim2qoprvl	0.0148079592949777
did:plc:ydfa542z6j4tnpwhmctf3tpg	0.00905941913432129
did:plc:ydfq2mg4jg2ww2ynh56dxn6b	0.00237529691217254
did:plc:ydgg6etvaakmoymko44tbtjn	0.00698254364219714
did:plc:ydqqrdc3jr5i4s46svbdfay7	0.00720411663926115
did:plc:ydrimsi347ounmd3wibfq6yi	0.0082320658604778
did:plc:ydt5hnwsqnqosnxc3abnh3tu	0.00429324937668496
did:plc:ydxhlijms7qzxroyunz4wtuu	0.00264745720974451
did:plc:yeajgdlb3r4zdzgabt2e7zeg	0.00489524994890766
did:plc:yebesvzbp2bvhbntzykismm5	0.00443675740816105
did:plc:yekc3ap5nkixuaxtvx7nmd5h	0.00943877551072718
did:plc:yekct2tzfhsanjbz42kod3at	0.00578380534733342
did:plc:yepden7csqubfxlrxjrxdoqm	0.00553839599583833
did:plc:yeubzhpidoig746zmnbcpbjz	0.00897891000220974
did:plc:yf7d2km4mibufqndtbqec3q2	0.00602787894212634
did:plc:yfb6e4xnygwc54gcedqmikol	0.00440396356826638
did:plc:yfbn4wzszpr5th7n4x7oxj4b	0.00271641853922018
did:plc:yfdrqfdl73rbejqwfqd2ytqu	0.00888669464643452
did:plc:yfjyxzzvqhjzkz6wtdxggmgd	0.00537760112285582
did:plc:yfyejdmiqm5xlrhyfp2fnbsn	0.00384644392520139
did:plc:yfzccyrbin4azt47i4oqhzu3	0.0075609073139848
did:plc:ygatjvmhcry2kd22xnhkemij	0.00589014200308344
did:plc:ygds7joxd2b53k5xcmcwyzam	0.0029425799269807
did:plc:ygqjod2g4mvzqwj4datfx4fr	0.00613496932707626
did:plc:ygwxvotywcd6i53xfhqov2su	0.00290135396521461
did:plc:ygzrpn6mqpibaf6rowkd3uh6	0.0046822281906433
did:plc:yh3ttqyovpdrmpxms62xlyyt	0.00838126542545037
did:plc:yh7d7c34n3o4kinikflvgwch	0.00402478573111004
did:plc:yhbvpnoi2xaefqsckbwm66of	0.00655594405625857
did:plc:yhf2lgbo5svaqxbtnd5sek3o	0.00466998754758225
did:plc:yhm4dujic6wy4ktdmig7vznp	0.00409677240794788
did:plc:yhtwxnqeplyhyxx7j26gntkg	0.00404075896021885
did:plc:yhw7ohpfg3isl2q4fht3ozhr	0.0139756170286921
did:plc:yhyf7penhsxyddw6wvbauhse	0.00755773268531016
did:plc:yi32arzrhtkjosxuyg7u2qth	0.0058606831904208
did:plc:yi5k4h2tjqj6mfybkitina4w	0.00577955139902958
did:plc:yiitebgpia4jldd54t2db4bi	0.00836782436942559
did:plc:yilw5io33wndsu34a3oqru35	0.00476748076283006
did:plc:yimxebm7ms7gf4sue7hhacrg	0.00517574353044953
did:plc:yinwkme5i2qatcrvlpdtbltw	0.00511770727048068
did:plc:yipdl7bycj7orjysjnlvswpj	0.00766843162804579
did:plc:yipjjwncsn2ytada3lctk42f	0.00367063492100491
did:plc:yiqq25mzcvgfdtijbl7m3vly	0.0043963113885803
did:plc:yiu5s3nezoelgj4zr7ca3gex	0.0066745613105647
did:plc:yj2y24ffzuucqyhby222jx6k	0.00549766668851202
did:plc:yj5q6kxkm446sdl574gg4uug	0.005428730512807
did:plc:yjafvn7w6nfpcfrei6b5bdv2	0.00531791907526324
did:plc:yjfwbzwvmckxenrqfrrxwbec	0.0128865979637571
did:plc:yjhlzudonrofjhz7oemtzyzr	0.0047639212373325
did:plc:yjmjff2ue2gl4qwcihplsulp	0.00740263920289136
did:plc:yjoipmkpgyekrryjltekowdi	0.0059194948719143
did:plc:yjot6x6k7zlvo2jwvygmizpj	0.00405065014664104
did:plc:yjttealc67ug6p2ndr6gssye	0.00246466735613603
did:plc:yjvay6s7m7zfb25famrep76v	0.00299568881319546
did:plc:yjxijttgth4uidw3q6dxduse	0.00516011534440545
did:plc:yjyqsolqkwym7mbaqxqk3qy7	0.00386115294033125
did:plc:yjzmcwhj3aesrjhnp4bkuhvq	0.00653228816881644
did:plc:yk3iv2smel5xadufrx6gru7p	0.00412860154628698
did:plc:ykagvicxlgregkp37zjml63p	0.00518448693842759
did:plc:ykbbloui6sqrnurw24pk3uce	0.00919600631997869
did:plc:ykbj5gedxeewk52pg46dqw7o	0.026785714356818
did:plc:ykckqnmagu3rq5hh7o5bofz5	0.00566988660236566
did:plc:ykipclodmzewj36lsbtk3ngd	0.00422316070242634
did:plc:ykjkecpv7uf7m7v7xly5rpaz	0.00604427614532662
did:plc:ykogcak73ztvcv22kscseimg	0.00396641766407125
did:plc:ykoviy5uiqlcoknitqmunf6i	0.00210714850137742
did:plc:yl3ewofewflqtuwlrdpopib2	0.0109027475008388
did:plc:yl3fl4wlvua36qmherigafo4	0.00478690549803866
did:plc:ylexgifaglbkytf5lu4uqwqw	0.00458673932881602
did:plc:ylfuupjfgazwa2jh6m5qgot5	0.00373227170973186
did:plc:ylkovfqoiswop5sf2gohpbii	0.00517959689288514
did:plc:ylmhiweuzqsdyb4fvpokgow4	0.008868948250234
did:plc:ylnp3iypye6j7kbzdxswm7ol	0.0123304562327298
did:plc:ylwc745hdx45ubkagsifjclt	0.00490506329493655
did:plc:ylwl5x5i6datc3k7li3kz2vc	0.0035390637571841
did:plc:ylxpl7j7ffijgipfg5srykq5	0.00542521994190763
did:plc:ym6avpsva56rqjezxiqhjfg7	0.00232261719334695
did:plc:ymbobuiphzdcr44soczoiubu	0.00719249478923529
did:plc:ymftsyqhxtwjgmzzv4z2abhf	0.00639872025764135
did:plc:ymhmss4pufrso7f6jp6igjod	0.0060267529051605
did:plc:ymk6h76silzjysegr2rhiwdw	0.0062613843369624
did:plc:ymurmdss7ylosg6pellhs37g	0.0077332044513642
did:plc:ymvcmqtfpunqbx6wapocwwwc	0.00279572564629674
did:plc:yn2apgjgvp2ijpiqy5hxswiw	0.00215185982178398
did:plc:yn473myxd4fht4dnowmnufmz	0.00332290852278703
did:plc:yngnr2ispghnahkg5apwzrts	0.00750988142813822
did:plc:ynkty4bvgvxt3oyis2bnyio3	0.00467578904027943
did:plc:yno7xsobzyksmvbxv7eidkre	0.0038227213000516
did:plc:ynuptr4uzpirmhayuu7llx75	0.00783737448413202
did:plc:ynwdeu6qydxr3yebxjrvmxoe	0.00941071028720101
did:plc:yo2czukmpyy6cios7ou7bbpg	0.00527543877508334
did:plc:yo2jm2bfn7b3mchjy25uyoak	0.00848623853571465
did:plc:yo7ljddqbfeddhiwzx7cujdq	0.0040959625512523
did:plc:yp33ryvgztxydra5iemr2sri	0.0111006140765876
did:plc:yp4wvap3rwrxpc42b3ohw4u4	0.00210947041198832
did:plc:ypfqsyhyjnb5cne4wvuuzrd4	0.00518134715347214
did:plc:yphhsumpsnqwbtem6x5fn6is	0.00549873529141935
did:plc:ypi55l5zriavlg5k4373byqc	0.00259956205580553
did:plc:ypp3dfzee7wmeexgfyxn2fcj	0.00646343816486765
did:plc:ypraxk55c7f4ua7f7yrzighf	0.00464193970075006
did:plc:ypxefwhlmwqm3gxudioewfw4	0.0146205616327477
did:plc:ypzqn5fjp6gu2i7eesx63tln	0.0149063032533307
did:plc:yq22mewwslmqhzas5hngty7f	0.0101211470739311
did:plc:yq26qqrqz7vpyqrqj3y3c3ai	0.00754884547582515
did:plc:yq3y5mnmxsnp5k7iowykn6cm	0.00415988424695078
did:plc:yq6u4waoxrabuubk6jgzkqm2	0.00452690167072931
did:plc:yqhq7e7go54p2knpx5mprqar	0.00277788801160607
did:plc:yqm6im5msj6eym3g3tbgvegv	0.00654651256926713
did:plc:yqojanpjaudedi3fmypttdue	0.00456912646257248
did:plc:yqrco467setl6ttam4q5kpbq	0.00380570446487236
did:plc:yr453k27jzcj27yuvhe6fzoz	0.014377485487992
did:plc:yr66e4chtpyxgm6myodufsqj	0.00371186637459768
did:plc:yrby3i7ocbsark2v7q5fo23w	0.01018197573865
did:plc:yrgmcsjn5xh5fqchk56puxs5	0.0103801374765062
did:plc:yrmh43cp7jaj5rh6g46t7jxt	0.0111036339245723
did:plc:yrpclt5o32hvtbkapwo6xepd	0.00560176540536169
did:plc:yruh6m6a5kr6tyntwgiwmptj	0.00373635143503663
did:plc:yrzpqcq2elwxmvnmpwgi43hm	0.0146866840903948
did:plc:ys57nprqbdzuschocykjpfou	0.0118365788535029
did:plc:ys64kttwtzulrj52nv5i4wrz	0.00437750794833702
did:plc:ys7yp3hgr7iundbn4ukxk4qa	0.00517047948945216
did:plc:ysbrebgcnh4t3ijd5icocf2f	0.00459309857589005
did:plc:ysdlwxlzucuvg5kq2p53ah6d	0.00431034482781177
did:plc:ysgg6mszmcocgj6hvcavvhve	0.00698345225470034
did:plc:ysggv34exlcc6hnsdxmeynqo	0.00418781725912969
did:plc:ysgrfmmzwllkf2slw2mpa72k	0.00887573964811867
did:plc:ysmjmdotnrdw7vhblpmfuubr	0.00420528664631265
did:plc:yssnc3bm2fomfozdevsrnjo2	0.0101474766713183
did:plc:yst2dqzscxbbdxpopcrrsllm	0.00843731432333525
did:plc:ysutwfy6j3sm7wgg6l2upvth	0.0134911894496271
did:plc:ysvn4pdqjsp32owzew35ttwk	0.00510792552382161
did:plc:yszbpm57yv4wzckqx6jrgkq7	0.00399221032138134
did:plc:yt3dwjyz4x5eyybehevx47f2	0.00245758680836064
did:plc:yt4n5dfgecfbtkuo6l2sscbm	0.006585743803204
did:plc:yt4qyvy3tfkh4a7l5ebr6zab	0.00252484898851044
did:plc:ytgdzeryw2eofnm5bosjwddf	0.00747208463294852
did:plc:ythjjblagj3kd7huottxyto6	0.00314611883121039
did:plc:ytj7y4ueemdyq5z3ucj72i73	0.00624499599861943
did:plc:ytjtwvybjtoog3fsu4eseepo	0.00381800827267886
did:plc:ytmsyy6tkmiqcabzlvziq662	0.00338839474846241
did:plc:yu6jzjblb5lx4zqg6kty3lbo	0.00661444734704865
did:plc:yuegb5xhxuur5rfdixk7xvgl	0.0025173064821127
did:plc:yujpxqqujc6ar2336zdt7yyl	0.00569259962097601
did:plc:yuruaalugky6di2jtlmzehon	0.0047937908995694
did:plc:yvd3gmmcmg3ik44cc72s5s5l	0.00800474355259425
did:plc:yveptinvitrj5aztredamzzf	0.00946696851463158
did:plc:yvgmo6eksupwozscbm5dh5d3	0.00396563119659018
did:plc:yvhzu34u3zzl5meqtydx64gn	0.00561633843959839
did:plc:yvibtq5orgnz7exnezfmwr7q	0.0118935837310895
did:plc:yvlewewqtjutdigxes4te66m	0.00331363066461897
did:plc:yvs6sagjljs2ia6ped7y2si4	0.00666240273041785
did:plc:yw6wbtma6fynxiafh5v7j5sf	0.00313809608941725
did:plc:ywafeyjpxey7nnqo7wrrrghe	0.0028308563342078
did:plc:ywbrkz4fjfrwn72ed6fzfjgz	0.00821467690925689
did:plc:ywkzv3rudv7dwgqpsf33c7dk	0.0113007380149843
did:plc:ywnbqo46qyhjbvargmfzmdbx	0.00260340121776347
did:plc:ywrtfej4fv7hehjw52763vag	0.00584103229970449
did:plc:ywrwzfxvfoirfbaf3fwgppd4	0.002768702586004
did:plc:ywxm34mirlley3ekfmlknc3u	0.00272466187210461
did:plc:ywyppnsq3nzozurzqxi4yzcc	0.00308745208029769
did:plc:ywyq4m6oeqxmo3ctw4bfwspz	0.010367810427037
did:plc:ywzcnswpgc7py552t4npps47	0.00454603662536579
did:plc:yx2bcxsmwxt4nt6nyn4dtp2z	0.01626842909253
did:plc:yx7iaqptsuzwi5wgh7h4kutq	0.00348760486422846
did:plc:yxckevav4tawqdyiqxjylgdy	0.00661183680204869
did:plc:yxd72a5wrrmqxab4wsviigiv	0.00487263929104988
did:plc:yxozdtsfl2462j3pgqj7rox7	0.00583430571985921
did:plc:yxsc73sxdwf45azvo7u5do4z	0.00593375065418811
did:plc:yxt6rztol74235ivjuopgxa2	0.00287842098064889
did:plc:yxtbx4f3cs6xwtwv7lz4xasa	0.00443982240813369
did:plc:yxuxvmnhrau5mv5ynrbqqyby	0.00441911850319625
did:plc:yxv3o4notwnmjgdmg5irlkel	0.00201956824385999
did:plc:yy425rx2szkwgie5x53bt7bu	0.00452631579044457
did:plc:yy5n23vbdpajjfk3hnkrri7i	0.00441196131839929
did:plc:yy5rjfloxjnlmvplk7icxkor	0.0049650460763594
did:plc:yy76sm3dvgb6l3nfwdxwfibk	0.00805270864258275
did:plc:yyd22yqq475mql7lczy34spl	0.00541813898715576
did:plc:yyfxoc2etdcnwc2skpvlhq4f	0.00371579211685136
did:plc:yyhsymci5igfafnx7uvvlzpk	0.00750861645031691
did:plc:yymuj5poutwhmyujwr67l52g	0.00600826136141768
did:plc:yymxxjz7pue6guesboi66xpu	0.0080663231052542
did:plc:yypnbasfbygiepqjwt2q3p2f	0.00842911879234015
did:plc:yysjfuaamyqhkl4nmdsxzjv7	0.00678687196251819
did:plc:yytu2qht5jngmnfxoszyv6oy	0.00687352710269817
did:plc:yz72qdgdeqhnjec4ehcunhuc	0.00339174675004885
did:plc:yzbfdq3na2tmgvefv25wtxzy	0.0103588605257375
did:plc:yzcfnqrmmyzti7cx3gbydjcm	0.0291095893180502
did:plc:yzcyr33ta32ta6ulowqklrbt	0.00577091958580529
did:plc:yzi5u4hwq6olef22mvgdz2u4	0.00549375085893631
did:plc:yzlos4jesui3fdlgxawfsp7t	0.00470733973452482
did:plc:yznpo2rwlyubrqxvbn2nqrxq	0.0048616635736611
did:plc:yzsrwfim7oh6v3mp57t72txb	0.00572269457399034
did:plc:yzxkwtrptzgrw65a7t5fmwmk	0.00667200427157391
did:plc:z27l44oif3zozhqhrdz5dedy	0.00244734500153636
did:plc:z2iprjwtolhavgejmpkcaoa6	0.00393181472304287
did:plc:z2lil5b6rn4t7ugxzfc2jveo	0.00285189175502694
did:plc:z2p4aqfsboopcbdn6gnfq42p	0.00560802833540208
did:plc:z35avrllxuu657xe7spc4ila	0.00259922435848918
did:plc:z37cmzcd34ghq5rzecnujwch	0.00545883741571498
did:plc:z37cqhw2toud225gkotdlacs	0.00380533204993784
did:plc:z3fmz2gii6nkptju3wpfs4i7	0.00280195677654395
did:plc:z3g365konxrr4l4azrv5ha67	0.00323014804856233
did:plc:z3hhmkzoll6vrax6mk7a4nsw	0.00487405720868664
did:plc:z3imoj5qdh6yxmwggcb4fs2d	0.00256289835626545
did:plc:z3l52t73kyjefcpfec3zhnx7	0.0164654226738211
did:plc:z3qcarbmcmnly3fdfkhaqxpz	0.00624184834152559
did:plc:z44bfuiidpotvukiev54ejna	0.00549380350339128
did:plc:z4c5to6g4ybs5ladlvtyxys4	0.0141643059528637
did:plc:z4cz3mxybzmytnmxzbwlhb52	0.00570646733203574
did:plc:z4j7svldxamtdsdngucojsgd	0.00982318272279378
did:plc:z4q3mdufqasr6zwynmt4zlyw	0.00306678782384604
did:plc:z4q7qq4qjqekgktxpybpqmcd	0.0106034617275956
did:plc:z4qagidgntht5zl5xvp5xkfs	0.00560468302454389
did:plc:z4wy7rqpdhjgzgysy2j7ka5p	0.0052980132456336
did:plc:z576ajudisomph6pocxuhq73	0.00370085689107157
did:plc:z5ghwztcukatgwzvlejkrcmv	0.0186799502287647
did:plc:z5ixy56j7sqbwhnpnxvs4dgb	0.00372347027464963
did:plc:z5mr7iuhqnnur4b3npdgqzbq	0.00502961361356431
did:plc:z66kkwd3xtt3mjaapsieh5vg	0.00525535642158297
did:plc:z6edz62odua7r3tfeb3ixa4c	0.0164770498356957
did:plc:z6uttv6gmhkdzz2ofkoqznr5	0.00699944741333633
did:plc:z6wx5mibwkez2nkoojdpm2ll	0.00227782802405129
did:plc:z6x2vlrakbd5ettdrlu66pbj	0.0137380191904596
did:plc:z72juzfnb5rskut4dzytlohp	0.0045777217550678
did:plc:z77ilmnboc6u2763u4do7w5l	0.00362122035164422
did:plc:z7k4fhqh4pbafdmu6srrmfvj	0.00467762326257204
did:plc:z7lqw24m2ok4zfi2jtvfiytt	0.00702905342207955
did:plc:z7orjseas5c6rzuyoqaodfnz	0.00566171266857279
did:plc:z7qgkzbzwpuyawiepezrazo7	0.0137999014501224
did:plc:z7srddlua6pntlxcefsb2leu	0.00352564102606024
did:plc:za2ezszbzyqer7eylvtgapd5	0.00719008264467567
did:plc:za5d32gebzclcpzpafrfu6a5	0.00621155469971705
did:plc:zaljocps57fcr2gcg3tah44a	0.00404764658399796
did:plc:zam67e27olqbjkp7lmdy4sul	0.00444368484122549
did:plc:zaqtue7zlc6herjfxeyczxzb	0.00400625088819264
did:plc:zar4pvoftibx4qqp5pcppn4b	0.00226911139545202
did:plc:zargfzmj772rqjw7ktvqm22b	0.00555325321437161
did:plc:zavwgyluoycac4mmbz2wd7hu	0.00569437362131289
did:plc:zb2waaqgqsvbme6dtdzjpifi	0.00588911232622174
did:plc:zb643i7mkqnuktlqlibvtklq	0.00300100853579411
did:plc:zb7bj2tkguqyk4tpuuidfljt	0.0093735711153196
did:plc:zbbqk45raieyo6jfl6unb5mz	0.0103806228471897
did:plc:zbd2kixkfyympsidk7rbvp2h	0.00669176077694192
did:plc:zbhggfk4zlwofwclezhbbe5r	0.0043358188347976
did:plc:zbl7xo4rk7szhiofotyp4t55	0.00426266111867448
did:plc:zbnclp6wvnnrebjnf4cqdkhq	0.00404498017987131
did:plc:zc5c2cdn3y7diwfbpqfge73l	0.00212906888729051
did:plc:zceastxiyvvwwe5wyzgxmmuf	0.00503714543348818
did:plc:zcebanhee6ocfz54wiwx3nrb	0.00481686146102082
did:plc:zcf5zwnpq5npa6mzxmhoxd5z	0.00433541576928664
did:plc:zcfcys2mwvkzjlhpviz3d36x	0.00503085591631468
did:plc:zcipfxkc74wes3yzhxuxx4et	0.00798763205792172
did:plc:zcisc4trfep65s5jnvbjjvni	0.00658234383843363
did:plc:zcivmn5ryyeuynfmoiyx7kwi	0.00528572853356575
did:plc:zcjdyrmae7i6upwujciw5igs	0.00551153978696031
did:plc:zconh7ajt2rxwyh6ow3ealj6	0.00603070175479107
did:plc:zcqb6c2l2c4d6q2pa7tpqqss	0.00530397126515918
did:plc:zcvacq2xolptewfedu4bwmgh	0.00417163289655451
did:plc:zd2se5rlnn2kvrczis7owh2k	0.00921085387386348
did:plc:zdau4palo5mhgzyvfhuux4c6	0.00951188986488327
did:plc:zdflkmvapczzuujaht2z6tnt	0.00403661379409104
did:plc:zdkvml5de5fcshvkcytktbdd	0.00517018526561884
did:plc:zdunr3mxtcrws4r4x37o63mw	0.00280720818635253
did:plc:zdwge4sxou4bqvayfkmydzry	0.00569395018034746
did:plc:zdwlydl4wp5kzm4zuhjdgwow	0.00721370604265631
did:plc:ze2obanp4fq7uewtb2gnunjz	0.00377974400858467
did:plc:zeeojxvrpy66lhiohnlfp2hd	0.0120437956267162
did:plc:zek5evjtssqtl65qp43ph73d	0.00520756931517813
did:plc:zemsudqpli4sguemsam2vqdb	0.00825521198097092
did:plc:zenzhsp4wi6bkymubcn6qu5c	0.0116699083147664
did:plc:zepzsuohrqyqsraxv4wkm3va	0.00635742877497778
did:plc:zewukbj66fm6b2jxkengjbrc	0.00582207731944069
did:plc:zf4ra3daohjelowkesprhtlu	0.00268729641713484
did:plc:zfemzmbarjqwq7np5ugziwfh	0.00566075543581807
did:plc:zfgb332wq3igi7zppfjbe677	0.00297243308044656
did:plc:zfo3ww2suaikfjuho3lvs7zs	0.00391379310375177
did:plc:zfw262ctcjyl5n5n6gmlxfnj	0.00487646293965481
did:plc:zfzdb5haf474tard4z4cc665	0.00287645620611279
did:plc:zg4kee57h3ke4s2a7rpwlepi	0.00700666207856368
did:plc:zg7ublgyxfpfaxtkrskrlqvj	0.00359879266349991
did:plc:zgchfkftecfnvf6zanigjhpx	0.00580985915719792
did:plc:zgddyajno33vu74ohofxet5i	0.00797563805539105
did:plc:zgg3ur4j6q5ier3swmi2wz76	0.00456150676887709
did:plc:zgpuiszfx7zxgd4azmyule47	0.00295406899195059
did:plc:zgqalqbbq4zmishmztljgjnc	0.00328439910435932
did:plc:zgsrmiu3wrajqa4kw65fa5rr	0.00200635613626007
did:plc:zgtwuzifxysssqk356u6og75	0.0115906288546768
did:plc:zgul7ak3o2cusw7sdpnef3bh	0.00804020100926756
did:plc:zgx4z6vnpclo52nplhmjf7o3	0.00243239570599249
did:plc:zh35ybeex2ckbn4btsu2wv2j	0.00319931396165573
did:plc:zhbf6z7imreeyjvrk36opgmo	0.00604770429345924
did:plc:zhjxyg6b24jhkoptrsgbda6z	0.00344378257677261
did:plc:zhlkv4pa7tr7baoxtsjuhtsl	0.00440403466507061
did:plc:zhllnknwh3juvv6sqocrjx3a	0.0024972253052662
did:plc:zhlqp52sqnl6s3kuni2cbf76	0.00310046117424958
did:plc:zhp3pef24ug6dmzr2opwpdls	0.0034746595539975
did:plc:zhrvpupahhev27xjktoetbuq	0.00926402471790092
did:plc:zhsurbjflyt34i6j6mopcble	0.00477546147504774
did:plc:zhy26uvivrt7umcz6sxsi3pb	0.00654008438824902
did:plc:zi4jotmttki6p6rxclbx3rdk	0.00685913185940614
did:plc:zi5bmhvzsjzpwhtsrsfufchg	0.00494611339985962
did:plc:zig2lvfomp3gsrstzk5c6csk	0.00501882057787253
did:plc:zihyscyydqe6zqsec2pfpz3h	0.00644100315363937
did:plc:ziix7olpn3jzjnjaictieg4r	0.0102204701519166
did:plc:zil7kzg2kqjosxv45hmikeqn	0.00598646538269607
did:plc:zipot536fdhmyuxw3hq6ra4m	0.0130126182965698
did:plc:zirejtidqanre7yn3tufvyxi	0.00857198519734064
did:plc:ziwpu6fem63k3ndxpt6wk4xa	0.0037930511303961
did:plc:ziy7apervyuehymraxds4xxv	0.00203360804882614
did:plc:zjalzs4rouwy3o4c4omqsqth	0.00563351428913898
did:plc:zjscw724zhp5sx56brc3zh5p	0.00398788178586825
did:plc:zju4nddn7sr7si7cemijwogd	0.0106020446892603
did:plc:zjwax6mgpt7oed5dz7nukoau	0.00444554211018868
did:plc:zjx2ri6udtw3vimrzuf4xexl	0.00645346336031857
did:plc:zjxvw2ugdwzygncuzr43rhbd	0.00448765893812006
did:plc:zjy7iu45n3u5rkmmcevf6gyh	0.00489276686042444
did:plc:zk5phd6vtgpkjdfcxfxuzyhz	0.0084252996358186
did:plc:zkalxdi7mhxw6e7xjr6odmko	0.00827991453379697
did:plc:zkaxmhhljhimdxmsxwrlkfnw	0.0035934108944785
did:plc:zkgx3lt3vrz2yrvfqx74ag6o	0.00510966119082849
did:plc:zkhr4kiokonxdrtqohzsmzsb	0.0134782608697443
did:plc:zkt4midwptjzbp5yrl2rycov	0.00562407498816724
did:plc:zkt5em55bsyiq5tye4bo5qq5	0.00281830238743702
did:plc:zku6a4b5eawropk2i3s4mcrv	0.0073467674279052
did:plc:zkx5ssoe4pq7pfmckyqumax5	0.00281554731509891
did:plc:zl4edyafvxx2yhvieihh2ada	0.00745371484062988
did:plc:zle3bgwyyblizcdgjssq4ura	0.00370779706977287
did:plc:zlgvaiqs442byp37twfwdjiy	0.00451238084592341
did:plc:zllda4z2wuurbhfgklt3zsw6	0.0129394531300599
did:plc:zlm42d5zbulux5nm5jtg4hm4	0.00269313634984142
did:plc:zlruobpbnv4rxs2hfvqjbb26	0.00816326530628454
did:plc:zlsjjmcm523yvkkwgt7jyhuo	0.00347090965369277
did:plc:zltoppdqcpmmabojfwujtdnd	0.00359651776450289
did:plc:zlxecmohldkmlowfwkhfwa7g	0.00785960379437999
did:plc:zmc4rweglr2u7ytspfj2pb3n	0.00415007336013601
did:plc:zmdbin63nrhhplb6jk5l2egy	0.0124223602541674
did:plc:zmfpn4j5ryiccximm7uqhrfq	0.00447956199938463
did:plc:zmiwg3cgvqwehfjhpvwapzhw	0.00578118225407317
did:plc:zml3zs752gbbusuppmre7cog	0.00518685995542176
did:plc:zmskeloj3dmzcwtsimyt3rlg	0.00352072686015981
did:plc:zn3k2vj2rgwgcgvypn57r2y3	0.0149761742688618
did:plc:zn44fge6w7z4wr43t46fjhak	0.00398732794550104
did:plc:zn54dutjl3s6fdpkxjsabije	0.00853062398514513
did:plc:zn76p7cnurevtf23kjqyqugs	0.00703674746022165
did:plc:znd3mze4qrjxf5cbkxhsalhu	0.00679694138342934
did:plc:znlaa4exy7aubaobgk2ttoys	0.00280885272911663
did:plc:znmdnbhugb3gztcjc5ipcvza	0.00904482656097035
did:plc:znpdj3g5p2p222ojkvccfpks	0.00529717131112096
did:plc:znzi3k4uhsin7b36hph7yoxo	0.00550180231508666
did:plc:zo52zqkufnkvkb67hk3qusvl	0.00858963702203995
did:plc:zo5dfkza65pyvlxxzjn2e3p3	0.00318189853290665
did:plc:zo5rqwy6mwmn52ozrg55w6wc	0.0157232704543356
did:plc:zobbiap4jclazvmfnepd63lr	0.00970017636693938
did:plc:zofw6ank2vavcr2vsppjhakp	0.00802779775168617
did:plc:zoiuuc6kg2aw7ximhs5acxnw	0.0048559404345805
did:plc:zojcgejjmuyqm5rlx3spbfpb	0.00205205205214688
did:plc:zokklkrcy2ughkfoynrvpo4g	0.00687876182314381
did:plc:zol7j6fzk2vqf6yawnkkg6bi	0.00717139637931556
did:plc:zouw6o57e7b2idrspxdwlwx2	0.0105404799376128
did:plc:zowbao2bwweydu5hcg4m3xvx	0.00585091679941929
did:plc:zozwixtek7e7nhobazi6qxlb	0.00894490750460012
did:plc:zp3m7aalt7ws7s6wahuewihc	0.0166270784443321
did:plc:zp4eb5owqcd5dqts5bypp4lf	0.00369383719689146
did:plc:zper4gmdnp4outhqqhpneo57	0.00205205745770364
did:plc:zpfcnm3a3cmipuzmy2ny6qjq	0.0131741457437809
did:plc:zpg6caqyvdlz45a6lfs6clv6	0.0152788388236019
did:plc:zphjhrycuw76rbc7n77h5erq	0.00243077308635095
did:plc:zpqdnctskwzi3mxxhda7xftm	0.00551122337730506
did:plc:zptb3zf5ccyybyrkhxgqiizy	0.00422494172498969
did:plc:zq5iacwyktj3yqr4y5xfezg4	0.00390934283482554
did:plc:zq6y74ss56ttx52y6ppkni5k	0.00465322402039135
did:plc:zqhkoh262khzjv3nqc2eqggp	0.00251313685177369
did:plc:zqjfx3iivwmy63nqlm42skzt	0.0130526316035929
did:plc:zqkzvyrho6o5yhm4bt6amrpe	0.00539108187145893
did:plc:zqohu4yv3sgmhynw75ndt6hj	0.00578501278314024
did:plc:zqonzjaokf7a4bhh2nocuago	0.00727969348681914
did:plc:zqtrggbt4tgzqennme7unj3n	0.0140548137934483
did:plc:zqw6hf7qw3a4p7iczulondtx	0.00236560411621047
did:plc:zqxo3cgdso2ss6diq4rsjs5l	0.00505300703527208
did:plc:zr3alo7cjwfvk74eoqvif6d2	0.00587240857947134
did:plc:zr3nopqes6kebuqlakdoljfp	0.0129916997723783
did:plc:zr6oejhkuc6etopk5jr5dlyv	0.00666856654347339
did:plc:zrdbvw43k6wg2dcwawjuiwm6	0.00408871267506235
did:plc:zrn6kez7fxcswlncs6gmm7mk	0.00683047149365719
did:plc:zrtvzvhb5oa57kwremizhvgk	0.00568181818181896
did:plc:zs4egsypzzf7dvd3iua3623b	0.0041375743472948
did:plc:zs5phjxosqakvkslvsvxdhkn	0.0108364375297926
did:plc:zs6lgajyk2l5uymulxktna2q	0.00224150397686472
did:plc:zsex6zrj6wcplhpjcsuy4xu2	0.00292589717576376
did:plc:zsfzfubxq2q66zzgoelv25hf	0.00746389745785032
did:plc:zt3cn4zqbyvrujyouxx4qq52	0.00275520044101378
did:plc:zt3gtowockzlggpbj3lcwimk	0.010204081642993
did:plc:zt754ohw6kbyamua5kcixora	0.0032761008444459
did:plc:ztlosdapkofmrqryx32wbjzz	0.00268538297242788
did:plc:ztmxvgtedds3ex3yqg6te2h7	0.0071348940926331
did:plc:ztqvcgqnxmokfpckdiuolq6h	0.00671800753733517
did:plc:zttgzafofbf4d7oy5tc4xrsh	0.00540116734963848
did:plc:zttqv6sgsqa6fi5ltuqlmhat	0.00714641848218193
did:plc:ztubizu7dg7jfxmuealjy6ij	0.00625820127363836
did:plc:ztwzlh3y62nag24kx5nxvpgd	0.0283687946254745
did:plc:ztxnga2jxcqszwk7xw3l3ynf	0.00256966279956833
did:plc:ztzhu67brvmb6ojqihnetfp5	0.00771128933238829
did:plc:zu3qbenuvqtxqpwwbre2abur	0.00553456909478914
did:plc:zueao2p2pfcpqtltdyie3jmx	0.00573409788018941
did:plc:zukvnqrmphnqg6nfutmmdvgu	0.00559506875550685
did:plc:zum4rxz4fdpevi3k7xsu3nz4	0.014623655914679
did:plc:zupilpvshbrx5suych3ye3q7	0.00389502344608022
did:plc:zuw27wlj5o6sa65rc2yez5eb	0.00411743644852313
did:plc:zuwllvqokou46yqglqa6zs4h	0.0026733883289504
did:plc:zuwya4a5b56yvmufumd3reon	0.00676525175123962
did:plc:zux74c4vlzscwqkd43mfj3gj	0.00383591941145743
did:plc:zuy536whvhokwmpystup235g	0.00408496732052745
did:plc:zuygjvrgfup5l6bdsmn2en6k	0.00206088362078313
did:plc:zvcyfczjofwrsvyjvlhckx4p	0.00586510264150028
did:plc:zvflwtetwctsbpealst3hapb	0.00586088687603397
did:plc:zvh2tx6vvqwhllz6svft7upc	0.00862068965861004
did:plc:zvnzbkhgxrsujwfz46ez42r3	0.0108803165268221
did:plc:zvp7y5viwzdr3v5zzwaz5xrk	0.00583358919474888
did:plc:zvpg4goimre3uve2zg7m5fzr	0.00730593607328599
did:plc:zvpofrjye75nhhqecmdkmmiu	0.00544437904705064
did:plc:zvqiqpbuihhgutsknxjpgqvu	0.00446038395568836
did:plc:zvuj5iz3tuh3wxqzdbkbayyu	0.00424651567967863
did:plc:zw6jq3hka6xwu7oggcwmydnv	0.00585262037997844
did:plc:zwctj6k5budofudxfqkcvk3s	0.00507018199353489
did:plc:zwx2qnposl55li7j32uksvns	0.00649953574906086
did:plc:zwyuxkmldctsbifj3u7g4esz	0.00422077922198209
did:plc:zwzqlrsdxqcyfpp6cht7b6ic	0.00835003341905807
did:plc:zxeurowtodsq6crs2yfqa47r	0.00413793103448317
did:plc:zxgcu6cq6cmaehqtxr7lyekd	0.00461228019693848
did:plc:zxicotluwxz65zmyruhew23k	0.00500730231944303
did:plc:zxim2355so5hdhl56ol4pf7j	0.0060022508461213
did:plc:zxjyqxsyxynezvow2r3s4zxj	0.00212397552819257
did:plc:zxmwcofexguy337pxffvbevs	0.00427114907711265
did:plc:zxs7v7kfpgqezuhzv6xywlg5	0.00786318066111298
did:plc:zxwrkpfth6wohuhjnxwxdjio	0.00508864084112544
did:plc:zxx6xsfcdrzt4vy2cm644m5m	0.00748502994538556
did:plc:zxxfqloy6nkb5gh7t545yban	0.00280898876421584
did:plc:zxyn7hhbubqobehikvot74rg	0.00302287581712902
did:plc:zxyyvyjozj57sq6nvzu7lpee	0.00411420022467116
did:plc:zyafbdinadf53vursezxjvjo	0.00902679830807373
did:plc:zydve7v2gajac3agmq2fe34a	0.00269745580892024
did:plc:zymkg36czkvirvla6uopttik	0.00370553359719726
did:plc:zyrweq7f4cmnyzshmy3ax5vh	0.00393700787431376
did:plc:zyt4s5rnvkut3xrkrfbkn2pr	0.0133333333342581
did:plc:zytrolbhzqsugfk66doeazrk	0.00482881456640126
did:plc:zyttsaxyr6vsimzadzpso4nz	0.00718294051746667
did:plc:zz3uyfmwyr2uoh2lqcodx5pr	0.00941422594405867
did:plc:zzl26ucqa2w7wumigjefqawh	0.00299492077694897
